date,years,log_price,fit,residual
2010-07-26,1.002053,-1.278528,-1.218519,-0.060009
2010-07-27,1.004791,-1.233629,-1.212347,-0.021282
2010-07-28,1.007529,-1.238730,-1.206189,-0.032541
2010-07-29,1.010267,-1.211237,-1.200045,-0.011192
2010-07-30,1.013005,-1.185380,-1.193915,0.008535
2010-07-31,1.015743,-1.207071,-1.187798,-0.019274
2010-08-01,1.018480,-1.217169,-1.181694,-0.035475
2010-08-02,1.021218,-1.211094,-1.175604,-0.035489
2010-08-03,1.023956,-1.212316,-1.169528,-0.042789
2010-08-04,1.026694,-1.216520,-1.163465,-0.053055
2010-08-05,1.029432,-1.221358,-1.157415,-0.063943
2010-08-06,1.032170,-1.207637,-1.151379,-0.056259
2010-08-07,1.034908,-1.217835,-1.145356,-0.072480
2010-08-08,1.037645,-1.220965,-1.139346,-0.081619
2010-08-09,1.040383,-1.187341,-1.133349,-0.053992
2010-08-10,1.043121,-1.159271,-1.127366,-0.031906
2010-08-11,1.045859,-1.160747,-1.121395,-0.039351
2010-08-12,1.048597,-1.171832,-1.115438,-0.056393
2010-08-13,1.051335,-1.183398,-1.109494,-0.073904
2010-08-14,1.054073,-1.177051,-1.103563,-0.073488
2010-08-15,1.056810,-1.182428,-1.097645,-0.084783
2010-08-16,1.059548,-1.185669,-1.091740,-0.093929
2010-08-17,1.062286,-1.175784,-1.085848,-0.089937
2010-08-18,1.065024,-1.158991,-1.079968,-0.079023
2010-08-19,1.067762,-1.171421,-1.074102,-0.097319
2010-08-20,1.070500,-1.180973,-1.068248,-0.112725
2010-08-21,1.073238,-1.183650,-1.062407,-0.121243
2010-08-22,1.075975,-1.197194,-1.056579,-0.140616
2010-08-23,1.078713,-1.187442,-1.050763,-0.136679
2010-08-24,1.081451,-1.182483,-1.044960,-0.137523
2010-08-25,1.084189,-1.184958,-1.039170,-0.145789
2010-08-26,1.086927,-1.189348,-1.033392,-0.155956
2010-08-27,1.089665,-1.191219,-1.027627,-0.163593
2010-08-28,1.092402,-1.188988,-1.021874,-0.167114
2010-08-29,1.095140,-1.191152,-1.016134,-0.175018
2010-08-30,1.097878,-1.200438,-1.010406,-0.190032
2010-08-31,1.100616,-1.200739,-1.004690,-0.196049
2010-09-01,1.103354,-1.215213,-0.998987,-0.216225
2010-09-02,1.106092,-1.214085,-0.993296,-0.220789
2010-09-03,1.108830,-1.209304,-0.987618,-0.221687
2010-09-04,1.111567,-1.211369,-0.981952,-0.229418
2010-09-05,1.114305,-1.207474,-0.976298,-0.231176
2010-09-06,1.117043,-1.209012,-0.970656,-0.238356
2010-09-07,1.119781,-1.212144,-0.965026,-0.247118
2010-09-08,1.122519,-1.213491,-0.959408,-0.254083
2010-09-09,1.125257,-1.211313,-0.953802,-0.257510
2010-09-10,1.127995,-1.215987,-0.948209,-0.267778
2010-09-11,1.130732,-1.202623,-0.942627,-0.259996
2010-09-12,1.133470,-1.209414,-0.937057,-0.272356
2010-09-13,1.136208,-1.209034,-0.931500,-0.277534
2010-09-14,1.138946,-1.191767,-0.925954,-0.265813
2010-09-15,1.141684,-1.213571,-0.920420,-0.293152
2010-09-16,1.144422,-1.208660,-0.914897,-0.293763
2010-09-17,1.147159,-1.217977,-0.909387,-0.308590
2010-09-18,1.149897,-1.219414,-0.903888,-0.315526
2010-09-19,1.152635,-1.208259,-0.898401,-0.309857
2010-09-20,1.155373,-1.204147,-0.892926,-0.311221
2010-09-21,1.158111,-1.201750,-0.887462,-0.314288
2010-09-22,1.160849,-1.206733,-0.882010,-0.324723
2010-09-23,1.163587,-1.205760,-0.876569,-0.329191
2010-09-24,1.166324,-1.206157,-0.871140,-0.335017
2010-09-25,1.169062,-1.207484,-0.865723,-0.341761
2010-09-26,1.171800,-1.207061,-0.860317,-0.346744
2010-09-27,1.174538,-1.206936,-0.854922,-0.352013
2010-09-28,1.177276,-1.207992,-0.849539,-0.358453
2010-09-29,1.180014,-1.208729,-0.844167,-0.364562
2010-09-30,1.182752,-1.209409,-0.838807,-0.370602
2010-10-01,1.185489,-1.207961,-0.833457,-0.374504
2010-10-02,1.188227,-1.211439,-0.828119,-0.383320
2010-10-03,1.190965,-1.212779,-0.822792,-0.389987
2010-10-04,1.193703,-1.213476,-0.817477,-0.395999
2010-10-05,1.196441,-1.210946,-0.812172,-0.398773
2010-10-06,1.199179,-1.202226,-0.806879,-0.395347
2010-10-07,1.201916,-1.194385,-0.801597,-0.392788
2010-10-08,1.204654,-1.115735,-0.796326,-0.319409
2010-10-09,1.207392,-1.071133,-0.791066,-0.280068
2010-10-10,1.210130,-1.015202,-0.785816,-0.229385
2010-10-11,1.212868,-1.021103,-0.780578,-0.240524
2010-10-12,1.215606,-1.037793,-0.775351,-0.262442
2010-10-13,1.218344,-1.018841,-0.770135,-0.248707
2010-10-14,1.221081,-1.000279,-0.764929,-0.235350
2010-10-15,1.223819,-0.993163,-0.759734,-0.233428
2010-10-16,1.226557,-0.993069,-0.754551,-0.238518
2010-10-17,1.229295,-0.989041,-0.749378,-0.239663
2010-10-18,1.232033,-0.992773,-0.744215,-0.248558
2010-10-19,1.234771,-0.999862,-0.739063,-0.260799
2010-10-20,1.237509,-1.010322,-0.733922,-0.276399
2010-10-21,1.240246,-0.994721,-0.728792,-0.265929
2010-10-22,1.242984,-0.979580,-0.723672,-0.255908
2010-10-23,1.245722,-0.965508,-0.718563,-0.246945
2010-10-24,1.248460,-0.910642,-0.713464,-0.197177
2010-10-25,1.251198,-0.886863,-0.708376,-0.178487
2010-10-26,1.253936,-0.808071,-0.703299,-0.104772
2010-10-27,1.256674,-0.757457,-0.698231,-0.059225
2010-10-28,1.259411,-0.733685,-0.693174,-0.040510
2010-10-29,1.262149,-0.734592,-0.688128,-0.046464
2010-10-30,1.264887,-0.720532,-0.683092,-0.037440
2010-10-31,1.267625,-0.711130,-0.678066,-0.033064
2010-11-01,1.270363,-0.719273,-0.673051,-0.046223
2010-11-02,1.273101,-0.714906,-0.668045,-0.046861
2010-11-03,1.275838,-0.739622,-0.663050,-0.076571
2010-11-04,1.278576,-0.679845,-0.658066,-0.021779
2010-11-05,1.281314,-0.628168,-0.653091,0.024923
2010-11-06,1.284052,-0.563113,-0.648126,0.085013
2010-11-07,1.286790,-0.442628,-0.643172,0.200544
2010-11-08,1.289528,-0.496265,-0.638228,0.141963
2010-11-09,1.292266,-0.586564,-0.633293,0.046730
2010-11-10,1.295003,-0.699427,-0.628369,-0.071058
2010-11-11,1.297741,-0.645351,-0.623455,-0.021896
2010-11-12,1.300479,-0.608745,-0.618551,0.009806
2010-11-13,1.303217,-0.554732,-0.613656,0.058924
2010-11-14,1.305955,-0.554094,-0.608772,0.054678
2010-11-15,1.308693,-0.556150,-0.603897,0.047747
2010-11-16,1.311431,-0.596388,-0.599032,0.002644
2010-11-17,1.314168,-0.601679,-0.594177,-0.007501
2010-11-18,1.316906,-0.597351,-0.589332,-0.008020
2010-11-19,1.319644,-0.565738,-0.584496,0.018759
2010-11-20,1.322382,-0.556570,-0.579671,0.023101
2010-11-21,1.325120,-0.556910,-0.574855,0.017945
2010-11-22,1.327858,-0.554676,-0.570048,0.015373
2010-11-23,1.330595,-0.549868,-0.565251,0.015384
2010-11-24,1.333333,-0.551416,-0.560464,0.009048
2010-11-25,1.336071,-0.551753,-0.555687,0.003934
2010-11-26,1.338809,-0.550418,-0.550918,0.000500
2010-11-27,1.341547,-0.548186,-0.546160,-0.002026
2010-11-28,1.344285,-0.555014,-0.541411,-0.013603
2010-11-29,1.347023,-0.590030,-0.536671,-0.053359
2010-11-30,1.349760,-0.666334,-0.531941,-0.134393
2010-12-01,1.352498,-0.660641,-0.527220,-0.133421
2010-12-02,1.355236,-0.626631,-0.522509,-0.104122
2010-12-03,1.357974,-0.606358,-0.517807,-0.088552
2010-12-04,1.360712,-0.618736,-0.513114,-0.105622
2010-12-05,1.363450,-0.673862,-0.508430,-0.165432
2010-12-06,1.366188,-0.701384,-0.503756,-0.197628
2010-12-07,1.368925,-0.679729,-0.499091,-0.180638
2010-12-08,1.371663,-0.636699,-0.494435,-0.142264
2010-12-09,1.374401,-0.687372,-0.489788,-0.197583
2010-12-10,1.377139,-0.712905,-0.485151,-0.227754
2010-12-11,1.379877,-0.657400,-0.480523,-0.176877
2010-12-12,1.382615,-0.663615,-0.475903,-0.187712
2010-12-13,1.385352,-0.656776,-0.471293,-0.185483
2010-12-14,1.388090,-0.641198,-0.466692,-0.174506
2010-12-15,1.390828,-0.616765,-0.462100,-0.154666
2010-12-16,1.393566,-0.620815,-0.457516,-0.163299
2010-12-17,1.396304,-0.609506,-0.452942,-0.156564
2010-12-18,1.399042,-0.607638,-0.448377,-0.159261
2010-12-19,1.401780,-0.610940,-0.443820,-0.167120
2010-12-20,1.404517,-0.592892,-0.439273,-0.153620
2010-12-21,1.407255,-0.588085,-0.434734,-0.153351
2010-12-22,1.409993,-0.604965,-0.430204,-0.174761
2010-12-23,1.412731,-0.604911,-0.425683,-0.179228
2010-12-24,1.415469,-0.603746,-0.421171,-0.182576
2010-12-25,1.418207,-0.603764,-0.416667,-0.187097
2010-12-26,1.420945,-0.592912,-0.412172,-0.180740
2010-12-27,1.423682,-0.589031,-0.407686,-0.181345
2010-12-28,1.426420,-0.568657,-0.403208,-0.165449
2010-12-29,1.429158,-0.537903,-0.398739,-0.139163
2010-12-30,1.431896,-0.529810,-0.394279,-0.135531
2010-12-31,1.434634,-0.527213,-0.389827,-0.137385
2011-01-01,1.437372,-0.527540,-0.385384,-0.142156
2011-01-02,1.440110,-0.527472,-0.380949,-0.146522
2011-01-03,1.442847,-0.532365,-0.376523,-0.155842
2011-01-04,1.445585,-0.530311,-0.372106,-0.158206
2011-01-05,1.448323,-0.529230,-0.367696,-0.161534
2011-01-06,1.451061,-0.527106,-0.363296,-0.163811
2011-01-07,1.453799,-0.504064,-0.358903,-0.145161
2011-01-08,1.456537,-0.501283,-0.354519,-0.146764
2011-01-09,1.459274,-0.490867,-0.350143,-0.140723
2011-01-10,1.462012,-0.486967,-0.345776,-0.141191
2011-01-11,1.464750,-0.486847,-0.341417,-0.145430
2011-01-12,1.467488,-0.478041,-0.337066,-0.140975
2011-01-13,1.470226,-0.434749,-0.332724,-0.102025
2011-01-14,1.472964,-0.426801,-0.328389,-0.098411
2011-01-15,1.475702,-0.406863,-0.324063,-0.082800
2011-01-16,1.478439,-0.404858,-0.319745,-0.085112
2011-01-17,1.481177,-0.421286,-0.315436,-0.105850
2011-01-18,1.483915,-0.475983,-0.311134,-0.164849
2011-01-19,1.486653,-0.506868,-0.306840,-0.200028
2011-01-20,1.489391,-0.466463,-0.302555,-0.163909
2011-01-21,1.492129,-0.406611,-0.298277,-0.108334
2011-01-22,1.494867,-0.376293,-0.294008,-0.082285
2011-01-23,1.497604,-0.359441,-0.289746,-0.069694
2011-01-24,1.500342,-0.387003,-0.285493,-0.101510
2011-01-25,1.503080,-0.380584,-0.281247,-0.099336
2011-01-26,1.505818,-0.387259,-0.277010,-0.110249
2011-01-27,1.508556,-0.382128,-0.272780,-0.109347
2011-01-28,1.511294,-0.364790,-0.268558,-0.096231
2011-01-29,1.514031,-0.355510,-0.264344,-0.091165
2011-01-30,1.516769,-0.334271,-0.260138,-0.074133
2011-01-31,1.519507,-0.299161,-0.255940,-0.043221
2011-02-01,1.522245,-0.169803,-0.251749,0.081946
2011-02-02,1.524983,-0.138724,-0.247567,0.108842
2011-02-03,1.527721,-0.146581,-0.243392,0.096810
2011-02-04,1.530459,-0.112253,-0.239224,0.126971
2011-02-05,1.533196,-0.057369,-0.235065,0.177696
2011-02-06,1.535934,-0.048091,-0.230913,0.182821
2011-02-07,1.538672,-0.059122,-0.226768,0.167647
2011-02-08,1.541410,-0.048685,-0.222632,0.173947
2011-02-09,1.544148,-0.031556,-0.218503,0.186947
2011-02-10,1.546886,0.014273,-0.214381,0.228654
2011-02-11,1.549624,-0.008160,-0.210267,0.202107
2011-02-12,1.552361,0.016917,-0.206161,0.223078
2011-02-13,1.555099,0.019073,-0.202062,0.221135
2011-02-14,1.557837,0.024990,-0.197970,0.222960
2011-02-15,1.560575,0.021352,-0.193886,0.215238
2011-02-16,1.563313,0.017040,-0.189810,0.206850
2011-02-17,1.566051,0.019582,-0.185741,0.205322
2011-02-18,1.568789,-0.000393,-0.181679,0.181286
2011-02-19,1.571526,-0.030536,-0.177624,0.147088
2011-02-20,1.574264,-0.061225,-0.173577,0.112352
2011-02-21,1.577002,-0.070227,-0.169538,0.099310
2011-02-22,1.579740,-0.063937,-0.165505,0.101568
2011-02-23,1.582478,-0.042629,-0.161480,0.118851
2011-02-24,1.585216,-0.024005,-0.157462,0.133457
2011-02-25,1.587953,-0.014352,-0.153452,0.139099
2011-02-26,1.590691,-0.025686,-0.149448,0.123762
2011-02-27,1.593429,-0.027454,-0.145452,0.117998
2011-02-28,1.596167,-0.048447,-0.141463,0.093015
2011-03-01,1.598905,-0.035885,-0.137481,0.101596
2011-03-02,1.601643,-0.034348,-0.133506,0.099158
2011-03-03,1.604381,-0.031299,-0.129538,0.098239
2011-03-04,1.607118,-0.038681,-0.125578,0.086897
2011-03-05,1.609856,-0.042696,-0.121624,0.078928
2011-03-06,1.612594,-0.071786,-0.117678,0.045892
2011-03-07,1.615332,-0.058269,-0.113738,0.055469
2011-03-08,1.618070,-0.059315,-0.109806,0.050491
2011-03-09,1.620808,-0.065679,-0.105880,0.040201
2011-03-10,1.623546,-0.062252,-0.101961,0.039710
2011-03-11,1.626283,-0.048146,-0.098050,0.049904
2011-03-12,1.629021,-0.046127,-0.094145,0.048018
2011-03-13,1.631759,-0.044803,-0.090247,0.045444
2011-03-14,1.634497,-0.050514,-0.086356,0.035843
2011-03-15,1.637235,-0.053972,-0.082472,0.028500
2011-03-16,1.639973,-0.064941,-0.078595,0.013654
2011-03-17,1.642710,-0.075759,-0.074724,-0.001035
2011-03-18,1.645448,-0.091851,-0.070861,-0.020990
2011-03-19,1.648186,-0.118059,-0.067004,-0.051056
2011-03-20,1.650924,-0.112978,-0.063153,-0.049825
2011-03-21,1.653662,-0.123104,-0.059310,-0.063794
2011-03-22,1.656400,-0.108533,-0.055473,-0.053060
2011-03-23,1.659138,-0.079643,-0.051643,-0.028000
2011-03-24,1.661875,-0.068248,-0.047820,-0.020428
2011-03-25,1.664613,-0.056911,-0.044003,-0.012909
2011-03-26,1.667351,-0.061335,-0.040193,-0.021143
2011-03-27,1.670089,-0.072670,-0.036389,-0.036281
2011-03-28,1.672827,-0.092874,-0.032592,-0.060282
2011-03-29,1.675565,-0.102999,-0.028802,-0.074198
2011-03-30,1.678303,-0.104068,-0.025018,-0.079050
2011-03-31,1.681040,-0.102777,-0.021240,-0.081537
2011-04-01,1.683778,-0.106811,-0.017470,-0.089341
2011-04-02,1.686516,-0.103747,-0.013705,-0.090041
2011-04-03,1.689254,-0.106628,-0.009947,-0.096681
2011-04-04,1.691992,-0.158436,-0.006196,-0.152240
2011-04-05,1.694730,-0.181766,-0.002451,-0.179315
2011-04-06,1.697467,-0.144798,0.001288,-0.146086
2011-04-07,1.700205,-0.122666,0.005020,-0.127685
2011-04-08,1.702943,-0.116127,0.008746,-0.124873
2011-04-09,1.705681,-0.125970,0.012465,-0.138435
2011-04-10,1.708419,-0.129783,0.016179,-0.145962
2011-04-11,1.711157,-0.119075,0.019885,-0.138960
2011-04-12,1.713895,-0.075647,0.023586,-0.099233
2011-04-13,1.716632,-0.036744,0.027280,-0.064024
2011-04-14,1.719370,-0.029382,0.030968,-0.060350
2011-04-15,1.722108,0.005622,0.034650,-0.029029
2011-04-16,1.724846,0.012946,0.038326,-0.025380
2011-04-17,1.727584,0.020580,0.041995,-0.021415
2011-04-18,1.730322,0.059444,0.045659,0.013785
2011-04-19,1.733060,0.069944,0.049316,0.020628
2011-04-20,1.735797,0.066391,0.052967,0.013424
2011-04-21,1.738535,0.066764,0.056612,0.010152
2011-04-22,1.741273,0.104799,0.060250,0.044548
2011-04-23,1.744011,0.166583,0.063883,0.102700
2011-04-24,1.746749,0.225489,0.067510,0.157979
2011-04-25,1.749487,0.202057,0.071130,0.130927
2011-04-26,1.752225,0.213562,0.074745,0.138817
2011-04-27,1.754962,0.268175,0.078353,0.189822
2011-04-28,1.757700,0.300867,0.081956,0.218911
2011-04-29,1.760438,0.395311,0.085552,0.309759
2011-04-30,1.763176,0.496919,0.089143,0.407776
2011-05-01,1.765914,0.522148,0.092728,0.429421
2011-05-02,1.768652,0.503564,0.096306,0.407257
2011-05-03,1.771389,0.516555,0.099879,0.416676
2011-05-04,1.774127,0.531005,0.103446,0.427559
2011-05-05,1.776865,0.532798,0.107007,0.425791
2011-05-06,1.779603,0.540937,0.110562,0.430374
2011-05-07,1.782341,0.551546,0.114112,0.437434
2011-05-08,1.785079,0.574559,0.117656,0.456904
2011-05-09,1.787817,0.580871,0.121193,0.459677
2011-05-10,1.790554,0.668326,0.124725,0.543601
2011-05-11,1.793292,0.747600,0.128252,0.619348
2011-05-12,1.796030,0.750826,0.131772,0.619054
2011-05-13,1.798768,0.872477,0.135287,0.737190
2011-05-14,1.801506,0.915840,0.138796,0.777044
2011-05-15,1.804244,0.824698,0.142299,0.682399
2011-05-16,1.806982,0.885589,0.145797,0.739792
2011-05-17,1.809719,0.881622,0.149289,0.732333
2011-05-18,1.812457,0.854031,0.152776,0.701255
2011-05-19,1.815195,0.843110,0.156257,0.686853
2011-05-20,1.817933,0.821201,0.159732,0.661469
2011-05-21,1.820671,0.769186,0.163201,0.605984
2011-05-22,1.823409,0.803414,0.166665,0.636748
2011-05-23,1.826146,0.849267,0.170124,0.679143
2011-05-24,1.828884,0.850140,0.173577,0.676563
2011-05-25,1.831622,0.869574,0.177024,0.692550
2011-05-26,1.834360,0.929881,0.180466,0.749414
2011-05-27,1.837098,0.938860,0.183903,0.754957
2011-05-28,1.839836,0.927047,0.187334,0.739713
2011-05-29,1.842574,0.917911,0.190759,0.727152
2011-05-30,1.845311,0.933482,0.194179,0.739303
2011-05-31,1.848049,0.948515,0.197594,0.750921
2011-06-01,1.850787,0.955605,0.201003,0.754602
2011-06-02,1.853525,1.001523,0.204407,0.797116
2011-06-03,1.856263,1.103465,0.207805,0.895660
2011-06-04,1.859001,1.210318,0.211199,0.999119
2011-06-05,1.861739,1.241685,0.214586,1.027098
2011-06-06,1.864476,1.261386,0.217969,1.043417
2011-06-07,1.867214,1.279363,0.221346,1.058018
2011-06-08,1.869952,1.435817,0.224718,1.211099
2011-06-09,1.872690,1.470349,0.228084,1.242264
2011-06-10,1.875428,1.423788,0.231446,1.192342
2011-06-11,1.878166,1.298497,0.234802,1.063695
2011-06-12,1.880903,1.220777,0.238153,0.982624
2011-06-13,1.883641,1.319316,0.241498,1.077818
2011-06-14,1.886379,1.283178,0.244839,1.038339
2011-06-15,1.889117,1.295607,0.248174,1.047433
2011-06-16,1.891855,1.284806,0.251504,1.033302
2011-06-17,1.894593,1.197179,0.254829,0.942350
2011-06-18,1.897331,1.200353,0.258149,0.942204
2011-06-19,1.900068,1.247464,0.261463,0.986001
2011-06-20,1.902806,1.146128,0.264773,0.881355
2011-06-21,1.905544,1.178977,0.268077,0.910900
2011-06-22,1.908282,1.209515,0.271377,0.938138
2011-06-23,1.911020,1.242790,0.274671,0.968119
2011-06-24,1.913758,1.243038,0.277960,0.965078
2011-06-25,1.916496,1.243038,0.281244,0.961794
2011-06-26,1.919233,1.243286,0.284524,0.958763
2011-06-27,1.921971,1.230704,0.287798,0.942906
2011-06-28,1.924709,1.217484,0.291067,0.926417
2011-06-29,1.927447,1.204120,0.294331,0.909789
2011-06-30,1.930185,1.190332,0.297591,0.892741
2011-07-01,1.932923,1.176091,0.300845,0.875246
2011-07-02,1.935661,1.161368,0.304094,0.857274
2011-07-03,1.938398,1.149219,0.307339,0.841880
2011-07-04,1.941136,1.120574,0.310579,0.809995
2011-07-05,1.943874,1.107930,0.313813,0.794117
2011-07-06,1.946612,1.168694,0.317043,0.851651
2011-07-07,1.949350,1.152546,0.320268,0.832278
2011-07-08,1.952088,1.158203,0.323488,0.834715
2011-07-09,1.954825,1.161218,0.326704,0.834515
2011-07-10,1.957563,1.176716,0.329914,0.846802
2011-07-11,1.960301,1.146645,0.333120,0.813525
2011-07-12,1.963039,1.143795,0.336321,0.807474
2011-07-13,1.965777,1.143639,0.339517,0.804122
2011-07-14,1.968515,1.146912,0.342708,0.804203
2011-07-15,1.971253,1.155829,0.345895,0.809934
2011-07-16,1.973990,1.130334,0.349077,0.781257
2011-07-17,1.976728,1.128902,0.352254,0.776647
2011-07-18,1.979466,1.130583,0.355427,0.775156
2011-07-19,1.982204,1.134951,0.358595,0.776356
2011-07-20,1.984942,1.136456,0.361758,0.774698
2011-07-21,1.987680,1.141081,0.364916,0.776165
2011-07-22,1.990418,1.139407,0.368070,0.771337
2011-07-23,1.993155,1.135451,0.371219,0.764231
2011-07-24,1.995893,1.139710,0.374364,0.765346
2011-07-25,1.998631,1.149166,0.377504,0.771662
2011-07-26,2.001369,1.148808,0.380640,0.768168
2011-07-27,2.004107,1.145156,0.383770,0.761385
2011-07-28,2.006845,1.136568,0.386897,0.749672
2011-07-29,2.009582,1.132590,0.390018,0.742571
2011-07-30,2.012320,1.135659,0.393136,0.742523
2011-07-31,2.015058,1.128719,0.396248,0.732471
2011-08-01,2.017796,1.121687,0.399356,0.722331
2011-08-02,2.020534,1.102539,0.402460,0.700079
2011-08-03,2.023272,1.028237,0.405559,0.622678
2011-08-04,2.026010,1.030760,0.408654,0.622106
2011-08-05,2.028747,1.028215,0.411744,0.616470
2011-08-06,2.031485,0.949451,0.414830,0.534621
2011-08-07,2.034223,0.907215,0.417911,0.489304
2011-08-08,2.036961,0.903137,0.420988,0.482149
2011-08-09,2.039699,0.983302,0.424061,0.559241
2011-08-10,2.042437,1.003643,0.427129,0.576514
2011-08-11,2.045175,0.991296,0.430193,0.561104
2011-08-12,2.047912,0.972440,0.433252,0.539188
2011-08-13,2.050650,0.986671,0.436307,0.550363
2011-08-14,2.053388,1.017735,0.439358,0.578377
2011-08-15,2.056126,1.046896,0.442405,0.604492
2011-08-16,2.058864,1.043208,0.445447,0.597761
2011-08-17,2.061602,1.038900,0.448484,0.590416
2011-08-18,2.064339,1.038684,0.451518,0.587166
2011-08-19,2.067077,1.053710,0.454547,0.599163
2011-08-20,2.069815,1.059845,0.457572,0.602273
2011-08-21,2.072553,1.055473,0.460593,0.594880
2011-08-22,2.075291,1.045863,0.463609,0.582254
2011-08-23,2.078029,1.042333,0.466621,0.575712
2011-08-24,2.080767,1.038485,0.469629,0.568856
2011-08-25,2.083504,1.011590,0.472633,0.538957
2011-08-26,2.086242,1.001759,0.475633,0.526126
2011-08-27,2.088980,0.937910,0.478628,0.459282
2011-08-28,2.091718,0.945600,0.481619,0.463980
2011-08-29,2.094456,0.951035,0.484606,0.466429
2011-08-30,2.097194,0.945776,0.487589,0.458187
2011-08-31,2.099932,0.927317,0.490568,0.436749
2011-09-01,2.102669,0.915291,0.493543,0.421748
2011-09-02,2.105407,0.926371,0.496513,0.429858
2011-09-03,2.108145,0.931429,0.499480,0.431949
2011-09-04,2.110883,0.915983,0.502442,0.413541
2011-09-05,2.113621,0.884934,0.505400,0.379533
2011-09-06,2.116359,0.832968,0.508355,0.324613
2011-09-07,2.119097,0.849237,0.511305,0.337933
2011-09-08,2.121834,0.836796,0.514251,0.322545
2011-09-09,2.124572,0.726035,0.517193,0.208842
2011-09-10,2.127310,0.708197,0.520131,0.188065
2011-09-11,2.130048,0.761526,0.523065,0.238461
2011-09-12,2.132786,0.790924,0.525995,0.264928
2011-09-13,2.135524,0.778398,0.528921,0.249477
2011-09-14,2.138261,0.751100,0.531844,0.219257
2011-09-15,2.140999,0.714891,0.534762,0.180129
2011-09-16,2.143737,0.687961,0.537676,0.150285
2011-09-17,2.146475,0.690684,0.540586,0.150098
2011-09-18,2.149213,0.694873,0.543493,0.151381
2011-09-19,2.151951,0.706258,0.546395,0.159863
2011-09-20,2.154689,0.756764,0.549294,0.207471
2011-09-21,2.157426,0.755655,0.552188,0.203467
2011-09-22,2.160164,0.749070,0.555079,0.193991
2011-09-23,2.162902,0.751276,0.557966,0.193310
2011-09-24,2.165640,0.750194,0.560849,0.189345
2011-09-25,2.168378,0.758772,0.563728,0.195043
2011-09-26,2.171116,0.739679,0.566604,0.173076
2011-09-27,2.173854,0.689994,0.569475,0.120519
2011-09-28,2.176591,0.686656,0.572343,0.114313
2011-09-29,2.179329,0.680327,0.575207,0.105121
2011-09-30,2.182067,0.701617,0.578067,0.123550
2011-10-01,2.184805,0.698345,0.580923,0.117422
2011-10-02,2.187543,0.697900,0.583776,0.114124
2011-10-03,2.190281,0.690517,0.586624,0.103893
2011-10-04,2.193018,0.695070,0.589469,0.105601
2011-10-05,2.195756,0.703475,0.592311,0.111165
2011-10-06,2.198494,0.684105,0.595148,0.088957
2011-10-07,2.201232,0.658275,0.597982,0.060292
2011-10-08,2.203970,0.627661,0.600812,0.026849
2011-10-09,2.206708,0.605031,0.603639,0.001392
2011-10-10,2.209446,0.621341,0.606461,0.014879
2011-10-11,2.212183,0.626613,0.609280,0.017333
2011-10-12,2.214921,0.599466,0.612096,-0.012630
2011-10-13,2.217659,0.606154,0.614908,-0.008753
2011-10-14,2.220397,0.606660,0.617716,-0.011056
2011-10-15,2.223135,0.594692,0.620520,-0.025828
2011-10-16,2.225873,0.571667,0.623321,-0.051653
2011-10-17,2.228611,0.543452,0.626118,-0.082666
2011-10-18,2.231348,0.416451,0.628911,-0.212460
2011-10-19,2.234086,0.377827,0.631701,-0.253874
2011-10-20,2.236824,0.359552,0.634488,-0.274936
2011-10-21,2.239562,0.385021,0.637271,-0.252250
2011-10-22,2.242300,0.479018,0.640050,-0.161031
2011-10-23,2.245038,0.490263,0.642825,-0.152562
2011-10-24,2.247775,0.466129,0.645598,-0.179468
2011-10-25,2.250513,0.437114,0.648366,-0.211252
2011-10-26,2.253251,0.438489,0.651131,-0.212642
2011-10-27,2.255989,0.459365,0.653893,-0.194528
2011-10-28,2.258727,0.527189,0.656651,-0.129462
2011-10-29,2.261465,0.573290,0.659405,-0.086115
2011-10-30,2.264203,0.540396,0.662156,-0.121760
2011-10-31,2.266940,0.509066,0.664904,-0.155838
2011-11-01,2.269678,0.507635,0.667648,-0.160013
2011-11-02,2.272416,0.510185,0.670388,-0.160203
2011-11-03,2.275154,0.510889,0.673125,-0.162236
2011-11-04,2.277892,0.512574,0.675859,-0.163285
2011-11-05,2.280630,0.485914,0.678589,-0.192676
2011-11-06,2.283368,0.470827,0.681316,-0.210489
2011-11-07,2.286105,0.476068,0.684040,-0.207972
2011-11-08,2.288843,0.494450,0.686760,-0.192310
2011-11-09,2.291581,0.489838,0.689476,-0.199639
2011-11-10,2.294319,0.489377,0.692189,-0.202812
2011-11-11,2.297057,0.492898,0.694899,-0.202001
2011-11-12,2.299795,0.501757,0.697606,-0.195849
2011-11-13,2.302533,0.497553,0.700309,-0.202756
2011-11-14,2.305270,0.423276,0.703008,-0.279732
2011-11-15,2.308008,0.412676,0.705705,-0.293029
2011-11-16,2.310746,0.410546,0.708398,-0.297852
2011-11-17,2.313484,0.407825,0.711088,-0.303262
2011-11-18,2.316222,0.370769,0.713774,-0.343005
2011-11-19,2.318960,0.363463,0.716457,-0.352994
2011-11-20,2.321697,0.352988,0.719137,-0.366149
2011-11-21,2.324435,0.375241,0.721813,-0.346573
2011-11-22,2.327173,0.374579,0.724487,-0.349908
2011-11-23,2.329911,0.353459,0.727157,-0.373698
2011-11-24,2.332649,0.404636,0.729823,-0.325187
2011-11-25,2.335387,0.610460,0.732487,-0.122027
2011-11-26,2.338125,0.402164,0.735147,-0.332983
2011-11-27,2.340862,0.391387,0.737804,-0.346417
2011-11-28,2.343600,0.417610,0.740457,-0.322848
2011-11-29,2.346338,0.458557,0.743108,-0.284551
2011-11-30,2.349076,0.467541,0.745755,-0.278214
2011-12-01,2.351814,0.509490,0.748399,-0.238910
2011-12-02,2.354552,0.494236,0.751040,-0.256804
2011-12-03,2.357290,0.471871,0.753678,-0.281807
2011-12-04,2.360027,0.442441,0.756312,-0.313871
2011-12-05,2.362765,0.458540,0.758944,-0.300403
2011-12-06,2.365503,0.475574,0.761572,-0.285998
2011-12-07,2.368241,0.491104,0.764197,-0.273092
2011-12-08,2.370979,0.491214,0.766819,-0.275605
2011-12-09,2.373717,0.475438,0.769437,-0.293999
2011-12-10,2.376454,0.488294,0.772053,-0.283759
2011-12-11,2.379192,0.505501,0.774665,-0.269164
2011-12-12,2.381930,0.526694,0.777275,-0.250580
2011-12-13,2.384668,0.514922,0.779881,-0.264959
2011-12-14,2.387406,0.517570,0.782484,-0.264914
2011-12-15,2.390144,0.520237,0.785084,-0.264847
2011-12-16,2.392882,0.516362,0.787681,-0.271319
2011-12-17,2.395619,0.522692,0.790275,-0.267583
2011-12-18,2.398357,0.526606,0.792866,-0.266260
2011-12-19,2.401095,0.559051,0.795454,-0.236403
2011-12-20,2.403833,0.630325,0.798038,-0.167713
2011-12-21,2.406571,0.617811,0.800620,-0.182809
2011-12-22,2.409309,0.603232,0.803199,-0.199967
2011-12-23,2.412047,0.606196,0.805774,-0.199578
2011-12-24,2.414784,0.625384,0.808347,-0.182962
2011-12-25,2.417522,0.623440,0.810916,-0.187477
2011-12-26,2.420260,0.627434,0.813483,-0.186049
2011-12-27,2.422998,0.618665,0.816046,-0.197382
2011-12-28,2.425736,0.630903,0.818607,-0.187704
2011-12-29,2.428474,0.630920,0.821165,-0.190245
2011-12-30,2.431211,0.638971,0.823719,-0.184748
2011-12-31,2.433949,0.650744,0.826271,-0.175527
2012-01-01,2.436687,0.689364,0.828820,-0.139455
2012-01-02,2.439425,0.711536,0.831365,-0.119829
2012-01-03,2.442163,0.711069,0.833908,-0.122839
2012-01-04,2.444901,0.716471,0.836448,-0.119977
2012-01-05,2.447639,0.785671,0.838985,-0.053314
2012-01-06,2.450376,0.821663,0.841519,-0.019856
2012-01-07,2.453114,0.829669,0.844050,-0.014381
2012-01-08,2.455852,0.844720,0.846578,-0.001858
2012-01-09,2.458590,0.825083,0.849104,-0.024021
2012-01-10,2.461328,0.812664,0.851626,-0.038962
2012-01-11,2.464066,0.838225,0.854145,-0.015921
2012-01-12,2.466804,0.837935,0.856662,-0.018727
2012-01-13,2.469541,0.827745,0.859176,-0.031431
2012-01-14,2.472279,0.813565,0.861687,-0.048122
2012-01-15,2.475017,0.844930,0.864195,-0.019264
2012-01-16,2.477755,0.830472,0.866700,-0.036228
2012-01-17,2.480493,0.814218,0.869202,-0.054985
2012-01-18,2.483231,0.783342,0.871702,-0.088360
2012-01-19,2.485969,0.792764,0.874199,-0.081434
2012-01-20,2.488706,0.821322,0.876692,-0.055370
2012-01-21,2.491444,0.805629,0.879183,-0.073555
2012-01-22,2.494182,0.804388,0.881672,-0.077283
2012-01-23,2.496920,0.802246,0.884157,-0.081911
2012-01-24,2.499658,0.805718,0.886640,-0.080922
2012-01-25,2.502396,0.797249,0.889120,-0.091870
2012-01-26,2.505133,0.768741,0.891597,-0.122856
2012-01-27,2.507871,0.729180,0.894071,-0.164891
2012-01-28,2.510609,0.714497,0.896542,-0.182045
2012-01-29,2.513347,0.744853,0.899011,-0.154158
2012-01-30,2.516085,0.741848,0.901477,-0.159630
2012-01-31,2.518823,0.749870,0.903940,-0.154070
2012-02-01,2.521561,0.758328,0.906401,-0.148073
2012-02-02,2.524298,0.785652,0.908859,-0.123207
2012-02-03,2.527036,0.786808,0.911314,-0.124506
2012-02-04,2.529774,0.779497,0.913766,-0.134269
2012-02-05,2.532512,0.759511,0.916216,-0.156705
2012-02-06,2.535250,0.744707,0.918663,-0.173956
2012-02-07,2.537988,0.750442,0.921107,-0.170665
2012-02-08,2.540726,0.747789,0.923548,-0.175759
2012-02-09,2.543463,0.758484,0.925987,-0.167503
2012-02-10,2.546201,0.769863,0.928423,-0.158560
2012-02-11,2.548939,0.757687,0.930857,-0.173170
2012-02-12,2.551677,0.752899,0.933288,-0.180389
2012-02-13,2.554415,0.744869,0.935716,-0.190847
2012-02-14,2.557153,0.693901,0.938141,-0.244240
2012-02-15,2.559890,0.683621,0.940564,-0.256943
2012-02-16,2.562628,0.654676,0.942984,-0.288308
2012-02-17,2.565366,0.666856,0.945402,-0.278545
2012-02-18,2.568104,0.643496,0.947816,-0.304321
2012-02-19,2.570842,0.635217,0.950229,-0.315012
2012-02-20,2.573580,0.648144,0.952638,-0.304494
2012-02-21,2.576318,0.645346,0.955045,-0.309700
2012-02-22,2.579055,0.651987,0.957450,-0.305463
2012-02-23,2.581793,0.682873,0.959852,-0.276979
2012-02-24,2.584531,0.702543,0.962251,-0.259708
2012-02-25,2.587269,0.697390,0.964647,-0.267258
2012-02-26,2.590007,0.691747,0.967042,-0.275295
2012-02-27,2.592745,0.699923,0.969433,-0.269510
2012-02-28,2.595483,0.694918,0.971822,-0.276904
2012-02-29,2.598220,0.691777,0.974208,-0.282431
2012-03-01,2.600958,0.695682,0.976592,-0.280910
2012-03-02,2.603696,0.677986,0.978973,-0.300987
2012-03-03,2.606434,0.675581,0.981352,-0.305771
2012-03-04,2.609172,0.678577,0.983728,-0.305151
2012-03-05,2.611910,0.692247,0.986102,-0.293855
2012-03-06,2.614648,0.697905,0.988473,-0.290567
2012-03-07,2.617385,0.698999,0.990841,-0.291842
2012-03-08,2.620123,0.693517,0.993207,-0.299690
2012-03-09,2.622861,0.695502,0.995571,-0.300069
2012-03-10,2.625599,0.688926,0.997931,-0.309006
2012-03-11,2.628337,0.690797,1.000290,-0.309493
2012-03-12,2.631075,0.693420,1.002646,-0.309226
2012-03-13,2.633812,0.707001,1.004999,-0.297998
2012-03-14,2.636550,0.729518,1.007350,-0.277833
2012-03-15,2.639288,0.727218,1.009699,-0.282481
2012-03-16,2.642026,0.726093,1.012045,-0.285952
2012-03-17,2.644764,0.729558,1.014388,-0.284831
2012-03-18,2.647502,0.724850,1.016730,-0.291879
2012-03-19,2.650240,0.705690,1.019068,-0.313378
2012-03-20,2.652977,0.686162,1.021404,-0.335242
2012-03-21,2.655715,0.688882,1.023738,-0.334856
2012-03-22,2.658453,0.684583,1.026069,-0.341486
2012-03-23,2.661191,0.676331,1.028398,-0.352067
2012-03-24,2.663929,0.673559,1.030725,-0.357165
2012-03-25,2.666667,0.666518,1.033049,-0.366531
2012-03-26,2.669405,0.666121,1.035370,-0.369249
2012-03-27,2.672142,0.674801,1.037689,-0.362888
2012-03-28,2.674880,0.682866,1.040006,-0.357140
2012-03-29,2.677618,0.682122,1.042320,-0.360199
2012-03-30,2.680356,0.683242,1.044632,-0.361390
2012-03-31,2.683094,0.690387,1.046942,-0.356555
2012-04-01,2.685832,0.684495,1.049249,-0.364754
2012-04-02,2.688569,0.691411,1.051554,-0.360142
2012-04-03,2.691307,0.694474,1.053856,-0.359382
2012-04-04,2.694045,0.693671,1.056156,-0.362485
2012-04-05,2.696783,0.693618,1.058453,-0.364835
2012-04-06,2.699521,0.694115,1.060749,-0.366634
2012-04-07,2.702259,0.684210,1.063042,-0.378832
2012-04-08,2.704997,0.677284,1.065332,-0.388048
2012-04-09,2.707734,0.679659,1.067620,-0.387961
2012-04-10,2.710472,0.683865,1.069906,-0.386041
2012-04-11,2.713210,0.684330,1.072190,-0.387859
2012-04-12,2.715948,0.688904,1.074471,-0.385567
2012-04-13,2.718686,0.689193,1.076750,-0.387556
2012-04-14,2.721424,0.694707,1.079026,-0.384319
2012-04-15,2.724162,0.693222,1.081300,-0.388079
2012-04-16,2.726899,0.694700,1.083572,-0.388872
2012-04-17,2.729637,0.696307,1.085842,-0.389535
2012-04-18,2.732375,0.708046,1.088109,-0.380063
2012-04-19,2.735113,0.711734,1.090374,-0.378640
2012-04-20,2.737851,0.716548,1.092636,-0.376089
2012-04-21,2.740589,0.722795,1.094897,-0.372102
2012-04-22,2.743326,0.716432,1.097155,-0.380723
2012-04-23,2.746064,0.713296,1.099410,-0.386115
2012-04-24,2.748802,0.706395,1.101664,-0.395269
2012-04-25,2.751540,0.707732,1.103915,-0.396183
2012-04-26,2.754278,0.705555,1.106164,-0.400609
2012-04-27,2.757016,0.714885,1.108411,-0.393526
2012-04-28,2.759754,0.697452,1.110655,-0.413203
2012-04-29,2.762491,0.692307,1.112897,-0.420591
2012-04-30,2.765229,0.695134,1.115137,-0.420004
2012-05-01,2.767967,0.695605,1.117375,-0.421770
2012-05-02,2.770705,0.708753,1.119610,-0.410857
2012-05-03,2.773443,0.706133,1.121843,-0.415711
2012-05-04,2.776181,0.710701,1.124074,-0.413374
2012-05-05,2.778919,0.707892,1.126303,-0.418411
2012-05-06,2.781656,0.704070,1.128529,-0.424460
2012-05-07,2.784394,0.702703,1.130754,-0.428051
2012-05-08,2.787132,0.702547,1.132976,-0.430429
2012-05-09,2.789870,0.707708,1.135196,-0.427488
2012-05-10,2.792608,0.699715,1.137413,-0.437698
2012-05-11,2.795346,0.699020,1.139629,-0.440609
2012-05-12,2.798084,0.693183,1.141842,-0.448659
2012-05-13,2.800821,0.693647,1.144053,-0.450406
2012-05-14,2.803559,0.693085,1.146262,-0.453177
2012-05-15,2.806297,0.695090,1.148468,-0.453378
2012-05-16,2.809035,0.698450,1.150673,-0.452223
2012-05-17,2.811773,0.699799,1.152875,-0.453075
2012-05-18,2.814511,0.703026,1.155075,-0.452049
2012-05-19,2.817248,0.705380,1.157273,-0.451893
2012-05-20,2.819986,0.709436,1.159469,-0.450032
2012-05-21,2.822724,0.704543,1.161662,-0.457120
2012-05-22,2.825462,0.703837,1.163854,-0.460017
2012-05-23,2.828200,0.707323,1.166043,-0.458720
2012-05-24,2.830938,0.706360,1.168230,-0.461870
2012-05-25,2.833676,0.706699,1.170415,-0.463716
2012-05-26,2.836413,0.705935,1.172598,-0.466662
2012-05-27,2.839151,0.708116,1.174779,-0.466662
2012-05-28,2.841889,0.706289,1.176957,-0.470668
2012-05-29,2.844627,0.705855,1.179134,-0.473279
2012-05-30,2.847365,0.707122,1.181308,-0.474186
2012-05-31,2.850103,0.708359,1.183480,-0.475121
2012-06-01,2.852841,0.714881,1.185650,-0.470769
2012-06-02,2.855578,0.714250,1.187818,-0.473568
2012-06-03,2.858316,0.713596,1.189984,-0.476388
2012-06-04,2.861054,0.713705,1.192148,-0.478443
2012-06-05,2.863792,0.723713,1.194309,-0.470597
2012-06-06,2.866530,0.730640,1.196469,-0.465829
2012-06-07,2.869268,0.735489,1.198626,-0.463137
2012-06-08,2.872005,0.744421,1.200782,-0.456361
2012-06-09,2.874743,0.745497,1.202935,-0.457438
2012-06-10,2.877481,0.738717,1.205086,-0.466369
2012-06-11,2.880219,0.739123,1.207235,-0.468112
2012-06-12,2.882957,0.748107,1.209382,-0.461276
2012-06-13,2.885695,0.764081,1.211527,-0.447446
2012-06-14,2.888433,0.767658,1.213670,-0.446012
2012-06-15,2.891170,0.773052,1.215811,-0.442758
2012-06-16,2.893908,0.800516,1.217950,-0.417433
2012-06-17,2.896646,0.801294,1.220086,-0.418792
2012-06-18,2.899384,0.794929,1.222221,-0.427292
2012-06-19,2.902122,0.805786,1.224353,-0.418568
2012-06-20,2.904860,0.816131,1.226484,-0.410353
2012-06-21,2.907598,0.822533,1.228612,-0.406079
2012-06-22,2.910335,0.816242,1.230739,-0.414496
2012-06-23,2.913073,0.810551,1.232863,-0.422312
2012-06-24,2.915811,0.802089,1.234986,-0.432897
2012-06-25,2.918549,0.799841,1.237106,-0.437265
2012-06-26,2.921287,0.800092,1.239224,-0.439133
2012-06-27,2.924025,0.810377,1.241341,-0.430964
2012-06-28,2.926762,0.811145,1.243455,-0.432310
2012-06-29,2.929500,0.823771,1.245567,-0.421796
2012-06-30,2.932238,0.816643,1.247678,-0.431034
2012-07-01,2.934976,0.816407,1.249786,-0.433379
2012-07-02,2.937714,0.828034,1.251892,-0.423858
2012-07-03,2.940452,0.815813,1.253996,-0.438184
2012-07-04,2.943190,0.813124,1.256098,-0.442975
2012-07-05,2.945927,0.819031,1.258199,-0.439167
2012-07-06,2.948665,0.816890,1.260297,-0.443407
2012-07-07,2.951403,0.822641,1.262393,-0.439752
2012-07-08,2.954141,0.825199,1.264488,-0.439289
2012-07-09,2.956879,0.830922,1.266580,-0.435658
2012-07-10,2.959617,0.852474,1.268670,-0.416196
2012-07-11,2.962355,0.854512,1.270758,-0.416246
2012-07-12,2.965092,0.854944,1.272845,-0.417900
2012-07-13,2.967830,0.877344,1.274929,-0.397585
2012-07-14,2.970568,0.876722,1.277012,-0.400290
2012-07-15,2.973306,0.886295,1.279092,-0.392797
2012-07-16,2.976044,0.891202,1.281171,-0.389969
2012-07-17,2.978782,0.916458,1.283247,-0.366789
2012-07-18,2.981520,0.946219,1.285322,-0.339103
2012-07-19,2.984257,0.953530,1.287394,-0.333864
2012-07-20,2.986995,0.917868,1.289465,-0.371597
2012-07-21,2.989733,0.935907,1.291534,-0.355627
2012-07-22,2.992471,0.932730,1.293601,-0.360871
2012-07-23,2.995209,0.933857,1.295666,-0.361809
2012-07-24,2.997947,0.932781,1.297728,-0.364948
2012-07-25,3.000684,0.926695,1.299789,-0.373094
2012-07-26,3.003422,0.934351,1.301849,-0.367498
2012-07-27,3.006160,0.942713,1.303906,-0.361192
2012-07-28,3.008898,0.944820,1.305961,-0.361141
2012-07-29,3.011636,0.940831,1.308014,-0.367184
2012-07-30,3.014374,0.944302,1.310066,-0.365764
2012-07-31,3.017112,0.960092,1.312115,-0.352023
2012-08-01,3.019849,0.973273,1.314163,-0.340889
2012-08-02,3.022587,0.986905,1.316208,-0.329304
2012-08-03,3.025325,1.023193,1.318252,-0.295059
2012-08-04,3.028063,1.040098,1.320294,-0.280196
2012-08-05,3.030801,1.020653,1.322334,-0.301681
2012-08-06,3.033539,1.033272,1.324372,-0.291100
2012-08-07,3.036277,1.035326,1.326408,-0.291082
2012-08-08,3.039014,1.042307,1.328442,-0.286135
2012-08-09,3.041752,1.049125,1.330475,-0.281350
2012-08-10,3.044490,1.050160,1.332505,-0.282346
2012-08-11,3.047228,1.056588,1.334534,-0.277946
2012-08-12,3.049966,1.061471,1.336560,-0.275090
2012-08-13,3.052704,1.067461,1.338585,-0.271125
2012-08-14,3.055441,1.078773,1.340608,-0.261836
2012-08-15,3.058179,1.098240,1.342629,-0.244390
2012-08-16,3.060917,1.122804,1.344649,-0.221844
2012-08-17,3.063655,1.140024,1.346666,-0.206642
2012-08-18,3.066393,1.077500,1.348682,-0.271181
2012-08-19,3.069131,0.990806,1.350695,-0.359889
2012-08-20,3.071869,0.982201,1.352707,-0.370506
2012-08-21,3.074606,1.005690,1.354717,-0.349027
2012-08-22,3.077344,1.001104,1.356725,-0.355621
2012-08-23,3.080082,1.000644,1.358731,-0.358087
2012-08-24,3.082820,1.009266,1.360736,-0.351470
2012-08-25,3.085558,1.021815,1.362738,-0.340923
2012-08-26,3.088296,1.023637,1.364739,-0.341101
2012-08-27,3.091034,1.049804,1.366738,-0.316933
2012-08-28,3.093771,1.040959,1.368735,-0.327776
2012-08-29,3.096509,1.033659,1.370730,-0.337070
2012-08-30,3.099247,1.031645,1.372723,-0.341078
2012-08-31,3.101985,1.018037,1.374715,-0.356678
2012-09-01,3.104723,1.001832,1.376704,-0.374872
2012-09-02,3.107461,1.000900,1.378692,-0.377792
2012-09-03,3.110198,1.010848,1.380678,-0.369831
2012-09-04,3.112936,1.013896,1.382663,-0.368767
2012-09-05,3.115674,1.019270,1.384645,-0.365375
2012-09-06,3.118412,1.036331,1.386626,-0.350294
2012-09-07,3.121150,1.048518,1.388604,-0.340086
2012-09-08,3.123888,1.041244,1.390581,-0.349338
2012-09-09,3.126626,1.043727,1.392557,-0.348830
2012-09-10,3.129363,1.040868,1.394530,-0.353662
2012-09-11,3.132101,1.042871,1.396501,-0.353631
2012-09-12,3.134839,1.048433,1.398471,-0.350038
2012-09-13,3.137577,1.051407,1.400439,-0.349032
2012-09-14,3.140315,1.061666,1.402405,-0.340739
2012-09-15,3.143053,1.063380,1.404370,-0.340990
2012-09-16,3.145791,1.073319,1.406332,-0.333014
2012-09-17,3.148528,1.071447,1.408293,-0.336846
2012-09-18,3.151266,1.076341,1.410252,-0.333911
2012-09-19,3.154004,1.089412,1.412209,-0.322797
2012-09-20,3.156742,1.098594,1.414165,-0.315571
2012-09-21,3.159480,1.089611,1.416118,-0.326507
2012-09-22,3.162218,1.086723,1.418070,-0.331347
2012-09-23,3.164956,1.080845,1.420020,-0.339175
2012-09-24,3.167693,1.078540,1.421969,-0.343429
2012-09-25,3.170431,1.078389,1.423915,-0.345526
2012-09-26,3.173169,1.081860,1.425860,-0.344000
2012-09-27,3.175907,1.086906,1.427803,-0.340897
2012-09-28,3.178645,1.088822,1.429745,-0.340923
2012-09-29,3.181383,1.091326,1.431684,-0.340358
2012-09-30,3.184120,1.089586,1.433622,-0.344036
2012-10-01,3.186858,1.087364,1.435558,-0.348194
2012-10-02,3.189596,1.095690,1.437492,-0.341802
2012-10-03,3.192334,1.107227,1.439425,-0.332197
2012-10-04,3.195072,1.107841,1.441355,-0.333514
2012-10-05,3.197810,1.102384,1.443284,-0.340901
2012-10-06,3.200548,1.099610,1.445212,-0.345601
2012-10-07,3.203285,1.084026,1.447137,-0.363111
2012-10-08,3.206023,1.057238,1.449061,-0.391823
2012-10-09,3.208761,1.075314,1.450983,-0.375669
2012-10-10,3.211499,1.080885,1.452903,-0.372018
2012-10-11,3.214237,1.080290,1.454822,-0.374532
2012-10-12,3.216975,1.080433,1.456739,-0.376306
2012-10-13,3.219713,1.078487,1.458654,-0.380167
2012-10-14,3.222450,1.075701,1.460567,-0.384866
2012-10-15,3.225188,1.066422,1.462479,-0.396057
2012-10-16,3.227926,1.069736,1.464389,-0.394653
2012-10-17,3.230664,1.072696,1.466297,-0.393601
2012-10-18,3.233402,1.073473,1.468203,-0.394730
2012-10-19,3.236140,1.071684,1.470108,-0.398424
2012-10-20,3.238877,1.066742,1.472011,-0.405269
2012-10-21,3.241615,1.064807,1.473912,-0.409105
2012-10-22,3.244353,1.063124,1.475812,-0.412688
2012-10-23,3.247091,1.066211,1.477710,-0.411499
2012-10-24,3.249829,1.062686,1.479606,-0.416920
2012-10-25,3.252567,1.044500,1.481501,-0.437000
2012-10-26,3.255305,1.016982,1.483393,-0.466411
2012-10-27,3.258042,1.009293,1.485284,-0.475991
2012-10-28,3.260780,1.006864,1.487174,-0.480310
2012-10-29,3.263518,1.021581,1.489061,-0.467481
2012-10-30,3.266256,1.032178,1.490947,-0.458769
2012-10-31,3.268994,1.038134,1.492832,-0.454698
2012-11-01,3.271732,1.043753,1.494714,-0.450962
2012-11-02,3.274470,1.032997,1.496595,-0.463598
2012-11-03,3.277207,1.024728,1.498474,-0.473747
2012-11-04,3.279945,1.019899,1.500352,-0.480453
2012-11-05,3.282683,1.025847,1.502228,-0.476380
2012-11-06,3.285421,1.027382,1.504102,-0.476720
2012-11-07,3.288159,1.033484,1.505974,-0.472490
2012-11-08,3.290897,1.031827,1.507845,-0.476018
2012-11-09,3.293634,1.033326,1.509714,-0.476389
2012-11-10,3.296372,1.033007,1.511582,-0.478575
2012-11-11,3.299110,1.032426,1.513447,-0.481022
2012-11-12,3.301848,1.038902,1.515312,-0.476410
2012-11-13,3.304586,1.037308,1.517174,-0.479866
2012-11-14,3.307324,1.037337,1.519035,-0.481698
2012-11-15,3.310062,1.039790,1.520894,-0.481103
2012-11-16,3.312799,1.054051,1.522751,-0.468700
2012-11-17,3.315537,1.063145,1.524607,-0.461462
2012-11-18,3.318275,1.065083,1.526461,-0.461378
2012-11-19,3.321013,1.064938,1.528313,-0.463375
2012-11-20,3.323751,1.065281,1.530164,-0.464883
2012-11-21,3.326489,1.065206,1.532013,-0.466808
2012-11-22,3.329227,1.073815,1.533861,-0.460046
2012-11-23,3.331964,1.083058,1.535706,-0.452649
2012-11-24,3.334702,1.092335,1.537551,-0.445215
2012-11-25,3.337440,1.089889,1.539393,-0.449504
2012-11-26,3.340178,1.091344,1.541234,-0.449890
2012-11-27,3.342916,1.081291,1.543073,-0.461782
2012-11-28,3.345654,1.087088,1.544911,-0.457823
2012-11-29,3.348392,1.088648,1.546747,-0.458099
2012-11-30,3.351129,1.093080,1.548581,-0.455501
2012-12-01,3.353867,1.095486,1.550413,-0.454927
2012-12-02,3.356605,1.095503,1.552244,-0.456741
2012-12-03,3.359343,1.096339,1.554074,-0.457735
2012-12-04,3.362081,1.105338,1.555901,-0.450564
2012-12-05,3.364819,1.122209,1.557728,-0.435518
2012-12-06,3.367556,1.125552,1.559552,-0.434000
2012-12-07,3.370294,1.126082,1.561375,-0.435293
2012-12-08,3.373032,1.126152,1.563196,-0.437044
2012-12-09,3.375770,1.117855,1.565015,-0.447161
2012-12-10,3.378508,1.123489,1.566833,-0.443344
2012-12-11,3.381246,1.126435,1.568650,-0.442215
2012-12-12,3.383984,1.129211,1.570464,-0.441253
2012-12-13,3.386721,1.130589,1.572277,-0.441688
2012-12-14,3.389459,1.133528,1.574089,-0.440561
2012-12-15,3.392197,1.130933,1.575899,-0.444966
2012-12-16,3.394935,1.126241,1.577707,-0.451465
2012-12-17,3.397673,1.120880,1.579513,-0.458633
2012-12-18,3.400411,1.118503,1.581318,-0.462815
2012-12-19,3.403149,1.120765,1.583122,-0.462357
2012-12-20,3.405886,1.121934,1.584923,-0.462989
2012-12-21,3.408624,1.126624,1.586724,-0.460099
2012-12-22,3.411362,1.123987,1.588522,-0.464535
2012-12-23,3.414100,1.119609,1.590319,-0.470710
2012-12-24,3.416838,1.120821,1.592114,-0.471293
2012-12-25,3.419576,1.119797,1.593908,-0.474111
2012-12-26,3.422313,1.118715,1.595700,-0.476985
2012-12-27,3.425051,1.121150,1.597491,-0.476341
2012-12-28,3.427789,1.121964,1.599280,-0.477315
2012-12-29,3.430527,1.125343,1.601067,-0.475724
2012-12-30,3.433265,1.123220,1.602853,-0.479633
2012-12-31,3.436003,1.123857,1.604637,-0.480780
2013-01-01,3.438741,1.123423,1.606419,-0.482996
2013-01-02,3.441478,1.120869,1.608200,-0.487331
2013-01-03,3.444216,1.122911,1.609979,-0.487069
2013-01-04,3.446954,1.120038,1.611757,-0.491719
2013-01-05,3.449692,1.122485,1.613533,-0.491048
2013-01-06,3.452430,1.120666,1.615308,-0.494642
2013-01-07,3.455168,1.122861,1.617081,-0.494220
2013-01-08,3.457906,1.125234,1.618852,-0.493619
2013-01-09,3.460643,1.133218,1.620622,-0.487404
2013-01-10,3.463381,1.137244,1.622390,-0.485146
2013-01-11,3.466119,1.147004,1.624157,-0.477153
2013-01-12,3.468857,1.148756,1.625922,-0.477166
2013-01-13,3.471595,1.146365,1.627685,-0.481321
2013-01-14,3.474333,1.146165,1.629447,-0.483282
2013-01-15,3.477070,1.152114,1.631208,-0.479094
2013-01-16,3.479808,1.158896,1.632966,-0.474070
2013-01-17,3.482546,1.173694,1.634724,-0.461029
2013-01-18,3.485284,1.192380,1.636479,-0.444099
2013-01-19,3.488022,1.188135,1.638233,-0.450098
2013-01-20,3.490760,1.191827,1.639986,-0.448158
2013-01-21,3.493498,1.210506,1.641737,-0.431231
2013-01-22,3.496235,1.229928,1.643486,-0.413558
2013-01-23,3.498973,1.237428,1.645234,-0.407806
2013-01-24,3.501711,1.255739,1.646980,-0.391241
2013-01-25,3.504449,1.230249,1.648725,-0.418475
2013-01-26,3.507187,1.232094,1.650468,-0.418374
2013-01-27,3.509925,1.241415,1.652209,-0.410794
2013-01-28,3.512663,1.268430,1.653949,-0.385520
2013-01-29,3.515400,1.279561,1.655688,-0.376126
2013-01-30,3.518138,1.284668,1.657425,-0.372757
2013-01-31,3.520876,1.305663,1.659160,-0.353497
2013-02-01,3.523614,1.313750,1.660894,-0.347144
2013-02-02,3.526352,1.301602,1.662626,-0.361024
2013-02-03,3.529090,1.302813,1.664357,-0.361543
2013-02-04,3.531828,1.310099,1.666086,-0.355986
2013-02-05,3.534565,1.310092,1.667813,-0.357721
2013-02-06,3.537303,1.318756,1.669539,-0.350783
2013-02-07,3.540041,1.329552,1.671264,-0.341712
2013-02-08,3.542779,1.348366,1.672987,-0.324621
2013-02-09,3.545517,1.368213,1.674708,-0.306495
2013-02-10,3.548255,1.364791,1.676428,-0.311637
2013-02-11,3.550992,1.376853,1.678146,-0.301293
2013-02-12,3.553730,1.397216,1.679863,-0.282646
2013-02-13,3.556468,1.406052,1.681578,-0.275526
2013-02-14,3.559206,1.410317,1.683292,-0.272975
2013-02-15,3.561944,1.431916,1.685004,-0.253088
2013-02-16,3.564682,1.434983,1.686715,-0.251731
2013-02-17,3.567420,1.429827,1.688424,-0.258597
2013-02-18,3.570157,1.426532,1.690131,-0.263599
2013-02-19,3.572895,1.447588,1.691837,-0.244249
2013-02-20,3.575633,1.469709,1.693542,-0.223832
2013-02-21,3.578371,1.473705,1.695245,-0.221539
2013-02-22,3.581109,1.483803,1.696946,-0.213143
2013-02-23,3.583847,1.466651,1.698646,-0.231995
2013-02-24,3.586585,1.472472,1.700344,-0.227872
2013-02-25,3.589322,1.476140,1.702041,-0.225901
2013-02-26,3.592060,1.488111,1.703736,-0.215626
2013-02-27,3.594798,1.496436,1.705430,-0.208995
2013-02-28,3.597536,1.517544,1.707122,-0.189578
2013-03-01,3.600274,1.531231,1.708813,-0.177582
2013-03-02,3.603012,1.532078,1.710502,-0.178425
2013-03-03,3.605749,1.529021,1.712190,-0.183169
2013-03-04,3.608487,1.546187,1.713876,-0.167690
2013-03-05,3.611225,1.593153,1.715561,-0.122408
2013-03-06,3.613963,1.658520,1.717244,-0.058724
2013-03-07,3.616701,1.625386,1.718926,-0.093540
2013-03-08,3.619439,1.634893,1.720606,-0.085713
2013-03-09,3.622177,1.652116,1.722284,-0.070169
2013-03-10,3.624914,1.675949,1.723961,-0.048012
2013-03-11,3.627652,1.682434,1.725637,-0.043203
2013-03-12,3.630390,1.659859,1.727311,-0.067453
2013-03-13,3.633128,1.672159,1.728984,-0.056824
2013-03-14,3.635866,1.675996,1.730655,-0.054659
2013-03-15,3.638604,1.673175,1.732324,-0.059149
2013-03-16,3.641342,1.671390,1.733992,-0.062602
2013-03-17,3.644079,1.672867,1.735659,-0.062792
2013-03-18,3.646817,1.678838,1.737324,-0.058486
2013-03-19,3.649555,1.734869,1.738988,-0.004118
2013-03-20,3.652293,1.786240,1.740650,0.045591
2013-03-21,3.655031,1.836906,1.742310,0.094596
2013-03-22,3.657769,1.855961,1.743969,0.111991
2013-03-23,3.660507,1.816868,1.745627,0.071242
2013-03-24,3.663244,1.832560,1.747283,0.085277
2013-03-25,3.665982,1.866273,1.748937,0.117336
2013-03-26,3.668720,1.890223,1.750590,0.139632
2013-03-27,3.671458,1.932142,1.752242,0.179900
2013-03-28,3.674196,1.959178,1.753892,0.205286
2013-03-29,3.676934,1.954368,1.755541,0.198827
2013-03-30,3.679671,1.963442,1.757188,0.206255
2013-03-31,3.682409,1.970115,1.758833,0.211281
2013-04-01,3.685147,1.992136,1.760477,0.231659
2013-04-02,3.687885,2.031861,1.762120,0.269741
2013-04-03,3.690623,2.111272,1.763761,0.347511
2013-04-04,3.693361,2.121715,1.765401,0.356315
2013-04-05,3.696099,2.139084,1.767039,0.372045
2013-04-06,3.698836,2.151178,1.768676,0.382502
2013-04-07,3.701574,2.178715,1.770311,0.408405
2013-04-08,3.704312,2.256213,1.771944,0.484268
2013-04-09,3.707050,2.317469,1.773577,0.543892
2013-04-10,3.709788,2.350031,1.775207,0.574823
2013-04-11,3.712526,2.117035,1.776837,0.340198
2013-04-12,3.715264,1.930670,1.778465,0.152206
2013-04-13,3.718001,2.022216,1.780091,0.242125
2013-04-14,3.720739,1.994289,1.781716,0.212573
2013-04-15,3.723477,1.966932,1.783339,0.183593
2013-04-16,3.726215,1.824986,1.784961,0.040025
2013-04-17,3.728953,1.913535,1.786581,0.126954
2013-04-18,3.731691,1.974856,1.788200,0.186656
2013-04-19,3.734428,2.073350,1.789818,0.283533
2013-04-20,3.737166,2.081925,1.791434,0.290492
2013-04-21,3.739904,2.085891,1.793048,0.292843
2013-04-22,3.742642,2.085894,1.794661,0.291233
2013-04-23,3.745380,2.112492,1.796273,0.316219
2013-04-24,3.748118,2.167559,1.797883,0.369676
2013-04-25,3.750856,2.176710,1.799492,0.377219
2013-04-26,3.753593,2.128545,1.801099,0.327446
2013-04-27,3.756331,2.125928,1.802705,0.323224
2013-04-28,3.759069,2.123040,1.804309,0.318731
2013-04-29,3.761807,2.142263,1.805912,0.336352
2013-04-30,3.764545,2.148998,1.807513,0.341485
2013-05-01,3.767283,2.109281,1.809113,0.300168
2013-05-02,3.770021,2.047666,1.810711,0.236955
2013-05-03,3.772758,1.971569,1.812308,0.159261
2013-05-04,3.775496,2.019742,1.813904,0.205839
2013-05-05,3.778234,2.056979,1.815498,0.241482
2013-05-06,3.780972,2.075564,1.817090,0.258474
2013-05-07,3.783710,2.039265,1.818681,0.220583
2013-05-08,3.786448,2.049035,1.820271,0.228764
2013-05-09,3.789185,2.045887,1.821859,0.224028
2013-05-10,3.791923,2.061862,1.823446,0.238416
2013-05-11,3.794661,2.062631,1.825031,0.237599
2013-05-12,3.797399,2.058353,1.826615,0.231738
2013-05-13,3.800137,2.063746,1.828198,0.235549
2013-05-14,3.802875,2.064967,1.829778,0.235188
2013-05-15,3.805613,2.040066,1.831358,0.208708
2013-05-16,3.808350,2.046087,1.832936,0.213151
2013-05-17,3.811088,2.060618,1.834513,0.226106
2013-05-18,3.813826,2.068248,1.836088,0.232161
2013-05-19,3.816564,2.072031,1.837661,0.234370
2013-05-20,3.819302,2.070062,1.839234,0.230828
2013-05-21,3.822040,2.069797,1.840805,0.228993
2013-05-22,3.824778,2.074274,1.842374,0.231900
2013-05-23,3.827515,2.082609,1.843942,0.238667
2013-05-24,3.830253,2.099819,1.845508,0.254310
2013-05-25,3.832991,2.110398,1.847073,0.263325
2013-05-26,3.835729,2.113806,1.848637,0.265169
2013-05-27,3.838467,2.111853,1.850199,0.261654
2013-05-28,3.841205,2.101288,1.851760,0.249528
2013-05-29,3.843943,2.106416,1.853319,0.253096
2013-05-30,3.846680,2.112905,1.854877,0.258028
2013-05-31,3.849418,2.105936,1.856434,0.249503
2013-06-01,3.852156,2.103678,1.857989,0.245690
2013-06-02,3.854894,2.090000,1.859542,0.230457
2013-06-03,3.857632,2.078748,1.861094,0.217654
2013-06-04,3.860370,2.081914,1.862645,0.219269
2013-06-05,3.863107,2.079505,1.864194,0.215311
2013-06-06,3.865845,2.080447,1.865742,0.214705
2013-06-07,3.868583,2.057808,1.867288,0.190520
2013-06-08,3.871321,2.036427,1.868833,0.167594
2013-06-09,3.874059,1.999691,1.870377,0.129314
2013-06-10,3.876797,2.013737,1.871919,0.141818
2013-06-11,3.879535,2.025963,1.873460,0.152503
2013-06-12,3.882272,2.032435,1.874999,0.157436
2013-06-13,3.885010,2.026558,1.876537,0.150022
2013-06-14,3.887748,2.002352,1.878073,0.124279
2013-06-15,3.890486,1.999133,1.879608,0.119525
2013-06-16,3.893224,2.002719,1.881142,0.121577
2013-06-17,3.895962,2.000642,1.882674,0.117968
2013-06-18,3.898700,2.016834,1.884205,0.132630
2013-06-19,3.901437,2.023395,1.885734,0.137661
2013-06-20,3.904175,2.027342,1.887262,0.140080
2013-06-21,3.906913,2.013279,1.888788,0.124491
2013-06-22,3.909651,1.972999,1.890313,0.082685
2013-06-23,3.912389,2.005379,1.891837,0.113542
2013-06-24,3.915127,1.964425,1.893359,0.071065
2013-06-25,3.917864,1.999184,1.894880,0.104304
2013-06-26,3.920602,1.995907,1.896399,0.099507
2013-06-27,3.923340,1.992719,1.897917,0.094802
2013-06-28,3.926078,1.966961,1.899434,0.067527
2013-06-29,3.928816,1.957064,1.900949,0.056115
2013-06-30,3.931554,1.954858,1.902463,0.052395
2013-07-01,3.934292,1.946948,1.903975,0.042972
2013-07-02,3.937029,1.934897,1.905486,0.029411
2013-07-03,3.939767,1.926711,1.906996,0.019716
2013-07-04,3.942505,1.893758,1.908504,-0.014745
2013-07-05,3.945243,1.862849,1.910010,-0.047161
2013-07-06,3.947981,1.826147,1.911516,-0.085369
2013-07-07,3.950719,1.827956,1.913019,-0.085063
2013-07-08,3.953457,1.871650,1.914522,-0.042872
2013-07-09,3.956194,1.868089,1.916023,-0.047934
2013-07-10,3.958932,1.888144,1.917523,-0.029379
2013-07-11,3.961670,1.932493,1.919021,0.013472
2013-07-12,3.964408,1.965417,1.920518,0.044899
2013-07-13,3.967146,1.951394,1.922013,0.029380
2013-07-14,3.969884,1.963092,1.923507,0.039585
2013-07-15,3.972621,1.965914,1.925000,0.040914
2013-07-16,3.975359,1.968262,1.926491,0.041771
2013-07-17,3.978097,1.936536,1.927981,0.008555
2013-07-18,3.980835,1.932376,1.929470,0.002907
2013-07-19,3.983573,1.931785,1.930957,0.000828
2013-07-20,3.986311,1.944068,1.932442,0.011626
2013-07-21,3.989049,1.933853,1.933926,-0.000073
2013-07-22,3.991786,1.937875,1.935409,0.002466
2013-07-23,3.994524,1.941898,1.936891,0.005007
2013-07-24,3.997262,1.945964,1.938371,0.007593
2013-07-25,4.000000,1.952085,1.939850,0.012236
2013-07-26,4.002738,1.957461,1.941327,0.016135
2013-07-27,4.005476,1.952350,1.942803,0.009547
2013-07-28,4.008214,1.955780,1.944277,0.011502
2013-07-29,4.010951,1.969590,1.945751,0.023839
2013-07-30,4.013689,1.976160,1.947222,0.028937
2013-07-31,4.016427,1.997319,1.948693,0.048627
2013-08-01,4.019165,1.991942,1.950162,0.041780
2013-08-02,4.021903,1.989908,1.951629,0.038279
2013-08-03,4.024641,1.986658,1.953095,0.033562
2013-08-04,4.027379,1.986879,1.954560,0.032319
2013-08-05,4.030116,1.992253,1.956024,0.036230
2013-08-06,4.032854,1.994124,1.957486,0.036639
2013-08-07,4.035592,1.993186,1.958946,0.034239
2013-08-08,4.038330,1.984313,1.960406,0.023907
2013-08-09,4.041068,1.976726,1.961864,0.014863
2013-08-10,4.043806,1.974776,1.963320,0.011455
2013-08-11,4.046543,1.977461,1.964775,0.012686
2013-08-12,4.049281,1.979393,1.966229,0.013164
2013-08-13,4.052019,1.986622,1.967681,0.018941
2013-08-14,4.054757,2.005329,1.969132,0.036197
2013-08-15,4.057495,1.999375,1.970582,0.028793
2013-08-16,4.060233,1.995960,1.972030,0.023930
2013-08-17,4.062971,1.998288,1.973477,0.024811
2013-08-18,4.065708,2.001791,1.974923,0.026868
2013-08-19,4.068446,2.013454,1.976367,0.037087
2013-08-20,4.071184,2.018911,1.977810,0.041102
2013-08-21,4.073922,2.033677,1.979251,0.054426
2013-08-22,4.076660,2.047984,1.980691,0.067293
2013-08-23,4.079398,2.037760,1.982130,0.055630
2013-08-24,4.082136,2.036952,1.983567,0.053385
2013-08-25,4.084873,2.046863,1.985003,0.061860
2013-08-26,4.087611,2.045042,1.986437,0.058604
2013-08-27,4.090349,2.067257,1.987871,0.079387
2013-08-28,4.093087,2.073010,1.989302,0.083707
2013-08-29,4.095825,2.076626,1.990733,0.085893
2013-08-30,4.098563,2.082010,1.992162,0.089849
2013-08-31,4.101300,2.109709,1.993590,0.116119
2013-09-01,4.104038,2.119427,1.995016,0.124411
2013-09-02,4.106776,2.117273,1.996441,0.120832
2013-09-03,4.109514,2.115605,1.997865,0.117740
2013-09-04,4.112252,2.107214,1.999287,0.107927
2013-09-05,4.114990,2.086382,2.000708,0.085674
2013-09-06,4.117728,2.090711,2.002127,0.088584
2013-09-07,4.120465,2.077430,2.003546,0.073884
2013-09-08,4.123203,2.077260,2.004962,0.072297
2013-09-09,4.125941,2.074542,2.006378,0.068164
2013-09-10,4.128679,2.089019,2.007792,0.081227
2013-09-11,4.131417,2.093145,2.009205,0.083940
2013-09-12,4.134155,2.106758,2.010616,0.096142
2013-09-13,4.136893,2.109483,2.012026,0.097457
2013-09-14,4.139630,2.105122,2.013435,0.091687
2013-09-15,4.142368,2.100123,2.014842,0.085281
2013-09-16,4.145106,2.102802,2.016248,0.086553
2013-09-17,4.147844,2.105848,2.017653,0.088195
2013-09-18,4.150582,2.108826,2.019056,0.089770
2013-09-19,4.153320,2.103681,2.020458,0.083223
2013-09-20,4.156057,2.095797,2.021859,0.073938
2013-09-21,4.158795,2.093280,2.023258,0.070022
2013-09-22,4.161533,2.093360,2.024656,0.068704
2013-09-23,4.164271,2.099135,2.026053,0.073083
2013-09-24,4.167009,2.101775,2.027448,0.074327
2013-09-25,4.169747,2.100848,2.028842,0.072006
2013-09-26,4.172485,2.102664,2.030234,0.072430
2013-09-27,4.175222,2.104182,2.031625,0.072557
2013-09-28,4.177960,2.109273,2.033015,0.076258
2013-09-29,4.180698,2.111011,2.034404,0.076608
2013-09-30,4.183436,2.102157,2.035791,0.066366
2013-10-01,4.186174,2.105959,2.037177,0.068782
2013-10-02,4.188912,2.091609,2.038561,0.053048
2013-10-03,4.191650,2.056881,2.039944,0.016936
2013-10-04,4.194387,2.089653,2.041326,0.048327
2013-10-05,4.197125,2.090274,2.042707,0.047568
2013-10-06,4.199863,2.089362,2.044086,0.045276
2013-10-07,4.202601,2.095334,2.045464,0.049871
2013-10-08,4.205339,2.095874,2.046840,0.049034
2013-10-09,4.208077,2.099638,2.048215,0.051423
2013-10-10,4.210815,2.103319,2.049589,0.053730
2013-10-11,4.213552,2.106142,2.050961,0.055180
2013-10-12,4.216290,2.107137,2.052333,0.054805
2013-10-13,4.219028,2.115285,2.053702,0.061582
2013-10-14,4.221766,2.131499,2.055071,0.076428
2013-10-15,4.224504,2.140187,2.056438,0.083749
2013-10-16,4.227242,2.155490,2.057804,0.097686
2013-10-17,4.229979,2.153127,2.059168,0.093959
2013-10-18,4.232717,2.170553,2.060531,0.110022
2013-10-19,4.235455,2.205857,2.061893,0.143964
2013-10-20,4.238193,2.217927,2.063254,0.154673
2013-10-21,4.240931,2.238786,2.064613,0.174173
2013-10-22,4.243669,2.269016,2.065971,0.203045
2013-10-23,4.246407,2.290401,2.067327,0.223073
2013-10-24,4.249144,2.286895,2.068683,0.218212
2013-10-25,4.251882,2.259524,2.070037,0.189488
2013-10-26,4.254620,2.259167,2.071389,0.187778
2013-10-27,4.257358,2.267296,2.072740,0.194556
2013-10-28,4.260096,2.286604,2.074090,0.212514
2013-10-29,4.262834,2.295534,2.075439,0.220095
2013-10-30,4.265572,2.302943,2.076786,0.226157
2013-10-31,4.268309,2.301384,2.078132,0.223252
2013-11-01,4.271047,2.307613,2.079477,0.228136
2013-11-02,4.273785,2.308948,2.080820,0.228128
2013-11-03,4.276523,2.313154,2.082162,0.230991
2013-11-04,4.279261,2.330706,2.083503,0.247203
2013-11-05,4.281999,2.371789,2.084842,0.286946
2013-11-06,4.284736,2.407285,2.086181,0.321104
2013-11-07,4.287474,2.449556,2.087517,0.362038
2013-11-08,4.290212,2.497774,2.088853,0.408921
2013-11-09,4.292950,2.541520,2.090187,0.451333
2013-11-10,4.295688,2.487630,2.091520,0.396110
2013-11-11,4.298426,2.526126,2.092852,0.433275
2013-11-12,4.301164,2.550510,2.094182,0.456328
2013-11-13,4.303901,2.580410,2.095511,0.484899
2013-11-14,4.306639,2.619872,2.096838,0.523034
2013-11-15,4.309377,2.624273,2.098165,0.526108
2013-11-16,4.312115,2.632234,2.099490,0.532744
2013-11-17,4.314853,2.665365,2.100814,0.564552
2013-11-18,4.317591,2.742893,2.102136,0.640757
2013-11-19,4.320329,2.802187,2.103457,0.698729
2013-11-20,4.323066,2.723446,2.104777,0.618669
2013-11-21,4.325804,2.812487,2.106096,0.706392
2013-11-22,4.328542,2.862292,2.107413,0.754879
2013-11-23,4.331280,2.917679,2.108729,0.808950
2013-11-24,4.334018,2.894514,2.110043,0.784471
2013-11-25,4.336756,2.902320,2.111357,0.790963
2013-11-26,4.339493,2.921371,2.112669,0.808702
2013-11-27,4.342231,2.966729,2.113980,0.852749
2013-11-28,4.344969,2.997494,2.115289,0.882205
2013-11-29,4.347707,3.028267,2.116597,0.911670
2013-11-30,4.350445,3.053408,2.117904,0.935504
2013-12-01,4.353183,2.997026,2.119210,0.877816
2013-12-02,4.355921,3.000993,2.120514,0.880478
2013-12-03,4.358658,3.018992,2.121817,0.897174
2013-12-04,4.361396,3.037147,2.123119,0.914028
2013-12-05,4.364134,3.014558,2.124419,0.890139
2013-12-06,4.366872,2.977117,2.125718,0.851399
2013-12-07,4.369610,2.875080,2.127016,0.748064
2013-12-08,4.372348,2.867571,2.128313,0.739258
2013-12-09,4.375086,2.940760,2.129608,0.811152
2013-12-10,4.377823,2.976225,2.130902,0.845323
2013-12-11,4.380561,2.962737,2.132195,0.830542
2013-12-12,4.383299,2.941740,2.133487,0.808254
2013-12-13,4.386037,2.950430,2.134777,0.815653
2013-12-14,4.388775,2.940821,2.136066,0.804755
2013-12-15,4.391513,2.919485,2.137353,0.782131
2013-12-16,4.394251,2.901002,2.138640,0.762362
2013-12-17,4.396988,2.843776,2.139925,0.703852
2013-12-18,4.399726,2.751863,2.141209,0.610654
2013-12-19,4.402464,2.794418,2.142491,0.651926
2013-12-20,4.405202,2.829244,2.143772,0.685471
2013-12-21,4.407940,2.790395,2.145052,0.645343
2013-12-22,4.410678,2.800271,2.146331,0.653940
2013-12-23,4.413415,2.807181,2.147608,0.659573
2013-12-24,4.416153,2.815888,2.148885,0.667003
2013-12-25,4.418891,2.819968,2.150160,0.669809
2013-12-26,4.421629,2.855880,2.151433,0.704447
2013-12-27,4.424367,2.865157,2.152706,0.712451
2013-12-28,4.427105,2.861062,2.153977,0.707085
2013-12-29,4.429843,2.857376,2.155246,0.702129
2013-12-30,4.432580,2.868125,2.156515,0.711610
2013-12-31,4.435318,2.864987,2.157782,0.707205
2014-01-01,4.438056,2.873465,2.159048,0.714417
2014-01-02,4.440794,2.882329,2.160313,0.722016
2014-01-03,4.443532,2.903068,2.161577,0.741491
2014-01-04,4.446270,2.909331,2.162839,0.746492
2014-01-05,4.449008,2.940105,2.164100,0.776005
2014-01-06,4.451745,2.973328,2.165360,0.807968
2014-01-07,4.454483,2.946604,2.166618,0.779986
2014-01-08,4.457221,2.914651,2.167875,0.746775
2014-01-09,4.459959,2.918569,2.169131,0.749438
2014-01-10,4.462697,2.920439,2.170386,0.750053
2014-01-11,4.465435,2.947177,2.171639,0.775538
2014-01-12,4.468172,2.941385,2.172892,0.768494
2014-01-13,4.470910,2.918726,2.174143,0.744583
2014-01-14,4.473648,2.919737,2.175392,0.744344
2014-01-15,4.476386,2.926610,2.176641,0.749970
2014-01-16,4.479124,2.923250,2.177888,0.745362
2014-01-17,4.481862,2.907814,2.179134,0.728680
2014-01-18,4.484600,2.911621,2.180379,0.731242
2014-01-19,4.487337,2.916105,2.181622,0.734483
2014-01-20,4.490075,2.922320,2.182864,0.739456
2014-01-21,4.492813,2.917982,2.184105,0.733876
2014-01-22,4.495551,2.915540,2.185345,0.730194
2014-01-23,4.498289,2.914775,2.186584,0.728191
2014-01-24,4.501027,2.903273,2.187821,0.715453
2014-01-25,4.503765,2.906510,2.189057,0.717453
2014-01-26,4.506502,2.911865,2.190292,0.721573
2014-01-27,4.509240,2.907773,2.191525,0.716248
2014-01-28,4.511978,2.898314,2.192757,0.705556
2014-01-29,4.514716,2.903607,2.193988,0.709618
2014-01-30,4.517454,2.902640,2.195218,0.707422
2014-01-31,4.520192,2.907094,2.196447,0.710648
2014-02-01,4.522930,2.912375,2.197674,0.714701
2014-02-02,4.525667,2.914553,2.198900,0.715653
2014-02-03,4.528405,2.911181,2.200125,0.711056
2014-02-04,4.531143,2.909844,2.201349,0.708495
2014-02-05,4.533881,2.906787,2.202571,0.704215
2014-02-06,4.536619,2.895158,2.203792,0.691365
2014-02-07,4.539357,2.861923,2.205012,0.656911
2014-02-08,4.542094,2.850215,2.206231,0.643983
2014-02-09,4.544832,2.845363,2.207449,0.637915
2014-02-10,4.547570,2.830869,2.208665,0.622204
2014-02-11,4.550308,2.841443,2.209880,0.631563
2014-02-12,4.553046,2.824553,2.211094,0.613459
2014-02-13,4.555784,2.809854,2.212306,0.597547
2014-02-14,4.558522,2.795823,2.213518,0.582306
2014-02-15,4.561259,2.811273,2.214728,0.596545
2014-02-16,4.563997,2.798351,2.215937,0.582414
2014-02-17,4.566735,2.797697,2.217145,0.580552
2014-02-18,4.569473,2.794924,2.218351,0.576573
2014-02-19,4.572211,2.790978,2.219557,0.571421
2014-02-20,4.574949,2.768635,2.220761,0.547874
2014-02-21,4.577687,2.744752,2.221964,0.522788
2014-02-22,4.580424,2.756479,2.223165,0.533314
2014-02-23,4.583162,2.783903,2.224366,0.559537
2014-02-24,4.585900,2.751316,2.225565,0.525751
2014-02-25,4.588638,2.694503,2.226763,0.467740
2014-02-26,4.591376,2.759589,2.227960,0.531630
2014-02-27,4.594114,2.766381,2.229155,0.537226
2014-02-28,4.596851,2.757038,2.230350,0.526688
2014-03-01,4.599589,2.752778,2.231543,0.521235
2014-03-02,4.602327,2.754709,2.232735,0.521974
2014-03-03,4.605065,2.787753,2.233926,0.553827
2014-03-04,4.607803,2.829372,2.235115,0.594257
2014-03-05,4.610541,2.824199,2.236304,0.587896
2014-03-06,4.613279,2.824674,2.237491,0.587183
2014-03-07,4.616016,2.808594,2.238677,0.569917
2014-03-08,4.618754,2.795088,2.239862,0.555226
2014-03-09,4.621492,2.798994,2.241045,0.557949
2014-03-10,4.624230,2.799927,2.242228,0.557699
2014-03-11,4.626968,2.797140,2.243409,0.553731
2014-03-12,4.629706,2.804994,2.244589,0.560405
2014-03-13,4.632444,2.807700,2.245768,0.561933
2014-03-14,4.635181,2.803934,2.246945,0.556989
2014-03-15,4.637919,2.803581,2.248122,0.555460
2014-03-16,4.640657,2.804079,2.249297,0.554783
2014-03-17,4.643395,2.798447,2.250471,0.547976
2014-03-18,4.646133,2.789893,2.251644,0.538249
2014-03-19,4.648871,2.789955,2.252815,0.537140
2014-03-20,4.651608,2.777407,2.253986,0.523421
2014-03-21,4.654346,2.766812,2.255155,0.511657
2014-03-22,4.657084,2.751913,2.256323,0.495590
2014-03-23,4.659822,2.753429,2.257490,0.495939
2014-03-24,4.662560,2.752864,2.258656,0.494208
2014-03-25,4.665298,2.763339,2.259821,0.503519
2014-03-26,4.668036,2.764795,2.260984,0.503811
2014-03-27,4.670773,2.737746,2.262146,0.475600
2014-03-28,4.673511,2.707661,2.263307,0.444354
2014-03-29,4.676249,2.700851,2.264467,0.436383
2014-03-30,4.678987,2.673578,2.265626,0.407952
2014-03-31,4.681725,2.662010,2.266783,0.395227
2014-04-01,4.684463,2.679286,2.267940,0.411347
2014-04-02,4.687201,2.667887,2.269095,0.398793
2014-04-03,4.689938,2.641122,2.270249,0.370874
2014-04-04,4.692676,2.649386,2.271402,0.377985
2014-04-05,4.695414,2.656241,2.272553,0.383688
2014-04-06,4.698152,2.661975,2.273704,0.388271
2014-04-07,4.700890,2.659215,2.274853,0.384362
2014-04-08,4.703628,2.658221,2.276001,0.382220
2014-04-09,4.706366,2.653055,2.277148,0.375907
2014-04-10,4.709103,2.612240,2.278294,0.333946
2014-04-11,4.711841,2.604444,2.279439,0.325006
2014-04-12,4.714579,2.632130,2.280582,0.351548
2014-04-13,4.717317,2.620802,2.281724,0.339078
2014-04-14,4.720055,2.648893,2.282866,0.366028
2014-04-15,4.722793,2.690082,2.284006,0.406077
2014-04-16,4.725530,2.713902,2.285145,0.428758
2014-04-17,4.728268,2.704100,2.286282,0.417818
2014-04-18,4.731006,2.689924,2.287419,0.402506
2014-04-19,4.733744,2.694279,2.288554,0.405725
2014-04-20,4.736482,2.703440,2.289688,0.413752
2014-04-21,4.739220,2.700455,2.290822,0.409634
2014-04-22,4.741958,2.695500,2.291953,0.403547
2014-04-23,4.744695,2.690553,2.293084,0.397469
2014-04-24,4.747433,2.690363,2.294214,0.396149
2014-04-25,4.750171,2.667089,2.295342,0.371746
2014-04-26,4.752909,2.663667,2.296470,0.367197
2014-04-27,4.755647,2.655954,2.297596,0.358358
2014-04-28,4.758385,2.641861,2.298721,0.343140
2014-04-29,4.761123,2.646926,2.299845,0.347081
2014-04-30,4.763860,2.648700,2.300968,0.347733
2014-05-01,4.766598,2.658527,2.302090,0.356438
2014-05-02,4.769336,2.654162,2.303210,0.350952
2014-05-03,4.772074,2.644627,2.304329,0.340297
2014-05-04,4.774812,2.638734,2.305448,0.333287
2014-05-05,4.777550,2.636097,2.306565,0.329532
2014-05-06,4.780287,2.632275,2.307681,0.324594
2014-05-07,4.783025,2.641810,2.308796,0.333015
2014-05-08,4.785763,2.646967,2.309909,0.337057
2014-05-09,4.788501,2.650857,2.311022,0.339835
2014-05-10,4.791239,2.654266,2.312133,0.342133
2014-05-11,4.793977,2.646487,2.313244,0.333243
2014-05-12,4.796715,2.642289,2.314353,0.327936
2014-05-13,4.799452,2.641936,2.315461,0.326475
2014-05-14,4.802190,2.646024,2.316568,0.329456
2014-05-15,4.804928,2.649995,2.317674,0.332321
2014-05-16,4.807666,2.650682,2.318779,0.331903
2014-05-17,4.810404,2.651690,2.319882,0.331808
2014-05-18,4.813142,2.649084,2.320985,0.328100
2014-05-19,4.815880,2.647623,2.322086,0.325537
2014-05-20,4.818617,2.668766,2.323186,0.345579
2014-05-21,4.821355,2.690902,2.324285,0.366616
2014-05-22,4.824093,2.706986,2.325383,0.381602
2014-05-23,4.826831,2.721897,2.326480,0.395417
2014-05-24,4.829569,2.714562,2.327576,0.386986
2014-05-25,4.832307,2.746129,2.328671,0.417459
2014-05-26,4.835044,2.763237,2.329764,0.433473
2014-05-27,4.837782,2.758084,2.330857,0.427227
2014-05-28,4.840520,2.758139,2.331948,0.426191
2014-05-29,4.843258,2.755327,2.333038,0.422289
2014-05-30,4.845996,2.777425,2.334127,0.443298
2014-05-31,4.848734,2.793732,2.335216,0.458517
2014-06-01,4.851472,2.810302,2.336302,0.473999
2014-06-02,4.854209,2.805629,2.337388,0.468241
2014-06-03,4.856947,2.824628,2.338473,0.486155
2014-06-04,4.859685,2.809394,2.339557,0.469837
2014-06-05,4.862423,2.816489,2.340639,0.475849
2014-06-06,4.865161,2.818143,2.341721,0.476422
2014-06-07,4.867899,2.815093,2.342801,0.472292
2014-06-08,4.870637,2.817114,2.343880,0.473234
2014-06-09,4.873374,2.813449,2.344958,0.468491
2014-06-10,4.876112,2.814805,2.346036,0.468770
2014-06-11,4.878850,2.808177,2.347112,0.461066
2014-06-12,4.881588,2.792637,2.348186,0.444451
2014-06-13,4.884326,2.774439,2.349260,0.425179
2014-06-14,4.887064,2.758952,2.350333,0.408619
2014-06-15,4.889802,2.751953,2.351405,0.400548
2014-06-16,4.892539,2.774356,2.352475,0.421880
2014-06-17,4.895277,2.776096,2.353545,0.422551
2014-06-18,4.898015,2.784757,2.354613,0.430144
2014-06-19,4.900753,2.782871,2.355680,0.427190
2014-06-20,4.903491,2.773471,2.356747,0.416724
2014-06-21,4.906229,2.772436,2.357812,0.414624
2014-06-22,4.908966,2.780443,2.358876,0.421567
2014-06-23,4.911704,2.772441,2.359939,0.412502
2014-06-24,4.914442,2.770073,2.361001,0.409072
2014-06-25,4.917180,2.757391,2.362062,0.395329
2014-06-26,4.919918,2.758110,2.363122,0.394989
2014-06-27,4.922656,2.767788,2.364180,0.403608
2014-06-28,4.925394,2.777234,2.365238,0.411996
2014-06-29,4.928131,2.776052,2.366295,0.409757
2014-06-30,4.930869,2.795045,2.367350,0.427695
2014-07-01,4.933607,2.812448,2.368405,0.444043
2014-07-02,4.936345,2.811806,2.369458,0.442348
2014-07-03,4.939083,2.810673,2.370510,0.440163
2014-07-04,4.941821,2.804839,2.371562,0.433277
2014-07-05,4.944559,2.799638,2.372612,0.427026
2014-07-06,4.947296,2.803013,2.373661,0.429352
2014-07-07,4.950034,2.797644,2.374709,0.422935
2014-07-08,4.952772,2.793731,2.375756,0.417974
2014-07-09,4.955510,2.794369,2.376802,0.417567
2014-07-10,4.958248,2.790657,2.377847,0.412809
2014-07-11,4.960986,2.794208,2.378891,0.415317
2014-07-12,4.963723,2.800659,2.379934,0.420724
2014-07-13,4.966461,2.799261,2.380976,0.418285
2014-07-14,4.969199,2.794494,2.382017,0.412477
2014-07-15,4.971937,2.793599,2.383057,0.410543
2014-07-16,4.974675,2.792060,2.384095,0.407964
2014-07-17,4.977413,2.792528,2.385133,0.407395
2014-07-18,4.980151,2.795085,2.386170,0.408915
2014-07-19,4.982888,2.797380,2.387205,0.410175
2014-07-20,4.985626,2.795440,2.388240,0.407200
2014-07-21,4.988364,2.793852,2.389273,0.404579
2014-07-22,4.991102,2.792535,2.390306,0.402230
2014-07-23,4.993840,2.791923,2.391337,0.400586
2014-07-24,4.996578,2.784626,2.392368,0.392258
2014-07-25,4.999316,2.779069,2.393397,0.385672
2014-07-26,5.002053,2.774849,2.394425,0.380423
2014-07-27,5.004791,2.774680,2.395453,0.379227
2014-07-28,5.007529,2.766497,2.396479,0.370018
2014-07-29,5.010267,2.766226,2.397504,0.368722
2014-07-30,5.013005,2.759053,2.398528,0.360524
2014-07-31,5.015743,2.760247,2.399552,0.360695
2014-08-01,5.018480,2.769574,2.400574,0.369000
2014-08-02,5.021218,2.771664,2.401595,0.370069
2014-08-03,5.023956,2.767318,2.402615,0.364703
2014-08-04,5.026694,2.769783,2.403634,0.366148
2014-08-05,5.029432,2.766041,2.404652,0.361388
2014-08-06,5.032170,2.764562,2.405670,0.358892
2014-08-07,5.034908,2.766851,2.406686,0.360166
2014-08-08,5.037645,2.770857,2.407701,0.363156
2014-08-09,5.040383,2.768103,2.408715,0.359388
2014-08-10,5.043121,2.769649,2.409728,0.359921
2014-08-11,5.045859,2.765890,2.410740,0.355150
2014-08-12,5.048597,2.755627,2.411751,0.343876
2014-08-13,5.051335,2.742821,2.412761,0.330060
2014-08-14,5.054073,2.715799,2.413770,0.302029
2014-08-15,5.056810,2.707646,2.414778,0.292868
2014-08-16,5.059548,2.704097,2.415785,0.288312
2014-08-17,5.062286,2.704154,2.416791,0.287363
2014-08-18,5.065024,2.680571,2.417796,0.262774
2014-08-19,5.067762,2.682096,2.418800,0.263295
2014-08-20,5.070500,2.694469,2.419804,0.274666
2014-08-21,5.073238,2.717188,2.420806,0.296382
2014-08-22,5.075975,2.712903,2.421807,0.291096
2014-08-23,5.078713,2.704741,2.422807,0.281935
2014-08-24,5.081451,2.707688,2.423806,0.283882
2014-08-25,5.084189,2.702031,2.424804,0.277227
2014-08-26,5.086927,2.706524,2.425801,0.280723
2014-08-27,5.089665,2.713886,2.426797,0.287089
2014-08-28,5.092402,2.705303,2.427792,0.277511
2014-08-29,5.095140,2.708419,2.428787,0.279632
2014-08-30,5.097878,2.703933,2.429780,0.274153
2014-08-31,5.100616,2.692314,2.430772,0.261542
2014-09-01,5.103354,2.684060,2.431763,0.252296
2014-09-02,5.106092,2.688287,2.432754,0.255533
2014-09-03,5.108830,2.678281,2.433743,0.244538
2014-09-04,5.111567,2.682119,2.434731,0.247387
2014-09-05,5.114305,2.686188,2.435719,0.250470
2014-09-06,5.117043,2.691240,2.436705,0.254535
2014-09-07,5.119781,2.684865,2.437691,0.247174
2014-09-08,5.122519,2.676074,2.438675,0.237399
2014-09-09,5.125257,2.671730,2.439659,0.232071
2014-09-10,5.127995,2.680974,2.440641,0.240333
2014-09-11,5.130732,2.678408,2.441623,0.236786
2014-09-12,5.133470,2.675795,2.442603,0.233191
2014-09-13,5.136208,2.678239,2.443583,0.234656
2014-09-14,5.138946,2.681609,2.444562,0.237048
2014-09-15,5.141684,2.677053,2.445539,0.231513
2014-09-16,5.144422,2.675191,2.446516,0.228675
2014-09-17,5.147159,2.661446,2.447492,0.213954
2014-09-18,5.149897,2.642562,2.448467,0.194095
2014-09-19,5.152635,2.607920,2.449441,0.158479
2014-09-20,5.155373,2.614567,2.450414,0.164153
2014-09-21,5.158111,2.608440,2.451386,0.157054
2014-09-22,5.160849,2.597676,2.452357,0.145319
2014-09-23,5.163587,2.617001,2.453327,0.163674
2014-09-24,5.166324,2.631558,2.454296,0.177262
2014-09-25,5.169062,2.614520,2.455265,0.159255
2014-09-26,5.171800,2.608714,2.456232,0.152481
2014-09-27,5.174538,2.605204,2.457198,0.148006
2014-09-28,5.177276,2.599656,2.458164,0.141492
2014-09-29,5.180014,2.579999,2.459128,0.120870
2014-09-30,5.182752,2.580857,2.460092,0.120765
2014-10-01,5.185489,2.586697,2.461055,0.125643
2014-10-02,5.188227,2.577836,2.462016,0.115820
2014-10-03,5.190965,2.568580,2.462977,0.105602
2014-10-04,5.193703,2.542154,2.463937,0.078216
2014-10-05,5.196441,2.499398,2.464896,0.034502
2014-10-06,5.199179,2.509458,2.465854,0.043604
2014-10-07,5.201916,2.516981,2.466811,0.050170
2014-10-08,5.204654,2.520925,2.467768,0.053158
2014-10-09,5.207392,2.562533,2.468723,0.093811
2014-10-10,5.210130,2.550093,2.469677,0.080416
2014-10-11,5.212868,2.548302,2.470631,0.077672
2014-10-12,5.215606,2.561022,2.471583,0.089439
2014-10-13,5.218344,2.576099,2.472535,0.103564
2014-10-14,5.221081,2.604443,2.473485,0.130957
2014-10-15,5.223819,2.596306,2.474435,0.121871
2014-10-16,5.226557,2.587685,2.475384,0.112301
2014-10-17,5.229295,2.580051,2.476332,0.103719
2014-10-18,5.232033,2.584056,2.477279,0.106776
2014-10-19,5.234771,2.589831,2.478225,0.111606
2014-10-20,5.237509,2.584017,2.479171,0.104846
2014-10-21,5.240246,2.587802,2.480115,0.107687
2014-10-22,5.242984,2.585200,2.481059,0.104142
2014-10-23,5.245722,2.567294,2.482001,0.085293
2014-10-24,5.248460,2.554691,2.482943,0.071748
2014-10-25,5.251198,2.547825,2.483884,0.063941
2014-10-26,5.253936,2.550777,2.484824,0.065954
2014-10-27,5.256674,2.550673,2.485763,0.064911
2014-10-28,5.259411,2.548447,2.486701,0.061746
2014-10-29,5.262149,2.538968,2.487638,0.051330
2014-10-30,5.264887,2.531258,2.488574,0.042684
2014-10-31,5.267625,2.535533,2.489510,0.046023
2014-11-01,5.270363,2.520078,2.490444,0.029634
2014-11-02,5.273101,2.513071,2.491378,0.021693
2014-11-03,5.275838,2.515407,2.492311,0.023096
2014-11-04,5.278576,2.514534,2.493243,0.021291
2014-11-05,5.281314,2.526745,2.494174,0.032571
2014-11-06,5.284052,2.536351,2.495104,0.041247
2014-11-07,5.286790,2.537680,2.496034,0.041646
2014-11-08,5.289528,2.536340,2.496962,0.039378
2014-11-09,5.292266,2.543362,2.497890,0.045472
2014-11-10,5.295003,2.561810,2.498816,0.062994
2014-11-11,5.297741,2.564777,2.499742,0.065035
2014-11-12,5.300479,2.596346,2.500667,0.095679
2014-11-13,5.303217,2.627712,2.501591,0.126121
2014-11-14,5.305955,2.601989,2.502515,0.099474
2014-11-15,5.308693,2.588075,2.503437,0.084638
2014-11-16,5.311431,2.587831,2.504359,0.083472
2014-11-17,5.314168,2.599497,2.505279,0.094217
2014-11-18,5.316906,2.583220,2.506199,0.077021
2014-11-19,5.319644,2.579461,2.507118,0.072343
2014-11-20,5.322382,2.563512,2.508036,0.055475
2014-11-21,5.325120,2.552079,2.508954,0.043126
2014-11-22,5.327858,2.553111,2.509870,0.043241
2014-11-23,5.330595,2.555163,2.510786,0.044378
2014-11-24,5.333333,2.574722,2.511700,0.063022
2014-11-25,5.336071,2.583960,2.512614,0.071345
2014-11-26,5.338809,2.570627,2.513527,0.057099
2014-11-27,5.341547,2.570495,2.514440,0.056056
2014-11-28,5.344285,2.568622,2.515351,0.053271
2014-11-29,5.347023,2.578564,2.516262,0.062302
2014-11-30,5.349760,2.578708,2.517171,0.061536
2014-12-01,5.352498,2.571481,2.518080,0.053401
2014-12-02,5.355236,2.580276,2.518988,0.061287
2014-12-03,5.357974,2.578095,2.519896,0.058200
2014-12-04,5.360712,2.573512,2.520802,0.052710
2014-12-05,5.363450,2.571886,2.521708,0.050178
2014-12-06,5.366188,2.574531,2.522612,0.051919
2014-12-07,5.368925,2.573348,2.523516,0.049832
2014-12-08,5.371663,2.568138,2.524419,0.043719
2014-12-09,5.374401,2.548290,2.525322,0.022968
2014-12-10,5.377139,2.548941,2.526223,0.022718
2014-12-11,5.379877,2.547854,2.527124,0.020730
2014-12-12,5.382615,2.549938,2.528024,0.021915
2014-12-13,5.385352,2.544611,2.528923,0.015689
2014-12-14,5.388090,2.546096,2.529821,0.016275
2014-12-15,5.390828,2.542732,2.530718,0.012014
2014-12-16,5.393566,2.528583,2.531615,-0.003032
2014-12-17,5.396304,2.512124,2.532511,-0.020387
2014-12-18,5.399042,2.504832,2.533406,-0.028574
2014-12-19,5.401780,2.499464,2.534300,-0.034836
2014-12-20,5.404517,2.512230,2.535193,-0.022963
2014-12-21,5.407255,2.511219,2.536086,-0.024867
2014-12-22,5.409993,2.514796,2.536978,-0.022182
2014-12-23,5.412731,2.522279,2.537869,-0.015589
2014-12-24,5.415469,2.517713,2.538759,-0.021046
2014-12-25,5.418207,2.504971,2.539648,-0.034677
2014-12-26,5.420945,2.509074,2.540537,-0.031463
2014-12-27,5.423682,2.504901,2.541425,-0.036524
2014-12-28,5.426420,2.501004,2.542312,-0.041308
2014-12-29,5.429158,2.500248,2.543198,-0.042950
2014-12-30,5.431896,2.496661,2.544084,-0.047423
2014-12-31,5.434634,2.497382,2.544968,-0.047586
2015-01-01,5.437372,2.500518,2.545852,-0.045334
2015-01-02,5.440110,2.499582,2.546736,-0.047153
2015-01-03,5.442847,2.482622,2.547618,-0.064996
2015-01-04,5.445585,2.441198,2.548500,-0.107302
2015-01-05,5.448323,2.436876,2.549380,-0.112504
2015-01-06,5.451061,2.442082,2.550260,-0.108178
2015-01-07,5.453799,2.460268,2.551140,-0.090872
2015-01-08,5.456537,2.465550,2.552018,-0.086468
2015-01-09,5.459274,2.460784,2.552896,-0.092112
2015-01-10,5.462012,2.450920,2.553773,-0.102853
2015-01-11,5.464750,2.439433,2.554649,-0.115216
2015-01-12,5.467488,2.432594,2.555525,-0.122931
2015-01-13,5.470226,2.387197,2.556399,-0.169202
2015-01-14,5.472964,2.295951,2.557273,-0.261322
2015-01-15,5.475702,2.315974,2.558147,-0.242172
2015-01-16,5.478439,2.326719,2.559019,-0.232300
2015-01-17,5.481177,2.304428,2.559891,-0.255463
2015-01-18,5.483915,2.317512,2.560762,-0.243249
2015-01-19,5.486653,2.327290,2.561632,-0.234342
2015-01-20,5.489391,2.325647,2.562501,-0.236854
2015-01-21,5.492129,2.335209,2.563370,-0.228161
2015-01-22,5.494867,2.363240,2.564238,-0.200998
2015-01-23,5.497604,2.362103,2.565105,-0.203002
2015-01-24,5.500342,2.377002,2.565972,-0.188970
2015-01-25,5.503080,2.397315,2.566837,-0.169522
2015-01-26,5.505818,2.448407,2.567702,-0.119296
2015-01-27,5.508556,2.417289,2.568567,-0.151278
2015-01-28,5.511294,2.405305,2.569430,-0.164125
2015-01-29,5.514031,2.369252,2.570293,-0.201042
2015-01-30,5.516769,2.368030,2.571155,-0.203125
2015-01-31,5.519507,2.361299,2.572017,-0.210718
2015-02-01,5.522245,2.345327,2.572877,-0.227550
2015-02-02,5.524983,2.357824,2.573737,-0.215913
2015-02-03,5.527721,2.376442,2.574596,-0.198155
2015-02-04,5.530459,2.358424,2.575455,-0.217031
2015-02-05,5.533196,2.346601,2.576313,-0.229711
2015-02-06,5.535934,2.342978,2.577170,-0.234191
2015-02-07,5.538672,2.352673,2.578026,-0.225353
2015-02-08,5.541410,2.353065,2.578882,-0.225816
2015-02-09,5.544148,2.344980,2.579736,-0.234756
2015-02-10,5.546886,2.340709,2.580591,-0.239881
2015-02-11,5.549624,2.343173,2.581444,-0.238271
2015-02-12,5.552361,2.343808,2.582297,-0.238489
2015-02-13,5.555099,2.365933,2.583149,-0.217216
2015-02-14,5.557837,2.389237,2.584000,-0.194763
2015-02-15,5.560575,2.396445,2.584851,-0.188406
2015-02-16,5.563313,2.372930,2.585701,-0.212771
2015-02-17,5.566051,2.378971,2.586550,-0.207579
2015-02-18,5.568789,2.379810,2.587399,-0.207589
2015-02-19,5.571526,2.378688,2.588247,-0.209559
2015-02-20,5.574264,2.386334,2.589094,-0.202760
2015-02-21,5.577002,2.387051,2.589941,-0.202889
2015-02-22,5.579740,2.383058,2.590786,-0.207728
2015-02-23,5.582478,2.374616,2.591631,-0.217016
2015-02-24,5.585216,2.378077,2.592476,-0.214399
2015-02-25,5.587953,2.377476,2.593320,-0.215844
2015-02-26,5.590691,2.375087,2.594163,-0.219076
2015-02-27,5.593429,2.396740,2.595005,-0.198265
2015-02-28,5.596167,2.401736,2.595847,-0.194111
2015-03-01,5.598905,2.401296,2.596688,-0.195392
2015-03-02,5.601643,2.419428,2.597528,-0.178101
2015-03-03,5.604381,2.439185,2.598368,-0.159184
2015-03-04,5.607118,2.446291,2.599207,-0.152916
2015-03-05,5.609856,2.434955,2.600046,-0.165091
2015-03-06,5.612594,2.435967,2.600883,-0.164916
2015-03-07,5.615332,2.437084,2.601720,-0.164636
2015-03-08,5.618070,2.440254,2.602557,-0.162303
2015-03-09,5.620808,2.449794,2.603393,-0.153599
2015-03-10,5.623546,2.465567,2.604228,-0.138661
2015-03-11,5.626283,2.468112,2.605062,-0.136951
2015-03-12,5.629021,2.469581,2.605896,-0.136315
2015-03-13,5.631759,2.465338,2.606729,-0.141391
2015-03-14,5.634497,2.459068,2.607562,-0.148493
2015-03-15,5.637235,2.456194,2.608393,-0.152199
2015-03-16,5.639973,2.465239,2.609225,-0.143986
2015-03-17,5.642710,2.461979,2.610055,-0.148076
2015-03-18,5.645448,2.438931,2.610885,-0.171954
2015-03-19,5.648186,2.414503,2.611714,-0.197212
2015-03-20,5.650924,2.419420,2.612543,-0.193122
2015-03-21,5.653662,2.416530,2.613371,-0.196841
2015-03-22,5.656400,2.419548,2.614198,-0.194650
2015-03-23,5.659138,2.428098,2.615025,-0.186926
2015-03-24,5.661875,2.410038,2.615851,-0.205812
2015-03-25,5.664613,2.391341,2.616676,-0.225336
2015-03-26,5.667351,2.399037,2.617501,-0.218464
2015-03-27,5.670089,2.395364,2.618325,-0.222961
2015-03-28,5.672827,2.401098,2.619149,-0.218051
2015-03-29,5.675565,2.391571,2.619972,-0.228401
2015-03-30,5.678303,2.392283,2.620794,-0.228511
2015-03-31,5.681040,2.391452,2.621616,-0.230164
2015-04-01,5.683778,2.387537,2.622437,-0.234900
2015-04-02,5.686516,2.394325,2.623257,-0.228932
2015-04-03,5.689254,2.402516,2.624077,-0.221562
2015-04-04,5.691992,2.403113,2.624897,-0.221784
2015-04-05,5.694730,2.408120,2.625715,-0.217596
2015-04-06,5.697467,2.408835,2.626533,-0.217698
2015-04-07,5.700205,2.403417,2.627351,-0.223934
2015-04-08,5.702943,2.396442,2.628168,-0.231725
2015-04-09,5.705681,2.389920,2.628984,-0.239064
2015-04-10,5.708419,2.380030,2.629799,-0.249770
2015-04-11,5.711157,2.376505,2.630614,-0.254110
2015-04-12,5.713895,2.375829,2.631429,-0.255600
2015-04-13,5.716632,2.366857,2.632243,-0.265386
2015-04-14,5.719370,2.347349,2.633056,-0.285707
2015-04-15,5.722108,2.348433,2.633869,-0.285435
2015-04-16,5.724846,2.358132,2.634681,-0.276549
2015-04-17,5.727584,2.353182,2.635492,-0.282310
2015-04-18,5.730322,2.350355,2.636303,-0.285948
2015-04-19,5.733060,2.352831,2.637113,-0.284282
2015-04-20,5.735797,2.352534,2.637923,-0.285389
2015-04-21,5.738535,2.355822,2.638732,-0.282910
2015-04-22,5.741273,2.371273,2.639541,-0.268268
2015-04-23,5.744011,2.370210,2.640349,-0.270139
2015-04-24,5.746749,2.366602,2.641156,-0.274554
2015-04-25,5.749487,2.360554,2.641963,-0.281409
2015-04-26,5.752225,2.344876,2.642769,-0.297893
2015-04-27,5.754962,2.348147,2.643575,-0.295428
2015-04-28,5.757700,2.353998,2.644380,-0.290382
2015-04-29,5.760438,2.353893,2.645185,-0.291291
2015-04-30,5.763176,2.366095,2.645989,-0.279894
2015-05-01,5.765914,2.372450,2.646792,-0.274342
2015-05-02,5.768652,2.370954,2.647595,-0.276641
2015-05-03,5.771389,2.379122,2.648397,-0.269275
2015-05-04,5.774127,2.379530,2.649199,-0.269669
2015-05-05,5.776865,2.371694,2.650000,-0.278307
2015-05-06,5.779603,2.371481,2.650801,-0.279320
2015-05-07,5.782341,2.367040,2.651601,-0.284561
2015-05-08,5.785079,2.378638,2.652401,-0.273763
2015-05-09,5.787817,2.384147,2.653200,-0.269053
2015-05-10,5.790554,2.382295,2.653998,-0.271704
2015-05-11,5.793292,2.383073,2.654796,-0.271724
2015-05-12,5.796030,2.383374,2.655594,-0.272220
2015-05-13,5.798768,2.384369,2.656391,-0.272022
2015-05-14,5.801506,2.375905,2.657187,-0.281283
2015-05-15,5.804244,2.377035,2.657983,-0.280948
2015-05-16,5.806982,2.375505,2.658778,-0.283273
2015-05-17,5.809719,2.374723,2.659573,-0.284850
2015-05-18,5.812457,2.373399,2.660367,-0.286968
2015-05-19,5.815195,2.368781,2.661161,-0.292380
2015-05-20,5.817933,2.369142,2.661954,-0.292812
2015-05-21,5.820671,2.371724,2.662747,-0.291023
2015-05-22,5.823409,2.375237,2.663539,-0.288302
2015-05-23,5.826146,2.379537,2.664330,-0.284794
2015-05-24,5.828884,2.379179,2.665122,-0.285942
2015-05-25,5.831622,2.377115,2.665912,-0.288797
2015-05-26,5.834360,2.375153,2.666702,-0.291549
2015-05-27,5.837098,2.375276,2.667492,-0.292216
2015-05-28,5.839836,2.375025,2.668281,-0.293256
2015-05-29,5.842574,2.374057,2.669069,-0.295012
2015-05-30,5.845311,2.369794,2.669857,-0.300063
2015-05-31,5.848049,2.367317,2.670645,-0.303328
2015-06-01,5.850787,2.357767,2.671432,-0.313665
2015-06-02,5.853525,2.353209,2.672219,-0.319009
2015-06-03,5.856263,2.355513,2.673005,-0.317492
2015-06-04,5.859001,2.355183,2.673790,-0.318607
2015-06-05,5.861739,2.352855,2.674575,-0.321720
2015-06-06,5.864476,2.352776,2.675360,-0.322583
2015-06-07,5.867214,2.352024,2.676144,-0.324120
2015-06-08,5.869952,2.355695,2.676927,-0.321233
2015-06-09,5.872690,2.361476,2.677711,-0.316235
2015-06-10,5.875428,2.360301,2.678493,-0.318192
2015-06-11,5.878166,2.361602,2.679275,-0.317674
2015-06-12,5.880903,2.362187,2.680057,-0.317870
2015-06-13,5.883641,2.362953,2.680838,-0.317885
2015-06-14,5.886379,2.366943,2.681619,-0.314676
2015-06-15,5.889117,2.370636,2.682399,-0.311763
2015-06-16,5.891855,2.383356,2.683179,-0.299823
2015-06-17,5.894593,2.398441,2.683958,-0.285518
2015-06-18,5.897331,2.395399,2.684737,-0.289338
2015-06-19,5.900068,2.394024,2.685515,-0.291492
2015-06-20,5.902806,2.387603,2.686293,-0.298690
2015-06-21,5.905544,2.387243,2.687071,-0.299827
2015-06-22,5.908282,2.390041,2.687848,-0.297807
2015-06-23,5.911020,2.388949,2.688624,-0.299676
2015-06-24,5.913758,2.384704,2.689400,-0.304696
2015-06-25,5.916496,2.383841,2.690176,-0.306335
2015-06-26,5.919233,2.384514,2.690951,-0.306437
2015-06-27,5.921971,2.390378,2.691726,-0.301348
2015-06-28,5.924709,2.395747,2.692500,-0.296753
2015-06-29,5.927447,2.402443,2.693274,-0.290831
2015-06-30,5.930185,2.419211,2.694047,-0.274837
2015-07-01,5.932923,2.413808,2.694820,-0.281012
2015-07-02,5.935661,2.409512,2.695592,-0.286081
2015-07-03,5.938398,2.407026,2.696365,-0.289339
2015-07-04,5.941136,2.408840,2.697136,-0.288296
2015-07-05,5.943874,2.420409,2.697907,-0.277499
2015-07-06,5.946612,2.432506,2.698678,-0.266172
2015-07-07,5.949350,2.427164,2.699448,-0.272285
2015-07-08,5.952088,2.428632,2.700218,-0.271586
2015-07-09,5.954825,2.430757,2.700988,-0.270230
2015-07-10,5.957563,2.449462,2.701757,-0.252294
2015-07-11,5.960301,2.464386,2.702525,-0.238139
2015-07-12,5.963039,2.482938,2.703293,-0.220356
2015-07-13,5.965777,2.470046,2.704061,-0.234015
2015-07-14,5.968515,2.465030,2.704829,-0.239798
2015-07-15,5.971253,2.462994,2.705595,-0.242601
2015-07-16,5.973990,2.450726,2.706362,-0.255636
2015-07-17,5.976728,2.443808,2.707128,-0.263320
2015-07-18,5.979466,2.444168,2.707894,-0.263725
2015-07-19,5.982204,2.440781,2.708659,-0.267878
2015-07-20,5.984942,2.442048,2.709424,-0.267376
2015-07-21,5.987680,2.444996,2.710188,-0.265192
2015-07-22,5.990418,2.441728,2.710952,-0.269224
2015-07-23,5.993155,2.442429,2.711716,-0.269287
2015-07-24,5.995893,2.452116,2.712479,-0.260363
2015-07-25,5.998631,2.460381,2.713242,-0.252862
2015-07-26,6.001369,2.463623,2.714005,-0.250382
2015-07-27,6.004107,2.465445,2.714767,-0.249322
2015-07-28,6.006845,2.468638,2.715528,-0.246890
2015-07-29,6.009582,2.463374,2.716290,-0.252915
2015-07-30,6.012320,2.459058,2.717051,-0.257992
2015-07-31,6.015058,2.455567,2.717811,-0.262245
2015-08-01,6.017796,2.450033,2.718571,-0.268538
2015-08-02,6.020534,2.448167,2.719331,-0.271165
2015-08-03,6.023272,2.452226,2.720091,-0.267864
2015-08-04,6.026010,2.453900,2.720850,-0.266950
2015-08-05,6.028747,2.452212,2.721608,-0.269396
2015-08-06,6.031485,2.447654,2.722367,-0.274712
2015-08-07,6.034223,2.445771,2.723124,-0.277353
2015-08-08,6.036961,2.436999,2.723882,-0.286883
2015-08-09,6.039699,2.421865,2.724639,-0.302774
2015-08-10,6.042437,2.423611,2.725396,-0.301785
2015-08-11,6.045175,2.426397,2.726152,-0.299756
2015-08-12,6.047912,2.428903,2.726908,-0.298005
2015-08-13,6.050650,2.423478,2.727664,-0.304186
2015-08-14,6.053388,2.424364,2.728419,-0.304055
2015-08-15,6.056126,2.424645,2.729174,-0.304530
2015-08-16,6.058864,2.415144,2.729929,-0.314786
2015-08-17,6.061602,2.413118,2.730683,-0.317566
2015-08-18,6.064339,2.406105,2.731437,-0.325332
2015-08-19,6.067077,2.366717,2.732191,-0.365474
2015-08-20,6.069815,2.368562,2.732944,-0.364382
2015-08-21,6.072553,2.369551,2.733697,-0.364146
2015-08-22,6.075291,2.362791,2.734450,-0.371659
2015-08-23,6.078029,2.361660,2.735202,-0.373542
2015-08-24,6.080767,2.343674,2.735954,-0.392280
2015-08-25,6.083504,2.335893,2.736705,-0.400813
2015-08-26,6.086242,2.355471,2.737457,-0.381985
2015-08-27,6.088980,2.355446,2.738208,-0.382762
2015-08-28,6.091718,2.359174,2.738958,-0.379784
2015-08-29,6.094456,2.363017,2.739708,-0.376692
2015-08-30,6.097194,2.360110,2.740458,-0.380348
2015-08-31,6.099932,2.360776,2.741208,-0.380432
2015-09-01,6.102669,2.360457,2.741957,-0.381500
2015-09-02,6.105407,2.359966,2.742706,-0.382740
2015-09-03,6.108145,2.358557,2.743455,-0.384898
2015-09-04,6.110883,2.361672,2.744203,-0.382531
2015-09-05,6.113621,2.367487,2.744951,-0.377464
2015-09-06,6.116359,2.381117,2.745699,-0.364582
2015-09-07,6.119097,2.382536,2.746446,-0.363910
2015-09-08,6.121834,2.387512,2.747193,-0.359681
2015-09-09,6.124572,2.382080,2.747940,-0.365860
2015-09-10,6.127310,2.379163,2.748686,-0.369523
2015-09-11,6.130048,2.382247,2.749432,-0.367185
2015-09-12,6.132786,2.380020,2.750178,-0.370158
2015-09-13,6.135524,2.369785,2.750924,-0.381138
2015-09-14,6.138261,2.365043,2.751669,-0.386626
2015-09-15,6.140999,2.365524,2.752414,-0.386890
2015-09-16,6.143737,2.361676,2.753159,-0.391483
2015-09-17,6.146475,2.364446,2.753903,-0.389457
2015-09-18,6.149213,2.369530,2.754647,-0.385118
2015-09-19,6.151951,2.366877,2.755391,-0.388514
2015-09-20,6.154689,2.366106,2.756134,-0.390029
2015-09-21,6.157426,2.360134,2.756878,-0.396744
2015-09-22,6.160164,2.361993,2.757621,-0.395628
2015-09-23,6.162902,2.364842,2.758363,-0.393521
2015-09-24,6.165640,2.367440,2.759106,-0.391666
2015-09-25,6.168378,2.373202,2.759848,-0.386646
2015-09-26,6.171116,2.371310,2.760590,-0.389280
2015-09-27,6.173854,2.369558,2.761331,-0.391774
2015-09-28,6.176591,2.376826,2.762072,-0.385247
2015-09-29,6.179329,2.378012,2.762814,-0.384801
2015-09-30,6.182067,2.375908,2.763554,-0.387646
2015-10-01,6.184805,2.376479,2.764295,-0.387816
2015-10-02,6.187543,2.377339,2.765035,-0.387696
2015-10-03,6.190281,2.378533,2.765775,-0.387242
2015-10-04,6.193018,2.379555,2.766515,-0.386960
2015-10-05,6.195756,2.379503,2.767254,-0.387751
2015-10-06,6.198494,2.386287,2.767993,-0.381707
2015-10-07,6.201232,2.389688,2.768732,-0.379044
2015-10-08,6.203970,2.387821,2.769471,-0.381650
2015-10-09,6.206708,2.388745,2.770210,-0.381465
2015-10-10,6.209446,2.389611,2.770948,-0.381337
2015-10-11,6.212183,2.392050,2.771686,-0.379636
2015-10-12,6.214921,2.392996,2.772423,-0.379428
2015-10-13,6.217659,2.394580,2.773161,-0.378581
2015-10-14,6.220397,2.400372,2.773898,-0.373526
2015-10-15,6.223135,2.405699,2.774635,-0.368936
2015-10-16,6.225873,2.414938,2.775372,-0.360434
2015-10-17,6.228611,2.429882,2.776108,-0.346226
2015-10-18,6.231348,2.426078,2.776845,-0.350767
2015-10-19,6.234086,2.421840,2.777581,-0.355741
2015-10-20,6.236824,2.427926,2.778317,-0.350391
2015-10-21,6.239562,2.428464,2.779052,-0.350588
2015-10-22,6.242300,2.434546,2.779788,-0.345242
2015-10-23,6.245038,2.442398,2.780523,-0.338125
2015-10-24,6.247775,2.446967,2.781258,-0.334291
2015-10-25,6.250513,2.461136,2.781993,-0.320857
2015-10-26,6.253251,2.454529,2.782727,-0.328198
2015-10-27,6.255989,2.465353,2.783461,-0.318109
2015-10-28,6.258727,2.477545,2.784196,-0.306651
2015-10-29,6.261465,2.489406,2.784929,-0.295523
2015-10-30,6.264203,2.510789,2.785663,-0.274874
2015-10-31,6.266940,2.507829,2.786397,-0.278567
2015-11-01,6.269678,2.502130,2.787130,-0.285000
2015-11-02,6.272416,2.525397,2.787863,-0.262466
2015-11-03,6.275154,2.580156,2.788596,-0.208440
2015-11-04,6.277892,2.646659,2.789329,-0.142670
2015-11-05,6.280630,2.602643,2.790061,-0.187418
2015-11-06,6.283368,2.571639,2.790793,-0.219154
2015-11-07,6.286105,2.584408,2.791525,-0.207118
2015-11-08,6.288843,2.582447,2.792257,-0.209810
2015-11-09,6.291581,2.574157,2.792989,-0.218832
2015-11-10,6.294319,2.562945,2.793721,-0.230776
2015-11-11,6.297057,2.501409,2.794452,-0.293042
2015-11-12,6.299795,2.516864,2.795183,-0.278319
2015-11-13,6.302533,2.525362,2.795914,-0.270552
2015-11-14,6.305270,2.525969,2.796645,-0.270676
2015-11-15,6.308008,2.518132,2.797375,-0.279244
2015-11-16,6.310746,2.510537,2.798106,-0.287569
2015-11-17,6.313484,2.525726,2.798836,-0.273110
2015-11-18,6.316222,2.523600,2.799566,-0.275966
2015-11-19,6.318960,2.519993,2.800296,-0.280303
2015-11-20,6.321697,2.506482,2.801026,-0.294544
2015-11-21,6.324435,2.512355,2.801755,-0.289401
2015-11-22,6.327173,2.511719,2.802485,-0.290766
2015-11-23,6.329911,2.510202,2.803214,-0.293012
2015-11-24,6.332649,2.507188,2.803943,-0.296755
2015-11-25,6.335387,2.510206,2.804672,-0.294467
2015-11-26,6.338125,2.536342,2.805401,-0.269059
2015-11-27,6.340862,2.552051,2.806130,-0.254079
2015-11-28,6.343600,2.551499,2.806858,-0.255359
2015-11-29,6.346338,2.557790,2.807586,-0.249796
2015-11-30,6.349076,2.575881,2.808315,-0.232433
2015-12-01,6.351814,2.565733,2.809043,-0.243309
2015-12-02,6.354552,2.552807,2.809771,-0.256963
2015-12-03,6.357290,2.560132,2.810498,-0.250366
2015-12-04,6.360027,2.557934,2.811226,-0.253292
2015-12-05,6.362765,2.573998,2.811953,-0.237955
2015-12-06,6.365503,2.594461,2.812681,-0.218220
2015-12-07,6.368241,2.594360,2.813408,-0.219048
2015-12-08,6.370979,2.596559,2.814135,-0.217576
2015-12-09,6.373717,2.619251,2.814862,-0.195611
2015-12-10,6.376454,2.625330,2.815589,-0.190258
2015-12-11,6.379192,2.635881,2.816315,-0.180434
2015-12-12,6.381930,2.636339,2.817042,-0.180703
2015-12-13,6.384668,2.638252,2.817768,-0.179516
2015-12-14,6.387406,2.643656,2.818495,-0.174839
2015-12-15,6.390144,2.657760,2.819221,-0.161461
2015-12-16,6.392882,2.658480,2.819947,-0.161467
2015-12-17,6.395619,2.656738,2.820673,-0.163935
2015-12-18,6.398357,2.666574,2.821399,-0.154825
2015-12-19,6.401095,2.664259,2.822124,-0.157865
2015-12-20,6.403833,2.655794,2.822850,-0.167056
2015-12-21,6.406571,2.641815,2.823575,-0.181761
2015-12-22,6.409309,2.642312,2.824301,-0.181989
2015-12-23,6.412047,2.644056,2.825026,-0.180970
2015-12-24,6.414784,2.656992,2.825751,-0.168759
2015-12-25,6.417522,2.658096,2.826476,-0.168380
2015-12-26,6.420260,2.634343,2.827201,-0.192858
2015-12-27,6.422998,2.622968,2.827926,-0.204958
2015-12-28,6.425736,2.628535,2.828651,-0.200116
2015-12-29,6.428474,2.629917,2.829375,-0.199459
2015-12-30,6.431211,2.633341,2.830100,-0.196759
2015-12-31,6.433949,2.630356,2.830825,-0.200469
2016-01-01,6.436687,2.635803,2.831549,-0.195746
2016-01-02,6.439425,2.637230,2.832273,-0.195043
2016-01-03,6.442163,2.632620,2.832998,-0.200378
2016-01-04,6.444901,2.634895,2.833722,-0.198827
2016-01-05,6.447639,2.635734,2.834446,-0.198712
2016-01-06,6.450376,2.633738,2.835170,-0.201431
2016-01-07,6.453114,2.651345,2.835894,-0.184548
2016-01-08,6.455852,2.658134,2.836617,-0.178483
2016-01-09,6.458590,2.654087,2.837341,-0.183254
2016-01-10,6.461328,2.648798,2.838065,-0.189267
2016-01-11,6.464066,2.651181,2.838788,-0.187607
2016-01-12,6.466804,2.650774,2.839512,-0.188738
2016-01-13,6.469541,2.633835,2.840235,-0.206400
2016-01-14,6.472279,2.635001,2.840959,-0.205958
2016-01-15,6.475017,2.606390,2.841682,-0.235292
2016-01-16,6.477755,2.570351,2.842405,-0.272055
2016-01-17,6.480493,2.585519,2.843129,-0.257610
2016-01-18,6.483231,2.584141,2.843852,-0.259711
2016-01-19,6.485969,2.584615,2.844575,-0.259960
2016-01-20,6.488706,2.595620,2.845298,-0.249678
2016-01-21,6.491444,2.618551,2.846021,-0.227470
2016-01-22,6.494182,2.595767,2.846744,-0.250977
2016-01-23,6.496920,2.590259,2.847467,-0.257208
2016-01-24,6.499658,2.598416,2.848190,-0.249774
2016-01-25,6.502396,2.597683,2.848913,-0.251229
2016-01-26,6.505133,2.595651,2.849635,-0.253984
2016-01-27,6.507871,2.596660,2.850358,-0.253698
2016-01-28,6.510609,2.584901,2.851081,-0.266180
2016-01-29,6.513347,2.576211,2.851803,-0.275592
2016-01-30,6.516085,2.578599,2.852526,-0.273927
2016-01-31,6.518823,2.578169,2.853249,-0.275080
2016-02-01,6.521561,2.573190,2.853971,-0.280781
2016-02-02,6.524298,2.573547,2.854694,-0.281146
2016-02-03,6.527036,2.570488,2.855416,-0.284928
2016-02-04,6.529774,2.577800,2.856139,-0.278338
2016-02-05,6.532512,2.587408,2.856861,-0.269453
2016-02-06,6.535250,2.576527,2.857583,-0.281056
2016-02-07,6.537988,2.576044,2.858306,-0.282262
2016-02-08,6.540726,2.575595,2.859028,-0.283433
2016-02-09,6.543463,2.573162,2.859750,-0.286588
2016-02-10,6.546201,2.577994,2.860473,-0.282479
2016-02-11,6.548939,2.578294,2.861195,-0.282901
2016-02-12,6.551677,2.581443,2.861917,-0.280475
2016-02-13,6.554415,2.589271,2.862640,-0.273369
2016-02-14,6.557153,2.600513,2.863362,-0.262848
2016-02-15,6.559890,2.604409,2.864084,-0.259675
2016-02-16,6.562628,2.605702,2.864806,-0.259105
2016-02-17,6.565366,2.616765,2.865529,-0.248764
2016-02-18,6.568104,2.622909,2.866251,-0.243342
2016-02-19,6.570842,2.623124,2.866973,-0.243849
2016-02-20,6.573580,2.633094,2.867695,-0.234601
2016-02-21,6.576318,2.640642,2.868418,-0.227776
2016-02-22,6.579055,2.639167,2.869140,-0.229973
2016-02-23,6.581793,2.630242,2.869862,-0.239620
2016-02-24,6.584531,2.624083,2.870585,-0.246501
2016-02-25,6.587269,2.626227,2.871307,-0.245080
2016-02-26,6.590007,2.627194,2.872029,-0.244835
2016-02-27,6.592745,2.635299,2.872751,-0.237452
2016-02-28,6.595483,2.632460,2.873474,-0.241014
2016-02-29,6.598220,2.639517,2.874196,-0.234679
2016-03-01,6.600958,2.637506,2.874918,-0.237412
2016-03-02,6.603696,2.635057,2.875641,-0.240584
2016-03-03,6.606434,2.624597,2.876363,-0.251766
2016-03-04,6.609172,2.622350,2.877086,-0.254736
2016-03-05,6.611910,2.605164,2.877808,-0.272644
2016-03-06,6.614648,2.605356,2.878531,-0.273175
2016-03-07,6.617385,2.611626,2.879253,-0.267627
2016-03-08,6.620123,2.614873,2.879976,-0.265103
2016-03-09,6.622861,2.614703,2.880698,-0.265995
2016-03-10,6.625599,2.616668,2.881421,-0.264753
2016-03-11,6.628337,2.622834,2.882144,-0.259310
2016-03-12,6.631075,2.616993,2.882866,-0.265873
2016-03-13,6.633812,2.615801,2.883589,-0.267788
2016-03-14,6.636550,2.617317,2.884312,-0.266995
2016-03-15,6.639288,2.619228,2.885035,-0.265807
2016-03-16,6.642026,2.619000,2.885757,-0.266757
2016-03-17,6.644764,2.621950,2.886480,-0.264530
2016-03-18,6.647502,2.616841,2.887203,-0.270362
2016-03-19,6.650240,2.611781,2.887926,-0.276146
2016-03-20,6.652977,2.614336,2.888649,-0.274314
2016-03-21,6.655715,2.613548,2.889372,-0.275825
2016-03-22,6.658453,2.619404,2.890096,-0.270691
2016-03-23,6.661191,2.620925,2.890819,-0.269894
2016-03-24,6.663929,2.619611,2.891542,-0.271931
2016-03-25,6.666667,2.618949,2.892265,-0.273316
2016-03-26,6.669405,2.619580,2.892989,-0.273409
2016-03-27,6.672142,2.623458,2.893712,-0.270254
2016-03-28,6.674880,2.627003,2.894436,-0.267433
2016-03-29,6.677618,2.622000,2.895159,-0.273159
2016-03-30,6.680356,2.616724,2.895883,-0.279159
2016-03-31,6.683094,2.619239,2.896607,-0.277368
2016-04-01,6.685832,2.619343,2.897331,-0.277987
2016-04-02,6.688569,2.622690,2.898054,-0.275364
2016-04-03,6.691307,2.622051,2.898778,-0.276727
2016-04-04,6.694045,2.622581,2.899502,-0.276921
2016-04-05,6.696783,2.625471,2.900227,-0.274755
2016-04-06,6.699521,2.625837,2.900951,-0.275113
2016-04-07,6.702259,2.624704,2.901675,-0.276971
2016-04-08,6.704997,2.625079,2.902399,-0.277320
2016-04-09,6.707734,2.621280,2.903124,-0.281843
2016-04-10,6.710472,2.623978,2.903848,-0.279871
2016-04-11,6.713210,2.624937,2.904573,-0.279636
2016-04-12,6.715948,2.628518,2.905298,-0.276780
2016-04-13,6.718686,2.628723,2.906022,-0.277300
2016-04-14,6.721424,2.628126,2.906747,-0.278621
2016-04-15,6.724162,2.631106,2.907472,-0.276366
2016-04-16,6.726899,2.633936,2.908197,-0.274261
2016-04-17,6.729637,2.631956,2.908923,-0.276966
2016-04-18,6.732375,2.631771,2.909648,-0.277877
2016-04-19,6.735113,2.633144,2.910373,-0.277229
2016-04-20,6.737851,2.641577,2.911099,-0.269521
2016-04-21,6.740589,2.647399,2.911824,-0.264425
2016-04-22,6.743326,2.649878,2.912550,-0.262672
2016-04-23,6.746064,2.650419,2.913276,-0.262857
2016-04-24,6.748802,2.656950,2.914002,-0.257052
2016-04-25,6.751540,2.661800,2.914728,-0.252927
2016-04-26,6.754278,2.666196,2.915454,-0.249257
2016-04-27,6.757016,2.662358,2.916180,-0.253822
2016-04-28,6.759754,2.648800,2.916906,-0.268107
2016-04-29,6.762491,2.653979,2.917633,-0.263653
2016-04-30,6.765229,2.656025,2.918360,-0.262335
2016-05-01,6.767967,2.654590,2.919086,-0.264496
2016-05-02,6.770705,2.650437,2.919813,-0.269376
2016-05-03,6.773443,2.650822,2.920540,-0.269718
2016-05-04,6.776181,2.651699,2.921267,-0.269568
2016-05-05,6.778919,2.651349,2.921994,-0.270645
2016-05-06,6.781656,2.655627,2.922722,-0.267094
2016-05-07,6.784394,2.661507,2.923449,-0.261942
2016-05-08,6.787132,2.661007,2.924177,-0.263170
2016-05-09,6.789870,2.662432,2.924905,-0.262473
2016-05-10,6.792608,2.659941,2.925633,-0.265692
2016-05-11,6.795346,2.656817,2.926361,-0.269544
2016-05-12,6.798084,2.655340,2.927089,-0.271749
2016-05-13,6.800821,2.658217,2.927817,-0.269600
2016-05-14,6.803559,2.658972,2.928546,-0.269573
2016-05-15,6.806297,2.659660,2.929274,-0.269614
2016-05-16,6.809035,2.659624,2.930003,-0.270379
2016-05-17,6.811773,2.657079,2.930732,-0.273653
2016-05-18,6.814511,2.657590,2.931461,-0.273871
2016-05-19,6.817248,2.652711,2.932190,-0.279479
2016-05-20,6.819986,2.644648,2.932919,-0.288272
2016-05-21,6.822724,2.645286,2.933649,-0.288362
2016-05-22,6.825462,2.644962,2.934379,-0.289417
2016-05-23,6.828200,2.645081,2.935108,-0.290027
2016-05-24,6.830938,2.648453,2.935838,-0.287385
2016-05-25,6.833676,2.651430,2.936568,-0.285138
2016-05-26,6.836413,2.654125,2.937299,-0.283174
2016-05-27,6.839151,2.672884,2.938029,-0.265145
2016-05-28,6.841889,2.694673,2.938760,-0.244087
2016-05-29,6.844627,2.717217,2.939491,-0.222274
2016-05-30,6.847365,2.725166,2.940221,-0.215056
2016-05-31,6.850103,2.727466,2.940953,-0.213487
2016-06-01,6.852841,2.726729,2.941684,-0.214955
2016-06-02,6.855578,2.731211,2.942415,-0.211204
2016-06-03,6.858316,2.743207,2.943147,-0.199940
2016-06-04,6.861054,2.758453,2.943879,-0.185426
2016-06-05,6.863792,2.760345,2.944611,-0.184266
2016-06-06,6.866530,2.764105,2.945343,-0.181238
2016-06-07,6.869268,2.765016,2.946075,-0.181059
2016-06-08,6.872005,2.762410,2.946808,-0.184398
2016-06-09,6.874743,2.761712,2.947540,-0.185829
2016-06-10,6.877481,2.760865,2.948273,-0.187408
2016-06-11,6.880219,2.765872,2.949006,-0.183135
2016-06-12,6.882957,2.805634,2.949740,-0.144105
2016-06-13,6.885695,2.837355,2.950473,-0.113118
2016-06-14,6.888433,2.836713,2.951207,-0.114494
2016-06-15,6.891170,2.835086,2.951941,-0.116855
2016-06-16,6.893908,2.867302,2.952675,-0.085373
2016-06-17,6.896646,2.873414,2.953409,-0.079995
2016-06-18,6.899384,2.875562,2.954143,-0.078581
2016-06-19,6.902122,2.877587,2.954878,-0.077290
2016-06-20,6.904860,2.873413,2.955613,-0.082200
2016-06-21,6.907598,2.833143,2.956348,-0.123205
2016-06-22,6.910335,2.813472,2.957083,-0.143610
2016-06-23,6.913073,2.773533,2.957818,-0.184285
2016-06-24,6.915811,2.818063,2.958554,-0.140491
2016-06-25,6.918549,2.828023,2.959290,-0.131267
2016-06-26,6.921287,2.807828,2.960026,-0.152198
2016-06-27,6.924025,2.806853,2.960762,-0.153908
2016-06-28,6.926762,2.814273,2.961498,-0.147225
2016-06-29,6.929500,2.803194,2.962235,-0.159041
2016-06-30,6.932238,2.815411,2.962972,-0.147561
2016-07-01,6.934976,2.829628,2.963709,-0.134081
2016-07-02,6.937714,2.836592,2.964446,-0.127854
2016-07-03,6.940452,2.828646,2.965184,-0.136537
2016-07-04,6.943190,2.825742,2.965921,-0.140180
2016-07-05,6.945927,2.827660,2.966659,-0.139000
2016-07-06,6.948665,2.827020,2.967398,-0.140377
2016-07-07,6.951403,2.807352,2.968136,-0.160784
2016-07-08,6.954141,2.810735,2.968875,-0.158140
2016-07-09,6.956879,2.813730,2.969613,-0.155884
2016-07-10,6.959617,2.810978,2.970353,-0.159374
2016-07-11,6.962355,2.811727,2.971092,-0.159365
2016-07-12,6.965092,2.818161,2.971831,-0.153670
2016-07-13,6.967830,2.822386,2.972571,-0.150185
2016-07-14,6.970568,2.817975,2.973311,-0.155336
2016-07-15,6.973306,2.821669,2.974051,-0.152382
2016-07-16,6.976044,2.822034,2.974792,-0.152758
2016-07-17,6.978782,2.825918,2.975533,-0.149615
2016-07-18,6.981520,2.830020,2.976274,-0.146254
2016-07-19,6.984257,2.826435,2.977015,-0.150580
2016-07-20,6.986995,2.825738,2.977756,-0.152018
2016-07-21,6.989733,2.821673,2.978498,-0.156825
2016-07-22,6.992471,2.819934,2.979240,-0.159306
2016-07-23,6.995209,2.815522,2.979982,-0.164460
2016-07-24,6.997947,2.817639,2.980724,-0.163086
2016-07-25,7.000684,2.817211,2.981467,-0.164256
2016-07-26,7.003422,2.814528,2.982210,-0.167682
2016-07-27,7.006160,2.815453,2.982953,-0.167500
2016-07-28,7.008898,2.816456,2.983697,-0.167240
2016-07-29,7.011636,2.817229,2.984440,-0.167212
2016-07-30,7.014374,2.816703,2.985184,-0.168482
2016-07-31,7.017112,2.803736,2.985928,-0.182192
2016-08-01,7.019849,2.792997,2.986673,-0.193676
2016-08-02,7.022587,2.772960,2.987418,-0.214458
2016-08-03,7.025325,2.741527,2.988163,-0.246635
2016-08-04,7.028063,2.758150,2.988908,-0.230758
2016-08-05,7.030801,2.757951,2.989653,-0.231703
2016-08-06,7.033539,2.760475,2.990399,-0.229924
2016-08-07,7.036277,2.771954,2.991145,-0.219191
2016-08-08,7.039014,2.771691,2.991891,-0.220200
2016-08-09,7.041752,2.769523,2.992638,-0.223115
2016-08-10,7.044490,2.772337,2.993385,-0.221048
2016-08-11,7.047228,2.773731,2.994132,-0.220401
2016-08-12,7.049966,2.769498,2.994879,-0.225381
2016-08-13,7.052704,2.769591,2.995627,-0.226036
2016-08-14,7.055441,2.761629,2.996375,-0.234746
2016-08-15,7.058179,2.756585,2.997123,-0.240538
2016-08-16,7.060917,2.758767,2.997871,-0.239104
2016-08-17,7.063655,2.760717,2.998620,-0.237903
2016-08-18,7.066393,2.760232,2.999369,-0.239138
2016-08-19,7.069131,2.761397,3.000119,-0.238722
2016-08-20,7.071869,2.762928,3.000868,-0.237940
2016-08-21,7.074606,2.765598,3.001618,-0.236020
2016-08-22,7.077344,2.768928,3.002368,-0.233440
2016-08-23,7.080082,2.767747,3.003119,-0.235372
2016-08-24,7.082820,2.765367,3.003869,-0.238502
2016-08-25,7.085558,2.761750,3.004620,-0.242870
2016-08-26,7.088296,2.762973,3.005372,-0.242399
2016-08-27,7.091034,2.759257,3.006123,-0.246867
2016-08-28,7.093771,2.758105,3.006875,-0.248770
2016-08-29,7.096509,2.759706,3.007628,-0.247922
2016-08-30,7.099247,2.763168,3.008380,-0.245212
2016-08-31,7.101985,2.759130,3.009133,-0.250003
2016-09-01,7.104723,2.758478,3.009886,-0.251408
2016-09-02,7.107461,2.758863,3.010639,-0.251777
2016-09-03,7.110198,2.763831,3.011393,-0.247562
2016-09-04,7.112936,2.780923,3.012147,-0.231224
2016-09-05,7.115674,2.782279,3.012901,-0.230622
2016-09-06,7.118412,2.783996,3.013656,-0.229661
2016-09-07,7.121150,2.786086,3.014411,-0.228325
2016-09-08,7.123888,2.793828,3.015166,-0.221338
2016-09-09,7.126626,2.794576,3.015922,-0.221346
2016-09-10,7.129363,2.795920,3.016678,-0.220758
2016-09-11,7.132101,2.793976,3.017434,-0.223457
2016-09-12,7.134839,2.785562,3.018190,-0.232628
2016-09-13,7.137577,2.786705,3.018947,-0.232242
2016-09-14,7.140315,2.787624,3.019704,-0.232080
2016-09-15,7.143053,2.786843,3.020461,-0.233619
2016-09-16,7.145791,2.785710,3.021219,-0.235509
2016-09-17,7.148528,2.784980,3.021977,-0.236997
2016-09-18,7.151266,2.785497,3.022736,-0.237238
2016-09-19,7.154004,2.786154,3.023494,-0.237340
2016-09-20,7.156742,2.785978,3.024253,-0.238275
2016-09-21,7.159480,2.779026,3.025013,-0.245987
2016-09-22,7.162218,2.777658,3.025772,-0.248114
2016-09-23,7.164956,2.778922,3.026532,-0.247610
2016-09-24,7.167693,2.781281,3.027293,-0.246012
2016-09-25,7.170431,2.780051,3.028053,-0.248003
2016-09-26,7.173169,2.783182,3.028814,-0.245632
2016-09-27,7.175907,2.783551,3.029575,-0.246024
2016-09-28,7.178645,2.783071,3.030337,-0.247266
2016-09-29,7.181383,2.783075,3.031099,-0.248024
2016-09-30,7.184120,2.782787,3.031861,-0.249074
2016-10-01,7.186858,2.787697,3.032624,-0.244927
2016-10-02,7.189596,2.786586,3.033387,-0.246801
2016-10-03,7.192334,2.786746,3.034150,-0.247404
2016-10-04,7.195072,2.785953,3.034914,-0.248961
2016-10-05,7.197810,2.787725,3.035678,-0.247953
2016-10-06,7.200548,2.787359,3.036442,-0.249083
2016-10-07,7.203285,2.789242,3.037207,-0.247965
2016-10-08,7.206023,2.791346,3.037972,-0.246626
2016-10-09,7.208761,2.790242,3.038737,-0.248495
2016-10-10,7.211499,2.790518,3.039503,-0.248985
2016-10-11,7.214237,2.800916,3.040269,-0.239353
2016-10-12,7.216975,2.804788,3.041035,-0.236247
2016-10-13,7.219713,2.804440,3.041802,-0.237362
2016-10-14,7.222450,2.804950,3.042569,-0.237619
2016-10-15,7.225188,2.806468,3.043336,-0.236868
2016-10-16,7.227926,2.807059,3.044104,-0.237045
2016-10-17,7.230664,2.806027,3.044872,-0.238845
2016-10-18,7.233402,2.804752,3.045641,-0.240889
2016-10-19,7.236140,2.801515,3.046410,-0.244895
2016-10-20,7.238877,2.799436,3.047179,-0.247743
2016-10-21,7.241615,2.800760,3.047948,-0.247189
2016-10-22,7.244353,2.808006,3.048718,-0.240712
2016-10-23,7.247091,2.815887,3.049488,-0.233601
2016-10-24,7.249829,2.813692,3.050259,-0.236567
2016-10-25,7.252567,2.816742,3.051030,-0.234288
2016-10-26,7.255305,2.823370,3.051801,-0.228431
2016-10-27,7.258042,2.833778,3.052573,-0.218795
2016-10-28,7.260780,2.836607,3.053345,-0.216738
2016-10-29,7.263518,2.849127,3.054118,-0.204991
2016-10-30,7.266256,2.847788,3.054890,-0.207102
2016-10-31,7.268994,2.845200,3.055664,-0.210463
2016-11-01,7.271732,2.858510,3.056437,-0.197927
2016-11-02,7.274470,2.861751,3.057211,-0.195460
2016-11-03,7.277207,2.860621,3.057985,-0.197364
2016-11-04,7.279945,2.845187,3.058760,-0.213573
2016-11-05,7.282683,2.847932,3.059535,-0.211603
2016-11-06,7.285421,2.851579,3.060310,-0.208731
2016-11-07,7.288159,2.849204,3.061086,-0.211882
2016-11-08,7.290897,2.850134,3.061862,-0.211729
2016-11-09,7.293634,2.861070,3.062639,-0.201569
2016-11-10,7.296372,2.855021,3.063416,-0.208394
2016-11-11,7.299110,2.855015,3.064193,-0.209178
2016-11-12,7.301848,2.851423,3.064971,-0.213548
2016-11-13,7.304586,2.843580,3.065749,-0.222169
2016-11-14,7.307324,2.847194,3.066527,-0.219333
2016-11-15,7.310062,2.852837,3.067306,-0.214469
2016-11-16,7.312799,2.861724,3.068085,-0.206361
2016-11-17,7.315537,2.871676,3.068865,-0.197189
2016-11-18,7.318275,2.871710,3.069644,-0.197934
2016-11-19,7.321013,2.875498,3.070425,-0.194927
2016-11-20,7.323751,2.870700,3.071205,-0.200505
2016-11-21,7.326489,2.866823,3.071987,-0.205163
2016-11-22,7.329227,2.871044,3.072768,-0.201724
2016-11-23,7.331964,2.871681,3.073550,-0.201869
2016-11-24,7.334702,2.869114,3.074332,-0.205219
2016-11-25,7.337440,2.867009,3.075115,-0.208106
2016-11-26,7.340178,2.866576,3.075898,-0.209322
2016-11-27,7.342916,2.865763,3.076681,-0.210918
2016-11-28,7.345654,2.871764,3.077465,-0.205701
2016-11-29,7.348392,2.865602,3.078249,-0.212648
2016-11-30,7.351129,2.869174,3.079034,-0.209860
2016-12-01,7.353867,2.874574,3.079819,-0.205245
2016-12-02,7.356605,2.885658,3.080605,-0.194946
2016-12-03,7.359343,2.884309,3.081390,-0.197082
2016-12-04,7.362081,2.883921,3.082177,-0.198256
2016-12-05,7.364819,2.878788,3.082963,-0.204175
2016-12-06,7.367556,2.879267,3.083750,-0.204483
2016-12-07,7.370294,2.882592,3.084538,-0.201946
2016-12-08,7.373032,2.885600,3.085326,-0.199725
2016-12-09,7.375770,2.886783,3.086114,-0.199331
2016-12-10,7.378508,2.889270,3.086902,-0.197632
2016-12-11,7.381246,2.886895,3.087691,-0.200796
2016-12-12,7.383984,2.890731,3.088481,-0.197750
2016-12-13,7.386721,2.891704,3.089271,-0.197567
2016-12-14,7.389459,2.891136,3.090061,-0.198925
2016-12-15,7.392197,2.891094,3.090852,-0.199758
2016-12-16,7.394935,2.892194,3.091643,-0.199449
2016-12-17,7.397673,2.896957,3.092434,-0.195478
2016-12-18,7.400411,2.897190,3.093226,-0.196037
2016-12-19,7.403149,2.897794,3.094019,-0.196224
2016-12-20,7.405886,2.898803,3.094811,-0.196008
2016-12-21,7.408624,2.910594,3.095604,-0.185010
2016-12-22,7.411362,2.932621,3.096398,-0.163777
2016-12-23,7.414100,2.953548,3.097192,-0.143644
2016-12-24,7.416838,2.955515,3.097986,-0.142471
2016-12-25,7.419576,2.943063,3.098781,-0.155718
2016-12-26,7.422313,2.954970,3.099576,-0.144606
2016-12-27,7.425051,2.963172,3.100372,-0.137200
2016-12-28,7.427789,2.980797,3.101168,-0.120371
2016-12-29,7.430527,2.986139,3.101965,-0.115825
2016-12-30,7.433265,2.979165,3.102762,-0.123597
2016-12-31,7.436003,2.981024,3.103559,-0.122535
2017-01-01,7.438741,2.989581,3.104357,-0.114776
2017-01-02,7.441478,3.006468,3.105155,-0.098687
2017-01-03,7.444216,3.009249,3.105953,-0.096705
2017-01-04,7.446954,3.033051,3.106753,-0.073701
2017-01-05,7.449692,3.019641,3.107552,-0.087911
2017-01-06,7.452430,2.969502,3.108352,-0.138849
2017-01-07,7.455168,2.939653,3.109152,-0.169499
2017-01-08,7.457906,2.960672,3.109953,-0.149281
2017-01-09,7.460643,2.950904,3.110754,-0.159850
2017-01-10,7.463381,2.955880,3.111556,-0.155676
2017-01-11,7.466119,2.927589,3.112358,-0.184769
2017-01-12,7.468857,2.895844,3.113160,-0.217316
2017-01-13,7.471595,2.907939,3.113963,-0.206024
2017-01-14,7.474333,2.918320,3.114766,-0.196446
2017-01-15,7.477070,2.913953,3.115570,-0.201618
2017-01-16,7.479808,2.919068,3.116374,-0.197306
2017-01-17,7.482546,2.943438,3.117179,-0.173741
2017-01-18,7.485284,2.947716,3.117984,-0.170268
2017-01-19,7.488022,2.951600,3.118790,-0.167190
2017-01-20,7.490760,2.952419,3.119596,-0.167177
2017-01-21,7.493498,2.962986,3.120402,-0.157416
2017-01-22,7.496235,2.965324,3.121209,-0.155885
2017-01-23,7.498973,2.964074,3.122016,-0.157942
2017-01-24,7.501711,2.957751,3.122824,-0.165073
2017-01-25,7.504449,2.952299,3.123632,-0.171333
2017-01-26,7.507187,2.957469,3.124440,-0.166971
2017-01-27,7.509925,2.962605,3.125250,-0.162644
2017-01-28,7.512663,2.963389,3.126059,-0.162670
2017-01-29,7.515400,2.963534,3.126869,-0.163335
2017-01-30,7.518138,2.963030,3.127679,-0.164649
2017-01-31,7.520876,2.973684,3.128490,-0.154806
2017-02-01,7.523614,2.987344,3.129301,-0.141957
2017-02-02,7.526352,2.996173,3.130113,-0.133940
2017-02-03,7.529090,3.005035,3.130925,-0.125890
2017-02-04,7.531828,3.007146,3.131738,-0.124592
2017-02-05,7.534565,3.008400,3.132551,-0.124151
2017-02-06,7.537303,3.008835,3.133364,-0.124530
2017-02-07,7.540041,3.016868,3.134178,-0.117310
2017-02-08,7.542779,3.022396,3.134993,-0.112596
2017-02-09,7.545517,3.009584,3.135807,-0.126223
2017-02-10,7.548255,2.990660,3.136623,-0.145963
2017-02-11,7.550992,3.003432,3.137438,-0.134007
2017-02-12,7.553730,3.002327,3.138255,-0.135927
2017-02-13,7.556468,2.999894,3.139071,-0.139177
2017-02-14,7.559206,3.003569,3.139888,-0.136320
2017-02-15,7.561944,3.004859,3.140706,-0.135847
2017-02-16,7.564682,3.011754,3.141524,-0.129770
2017-02-17,7.567420,3.019235,3.142342,-0.123108
2017-02-18,7.570157,3.025528,3.143161,-0.117633
2017-02-19,7.572895,3.022684,3.143981,-0.121297
2017-02-20,7.575633,3.024482,3.144800,-0.120318
2017-02-21,7.578371,3.040966,3.145621,-0.104655
2017-02-22,7.581109,3.049233,3.146441,-0.097208
2017-02-23,7.583847,3.058567,3.147263,-0.088696
2017-02-24,7.586585,3.072187,3.148084,-0.075897
2017-02-25,7.589322,3.066804,3.148906,-0.082102
2017-02-26,7.592060,3.064433,3.149729,-0.085296
2017-02-27,7.594798,3.072407,3.150552,-0.078145
2017-02-28,7.597536,3.074836,3.151376,-0.076539
2017-03-01,7.600274,3.080694,3.152200,-0.071505
2017-03-02,7.603012,3.091603,3.153024,-0.061421
2017-03-03,7.605749,3.104225,3.153849,-0.049624
2017-03-04,7.608487,3.103322,3.154674,-0.051352
2017-03-05,7.611225,3.100466,3.155500,-0.055034
2017-03-06,7.613963,3.104602,3.156326,-0.051725
2017-03-07,7.616701,3.097841,3.157153,-0.059312
2017-03-08,7.619439,3.077832,3.157980,-0.080148
2017-03-09,7.622177,3.070141,3.158808,-0.088667
2017-03-10,7.624914,3.079509,3.159636,-0.080127
2017-03-11,7.627652,3.068207,3.160465,-0.092257
2017-03-12,7.630390,3.078181,3.161294,-0.083113
2017-03-13,7.633128,3.090316,3.162123,-0.071807
2017-03-14,7.635866,3.093589,3.162953,-0.069364
2017-03-15,7.638604,3.096892,3.163784,-0.066892
2017-03-16,7.641342,3.086912,3.164615,-0.077703
2017-03-17,7.644079,3.053961,3.165446,-0.111485
2017-03-18,7.646817,3.014783,3.166278,-0.151495
2017-03-19,7.649555,3.007511,3.167110,-0.159599
2017-03-20,7.652293,3.016601,3.167943,-0.151342
2017-03-21,7.655031,3.036467,3.168777,-0.132310
2017-03-22,7.657769,3.024994,3.169610,-0.144617
2017-03-23,7.660507,3.019774,3.170445,-0.150670
2017-03-24,7.663244,2.998881,3.171279,-0.172398
2017-03-25,7.665982,2.971012,3.172115,-0.201102
2017-03-26,7.668720,2.988027,3.172950,-0.184923
2017-03-27,7.671458,3.001243,3.173786,-0.172543
2017-03-28,7.674196,3.017842,3.174623,-0.156781
2017-03-29,7.676934,3.013996,3.175460,-0.161464
2017-03-30,7.679671,3.014691,3.176298,-0.161607
2017-03-31,7.682409,3.023576,3.177136,-0.153560
2017-04-01,7.685147,3.033432,3.177974,-0.144543
2017-04-02,7.687885,3.035952,3.178813,-0.142862
2017-04-03,7.690623,3.053792,3.179653,-0.125860
2017-04-04,7.693361,3.057414,3.180493,-0.123079
2017-04-05,7.696099,3.053292,3.181333,-0.128041
2017-04-06,7.698836,3.066604,3.182174,-0.115570
2017-04-07,7.701574,3.074044,3.183015,-0.108972
2017-04-08,7.704312,3.073181,3.183857,-0.110676
2017-04-09,7.707050,3.076574,3.184700,-0.108125
2017-04-10,7.709788,3.081970,3.185542,-0.103573
2017-04-11,7.712526,3.084116,3.186386,-0.102269
2017-04-12,7.715264,3.086093,3.187229,-0.101136
2017-04-13,7.718001,3.075122,3.188074,-0.112951
2017-04-14,7.720739,3.073272,3.188918,-0.115647
2017-04-15,7.723477,3.074054,3.189764,-0.115709
2017-04-16,7.726215,3.073570,3.190609,-0.117039
2017-04-17,7.728953,3.074993,3.191456,-0.116463
2017-04-18,7.731691,3.083115,3.192302,-0.109187
2017-04-19,7.734428,3.083440,3.193149,-0.109709
2017-04-20,7.737166,3.089563,3.193997,-0.104434
2017-04-21,7.739904,3.097612,3.194845,-0.097233
2017-04-22,7.742642,3.096530,3.195694,-0.099164
2017-04-23,7.745380,3.097816,3.196543,-0.098726
2017-04-24,7.748118,3.099243,3.197392,-0.098150
2017-04-25,7.750856,3.106371,3.198242,-0.091871
2017-04-26,7.753593,3.115652,3.199093,-0.083441
2017-04-27,7.756331,3.123398,3.199944,-0.076546
2017-04-28,7.759069,3.125800,3.200796,-0.074995
2017-04-29,7.761807,3.126499,3.201648,-0.075148
2017-04-30,7.764545,3.126854,3.202500,-0.075646
2017-05-01,7.767283,3.143604,3.203353,-0.059749
2017-05-02,7.770021,3.160215,3.204206,-0.043992
2017-05-03,7.772758,3.168982,3.205060,-0.036079
2017-05-04,7.775496,3.188283,3.205915,-0.017632
2017-05-05,7.778234,3.193068,3.206770,-0.013701
2017-05-06,7.780972,3.191015,3.207625,-0.016610
2017-05-07,7.783710,3.191455,3.208481,-0.017026
2017-05-08,7.786448,3.206425,3.209337,-0.002912
2017-05-09,7.789185,3.233303,3.210194,0.023109
2017-05-10,7.791923,3.240759,3.211052,0.029707
2017-05-11,7.794661,3.260152,3.211909,0.048243
2017-05-12,7.797399,3.249285,3.212768,0.036517
2017-05-13,7.800137,3.233631,3.213627,0.020004
2017-05-14,7.802875,3.251516,3.214486,0.037030
2017-05-15,7.805613,3.240594,3.215346,0.025248
2017-05-16,7.808350,3.237865,3.216206,0.021659
2017-05-17,7.811088,3.255399,3.217067,0.038332
2017-05-18,7.813826,3.264007,3.217928,0.046079
2017-05-19,7.816564,3.285424,3.218790,0.066634
2017-05-20,7.819302,3.296731,3.219652,0.077079
2017-05-21,7.822040,3.307713,3.220515,0.087199
2017-05-22,7.824778,3.327655,3.221378,0.106277
2017-05-23,7.827515,3.344612,3.222242,0.122370
2017-05-24,7.830253,3.374023,3.223106,0.150917
2017-05-25,7.832991,3.410536,3.223971,0.186565
2017-05-26,7.835729,3.380820,3.224836,0.155985
2017-05-27,7.838467,3.319761,3.225701,0.094060
2017-05-28,7.841205,3.340062,3.226568,0.113495
2017-05-29,7.843943,3.347704,3.227434,0.120269
2017-05-30,7.846680,3.357080,3.228301,0.128779
2017-05-31,7.849418,3.351457,3.229169,0.122288
2017-06-01,7.852156,3.375617,3.230037,0.145580
2017-06-02,7.854894,3.384020,3.230906,0.153114
2017-06-03,7.857632,3.399163,3.231775,0.167388
2017-06-04,7.860370,3.401072,3.232645,0.168428
2017-06-05,7.863107,3.413606,3.233515,0.180091
2017-06-06,7.865845,3.448799,3.234385,0.214414
2017-06-07,7.868583,3.446694,3.235256,0.211438
2017-06-08,7.871321,3.438203,3.236128,0.202075
2017-06-09,7.874059,3.449348,3.237000,0.212348
2017-06-10,7.876797,3.452863,3.237873,0.214990
2017-06-11,7.879535,3.461861,3.238746,0.223116
2017-06-12,7.882272,3.448877,3.239619,0.209258
2017-06-13,7.885010,3.434803,3.240493,0.194310
2017-06-14,7.887748,3.425170,3.241368,0.183802
2017-06-15,7.890486,3.379503,3.242243,0.137260
2017-06-16,7.893224,3.394653,3.243118,0.151535
2017-06-17,7.895962,3.411533,3.243994,0.167539
2017-06-18,7.898700,3.413027,3.244871,0.168157
2017-06-19,7.901437,3.411648,3.245748,0.165901
2017-06-20,7.904175,3.422484,3.246625,0.175859
2017-06-21,7.906913,3.430659,3.247503,0.183156
2017-06-22,7.909651,3.428414,3.248382,0.180033
2017-06-23,7.912389,3.434892,3.249261,0.185631
2017-06-24,7.915127,3.427242,3.250140,0.177102
2017-06-25,7.917864,3.413043,3.251020,0.162023
2017-06-26,7.920602,3.394783,3.251901,0.142882
2017-06-27,7.923340,3.384960,3.252782,0.132178
2017-06-28,7.926078,3.404952,3.253663,0.151289
2017-06-29,7.928816,3.409296,3.254545,0.154752
2017-06-30,7.931554,3.403181,3.255427,0.147753
2017-07-01,7.934292,3.393407,3.256310,0.137097
2017-07-02,7.937029,3.389916,3.257194,0.132722
2017-07-03,7.939767,3.402659,3.258078,0.144581
2017-07-04,7.942505,3.415483,3.258962,0.156521
2017-07-05,7.945243,3.414882,3.259847,0.155035
2017-07-06,7.947981,3.415594,3.260732,0.154862
2017-07-07,7.950719,3.407346,3.261618,0.145728
2017-07-08,7.953457,3.402832,3.262504,0.140327
2017-07-09,7.956194,3.406950,3.263391,0.143559
2017-07-10,7.958932,3.392755,3.264279,0.128476
2017-07-11,7.961670,3.372486,3.265166,0.107320
2017-07-12,7.964408,3.371954,3.266055,0.105899
2017-07-13,7.967146,3.375701,3.266944,0.108758
2017-07-14,7.969884,3.359817,3.267833,0.091984
2017-07-15,7.972621,3.320098,3.268723,0.051376
2017-07-16,7.975359,3.289137,3.269613,0.019524
2017-07-17,7.978097,3.314128,3.270504,0.043624
2017-07-18,7.980835,3.357639,3.271395,0.086244
2017-07-19,7.983573,3.365520,3.272287,0.093233
2017-07-20,7.986311,3.396531,3.273179,0.123352
2017-07-21,7.989049,3.433184,3.274072,0.159112
2017-07-22,7.991786,3.442752,3.274965,0.167787
2017-07-23,7.994524,3.440919,3.275859,0.165060
2017-07-24,7.997262,3.438913,3.276753,0.162160
2017-07-25,8.000000,3.419422,3.277648,0.141774
2017-07-26,8.002738,3.399598,3.278543,0.121055
2017-07-27,8.005476,3.410594,3.279439,0.131155
2017-07-28,8.008214,3.436999,3.280335,0.156664
2017-07-29,8.010951,3.434116,3.281232,0.152884
2017-07-30,8.013689,3.429746,3.282129,0.147617
2017-07-31,8.016427,3.440087,3.283027,0.157060
2017-08-01,8.019165,3.441167,3.283925,0.157242
2017-08-02,8.021903,3.433560,3.284823,0.148737
2017-08-03,8.024641,3.437783,3.285722,0.152061
2017-08-04,8.027379,3.449254,3.286622,0.162632
2017-08-05,8.030116,3.496661,3.287522,0.209138
2017-08-06,8.032854,3.507789,3.288423,0.219366
2017-08-07,8.035592,3.518297,3.289324,0.228973
2017-08-08,8.038330,3.532987,3.290225,0.242762
2017-08-09,8.041068,3.522280,3.291128,0.231152
2017-08-10,8.043806,3.531589,3.292030,0.239559
2017-08-11,8.046543,3.546115,3.292933,0.253182
2017-08-12,8.049281,3.574155,3.293837,0.280318
2017-08-13,8.052019,3.605954,3.294741,0.311213
2017-08-14,8.054757,3.620773,3.295645,0.325128
2017-08-15,8.057495,3.623274,3.296550,0.326724
2017-08-16,8.060233,3.620711,3.297456,0.323256
2017-08-17,8.062971,3.639631,3.298362,0.341269
2017-08-18,8.065708,3.627918,3.299268,0.328649
2017-08-19,8.068446,3.613828,3.300175,0.313653
2017-08-20,8.071184,3.615332,3.301082,0.314250
2017-08-21,8.073922,3.609010,3.301990,0.307020
2017-08-22,8.076660,3.597280,3.302899,0.294381
2017-08-23,8.079398,3.619227,3.303808,0.315419
2017-08-24,8.082136,3.624601,3.304717,0.319884
2017-08-25,8.084873,3.639726,3.305627,0.334099
2017-08-26,8.087611,3.636238,3.306537,0.329701
2017-08-27,8.090349,3.638698,3.307448,0.331250
2017-08-28,8.093087,3.635940,3.308359,0.327580
2017-08-29,8.095825,3.650601,3.309271,0.341330
2017-08-30,8.098563,3.661441,3.310183,0.351258
2017-08-31,8.101300,3.669790,3.311096,0.358694
2017-09-01,8.104038,3.681873,3.312009,0.369863
2017-09-02,8.106776,3.672389,3.312923,0.359466
2017-09-03,8.109514,3.664524,3.313837,0.350687
2017-09-04,8.112252,3.649816,3.314752,0.335064
2017-09-05,8.114990,3.635304,3.315667,0.319636
2017-09-06,8.117728,3.661021,3.316583,0.344439
2017-09-07,8.120465,3.664296,3.317499,0.346797
2017-09-08,8.123203,3.654764,3.318416,0.336348
2017-09-09,8.125941,3.638486,3.319333,0.319153
2017-09-10,8.128679,3.628694,3.320250,0.308444
2017-09-11,8.131417,3.629771,3.321168,0.308602
2017-09-12,8.134155,3.631968,3.322087,0.309881
2017-09-13,8.136893,3.599404,3.323006,0.276399
2017-09-14,8.139630,3.562959,3.323925,0.239034
2017-09-15,8.142368,3.537155,3.324845,0.212310
2017-09-16,8.145106,3.574739,3.325766,0.248974
2017-09-17,8.147844,3.567456,3.326686,0.240770
2017-09-18,8.150582,3.598699,3.327608,0.271091
2017-09-19,8.153320,3.600927,3.328530,0.272398
2017-09-20,8.156057,3.597675,3.329452,0.268223
2017-09-21,8.158795,3.581508,3.330375,0.251133
2017-09-22,8.161533,3.561827,3.331298,0.230529
2017-09-23,8.164271,3.571087,3.332222,0.238866
2017-09-24,8.167009,3.569040,3.333146,0.235893
2017-09-25,8.169747,3.583054,3.334071,0.248983
2017-09-26,8.172485,3.593577,3.334996,0.258581
2017-09-27,8.175222,3.606398,3.335922,0.270476
2017-09-28,8.177960,3.622154,3.336848,0.285306
2017-09-29,8.180698,3.617440,3.337774,0.279666
2017-09-30,8.183436,3.630598,3.338701,0.291896
2017-10-01,8.186174,3.634547,3.339629,0.294918
2017-10-02,8.188912,3.643882,3.340557,0.303325
2017-10-03,8.191650,3.635168,3.341486,0.293682
2017-10-04,8.194387,3.627169,3.342414,0.284755
2017-10-05,8.197125,3.629085,3.343344,0.285741
2017-10-06,8.199863,3.638943,3.344274,0.294669
2017-10-07,8.202601,3.638286,3.345204,0.293082
2017-10-08,8.205339,3.652392,3.346135,0.306257
2017-10-09,8.208077,3.666284,3.347066,0.319217
2017-10-10,8.210815,3.681990,3.347998,0.333992
2017-10-11,8.213552,3.679790,3.348930,0.330860
2017-10-12,8.216290,3.707577,3.349863,0.357714
2017-10-13,8.219028,3.746091,3.350796,0.395295
2017-10-14,8.221766,3.751507,3.351730,0.399778
2017-10-15,8.224504,3.748657,3.352664,0.395993
2017-10-16,8.227242,3.752567,3.353598,0.398968
2017-10-17,8.229979,3.749335,3.354533,0.394802
2017-10-18,8.232717,3.734068,3.355469,0.378599
2017-10-19,8.235455,3.751224,3.356405,0.394819
2017-10-20,8.238193,3.761296,3.357341,0.403955
2017-10-21,8.240931,3.781181,3.358278,0.422903
2017-10-22,8.243669,3.771875,3.359215,0.412660
2017-10-23,8.246407,3.769269,3.360153,0.409116
2017-10-24,8.249144,3.753830,3.361091,0.392739
2017-10-25,8.251882,3.744462,3.362030,0.382432
2017-10-26,8.254620,3.765460,3.362969,0.402490
2017-10-27,8.257358,3.765778,3.363909,0.401869
2017-10-28,8.260096,3.759969,3.364849,0.395121
2017-10-29,8.262834,3.766876,3.365789,0.401087
2017-10-30,8.265572,3.785070,3.366730,0.418340
2017-10-31,8.268309,3.793775,3.367672,0.426104
2017-11-01,8.271047,3.812666,3.368614,0.444052
2017-11-02,8.273785,3.842527,3.369556,0.472971
2017-11-03,8.276523,3.858729,3.370499,0.488230
2017-11-04,8.279261,3.859376,3.371442,0.487934
2017-11-05,8.281999,3.871410,3.372386,0.499024
2017-11-06,8.284736,3.860610,3.373330,0.487280
2017-11-07,8.287474,3.852783,3.374274,0.478509
2017-11-08,8.290212,3.866882,3.375219,0.491662
2017-11-09,8.292950,3.860168,3.376165,0.484003
2017-11-10,8.295688,3.841529,3.377111,0.464419
2017-11-11,8.298426,3.816211,3.378057,0.438154
2017-11-12,8.301164,3.785979,3.379004,0.406975
2017-11-13,8.303901,3.803001,3.379951,0.423049
2017-11-14,8.306639,3.819455,3.380899,0.438556
2017-11-15,8.309377,3.847915,3.381847,0.466067
2017-11-16,8.312115,3.871800,3.382796,0.489004
2017-11-17,8.314853,3.892741,3.383745,0.508996
2017-11-18,8.317591,3.885750,3.384695,0.501055
2017-11-19,8.320329,3.892336,3.385645,0.506691
2017-11-20,8.323066,3.906984,3.386595,0.520389
2017-11-21,8.325804,3.910568,3.387546,0.523022
2017-11-22,8.328542,3.908334,3.388497,0.519836
2017-11-23,8.331280,3.911726,3.389449,0.522277
2017-11-24,8.334018,3.910393,3.390401,0.519992
2017-11-25,8.336756,3.926143,3.391354,0.534790
2017-11-26,8.339493,3.955054,3.392307,0.562748
2017-11-27,8.342231,3.980729,3.393260,0.587469
2017-11-28,8.344969,3.992430,3.394214,0.598216
2017-11-29,8.347707,4.019115,3.395168,0.623947
2017-11-30,8.350445,3.997870,3.396123,0.601747
2017-12-01,8.353183,4.009123,3.397078,0.612045
2017-12-02,8.355921,4.037755,3.398034,0.639721
2017-12-03,8.358658,4.052636,3.398990,0.653646
2017-12-04,8.361396,4.054383,3.399947,0.654436
2017-12-05,8.364134,4.068843,3.400904,0.667939
2017-12-06,8.366872,4.101875,3.401861,0.700014
2017-12-07,8.369610,4.178991,3.402819,0.776172
2017-12-08,8.372348,4.198565,3.403777,0.794788
2017-12-09,8.375086,4.182450,3.404736,0.777714
2017-12-10,8.377823,4.162491,3.405695,0.756796
2017-12-11,8.380561,4.216411,3.406654,0.809757
2017-12-12,8.383299,4.227694,3.407614,0.820080
2017-12-13,8.386037,4.220695,3.408575,0.812120
2017-12-14,8.388775,4.217270,3.409535,0.807734
2017-12-15,8.391513,4.240142,3.410497,0.829646
2017-12-16,8.394251,4.260689,3.411458,0.849231
2017-12-17,8.396988,4.287556,3.412420,0.875135
2017-12-18,8.399726,4.274715,3.413383,0.861332
2017-12-19,8.402464,4.265607,3.414346,0.851261
2017-12-20,8.405202,4.227337,3.415309,0.812028
2017-12-21,8.407940,4.211821,3.416273,0.795548
2017-12-22,8.410678,4.144560,3.417237,0.727323
2017-12-23,8.413415,4.175769,3.418202,0.757568
2017-12-24,8.416153,4.141228,3.419167,0.722061
2017-12-25,8.418891,4.149840,3.420132,0.729708
2017-12-26,8.421629,4.188761,3.421098,0.767663
2017-12-27,8.424367,4.198413,3.422064,0.776349
2017-12-28,8.427105,4.163139,3.423031,0.740108
2017-12-29,8.429843,4.166641,3.423998,0.742643
2017-12-30,8.432580,4.126147,3.424965,0.701181
2017-12-31,8.435318,4.128444,3.425933,0.702510
2018-01-01,8.438056,4.136617,3.426902,0.709716
2018-01-02,8.440794,4.149140,3.427870,0.721270
2018-01-03,8.443532,4.179004,3.428840,0.750165
2018-01-04,8.446270,4.174245,3.429809,0.744436
2018-01-05,8.449008,4.203697,3.430779,0.772918
2018-01-06,8.451745,4.226481,3.431749,0.794732
2018-01-07,8.454483,4.223769,3.432720,0.791048
2018-01-08,8.457221,4.192884,3.433691,0.759193
2018-01-09,8.459959,4.180180,3.434663,0.745517
2018-01-10,8.462697,4.157057,3.435635,0.721422
2018-01-11,8.465435,4.145370,3.436607,0.708763
2018-01-12,8.468172,4.140741,3.437580,0.703161
2018-01-13,8.470910,4.158096,3.438553,0.719543
2018-01-14,8.473648,4.144010,3.439527,0.704483
2018-01-15,8.476386,4.147128,3.440501,0.706627
2018-01-16,8.479124,4.093736,3.441475,0.652261
2018-01-17,8.481862,4.033519,3.442450,0.591069
2018-01-18,8.484600,4.065809,3.443425,0.622384
2018-01-19,8.487337,4.066990,3.444400,0.622590
2018-01-20,8.490075,4.101948,3.445376,0.656572
2018-01-21,8.492813,4.082222,3.446353,0.635870
2018-01-22,8.495551,4.054237,3.447329,0.606908
2018-01-23,8.498289,4.036150,3.448306,0.587844
2018-01-24,8.501027,4.047271,3.449284,0.597987
2018-01-25,8.503765,4.057646,3.450262,0.607385
2018-01-26,8.506502,4.047152,3.451240,0.595912
2018-01-27,8.509240,4.055179,3.452219,0.602961
2018-01-28,8.511978,4.065817,3.453198,0.612620
2018-01-29,8.514716,4.053753,3.454177,0.599576
2018-01-30,8.517454,4.031834,3.455157,0.576678
2018-01-31,8.520192,4.005808,3.456137,0.549671
2018-02-01,8.522930,3.983353,3.457118,0.526236
2018-02-02,8.525667,3.936475,3.458098,0.478377
2018-02-03,8.528405,3.955504,3.459080,0.496425
2018-02-04,8.531143,3.946668,3.460061,0.486606
2018-02-05,8.533881,3.885958,3.461044,0.424914
2018-02-06,8.536619,3.838811,3.462026,0.376785
2018-02-07,8.539357,3.901124,3.463009,0.438115
2018-02-08,8.542094,3.917600,3.463992,0.453608
2018-02-09,8.544832,3.919809,3.464976,0.454833
2018-02-10,8.547570,3.937123,3.465960,0.471163
2018-02-11,8.550308,3.915985,3.466944,0.449041
2018-02-12,8.553046,3.935438,3.467928,0.467510
2018-02-13,8.555784,3.937352,3.468914,0.468439
2018-02-14,8.558522,3.956479,3.469899,0.486580
2018-02-15,8.561259,3.990433,3.470885,0.519548
2018-02-16,8.563997,4.002496,3.471871,0.530625
2018-02-17,8.566735,4.029634,3.472857,0.556777
2018-02-18,8.569473,4.032167,3.473844,0.558323
2018-02-19,8.572211,4.037642,3.474831,0.562810
2018-02-20,8.574949,4.062873,3.475819,0.587054
2018-02-21,8.577687,4.036873,3.476807,0.560066
2018-02-22,8.580424,4.015293,3.477795,0.537498
2018-02-23,8.583162,4.003568,3.478784,0.524784
2018-02-24,8.585900,4.000518,3.479773,0.520745
2018-02-25,8.588638,3.985959,3.480762,0.505197
2018-02-26,8.591376,3.998358,3.481752,0.516606
2018-02-27,8.594114,4.025019,3.482742,0.542277
2018-02-28,8.596851,4.028361,3.483733,0.544628
2018-03-01,8.599589,4.027557,3.484723,0.542833
2018-03-02,8.602327,4.042312,3.485715,0.556597
2018-03-03,8.605065,4.055875,3.486706,0.569169
2018-03-04,8.607803,4.052571,3.487698,0.564873
2018-03-05,8.610541,4.058750,3.488690,0.570060
2018-03-06,8.613279,4.043563,3.489683,0.553880
2018-03-07,8.616016,4.021594,3.490676,0.530918
2018-03-08,8.618754,3.992072,3.491669,0.500403
2018-03-09,8.621492,3.955186,3.492662,0.462524
2018-03-10,8.624230,3.969045,3.493656,0.475389
2018-03-11,8.626968,3.960842,3.494650,0.466192
2018-03-12,8.629706,3.977772,3.495645,0.482127
2018-03-13,8.632444,3.964965,3.496640,0.468325
2018-03-14,8.635181,3.947925,3.497635,0.450290
2018-03-15,8.637919,3.913553,3.498631,0.414923
2018-03-16,8.640657,3.922031,3.499627,0.422404
2018-03-17,8.643395,3.910113,3.500623,0.409490
2018-03-18,8.646133,3.888447,3.501619,0.386827
2018-03-19,8.648871,3.923786,3.502616,0.421170
2018-03-20,8.651608,3.937770,3.503614,0.434156
2018-03-21,8.654346,3.956089,3.504611,0.451477
2018-03-22,8.657084,3.945866,3.505609,0.440257
2018-03-23,8.659822,3.933202,3.506607,0.426595
2018-03-24,8.662560,3.948879,3.507606,0.441273
2018-03-25,8.665298,3.934065,3.508605,0.425461
2018-03-26,8.668036,3.917810,3.509604,0.408206
2018-03-27,8.670773,3.904200,3.510603,0.393597
2018-03-28,8.673511,3.901632,3.511603,0.390028
2018-03-29,8.676249,3.885910,3.512603,0.373307
2018-03-30,8.678987,3.842651,3.513604,0.329047
2018-03-31,8.681725,3.848512,3.514605,0.333907
2018-04-01,8.684463,3.835788,3.515606,0.320183
2018-04-02,8.687201,3.847019,3.516607,0.330412
2018-04-03,8.689938,3.867159,3.517609,0.349550
2018-04-04,8.692676,3.852899,3.518611,0.334288
2018-04-05,8.695414,3.833153,3.519613,0.313540
2018-04-06,8.698152,3.825064,3.520616,0.304449
2018-04-07,8.700890,3.839591,3.521619,0.317972
2018-04-08,8.703628,3.845774,3.522622,0.323152
2018-04-09,8.706366,3.839948,3.523626,0.316323
2018-04-10,8.709103,3.832906,3.524629,0.308277
2018-04-11,8.711841,3.838657,3.525634,0.313023
2018-04-12,8.714579,3.866234,3.526638,0.339596
2018-04-13,8.717317,3.903558,3.527643,0.375915
2018-04-14,8.720055,3.904695,3.528648,0.376047
2018-04-15,8.722793,3.914840,3.529653,0.385187
2018-04-16,8.725530,3.908518,3.530659,0.377859
2018-04-17,8.728268,3.906457,3.531665,0.374792
2018-04-18,8.731006,3.907067,3.532671,0.374396
2018-04-19,8.733744,3.915171,3.533678,0.381494
2018-04-20,8.736482,3.926694,3.534684,0.392010
2018-04-21,8.739220,3.945169,3.535691,0.409477
2018-04-22,8.741958,3.949402,3.536699,0.412703
2018-04-23,8.744695,3.950380,3.537706,0.412674
2018-04-24,8.747433,3.967515,3.538714,0.428800
2018-04-25,8.750171,3.964067,3.539723,0.424344
2018-04-26,8.752909,3.949267,3.540731,0.408536
2018-04-27,8.755647,3.963910,3.541740,0.422170
2018-04-28,8.758385,3.964545,3.542749,0.421796
2018-04-29,8.761123,3.969726,3.543758,0.425968
2018-04-30,8.763860,3.967472,3.544768,0.422704
2018-05-01,8.766598,3.954166,3.545778,0.408388
2018-05-02,8.769336,3.959133,3.546788,0.412345
2018-05-03,8.772074,3.970952,3.547799,0.423154
2018-05-04,8.774812,3.984119,3.548809,0.435309
2018-05-05,8.777550,3.991053,3.549820,0.441233
2018-05-06,8.780287,3.982808,3.550832,0.431977
2018-05-07,8.783025,3.970860,3.551843,0.419017
2018-05-08,8.785763,3.967245,3.552855,0.414390
2018-05-09,8.788501,3.963886,3.553867,0.410019
2018-05-10,8.791239,3.967130,3.554879,0.412250
2018-05-11,8.793977,3.941233,3.555892,0.385341
2018-05-12,8.796715,3.927470,3.556905,0.370566
2018-05-13,8.799452,3.933711,3.557918,0.375793
2018-05-14,8.802190,3.934008,3.558931,0.375077
2018-05-15,8.804928,3.936292,3.559945,0.376347
2018-05-16,8.807666,3.918773,3.560959,0.357815
2018-05-17,8.810404,3.918156,3.561973,0.356183
2018-05-18,8.813142,3.909096,3.562987,0.346109
2018-05-19,8.815880,3.916787,3.564002,0.352785
2018-05-20,8.818617,3.922550,3.565017,0.357533
2018-05-21,8.821355,3.927222,3.566032,0.361190
2018-05-22,8.824093,3.915884,3.567047,0.348837
2018-05-23,8.826831,3.892500,3.568063,0.324437
2018-05-24,8.829569,3.878336,3.569079,0.309257
2018-05-25,8.832307,3.874548,3.570095,0.304453
2018-05-26,8.835044,3.874731,3.571111,0.303620
2018-05-27,8.837782,3.865497,3.572128,0.293369
2018-05-28,8.840520,3.861531,3.573144,0.288387
2018-05-29,8.843258,3.863980,3.574161,0.289819
2018-05-30,8.845996,3.872092,3.575179,0.296913
2018-05-31,8.848734,3.875456,3.576196,0.299260
2018-06-01,8.851472,3.874406,3.577214,0.297192
2018-06-02,8.854209,3.880916,3.578232,0.302684
2018-06-03,8.856947,3.885983,3.579250,0.306733
2018-06-04,8.859685,3.879248,3.580268,0.298979
2018-06-05,8.862423,3.874693,3.581287,0.293406
2018-06-06,8.865161,3.880978,3.582306,0.298672
2018-06-07,8.867899,3.885739,3.583325,0.302414
2018-06-08,8.870637,3.882650,3.584344,0.298306
2018-06-09,8.873374,3.882535,3.585364,0.297171
2018-06-10,8.876112,3.854327,3.586384,0.267943
2018-06-11,8.878850,3.830955,3.587404,0.243551
2018-06-12,8.881588,3.830517,3.588424,0.242093
2018-06-13,8.884326,3.810333,3.589444,0.220888
2018-06-14,8.887064,3.813831,3.590465,0.223366
2018-06-15,8.889802,3.817062,3.591486,0.225576
2018-06-16,8.892539,3.811778,3.592507,0.219272
2018-06-17,8.895277,3.814354,3.593528,0.220826
2018-06-18,8.898015,3.815567,3.594549,0.221017
2018-06-19,8.900753,3.827562,3.595571,0.231991
2018-06-20,8.903491,3.824810,3.596593,0.228217
2018-06-21,8.906229,3.827918,3.597615,0.230303
2018-06-22,8.908966,3.804088,3.598637,0.205451
2018-06-23,8.911704,3.789686,3.599659,0.190027
2018-06-24,8.914442,3.782109,3.600682,0.181427
2018-06-25,8.917180,3.794144,3.601705,0.192439
2018-06-26,8.919918,3.793740,3.602728,0.191012
2018-06-27,8.922656,3.786307,3.603751,0.182556
2018-06-28,8.925394,3.784930,3.604774,0.180156
2018-06-29,8.928131,3.773440,3.605798,0.167642
2018-06-30,8.930869,3.804745,3.606822,0.197923
2018-07-01,8.933607,3.803477,3.607846,0.195632
2018-07-02,8.936345,3.810414,3.608870,0.201544
2018-07-03,8.939083,3.819637,3.609894,0.209743
2018-07-04,8.941821,3.818321,3.610919,0.207402
2018-07-05,8.944559,3.819403,3.611943,0.207460
2018-07-06,8.947296,3.817117,3.612968,0.204149
2018-07-07,8.950034,3.819146,3.613993,0.205153
2018-07-08,8.952772,3.828851,3.615018,0.213832
2018-07-09,8.955510,3.827201,3.616044,0.211157
2018-07-10,8.958248,3.813359,3.617069,0.196290
2018-07-11,8.960986,3.804996,3.618095,0.186901
2018-07-12,8.963723,3.795192,3.619121,0.176071
2018-07-13,8.966461,3.795640,3.620147,0.175493
2018-07-14,8.969199,3.795045,3.621173,0.173872
2018-07-15,8.971937,3.800570,3.622200,0.178371
2018-07-16,8.974675,3.814069,3.623226,0.190843
2018-07-17,8.977413,3.836976,3.624253,0.212723
2018-07-18,8.980151,3.868939,3.625280,0.243659
2018-07-19,8.982888,3.868356,3.626307,0.242050
2018-07-20,8.985626,3.870325,3.627334,0.242992
2018-07-21,8.988364,3.866233,3.628361,0.237872
2018-07-22,8.991102,3.871826,3.629389,0.242438
2018-07-23,8.993840,3.884775,3.630416,0.254359
2018-07-24,8.996578,3.906642,3.631444,0.275198
2018-07-25,8.999316,3.915945,3.632472,0.283473
2018-07-26,9.002053,3.912926,3.633500,0.279426
2018-07-27,9.004791,3.903647,3.634528,0.269119
2018-07-28,9.007529,3.912149,3.635556,0.276593
2018-07-29,9.010267,3.913490,3.636585,0.276905
2018-07-30,9.013005,3.910013,3.637613,0.272400
2018-07-31,9.015743,3.898466,3.638642,0.259823
2018-08-01,9.018480,3.879615,3.639671,0.239944
2018-08-02,9.021218,3.880540,3.640700,0.239840
2018-08-03,9.023956,3.869213,3.641729,0.227484
2018-08-04,9.026694,3.860438,3.642758,0.217679
2018-08-05,9.029432,3.845253,3.643788,0.201465
2018-08-06,9.032170,3.844617,3.644817,0.199800
2018-08-07,9.034908,3.844489,3.645847,0.198642
2018-08-08,9.037645,3.809472,3.646877,0.162595
2018-08-09,9.040383,3.806268,3.647907,0.158362
2018-08-10,9.043121,3.805027,3.648937,0.156090
2018-08-11,9.045859,3.792635,3.649967,0.142669
2018-08-12,9.048597,3.800737,3.650997,0.149740
2018-08-13,9.051335,3.803271,3.652027,0.151244
2018-08-14,9.054073,3.783533,3.653058,0.130475
2018-08-15,9.056810,3.804210,3.654088,0.150122
2018-08-16,9.059548,3.802326,3.655119,0.147207
2018-08-17,9.062286,3.810532,3.656150,0.154382
2018-08-18,9.065024,3.809256,3.657181,0.152076
2018-08-19,9.067762,3.806218,3.658212,0.148006
2018-08-20,9.070500,3.809287,3.659243,0.150044
2018-08-21,9.073238,3.806449,3.660274,0.146175
2018-08-22,9.075975,3.817910,3.661305,0.156604
2018-08-23,9.078713,3.808652,3.662337,0.146315
2018-08-24,9.081451,3.816508,3.663368,0.153140
2018-08-25,9.084189,3.826835,3.664400,0.162436
2018-08-26,9.086927,3.823814,3.665431,0.158382
2018-08-27,9.089665,3.826567,3.666463,0.160104
2018-08-28,9.092402,3.843612,3.667495,0.176117
2018-08-29,9.095140,3.847562,3.668527,0.179035
2018-08-30,9.097878,3.840364,3.669559,0.170805
2018-08-31,9.100616,3.843285,3.670591,0.172694
2018-09-01,9.103354,3.850935,3.671623,0.179312
2018-09-02,9.106092,3.859164,3.672656,0.186508
2018-09-03,9.108830,3.860241,3.673688,0.186553
2018-09-04,9.111567,3.863977,3.674720,0.189257
2018-09-05,9.114305,3.852336,3.675753,0.176584
2018-09-06,9.117043,3.808712,3.676785,0.131927
2018-09-07,9.119781,3.810290,3.677818,0.132472
2018-09-08,9.122519,3.804704,3.678851,0.125853
2018-09-09,9.125257,3.800141,3.679883,0.120258
2018-09-10,9.127995,3.799870,3.680916,0.118954
2018-09-11,9.130732,3.799727,3.681949,0.117778
2018-09-12,9.133470,3.798187,3.682982,0.115205
2018-09-13,9.136208,3.809545,3.684015,0.125530
2018-09-14,9.138946,3.812801,3.685048,0.127753
2018-09-15,9.141684,3.813975,3.686081,0.127893
2018-09-16,9.144422,3.811881,3.687114,0.124767
2018-09-17,9.147159,3.806239,3.688148,0.118091
2018-09-18,9.149897,3.799577,3.689181,0.110396
2018-09-19,9.152635,3.802078,3.690214,0.111863
2018-09-20,9.155373,3.807107,3.691248,0.115859
2018-09-21,9.158111,3.823254,3.692281,0.130973
2018-09-22,9.160849,3.826344,3.693314,0.133030
2018-09-23,9.163587,3.826313,3.694348,0.131965
2018-09-24,9.166324,3.821799,3.695381,0.126418
2018-09-25,9.169062,3.807498,3.696415,0.111083
2018-09-26,9.171800,3.810687,3.697449,0.113239
2018-09-27,9.174538,3.814700,3.698482,0.116218
2018-09-28,9.177276,3.824011,3.699516,0.124495
2018-09-29,9.180014,3.816456,3.700550,0.115906
2018-09-30,9.182752,3.818832,3.701583,0.117249
2018-10-01,9.185489,3.818646,3.702617,0.116029
2018-10-02,9.188227,3.816743,3.703651,0.113092
2018-10-03,9.190965,3.810916,3.704685,0.106232
2018-10-04,9.193703,3.817060,3.705718,0.111341
2018-10-05,9.196441,3.817130,3.706752,0.110377
2018-10-06,9.199179,3.817599,3.707786,0.109813
2018-10-07,9.201916,3.816403,3.708820,0.107583
2018-10-08,9.204654,3.819775,3.709854,0.109921
2018-10-09,9.207392,3.819950,3.710888,0.109063
2018-10-10,9.210130,3.816135,3.711922,0.104214
2018-10-11,9.212868,3.796682,3.712956,0.083726
2018-10-12,9.215606,3.796094,3.713989,0.082104
2018-10-13,9.218344,3.796074,3.715023,0.081051
2018-10-14,9.221081,3.798298,3.716057,0.082241
2018-10-15,9.223819,3.810777,3.717091,0.093686
2018-10-16,9.226557,3.814394,3.718125,0.096269
2018-10-17,9.229295,3.814224,3.719159,0.095065
2018-10-18,9.232033,3.813312,3.720193,0.093119
2018-10-19,9.234771,3.809570,3.721227,0.088343
2018-10-20,9.237509,3.809882,3.722261,0.087621
2018-10-21,9.240246,3.812233,3.723295,0.088939
2018-10-22,9.242984,3.810267,3.724328,0.085938
2018-10-23,9.245722,3.809579,3.725362,0.084216
2018-10-24,9.248460,3.811414,3.726396,0.085018
2018-10-25,9.251198,3.809805,3.727430,0.082375
2018-10-26,9.253936,3.809656,3.728464,0.081192
2018-10-27,9.256674,3.809663,3.729497,0.080165
2018-10-28,9.259411,3.809191,3.730531,0.078660
2018-10-29,9.262149,3.804428,3.731565,0.072863
2018-10-30,9.264887,3.800000,3.732599,0.067402
2018-10-31,9.267625,3.800369,3.733632,0.066737
2018-11-01,9.270363,3.802453,3.734666,0.067787
2018-11-02,9.273101,3.805028,3.735699,0.069328
2018-11-03,9.275838,3.803538,3.736733,0.066805
2018-11-04,9.278576,3.805354,3.737766,0.067588
2018-11-05,9.281314,3.807768,3.738800,0.068968
2018-11-06,9.284052,3.808190,3.739833,0.068357
2018-11-07,9.286790,3.814249,3.740867,0.073382
2018-11-08,9.289528,3.810836,3.741900,0.068936
2018-11-09,9.292266,3.805822,3.742933,0.062889
2018-11-10,9.295003,3.805272,3.743967,0.061306
2018-11-11,9.297741,3.804072,3.745000,0.059072
2018-11-12,9.300479,3.804949,3.746033,0.058916
2018-11-13,9.303217,3.801948,3.747066,0.054882
2018-11-14,9.305955,3.784734,3.748099,0.036635
2018-11-15,9.308693,3.746176,3.749132,-0.002956
2018-11-16,9.311431,3.748000,3.750165,-0.002164
2018-11-17,9.314168,3.743912,3.751198,-0.007286
2018-11-18,9.316906,3.747260,3.752230,-0.004970
2018-11-19,9.319644,3.719681,3.753263,-0.033582
2018-11-20,9.322382,3.661370,3.754296,-0.092926
2018-11-21,9.325120,3.653602,3.755328,-0.101726
2018-11-22,9.327858,3.654579,3.756361,-0.101782
2018-11-23,9.330595,3.633290,3.757393,-0.124104
2018-11-24,9.333333,3.628551,3.758425,-0.129875
2018-11-25,9.336071,3.580687,3.759458,-0.178771
2018-11-26,9.338809,3.590725,3.760490,-0.169765
2018-11-27,9.341547,3.573687,3.761522,-0.187835
2018-11-28,9.344285,3.612299,3.762554,-0.150255
2018-11-29,9.347023,3.628581,3.763586,-0.135005
2018-11-30,9.349760,3.613466,3.764618,-0.151152
2018-12-01,9.352498,3.613737,3.765649,-0.151913
2018-12-02,9.355236,3.618558,3.766681,-0.148123
2018-12-03,9.357974,3.597872,3.767712,-0.169841
2018-12-04,9.360712,3.595341,3.768744,-0.173403
2018-12-05,9.363450,3.584117,3.769775,-0.185658
2018-12-06,9.366188,3.571913,3.770806,-0.198894
2018-12-07,9.368925,3.530877,3.771838,-0.240960
2018-12-08,9.371663,3.533658,3.772869,-0.239211
2018-12-09,9.374401,3.544858,3.773899,-0.229041
2018-12-10,9.377139,3.544583,3.774930,-0.230347
2018-12-11,9.379877,3.531636,3.775961,-0.244325
2018-12-12,9.382615,3.535686,3.776991,-0.241306
2018-12-13,9.385352,3.530820,3.778022,-0.247202
2018-12-14,9.388090,3.514285,3.779052,-0.264768
2018-12-15,9.390828,3.506788,3.780082,-0.273294
2018-12-16,9.393566,3.511881,3.781113,-0.269231
2018-12-17,9.396304,3.527221,3.782143,-0.254921
2018-12-18,9.399042,3.548464,3.783172,-0.234708
2018-12-19,9.401780,3.576975,3.784202,-0.207227
2018-12-20,9.404517,3.596888,3.785232,-0.188344
2018-12-21,9.407255,3.602320,3.786261,-0.183941
2018-12-22,9.409993,3.589757,3.787290,-0.197533
2018-12-23,9.412731,3.603276,3.788320,-0.185043
2018-12-24,9.415469,3.618777,3.789349,-0.170572
2018-12-25,9.418207,3.580977,3.790378,-0.209401
2018-12-26,9.420945,3.582299,3.791406,-0.209107
2018-12-27,9.423682,3.575442,3.792435,-0.216993
2018-12-28,9.426420,3.573785,3.793463,-0.219679
2018-12-29,9.429158,3.592094,3.794492,-0.202398
2018-12-30,9.431896,3.583071,3.795520,-0.212449
2018-12-31,9.434634,3.579658,3.796548,-0.216890
2019-01-01,9.437372,3.573971,3.797576,-0.223604
2019-01-02,9.440110,3.587357,3.798604,-0.211246
2019-01-03,9.442847,3.587452,3.799631,-0.212179
2019-01-04,9.445585,3.582538,3.800659,-0.218120
2019-01-05,9.448323,3.587679,3.801686,-0.214007
2019-01-06,9.451061,3.591891,3.802713,-0.210821
2019-01-07,9.453799,3.607330,3.803740,-0.196410
2019-01-08,9.456537,3.605737,3.804766,-0.199030
2019-01-09,9.459274,3.606055,3.805793,-0.199738
2019-01-10,9.462012,3.582582,3.806819,-0.224238
2019-01-11,9.464750,3.564850,3.807846,-0.242996
2019-01-12,9.467488,3.563609,3.808872,-0.245262
2019-01-13,9.470226,3.558115,3.809897,-0.251782
2019-01-14,9.472964,3.557994,3.810923,-0.252929
2019-01-15,9.475702,3.564865,3.811949,-0.247084
2019-01-16,9.478439,3.560492,3.812974,-0.252482
2019-01-17,9.481177,3.560134,3.813999,-0.253865
2019-01-18,9.483915,3.561670,3.815024,-0.253354
2019-01-19,9.486653,3.568140,3.816049,-0.247909
2019-01-20,9.489391,3.560362,3.817073,-0.256711
2019-01-21,9.492129,3.551809,3.818098,-0.266288
2019-01-22,9.494867,3.553636,3.819122,-0.265486
2019-01-23,9.497604,3.555733,3.820146,-0.264413
2019-01-24,9.500342,3.553891,3.821169,-0.267278
2019-01-25,9.503080,3.554154,3.822193,-0.268039
2019-01-26,9.505818,3.556237,3.823216,-0.266979
2019-01-27,9.508556,3.552767,3.824239,-0.271472
2019-01-28,9.511294,3.539816,3.825262,-0.285447
2019-01-29,9.514031,3.534765,3.826285,-0.291520
2019-01-30,9.516769,3.537961,3.827307,-0.289346
2019-01-31,9.519507,3.538139,3.828330,-0.290191
2019-02-01,9.522245,3.537176,3.829352,-0.292175
2019-02-02,9.524983,3.539203,3.830374,-0.291171
2019-02-03,9.527721,3.538345,3.831395,-0.293051
2019-02-04,9.530459,3.537080,3.832417,-0.295336
2019-02-05,9.533196,3.537794,3.833438,-0.295644
2019-02-06,9.535934,3.532080,3.834459,-0.302378
2019-02-07,9.538672,3.531534,3.835479,-0.303945
2019-02-08,9.541410,3.542978,3.836500,-0.293522
2019-02-09,9.544148,3.561677,3.837520,-0.275843
2019-02-10,9.546886,3.560811,3.838540,-0.277729
2019-02-11,9.549624,3.559585,3.839560,-0.279974
2019-02-12,9.552361,3.557715,3.840579,-0.282865
2019-02-13,9.555099,3.558277,3.841599,-0.283321
2019-02-14,9.557837,3.556903,3.842618,-0.285714
2019-02-15,9.560575,3.557193,3.843636,-0.286443
2019-02-16,9.563313,3.559367,3.844655,-0.285288
2019-02-17,9.566051,3.558917,3.845673,-0.286756
2019-02-18,9.568789,3.578333,3.846691,-0.268358
2019-02-19,9.571526,3.593798,3.847709,-0.253910
2019-02-20,9.574264,3.595265,3.848726,-0.253461
2019-02-21,9.577002,3.595034,3.849744,-0.254710
2019-02-22,9.579740,3.596881,3.850760,-0.253879
2019-02-23,9.582478,3.602459,3.851777,-0.249318
2019-02-24,9.585216,3.603162,3.852794,-0.249632
2019-02-25,9.587953,3.582440,3.853810,-0.271370
2019-02-26,9.590691,3.583095,3.854826,-0.271730
2019-02-27,9.593429,3.582711,3.855841,-0.273130
2019-02-28,9.596167,3.584651,3.856857,-0.272205
2019-03-01,9.598905,3.584860,3.857872,-0.273012
2019-03-02,9.601643,3.583917,3.858886,-0.274970
2019-03-03,9.604381,3.583640,3.859901,-0.276260
2019-03-04,9.607118,3.575086,3.860915,-0.285829
2019-03-05,9.609856,3.579544,3.861929,-0.282385
2019-03-06,9.612594,3.587361,3.862943,-0.275582
2019-03-07,9.615332,3.589770,3.863956,-0.274186
2019-03-08,9.618070,3.591000,3.864969,-0.273969
2019-03-09,9.620808,3.593101,3.865982,-0.272881
2019-03-10,9.623546,3.593204,3.866994,-0.273791
2019-03-11,9.626283,3.590172,3.868007,-0.277835
2019-03-12,9.629021,3.588683,3.869018,-0.280335
2019-03-13,9.631759,3.589400,3.870030,-0.280630
2019-03-14,9.634497,3.588951,3.871041,-0.282090
2019-03-15,9.637235,3.592041,3.872052,-0.280011
2019-03-16,9.639973,3.602768,3.873063,-0.270295
2019-03-17,9.642710,3.601258,3.874073,-0.272815
2019-03-18,9.645448,3.601852,3.875083,-0.273231
2019-03-19,9.648186,3.602886,3.876093,-0.273207
2019-03-20,9.650924,3.604885,3.877102,-0.272217
2019-03-21,9.653662,3.605421,3.878111,-0.272690
2019-03-22,9.656400,3.602561,3.879120,-0.276559
2019-03-23,9.659138,3.602676,3.880128,-0.277452
2019-03-24,9.661875,3.601478,3.881136,-0.279658
2019-03-25,9.664613,3.599347,3.882144,-0.282797
2019-03-26,9.667351,3.594821,3.883152,-0.288331
2019-03-27,9.670089,3.603713,3.884159,-0.280445
2019-03-28,9.672827,3.605520,3.885165,-0.279645
2019-03-29,9.675565,3.610818,3.886172,-0.275354
2019-03-30,9.678303,3.613368,3.887178,-0.273810
2019-03-31,9.681040,3.613837,3.888184,-0.274347
2019-04-01,9.683778,3.617494,3.889189,-0.271695
2019-04-02,9.686516,3.668640,3.890194,-0.221554
2019-04-03,9.689254,3.701572,3.891199,-0.189627
2019-04-04,9.691992,3.697217,3.892203,-0.194986
2019-04-05,9.694730,3.698430,3.893207,-0.194777
2019-04-06,9.697467,3.703750,3.894211,-0.190461
2019-04-07,9.700205,3.711216,3.895214,-0.183998
2019-04-08,9.702943,3.720023,3.896217,-0.176194
2019-04-09,9.705681,3.718774,3.897219,-0.178446
2019-04-10,9.708419,3.722864,3.898222,-0.175358
2019-04-11,9.711157,3.710745,3.899224,-0.188479
2019-04-12,9.713895,3.704669,3.900225,-0.195556
2019-04-13,9.716632,3.708006,3.901226,-0.193220
2019-04-14,9.719370,3.707733,3.902227,-0.194494
2019-04-15,9.722108,3.710894,3.903227,-0.192333
2019-04-16,9.724846,3.709126,3.904227,-0.195101
2019-04-17,9.727584,3.718793,3.905227,-0.186434
2019-04-18,9.730322,3.722399,3.906226,-0.183827
2019-04-19,9.733060,3.721959,3.907225,-0.185266
2019-04-20,9.735797,3.726209,3.908223,-0.182014
2019-04-21,9.738535,3.724331,3.909221,-0.184890
2019-04-22,9.741273,3.726849,3.910219,-0.183370
2019-04-23,9.744011,3.743700,3.911216,-0.167517
2019-04-24,9.746749,3.740282,3.912213,-0.171931
2019-04-25,9.749487,3.735519,3.913209,-0.177690
2019-04-26,9.752225,3.717413,3.914206,-0.196793
2019-04-27,9.754962,3.717996,3.915201,-0.197205
2019-04-28,9.757700,3.719220,3.916196,-0.196977
2019-04-29,9.760438,3.717797,3.917191,-0.199395
2019-04-30,9.763176,3.720882,3.918186,-0.197304
2019-05-01,9.765914,3.728478,3.919180,-0.190701
2019-05-02,9.768652,3.733147,3.920173,-0.187026
2019-05-03,9.771389,3.752907,3.921167,-0.168260
2019-05-04,9.774127,3.758222,3.922160,-0.163938
2019-05-05,9.776865,3.760854,3.923152,-0.162298
2019-05-06,9.779603,3.756361,3.924144,-0.167783
2019-05-07,9.782341,3.770939,3.925135,-0.154196
2019-05-08,9.785079,3.769658,3.926127,-0.156469
2019-05-09,9.787817,3.784046,3.927117,-0.143071
2019-05-10,9.790554,3.800568,3.928108,-0.127540
2019-05-11,9.793292,3.833065,3.929097,-0.096033
2019-05-12,9.796030,3.853196,3.930087,-0.076891
2019-05-13,9.798768,3.868802,3.931076,-0.062274
2019-05-14,9.801506,3.901777,3.932064,-0.030288
2019-05-15,9.804244,3.904801,3.933053,-0.028251
2019-05-16,9.806982,3.901470,3.934040,-0.032570
2019-05-17,9.809719,3.861578,3.935027,-0.073449
2019-05-18,9.812457,3.865511,3.936014,-0.070503
2019-05-19,9.815195,3.899062,3.937000,-0.037938
2019-05-20,9.817933,3.896879,3.937986,-0.041108
2019-05-21,9.820671,3.899569,3.938972,-0.039403
2019-05-22,9.823409,3.896463,3.939957,-0.043494
2019-05-23,9.826146,3.887073,3.940941,-0.053868
2019-05-24,9.828884,3.901840,3.941925,-0.040085
2019-05-25,9.831622,3.904377,3.942909,-0.038532
2019-05-26,9.834360,3.908694,3.943892,-0.035198
2019-05-27,9.837098,3.941121,3.944875,-0.003754
2019-05-28,9.839836,3.939025,3.945857,-0.006832
2019-05-29,9.842574,3.936203,3.946839,-0.010635
2019-05-30,9.845311,3.935835,3.947820,-0.011985
2019-05-31,9.848049,3.922296,3.948801,-0.026505
2019-06-01,9.850787,3.931777,3.949781,-0.018004
2019-06-02,9.853525,3.937885,3.950761,-0.012876
2019-06-03,9.856263,3.930708,3.951740,-0.021033
2019-06-04,9.859001,3.895611,3.952719,-0.057109
2019-06-05,9.861739,3.891473,3.953697,-0.062224
2019-06-06,9.864476,3.889898,3.954675,-0.064778
2019-06-07,9.867214,3.900038,3.955653,-0.055615
2019-06-08,9.869952,3.900169,3.956630,-0.056461
2019-06-09,9.872690,3.892561,3.957606,-0.065045
2019-06-10,9.875428,3.893704,3.958582,-0.064878
2019-06-11,9.878166,3.897697,3.959558,-0.061860
2019-06-12,9.880903,3.905338,3.960532,-0.055195
2019-06-13,9.883641,3.912141,3.961507,-0.049366
2019-06-14,9.886379,3.921790,3.962481,-0.040691
2019-06-15,9.889117,3.940540,3.963454,-0.022914
2019-06-16,9.891855,3.957429,3.964427,-0.006998
2019-06-17,9.894593,3.964354,3.965400,-0.001045
2019-06-18,9.897331,3.960795,3.966371,-0.005577
2019-06-19,9.900068,3.961083,3.967343,-0.006260
2019-06-20,9.902806,3.970595,3.968314,0.002281
2019-06-21,9.905544,3.990707,3.969284,0.021422
2019-06-22,9.908282,4.028790,3.970254,0.058536
2019-06-23,9.911020,4.030383,3.971223,0.059159
2019-06-24,9.913758,4.034689,3.972192,0.062497
2019-06-25,9.916496,4.052800,3.973160,0.079639
2019-06-26,9.919233,4.100075,3.974128,0.125947
2019-06-27,9.921971,4.071046,3.975095,0.095951
2019-06-28,9.924709,4.068253,3.976062,0.092192
2019-06-29,9.927447,4.074130,3.977028,0.097102
2019-06-30,9.930185,4.062194,3.977993,0.084200
2019-07-01,9.932923,4.029204,3.978959,0.050245
2019-07-02,9.935661,4.013509,3.979923,0.033586
2019-07-03,9.938398,4.054330,3.980887,0.073443
2019-07-04,9.941136,4.070129,3.981850,0.088279
2019-07-05,9.943874,4.046997,3.982813,0.064184
2019-07-06,9.946612,4.057648,3.983776,0.073873
2019-07-07,9.949350,4.053743,3.984737,0.069006
2019-07-08,9.952088,4.071420,3.985699,0.085722
2019-07-09,9.954825,4.096271,3.986659,0.109612
2019-07-10,9.957563,4.100900,3.987619,0.113281
2019-07-11,9.960301,4.063991,3.988579,0.075413
2019-07-12,9.963039,4.064100,3.989538,0.074563
2019-07-13,9.965777,4.057922,3.990496,0.067426
2019-07-14,9.968515,4.035636,3.991454,0.044182
2019-07-15,9.971253,4.018776,3.992411,0.026365
2019-07-16,9.973990,4.015691,3.993368,0.022323
2019-07-17,9.976728,3.981990,3.994324,-0.012334
2019-07-18,9.979466,4.003072,3.995280,0.007793
2019-07-19,9.982204,4.020148,3.996234,0.023914
2019-07-20,9.984942,4.028759,3.997189,0.031571
2019-07-21,9.987680,4.024324,3.998143,0.026182
2019-07-22,9.990418,4.019318,3.999096,0.020222
2019-07-23,9.993155,4.003799,4.000048,0.003751
2019-07-24,9.995893,3.988010,4.001000,-0.012990
2019-07-25,9.998631,4.001659,4.001952,-0.000293
2019-07-26,10.001369,3.990906,4.002903,-0.011996
2019-07-27,10.004107,3.988667,4.003853,-0.015186
2019-07-28,10.006845,3.978435,4.004803,-0.026368
2019-07-29,10.009582,3.980434,4.005752,-0.025318
2019-07-30,10.012320,3.980444,4.006700,-0.026256
2019-07-31,10.015058,3.994336,4.007648,-0.013312
2019-08-01,10.017796,4.004029,4.008595,-0.004566
2019-08-02,10.020534,4.020203,4.009542,0.010661
2019-08-03,10.023272,4.032782,4.010488,0.022295
2019-08-04,10.026010,4.034027,4.011433,0.022593
2019-08-05,10.028747,4.067122,4.012378,0.054744
2019-08-06,10.031485,4.069724,4.013322,0.056402
2019-08-07,10.034223,4.068511,4.014266,0.054245
2019-08-08,10.036961,4.072043,4.015209,0.056834
2019-08-09,10.039699,4.072801,4.016151,0.056650
2019-08-10,10.042437,4.063881,4.017093,0.046788
2019-08-11,10.045175,4.056436,4.018034,0.038402
2019-08-12,10.047912,4.056988,4.018974,0.038013
2019-08-13,10.050650,4.047209,4.019914,0.027295
2019-08-14,10.053388,4.019133,4.020853,-0.001721
2019-08-15,10.056126,4.002010,4.021792,-0.019782
2019-08-16,10.058864,4.011036,4.022730,-0.011693
2019-08-17,10.061602,4.013645,4.023667,-0.010022
2019-08-18,10.064339,4.013589,4.024604,-0.011014
2019-08-19,10.067077,4.026635,4.025539,0.001096
2019-08-20,10.069815,4.032051,4.026475,0.005576
2019-08-21,10.072553,4.009026,4.027409,-0.018383
2019-08-22,10.075291,4.003390,4.028344,-0.024953
2019-08-23,10.078029,4.012521,4.029277,-0.016756
2019-08-24,10.080767,4.007462,4.030210,-0.022748
2019-08-25,10.083504,4.005444,4.031142,-0.025697
2019-08-26,10.086242,4.015330,4.032073,-0.016743
2019-08-27,10.088980,4.008344,4.033004,-0.024660
2019-08-28,10.091718,4.003053,4.033934,-0.030880
2019-08-29,10.094456,3.980398,4.034863,-0.054465
2019-08-30,10.097194,3.981187,4.035792,-0.054605
2019-08-31,10.099932,3.983553,4.036720,-0.053167
2019-09-01,10.102669,3.984860,4.037648,-0.052788
2019-09-02,10.105407,3.998705,4.038574,-0.039869
2019-09-03,10.108145,4.022178,4.039500,-0.017322
2019-09-04,10.110883,4.024250,4.040426,-0.016176
2019-09-05,10.113621,4.024372,4.041350,-0.016978
2019-09-06,10.116359,4.027763,4.042274,-0.014511
2019-09-07,10.119097,4.018746,4.043198,-0.024452
2019-09-08,10.121834,4.020175,4.044120,-0.023946
2019-09-09,10.124572,4.013827,4.045042,-0.031215
2019-09-10,10.127310,4.010377,4.045964,-0.035587
2019-09-11,10.130048,4.003847,4.046884,-0.043037
2019-09-12,10.132786,4.010570,4.047804,-0.037234
2019-09-13,10.135524,4.014286,4.048723,-0.034438
2019-09-14,10.138261,4.015250,4.049642,-0.034392
2019-09-15,10.140999,4.014193,4.050560,-0.036366
2019-09-16,10.143737,4.011559,4.051477,-0.039917
2019-09-17,10.146475,4.010111,4.052393,-0.042282
2019-09-18,10.149213,4.009094,4.053309,-0.044215
2019-09-19,10.151951,4.000818,4.054224,-0.053406
2019-09-20,10.154689,4.008555,4.055138,-0.046583
2019-09-21,10.157426,4.002744,4.056052,-0.053307
2019-09-22,10.160164,4.000305,4.056964,-0.056660
2019-09-23,10.162902,3.995851,4.057877,-0.062026
2019-09-24,10.165640,3.975332,4.058788,-0.083456
2019-09-25,10.168378,3.929019,4.059699,-0.130679
2019-09-26,10.171116,3.918086,4.060609,-0.142523
2019-09-27,10.173854,3.907038,4.061518,-0.154480
2019-09-28,10.176591,3.913483,4.062426,-0.148944
2019-09-29,10.179329,3.908916,4.063334,-0.154418
2019-09-30,10.182067,3.909024,4.064241,-0.155217
2019-10-01,10.184805,3.924196,4.065148,-0.140951
2019-10-02,10.187543,3.918710,4.066053,-0.147343
2019-10-03,10.190281,3.917901,4.066958,-0.149057
2019-10-04,10.193018,3.912803,4.067862,-0.155059
2019-10-05,10.195756,3.910748,4.068765,-0.158018
2019-10-06,10.198494,3.903764,4.069668,-0.165904
2019-10-07,10.201232,3.907405,4.070570,-0.163165
2019-10-08,10.203970,3.915510,4.071471,-0.155961
2019-10-09,10.206708,3.921822,4.072371,-0.150550
2019-10-10,10.209446,3.932984,4.073271,-0.140287
2019-10-11,10.212183,3.925414,4.074170,-0.148756
2019-10-12,10.214921,3.922333,4.075068,-0.152735
2019-10-13,10.217659,3.923693,4.075966,-0.152273
2019-10-14,10.220397,3.921024,4.076862,-0.155838
2019-10-15,10.223135,3.918776,4.077758,-0.158982
2019-10-16,10.225873,3.908174,4.078653,-0.170479
2019-10-17,10.228611,3.906623,4.079547,-0.172925
2019-10-18,10.231348,3.903011,4.080441,-0.177430
2019-10-19,10.234086,3.903141,4.081334,-0.178193
2019-10-20,10.236824,3.906471,4.082226,-0.175754
2019-10-21,10.239562,3.916734,4.083117,-0.166383
2019-10-22,10.242300,3.915487,4.084008,-0.168520
2019-10-23,10.245038,3.891045,4.084897,-0.193853
2019-10-24,10.247775,3.874713,4.085786,-0.211073
2019-10-25,10.250513,3.899325,4.086674,-0.187349
2019-10-26,10.253251,3.971129,4.087562,-0.116433
2019-10-27,10.255989,3.974729,4.088448,-0.113719
2019-10-28,10.258727,3.976731,4.089334,-0.112603
2019-10-29,10.261465,3.972383,4.090219,-0.117836
2019-10-30,10.264203,3.963790,4.091103,-0.127314
2019-10-31,10.266940,3.963143,4.091987,-0.128844
2019-11-01,10.269678,3.962648,4.092869,-0.130221
2019-11-02,10.272416,3.968426,4.093751,-0.125326
2019-11-03,10.275154,3.965459,4.094632,-0.129173
2019-11-04,10.277892,3.967273,4.095512,-0.128240
2019-11-05,10.280630,3.971059,4.096392,-0.125332
2019-11-06,10.283368,3.970643,4.097270,-0.126628
2019-11-07,10.286105,3.966225,4.098148,-0.131923
2019-11-08,10.288843,3.954205,4.099025,-0.144821
2019-11-09,10.291581,3.946381,4.099901,-0.153521
2019-11-10,10.294319,3.950492,4.100777,-0.150285
2019-11-11,10.297057,3.945849,4.101651,-0.155803
2019-11-12,10.299795,3.942941,4.102525,-0.159584
2019-11-13,10.302533,3.943861,4.103398,-0.159537
2019-11-14,10.305270,3.939281,4.104270,-0.164989
2019-11-15,10.308008,3.933419,4.105142,-0.171722
2019-11-16,10.310746,3.930122,4.106012,-0.175890
2019-11-17,10.313484,3.932258,4.106882,-0.174623
2019-11-18,10.316222,3.925408,4.107751,-0.182343
2019-11-19,10.318960,3.911816,4.108619,-0.196802
2019-11-20,10.321697,3.910825,4.109486,-0.198661
2019-11-21,10.324435,3.897360,4.110352,-0.212992
2019-11-22,10.327173,3.868910,4.111218,-0.242308
2019-11-23,10.329911,3.863463,4.112082,-0.248619
2019-11-24,10.332649,3.857755,4.112946,-0.255191
2019-11-25,10.335387,3.846667,4.113809,-0.267142
2019-11-26,10.338125,3.856657,4.114671,-0.258014
2019-11-27,10.340862,3.863448,4.115533,-0.252084
2019-11-28,10.343600,3.878827,4.116393,-0.237566
2019-11-29,10.346338,3.884264,4.117253,-0.232988
2019-11-30,10.349076,3.886382,4.118111,-0.231729
2019-12-01,10.351814,3.869258,4.118969,-0.249711
2019-12-02,10.354552,3.866859,4.119826,-0.252967
2019-12-03,10.357290,3.867344,4.120682,-0.253338
2019-12-04,10.360027,3.864491,4.121538,-0.257047
2019-12-05,10.362765,3.867541,4.122392,-0.254851
2019-12-06,10.365503,3.872027,4.123246,-0.251219
2019-12-07,10.368241,3.879368,4.124099,-0.244731
2019-12-08,10.370979,3.877172,4.124951,-0.247779
2019-12-09,10.373717,3.875234,4.125802,-0.250567
2019-12-10,10.376454,3.865933,4.126652,-0.260719
2019-12-11,10.379192,3.860762,4.127501,-0.266739
2019-12-12,10.381930,3.858628,4.128350,-0.269721
2019-12-13,10.384668,3.861891,4.129197,-0.267306
2019-12-14,10.387406,3.857967,4.130044,-0.272076
2019-12-15,10.390144,3.853749,4.130890,-0.277141
2019-12-16,10.392882,3.850401,4.131734,-0.281333
2019-12-17,10.395619,3.835577,4.132578,-0.297002
2019-12-18,10.398357,3.834642,4.133422,-0.298780
2019-12-19,10.401095,3.857325,4.134264,-0.276939
2019-12-20,10.403833,3.857458,4.135105,-0.277647
2019-12-21,10.406571,3.857251,4.135946,-0.278695
2019-12-22,10.409309,3.862026,4.136785,-0.274760
2019-12-23,10.412047,3.877725,4.137624,-0.259899
2019-12-24,10.414784,3.865563,4.138462,-0.272899
2019-12-25,10.417522,3.860862,4.139299,-0.278436
2019-12-26,10.420260,3.861694,4.140135,-0.278441
2019-12-27,10.422998,3.859970,4.140970,-0.281000
2019-12-28,10.425736,3.866104,4.141804,-0.275700
2019-12-29,10.428474,3.868608,4.142637,-0.274029
2019-12-30,10.431211,3.865693,4.143470,-0.277777
2019-12-31,10.433949,3.860126,4.144301,-0.284175
2020-01-01,10.436687,3.860146,4.145132,-0.284986
2020-01-02,10.439425,3.852627,4.145962,-0.293335
2020-01-03,10.442163,3.861430,4.146790,-0.285361
2020-01-04,10.444901,3.866980,4.147618,-0.280639
2020-01-05,10.447639,3.873024,4.148445,-0.275421
2020-01-06,10.450376,3.878948,4.149271,-0.270323
2020-01-07,10.453114,3.900638,4.150096,-0.249458
2020-01-08,10.455852,3.916766,4.150921,-0.234155
2020-01-09,10.458590,3.899276,4.151744,-0.252468
2020-01-10,10.461328,3.899215,4.152566,-0.253351
2020-01-11,10.464066,3.911140,4.153388,-0.242247
2020-01-12,10.466804,3.911181,4.154208,-0.243027
2020-01-13,10.469541,3.910741,4.155028,-0.244287
2020-01-14,10.472279,3.934754,4.155846,-0.221092
2020-01-15,10.475017,3.942810,4.156664,-0.213854
2020-01-16,10.477755,3.939513,4.157481,-0.217968
2020-01-17,10.480493,3.948227,4.158297,-0.210070
2020-01-18,10.483231,3.950191,4.159112,-0.208921
2020-01-19,10.485969,3.948162,4.159925,-0.211763
2020-01-20,10.488706,3.938381,4.160738,-0.222358
2020-01-21,10.491444,3.938353,4.161551,-0.223198
2020-01-22,10.494182,3.939407,4.162362,-0.222955
2020-01-23,10.496920,3.927858,4.163172,-0.235314
2020-01-24,10.499658,3.925309,4.163981,-0.238672
2020-01-25,10.502396,3.922262,4.164789,-0.242527
2020-01-26,10.505133,3.927889,4.165597,-0.237708
2020-01-27,10.507871,3.942260,4.166403,-0.224143
2020-01-28,10.510609,3.957322,4.167208,-0.209887
2020-01-29,10.513347,3.970361,4.168013,-0.197652
2020-01-30,10.516085,3.972006,4.168816,-0.196810
2020-01-31,10.518823,3.970811,4.169619,-0.198808
2020-02-01,10.521561,3.972245,4.170421,-0.198176
2020-02-02,10.524298,3.972441,4.171221,-0.198780
2020-02-03,10.527036,3.970326,4.172021,-0.201695
2020-02-04,10.529774,3.964562,4.172820,-0.208258
2020-02-05,10.532512,3.973709,4.173617,-0.199909
2020-02-06,10.535250,3.986344,4.174414,-0.188070
2020-02-07,10.537988,3.990222,4.175210,-0.184987
2020-02-08,10.540726,3.991780,4.176005,-0.184225
2020-02-09,10.543463,4.003406,4.176798,-0.173393
2020-02-10,10.546201,3.996305,4.177591,-0.181286
2020-02-11,10.548939,3.998123,4.178383,-0.180260
2020-02-12,10.551677,4.014601,4.179174,-0.164573
2020-02-13,10.554415,4.012331,4.179964,-0.167633
2020-02-14,10.557153,4.011186,4.180753,-0.169566
2020-02-15,10.559890,4.005950,4.181541,-0.175590
2020-02-16,10.562628,3.995951,4.182328,-0.186377
2020-02-17,10.565366,3.987905,4.183114,-0.195209
2020-02-18,10.568104,3.993504,4.183899,-0.190395
2020-02-19,10.570842,4.003909,4.184683,-0.180774
2020-02-20,10.573580,3.982672,4.185466,-0.202794
2020-02-21,10.576318,3.987526,4.186248,-0.198722
2020-02-22,10.579055,3.986440,4.187029,-0.200589
2020-02-23,10.581793,3.995447,4.187809,-0.192362
2020-02-24,10.584531,3.989045,4.188588,-0.199543
2020-02-25,10.587269,3.978504,4.189366,-0.210862
2020-02-26,10.590007,3.957779,4.190143,-0.232364
2020-02-27,10.592745,3.946498,4.190919,-0.244421
2020-02-28,10.595483,3.941671,4.191694,-0.250023
2020-02-29,10.598220,3.940922,4.192468,-0.251546
2020-03-01,10.600958,3.934683,4.193241,-0.258558
2020-03-02,10.603696,3.943769,4.194013,-0.250243
2020-03-03,10.606434,3.945905,4.194784,-0.248879
2020-03-04,10.609172,3.944576,4.195554,-0.250978
2020-03-05,10.611910,3.956982,4.196322,-0.239340
2020-03-06,10.614648,3.960725,4.197090,-0.236365
2020-03-07,10.617385,3.958529,4.197857,-0.239328
2020-03-08,10.620123,3.935121,4.198623,-0.263502
2020-03-09,10.622861,3.899794,4.199388,-0.299594
2020-03-10,10.625599,3.902948,4.200152,-0.297204
2020-03-11,10.628337,3.897637,4.200915,-0.303278
2020-03-12,10.631075,3.827013,4.201676,-0.374663
2020-03-13,10.633812,3.730788,4.202437,-0.471650
2020-03-14,10.636550,3.738572,4.203197,-0.464625
2020-03-15,10.639288,3.730423,4.203956,-0.473533
2020-03-16,10.642026,3.703631,4.204713,-0.501083
2020-03-17,10.644764,3.729759,4.205470,-0.475711
2020-03-18,10.647502,3.727064,4.206226,-0.479161
2020-03-19,10.650240,3.763621,4.206980,-0.443359
2020-03-20,10.652977,3.805735,4.207734,-0.401998
2020-03-21,10.655715,3.792161,4.208486,-0.416325
2020-03-22,10.658453,3.790259,4.209238,-0.418979
2020-03-23,10.661191,3.788899,4.209988,-0.421089
2020-03-24,10.663929,3.825261,4.210737,-0.385476
2020-03-25,10.666667,3.825500,4.211486,-0.385986
2020-03-26,10.669405,3.826105,4.212233,-0.386128
2020-03-27,10.672142,3.826992,4.212979,-0.385987
2020-03-28,10.674880,3.796421,4.213724,-0.417304
2020-03-29,10.677618,3.788433,4.214468,-0.426035
2020-03-30,10.680356,3.800135,4.215212,-0.415076
2020-03-31,10.683094,3.811973,4.215954,-0.403980
2020-04-01,10.685832,3.802350,4.216694,-0.414344
2020-04-02,10.688569,3.829218,4.217434,-0.388216
2020-04-03,10.691307,3.834625,4.218173,-0.383548
2020-04-04,10.694045,3.831960,4.218911,-0.386951
2020-04-05,10.696783,3.833397,4.219648,-0.386250
2020-04-06,10.699521,3.851373,4.220383,-0.369010
2020-04-07,10.702259,3.865015,4.221118,-0.356103
2020-04-08,10.704997,3.864318,4.221852,-0.357534
2020-04-09,10.707734,3.864259,4.222584,-0.358325
2020-04-10,10.710472,3.844505,4.223315,-0.378811
2020-04-11,10.713210,3.838469,4.224046,-0.385576
2020-04-12,10.715948,3.843480,4.224775,-0.381295
2020-04-13,10.718686,3.831419,4.225503,-0.394084
2020-04-14,10.721424,3.839920,4.226230,-0.386310
2020-04-15,10.724162,3.834853,4.226956,-0.392104
2020-04-16,10.726899,3.841661,4.227681,-0.386020
2020-04-17,10.729637,3.850628,4.228405,-0.377777
2020-04-18,10.732375,3.855007,4.229128,-0.374121
2020-04-19,10.735113,3.856158,4.229850,-0.373692
2020-04-20,10.737851,3.849099,4.230570,-0.381472
2020-04-21,10.740589,3.838170,4.231290,-0.393120
2020-04-22,10.743326,3.846322,4.232009,-0.385687
2020-04-23,10.746064,3.863487,4.232726,-0.369239
2020-04-24,10.748802,3.876377,4.233442,-0.357065
2020-04-25,10.751540,3.877664,4.234157,-0.356493
2020-04-26,10.754278,3.880881,4.234872,-0.353991
2020-04-27,10.757016,3.887325,4.235585,-0.348259
2020-04-28,10.759754,3.888371,4.236297,-0.347926
2020-04-29,10.762491,3.916406,4.237008,-0.320601
2020-04-30,10.765229,3.948740,4.237717,-0.288977
2020-05-01,10.767967,3.943770,4.238426,-0.294656
2020-05-02,10.770705,3.948311,4.239134,-0.290823
2020-05-03,10.773443,3.953219,4.239840,-0.286621
2020-05-04,10.776181,3.943151,4.240545,-0.297395
2020-05-05,10.778919,3.951006,4.241250,-0.290243
2020-05-06,10.781656,3.961867,4.241953,-0.280086
2020-05-07,10.784394,3.977118,4.242655,-0.265537
2020-05-08,10.787132,3.996309,4.243356,-0.247047
2020-05-09,10.789870,3.987673,4.244056,-0.256383
2020-05-10,10.792608,3.938609,4.244755,-0.306146
2020-05-11,10.795346,3.939975,4.245452,-0.305477
2020-05-12,10.798084,3.943585,4.246149,-0.302564
2020-05-13,10.800821,3.956465,4.246844,-0.290379
2020-05-14,10.803559,3.981409,4.247538,-0.266130
2020-05-15,10.806297,3.978470,4.248232,-0.269761
2020-05-16,10.809035,3.973245,4.248924,-0.275678
2020-05-17,10.811773,3.983321,4.249615,-0.266294
2020-05-18,10.814511,3.987385,4.250305,-0.262920
2020-05-19,10.817248,3.985330,4.250993,-0.265664
2020-05-20,10.819986,3.985380,4.251681,-0.266301
2020-05-21,10.822724,3.967473,4.252367,-0.284894
2020-05-22,10.825462,3.960358,4.253053,-0.292694
2020-05-23,10.828200,3.964247,4.253737,-0.289490
2020-05-24,10.830938,3.960287,4.254420,-0.294133
2020-05-25,10.833676,3.946088,4.255102,-0.309014
2020-05-26,10.836413,3.948149,4.255783,-0.307634
2020-05-27,10.839151,3.956195,4.256463,-0.300268
2020-05-28,10.841889,3.969492,4.257141,-0.287649
2020-05-29,10.844627,3.975510,4.257819,-0.282309
2020-05-30,10.847365,3.978070,4.258495,-0.280425
2020-05-31,10.850103,3.979649,4.259171,-0.279522
2020-06-01,10.852841,3.981373,4.259845,-0.278471
2020-06-02,10.855578,3.993559,4.260518,-0.266959
2020-06-03,10.858316,3.980136,4.261189,-0.281053
2020-06-04,10.861054,3.986716,4.261860,-0.275144
2020-06-05,10.863792,3.988442,4.262530,-0.274088
2020-06-06,10.866530,3.984013,4.263198,-0.279185
2020-06-07,10.869268,3.983281,4.263865,-0.280584
2020-06-08,10.872005,3.987829,4.264532,-0.276703
2020-06-09,10.874743,3.987267,4.265197,-0.277930
2020-06-10,10.877481,3.990674,4.265860,-0.275187
2020-06-11,10.880219,3.984047,4.266523,-0.282476
2020-06-12,10.882957,3.974030,4.267185,-0.293154
2020-06-13,10.885695,3.974697,4.267845,-0.293148
2020-06-14,10.888433,3.973761,4.268504,-0.294744
2020-06-15,10.891170,3.966501,4.269163,-0.302662
2020-06-16,10.893908,3.977928,4.269819,-0.291892
2020-06-17,10.896646,3.975535,4.270475,-0.294940
2020-06-18,10.899384,3.973744,4.271130,-0.297386
2020-06-19,10.902122,3.970300,4.271784,-0.301484
2020-06-20,10.904860,3.969241,4.272436,-0.303195
2020-06-21,10.907598,3.971514,4.273087,-0.301573
2020-06-22,10.910335,3.977381,4.273737,-0.296356
2020-06-23,10.913073,3.984144,4.274386,-0.290242
2020-06-24,10.915811,3.975222,4.275034,-0.299812
2020-06-25,10.918549,3.966169,4.275680,-0.309511
2020-06-26,10.921287,3.963766,4.276326,-0.312560
2020-06-27,10.924025,3.960296,4.276970,-0.316674
2020-06-28,10.926762,3.958308,4.277613,-0.319305
2020-06-29,10.929500,3.961004,4.278255,-0.317251
2020-06-30,10.932238,3.962183,4.278896,-0.316712
2020-07-01,10.934976,3.963939,4.279536,-0.315597
2020-07-02,10.937714,3.962770,4.280174,-0.317404
2020-07-03,10.940452,3.959604,4.280811,-0.321208
2020-07-04,10.943190,3.959560,4.281447,-0.321887
2020-07-05,10.945927,3.958105,4.282082,-0.323978
2020-07-06,10.948665,3.964888,4.282716,-0.317828
2020-07-07,10.951403,3.967233,4.283349,-0.316115
2020-07-08,10.954141,3.970917,4.283980,-0.313064
2020-07-09,10.956879,3.970100,4.284610,-0.314511
2020-07-10,10.959617,3.963980,4.285240,-0.321259
2020-07-11,10.962355,3.965934,4.285867,-0.319933
2020-07-12,10.965092,3.966450,4.286494,-0.320044
2020-07-13,10.967830,3.967753,4.287120,-0.319367
2020-07-14,10.970568,3.964983,4.287744,-0.322761
2020-07-15,10.973306,3.965094,4.288367,-0.323273
2020-07-16,10.976044,3.960935,4.288989,-0.328054
2020-07-17,10.978782,3.961155,4.289610,-0.328455
2020-07-18,10.981520,3.962443,4.290230,-0.327787
2020-07-19,10.984257,3.962120,4.290848,-0.328728
2020-07-20,10.986995,3.963168,4.291466,-0.328297
2020-07-21,10.989733,3.969199,4.292082,-0.322883
2020-07-22,10.992471,3.971796,4.292697,-0.320901
2020-07-23,10.995209,3.979775,4.293311,-0.313536
2020-07-24,10.997947,3.980515,4.293923,-0.313408
2020-07-25,11.000684,3.983355,4.294535,-0.311179
2020-07-26,11.003422,3.992732,4.295145,-0.302413
2020-07-27,11.006160,4.018824,4.295754,-0.276930
2020-07-28,11.008898,4.040706,4.296362,-0.255656
2020-07-29,11.011636,4.045313,4.296968,-0.251655
2020-07-30,11.014374,4.042860,4.297574,-0.254714
2020-07-31,11.017112,4.049164,4.298178,-0.249014
2020-08-01,11.019849,4.064812,4.298781,-0.233969
2020-08-02,11.022587,4.053662,4.299383,-0.245721
2020-08-03,11.025325,4.051238,4.299984,-0.248746
2020-08-04,11.028063,4.050851,4.300583,-0.249732
2020-08-05,11.030801,4.059485,4.301182,-0.241696
2020-08-06,11.033539,4.070070,4.301779,-0.231709
2020-08-07,11.036277,4.068624,4.302375,-0.233751
2020-08-08,11.039014,4.067611,4.302969,-0.235358
2020-08-09,11.041752,4.067124,4.303563,-0.236439
2020-08-10,11.044490,4.075228,4.304155,-0.228927
2020-08-11,11.047228,4.065355,4.304746,-0.239391
2020-08-12,11.049966,4.059379,4.305336,-0.245957
2020-08-13,11.052704,4.062682,4.305925,-0.243243
2020-08-14,11.055441,4.070299,4.306512,-0.236214
2020-08-15,11.058179,4.074595,4.307099,-0.232504
2020-08-16,11.060917,4.073628,4.307684,-0.234056
2020-08-17,11.063655,4.081472,4.308268,-0.226796
2020-08-18,11.066393,4.085070,4.308851,-0.223780
2020-08-19,11.069131,4.071826,4.309432,-0.237607
2020-08-20,11.071869,4.072011,4.310012,-0.238001
2020-08-21,11.074606,4.069916,4.310591,-0.240675
2020-08-22,11.077344,4.063125,4.311169,-0.248045
2020-08-23,11.080082,4.065456,4.311746,-0.246290
2020-08-24,11.082820,4.069654,4.312322,-0.242668
2020-08-25,11.085558,4.060987,4.312896,-0.251909
2020-08-26,11.088296,4.057270,4.313469,-0.256199
2020-08-27,11.091034,4.055072,4.314041,-0.258968
2020-08-28,11.093771,4.058741,4.314611,-0.255870
2020-08-29,11.096509,4.061160,4.315181,-0.254021
2020-08-30,11.099247,4.064549,4.315749,-0.251200
2020-08-31,11.101985,4.067802,4.316316,-0.248514
2020-09-01,11.104723,4.074710,4.316882,-0.242171
2020-09-02,11.107461,4.063654,4.317446,-0.253793
2020-09-03,11.110198,4.042902,4.318010,-0.275108
2020-09-04,11.112936,4.016763,4.318572,-0.301809
2020-09-05,11.115674,4.011507,4.319133,-0.307626
2020-09-06,11.118412,4.008927,4.319693,-0.310765
2020-09-07,11.121150,4.007079,4.320251,-0.313172
2020-09-08,11.123888,4.006496,4.320808,-0.314313
2020-09-09,11.126626,4.008290,4.321365,-0.313075
2020-09-10,11.129363,4.014723,4.321919,-0.307196
2020-09-11,11.132101,4.013169,4.322473,-0.309304
2020-09-12,11.134839,4.015990,4.323025,-0.307035
2020-09-13,11.137577,4.017016,4.323577,-0.306560
2020-09-14,11.140315,4.021820,4.324127,-0.302307
2020-09-15,11.143053,4.032605,4.324675,-0.292070
2020-09-16,11.145791,4.037587,4.325223,-0.287636
2020-09-17,11.148528,4.037346,4.325769,-0.288423
2020-09-18,11.151266,4.038653,4.326314,-0.287662
2020-09-19,11.154004,4.042210,4.326858,-0.284648
2020-09-20,11.156742,4.038287,4.327401,-0.289114
2020-09-21,11.159480,4.028576,4.327942,-0.299367
2020-09-22,11.162218,4.020137,4.328483,-0.308345
2020-09-23,11.164956,4.018623,4.329022,-0.310399
2020-09-24,11.167693,4.019213,4.329559,-0.310346
2020-09-25,11.170431,4.028446,4.330096,-0.301650
2020-09-26,11.173169,4.030364,4.330631,-0.300267
2020-09-27,11.175907,4.030320,4.331165,-0.300845
2020-09-28,11.178645,4.036783,4.331698,-0.294915
2020-09-29,11.181383,4.030843,4.332230,-0.301387
2020-09-30,11.184120,4.031310,4.332760,-0.301450
2020-10-01,11.186858,4.031871,4.333290,-0.301419
2020-10-02,11.189596,4.022577,4.333817,-0.311240
2020-10-03,11.192334,4.023540,4.334344,-0.310804
2020-10-04,11.195072,4.025785,4.334870,-0.309085
2020-10-05,11.197810,4.029812,4.335394,-0.305582
2020-10-06,11.200548,4.029508,4.335917,-0.306409
2020-10-07,11.203285,4.026284,4.336439,-0.310155
2020-10-08,11.206023,4.031004,4.336960,-0.305955
2020-10-09,11.208761,4.040967,4.337479,-0.296512
2020-10-10,11.211499,4.054547,4.337997,-0.283450
2020-10-11,11.214237,4.055574,4.338514,-0.282940
2020-10-12,11.216975,4.058828,4.339030,-0.280202
2020-10-13,11.219713,4.058911,4.339544,-0.280633
2020-10-14,11.222450,4.057286,4.340057,-0.282771
2020-10-15,11.225188,4.057591,4.340569,-0.282978
2020-10-16,11.227926,4.055685,4.341080,-0.285395
2020-10-17,11.230664,4.054903,4.341590,-0.286687
2020-10-18,11.233402,4.058308,4.342098,-0.283790
2020-10-19,11.236140,4.063857,4.342605,-0.278748
2020-10-20,11.238877,4.073674,4.343111,-0.269436
2020-10-21,11.241615,4.095724,4.343615,-0.247892
2020-10-22,11.244353,4.111693,4.344119,-0.232425
2020-10-23,11.247091,4.111709,4.344621,-0.232912
2020-10-24,11.249829,4.114895,4.345122,-0.230226
2020-10-25,11.252567,4.115717,4.345621,-0.229904
2020-10-26,11.255305,4.116124,4.346120,-0.229996
2020-10-27,11.258042,4.126065,4.346617,-0.220552
2020-10-28,11.260780,4.128453,4.347113,-0.218660
2020-10-29,11.263518,4.124785,4.347608,-0.222822
2020-10-30,11.266256,4.128173,4.348101,-0.219928
2020-10-31,11.268994,4.138058,4.348593,-0.210535
2020-11-01,11.271732,4.138844,4.349084,-0.210240
2020-11-02,11.274470,4.133312,4.349574,-0.216262
2020-11-03,11.277207,4.133815,4.350063,-0.216248
2020-11-04,11.279945,4.142909,4.350550,-0.207641
2020-11-05,11.282683,4.168269,4.351036,-0.182767
2020-11-06,11.285421,4.192459,4.351521,-0.159062
2020-11-07,11.288159,4.185690,4.352004,-0.166315
2020-11-08,11.290897,4.181920,4.352487,-0.170567
2020-11-09,11.293634,4.186927,4.352968,-0.166041
2020-11-10,11.296372,4.185361,4.353448,-0.168087
2020-11-11,11.299110,4.193010,4.353926,-0.160917
2020-11-12,11.301848,4.202228,4.354404,-0.152176
2020-11-13,11.304586,4.211870,4.354880,-0.143010
2020-11-14,11.307324,4.204795,4.355355,-0.150560
2020-11-15,11.310062,4.204006,4.355829,-0.151823
2020-11-16,11.312799,4.214085,4.356301,-0.142216
2020-11-17,11.315537,4.232540,4.356772,-0.124233
2020-11-18,11.318275,4.252206,4.357242,-0.105036
2020-11-19,11.321013,4.251411,4.357711,-0.106300
2020-11-20,11.323751,4.263380,4.358179,-0.094799
2020-11-21,11.326489,4.271986,4.358645,-0.086659
2020-11-22,11.329227,4.265250,4.359110,-0.093860
2020-11-23,11.331964,4.265836,4.359574,-0.093738
2020-11-24,11.334702,4.275535,4.360036,-0.084501
2020-11-25,11.337440,4.279878,4.360498,-0.080620
2020-11-26,11.340178,4.240005,4.360958,-0.120953
2020-11-27,11.342916,4.230329,4.361417,-0.131088
2020-11-28,11.345654,4.238527,4.361874,-0.123347
2020-11-29,11.348392,4.255155,4.362331,-0.107175
2020-11-30,11.351129,4.276810,4.362786,-0.085976
2020-12-01,11.353867,4.284539,4.363240,-0.078701
2020-12-02,11.356605,4.277755,4.363692,-0.085937
2020-12-03,11.359343,4.285354,4.364144,-0.078790
2020-12-04,11.362081,4.281391,4.364594,-0.083203
2020-12-05,11.364819,4.278664,4.365043,-0.086379
2020-12-06,11.367556,4.282150,4.365491,-0.083340
2020-12-07,11.370294,4.283371,4.365937,-0.082566
2020-12-08,11.373032,4.277295,4.366382,-0.089087
2020-12-09,11.375770,4.261592,4.366827,-0.105234
2020-12-10,11.378508,4.262570,4.367269,-0.104700
2020-12-11,11.381246,4.253802,4.367711,-0.113909
2020-12-12,11.383984,4.266513,4.368151,-0.101638
2020-12-13,11.386721,4.281487,4.368590,-0.087104
2020-12-14,11.389459,4.282500,4.369028,-0.086528
2020-12-15,11.392197,4.286727,4.369465,-0.082738
2020-12-16,11.394935,4.302832,4.369900,-0.067068
2020-12-17,11.397673,4.354220,4.370334,-0.016114
2020-12-18,11.400411,4.359402,4.370767,-0.011365
2020-12-19,11.403149,4.368389,4.371199,-0.002809
2020-12-20,11.405886,4.372769,4.371629,0.001139
2020-12-21,11.408624,4.366377,4.372058,-0.005681
2020-12-22,11.411362,4.363565,4.372486,-0.008921
2020-12-23,11.414100,4.371612,4.372913,-0.001301
2020-12-24,11.416838,4.365870,4.373338,-0.007469
2020-12-25,11.419576,4.380542,4.373763,0.006780
2020-12-26,11.422313,4.402528,4.374186,0.028342
2020-12-27,11.425051,4.431698,4.374608,0.057091
2020-12-28,11.427789,4.430667,4.375028,0.055639
2020-12-29,11.430527,4.425993,4.375447,0.050546
2020-12-30,11.433265,4.449320,4.375866,0.073454
2020-12-31,11.436003,4.460095,4.376282,0.083813
2021-01-01,11.438741,4.466368,4.376698,0.089670
2021-01-02,11.441478,4.487847,4.377112,0.110734
2021-01-03,11.444216,4.524441,4.377526,0.146916
2021-01-04,11.446954,4.502748,4.377937,0.124811
2021-01-05,11.449692,4.508447,4.378348,0.130099
2021-01-06,11.452430,4.542411,4.378758,0.163654
2021-01-07,11.455168,4.579901,4.379166,0.200735
2021-01-08,11.457906,4.599594,4.379573,0.220021
2021-01-09,11.460643,4.606101,4.379979,0.226122
2021-01-10,11.463381,4.598548,4.380383,0.218165
2021-01-11,11.466119,4.534328,4.380787,0.153542
2021-01-12,11.468857,4.541879,4.381189,0.160690
2021-01-13,11.471595,4.540167,4.381590,0.158577
2021-01-14,11.474333,4.582925,4.381989,0.200936
2021-01-15,11.477070,4.577085,4.382388,0.194697
2021-01-16,11.479808,4.566482,4.382785,0.183697
2021-01-17,11.482546,4.553913,4.383181,0.170733
2021-01-18,11.485284,4.558109,4.383575,0.174534
2021-01-19,11.488022,4.566694,4.383969,0.182725
2021-01-20,11.490760,4.565323,4.384361,0.180962
2021-01-21,11.493498,4.517471,4.384752,0.132718
2021-01-22,11.496235,4.508573,4.385142,0.123431
2021-01-23,11.498973,4.510084,4.385531,0.124553
2021-01-24,11.501711,4.607463,4.385918,0.221545
2021-01-25,11.504449,4.526052,4.386304,0.139748
2021-01-26,11.507187,4.508072,4.386689,0.121383
2021-01-27,11.509925,4.543682,4.387073,0.156609
2021-01-28,11.512663,4.503096,4.387455,0.115640
2021-01-29,11.515400,4.598074,4.387837,0.210237
2021-01-30,11.518138,4.532257,4.388217,0.144040
2021-01-31,11.520876,4.524256,4.388596,0.135660
2021-02-01,11.523614,4.521953,4.388973,0.132979
2021-02-02,11.526352,4.540895,4.389350,0.151545
2021-02-03,11.529090,4.563270,4.389725,0.173545
2021-02-04,11.531828,4.574201,4.390099,0.184102
2021-02-05,11.534565,4.575543,4.390472,0.185071
2021-02-06,11.537303,4.600121,4.390843,0.209277
2021-02-07,11.540041,4.587500,4.391213,0.196287
2021-02-08,11.542779,4.615480,4.391582,0.223897
2021-02-09,11.545517,4.661343,4.391950,0.269393
2021-02-10,11.548255,4.645306,4.392317,0.252989
2021-02-11,11.550992,4.661224,4.392682,0.268541
2021-02-12,11.553730,4.677458,4.393047,0.284411
2021-02-13,11.556468,4.674471,4.393410,0.281062
2021-02-14,11.559206,4.686627,4.393772,0.292855
2021-02-15,11.561944,4.681965,4.394132,0.287833
2021-02-16,11.564682,4.691948,4.394492,0.297456
2021-02-17,11.567420,4.708099,4.394850,0.313249
2021-02-18,11.570157,4.715068,4.395207,0.319861
2021-02-19,11.572895,4.725034,4.395563,0.329471
2021-02-20,11.575633,4.746957,4.395917,0.351040
2021-02-21,11.578371,4.775743,4.396270,0.379473
2021-02-22,11.581109,4.760073,4.396623,0.363451
2021-02-23,11.583847,4.693482,4.396973,0.296509
2021-02-24,11.586585,4.697173,4.397323,0.299849
2021-02-25,11.589322,4.698737,4.397672,0.301065
2021-02-26,11.592060,4.694699,4.398019,0.296680
2021-02-27,11.594798,4.679962,4.398365,0.281597
2021-02-28,11.597536,4.651301,4.398710,0.252591
2021-03-01,11.600274,4.684194,4.399054,0.285140
2021-03-02,11.603012,4.686687,4.399396,0.287290
2021-03-03,11.605749,4.705529,4.399738,0.305792
2021-03-04,11.608487,4.697534,4.400078,0.297456
2021-03-05,11.611225,4.678825,4.400417,0.278408
2021-03-06,11.613963,4.684674,4.400754,0.283920
2021-03-07,11.616701,4.704034,4.401091,0.302943
2021-03-08,11.619439,4.708309,4.401426,0.306883
2021-03-09,11.622177,4.731381,4.401760,0.329620
2021-03-10,11.624914,4.741087,4.402093,0.338994
2021-03-11,11.627652,4.750515,4.402425,0.348090
2021-03-12,11.630390,4.754640,4.402756,0.351884
2021-03-13,11.633128,4.769461,4.403085,0.366376
2021-03-14,11.635866,4.781225,4.403413,0.377812
2021-03-15,11.638604,4.759449,4.403740,0.355709
2021-03-16,11.641342,4.742672,4.404066,0.338606
2021-03-17,11.644079,4.748231,4.404391,0.343841
2021-03-18,11.646817,4.766947,4.404714,0.362234
2021-03-19,11.649555,4.762524,4.405036,0.357488
2021-03-20,11.652293,4.770375,4.405357,0.365018
2021-03-21,11.655031,4.757898,4.405677,0.352221
2021-03-22,11.657769,4.757162,4.405996,0.351166
2021-03-23,11.660507,4.743847,4.406313,0.337534
2021-03-24,11.663244,4.741059,4.406630,0.334430
2021-03-25,11.665982,4.724997,4.406945,0.318052
2021-03-26,11.668720,4.726392,4.407259,0.319133
2021-03-27,11.671458,4.746467,4.407571,0.338896
2021-03-28,11.674196,4.746911,4.407883,0.339028
2021-03-29,11.676934,4.755485,4.408193,0.347292
2021-03-30,11.679671,4.767727,4.408503,0.359224
2021-03-31,11.682409,4.769716,4.408811,0.360905
2021-04-01,11.685147,4.769807,4.409117,0.360689
2021-04-02,11.687885,4.772780,4.409423,0.363357
2021-04-03,11.690623,4.770153,4.409728,0.360426
2021-04-04,11.693361,4.761272,4.410031,0.351241
2021-04-05,11.696099,4.764160,4.410333,0.353826
2021-04-06,11.698836,4.768663,4.410634,0.358028
2021-04-07,11.701574,4.758320,4.410934,0.347386
2021-04-08,11.704312,4.757333,4.411233,0.346100
2021-04-09,11.707050,4.764965,4.411530,0.353435
2021-04-10,11.709788,4.777239,4.411827,0.365412
2021-04-11,11.712526,4.776543,4.412122,0.364421
2021-04-12,11.715264,4.778769,4.412416,0.366354
2021-04-13,11.718001,4.778323,4.412709,0.365614
2021-04-14,11.720739,4.802192,4.413000,0.389191
2021-04-15,11.723477,4.798678,4.413291,0.385387
2021-04-16,11.726215,4.842791,4.413580,0.429211
2021-04-17,11.728953,4.763434,4.413869,0.349565
2021-04-18,11.731691,4.810941,4.414156,0.396785
2021-04-19,11.734428,4.751526,4.414442,0.337084
2021-04-20,11.737166,4.744521,4.414726,0.329795
2021-04-21,11.739904,4.743753,4.415010,0.328743
2021-04-22,11.742642,4.788421,4.415292,0.373129
2021-04-23,11.745380,4.697664,4.415574,0.282091
2021-04-24,11.748118,4.699819,4.415854,0.283965
2021-04-25,11.750856,4.699561,4.416133,0.283428
2021-04-26,11.753593,4.724763,4.416411,0.308352
2021-04-27,11.756331,4.784597,4.416687,0.367909
2021-04-28,11.759069,4.738777,4.416963,0.321814
2021-04-29,11.761807,4.746706,4.417237,0.329468
2021-04-30,11.764545,4.773274,4.417511,0.355764
2021-05-01,11.767283,4.761810,4.417783,0.344027
2021-05-02,11.770021,4.749248,4.418054,0.331194
2021-05-03,11.772758,4.762769,4.418324,0.344445
2021-05-04,11.775496,4.742357,4.418593,0.323764
2021-05-05,11.778234,4.738750,4.418860,0.319890
2021-05-06,11.780972,4.807406,4.419127,0.388279
2021-05-07,11.783710,4.754584,4.419392,0.335192
2021-05-08,11.786448,4.767461,4.419656,0.347805
2021-05-09,11.789185,4.763230,4.419919,0.343311
2021-05-10,11.791923,4.761528,4.420181,0.341347
2021-05-11,11.794661,4.801137,4.420442,0.380695
2021-05-12,11.797399,4.747689,4.420702,0.326987
2021-05-13,11.800137,4.697181,4.420960,0.276221
2021-05-14,11.802875,4.700720,4.421218,0.279503
2021-05-15,11.805613,4.688773,4.421474,0.267299
2021-05-16,11.808350,4.678567,4.421729,0.256838
2021-05-17,11.811088,4.647574,4.421983,0.225591
2021-05-18,11.813826,4.645304,4.422236,0.223068
2021-05-19,11.816564,4.603674,4.422488,0.181186
2021-05-20,11.819302,4.675788,4.422739,0.253050
2021-05-21,11.822040,4.592113,4.422988,0.169125
2021-05-22,11.824778,4.574440,4.423237,0.151203
2021-05-23,11.827515,4.552403,4.423484,0.128919
2021-05-24,11.830253,4.568902,4.423730,0.145172
2021-05-25,11.832991,4.604928,4.423975,0.180953
2021-05-26,11.835729,4.594144,4.424220,0.169924
2021-05-27,11.838467,4.589117,4.424462,0.164655
2021-05-28,11.841205,4.563489,4.424704,0.138784
2021-05-29,11.843943,4.547386,4.424945,0.122441
2021-05-30,11.846680,4.550091,4.425185,0.124906
2021-05-31,11.849418,4.558284,4.425423,0.132861
2021-06-01,11.852156,4.563297,4.425661,0.137637
2021-06-02,11.854894,4.571549,4.425897,0.145652
2021-06-03,11.857632,4.585880,4.426132,0.159748
2021-06-04,11.860370,4.569240,4.426366,0.142874
2021-06-05,11.863107,4.563073,4.426599,0.136473
2021-06-06,11.865845,4.556017,4.426831,0.129186
2021-06-07,11.868583,4.641068,4.427062,0.214005
2021-06-08,11.871321,4.517179,4.427292,0.089887
2021-06-09,11.874059,4.542773,4.427521,0.115252
2021-06-10,11.876797,4.568262,4.427748,0.140514
2021-06-11,11.879535,4.568372,4.427975,0.140397
2021-06-12,11.882272,4.553248,4.428200,0.125048
2021-06-13,11.885010,4.561352,4.428425,0.132927
2021-06-14,11.887748,4.598577,4.428648,0.169929
2021-06-15,11.890486,4.604290,4.428870,0.175420
2021-06-16,11.893224,4.670861,4.429091,0.241770
2021-06-17,11.895962,4.586904,4.429312,0.157592
2021-06-18,11.898700,4.568530,4.429531,0.139000
2021-06-19,11.901437,4.554366,4.429749,0.124617
2021-06-20,11.904175,4.546020,4.429965,0.116055
2021-06-21,11.906913,4.521159,4.430181,0.090978
2021-06-22,11.909651,4.506678,4.430396,0.076282
2021-06-23,11.912389,4.529168,4.430610,0.098559
2021-06-24,11.915127,4.529080,4.430822,0.098257
2021-06-25,11.917864,4.523443,4.431034,0.092409
2021-06-26,11.920602,4.499113,4.431244,0.067869
2021-06-27,11.923340,4.520130,4.431454,0.088676
2021-06-28,11.926078,4.591604,4.431662,0.159942
2021-06-29,11.928816,4.551412,4.431869,0.119542
2021-06-30,11.931554,4.543641,4.432076,0.111565
2021-07-01,11.934292,4.528234,4.432281,0.095953
2021-07-02,11.937029,4.522901,4.432485,0.090416
2021-07-03,11.939767,4.535903,4.432688,0.103214
2021-07-04,11.942505,4.547851,4.432890,0.114961
2021-07-05,11.945243,4.532804,4.433091,0.099713
2021-07-06,11.947981,4.533846,4.433291,0.100554
2021-07-07,11.950719,4.538784,4.433490,0.105294
2021-07-08,11.953457,4.517542,4.433688,0.083854
2021-07-09,11.956194,4.521617,4.433885,0.087732
2021-07-10,11.958932,4.528423,4.434081,0.094342
2021-07-11,11.961670,4.523422,4.434276,0.089146
2021-07-12,11.964408,4.528162,4.434470,0.093693
2021-07-13,11.967146,4.517644,4.434662,0.082981
2021-07-14,11.969884,4.512811,4.434854,0.077957
2021-07-15,11.972621,4.507752,4.435045,0.072707
2021-07-16,11.975359,4.503264,4.435235,0.068029
2021-07-17,11.978097,4.500836,4.435423,0.065413
2021-07-18,11.980835,4.503384,4.435611,0.067773
2021-07-19,11.983573,4.495326,4.435798,0.059529
2021-07-20,11.986311,4.476361,4.435983,0.040377
2021-07-21,11.989049,4.495713,4.436168,0.059545
2021-07-22,11.991786,4.508152,4.436352,0.071801
2021-07-23,11.994524,4.512757,4.436534,0.076223
2021-07-24,11.997262,4.530413,4.436716,0.093697
2021-07-25,12.000000,4.536796,4.436896,0.099900
2021-07-26,12.002738,4.583605,4.437076,0.146529
2021-07-27,12.005476,4.576603,4.437255,0.139348
2021-07-28,12.008214,4.600715,4.437432,0.163283
2021-07-29,12.010951,4.600688,4.437609,0.163079
2021-07-30,12.013689,4.598350,4.437784,0.160566
2021-07-31,12.016427,4.619409,4.437959,0.181449
2021-08-01,12.019165,4.617690,4.438133,0.179558
2021-08-02,12.021903,4.597892,4.438305,0.159587
2021-08-03,12.024641,4.585474,4.438477,0.146997
2021-08-04,12.027379,4.588413,4.438648,0.149765
2021-08-05,12.030116,4.671107,4.438817,0.232289
2021-08-06,12.032854,4.616680,4.438986,0.177694
2021-08-07,12.035592,4.639204,4.439154,0.200050
2021-08-08,12.038330,4.646742,4.439320,0.207421
2021-08-09,12.041068,4.652406,4.439486,0.212920
2021-08-10,12.043806,4.659080,4.439651,0.219429
2021-08-11,12.046543,4.663676,4.439815,0.223861
2021-08-12,12.049281,4.652525,4.439978,0.212547
2021-08-13,12.052019,4.664863,4.440140,0.224723
2021-08-14,12.054757,4.673113,4.440301,0.232813
2021-08-15,12.057495,4.666818,4.440460,0.226357
2021-08-16,12.060233,4.671308,4.440619,0.230689
2021-08-17,12.062971,4.662420,4.440778,0.221642
2021-08-18,12.065708,4.654831,4.440935,0.213896
2021-08-19,12.068446,4.655556,4.441091,0.214465
2021-08-20,12.071184,4.733867,4.441246,0.292621
2021-08-21,12.073922,4.690641,4.441400,0.249241
2021-08-22,12.076660,4.689218,4.441554,0.247665
2021-08-23,12.079398,4.697995,4.441706,0.256289
2021-08-24,12.082136,4.689276,4.441857,0.247419
2021-08-25,12.084873,4.683803,4.442008,0.241796
2021-08-26,12.087611,4.675541,4.442157,0.233384
2021-08-27,12.090349,4.679267,4.442306,0.236961
2021-08-28,12.093087,4.689295,4.442454,0.246841
2021-08-29,12.095825,4.687191,4.442600,0.244591
2021-08-30,12.098563,4.682122,4.442746,0.239376
2021-08-31,12.101300,4.675076,4.442891,0.232185
2021-09-01,12.104038,4.678568,4.443035,0.235533
2021-09-02,12.106776,4.696068,4.443178,0.252890
2021-09-03,12.109514,4.698210,4.443320,0.254890
2021-09-04,12.112252,4.699511,4.443461,0.256050
2021-09-05,12.114990,4.702165,4.443602,0.258563
2021-09-06,12.117728,4.714203,4.443741,0.270463
2021-09-07,12.120465,4.698458,4.443879,0.254579
2021-09-08,12.123203,4.666012,4.444017,0.221995
2021-09-09,12.125941,4.650047,4.444154,0.205893
2021-09-10,12.128679,4.662703,4.444289,0.218414
2021-09-11,12.131417,4.657619,4.444424,0.213195
2021-09-12,12.134155,4.659956,4.444558,0.215398
2021-09-13,12.136893,4.652425,4.444691,0.207734
2021-09-14,12.139630,4.664194,4.444823,0.219371
2021-09-15,12.142368,4.677952,4.444955,0.232998
2021-09-16,12.145106,4.680468,4.445085,0.235383
2021-09-17,12.147844,4.677748,4.445215,0.232534
2021-09-18,12.150582,4.683734,4.445343,0.238391
2021-09-19,12.153320,4.679186,4.445471,0.233715
2021-09-20,12.156057,4.650313,4.445598,0.204716
2021-09-21,12.158795,4.615179,4.445724,0.169455
2021-09-22,12.161533,4.630381,4.445849,0.184532
2021-09-23,12.164271,4.645634,4.445973,0.199661
2021-09-24,12.167009,4.621124,4.446096,0.175027
2021-09-25,12.169747,4.631317,4.446219,0.185098
2021-09-26,12.172485,4.633165,4.446340,0.186825
2021-09-27,12.175222,4.640091,4.446461,0.193630
2021-09-28,12.177960,4.624341,4.446581,0.177760
2021-09-29,12.180698,4.623382,4.446700,0.176681
2021-09-30,12.183436,4.637868,4.446818,0.191050
2021-10-01,12.186174,4.664713,4.446936,0.217777
2021-10-02,12.188912,4.680664,4.447052,0.233612
2021-10-03,12.191650,4.682226,4.447168,0.235058
2021-10-04,12.194387,4.683586,4.447283,0.236303
2021-10-05,12.197125,4.700393,4.447397,0.252996
2021-10-06,12.199863,4.724225,4.447510,0.276715
2021-10-07,12.202601,4.735464,4.447622,0.287842
2021-10-08,12.205339,4.736310,4.447734,0.288577
2021-10-09,12.208077,4.738660,4.447844,0.290816
2021-10-10,12.210815,4.742048,4.447954,0.294094
2021-10-11,12.213552,4.753942,4.448063,0.305879
2021-10-12,12.216290,4.753382,4.448171,0.305211
2021-10-13,12.219028,4.749056,4.448278,0.300778
2021-10-14,12.221766,4.761104,4.448385,0.312719
2021-10-15,12.224504,4.777676,4.448491,0.329186
2021-10-16,12.227242,4.787446,4.448595,0.338850
2021-10-17,12.229979,4.784555,4.448699,0.335856
2021-10-18,12.232717,4.791287,4.448803,0.342484
2021-10-19,12.235455,4.798094,4.448905,0.349189
2021-10-20,12.238193,4.805496,4.449007,0.356489
2021-10-21,12.240931,4.808194,4.449108,0.359086
2021-10-22,12.243669,4.793763,4.449208,0.344555
2021-10-23,12.246407,4.786070,4.449307,0.336763
2021-10-24,12.249144,4.791662,4.449405,0.342257
2021-10-25,12.251882,4.803344,4.449503,0.353841
2021-10-26,12.254620,4.794705,4.449600,0.345105
2021-10-27,12.257358,4.775079,4.449696,0.325383
2021-10-28,12.260096,4.780346,4.449791,0.330555
2021-10-29,12.262834,4.772178,4.449886,0.322292
2021-10-30,12.265572,4.789928,4.449980,0.339948
2021-10-31,12.268309,4.786334,4.450073,0.336261
2021-11-01,12.271047,4.787413,4.450165,0.337248
2021-11-02,12.273785,4.796505,4.450257,0.346248
2021-11-03,12.276523,4.798288,4.450347,0.347941
2021-11-04,12.279261,4.791544,4.450437,0.341107
2021-11-05,12.281999,4.789702,4.450526,0.339175
2021-11-06,12.284736,4.785859,4.450615,0.335244
2021-11-07,12.287474,4.793859,4.450702,0.343157
2021-11-08,12.290212,4.818243,4.450789,0.367454
2021-11-09,12.292950,4.829452,4.450876,0.378576
2021-11-10,12.295688,4.825085,4.450961,0.374124
2021-11-11,12.298426,4.813024,4.451046,0.361979
2021-11-12,12.301164,4.808149,4.451130,0.357019
2021-11-13,12.303901,4.807335,4.451213,0.356122
2021-11-14,12.306639,4.810532,4.451295,0.359237
2021-11-15,12.309377,4.814343,4.451377,0.362966
2021-11-16,12.312115,4.802161,4.451458,0.350703
2021-11-17,12.314853,4.779482,4.451538,0.327944
2021-11-18,12.317591,4.773056,4.451618,0.321438
2021-11-19,12.320329,4.759957,4.451697,0.308260
2021-11-20,12.323066,4.770923,4.451775,0.319148
2021-11-21,12.325804,4.774198,4.451853,0.322345
2021-11-22,12.328542,4.760942,4.451929,0.309013
2021-11-23,12.331280,4.757541,4.452005,0.305536
2021-11-24,12.334018,4.756163,4.452081,0.304082
2021-11-25,12.336756,4.767379,4.452155,0.315224
2021-11-26,12.339493,4.747963,4.452229,0.295734
2021-11-27,12.342231,4.740846,4.452302,0.288544
2021-11-28,12.344969,4.740670,4.452375,0.288295
2021-11-29,12.347707,4.762902,4.452447,0.310455
2021-11-30,12.350445,4.760332,4.452518,0.307814
2021-12-01,12.353183,4.760323,4.452588,0.307735
2021-12-02,12.355921,4.755542,4.452658,0.302884
2021-12-03,12.358658,4.749373,4.452727,0.296645
2021-12-04,12.361396,4.699803,4.452796,0.247008
2021-12-05,12.364134,4.695345,4.452864,0.242481
2021-12-06,12.366872,4.699112,4.452931,0.246181
2021-12-07,12.369610,4.750081,4.452997,0.297084
2021-12-08,12.372348,4.705095,4.453063,0.252032
2021-12-09,12.375086,4.694047,4.453128,0.240919
2021-12-10,12.377823,4.687217,4.453193,0.234024
2021-12-11,12.380561,4.689649,4.453256,0.236392
2021-12-12,12.383299,4.699275,4.453320,0.245955
2021-12-13,12.386037,4.686977,4.453382,0.233595
2021-12-14,12.388775,4.678076,4.453444,0.224632
2021-12-15,12.391513,4.686510,4.453505,0.233005
2021-12-16,12.394251,4.687365,4.453566,0.233799
2021-12-17,12.396988,4.673243,4.453626,0.219617
2021-12-18,12.399726,4.668920,4.453685,0.215234
2021-12-19,12.402464,4.674272,4.453744,0.220528
2021-12-20,12.405202,4.667276,4.453802,0.213473
2021-12-21,12.407940,4.685476,4.453860,0.231617
2021-12-22,12.410678,4.690373,4.453917,0.236456
2021-12-23,12.413415,4.691352,4.453973,0.237379
2021-12-24,12.416153,4.708128,4.454028,0.254099
2021-12-25,12.418891,4.710914,4.454083,0.256831
2021-12-26,12.421629,4.700861,4.454138,0.246724
2021-12-27,12.424367,4.708773,4.454192,0.254581
2021-12-28,12.427105,4.689759,4.454245,0.235514
2021-12-29,12.429843,4.678181,4.454298,0.223884
2021-12-30,12.432580,4.673396,4.454350,0.219046
2021-12-31,12.435318,4.675174,4.454401,0.220773
2022-01-01,12.438056,4.673905,4.454452,0.219453
2022-01-02,12.440794,4.674908,4.454502,0.220406
2022-01-03,12.443532,4.670978,4.454552,0.216426
2022-01-04,12.446270,4.667300,4.454601,0.212699
2022-01-05,12.449008,4.662051,4.454650,0.207402
2022-01-06,12.451745,4.635084,4.454698,0.180386
2022-01-07,12.454483,4.623830,4.454745,0.169085
2022-01-08,12.457221,4.689809,4.454792,0.235017
2022-01-09,12.459959,4.623298,4.454838,0.168460
2022-01-10,12.462697,4.620132,4.454884,0.165248
2022-01-11,12.465435,4.643067,4.454929,0.188137
2022-01-12,12.468172,4.636551,4.454974,0.181577
2022-01-13,12.470910,4.638768,4.455018,0.183750
2022-01-14,12.473648,4.632021,4.455062,0.176959
2022-01-15,12.476386,4.635858,4.455105,0.180753
2022-01-16,12.479124,4.635415,4.455147,0.180268
2022-01-17,12.481862,4.695074,4.455189,0.239885
2022-01-18,12.484600,4.623608,4.455230,0.168377
2022-01-19,12.487337,4.623490,4.455271,0.168218
2022-01-20,12.490075,4.626571,4.455312,0.171259
2022-01-21,12.492813,4.588453,4.455352,0.133101
2022-01-22,12.495551,4.552191,4.455391,0.096800
2022-01-23,12.498289,4.551560,4.455430,0.096130
2022-01-24,12.501027,4.547578,4.455468,0.092109
2022-01-25,12.503765,4.564319,4.455506,0.108813
2022-01-26,12.506502,4.576076,4.455543,0.120533
2022-01-27,12.509240,4.562540,4.455580,0.106960
2022-01-28,12.511978,4.570867,4.455617,0.115251
2022-01-29,12.514716,4.579819,4.455652,0.124167
2022-01-30,12.517454,4.580929,4.455688,0.125241
2022-01-31,12.520192,4.576314,4.455723,0.120592
2022-02-01,12.522930,4.587690,4.455757,0.131933
2022-02-02,12.525667,4.581683,4.455791,0.125892
2022-02-03,12.528405,4.567617,4.455824,0.111793
2022-02-04,12.531143,4.589035,4.455857,0.133178
2022-02-05,12.533881,4.619447,4.455890,0.163557
2022-02-06,12.536619,4.620194,4.455922,0.164273
2022-02-07,12.539357,4.635619,4.455953,0.179665
2022-02-08,12.542094,4.642910,4.455985,0.186926
2022-02-09,12.544832,4.643609,4.456015,0.187594
2022-02-10,12.547570,4.647368,4.456045,0.191323
2022-02-11,12.550308,4.636042,4.456075,0.179967
2022-02-12,12.553046,4.627786,4.456105,0.171681
2022-02-13,12.555784,4.628059,4.456134,0.171925
2022-02-14,12.558522,4.627048,4.456162,0.170886
2022-02-15,12.561259,4.643698,4.456190,0.187508
2022-02-16,12.563997,4.644482,4.456218,0.188265
2022-02-17,12.566735,4.638718,4.456245,0.182473
2022-02-18,12.569473,4.607911,4.456272,0.151639
2022-02-19,12.572211,4.604539,4.456298,0.148241
2022-02-20,12.574949,4.590218,4.456324,0.133894
2022-02-21,12.577687,4.587259,4.456349,0.130909
2022-02-22,12.580424,4.575273,4.456375,0.118899
2022-02-23,12.583162,4.584272,4.456399,0.127873
2022-02-24,12.585900,4.559981,4.456424,0.103558
2022-02-25,12.588638,4.591353,4.456447,0.134906
2022-02-26,12.591376,4.595549,4.456471,0.139077
2022-02-27,12.594114,4.589675,4.456494,0.133180
2022-02-28,12.596851,4.598146,4.456517,0.141630
2022-03-01,12.599589,4.642175,4.456539,0.185635
2022-03-02,12.602327,4.646711,4.456561,0.190150
2022-03-03,12.605065,4.637436,4.456583,0.180853
2022-03-04,12.607803,4.616334,4.456604,0.159730
2022-03-05,12.610541,4.596826,4.456625,0.140201
2022-03-06,12.613279,4.595797,4.456646,0.139151
2022-03-07,12.616016,4.587106,4.456666,0.130440
2022-03-08,12.618754,4.596529,4.456686,0.139843
2022-03-09,12.621492,4.621883,4.456705,0.165177
2022-03-10,12.624230,4.673802,4.456724,0.217078
2022-03-11,12.626968,4.594483,4.456743,0.137740
2022-03-12,12.629706,4.595865,4.456761,0.139104
2022-03-13,12.632444,4.593365,4.456780,0.136585
2022-03-14,12.635181,4.591901,4.456797,0.135104
2022-03-15,12.637919,4.594983,4.456815,0.138168
2022-03-16,12.640657,4.608218,4.456832,0.151386
2022-03-17,12.643395,4.615055,4.456849,0.158206
2022-03-18,12.646133,4.615429,4.456865,0.158564
2022-03-19,12.648871,4.624326,4.456881,0.167445
2022-03-20,12.651608,4.621573,4.456897,0.164676
2022-03-21,12.654346,4.616181,4.456913,0.159268
2022-03-22,12.657084,4.630041,4.456928,0.173113
2022-03-23,12.659822,4.628441,4.456943,0.171498
2022-03-24,12.662560,4.639325,4.456958,0.182368
2022-03-25,12.665298,4.648589,4.456972,0.191617
2022-03-26,12.668036,4.648829,4.456986,0.191843
2022-03-27,12.670773,4.655190,4.457000,0.198190
2022-03-28,12.673511,4.676687,4.457013,0.219674
2022-03-29,12.676249,4.678315,4.457027,0.221288
2022-03-30,12.678987,4.675398,4.457040,0.218358
2022-03-31,12.681725,4.670308,4.457052,0.213255
2022-04-01,12.684463,4.660193,4.457065,0.203128
2022-04-02,12.687201,4.669050,4.457077,0.211973
2022-04-03,12.689938,4.667880,4.457089,0.210791
2022-04-04,12.692676,4.665207,4.457101,0.208106
2022-04-05,12.695414,4.668179,4.457112,0.211067
2022-04-06,12.698152,4.652320,4.457123,0.195196
2022-04-07,12.700890,4.641714,4.457134,0.184579
2022-04-08,12.703628,4.640443,4.457145,0.183297
2022-04-09,12.706366,4.632239,4.457156,0.175083
2022-04-10,12.709103,4.635310,4.457166,0.178144
2022-04-11,12.711841,4.619179,4.457176,0.162003
2022-04-12,12.714579,4.606366,4.457186,0.149181
2022-04-13,12.717317,4.612349,4.457195,0.155153
2022-04-14,12.720055,4.614409,4.457205,0.157204
2022-04-15,12.722793,4.609748,4.457214,0.152534
2022-04-16,12.725530,4.680722,4.457223,0.223499
2022-04-17,12.728268,4.610507,4.457232,0.153276
2022-04-18,12.731006,4.604079,4.457240,0.146839
2022-04-19,12.733744,4.618972,4.457249,0.161723
2022-04-20,12.736482,4.623127,4.457257,0.165870
2022-04-21,12.739220,4.625380,4.457265,0.168115
2022-04-22,12.741958,4.609043,4.457273,0.151770
2022-04-23,12.744695,4.604620,4.457280,0.147340
2022-04-24,12.747433,4.604401,4.457288,0.147114
2022-04-25,12.750171,4.600282,4.457295,0.142987
2022-04-26,12.752909,4.604422,4.457302,0.147120
2022-04-27,12.755647,4.595735,4.457309,0.138426
2022-04-28,12.758385,4.603420,4.457316,0.146104
2022-04-29,12.761123,4.596353,4.457323,0.139030
2022-04-30,12.763860,4.590106,4.457329,0.132777
2022-05-01,12.766598,4.584920,4.457336,0.127584
2022-05-02,12.769336,4.676748,4.457342,0.219406
2022-05-03,12.772074,4.673581,4.457348,0.216233
2022-05-04,12.774812,4.593644,4.457354,0.136290
2022-05-05,12.777550,4.588691,4.457360,0.131332
2022-05-06,12.780287,4.563516,4.457366,0.106151
2022-05-07,12.783025,4.562491,4.457371,0.105120
2022-05-08,12.785763,4.547393,4.457377,0.090016
2022-05-09,12.788501,4.523197,4.457382,0.065815
2022-05-10,12.791239,4.505739,4.457387,0.048351
2022-05-11,12.793977,4.495120,4.457392,0.037728
2022-05-12,12.796715,4.464896,4.457397,0.007499
2022-05-13,12.799452,4.488534,4.457402,0.031132
2022-05-14,12.802190,4.475611,4.457407,0.018204
2022-05-15,12.804928,4.487265,4.457412,0.029852
2022-05-16,12.807666,4.482954,4.457417,0.025537
2022-05-17,12.810404,4.487442,4.457422,0.030021
2022-05-18,12.813142,4.477623,4.457426,0.020197
2022-05-19,12.815880,4.477321,4.457431,0.019891
2022-05-20,12.818617,4.480417,4.457435,0.022982
2022-05-21,12.821355,4.473607,4.457439,0.016168
2022-05-22,12.824093,4.480245,4.457444,0.022801
2022-05-23,12.826831,4.484404,4.457448,0.026956
2022-05-24,12.829569,4.473108,4.457452,0.015656
2022-05-25,12.832307,4.479382,4.457456,0.021926
2022-05-26,12.835044,4.474598,4.457460,0.017137
2022-05-27,12.837782,4.466068,4.457464,0.008603
2022-05-28,12.840520,4.465161,4.457468,0.007693
2022-05-29,12.843258,4.468302,4.457473,0.010829
2022-05-30,12.845996,4.489257,4.457476,0.031780
2022-05-31,12.848734,4.503408,4.457480,0.045928
2022-06-01,12.851472,4.494266,4.457484,0.036782
2022-06-02,12.854209,4.480544,4.457488,0.023055
2022-06-03,12.856947,4.480016,4.457492,0.022523
2022-06-04,12.859685,4.476310,4.457496,0.018813
2022-06-05,12.862423,4.478147,4.457500,0.020646
2022-06-06,12.865161,4.497916,4.457504,0.040412
2022-06-07,12.867899,4.480404,4.457508,0.022896
2022-06-08,12.870637,4.487019,4.457512,0.029507
2022-06-09,12.873374,4.484170,4.457516,0.026654
2022-06-10,12.876112,4.475627,4.457520,0.018107
2022-06-11,12.878850,4.464703,4.457524,0.007179
2022-06-12,12.881588,4.446132,4.457528,-0.011396
2022-06-13,12.884326,4.389344,4.457532,-0.068188
2022-06-14,12.887064,4.351301,4.457536,-0.106235
2022-06-15,12.889802,4.335439,4.457540,-0.122102
2022-06-16,12.892539,4.336641,4.457545,-0.120904
2022-06-17,12.895277,4.321828,4.457549,-0.135721
2022-06-18,12.898015,4.291961,4.457553,-0.165592
2022-06-19,12.900753,4.291904,4.457558,-0.165653
2022-06-20,12.903491,4.314012,4.457562,-0.143550
2022-06-21,12.906229,4.328879,4.457567,-0.128688
2022-06-22,12.908966,4.313910,4.457571,-0.143661
2022-06-23,12.911704,4.319024,4.457576,-0.138552
2022-06-24,12.914442,4.330486,4.457581,-0.127094
2022-06-25,12.917180,4.333839,4.457585,-0.123747
2022-06-26,12.919918,4.335947,4.457590,-0.121643
2022-06-27,12.922656,4.329222,4.457595,-0.128374
2022-06-28,12.925394,4.322117,4.457601,-0.135483
2022-06-29,12.928131,4.310220,4.457606,-0.147386
2022-06-30,12.930869,4.293747,4.457611,-0.163864
2022-07-01,12.933607,4.298264,4.457617,-0.159352
2022-07-02,12.936345,4.290768,4.457622,-0.166855
2022-07-03,12.939083,4.288712,4.457628,-0.168916
2022-07-04,12.941821,4.296895,4.457634,-0.160738
2022-07-05,12.944559,4.307317,4.457640,-0.150323
2022-07-06,12.947296,4.311413,4.457646,-0.146233
2022-07-07,12.950034,4.324261,4.457652,-0.133391
2022-07-08,12.952772,4.344012,4.457658,-0.113647
2022-07-09,12.955510,4.341058,4.457665,-0.116607
2022-07-10,12.958248,4.331448,4.457671,-0.126223
2022-07-11,12.960986,4.317795,4.457678,-0.139883
2022-07-12,12.963723,4.302372,4.457685,-0.155313
2022-07-13,12.966461,4.298887,4.457692,-0.158805
2022-07-14,12.969199,4.311261,4.457700,-0.146438
2022-07-15,12.971937,4.324062,4.457707,-0.133645
2022-07-16,12.974675,4.325466,4.457715,-0.132249
2022-07-17,12.977413,4.332070,4.457723,-0.125653
2022-07-18,12.980151,4.344214,4.457731,-0.113516
2022-07-19,12.982888,4.357428,4.457739,-0.100311
2022-07-20,12.985626,4.376987,4.457747,-0.080760
2022-07-21,12.988364,4.365302,4.457756,-0.092454
2022-07-22,12.991102,4.369248,4.457765,-0.088516
2022-07-23,12.993840,4.357507,4.457774,-0.100266
2022-07-24,12.996578,4.360733,4.457783,-0.097050
2022-07-25,12.999316,4.347479,4.457792,-0.110313
2022-07-26,13.002053,4.329336,4.457802,-0.128466
2022-07-27,13.004791,4.342034,4.457812,-0.115778
2022-07-28,13.007529,4.373013,4.457822,-0.084809
2022-07-29,13.010267,4.382286,4.457832,-0.075546
2022-07-30,13.013005,4.384724,4.457843,-0.073119
2022-07-31,13.015743,4.379464,4.457854,-0.078390
2022-08-01,13.018480,4.370131,4.457865,-0.087734
2022-08-02,13.021218,4.364990,4.457876,-0.092886
2022-08-03,13.023956,4.369165,4.457888,-0.088723
2022-08-04,13.026694,4.363252,4.457900,-0.094648
2022-08-05,13.029432,4.367720,4.457912,-0.090192
2022-08-06,13.032170,4.369551,4.457924,-0.088374
2022-08-07,13.034908,4.367235,4.457937,-0.090703
2022-08-08,13.037645,4.380358,4.457950,-0.077592
2022-08-09,13.040383,4.373948,4.457963,-0.084015
2022-08-10,13.043121,4.374292,4.457977,-0.083685
2022-08-11,13.045859,4.390937,4.457991,-0.067054
2022-08-12,13.048597,4.383837,4.458005,-0.074167
2022-08-13,13.051335,4.393493,4.458019,-0.064526
2022-08-14,13.054073,4.393069,4.458034,-0.064965
2022-08-15,13.056810,4.388962,4.458049,-0.069087
2022-08-16,13.059548,4.384104,4.458064,-0.073961
2022-08-17,13.062286,4.379577,4.458080,-0.078503
2022-08-18,13.065024,4.374730,4.458096,-0.083366
2022-08-19,13.067762,4.344559,4.458112,-0.113553
2022-08-20,13.070500,4.332065,4.458129,-0.126064
2022-08-21,13.073238,4.336132,4.458146,-0.122014
2022-08-22,13.075975,4.333960,4.458163,-0.124203
2022-08-23,13.078713,4.336580,4.458181,-0.121601
2022-08-24,13.081451,4.338146,4.458199,-0.120053
2022-08-25,13.084189,4.340755,4.458218,-0.117462
2022-08-26,13.086927,4.331964,4.458236,-0.126273
2022-08-27,13.089665,4.310151,4.458256,-0.148104
2022-08-28,13.092402,4.307381,4.458275,-0.150895
2022-08-29,13.095140,4.307243,4.458295,-0.151052
2022-08-30,13.097878,4.310685,4.458315,-0.147630
2022-08-31,13.100616,4.312026,4.458336,-0.146310
2022-09-01,13.103354,4.306871,4.458357,-0.151486
2022-09-02,13.106092,4.309407,4.458378,-0.148971
2022-09-03,13.108830,4.304000,4.458400,-0.154400
2022-09-04,13.111567,4.303175,4.458422,-0.155247
2022-09-05,13.114305,4.302968,4.458445,-0.155477
2022-09-06,13.117043,4.298607,4.458468,-0.159861
2022-09-07,13.119781,4.283262,4.458491,-0.175229
2022-09-08,13.122519,4.291137,4.458515,-0.167378
2022-09-09,13.125257,4.323109,4.458540,-0.135430
2022-09-10,13.127995,4.336002,4.458564,-0.122562
2022-09-11,13.130732,4.339945,4.458590,-0.118644
2022-09-12,13.133470,4.350255,4.458615,-0.108360
2022-09-13,13.136208,4.338046,4.458641,-0.120595
2022-09-14,13.138946,4.311878,4.458668,-0.146789
2022-09-15,13.141684,4.306974,4.458695,-0.151721
2022-09-16,13.144422,4.301065,4.458722,-0.157657
2022-09-17,13.147159,4.306397,4.458750,-0.152353
2022-09-18,13.149897,4.304256,4.458778,-0.154523
2022-09-19,13.152635,4.285642,4.458807,-0.173165
2022-09-20,13.155373,4.289209,4.458836,-0.169628
2022-09-21,13.158111,4.285561,4.458866,-0.173305
2022-09-22,13.160849,4.285359,4.458896,-0.173537
2022-09-23,13.163587,4.286539,4.458927,-0.172387
2022-09-24,13.166324,4.286916,4.458958,-0.172043
2022-09-25,13.169062,4.284767,4.458990,-0.174223
2022-09-26,13.171800,4.286234,4.459022,-0.172788
2022-09-27,13.174538,4.302266,4.459055,-0.156789
2022-09-28,13.177276,4.288765,4.459088,-0.170323
2022-09-29,13.180014,4.294689,4.459122,-0.164433
2022-09-30,13.182752,4.297601,4.459156,-0.161555
2022-10-01,13.185489,4.293432,4.459191,-0.165759
2022-10-02,13.188227,4.291379,4.459226,-0.167847
2022-10-03,13.190965,4.293464,4.459262,-0.165798
2022-10-04,13.193703,4.307394,4.459298,-0.151904
2022-10-05,13.196441,4.311294,4.459335,-0.148042
2022-10-06,13.199179,4.312064,4.459373,-0.147309
2022-10-07,13.201916,4.304438,4.459411,-0.154972
2022-10-08,13.204654,4.299345,4.459449,-0.160104
2022-10-09,13.207392,4.298962,4.459489,-0.160527
2022-10-10,13.210130,4.296934,4.459528,-0.162594
2022-10-11,13.212868,4.292130,4.459569,-0.167439
2022-10-12,13.215606,4.293275,4.459610,-0.166335
2022-10-13,13.218344,4.290597,4.459651,-0.169054
2022-10-14,13.221081,4.296700,4.459693,-0.162993
2022-10-15,13.223819,4.288285,4.459736,-0.171451
2022-10-16,13.226557,4.288849,4.459779,-0.170929
2022-10-17,13.229295,4.294059,4.459823,-0.165763
2022-10-18,13.232033,4.295731,4.459867,-0.164136
2022-10-19,13.234771,4.289633,4.459912,-0.170279
2022-10-20,13.237509,4.286022,4.459958,-0.173935
2022-10-21,13.240246,4.282494,4.460004,-0.177510
2022-10-22,13.242984,4.284610,4.460051,-0.175440
2022-10-23,13.245722,4.286758,4.460098,-0.173341
2022-10-24,13.248460,4.289111,4.460147,-0.171036
2022-10-25,13.251198,4.293680,4.460195,-0.166515
2022-10-26,13.253936,4.313892,4.460245,-0.146353
2022-10-27,13.256674,4.315274,4.460295,-0.145021
2022-10-28,13.259411,4.310251,4.460345,-0.150094
2022-10-29,13.262149,4.318424,4.460397,-0.141973
2022-10-30,13.264887,4.317080,4.460449,-0.143369
2022-10-31,13.267625,4.312627,4.460501,-0.147875
2022-11-01,13.270363,4.312115,4.460555,-0.148440
2022-11-02,13.273101,4.309994,4.460609,-0.150615
2022-11-03,13.275838,4.307054,4.460664,-0.153610
2022-11-04,13.278576,4.316680,4.460719,-0.144039
2022-11-05,13.281314,4.329532,4.460775,-0.131243
2022-11-06,13.284052,4.326862,4.460832,-0.133970
2022-11-07,13.286790,4.317654,4.460889,-0.143236
2022-11-08,13.289528,4.291588,4.460947,-0.169359
2022-11-09,13.292266,4.244927,4.461006,-0.216079
2022-11-10,13.295003,4.232546,4.461066,-0.228520
2022-11-11,13.297741,4.236018,4.461126,-0.225108
2022-11-12,13.300479,4.230171,4.461187,-0.231016
2022-11-13,13.303217,4.225693,4.461249,-0.235555
2022-11-14,13.305955,4.221365,4.461311,-0.239946
2022-11-15,13.308693,4.231517,4.461374,-0.229857
2022-11-16,13.311431,4.228052,4.461438,-0.233386
2022-11-17,13.314168,4.225812,4.461503,-0.235691
2022-11-18,13.316906,4.229119,4.461568,-0.232449
2022-11-19,13.319644,4.226679,4.461634,-0.234955
2022-11-20,13.322382,4.225030,4.461701,-0.236671
2022-11-21,13.325120,4.210534,4.461769,-0.251235
2022-11-22,13.327858,4.208680,4.461837,-0.253158
2022-11-23,13.330595,4.222938,4.461907,-0.238969
2022-11-24,13.333333,4.226219,4.461977,-0.235758
2022-11-25,13.336071,4.223374,4.462047,-0.238674
2022-11-26,13.338809,4.224976,4.462119,-0.237143
2022-11-27,13.341547,4.224575,4.462191,-0.237617
2022-11-28,13.344285,4.216039,4.462264,-0.246226
2022-11-29,13.347023,4.221470,4.462338,-0.240868
2022-11-30,13.349760,4.234462,4.462413,-0.227951
2022-12-01,13.352498,4.238180,4.462488,-0.224309
2022-12-02,13.355236,4.235850,4.462565,-0.226715
2022-12-03,13.357974,4.236204,4.462642,-0.226438
2022-12-04,13.360712,4.237352,4.462720,-0.225368
2022-12-05,13.363450,4.241380,4.462799,-0.221419
2022-12-06,13.366188,4.237047,4.462878,-0.225831
2022-12-07,13.368925,4.235119,4.462959,-0.227839
2022-12-08,13.371663,4.236491,4.463040,-0.226549
2022-12-09,13.374401,4.241933,4.463122,-0.221189
2022-12-10,13.377139,4.241347,4.463205,-0.221858
2022-12-11,13.379877,4.241255,4.463289,-0.222034
2022-12-12,13.382615,4.238000,4.463373,-0.225374
2022-12-13,13.385352,4.249046,4.463459,-0.214413
2022-12-14,13.388090,4.258396,4.463545,-0.205149
2022-12-15,13.390828,4.251567,4.463633,-0.212065
2022-12-16,13.393566,4.240405,4.463721,-0.223316
2022-12-17,13.396304,4.231520,4.463810,-0.232289
2022-12-18,13.399042,4.232330,4.463900,-0.231570
2022-12-19,13.401780,4.231095,4.463990,-0.232895
2022-12-20,13.404517,4.233707,4.464082,-0.230375
2022-12-21,13.407255,4.234670,4.464175,-0.229504
2022-12-22,13.409993,4.232739,4.464268,-0.231529
2022-12-23,13.412731,4.232792,4.464363,-0.231571
2022-12-24,13.415469,4.232833,4.464458,-0.231625
2022-12-25,13.418207,4.232510,4.464554,-0.232045
2022-12-26,13.420945,4.233688,4.464651,-0.230964
2022-12-27,13.423682,4.233305,4.464749,-0.231444
2022-12-28,13.426420,4.229544,4.464848,-0.235304
2022-12-29,13.429158,4.228600,4.464948,-0.236348
2022-12-30,13.431896,4.227950,4.465049,-0.237099
2022-12-31,13.434634,4.228180,4.465151,-0.236971
2023-01-01,13.437372,4.228016,4.465253,-0.237237
2023-01-02,13.440110,4.230513,4.465357,-0.234844
2023-01-03,13.442847,4.230489,4.465462,-0.234973
2023-01-04,13.445585,4.233465,4.465567,-0.232103
2023-01-05,13.448323,4.233473,4.465674,-0.232201
2023-01-06,13.451061,4.233644,4.465781,-0.232137
2023-01-07,13.453799,4.236080,4.465890,-0.229810
2023-01-08,13.456537,4.236479,4.465999,-0.229521
2023-01-09,13.459274,4.243562,4.466110,-0.222548
2023-01-10,13.462012,4.247931,4.466221,-0.218290
2023-01-11,13.464750,4.251827,4.466334,-0.214507
2023-01-12,13.467488,4.272933,4.466447,-0.193515
2023-01-13,13.470226,4.285775,4.466562,-0.180786
2023-01-14,13.472964,4.321208,4.466677,-0.145469
2023-01-15,13.475702,4.320602,4.466794,-0.146192
2023-01-16,13.478439,4.327649,4.466911,-0.139263
2023-01-17,13.481177,4.335113,4.467030,-0.131916
2023-01-18,13.483915,4.329483,4.467149,-0.137666
2023-01-19,13.486653,4.325516,4.467270,-0.141754
2023-01-20,13.489391,4.336832,4.467391,-0.130559
2023-01-21,13.492129,4.364248,4.467514,-0.103266
2023-01-22,13.494867,4.362159,4.467637,-0.105478
2023-01-23,13.497604,4.362673,4.467762,-0.105089
2023-01-24,13.500342,4.365148,4.467888,-0.102740
2023-01-25,13.503080,4.361718,4.468015,-0.106297
2023-01-26,13.505818,4.367845,4.468142,-0.100298
2023-01-27,13.508556,4.367138,4.468271,-0.101133
2023-01-28,13.511294,4.367578,4.468401,-0.100823
2023-01-29,13.514031,4.375061,4.468532,-0.093472
2023-01-30,13.516769,4.373545,4.468665,-0.095120
2023-01-31,13.519507,4.368225,4.468798,-0.100572
2023-02-01,13.522245,4.371814,4.468932,-0.097118
2023-02-02,13.524983,4.382137,4.469067,-0.086930
2023-02-03,13.527721,4.376665,4.469204,-0.092539
2023-02-04,13.530459,4.374470,4.469341,-0.094872
2023-02-05,13.533196,4.371474,4.469480,-0.098006
2023-02-06,13.535934,4.366697,4.469620,-0.102923
2023-02-07,13.538672,4.368182,4.469761,-0.101579
2023-02-08,13.541410,4.370331,4.469903,-0.099572
2023-02-09,13.544148,4.361340,4.470046,-0.108706
2023-02-10,13.546886,4.346015,4.470190,-0.124175
2023-02-11,13.549624,4.344741,4.470336,-0.125594
2023-02-12,13.552361,4.348823,4.470482,-0.121659
2023-02-13,13.555099,4.345557,4.470630,-0.125072
2023-02-14,13.557837,4.349294,4.470779,-0.121485
2023-02-15,13.560575,4.363824,4.470928,-0.107104
2023-02-16,13.563313,4.398715,4.471080,-0.072365
2023-02-17,13.566051,4.389800,4.471232,-0.081432
2023-02-18,13.568789,4.399464,4.471385,-0.071922
2023-02-19,13.571526,4.399795,4.471540,-0.071745
2023-02-20,13.574264,4.400015,4.471695,-0.071681
2023-02-21,13.577002,4.400633,4.471852,-0.071220
2023-02-22,13.579740,4.390110,4.472010,-0.081900
2023-02-23,13.582478,4.391975,4.472170,-0.080195
2023-02-24,13.585216,4.383904,4.472330,-0.088426
2023-02-25,13.587953,4.373814,4.472492,-0.098678
2023-02-26,13.590691,4.377339,4.472655,-0.095316
2023-02-27,13.593429,4.380263,4.472819,-0.092556
2023-02-28,13.596167,4.379223,4.472984,-0.093761
2023-03-01,13.598905,4.382832,4.473150,-0.090318
2023-03-02,13.601643,4.380286,4.473318,-0.093032
2023-03-03,13.604381,4.362479,4.473487,-0.111007
2023-03-04,13.607118,4.360803,4.473657,-0.112854
2023-03-05,13.609856,4.362912,4.473828,-0.110916
2023-03-06,13.612594,4.362883,4.474001,-0.111118
2023-03-07,13.615332,4.360933,4.474174,-0.113242
2023-03-08,13.618070,4.355415,4.474349,-0.118935
2023-03-09,13.620808,4.343448,4.474526,-0.131078
2023-03-10,13.623546,4.314741,4.474703,-0.159963
2023-03-11,13.626283,4.323954,4.474882,-0.150928
2023-03-12,13.629021,4.332985,4.475062,-0.142076
2023-03-13,13.631759,4.374070,4.475243,-0.101173
2023-03-14,13.634497,4.404503,4.475426,-0.070922
2023-03-15,13.637235,4.403006,4.475609,-0.072603
2023-03-16,13.639973,4.403821,4.475794,-0.071974
2023-03-17,13.642710,4.427852,4.475981,-0.048128
2023-03-18,13.645448,4.444703,4.476168,-0.031465
2023-03-19,13.648186,4.447047,4.476357,-0.029310
2023-03-20,13.650924,4.453536,4.476547,-0.023011
2023-03-21,13.653662,4.454589,4.476739,-0.022150
2023-03-22,13.656400,4.455689,4.476931,-0.021243
2023-03-23,13.659138,4.451598,4.477125,-0.025528
2023-03-24,13.661875,4.454623,4.477321,-0.022698
2023-03-25,13.664613,4.448066,4.477517,-0.029451
2023-03-26,13.667351,4.451316,4.477715,-0.026400
2023-03-27,13.670089,4.448630,4.477915,-0.029285
2023-03-28,13.672827,4.441498,4.478115,-0.036617
2023-03-29,13.675565,4.456910,4.478317,-0.021407
2023-03-30,13.678303,4.460891,4.478520,-0.017629
2023-03-31,13.681040,4.458891,4.478725,-0.019834
2023-04-01,13.683778,4.462156,4.478931,-0.016775
2023-04-02,13.686516,4.459664,4.479138,-0.019474
2023-04-03,13.689254,4.455359,4.479347,-0.023988
2023-04-04,13.691992,4.456133,4.479556,-0.023423
2023-04-05,13.694730,4.460033,4.479768,-0.019735
2023-04-06,13.697467,4.455784,4.479980,-0.024196
2023-04-07,13.700205,4.455211,4.480194,-0.024983
2023-04-08,13.702943,4.455929,4.480410,-0.024481
2023-04-09,13.705681,4.456604,4.480626,-0.024023
2023-04-10,13.708419,4.464270,4.480845,-0.016574
2023-04-11,13.711157,4.485883,4.481064,0.004819
2023-04-12,13.713895,4.484732,4.481285,0.003447
2023-04-13,13.716632,4.487252,4.481507,0.005745
2023-04-14,13.719370,4.493594,4.481731,0.011863
2023-04-15,13.722108,4.492071,4.481956,0.010116
2023-04-16,13.724846,4.490967,4.482182,0.008785
2023-04-17,13.727584,4.479209,4.482410,-0.003201
2023-04-18,13.730322,4.479464,4.482639,-0.003175
2023-04-19,13.733060,4.472631,4.482870,-0.010238
2023-04-20,13.735797,4.458350,4.483102,-0.024752
2023-04-21,13.738535,4.447275,4.483335,-0.036060
2023-04-22,13.741273,4.439216,4.483570,-0.044353
2023-04-23,13.744011,4.442299,4.483806,-0.041507
2023-04-24,13.746749,4.440242,4.484044,-0.043802
2023-04-25,13.749487,4.440173,4.484283,-0.044110
2023-04-26,13.752225,4.460423,4.484524,-0.024101
2023-04-27,13.754962,4.465588,4.484766,-0.019178
2023-04-28,13.757700,4.468082,4.485009,-0.016927
2023-04-29,13.760438,4.467860,4.485254,-0.017394
2023-04-30,13.763176,4.468316,4.485500,-0.017185
2023-05-01,13.765914,4.454951,4.485748,-0.030797
2023-05-02,13.768652,4.453109,4.485997,-0.032888
2023-05-03,13.771389,4.457577,4.486248,-0.028671
2023-05-04,13.774127,4.463329,4.486500,-0.023171
2023-05-05,13.776865,4.467668,4.486754,-0.019086
2023-05-06,13.779603,4.465793,4.487009,-0.021216
2023-05-07,13.782341,4.462895,4.487265,-0.024370
2023-05-08,13.785079,4.447989,4.487524,-0.039534
2023-05-09,13.787817,4.441764,4.487783,-0.046019
2023-05-10,13.790554,4.443543,4.488044,-0.044501
2023-05-11,13.793292,4.436726,4.488307,-0.051581
2023-05-12,13.796030,4.424256,4.488571,-0.064315
2023-05-13,13.798768,4.429322,4.488836,-0.059514
2023-05-14,13.801506,4.429934,4.489103,-0.059169
2023-05-15,13.804244,4.437786,4.489372,-0.051585
2023-05-16,13.806982,4.433917,4.489642,-0.055724
2023-05-17,13.809719,4.432527,4.489913,-0.057386
2023-05-18,13.812457,4.434961,4.490186,-0.055225
2023-05-19,13.815195,4.430933,4.490461,-0.059528
2023-05-20,13.817933,4.431961,4.490737,-0.058776
2023-05-21,13.820671,4.432741,4.491015,-0.058274
2023-05-22,13.823409,4.430589,4.491294,-0.060705
2023-05-23,13.826146,4.436725,4.491574,-0.054850
2023-05-24,13.828884,4.427176,4.491857,-0.064680
2023-05-25,13.831622,4.422391,4.492140,-0.069749
2023-05-26,13.834360,4.426856,4.492426,-0.065569
2023-05-27,13.837098,4.429383,4.492712,-0.063329
2023-05-28,13.839836,4.438560,4.493001,-0.054440
2023-05-29,13.842574,4.446711,4.493291,-0.046579
2023-05-30,13.845311,4.445389,4.493582,-0.048194
2023-05-31,13.848049,4.436517,4.493875,-0.057359
2023-06-01,13.850787,4.431626,4.494170,-0.062544
2023-06-02,13.853525,4.433784,4.494466,-0.060682
2023-06-03,13.856263,4.435263,4.494764,-0.059501
2023-06-04,13.859001,4.435687,4.495063,-0.059377
2023-06-05,13.861739,4.424772,4.495364,-0.070593
2023-06-06,13.864476,4.419367,4.495667,-0.076300
2023-06-07,13.867214,4.428785,4.495971,-0.067186
2023-06-08,13.869952,4.425733,4.496277,-0.070544
2023-06-09,13.872690,4.426398,4.496584,-0.070186
2023-06-10,13.875428,4.416032,4.496893,-0.080861
2023-06-11,13.878166,4.416436,4.497203,-0.080767
2023-06-12,13.880903,4.416875,4.497515,-0.080640
2023-06-13,13.883641,4.418303,4.497829,-0.079526
2023-06-14,13.886379,4.415706,4.498144,-0.082439
2023-06-15,13.889117,4.403969,4.498461,-0.094492
2023-06-16,13.891855,4.414465,4.498780,-0.084314
2023-06-17,13.894593,4.426300,4.499100,-0.072800
2023-06-18,13.897331,4.428400,4.499422,-0.071022
2023-06-19,13.900068,4.427665,4.499745,-0.072080
2023-06-20,13.902806,4.437961,4.500070,-0.062109
2023-06-21,13.905544,4.469366,4.500397,-0.031031
2023-06-22,13.908282,4.480471,4.500725,-0.020254
2023-06-23,13.911020,4.484009,4.501055,-0.017046
2023-06-24,13.913758,4.487724,4.501386,-0.013663
2023-06-25,13.916496,4.487359,4.501720,-0.014361
2023-06-26,13.919233,4.483127,4.502055,-0.018927
2023-06-27,13.921971,4.486675,4.502391,-0.015716
2023-06-28,13.924709,4.484148,4.502729,-0.018581
2023-06-29,13.927447,4.485210,4.503069,-0.017859
2023-06-30,13.930185,4.486937,4.503411,-0.016473
2023-07-01,13.932923,4.485783,4.503754,-0.017971
2023-07-02,13.935661,4.486192,4.504098,-0.017906
2023-07-03,13.938398,4.489810,4.504445,-0.014635
2023-07-04,13.941136,4.492069,4.504793,-0.012724
2023-07-05,13.943874,4.486997,4.505143,-0.018146
2023-07-06,13.946612,4.486032,4.505494,-0.019462
2023-07-07,13.949350,4.481716,4.505848,-0.024131
2023-07-08,13.952088,4.482000,4.506202,-0.024203
2023-07-09,13.954825,4.482715,4.506559,-0.023844
2023-07-10,13.957563,4.482471,4.506917,-0.024446
2023-07-11,13.960301,4.485692,4.507277,-0.021585
2023-07-12,13.963039,4.486736,4.507639,-0.020903
2023-07-13,13.965777,4.488455,4.508002,-0.019547
2023-07-14,13.968515,4.491738,4.508367,-0.016629
2023-07-15,13.971253,4.482896,4.508734,-0.025838
2023-07-16,13.973990,4.482685,4.509102,-0.026417
2023-07-17,13.976728,4.481277,4.509473,-0.028196
2023-07-18,13.979466,4.478068,4.509844,-0.031776
2023-07-19,13.982204,4.478541,4.510218,-0.031677
2023-07-20,13.984942,4.478603,4.510593,-0.031990
2023-07-21,13.987680,4.476937,4.510970,-0.034033
2023-07-22,13.990418,4.477648,4.511349,-0.033701
2023-07-23,13.993155,4.478549,4.511730,-0.033181
2023-07-24,13.995893,4.471235,4.512112,-0.040877
2023-07-25,13.998631,4.468094,4.512496,-0.044402
2023-07-26,14.001369,4.469235,4.512881,-0.043647
2023-07-27,14.004107,4.470107,4.513269,-0.043162
2023-07-28,14.006845,4.468660,4.513658,-0.044998
2023-07-29,14.009582,4.469528,4.514049,-0.044521
2023-07-30,14.012320,4.469058,4.514442,-0.045384
2023-07-31,14.015058,4.469729,4.514836,-0.045107
2023-08-01,14.017796,4.465786,4.515232,-0.049446
2023-08-02,14.020534,4.471450,4.515630,-0.044180
2023-08-03,14.023272,4.468325,4.516030,-0.047704
2023-08-04,14.026010,4.468229,4.516431,-0.048202
2023-08-05,14.028747,4.466747,4.516834,-0.050087
2023-08-06,14.031485,4.466787,4.517239,-0.050453
2023-08-07,14.034223,4.467050,4.517646,-0.050596
2023-08-08,14.036961,4.472501,4.518054,-0.045554
2023-08-09,14.039699,4.475779,4.518465,-0.042686
2023-08-10,14.042437,4.473036,4.518877,-0.045841
2023-08-11,14.045175,4.471719,4.519291,-0.047572
2023-08-12,14.047912,4.471829,4.519706,-0.047877
2023-08-13,14.050650,4.471716,4.520123,-0.048407
2023-08-14,14.053388,4.471711,4.520543,-0.048831
2023-08-15,14.056126,4.471402,4.520964,-0.049562
2023-08-16,14.058864,4.468570,4.521386,-0.052817
2023-08-17,14.061602,4.455143,4.521811,-0.066668
2023-08-18,14.064339,4.427020,4.522237,-0.095217
2023-08-19,14.067077,4.422362,4.522665,-0.100304
2023-08-20,14.069815,4.423639,4.523095,-0.099456
2023-08-21,14.072553,4.422595,4.523527,-0.100932
2023-08-22,14.075291,4.421060,4.523960,-0.102900
2023-08-23,14.078029,4.424538,4.524396,-0.099858
2023-08-24,14.080767,4.425743,4.524833,-0.099090
2023-08-25,14.083504,4.421958,4.525272,-0.103314
2023-08-26,14.086242,4.421781,4.525712,-0.103932
2023-08-27,14.088980,4.422216,4.526155,-0.103939
2023-08-28,14.091718,4.421749,4.526599,-0.104851
2023-08-29,14.094456,4.432263,4.527046,-0.094782
2023-08-30,14.097194,4.441796,4.527494,-0.085698
2023-08-31,14.099932,4.434566,4.527943,-0.093378
2023-09-01,14.102669,4.420126,4.528395,-0.108269
2023-09-02,14.105407,4.418643,4.528849,-0.110205
2023-09-03,14.108145,4.419727,4.529304,-0.109577
2023-09-04,14.110883,4.419431,4.529761,-0.110330
2023-09-05,14.113621,4.416917,4.530220,-0.113303
2023-09-06,14.116359,4.416478,4.530681,-0.114203
2023-09-07,14.119097,4.417972,4.531143,-0.113172
2023-09-08,14.121834,4.420903,4.531608,-0.110705
2023-09-09,14.124572,4.418367,4.532074,-0.113707
2023-09-10,14.127310,4.417885,4.532542,-0.114657
2023-09-11,14.130048,4.412964,4.533012,-0.120048
2023-09-12,14.132786,4.419042,4.533484,-0.114443
2023-09-13,14.135524,4.422353,4.533958,-0.111605
2023-09-14,14.138261,4.427526,4.534434,-0.106908
2023-09-15,14.140999,4.428511,4.534911,-0.106400
2023-09-16,14.143737,4.429547,4.535390,-0.105843
2023-09-17,14.146475,4.428993,4.535871,-0.106879
2023-09-18,14.149213,4.434140,4.536354,-0.102215
2023-09-19,14.151951,4.437175,4.536839,-0.099664
2023-09-20,14.154689,4.438302,4.537326,-0.099024
2023-09-21,14.157426,4.433005,4.537814,-0.104809
2023-09-22,14.160164,4.430368,4.538305,-0.107936
2023-09-23,14.162902,4.429784,4.538797,-0.109014
2023-09-24,14.165640,4.429562,4.539291,-0.109729
2023-09-25,14.168378,4.423601,4.539787,-0.116186
2023-09-26,14.171116,4.424085,4.540285,-0.116200
2023-09-27,14.173854,4.425236,4.540785,-0.115549
2023-09-28,14.176591,4.431250,4.541287,-0.110037
2023-09-29,14.179329,4.435322,4.541790,-0.106468
2023-09-30,14.182067,4.435247,4.542295,-0.107049
2023-10-01,14.184805,4.438125,4.542803,-0.104678
2023-10-02,14.187543,4.451086,4.543312,-0.092225
2023-10-03,14.190281,4.443351,4.543823,-0.100472
2023-10-04,14.193018,4.443744,4.544336,-0.100592
2023-10-05,14.195756,4.445649,4.544850,-0.099201
2023-10-06,14.198494,4.446847,4.545367,-0.098520
2023-10-07,14.201232,4.450331,4.545886,-0.095555
2023-10-08,14.203970,4.450413,4.546406,-0.095993
2023-10-09,14.206708,4.446611,4.546928,-0.100318
2023-10-10,14.209446,4.444388,4.547453,-0.103064
2023-10-11,14.212183,4.436366,4.547979,-0.111613
2023-10-12,14.214921,4.432982,4.548507,-0.115525
2023-10-13,14.217659,4.433911,4.549037,-0.115126
2023-10-14,14.220397,4.434520,4.549568,-0.115049
2023-10-15,14.223135,4.435505,4.550102,-0.114597
2023-10-16,14.225873,4.450852,4.550638,-0.099786
2023-10-17,14.228611,4.457676,4.551175,-0.093500
2023-10-18,14.231348,4.458121,4.551715,-0.093593
2023-10-19,14.234086,4.459441,4.552256,-0.092815
2023-10-20,14.236824,4.472682,4.552799,-0.080117
2023-10-21,14.239562,4.477610,4.553344,-0.075734
2023-10-22,14.242300,4.479560,4.553891,-0.074331
2023-10-23,14.245038,4.493355,4.554440,-0.061085
2023-10-24,14.247775,4.534769,4.554991,-0.020222
2023-10-25,14.250513,4.538170,4.555544,-0.017373
2023-10-26,14.253251,4.538192,4.556098,-0.017906
2023-10-27,14.255989,4.533806,4.556655,-0.022849
2023-10-28,14.258727,4.535365,4.557213,-0.021848
2023-10-29,14.261465,4.537713,4.557773,-0.020060
2023-10-30,14.264203,4.539059,4.558336,-0.019277
2023-10-31,14.266940,4.538571,4.558900,-0.020329
2023-11-01,14.269678,4.541402,4.559466,-0.018064
2023-11-02,14.272416,4.547918,4.560034,-0.012116
2023-11-03,14.275154,4.540987,4.560604,-0.019616
2023-11-04,14.277892,4.543441,4.561176,-0.017734
2023-11-05,14.280630,4.545977,4.561749,-0.015773
2023-11-06,14.283368,4.545203,4.562325,-0.017122
2023-11-07,14.286105,4.545013,4.562903,-0.017890
2023-11-08,14.288843,4.550232,4.563482,-0.013250
2023-11-09,14.291581,4.564307,4.564063,0.000244
2023-11-10,14.294319,4.568786,4.564647,0.004140
2023-11-11,14.297057,4.571038,4.565232,0.005806
2023-11-12,14.299795,4.570913,4.565819,0.005093
2023-11-13,14.302533,4.568778,4.566408,0.002369
2023-11-14,14.305270,4.561341,4.566999,-0.005659
2023-11-15,14.308008,4.561687,4.567592,-0.005906
2023-11-16,14.310746,4.568914,4.568187,0.000727
2023-11-17,14.313484,4.563470,4.568784,-0.005313
2023-11-18,14.316222,4.565272,4.569382,-0.004110
2023-11-19,14.318960,4.566614,4.569983,-0.003369
2023-11-20,14.321697,4.573897,4.570586,0.003312
2023-11-21,14.324435,4.572033,4.571190,0.000843
2023-11-22,14.327173,4.567776,4.571796,-0.004020
2023-11-23,14.329911,4.574396,4.572405,0.001991
2023-11-24,14.332649,4.578550,4.573015,0.005535
2023-11-25,14.335387,4.579500,4.573627,0.005873
2023-11-26,14.338125,4.577562,4.574241,0.003321
2023-11-27,14.340862,4.572968,4.574857,-0.001889
2023-11-28,14.343600,4.576521,4.575475,0.001046
2023-11-29,14.346338,4.581449,4.576095,0.005354
2023-11-30,14.349076,4.580275,4.576717,0.003558
2023-12-01,14.351814,4.587302,4.577340,0.009962
2023-12-02,14.354552,4.592385,4.577966,0.014420
2023-12-03,14.357290,4.598607,4.578593,0.020014
2023-12-04,14.360027,4.618699,4.579223,0.039477
2023-12-05,14.362765,4.629490,4.579854,0.049636
2023-12-06,14.365503,4.645975,4.580487,0.065487
2023-12-07,14.368241,4.641926,4.581123,0.060803
2023-12-08,14.370979,4.643091,4.581760,0.061331
2023-12-09,14.373717,4.646030,4.582399,0.063632
2023-12-10,14.376454,4.644511,4.583040,0.061471
2023-12-11,14.379192,4.625712,4.583683,0.042030
2023-12-12,14.381930,4.622184,4.584328,0.037857
2023-12-13,14.384668,4.623469,4.584974,0.038495
2023-12-14,14.387406,4.635440,4.585623,0.049817
2023-12-15,14.390144,4.631589,4.586274,0.045315
2023-12-16,14.392882,4.629403,4.586926,0.042477
2023-12-17,14.395619,4.625770,4.587581,0.038190
2023-12-18,14.398357,4.620941,4.588237,0.032704
2023-12-19,14.401095,4.633712,4.588895,0.044817
2023-12-20,14.403833,4.638935,4.589555,0.049380
2023-12-21,14.406571,4.643913,4.590218,0.053696
2023-12-22,14.409309,4.644503,4.590882,0.053621
2023-12-23,14.412047,4.643316,4.591548,0.051769
2023-12-24,14.414784,4.642682,4.592215,0.050467
2023-12-25,14.417522,4.640178,4.592885,0.047293
2023-12-26,14.420260,4.633547,4.593557,0.039990
2023-12-27,14.422998,4.635329,4.594231,0.041099
2023-12-28,14.425736,4.635737,4.594906,0.040831
2023-12-29,14.428474,4.630719,4.595584,0.035136
2023-12-30,14.431211,4.627855,4.596263,0.031592
2023-12-31,14.433949,4.631303,4.596944,0.034359
2024-01-01,14.436687,4.635134,4.597627,0.037507
2024-01-02,14.439425,4.658750,4.598312,0.060438
2024-01-03,14.442163,4.646710,4.598999,0.047711
2024-01-04,14.444901,4.643606,4.599688,0.043917
2024-01-05,14.447639,4.645954,4.600379,0.045575
2024-01-06,14.450376,4.646805,4.601072,0.045733
2024-01-07,14.453114,4.649275,4.601766,0.047509
2024-01-08,14.455852,4.657402,4.602463,0.054939
2024-01-09,14.458590,4.673749,4.603161,0.070587
2024-01-10,14.461328,4.665745,4.603862,0.061884
2024-01-11,14.464066,4.672398,4.604564,0.067834
2024-01-12,14.466804,4.658086,4.605268,0.052818
2024-01-13,14.469541,4.636765,4.605974,0.030791
2024-01-14,14.472279,4.636018,4.606682,0.029336
2024-01-15,14.475017,4.633439,4.607392,0.026047
2024-01-16,14.477755,4.636636,4.608103,0.028532
2024-01-17,14.480493,4.634462,4.608817,0.025645
2024-01-18,14.483231,4.629297,4.609532,0.019764
2024-01-19,14.485969,4.620084,4.610250,0.009834
2024-01-20,14.488706,4.623192,4.610969,0.012223
2024-01-21,14.491444,4.624716,4.611690,0.013026
2024-01-22,14.494182,4.615109,4.612413,0.002696
2024-01-23,14.496920,4.602819,4.613138,-0.010319
2024-01-24,14.499658,4.607582,4.613865,-0.006282
2024-01-25,14.502396,4.607613,4.614593,-0.006981
2024-01-26,14.505133,4.616430,4.615324,0.001106
2024-01-27,14.507871,4.625496,4.616056,0.009440
2024-01-28,14.510609,4.629699,4.616791,0.012909
2024-01-29,14.513347,4.631810,4.617527,0.014283
2024-01-30,14.516085,4.641375,4.618265,0.023110
2024-01-31,14.518823,4.636443,4.619005,0.017438
2024-02-01,14.521561,4.632405,4.619747,0.012658
2024-02-02,14.524298,4.637818,4.620490,0.017327
2024-02-03,14.527036,4.638192,4.621236,0.016956
2024-02-04,14.529774,4.635851,4.621983,0.013868
2024-02-05,14.532512,4.635066,4.622732,0.012334
2024-02-06,14.535250,4.636831,4.623483,0.013348
2024-02-07,14.537988,4.640520,4.624236,0.016283
2024-02-08,14.540726,4.655609,4.624991,0.030618
2024-02-09,14.543463,4.673078,4.625748,0.047330
2024-02-10,14.546201,4.678156,4.626506,0.051649
2024-02-11,14.548939,4.684602,4.627266,0.057335
2024-02-12,14.551677,4.690000,4.628029,0.061971
2024-02-13,14.554415,4.696707,4.628793,0.067914
2024-02-14,14.557153,4.707469,4.629559,0.077910
2024-02-15,14.559890,4.716894,4.630326,0.086567
2024-02-16,14.562628,4.716479,4.631096,0.085383
2024-02-17,14.565366,4.712603,4.631867,0.080736
2024-02-18,14.568104,4.714135,4.632640,0.081495
2024-02-19,14.570842,4.717179,4.633415,0.083764
2024-02-20,14.573580,4.714986,4.634192,0.080794
2024-02-21,14.576318,4.711967,4.634971,0.076996
2024-02-22,14.579055,4.712830,4.635751,0.077079
2024-02-23,14.581793,4.708966,4.636534,0.072432
2024-02-24,14.584531,4.710095,4.637318,0.072778
2024-02-25,14.587269,4.713908,4.638104,0.075805
2024-02-26,14.590007,4.720396,4.638891,0.081505
2024-02-27,14.592745,4.752053,4.639681,0.112372
2024-02-28,14.595483,4.773504,4.640472,0.133032
2024-02-29,14.598220,4.792903,4.641265,0.151638
2024-03-01,14.600958,4.791731,4.642060,0.149671
2024-03-02,14.603696,4.792644,4.642857,0.149787
2024-03-03,14.606434,4.795486,4.643655,0.151831
2024-03-04,14.609172,4.816018,4.644456,0.171562
2024-03-05,14.611910,4.820673,4.645258,0.175415
2024-03-06,14.614648,4.819407,4.646062,0.173345
2024-03-07,14.617385,4.825159,4.646867,0.178292
2024-03-08,14.620123,4.831535,4.647675,0.183861
2024-03-09,14.622861,4.835284,4.648484,0.186800
2024-03-10,14.625599,4.841610,4.649295,0.192315
2024-03-11,14.628337,4.851874,4.650108,0.201766
2024-03-12,14.631075,4.856025,4.650922,0.205103
2024-03-13,14.633812,4.862655,4.651739,0.210916
2024-03-14,14.636550,4.859266,4.652557,0.206710
2024-03-15,14.639288,4.837330,4.653376,0.183954
2024-03-16,14.642026,4.835523,4.654198,0.181325
2024-03-17,14.644764,4.828119,4.655021,0.173098
2024-03-18,14.647502,4.832897,4.655846,0.177051
2024-03-19,14.650240,4.810902,4.656673,0.154230
2024-03-20,14.652977,4.807361,4.657501,0.149860
2024-03-21,14.655715,4.825496,4.658332,0.167165
2024-03-22,14.658453,4.811459,4.659163,0.152295
2024-03-23,14.661191,4.811736,4.659997,0.151739
2024-03-24,14.663929,4.816434,4.660833,0.155602
2024-03-25,14.666667,4.836539,4.661670,0.174869
2024-03-26,14.669405,4.848171,4.662508,0.185662
2024-03-27,14.672142,4.844698,4.663349,0.181349
2024-03-28,14.674880,4.848853,4.664191,0.184662
2024-03-29,14.677618,4.846118,4.665035,0.181083
2024-03-30,14.680356,4.846266,4.665881,0.180385
2024-03-31,14.683094,4.849176,4.666728,0.182448
2024-04-01,14.685832,4.844378,4.667577,0.176801
2024-04-02,14.688569,4.823386,4.668428,0.154958
2024-04-03,14.691307,4.821756,4.669280,0.152476
2024-04-04,14.694045,4.827544,4.670134,0.157410
2024-04-05,14.696783,4.831170,4.670990,0.160180
2024-04-06,14.699521,4.834677,4.671847,0.162830
2024-04-07,14.702259,4.842765,4.672706,0.170059
2024-04-08,14.704997,4.853473,4.673567,0.179907
2024-04-09,14.707734,4.846918,4.674429,0.172489
2024-04-10,14.710472,4.841742,4.675293,0.166449
2024-04-11,14.713210,4.849231,4.676159,0.173072
2024-04-12,14.715948,4.842378,4.677026,0.165352
2024-04-13,14.718686,4.825029,4.677895,0.147134
2024-04-14,14.721424,4.811616,4.678766,0.132851
2024-04-15,14.724162,4.816945,4.679638,0.137307
2024-04-16,14.726899,4.804130,4.680512,0.123619
2024-04-17,14.729637,4.799421,4.681387,0.118034
2024-04-18,14.732375,4.799677,4.682264,0.117413
2024-04-19,14.735113,4.809049,4.683143,0.125906
2024-04-20,14.737851,4.811671,4.684023,0.127648
2024-04-21,14.740589,4.816137,4.684905,0.131232
2024-04-22,14.743326,4.823224,4.685788,0.137436
2024-04-23,14.746064,4.826190,4.686673,0.139517
2024-04-24,14.748802,4.820426,4.687560,0.132866
2024-04-25,14.751540,4.811634,4.688448,0.123186
2024-04-26,14.754278,4.811830,4.689338,0.122492
2024-04-27,14.757016,4.804779,4.690229,0.114550
2024-04-28,14.759754,4.807841,4.691122,0.116719
2024-04-29,14.762491,4.802804,4.692016,0.110788
2024-04-30,14.765229,4.796721,4.692912,0.103808
2024-05-01,14.767967,4.772782,4.693810,0.078972
2024-05-02,14.770705,4.772025,4.694709,0.077316
2024-05-03,14.773443,4.787305,4.695609,0.091696
2024-05-04,14.776181,4.806262,4.696512,0.109750
2024-05-05,14.778919,4.808300,4.697415,0.110885
2024-05-06,14.781656,4.808823,4.698320,0.110503
2024-05-07,14.784394,4.805932,4.699227,0.106705
2024-05-08,14.787132,4.797416,4.700135,0.097281
2024-05-09,14.789870,4.795119,4.701045,0.094074
2024-05-10,14.792608,4.797090,4.701956,0.095134
2024-05-11,14.795346,4.789826,4.702869,0.086957
2024-05-12,14.798084,4.792166,4.703783,0.088383
2024-05-13,14.800821,4.798986,4.704699,0.094287
2024-05-14,14.803559,4.796090,4.705616,0.090474
2024-05-15,14.806297,4.808229,4.706534,0.101694
2024-05-16,14.809035,4.821171,4.707454,0.113717
2024-05-17,14.811773,4.824568,4.708376,0.116192
2024-05-18,14.814511,4.828450,4.709299,0.119151
2024-05-19,14.817248,4.828130,4.710223,0.117907
2024-05-20,14.819986,4.833816,4.711149,0.122668
2024-05-21,14.822724,4.849818,4.712076,0.137743
2024-05-22,14.825462,4.845225,4.713005,0.132220
2024-05-23,14.828200,4.837861,4.713935,0.123927
2024-05-24,14.830938,4.834880,4.714866,0.120014
2024-05-25,14.833676,4.841694,4.715799,0.125895
2024-05-26,14.836413,4.841807,4.716733,0.125073
2024-05-27,14.839151,4.843217,4.717669,0.125548
2024-05-28,14.841889,4.837863,4.718606,0.119257
2024-05-29,14.844627,4.835698,4.719544,0.116153
2024-05-30,14.847365,4.837704,4.720484,0.117220
2024-05-31,14.850103,4.836505,4.721425,0.115079
2024-06-01,14.852841,4.835475,4.722368,0.113108
2024-06-02,14.855578,4.836185,4.723312,0.112873
2024-06-03,14.858316,4.842572,4.724257,0.118316
2024-06-04,14.861054,4.846718,4.725203,0.121514
2024-06-05,14.863792,4.854441,4.726151,0.128290
2024-06-06,14.866530,4.854951,4.727100,0.127851
2024-06-07,14.869268,4.852401,4.728051,0.124350
2024-06-08,14.872005,4.848071,4.729002,0.119069
2024-06-09,14.874743,4.848459,4.729956,0.118503
2024-06-10,14.877481,4.848922,4.730910,0.118012
2024-06-11,14.880219,4.836933,4.731866,0.105067
2024-06-12,14.882957,4.841123,4.732823,0.108301
2024-06-13,14.885695,4.836914,4.733781,0.103133
2024-06-14,14.888433,4.830929,4.734740,0.096188
2024-06-15,14.891170,4.828576,4.735701,0.092875
2024-06-16,14.893908,4.830626,4.736663,0.093963
2024-06-17,14.896646,4.827850,4.737626,0.090224
2024-06-18,14.899384,4.821108,4.738590,0.082517
2024-06-19,14.902122,4.819595,4.739556,0.080039
2024-06-20,14.904860,4.817840,4.740523,0.077317
2024-06-21,14.907598,4.810342,4.741491,0.068851
2024-06-22,14.910335,4.813352,4.742460,0.070892
2024-06-23,14.913073,4.813014,4.743431,0.069583
2024-06-24,14.915811,4.792801,4.744402,0.048399
2024-06-25,14.918549,4.792003,4.745375,0.046627
2024-06-26,14.921287,4.792637,4.746349,0.046288
2024-06-27,14.924025,4.791630,4.747324,0.044305
2024-06-28,14.926762,4.789821,4.748301,0.041520
2024-06-29,14.929500,4.788237,4.749278,0.038959
2024-06-30,14.932238,4.792340,4.750257,0.042083
2024-07-01,14.934976,4.802573,4.751236,0.051336
2024-07-02,14.937714,4.798214,4.752217,0.045996
2024-07-03,14.940452,4.784544,4.753199,0.031345
2024-07-04,14.943190,4.767841,4.754182,0.013659
2024-07-05,14.945927,4.748934,4.755166,-0.006233
2024-07-06,14.948665,4.760325,4.756152,0.004173
2024-07-07,14.951403,4.760624,4.757138,0.003486
2024-07-08,14.954141,4.752910,4.758125,-0.005215
2024-07-09,14.956879,4.761944,4.759114,0.002831
2024-07-10,14.959617,4.767174,4.760103,0.007071
2024-07-11,14.962355,4.766480,4.761094,0.005386
2024-07-12,14.965092,4.763157,4.762085,0.001072
2024-07-13,14.967830,4.769650,4.763078,0.006573
2024-07-14,14.970568,4.781711,4.764071,0.017640
2024-07-15,14.973306,4.801915,4.765066,0.036849
2024-07-16,14.976044,4.809591,4.766061,0.043529
2024-07-17,14.978782,4.814533,4.767058,0.047475
2024-07-18,14.981520,4.810835,4.768055,0.042780
2024-07-19,14.984257,4.816831,4.769054,0.047777
2024-07-20,14.986995,4.827256,4.770053,0.057203
2024-07-21,14.989733,4.829328,4.771054,0.058275
2024-07-22,14.992471,4.831804,4.772055,0.059749
2024-07-23,14.995209,4.826065,4.773057,0.053008
2024-07-24,14.997947,4.821575,4.774060,0.047515
2024-07-25,15.000684,4.813765,4.775064,0.038700
2024-07-26,15.003422,4.829760,4.776069,0.053690
2024-07-27,15.006160,4.835643,4.777075,0.058568
2024-07-28,15.008898,4.833967,4.778082,0.055885
2024-07-29,15.011636,4.837446,4.779090,0.058356
2024-07-30,15.014374,4.823616,4.780098,0.043518
2024-07-31,15.017112,4.821740,4.781107,0.040633
2024-08-01,15.019849,4.809431,4.782118,0.027313
2024-08-02,15.022587,4.806770,4.783129,0.023642
2024-08-03,15.025325,4.789884,4.784140,0.005744
2024-08-04,15.028063,4.780591,4.785153,-0.004562
2024-08-05,15.030801,4.734238,4.786166,-0.051928
2024-08-06,15.033539,4.750568,4.787181,-0.036613
2024-08-07,15.036277,4.753959,4.788196,-0.034237
2024-08-08,15.039014,4.768835,4.789211,-0.020376
2024-08-09,15.041752,4.785229,4.790228,-0.004998
2024-08-10,15.044490,4.786552,4.791245,-0.004693
2024-08-11,15.047228,4.782532,4.792263,-0.009731
2024-08-12,15.049966,4.773296,4.793282,-0.019986
2024-08-13,15.052704,4.779717,4.794301,-0.014584
2024-08-14,15.055441,4.781320,4.795321,-0.014001
2024-08-15,15.058179,4.768827,4.796342,-0.027515
2024-08-16,15.060917,4.769532,4.797364,-0.027832
2024-08-17,15.063655,4.775642,4.798386,-0.022744
2024-08-18,15.066393,4.778403,4.799409,-0.021006
2024-08-19,15.069131,4.770886,4.800432,-0.029546
2024-08-20,15.071869,4.780118,4.801456,-0.021339
2024-08-21,15.074606,4.781005,4.802481,-0.021476
2024-08-22,15.077344,4.784437,4.803506,-0.019069
2024-08-23,15.080082,4.793886,4.804532,-0.010647
2024-08-24,15.082820,4.807834,4.805559,0.002275
2024-08-25,15.085558,4.808899,4.806586,0.002313
2024-08-26,15.088296,4.805194,4.807614,-0.002420
2024-08-27,15.091034,4.795582,4.808642,-0.013060
2024-08-28,15.093771,4.774682,4.809671,-0.034988
2024-08-29,15.096509,4.778774,4.810700,-0.031925
2024-08-30,15.099247,4.773332,4.811730,-0.038398
2024-08-31,15.101985,4.774883,4.812760,-0.037877
2024-09-01,15.104723,4.767863,4.813791,-0.045928
2024-09-02,15.107461,4.768959,4.814822,-0.045863
2024-09-03,15.110198,4.769830,4.815854,-0.046024
2024-09-04,15.112936,4.759830,4.816886,-0.057057
2024-09-05,15.115674,4.757153,4.817919,-0.060767
2024-09-06,15.118412,4.744422,4.818952,-0.074531
2024-09-07,15.121150,4.739088,4.819986,-0.080898
2024-09-08,15.123888,4.740259,4.821020,-0.080761
2024-09-09,15.126626,4.749440,4.822054,-0.072614
2024-09-10,15.129363,4.759442,4.823089,-0.063646
2024-09-11,15.132101,4.758542,4.824124,-0.065582
2024-09-12,15.134839,4.767072,4.825160,-0.058087
2024-09-13,15.137577,4.773281,4.826195,-0.052914
2024-09-14,15.140315,4.781257,4.827232,-0.045974
2024-09-15,15.143053,4.780020,4.828268,-0.048248
2024-09-16,15.145791,4.768632,4.829305,-0.060673
2024-09-17,15.148528,4.777484,4.830342,-0.052858
2024-09-18,15.151266,4.782063,4.831379,-0.049316
2024-09-19,15.154004,4.799226,4.832417,-0.033191
2024-09-20,15.156742,4.803180,4.833455,-0.030275
2024-09-21,15.159480,4.802241,4.834493,-0.032253
2024-09-22,15.162218,4.801351,4.835532,-0.034180
2024-09-23,15.164956,4.804610,4.836570,-0.031961
2024-09-24,15.167693,4.804439,4.837609,-0.033170
2024-09-25,15.170431,4.806027,4.838648,-0.032621
2024-09-26,15.173169,4.809689,4.839687,-0.029998
2024-09-27,15.175907,4.818277,4.840727,-0.022450
2024-09-28,15.178645,4.819476,4.841766,-0.022290
2024-09-29,15.181383,4.819180,4.842806,-0.023625
2024-09-30,15.184120,4.807500,4.843845,-0.036346
2024-10-01,15.186858,4.798103,4.844885,-0.046782
2024-10-02,15.189596,4.788399,4.845925,-0.057527
2024-10-03,15.192334,4.784896,4.846965,-0.062070
2024-10-04,15.195072,4.791039,4.848005,-0.056967
2024-10-05,15.197810,4.794370,4.849046,-0.054675
2024-10-06,15.200548,4.795816,4.850086,-0.054269
2024-10-07,15.203285,4.802982,4.851126,-0.048144
2024-10-08,15.206023,4.796351,4.852166,-0.055815
2024-10-09,15.208761,4.792025,4.853206,-0.061182
2024-10-10,15.211499,4.783087,4.854247,-0.071159
2024-10-11,15.214237,4.790608,4.855287,-0.064679
2024-10-12,15.216975,4.800094,4.856327,-0.056233
2024-10-13,15.219713,4.798720,4.857367,-0.058647
2024-10-14,15.222450,4.813049,4.858407,-0.045358
2024-10-15,15.225188,4.821098,4.859447,-0.038348
2024-10-16,15.227926,4.829976,4.860487,-0.030510
2024-10-17,15.230664,4.828159,4.861526,-0.033368
2024-10-18,15.233402,4.833845,4.862566,-0.028720
2024-10-19,15.236140,4.834604,4.863605,-0.029001
2024-10-20,15.238877,4.835854,4.864644,-0.028790
2024-10-21,15.241615,4.833630,4.865683,-0.032054
2024-10-22,15.244353,4.828299,4.866722,-0.038424
2024-10-23,15.247091,4.823505,4.867761,-0.044256
2024-10-24,15.249829,4.829595,4.868799,-0.039204
2024-10-25,15.252567,4.830316,4.869837,-0.039521
2024-10-26,15.255305,4.826369,4.870875,-0.044506
2024-10-27,15.258042,4.829221,4.871913,-0.042692
2024-10-28,15.260780,4.837071,4.872950,-0.035878
2024-10-29,15.263518,4.855116,4.873987,-0.018871
2024-10-30,15.266256,4.858807,4.875023,-0.016216
2024-10-31,15.268994,4.853735,4.876060,-0.022325
2024-11-01,15.271732,4.843327,4.877096,-0.033768
2024-11-02,15.274470,4.842370,4.878131,-0.035761
2024-11-03,15.277207,4.835744,4.879166,-0.043422
2024-11-04,15.279945,4.835412,4.880201,-0.044789
2024-11-05,15.282683,4.839218,4.881236,-0.042018
2024-11-06,15.285421,4.870557,4.882269,-0.011712
2024-11-07,15.288159,4.877665,4.883303,-0.005638
2024-11-08,15.290897,4.882194,4.884336,-0.002141
2024-11-09,15.293634,4.883418,4.885368,-0.001951
2024-11-10,15.296372,4.898739,4.886400,0.012339
2024-11-11,15.299110,4.920803,4.887432,0.033371
2024-11-12,15.301848,4.944701,4.888463,0.056238
2024-11-13,15.304586,4.949498,4.889493,0.060005
2024-11-14,15.307324,4.952599,4.890523,0.062076
2024-11-15,15.310062,4.950540,4.891552,0.058988
2024-11-16,15.312799,4.958475,4.892581,0.065894
2024-11-17,15.315537,4.955734,4.893609,0.062126
2024-11-18,15.318275,4.958677,4.894636,0.064041
2024-11-19,15.321013,4.963898,4.895663,0.068235
2024-11-20,15.323751,4.970410,4.896689,0.073722
2024-11-21,15.326489,4.987272,4.897714,0.089559
2024-11-22,15.329227,4.994120,4.898738,0.095381
2024-11-23,15.331964,4.991900,4.899762,0.092137
2024-11-24,15.334702,4.988369,4.900785,0.087583
2024-11-25,15.337440,4.984404,4.901808,0.082596
2024-11-26,15.340178,4.969366,4.902829,0.066536
2024-11-27,15.342916,4.974780,4.903850,0.070930
2024-11-28,15.345654,4.979798,4.904870,0.074928
2024-11-29,15.348392,4.985185,4.905889,0.079296
2024-11-30,15.351129,4.983456,4.906907,0.076549
2024-12-01,15.353867,4.985308,4.907925,0.077383
2024-12-02,15.356605,4.982378,4.908941,0.073437
2024-12-03,15.359343,4.979780,4.909957,0.069823
2024-12-04,15.362081,4.984635,4.910971,0.073664
2024-12-05,15.364819,5.004127,4.911985,0.092142
2024-12-06,15.367556,4.995806,4.912998,0.082808
2024-12-07,15.370294,4.999392,4.914009,0.085382
2024-12-08,15.373032,4.999547,4.915020,0.084527
2024-12-09,15.375770,4.993083,4.916030,0.077053
2024-12-10,15.378508,4.986598,4.917038,0.069560
2024-12-11,15.381246,4.995029,4.918046,0.076983
2024-12-12,15.383984,5.003761,4.919053,0.084708
2024-12-13,15.386721,5.001955,4.920058,0.081897
2024-12-14,15.389459,5.006481,4.921062,0.085419
2024-12-15,15.392197,5.011419,4.922065,0.089354
2024-12-16,15.394935,5.022710,4.923067,0.099643
2024-12-17,15.397673,5.027459,4.924068,0.103391
2024-12-18,15.400411,5.015652,4.925068,0.090584
2024-12-19,15.403149,5.000403,4.926066,0.074337
2024-12-20,15.405886,4.987055,4.927063,0.059991
2024-12-21,15.408624,4.990408,4.928059,0.062349
2024-12-22,15.411362,4.983504,4.929054,0.054450
2024-12-23,15.414100,4.976798,4.930047,0.046751
2024-12-24,15.416838,4.984013,4.931039,0.052974
2024-12-25,15.419576,4.993392,4.932030,0.061363
2024-12-26,15.422313,4.986079,4.933019,0.053060
2024-12-27,15.425051,4.981091,4.934007,0.047084
2024-12-28,15.427789,4.977154,4.934993,0.042160
2024-12-29,15.430527,4.975982,4.935978,0.040003
2024-12-30,15.433265,4.970569,4.936962,0.033607
2024-12-31,15.436003,4.972088,4.937944,0.034144
2025-01-01,15.438741,4.972889,4.938925,0.033964
2025-01-02,15.441478,4.983714,4.939904,0.043809
2025-01-03,15.444216,4.988624,4.940882,0.047742
2025-01-04,15.446954,4.991604,4.941858,0.049746
2025-01-05,15.449692,4.991847,4.942833,0.049014
2025-01-06,15.452430,5.000903,4.943805,0.057097
2025-01-07,15.455168,4.998028,4.944777,0.053251
2025-01-08,15.457906,4.979428,4.945747,0.033682
2025-01-09,15.460643,4.970276,4.946715,0.023562
2025-01-10,15.463381,4.974303,4.947681,0.026622
2025-01-11,15.466119,4.975300,4.948646,0.026654
2025-01-12,15.468857,4.976019,4.949609,0.026410
2025-01-13,15.471595,4.968429,4.950570,0.017859
2025-01-14,15.474333,4.982274,4.951529,0.030744
2025-01-15,15.477070,4.991894,4.952487,0.039406
2025-01-16,15.479808,4.996959,4.953443,0.043516
2025-01-17,15.482546,5.012255,4.954397,0.057858
2025-01-18,15.485284,5.016250,4.955349,0.060900
2025-01-19,15.488022,5.019617,4.956300,0.063318
2025-01-20,15.490760,5.020855,4.957248,0.063607
2025-01-21,15.493498,5.016707,4.958195,0.058513
2025-01-22,15.496235,5.020987,4.959139,0.061847
2025-01-23,15.498973,5.014790,4.960082,0.054709
2025-01-24,15.501711,5.021671,4.961022,0.060649
2025-01-25,15.504449,5.020123,4.961961,0.058162
2025-01-26,15.507187,5.020622,4.962897,0.057724
2025-01-27,15.509925,5.001803,4.963832,0.037971
2025-01-28,15.512663,5.010974,4.964764,0.046209
2025-01-29,15.515400,5.011177,4.965695,0.045482
2025-01-30,15.518138,5.022044,4.966623,0.055421
2025-01-31,15.520876,5.017475,4.967549,0.049926
2025-02-01,15.523614,5.009057,4.968473,0.040584
2025-02-02,15.526352,4.998696,4.969395,0.029301
2025-02-03,15.529090,4.987400,4.970314,0.017086
2025-02-04,15.531828,4.999055,4.971231,0.027823
2025-02-05,15.534565,4.991455,4.972146,0.019309
2025-02-06,15.537303,4.990541,4.973059,0.017482
2025-02-07,15.540041,4.989316,4.973969,0.015347
2025-02-08,15.542779,4.984918,4.974877,0.010041
2025-02-09,15.545517,4.985051,4.975783,0.009268
2025-02-10,15.548255,4.988757,4.976686,0.012071
2025-02-11,15.550992,4.986814,4.977587,0.009227
2025-02-12,15.553730,4.983761,4.978485,0.005275
2025-02-13,15.556468,4.985044,4.979381,0.005663
2025-02-14,15.559206,4.987984,4.980275,0.007709
2025-02-15,15.561944,4.990126,4.981166,0.008960
2025-02-16,15.564682,4.988547,4.982054,0.006492
2025-02-17,15.567420,4.983745,4.982940,0.000805
2025-02-18,15.570157,4.979701,4.983823,-0.004123
2025-02-19,15.572895,4.982923,4.984704,-0.001781
2025-02-20,15.575633,4.989551,4.985582,0.003969
2025-02-21,15.578371,4.990885,4.986457,0.004427
2025-02-22,15.581109,4.985375,4.987330,-0.001955
2025-02-23,15.583847,4.983567,4.988200,-0.004633
2025-02-24,15.586585,4.977384,4.989067,-0.011683
2025-02-25,15.589322,4.953561,4.989932,-0.036370
2025-02-26,15.592060,4.940768,4.990793,-0.050025
2025-02-27,15.594798,4.932148,4.991652,-0.059504
2025-02-28,15.597536,4.914327,4.992508,-0.078181
2025-03-01,15.600274,4.931639,4.993361,-0.061722
2025-03-02,15.603012,4.947976,4.994211,-0.046235
2025-03-03,15.605749,4.958694,4.995059,-0.036364
2025-03-04,15.608487,4.929861,4.995903,-0.066042
2025-03-05,15.611225,4.949573,4.996744,-0.047171
2025-03-06,15.613963,4.958417,4.997583,-0.039166
2025-03-07,15.616701,4.946021,4.998418,-0.052397
2025-03-08,15.619439,4.937695,4.999250,-0.061555
2025-03-09,15.622177,4.928638,5.000079,-0.071442
2025-03-10,15.624914,4.910478,5.000905,-0.090427
2025-03-11,15.627652,4.910447,5.001728,-0.091281
2025-03-12,15.630390,4.918639,5.002548,-0.083909
2025-03-13,15.633128,4.917427,5.003365,-0.085938
2025-03-14,15.635866,4.922447,5.004178,-0.081731
2025-03-15,15.638604,4.927263,5.004988,-0.077725
2025-03-16,15.641342,4.924055,5.005795,-0.081740
2025-03-17,15.644079,4.923805,5.006599,-0.082793
2025-03-18,15.646817,4.918697,5.007399,-0.088702
2025-03-19,15.649555,4.926103,5.008196,-0.082092
2025-03-20,15.652293,4.932533,5.008989,-0.076456
2025-03-21,15.655031,4.926852,5.009779,-0.082927
2025-03-22,15.657769,4.926938,5.010566,-0.083628
2025-03-23,15.660507,4.929190,5.011349,-0.082159
2025-03-24,15.663244,4.942754,5.012129,-0.069375
2025-03-25,15.665982,4.942892,5.012905,-0.070013
2025-03-26,15.668720,4.942829,5.013677,-0.070848
2025-03-27,15.671458,4.942063,5.014446,-0.072383
2025-03-28,15.674196,4.932014,5.015212,-0.083198
2025-03-29,15.676934,4.921539,5.015973,-0.094434
2025-03-30,15.679671,4.920119,5.016732,-0.096613
2025-03-31,15.682409,4.917475,5.017486,-0.100011
2025-04-01,15.685147,4.926101,5.018237,-0.092136
2025-04-02,15.687885,4.932312,5.018983,-0.086671
2025-04-03,15.690623,4.918754,5.019726,-0.100973
2025-04-04,15.693361,4.922385,5.020466,-0.098081
2025-04-05,15.696099,4.921384,5.021201,-0.099818
2025-04-06,15.698836,4.912008,5.021933,-0.109925
2025-04-07,15.701574,4.892374,5.022660,-0.130287
2025-04-08,15.704312,4.898151,5.023384,-0.125233
2025-04-09,15.707050,4.896773,5.024104,-0.127331
2025-04-10,15.709788,4.910256,5.024819,-0.114564
2025-04-11,15.712526,4.915233,5.025531,-0.110298
2025-04-12,15.715264,4.926175,5.026239,-0.100064
2025-04-13,15.718001,4.927975,5.026942,-0.098968
2025-04-14,15.720739,4.928984,5.027642,-0.098658
2025-04-15,15.723477,4.931888,5.028337,-0.096449
2025-04-16,15.726215,4.926211,5.029028,-0.102818
2025-04-17,15.728953,4.928816,5.029715,-0.100899
2025-04-18,15.731691,4.928908,5.030398,-0.101490
2025-04-19,15.734428,4.931183,5.031076,-0.099893
2025-04-20,15.737166,4.929915,5.031750,-0.101835
2025-04-21,15.739904,4.941886,5.032420,-0.090534
2025-04-22,15.742642,4.954379,5.033085,-0.078706
2025-04-23,15.745380,4.972793,5.033746,-0.060953
2025-04-24,15.748118,4.970139,5.034403,-0.064264
2025-04-25,15.750856,4.975749,5.035055,-0.059306
2025-04-26,15.753593,4.977151,5.035702,-0.058551
2025-04-27,15.756331,4.975698,5.036345,-0.060648
2025-04-28,15.759069,4.976478,5.036984,-0.060506
2025-04-29,15.761807,4.978832,5.037618,-0.058786
2025-04-30,15.764545,4.977285,5.038247,-0.060963
2025-05-01,15.767283,4.983300,5.038872,-0.055572
2025-05-02,15.770021,4.987968,5.039492,-0.051524
2025-05-03,15.772758,4.985636,5.040107,-0.054471
2025-05-04,15.775496,4.982785,5.040717,-0.057932
2025-05-05,15.778234,4.977051,5.041323,-0.064272
2025-05-06,15.780972,4.977651,5.041924,-0.064273
2025-05-07,15.783710,4.987391,5.042520,-0.055129
2025-05-08,15.786448,5.001272,5.043111,-0.041839
2025-05-09,15.789185,5.014513,5.043697,-0.029185
2025-05-10,15.791923,5.016017,5.044278,-0.028261
2025-05-11,15.794661,5.018849,5.044855,-0.026006
2025-05-12,15.797399,5.014648,5.045426,-0.030778
2025-05-13,15.800137,5.015307,5.045992,-0.030685
2025-05-14,15.802875,5.016391,5.046553,-0.030162
2025-05-15,15.805613,5.013576,5.047109,-0.033533
2025-05-16,15.808350,5.017736,5.047660,-0.029924
2025-05-17,15.811088,5.015365,5.048206,-0.032840
2025-05-18,15.813826,5.019007,5.048746,-0.029739
2025-05-19,15.816564,5.018911,5.049281,-0.030370
2025-05-20,15.819302,5.024819,5.049811,-0.024992
2025-05-21,15.822040,5.032541,5.050336,-0.017795
2025-05-22,15.824778,5.045025,5.050855,-0.005830
2025-05-23,15.827515,5.041422,5.051369,-0.009946
2025-05-24,15.830253,5.036909,5.051877,-0.014968
2025-05-25,15.832991,5.033725,5.052380,-0.018655
2025-05-26,15.835729,5.040787,5.052877,-0.012091
2025-05-27,15.838467,5.040635,5.053369,-0.012734
2025-05-28,15.841205,5.036263,5.053856,-0.017593
2025-05-29,15.843943,5.031739,5.054336,-0.022597
2025-05-30,15.846680,5.024288,5.054811,-0.030523
2025-05-31,15.849418,5.019239,5.055281,-0.036041
2025-06-01,15.852156,5.021350,5.055744,-0.034394
2025-06-02,15.854894,5.021906,5.056202,-0.034296
2025-06-03,15.857632,5.025984,5.056654,-0.030670
2025-06-04,15.860370,5.024142,5.057101,-0.032958
2025-06-05,15.863107,5.018462,5.057541,-0.039079
2025-06-06,15.865845,5.017492,5.057975,-0.040483
2025-06-07,15.868583,5.024155,5.058404,-0.034249
2025-06-08,15.871321,5.025879,5.058827,-0.032948
2025-06-09,15.874059,5.033530,5.059243,-0.025714
2025-06-10,15.876797,5.039735,5.059654,-0.019918
2025-06-11,15.879535,5.039935,5.060058,-0.020124
2025-06-12,15.882272,5.031476,5.060457,-0.028980
2025-06-13,15.885010,5.021650,5.060849,-0.039199
2025-06-14,15.887748,5.022958,5.061235,-0.038277
2025-06-15,15.890486,5.023878,5.061615,-0.037737
2025-06-16,15.893224,5.030989,5.061988,-0.031000
2025-06-17,15.895962,5.026206,5.062356,-0.036150
2025-06-18,15.898700,5.022052,5.062716,-0.040665
2025-06-19,15.901437,5.021516,5.063071,-0.041555
2025-06-20,15.904175,5.021880,5.063419,-0.041539
2025-06-21,15.906913,5.014797,5.063761,-0.048963
2025-06-22,15.909651,5.006808,5.064096,-0.057288
2025-06-23,15.912389,5.010264,5.064424,-0.054160
2025-06-24,15.915127,5.024915,5.064746,-0.039832
2025-06-25,15.917864,5.030688,5.065062,-0.034373
2025-06-26,15.920602,5.032573,5.065371,-0.032798
2025-06-27,15.923340,5.031945,5.065673,-0.033727
2025-06-28,15.926078,5.032914,5.065968,-0.033054
2025-06-29,15.928816,5.034421,5.066257,-0.031836
2025-06-30,15.931554,5.034394,5.066538,-0.032145
2025-07-01,15.934292,5.029260,5.066813,-0.037553
2025-07-02,15.937029,5.034326,5.067081,-0.032756
2025-07-03,15.939767,5.041024,5.067342,-0.026318
2025-07-04,15.942505,5.037693,5.067597,-0.029904
2025-07-05,15.945243,5.036441,5.067844,-0.031403
2025-07-06,15.947981,5.037949,5.068084,-0.030134
2025-07-07,15.950719,5.037451,5.068317,-0.030866
2025-07-08,15.953457,5.037606,5.068543,-0.030937
2025-07-09,15.956194,5.040708,5.068762,-0.028053
2025-07-10,15.958932,5.050763,5.068973,-0.018210
2025-07-11,15.961670,5.070305,5.069177,0.001128
2025-07-12,15.964408,5.070887,5.069374,0.001513
2025-07-13,15.967146,5.073086,5.069564,0.003522
2025-07-14,15.969884,5.082752,5.069746,0.013006
2025-07-15,15.972621,5.070574,5.069921,0.000653
2025-07-16,15.975359,5.074748,5.070088,0.004659
2025-07-17,15.978097,5.075183,5.070248,0.004934
2025-07-18,15.980835,5.075973,5.070401,0.005573
2025-07-19,15.983573,5.073230,5.070546,0.002685
2025-07-20,15.986311,5.072702,5.070683,0.002020
2025-07-21,15.989049,5.072802,5.070812,0.001990
2025-07-22,15.991786,5.074335,5.070934,0.003401
2025-07-23,15.994524,5.074421,5.071048,0.003373
2025-07-24,15.997262,5.075220,5.071154,0.004066
2025-07-25,16.000000,5.066844,5.071253,-0.004408
2025-07-26,16.002738,5.071884,5.071343,0.000540
2025-07-27,16.005476,5.074443,5.071426,0.003017
2025-07-28,16.008214,5.074912,5.071501,0.003411
2025-07-29,16.010951,5.073573,5.071568,0.002005
2025-07-30,16.013689,5.072195,5.071626,0.000569
2025-07-31,16.016427,5.072729,5.071677,0.001052
2025-08-01,16.019165,5.061686,5.071719,-0.010033
2025-08-02,16.021903,5.056071,5.071753,-0.015683
2025-08-03,16.024641,5.057019,5.071779,-0.014761
2025-08-04,16.027379,5.060497,5.071797,-0.011300
2025-08-05,16.030116,5.058182,5.071807,-0.013625
2025-08-06,16.032854,5.059423,5.071808,-0.012385
2025-08-07,16.035592,5.064758,5.071801,-0.007043
2025-08-08,16.038330,5.067527,5.071785,-0.004258
2025-08-09,16.041068,5.067826,5.071761,-0.003934
2025-08-10,16.043806,5.073055,5.071728,0.001327
2025-08-11,16.046543,5.081345,5.071687,0.009659
2025-08-12,16.049281,5.076962,5.071637,0.005325
2025-08-13,16.052019,5.082407,5.071578,0.010829
2025-08-14,16.054757,5.081413,5.071511,0.009902
2025-08-15,16.057495,5.074128,5.071435,0.002693
2025-08-16,16.060233,5.072173,5.071350,0.000824
2025-08-17,16.062971,5.073194,5.071256,0.001938
2025-08-18,16.065708,5.065465,5.071154,-0.005689
2025-08-19,16.068446,5.060803,5.071042,-0.010239
2025-08-20,16.071184,5.056933,5.070921,-0.013988
2025-08-21,16.073922,5.055452,5.070792,-0.015340
2025-08-22,16.076660,5.059457,5.070653,-0.011196
2025-08-23,16.079398,5.063194,5.070506,-0.007312
2025-08-24,16.082136,5.059291,5.070349,-0.011057
2025-08-25,16.084873,5.050545,5.070183,-0.019637
2025-08-26,16.087611,5.042876,5.070007,-0.027132
2025-08-27,16.090349,5.047504,5.069823,-0.022318
2025-08-28,16.093087,5.051405,5.069628,-0.018223
2025-08-29,16.095825,5.040994,5.069425,-0.028431
2025-08-30,16.098563,5.036682,5.069212,-0.032530
2025-08-31,16.101300,5.038150,5.068990,-0.030839
2025-09-01,16.104038,5.037411,5.068758,-0.031347
2025-09-02,16.106776,5.044243,5.068516,-0.024274
2025-09-03,16.109514,5.048729,5.068265,-0.019536
2025-09-04,16.112252,5.045747,5.068004,-0.022257
2025-09-05,16.114990,5.048839,5.067734,-0.018895
2025-09-06,16.117728,5.045538,5.067453,-0.021915
2025-09-07,16.120465,5.046758,5.067163,-0.020406
2025-09-08,16.123203,5.049777,5.066863,-0.017086
2025-09-09,16.125941,5.050143,5.066553,-0.016410
2025-09-10,16.128679,5.053141,5.066233,-0.013092
2025-09-11,16.131417,5.058438,5.065903,-0.007465
2025-09-12,16.134155,5.063224,5.065563,-0.002339
2025-09-13,16.136893,5.064455,5.065213,-0.000757
2025-09-14,16.139630,5.064304,5.064852,-0.000548
2025-09-15,16.142368,5.063277,5.064482,-0.001205
2025-09-16,16.145106,5.065244,5.064101,0.001143
2025-09-17,16.147844,5.067303,5.063709,0.003594
2025-09-18,16.150582,5.070260,5.063308,0.006952
2025-09-19,16.153320,5.067362,5.062896,0.004466
2025-09-20,16.156057,5.065401,5.062473,0.002928
2025-09-21,16.158795,5.064751,5.062040,0.002711
2025-09-22,16.161533,5.055600,5.061597,-0.005997
2025-09-23,16.164271,5.053010,5.061142,-0.008132
2025-09-24,16.167009,5.054301,5.060678,-0.006377
2025-09-25,16.169747,5.047900,5.060202,-0.012302
2025-09-26,16.172485,5.040805,5.059716,-0.018911
2025-09-27,16.175222,5.041373,5.059218,-0.017846
2025-09-28,16.177960,5.043066,5.058710,-0.015644
2025-09-29,16.180698,5.054090,5.058191,-0.004101
2025-09-30,16.183436,5.057186,5.057661,-0.000475
2025-10-01,16.186174,5.066025,5.057120,0.008905
2025-10-02,16.188912,5.077646,5.056568,0.021078
2025-10-03,16.191650,5.083740,5.056004,0.027735
2025-10-04,16.194387,5.087869,5.055430,0.032439
2025-10-05,16.197125,5.092546,5.054844,0.037701
2025-10-06,16.199863,5.095663,5.054247,0.041416
2025-10-07,16.202601,5.091935,5.053639,0.038296
2025-10-08,16.205339,5.089274,5.053019,0.036255
2025-10-09,16.208077,5.086925,5.052388,0.034537
2025-10-10,16.210815,5.078719,5.051745,0.026974
2025-10-11,16.213552,5.050185,5.051090,-0.000905
2025-10-12,16.216290,5.052625,5.050424,0.002200
2025-10-13,16.219028,5.062414,5.049747,0.012667
2025-10-14,16.221766,5.053340,5.049057,0.004283
2025-10-15,16.224504,5.050753,5.048356,0.002397
2025-10-16,16.227242,5.043985,5.047643,-0.003658
2025-10-17,16.229979,5.030842,5.046918,-0.016076
2025-10-18,16.232717,5.031027,5.046181,-0.015155
2025-10-19,16.235455,5.034947,5.045433,-0.010485
2025-10-20,16.238193,5.045658,5.044672,0.000986
2025-10-21,16.240931,5.042278,5.043899,-0.001621
2025-10-22,16.243669,5.035925,5.043114,-0.007189
2025-10-23,16.246407,5.041114,5.042316,-0.001202
2025-10-24,16.249144,5.046277,5.041507,0.004770
2025-10-25,16.251882,5.048715,5.040685,0.008030
2025-10-26,16.254620,5.053402,5.039850,0.013552
2025-10-27,16.257358,5.062225,5.039004,0.023222
2025-10-28,16.260096,5.059332,5.038144,0.021187
2025-10-29,16.262834,5.052450,5.037272,0.015177
2025-10-30,16.265572,5.039924,5.036388,0.003536
2025-10-31,16.268309,5.042016,5.035491,0.006525
2025-11-01,16.271047,5.043843,5.034581,0.009261
2025-11-02,16.273785,5.044863,5.033659,0.011205
2025-11-03,16.276523,5.034229,5.032723,0.001506
2025-11-04,16.279261,5.018830,5.031775,-0.012945
2025-11-05,16.281999,5.013603,5.030813,-0.017210
2025-11-06,16.284736,5.014437,5.029839,-0.015402
2025-11-07,16.287474,5.009801,5.028852,-0.019051
2025-11-08,16.290212,5.011758,5.027851,-0.016093
2025-11-09,16.292950,5.013983,5.026838,-0.012855
2025-11-10,16.295688,5.026362,5.025811,0.000551
2025-11-11,16.298426,5.021999,5.024771,-0.002772
2025-11-12,16.301164,5.015841,5.023717,-0.007876
2025-11-13,16.303901,5.009390,5.022650,-0.013260
2025-11-14,16.306639,4.990254,5.021570,-0.031316
2025-11-15,16.309377,4.985776,5.020476,-0.034700
2025-11-16,16.312115,4.983391,5.019368,-0.035978
2025-11-17,16.314853,4.979917,5.018247,-0.038330
2025-11-18,16.317591,4.969667,5.017112,-0.047445
2025-11-19,16.320329,4.966680,5.015964,-0.049283
2025-11-20,16.323066,4.961646,5.014801,-0.053155
2025-11-21,16.325804,4.933730,5.013625,-0.079895
2025-11-22,16.328542,4.932330,5.012434,-0.080104
2025-11-23,16.331280,4.941798,5.011230,-0.069432
2025-11-24,16.334018,4.944833,5.010012,-0.065179
2025-11-25,16.336756,4.946491,5.008779,-0.062288
2025-11-26,16.339493,4.949626,5.007533,-0.057907
2025-11-27,16.342231,4.964305,5.006272,-0.041966
2025-11-28,16.344969,4.965913,5.004996,-0.039083
2025-11-29,16.347707,4.963909,5.003707,-0.039798
2025-11-30,16.350445,4.965340,5.002403,-0.037063
2025-12-01,16.353183,4.941681,5.001084,-0.059403
2025-12-02,16.355921,4.953072,4.999751,-0.046679
2025-12-03,16.358658,4.971106,4.998403,-0.027298
2025-12-04,16.361396,4.971834,4.997041,-0.025207
2025-12-05,16.364134,4.963561,4.995664,-0.032103
2025-12-06,16.366872,4.956532,4.994272,-0.037740
2025-12-07,16.369610,4.957613,4.992865,-0.035252
2025-12-08,16.372348,4.961834,4.991444,-0.029609
2025-12-09,16.375086,4.962881,4.990007,-0.027126
2025-12-10,16.377823,4.967952,4.988555,-0.020603
2025-12-11,16.380561,4.959590,4.987088,-0.027498
2025-12-12,16.383299,4.963923,4.985606,-0.021683
2025-12-13,16.386037,4.957982,4.984109,-0.026127
2025-12-14,16.388775,4.954248,4.982596,-0.028349
2025-12-15,16.391513,4.947842,4.981068,-0.033226
2025-12-16,16.394251,4.940902,4.979525,-0.038623
2025-12-17,16.396988,4.941158,4.977966,-0.036808
2025-12-18,16.399726,4.939995,4.976392,-0.036396
2025-12-19,16.402464,4.943825,4.974802,-0.030977
2025-12-20,16.405202,4.947282,4.973196,-0.025913
2025-12-21,16.407940,4.947555,4.971574,-0.024020
2025-12-22,16.410678,4.951747,4.969937,-0.018190
2025-12-23,16.413415,4.945179,4.968284,-0.023104
2025-12-24,16.416153,4.942225,4.966615,-0.024389
2025-12-25,16.418891,4.944529,4.964929,-0.020401
2025-12-26,16.421629,4.946211,4.963228,-0.017017
2025-12-27,16.424367,4.943115,4.961511,-0.018396
2025-12-28,16.427105,4.944299,4.959777,-0.015479
2025-12-29,16.429843,4.946833,4.958027,-0.011194
2025-12-30,16.432580,4.945093,4.956261,-0.011168
2025-12-31,16.435318,4.946985,4.954478,-0.007494
2026-01-01,16.438056,4.945231,4.952679,-0.007448
2026-01-02,16.440794,4.952231,4.950864,0.001368
2026-01-03,16.443532,4.955569,4.949031,0.006538
2026-01-04,16.446270,4.961567,4.947182,0.014385
2026-01-05,16.449008,4.970572,4.945317,0.025256
2026-01-06,16.451745,4.971349,4.943434,0.027915
2026-01-07,16.454483,4.964910,4.941535,0.023376
2026-01-08,16.457221,4.958771,4.939618,0.019153
2026-01-09,16.459959,4.958973,4.937685,0.021288
2026-01-10,16.462697,4.958236,4.935734,0.022501
2026-01-11,16.465435,4.958462,4.933767,0.024695
2026-01-12,16.468172,4.961777,4.931782,0.029995
2026-01-13,16.470910,4.967615,4.929780,0.037835
2026-01-14,16.473648,4.982982,4.927760,0.055221
2026-01-15,16.476386,4.984894,4.925724,0.059171
2026-01-16,16.479124,4.980860,4.923669,0.057191
2026-01-17,16.481862,4.980354,4.921597,0.058757
2026-01-18,16.484600,4.979642,4.919508,0.060134
2026-01-19,16.487337,4.968791,4.917400,0.051390
2026-01-20,16.490075,4.959129,4.915275,0.043854
2026-01-21,16.492813,4.951837,4.913132,0.038704
2026-01-22,16.495551,4.953785,4.910971,0.042814
2026-01-23,16.498289,4.953090,4.908793,0.044297
2026-01-24,16.501027,4.952208,4.906596,0.045613
2026-01-25,16.503765,4.945908,4.904381,0.041528
2026-01-26,16.506502,4.943943,4.902147,0.041795
2026-01-27,16.509240,4.946763,4.899896,0.046867
2026-01-28,16.511978,4.951604,4.897626,0.053978
2026-01-29,16.514716,4.938864,4.895338,0.043526
2026-01-30,16.517454,4.919823,4.893031,0.026792
2026-01-31,16.520192,4.912943,4.890706,0.022238
2026-02-01,16.522930,4.892163,4.888362,0.003801
2026-02-02,16.525667,4.890380,4.885999,0.004381
2026-02-03,16.528405,4.889527,4.883618,0.005909
2026-02-04,16.531143,4.875922,4.881218,-0.005296
2026-02-05,16.533881,4.839025,4.878798,-0.039773
2026-02-06,16.536619,4.827341,4.876360,-0.049019
2026-02-07,16.539357,4.841654,4.873903,-0.032250
2026-02-08,16.542094,4.847434,4.871427,-0.023993
2026-02-09,16.544832,4.847197,4.868931,-0.021734
2026-02-10,16.547570,4.836710,4.866416,-0.029706
2026-02-11,16.550308,4.828601,4.863882,-0.035281
2026-02-12,16.553046,4.821160,4.861328,-0.040168
2026-02-13,16.555784,4.838414,4.858755,-0.020342
2026-02-14,16.558522,4.844632,4.856162,-0.011530
2026-02-15,16.561259,4.838366,4.853550,-0.015184
2026-02-16,16.563997,4.836256,4.850918,-0.014662
2026-02-17,16.566735,4.829375,4.848266,-0.018891
2026-02-18,16.569473,4.822136,4.845594,-0.023459
2026-02-19,16.572211,4.825524,4.842902,-0.017378
2026-02-20,16.574949,4.832777,4.840190,-0.007413
2026-02-21,16.577687,4.832197,4.837458,-0.005262
2026-02-22,16.580424,4.830294,4.834706,-0.004413
2026-02-23,16.583162,4.811035,4.831934,-0.020899
2026-02-24,16.585900,4.806953,4.829141,-0.022189
2026-02-25,16.588638,4.835321,4.826328,0.008993
2026-02-26,16.591376,4.829688,4.823494,0.006194
2026-02-27,16.594114,4.816989,4.820640,-0.003652
2026-02-28,16.596851,4.827277,4.817765,0.009512
2026-03-01,16.599589,4.814426,4.814870,-0.000443
2026-03-02,16.602327,4.841287,4.811953,0.029333
2026-03-03,16.605065,4.834201,4.809016,0.025185
2026-03-04,16.607803,4.861653,4.806058,0.055595
2026-03-05,16.610541,4.852683,4.803078,0.049604
2026-03-06,16.613279,4.835141,4.800078,0.035063
2026-03-07,16.616016,4.827687,4.797056,0.030630
2026-03-08,16.618754,4.821144,4.794014,0.027130
2026-03-09,16.621492,4.836615,4.790949,0.045666
2026-03-10,16.624230,4.843279,4.787864,0.055415
2026-03-11,16.626968,4.847570,4.784757,0.062813
2026-03-12,16.629706,4.846144,4.781628,0.064516
2026-03-13,16.632444,4.849997,4.778477,0.071520
2026-03-14,16.635181,4.849565,4.775305,0.074260
2026-03-15,16.637919,4.862032,4.772111,0.089920
2026-03-16,16.640657,4.873422,4.768895,0.104526
2026-03-17,16.643395,4.871065,4.765657,0.105408
2026-03-18,16.646133,4.852093,4.762398,0.089695
2026-03-19,16.648871,4.846012,4.759115,0.086897
2026-03-20,16.651608,4.849917,4.755811,0.094106
2026-03-21,16.654346,4.846908,4.752484,0.094423
2026-03-22,16.657084,4.834401,4.749135,0.085265
2026-03-23,16.659822,4.849752,4.745764,0.103988
2026-03-24,16.662560,4.847126,4.742370,0.104756
2026-03-25,16.665298,4.853352,4.738953,0.114399
2026-03-26,16.668036,4.837754,4.735513,0.102241
2026-03-27,16.670773,4.819425,4.732051,0.087374
