date,years,excess,fit,residual
2010-07-26,1.002053,0.276323,0.578485,-0.302162
2010-07-27,1.004791,0.315149,0.579161,-0.264012
2010-07-28,1.007529,0.303992,0.579831,-0.275839
2010-07-29,1.010267,0.325445,0.580495,-0.255051
2010-07-30,1.013005,0.345279,0.581154,-0.235875
2010-07-31,1.015743,0.317580,0.581806,-0.264226
2010-08-01,1.018480,0.301491,0.582453,-0.280962
2010-08-02,1.021218,0.301592,0.583094,-0.281503
2010-08-03,1.023956,0.294410,0.583730,-0.289320
2010-08-04,1.026694,0.284264,0.584359,-0.300095
2010-08-05,1.029432,0.273498,0.584982,-0.311484
2010-08-06,1.032170,0.281307,0.585600,-0.304293
2010-08-07,1.034908,0.265214,0.586212,-0.320998
2010-08-08,1.037645,0.256204,0.586817,-0.330614
2010-08-09,1.040383,0.283963,0.587417,-0.303454
2010-08-10,1.043121,0.306183,0.588011,-0.281828
2010-08-11,1.045859,0.298874,0.588599,-0.289725
2010-08-12,1.048597,0.281971,0.589181,-0.307211
2010-08-13,1.051335,0.264601,0.589757,-0.325156
2010-08-14,1.054073,0.265159,0.590327,-0.325168
2010-08-15,1.056810,0.254009,0.590891,-0.336882
2010-08-16,1.059548,0.245009,0.591449,-0.346440
2010-08-17,1.062286,0.249150,0.592001,-0.342851
2010-08-18,1.065024,0.260214,0.592547,-0.332332
2010-08-19,1.067762,0.242071,0.593087,-0.351016
2010-08-20,1.070500,0.226819,0.593620,-0.366802
2010-08-21,1.073238,0.218457,0.594148,-0.375691
2010-08-22,1.075975,0.199242,0.594669,-0.395427
2010-08-23,1.078713,0.203339,0.595185,-0.391846
2010-08-24,1.081451,0.202656,0.595694,-0.393038
2010-08-25,1.084189,0.194553,0.596197,-0.401644
2010-08-26,1.086927,0.184551,0.596694,-0.412144
2010-08-27,1.089665,0.177080,0.597185,-0.420106
2010-08-28,1.092402,0.173726,0.597670,-0.423944
2010-08-29,1.095140,0.165991,0.598148,-0.432157
2010-08-30,1.097878,0.151148,0.598621,-0.447473
2010-08-31,1.100616,0.145303,0.599087,-0.453784
2010-09-01,1.103354,0.125300,0.599547,-0.474247
2010-09-02,1.106092,0.120912,0.600001,-0.479089
2010-09-03,1.108830,0.120190,0.600448,-0.480258
2010-09-04,1.111567,0.112637,0.600889,-0.488253
2010-09-05,1.114305,0.111057,0.601324,-0.490267
2010-09-06,1.117043,0.104057,0.601753,-0.497696
2010-09-07,1.119781,0.095476,0.602176,-0.506699
2010-09-08,1.122519,0.088694,0.602592,-0.513897
2010-09-09,1.125257,0.085451,0.603002,-0.517551
2010-09-10,1.127995,0.075368,0.603405,-0.528037
2010-09-11,1.130732,0.083336,0.603803,-0.520466
2010-09-12,1.133470,0.071163,0.604193,-0.533030
2010-09-13,1.136208,0.066174,0.604578,-0.538404
2010-09-14,1.138946,0.078084,0.604956,-0.526872
2010-09-15,1.141684,0.050936,0.605328,-0.554393
2010-09-16,1.144422,0.050516,0.605694,-0.555178
2010-09-17,1.147159,0.035881,0.606053,-0.570173
2010-09-18,1.149897,0.029138,0.606406,-0.577268
2010-09-19,1.152635,0.035001,0.606753,-0.571752
2010-09-20,1.155373,0.033832,0.607093,-0.573261
2010-09-21,1.158111,0.030962,0.607427,-0.576465
2010-09-22,1.160849,0.020723,0.607754,-0.587031
2010-09-23,1.163587,0.016453,0.608075,-0.591622
2010-09-24,1.166324,0.010825,0.608389,-0.597564
2010-09-25,1.169062,0.004280,0.608697,-0.604418
2010-09-26,1.171800,-0.000503,0.608999,-0.609502
2010-09-27,1.174538,-0.005572,0.609294,-0.614866
2010-09-28,1.177276,-0.011810,0.609583,-0.621393
2010-09-29,1.180014,-0.017717,0.609865,-0.627583
2010-09-30,1.182752,-0.023555,0.610141,-0.633696
2010-10-01,1.185489,-0.027254,0.610411,-0.637664
2010-10-02,1.188227,-0.035865,0.610674,-0.646539
2010-10-03,1.190965,-0.042328,0.610930,-0.653258
2010-10-04,1.193703,-0.048135,0.611180,-0.659316
2010-10-05,1.196441,-0.050704,0.611424,-0.662128
2010-10-06,1.199179,-0.047071,0.611661,-0.658732
2010-10-07,1.201916,-0.044306,0.611891,-0.656197
2010-10-08,1.204654,0.029280,0.612115,-0.582835
2010-10-09,1.207392,0.068829,0.612333,-0.543504
2010-10-10,1.210130,0.119719,0.612544,-0.492825
2010-10-11,1.212868,0.108789,0.612749,-0.503960
2010-10-12,1.215606,0.087080,0.612947,-0.525866
2010-10-13,1.218344,0.101025,0.613138,-0.512113
2010-10-14,1.221081,0.114591,0.613323,-0.498732
2010-10-15,1.223819,0.116723,0.613501,-0.496779
2010-10-16,1.226557,0.111843,0.613673,-0.501830
2010-10-17,1.229295,0.110909,0.613839,-0.502930
2010-10-18,1.232033,0.102225,0.613997,-0.511773
2010-10-19,1.234771,0.090195,0.614150,-0.523955
2010-10-20,1.237509,0.074806,0.614295,-0.539489
2010-10-21,1.240246,0.085489,0.614435,-0.528946
2010-10-22,1.242984,0.095722,0.614567,-0.518845
2010-10-23,1.245722,0.104897,0.614693,-0.509796
2010-10-24,1.248460,0.154877,0.614813,-0.459936
2010-10-25,1.251198,0.173780,0.614926,-0.441146
2010-10-26,1.253936,0.247708,0.615032,-0.367324
2010-10-27,1.256674,0.293468,0.615132,-0.321664
2010-10-28,1.259411,0.312396,0.615225,-0.302829
2010-10-29,1.262149,0.306655,0.615312,-0.308657
2010-10-30,1.264887,0.315893,0.615392,-0.299499
2010-10-31,1.267625,0.320483,0.615465,-0.294983
2010-11-01,1.270363,0.307537,0.615532,-0.307995
2010-11-02,1.273101,0.307113,0.615593,-0.308480
2010-11-03,1.275838,0.277616,0.615646,-0.338030
2010-11-04,1.278576,0.332622,0.615694,-0.283072
2010-11-05,1.281314,0.379538,0.615734,-0.236196
2010-11-06,1.284052,0.439842,0.615768,-0.175926
2010-11-07,1.286790,0.555587,0.615796,-0.060209
2010-11-08,1.289528,0.497220,0.615817,-0.118597
2010-11-09,1.292266,0.402200,0.615831,-0.213631
2010-11-10,1.295003,0.284627,0.615839,-0.331212
2010-11-11,1.297741,0.334002,0.615840,-0.281838
2010-11-12,1.300479,0.365918,0.615834,-0.249916
2010-11-13,1.303217,0.415250,0.615822,-0.200572
2010-11-14,1.305955,0.411217,0.615804,-0.204586
2010-11-15,1.308693,0.404500,0.615778,-0.211279
2010-11-16,1.311431,0.359611,0.615747,-0.256135
2010-11-17,1.314168,0.349679,0.615708,-0.266029
2010-11-18,1.316906,0.349374,0.615663,-0.266289
2010-11-19,1.319644,0.376365,0.615612,-0.239246
2010-11-20,1.322382,0.380921,0.615554,-0.234633
2010-11-21,1.325120,0.375977,0.615489,-0.239512
2010-11-22,1.327858,0.373618,0.615418,-0.241800
2010-11-23,1.330595,0.373841,0.615340,-0.241499
2010-11-24,1.333333,0.367718,0.615256,-0.247537
2010-11-25,1.336071,0.362816,0.615165,-0.252348
2010-11-26,1.338809,0.359594,0.615067,-0.255473
2010-11-27,1.341547,0.357280,0.614963,-0.257683
2010-11-28,1.344285,0.345915,0.614852,-0.268938
2010-11-29,1.347023,0.306370,0.614735,-0.308365
2010-11-30,1.349760,0.225547,0.614611,-0.389064
2010-12-01,1.352498,0.226730,0.614481,-0.387751
2010-12-02,1.355236,0.256240,0.614344,-0.358105
2010-12-03,1.357974,0.272020,0.614201,-0.342180
2010-12-04,1.360712,0.255160,0.614051,-0.358891
2010-12-05,1.363450,0.195560,0.613895,-0.418334
2010-12-06,1.366188,0.163574,0.613732,-0.450158
2010-12-07,1.368925,0.180773,0.613562,-0.432789
2010-12-08,1.371663,0.219355,0.613386,-0.394031
2010-12-09,1.374401,0.164245,0.613203,-0.448958
2010-12-10,1.377139,0.134283,0.613014,-0.478732
2010-12-11,1.379877,0.185367,0.612819,-0.427451
2010-12-12,1.382615,0.174740,0.612617,-0.437877
2010-12-13,1.385352,0.177177,0.612408,-0.435231
2010-12-14,1.388090,0.188360,0.612193,-0.423833
2010-12-15,1.390828,0.208408,0.611971,-0.403564
2010-12-16,1.393566,0.199981,0.611743,-0.411762
2010-12-17,1.396304,0.206921,0.611509,-0.404588
2010-12-18,1.399042,0.204430,0.611268,-0.406838
2010-12-19,1.401780,0.196776,0.611020,-0.414244
2010-12-20,1.404517,0.210482,0.610766,-0.400285
2010-12-21,1.407255,0.210955,0.610506,-0.399551
2010-12-22,1.409993,0.189749,0.610239,-0.420490
2010-12-23,1.412731,0.185485,0.609966,-0.424481
2010-12-24,1.415469,0.182341,0.609686,-0.427345
2010-12-25,1.418207,0.178022,0.609400,-0.431378
2010-12-26,1.420945,0.184582,0.609107,-0.424525
2010-12-27,1.423682,0.184179,0.608808,-0.424630
2010-12-28,1.426420,0.200276,0.608503,-0.408226
2010-12-29,1.429158,0.226763,0.608191,-0.381428
2010-12-30,1.431896,0.230596,0.607873,-0.377277
2010-12-31,1.434634,0.228942,0.607548,-0.378606
2011-01-01,1.437372,0.224371,0.607217,-0.382846
2011-01-02,1.440110,0.220205,0.606880,-0.386675
2011-01-03,1.442847,0.211084,0.606536,-0.395452
2011-01-04,1.445585,0.208918,0.606186,-0.397268
2011-01-05,1.448323,0.205788,0.605830,-0.400042
2011-01-06,1.451061,0.203709,0.605467,-0.401758
2011-01-07,1.453799,0.222555,0.605098,-0.382542
2011-01-08,1.456537,0.221149,0.604723,-0.383574
2011-01-09,1.459274,0.227386,0.604341,-0.376955
2011-01-10,1.462012,0.227114,0.603953,-0.376839
2011-01-11,1.464750,0.223070,0.603558,-0.380489
2011-01-12,1.467488,0.227719,0.603158,-0.375438
2011-01-13,1.470226,0.266863,0.602751,-0.335888
2011-01-14,1.472964,0.270671,0.602338,-0.331667
2011-01-15,1.475702,0.286475,0.601919,-0.315443
2011-01-16,1.478439,0.284355,0.601493,-0.317138
2011-01-17,1.481177,0.263809,0.601061,-0.337252
2011-01-18,1.483915,0.205002,0.600623,-0.395621
2011-01-19,1.486653,0.170014,0.600179,-0.430165
2011-01-20,1.489391,0.206324,0.599728,-0.393404
2011-01-21,1.492129,0.262089,0.599271,-0.337183
2011-01-22,1.494867,0.288327,0.598809,-0.310482
2011-01-23,1.497604,0.301106,0.598340,-0.297233
2011-01-24,1.500342,0.269479,0.597864,-0.328385
2011-01-25,1.503080,0.271840,0.597383,-0.325543
2011-01-26,1.505818,0.261115,0.596895,-0.335781
2011-01-27,1.508556,0.262203,0.596402,-0.334199
2011-01-28,1.511294,0.275505,0.595902,-0.320397
2011-01-29,1.514031,0.280757,0.595396,-0.314639
2011-01-30,1.516769,0.297974,0.594884,-0.296910
2011-01-31,1.519507,0.329071,0.594366,-0.265295
2011-02-01,1.522245,0.454422,0.593842,-0.139420
2011-02-02,1.524983,0.481502,0.593312,-0.111811
2011-02-03,1.527721,0.469653,0.592776,-0.123123
2011-02-04,1.530459,0.499996,0.592234,-0.092238
2011-02-05,1.533196,0.550902,0.591686,-0.040783
2011-02-06,1.535934,0.556209,0.591131,-0.034923
2011-02-07,1.538672,0.541215,0.590571,-0.049357
2011-02-08,1.541410,0.547695,0.590005,-0.042311
2011-02-09,1.544148,0.560874,0.589433,-0.028559
2011-02-10,1.546886,0.602760,0.588855,0.013905
2011-02-11,1.549624,0.576391,0.588271,-0.011880
2011-02-12,1.552361,0.597540,0.587681,0.009859
2011-02-13,1.555099,0.595774,0.587085,0.008689
2011-02-14,1.557837,0.597775,0.586483,0.011292
2011-02-15,1.560575,0.590230,0.585876,0.004354
2011-02-16,1.563313,0.582016,0.585262,-0.003246
2011-02-17,1.566051,0.580664,0.584643,-0.003979
2011-02-18,1.568789,0.556802,0.584018,-0.027216
2011-02-19,1.571526,0.522777,0.583387,-0.060609
2011-02-20,1.574264,0.488214,0.582750,-0.094536
2011-02-21,1.577002,0.475345,0.582107,-0.106762
2011-02-22,1.579740,0.477775,0.581459,-0.103684
2011-02-23,1.582478,0.495228,0.580805,-0.085577
2011-02-24,1.585216,0.510005,0.580145,-0.070140
2011-02-25,1.587953,0.515817,0.579479,-0.063662
2011-02-26,1.590691,0.500649,0.578808,-0.078159
2011-02-27,1.593429,0.495054,0.578131,-0.083077
2011-02-28,1.596167,0.470240,0.577448,-0.107209
2011-03-01,1.598905,0.478988,0.576760,-0.097772
2011-03-02,1.601643,0.476717,0.576066,-0.099349
2011-03-03,1.604381,0.475965,0.575366,-0.099402
2011-03-04,1.607118,0.464788,0.574661,-0.109873
2011-03-05,1.609856,0.456984,0.573950,-0.116966
2011-03-06,1.612594,0.424113,0.573234,-0.149121
2011-03-07,1.615332,0.433854,0.572512,-0.138658
2011-03-08,1.618070,0.429040,0.571784,-0.142745
2011-03-09,1.620808,0.418912,0.571051,-0.152139
2011-03-10,1.623546,0.418583,0.570312,-0.151729
2011-03-11,1.626283,0.428939,0.569568,-0.140630
2011-03-12,1.629021,0.427214,0.568819,-0.141605
2011-03-13,1.631759,0.424800,0.568064,-0.143263
2011-03-14,1.634497,0.415359,0.567303,-0.151944
2011-03-15,1.637235,0.408176,0.566537,-0.158362
2011-03-16,1.639973,0.393488,0.565766,-0.172278
2011-03-17,1.642710,0.378957,0.564989,-0.186032
2011-03-18,1.645448,0.359159,0.564207,-0.205048
2011-03-19,1.648186,0.329250,0.563420,-0.234169
2011-03-20,1.650924,0.330637,0.562627,-0.231989
2011-03-21,1.653662,0.316824,0.561829,-0.245005
2011-03-22,1.656400,0.327713,0.561025,-0.233312
2011-03-23,1.659138,0.352927,0.560217,-0.207289
2011-03-24,1.661875,0.360653,0.559403,-0.198750
2011-03-25,1.664613,0.368325,0.558584,-0.190258
2011-03-26,1.667351,0.360244,0.557759,-0.197515
2011-03-27,1.670089,0.345258,0.556929,-0.211672
2011-03-28,1.672827,0.321408,0.556095,-0.234687
2011-03-29,1.675565,0.307643,0.555255,-0.247612
2011-03-30,1.678303,0.302941,0.554410,-0.251469
2011-03-31,1.681040,0.300603,0.553559,-0.252956
2011-04-01,1.683778,0.292948,0.552704,-0.259756
2011-04-02,1.686516,0.292396,0.551844,-0.259447
2011-04-03,1.689254,0.285904,0.550978,-0.265074
2011-04-04,1.691992,0.230493,0.550108,-0.319615
2011-04-05,1.694730,0.203564,0.549232,-0.345668
2011-04-06,1.697467,0.236939,0.548352,-0.311412
2011-04-07,1.700205,0.255485,0.547466,-0.291981
2011-04-08,1.702943,0.258442,0.546576,-0.288133
2011-04-09,1.705681,0.245024,0.545680,-0.300656
2011-04-10,1.708419,0.237641,0.544780,-0.307139
2011-04-11,1.711157,0.244786,0.543874,-0.299089
2011-04-12,1.713895,0.284655,0.542964,-0.258309
2011-04-13,1.716632,0.320006,0.542049,-0.222043
2011-04-14,1.719370,0.323821,0.541130,-0.217309
2011-04-15,1.722108,0.355283,0.540205,-0.184922
2011-04-16,1.724846,0.359072,0.539275,-0.180204
2011-04-17,1.727584,0.363177,0.538341,-0.175165
2011-04-18,1.730322,0.398515,0.537402,-0.138887
2011-04-19,1.733060,0.405497,0.536459,-0.130962
2011-04-20,1.735797,0.398431,0.535510,-0.137080
2011-04-21,1.738535,0.395296,0.534557,-0.139262
2011-04-22,1.741273,0.429828,0.533600,-0.103771
2011-04-23,1.744011,0.488116,0.532637,-0.044522
2011-04-24,1.746749,0.543531,0.531670,0.011860
2011-04-25,1.749487,0.516613,0.530699,-0.014085
2011-04-26,1.752225,0.524638,0.529723,-0.005085
2011-04-27,1.754962,0.575776,0.528742,0.047034
2011-04-28,1.757700,0.604998,0.527757,0.077241
2011-04-29,1.760438,0.695978,0.526767,0.169211
2011-04-30,1.763176,0.794127,0.525773,0.268354
2011-05-01,1.765914,0.815904,0.524774,0.291129
2011-05-02,1.768652,0.793871,0.523771,0.270099
2011-05-03,1.771389,0.803420,0.522764,0.280656
2011-05-04,1.774127,0.814432,0.521752,0.292680
2011-05-05,1.776865,0.812794,0.520736,0.292058
2011-05-06,1.779603,0.817505,0.519715,0.297790
2011-05-07,1.782341,0.824693,0.518691,0.306002
2011-05-08,1.785079,0.844290,0.517662,0.326629
2011-05-09,1.787817,0.847191,0.516628,0.330563
2011-05-10,1.790554,0.931240,0.515591,0.415650
2011-05-11,1.793292,1.007114,0.514549,0.492565
2011-05-12,1.796030,1.006944,0.513503,0.493441
2011-05-13,1.798768,1.125205,0.512453,0.612752
2011-05-14,1.801506,1.165183,0.511398,0.653785
2011-05-15,1.804244,1.070661,0.510340,0.560322
2011-05-16,1.806982,1.128177,0.509277,0.618900
2011-05-17,1.809719,1.120841,0.508211,0.612630
2011-05-18,1.812457,1.089885,0.507140,0.582745
2011-05-19,1.815195,1.075605,0.506066,0.569539
2011-05-20,1.817933,1.050341,0.504987,0.545354
2011-05-21,1.820671,0.994977,0.503904,0.491072
2011-05-22,1.823409,1.025860,0.502818,0.523042
2011-05-23,1.826146,1.068374,0.501727,0.566647
2011-05-24,1.828884,1.065913,0.500633,0.565280
2011-05-25,1.831622,1.082018,0.499535,0.582483
2011-05-26,1.834360,1.139000,0.498433,0.640567
2011-05-27,1.837098,1.144660,0.497327,0.647333
2011-05-28,1.839836,1.129532,0.496217,0.633315
2011-05-29,1.842574,1.117087,0.495104,0.621983
2011-05-30,1.845311,1.129353,0.493987,0.635366
2011-05-31,1.848049,1.141086,0.492866,0.648220
2011-06-01,1.850787,1.144882,0.491741,0.653140
2011-06-02,1.853525,1.187510,0.490613,0.696896
2011-06-03,1.856263,1.286167,0.489482,0.796685
2011-06-04,1.859001,1.389739,0.488346,0.901393
2011-06-05,1.861739,1.417831,0.487207,0.930623
2011-06-06,1.864476,1.434261,0.486065,0.948196
2011-06-07,1.867214,1.448973,0.484919,0.964054
2011-06-08,1.869952,1.602165,0.483769,1.118396
2011-06-09,1.872690,1.633441,0.482616,1.150825
2011-06-10,1.875428,1.583629,0.481460,1.102169
2011-06-11,1.878166,1.455091,0.480300,0.974791
2011-06-12,1.880903,1.374129,0.479137,0.894992
2011-06-13,1.883641,1.469430,0.477970,0.991461
2011-06-14,1.886379,1.430060,0.476800,0.953260
2011-06-15,1.889117,1.439261,0.475627,0.963634
2011-06-16,1.891855,1.425236,0.474450,0.950786
2011-06-17,1.894593,1.334391,0.473271,0.861120
2011-06-18,1.897331,1.334351,0.472088,0.862263
2011-06-19,1.900068,1.378253,0.470901,0.907352
2011-06-20,1.902806,1.273712,0.469712,0.804000
2011-06-21,1.905544,1.303361,0.468520,0.834842
2011-06-22,1.908282,1.330704,0.467324,0.863380
2011-06-23,1.911020,1.360788,0.466125,0.894662
2011-06-24,1.913758,1.357849,0.464924,0.892926
2011-06-25,1.916496,1.354668,0.463719,0.890949
2011-06-26,1.919233,1.351739,0.462511,0.889228
2011-06-27,1.921971,1.335984,0.461300,0.874684
2011-06-28,1.924709,1.319595,0.460087,0.859509
2011-06-29,1.927447,1.303068,0.458870,0.844198
2011-06-30,1.930185,1.286120,0.457651,0.828470
2011-07-01,1.932923,1.268725,0.456428,0.812297
2011-07-02,1.935661,1.250852,0.455203,0.795648
2011-07-03,1.938398,1.235557,0.453975,0.781582
2011-07-04,1.941136,1.203770,0.452744,0.751026
2011-07-05,1.943874,1.187990,0.451511,0.736479
2011-07-06,1.946612,1.245621,0.450275,0.795346
2011-07-07,1.949350,1.226345,0.449036,0.777308
2011-07-08,1.952088,1.228878,0.447795,0.781084
2011-07-09,1.954825,1.228774,0.446550,0.782224
2011-07-10,1.957563,1.241157,0.445304,0.795853
2011-07-11,1.960301,1.207975,0.444054,0.763921
2011-07-12,1.963039,1.202019,0.442803,0.759217
2011-07-13,1.965777,1.198761,0.441548,0.757213
2011-07-14,1.968515,1.198936,0.440291,0.758645
2011-07-15,1.971253,1.204760,0.439032,0.765728
2011-07-16,1.973990,1.176176,0.437770,0.738405
2011-07-17,1.976728,1.171659,0.436506,0.735152
2011-07-18,1.979466,1.170260,0.435240,0.735020
2011-07-19,1.982204,1.171551,0.433971,0.737580
2011-07-20,1.984942,1.169985,0.432700,0.737285
2011-07-21,1.987680,1.171542,0.431427,0.740115
2011-07-22,1.990418,1.166804,0.430151,0.736653
2011-07-23,1.993155,1.159788,0.428873,0.730915
2011-07-24,1.995893,1.160992,0.427593,0.733399
2011-07-25,1.998631,1.167398,0.426311,0.741087
2011-07-26,2.001369,1.163993,0.425027,0.738966
2011-07-27,2.004107,1.157298,0.423740,0.733558
2011-07-28,2.006845,1.145672,0.422452,0.723220
2011-07-29,2.009582,1.138659,0.421162,0.717498
2011-07-30,2.012320,1.138698,0.419869,0.718829
2011-07-31,2.015058,1.128732,0.418575,0.710158
2011-08-01,2.017796,1.118679,0.417278,0.701400
2011-08-02,2.020534,1.096513,0.415980,0.680533
2011-08-03,2.023272,1.019197,0.414680,0.604517
2011-08-04,2.026010,1.018710,0.413378,0.605333
2011-08-05,2.028747,1.013159,0.412074,0.601085
2011-08-06,2.031485,0.931394,0.410768,0.520625
2011-08-07,2.034223,0.886160,0.409461,0.476700
2011-08-08,2.036961,0.879089,0.408152,0.470937
2011-08-09,2.039699,0.956264,0.406841,0.549423
2011-08-10,2.042437,0.973620,0.405529,0.568091
2011-08-11,2.045175,0.958292,0.404214,0.554078
2011-08-12,2.047912,0.936458,0.402899,0.533559
2011-08-13,2.050650,0.947715,0.401581,0.546134
2011-08-14,2.053388,0.975810,0.400263,0.575547
2011-08-15,2.056126,1.002006,0.398942,0.603064
2011-08-16,2.058864,0.995356,0.397620,0.597736
2011-08-17,2.061602,0.988091,0.396297,0.591794
2011-08-18,2.064339,0.984921,0.394972,0.589948
2011-08-19,2.067077,0.996996,0.393646,0.603350
2011-08-20,2.069815,1.000186,0.392319,0.607867
2011-08-21,2.072553,0.992871,0.390990,0.601881
2011-08-22,2.075291,0.980324,0.389660,0.590664
2011-08-23,2.078029,0.973859,0.388328,0.585531
2011-08-24,2.080767,0.967081,0.386996,0.580085
2011-08-25,2.083504,0.937259,0.385662,0.551597
2011-08-26,2.086242,0.924505,0.384327,0.540178
2011-08-27,2.088980,0.857737,0.382991,0.474746
2011-08-28,2.091718,0.862512,0.381654,0.480858
2011-08-29,2.094456,0.865036,0.380315,0.484721
2011-08-30,2.097194,0.856870,0.378976,0.477894
2011-08-31,2.099932,0.835508,0.377636,0.457872
2011-09-01,2.102669,0.820581,0.376294,0.444286
2011-09-02,2.105407,0.828766,0.374952,0.453813
2011-09-03,2.108145,0.830930,0.373609,0.457322
2011-09-04,2.110883,0.812597,0.372265,0.440332
2011-09-05,2.113621,0.778662,0.370920,0.407742
2011-09-06,2.116359,0.723815,0.369574,0.354241
2011-09-07,2.119097,0.737207,0.368227,0.368980
2011-09-08,2.121834,0.721892,0.366880,0.355012
2011-09-09,2.124572,0.608261,0.365532,0.242729
2011-09-10,2.127310,0.587557,0.364183,0.223374
2011-09-11,2.130048,0.638023,0.362834,0.275190
2011-09-12,2.132786,0.664562,0.361483,0.303079
2011-09-13,2.135524,0.649182,0.360133,0.289049
2011-09-14,2.138261,0.619032,0.358781,0.260251
2011-09-15,2.140999,0.579974,0.357430,0.222545
2011-09-16,2.143737,0.550200,0.356077,0.194123
2011-09-17,2.146475,0.550083,0.354724,0.195358
2011-09-18,2.149213,0.551435,0.353371,0.198064
2011-09-19,2.151951,0.559986,0.352017,0.207969
2011-09-20,2.154689,0.607663,0.350663,0.257000
2011-09-21,2.157426,0.603727,0.349309,0.254418
2011-09-22,2.160164,0.594319,0.347954,0.246365
2011-09-23,2.162902,0.593707,0.346599,0.247108
2011-09-24,2.165640,0.589809,0.345244,0.244566
2011-09-25,2.168378,0.595575,0.343888,0.251686
2011-09-26,2.171116,0.573674,0.342532,0.231142
2011-09-27,2.173854,0.521184,0.341176,0.180007
2011-09-28,2.176591,0.515044,0.339820,0.175224
2011-09-29,2.179329,0.505918,0.338464,0.167454
2011-09-30,2.182067,0.524413,0.337108,0.187305
2011-10-01,2.184805,0.518351,0.335752,0.182599
2011-10-02,2.187543,0.515118,0.334396,0.180723
2011-10-03,2.190281,0.504952,0.333039,0.171913
2011-10-04,2.193018,0.506724,0.331683,0.175041
2011-10-05,2.195756,0.512353,0.330327,0.182026
2011-10-06,2.198494,0.490209,0.328971,0.161238
2011-10-07,2.201232,0.461608,0.327615,0.133993
2011-10-08,2.203970,0.428228,0.326260,0.101969
2011-10-09,2.206708,0.402835,0.324904,0.077931
2011-10-10,2.209446,0.416385,0.323549,0.092836
2011-10-11,2.212183,0.418902,0.322194,0.096708
2011-10-12,2.214921,0.389001,0.320840,0.068162
2011-10-13,2.217659,0.392940,0.319485,0.073455
2011-10-14,2.220397,0.390700,0.318131,0.072569
2011-10-15,2.223135,0.375990,0.316778,0.059212
2011-10-16,2.225873,0.350226,0.315425,0.034801
2011-10-17,2.228611,0.319274,0.314072,0.005202
2011-10-18,2.231348,0.189541,0.312720,-0.123179
2011-10-19,2.234086,0.148188,0.311369,-0.163181
2011-10-20,2.236824,0.127186,0.310018,-0.182831
2011-10-21,2.239562,0.149933,0.308667,-0.158734
2011-10-22,2.242300,0.241211,0.307318,-0.066106
2011-10-23,2.245038,0.249740,0.305969,-0.056228
2011-10-24,2.247775,0.222894,0.304620,-0.081726
2011-10-25,2.250513,0.191169,0.303272,-0.112103
2011-10-26,2.253251,0.189838,0.301925,-0.112087
2011-10-27,2.255989,0.208012,0.300579,-0.092568
2011-10-28,2.258727,0.273136,0.299234,-0.026098
2011-10-29,2.261465,0.316541,0.297890,0.018652
2011-10-30,2.264203,0.280955,0.296546,-0.015591
2011-10-31,2.266940,0.246934,0.295203,-0.048269
2011-11-01,2.269678,0.242817,0.293861,-0.051044
2011-11-02,2.272416,0.242684,0.292521,-0.049836
2011-11-03,2.275154,0.240708,0.291181,-0.050472
2011-11-04,2.277892,0.239716,0.289842,-0.050126
2011-11-05,2.280630,0.210383,0.288504,-0.078121
2011-11-06,2.283368,0.192626,0.287168,-0.094542
2011-11-07,2.286105,0.195200,0.285832,-0.090632
2011-11-08,2.288843,0.210918,0.284498,-0.073580
2011-11-09,2.291581,0.203645,0.283165,-0.079520
2011-11-10,2.294319,0.200527,0.281833,-0.081306
2011-11-11,2.297057,0.201394,0.280502,-0.079109
2011-11-12,2.299795,0.207601,0.279173,-0.071572
2011-11-13,2.302533,0.200749,0.277845,-0.077096
2011-11-14,2.305270,0.123827,0.276518,-0.152691
2011-11-15,2.308008,0.110585,0.275193,-0.164608
2011-11-16,2.310746,0.105817,0.273869,-0.168052
2011-11-17,2.313484,0.100461,0.272547,-0.172086
2011-11-18,2.316222,0.060773,0.271226,-0.210453
2011-11-19,2.318960,0.050837,0.269906,-0.219069
2011-11-20,2.321697,0.037736,0.268588,-0.230852
2011-11-21,2.324435,0.057365,0.267272,-0.209906
2011-11-22,2.327173,0.054083,0.265957,-0.211873
2011-11-23,2.329911,0.030347,0.264644,-0.234297
2011-11-24,2.332649,0.078910,0.263332,-0.184422
2011-11-25,2.335387,0.282123,0.262022,0.020101
2011-11-26,2.338125,0.071220,0.260714,-0.189494
2011-11-27,2.340862,0.057838,0.259408,-0.201570
2011-11-28,2.343600,0.081459,0.258103,-0.176644
2011-11-29,2.346338,0.119808,0.256800,-0.136992
2011-11-30,2.349076,0.126197,0.255499,-0.129302
2011-12-01,2.351814,0.165552,0.254200,-0.088648
2011-12-02,2.354552,0.147709,0.252903,-0.105194
2011-12-03,2.357290,0.122758,0.251607,-0.128849
2011-12-04,2.360027,0.090744,0.250314,-0.159570
2011-12-05,2.362765,0.104263,0.249023,-0.144759
2011-12-06,2.365503,0.118719,0.247733,-0.129014
2011-12-07,2.368241,0.131675,0.246446,-0.114771
2011-12-08,2.370979,0.129213,0.245161,-0.115948
2011-12-09,2.373717,0.110869,0.243878,-0.133009
2011-12-10,2.376454,0.121159,0.242597,-0.121438
2011-12-11,2.379192,0.135804,0.241318,-0.105514
2011-12-12,2.381930,0.154437,0.240041,-0.085604
2011-12-13,2.384668,0.140108,0.238767,-0.098659
2011-12-14,2.387406,0.140203,0.237495,-0.097292
2011-12-15,2.390144,0.140318,0.236225,-0.095907
2011-12-16,2.392882,0.133896,0.234958,-0.101062
2011-12-17,2.395619,0.137681,0.233692,-0.096012
2011-12-18,2.398357,0.139052,0.232430,-0.093377
2011-12-19,2.401095,0.168958,0.231169,-0.062211
2011-12-20,2.403833,0.237696,0.229911,0.007785
2011-12-21,2.406571,0.222648,0.228656,-0.006007
2011-12-22,2.409309,0.205539,0.227403,-0.021864
2011-12-23,2.412047,0.205975,0.226152,-0.020178
2011-12-24,2.414784,0.222638,0.224904,-0.002266
2011-12-25,2.417522,0.218172,0.223659,-0.005487
2011-12-26,2.420260,0.219647,0.222416,-0.002769
2011-12-27,2.422998,0.208361,0.221176,-0.012815
2011-12-28,2.425736,0.218086,0.219939,-0.001853
2011-12-29,2.428474,0.215592,0.218704,-0.003112
2011-12-30,2.431211,0.221136,0.217472,0.003664
2011-12-31,2.433949,0.230404,0.216243,0.014161
2012-01-01,2.436687,0.266522,0.215016,0.051506
2012-01-02,2.439425,0.286195,0.213793,0.072402
2012-01-03,2.442163,0.283231,0.212572,0.070659
2012-01-04,2.444901,0.286139,0.211354,0.074785
2012-01-05,2.447639,0.352848,0.210139,0.142710
2012-01-06,2.450376,0.386352,0.208927,0.177425
2012-01-07,2.453114,0.391873,0.207717,0.184155
2012-01-08,2.455852,0.404441,0.206511,0.197930
2012-01-09,2.458590,0.382324,0.205308,0.177016
2012-01-10,2.461328,0.367428,0.204108,0.163320
2012-01-11,2.464066,0.390514,0.202911,0.187604
2012-01-12,2.466804,0.387753,0.201717,0.186037
2012-01-13,2.469541,0.375094,0.200526,0.174568
2012-01-14,2.472279,0.358448,0.199338,0.159110
2012-01-15,2.475017,0.387350,0.198154,0.189197
2012-01-16,2.477755,0.370432,0.196972,0.173459
2012-01-17,2.480493,0.351719,0.195794,0.155925
2012-01-18,2.483231,0.318388,0.194619,0.123769
2012-01-19,2.485969,0.325358,0.193448,0.131910
2012-01-20,2.488706,0.351466,0.192279,0.159186
2012-01-21,2.491444,0.333325,0.191115,0.142211
2012-01-22,2.494182,0.329640,0.189953,0.139687
2012-01-23,2.496920,0.325056,0.188795,0.136261
2012-01-24,2.499658,0.326089,0.187640,0.138449
2012-01-25,2.502396,0.315184,0.186489,0.128695
2012-01-26,2.505133,0.284242,0.185341,0.098901
2012-01-27,2.507871,0.242250,0.184197,0.058053
2012-01-28,2.510609,0.225139,0.183056,0.042083
2012-01-29,2.513347,0.253069,0.181919,0.071150
2012-01-30,2.516085,0.247640,0.180785,0.066855
2012-01-31,2.518823,0.253242,0.179655,0.073587
2012-02-01,2.521561,0.259282,0.178529,0.080753
2012-02-02,2.524298,0.284191,0.177406,0.106785
2012-02-03,2.527036,0.282934,0.176287,0.106647
2012-02-04,2.529774,0.273213,0.175172,0.098042
2012-02-05,2.532512,0.250820,0.174060,0.076760
2012-02-06,2.535250,0.233611,0.172952,0.060659
2012-02-07,2.537988,0.236944,0.171848,0.065096
2012-02-08,2.540726,0.231892,0.170748,0.061144
2012-02-09,2.543463,0.240190,0.169651,0.070538
2012-02-10,2.546201,0.249174,0.168559,0.080615
2012-02-11,2.548939,0.234606,0.167470,0.067135
2012-02-12,2.551677,0.227428,0.166386,0.061043
2012-02-13,2.554415,0.217012,0.165305,0.051707
2012-02-14,2.557153,0.163660,0.164228,-0.000568
2012-02-15,2.559890,0.150998,0.163155,-0.012158
2012-02-16,2.562628,0.119674,0.162087,-0.042412
2012-02-17,2.565366,0.129478,0.161022,-0.031544
2012-02-18,2.568104,0.103743,0.159961,-0.056218
2012-02-19,2.570842,0.093093,0.158905,-0.065812
2012-02-20,2.573580,0.103651,0.157852,-0.054201
2012-02-21,2.576318,0.098486,0.156804,-0.058318
2012-02-22,2.579055,0.102763,0.155760,-0.052996
2012-02-23,2.581793,0.131288,0.154720,-0.023432
2012-02-24,2.584531,0.148599,0.153684,-0.005085
2012-02-25,2.587269,0.141089,0.152652,-0.011563
2012-02-26,2.590007,0.133092,0.151625,-0.018533
2012-02-27,2.592745,0.138917,0.150602,-0.011685
2012-02-28,2.595483,0.131563,0.149584,-0.018021
2012-02-29,2.598220,0.126075,0.148569,-0.022494
2012-03-01,2.600958,0.127637,0.147559,-0.019923
2012-03-02,2.603696,0.107599,0.146554,-0.038955
2012-03-03,2.606434,0.102855,0.145553,-0.042698
2012-03-04,2.609172,0.103514,0.144556,-0.041042
2012-03-05,2.611910,0.114850,0.143564,-0.028714
2012-03-06,2.614648,0.118177,0.142576,-0.024400
2012-03-07,2.617385,0.116941,0.141593,-0.024652
2012-03-08,2.620123,0.109132,0.140614,-0.031482
2012-03-09,2.622861,0.108793,0.139640,-0.030847
2012-03-10,2.625599,0.099895,0.138670,-0.038776
2012-03-11,2.628337,0.099446,0.137705,-0.038259
2012-03-12,2.631075,0.099751,0.136745,-0.036993
2012-03-13,2.633812,0.111018,0.135789,-0.024771
2012-03-14,2.636550,0.131223,0.134838,-0.003615
2012-03-15,2.639288,0.126613,0.133891,-0.007278
2012-03-16,2.642026,0.123180,0.132949,-0.009769
2012-03-17,2.644764,0.124340,0.132012,-0.007672
2012-03-18,2.647502,0.117329,0.131080,-0.013750
2012-03-19,2.650240,0.095869,0.130152,-0.034283
2012-03-20,2.652977,0.074043,0.129230,-0.055186
2012-03-21,2.655715,0.074467,0.128312,-0.053845
2012-03-22,2.658453,0.067875,0.127399,-0.059523
2012-03-23,2.661191,0.057332,0.126490,-0.069159
2012-03-24,2.663929,0.052271,0.125587,-0.073316
2012-03-25,2.666667,0.042944,0.124688,-0.081745
2012-03-26,2.669405,0.040264,0.123795,-0.083531
2012-03-27,2.672142,0.046662,0.122906,-0.076245
2012-03-28,2.674880,0.052448,0.122022,-0.069575
2012-03-29,2.677618,0.049426,0.121144,-0.071718
2012-03-30,2.680356,0.048272,0.120270,-0.071998
2012-03-31,2.683094,0.053145,0.119401,-0.066256
2012-04-01,2.685832,0.044983,0.118538,-0.073555
2012-04-02,2.688569,0.049631,0.117679,-0.068048
2012-04-03,2.691307,0.050429,0.116825,-0.066396
2012-04-04,2.694045,0.047363,0.115977,-0.068614
2012-04-05,2.696783,0.045049,0.115134,-0.070084
2012-04-06,2.699521,0.043288,0.114296,-0.071008
2012-04-07,2.702259,0.031126,0.113462,-0.082336
2012-04-08,2.704997,0.021947,0.112635,-0.090688
2012-04-09,2.707734,0.022071,0.111812,-0.089741
2012-04-10,2.710472,0.024027,0.110995,-0.086967
2012-04-11,2.713210,0.022245,0.110182,-0.087937
2012-04-12,2.715948,0.024574,0.109375,-0.084801
2012-04-13,2.718686,0.022621,0.108574,-0.085953
2012-04-14,2.721424,0.025894,0.107777,-0.081883
2012-04-15,2.724162,0.022171,0.106986,-0.084815
2012-04-16,2.726899,0.021414,0.106200,-0.084787
2012-04-17,2.729637,0.020787,0.105420,-0.084633
2012-04-18,2.732375,0.030295,0.104645,-0.074350
2012-04-19,2.735113,0.031754,0.103875,-0.072121
2012-04-20,2.737851,0.034341,0.103111,-0.068770
2012-04-21,2.740589,0.038364,0.102352,-0.063988
2012-04-22,2.743326,0.029778,0.101599,-0.071821
2012-04-23,2.746064,0.024422,0.100851,-0.076429
2012-04-24,2.748802,0.015304,0.100108,-0.084804
2012-04-25,2.751540,0.014425,0.099371,-0.084947
2012-04-26,2.754278,0.010034,0.098640,-0.088606
2012-04-27,2.757016,0.017153,0.097914,-0.080761
2012-04-28,2.759754,-0.002489,0.097193,-0.099682
2012-04-29,2.762491,-0.009841,0.096478,-0.106320
2012-04-30,2.765229,-0.009219,0.095769,-0.104988
2012-05-01,2.767967,-0.010950,0.095065,-0.106016
2012-05-02,2.770705,-0.000002,0.094367,-0.094369
2012-05-03,2.773443,-0.004821,0.093675,-0.098496
2012-05-04,2.776181,-0.002449,0.092988,-0.095437
2012-05-05,2.778919,-0.007452,0.092307,-0.099759
2012-05-06,2.781656,-0.013466,0.091631,-0.105097
2012-05-07,2.784394,-0.017022,0.090961,-0.107983
2012-05-08,2.787132,-0.019366,0.090297,-0.109663
2012-05-09,2.789870,-0.016390,0.089638,-0.106028
2012-05-10,2.792608,-0.026566,0.088986,-0.115552
2012-05-11,2.795346,-0.029442,0.088339,-0.117781
2012-05-12,2.798084,-0.037457,0.087697,-0.125155
2012-05-13,2.800821,-0.039170,0.087062,-0.126232
2012-05-14,2.803559,-0.041907,0.086432,-0.128339
2012-05-15,2.806297,-0.042074,0.085808,-0.127882
2012-05-16,2.809035,-0.040884,0.085190,-0.126075
2012-05-17,2.811773,-0.041703,0.084578,-0.126281
2012-05-18,2.814511,-0.040642,0.083972,-0.124614
2012-05-19,2.817248,-0.040452,0.083371,-0.123824
2012-05-20,2.819986,-0.038558,0.082777,-0.121335
2012-05-21,2.822724,-0.045612,0.082188,-0.127800
2012-05-22,2.825462,-0.048475,0.081605,-0.130080
2012-05-23,2.828200,-0.047144,0.081028,-0.128172
2012-05-24,2.830938,-0.050261,0.080457,-0.130719
2012-05-25,2.833676,-0.052074,0.079892,-0.131966
2012-05-26,2.836413,-0.054986,0.079333,-0.134319
2012-05-27,2.839151,-0.054953,0.078780,-0.133733
2012-05-28,2.841889,-0.058925,0.078233,-0.137158
2012-05-29,2.844627,-0.061503,0.077692,-0.139194
2012-05-30,2.847365,-0.062376,0.077156,-0.139533
2012-05-31,2.850103,-0.063279,0.076627,-0.139906
2012-06-01,2.852841,-0.058894,0.076104,-0.134998
2012-06-02,2.855578,-0.061659,0.075587,-0.137246
2012-06-03,2.858316,-0.064446,0.075076,-0.139522
2012-06-04,2.861054,-0.066469,0.074571,-0.141040
2012-06-05,2.863792,-0.058589,0.074072,-0.132662
2012-06-06,2.866530,-0.053789,0.073579,-0.127368
2012-06-07,2.869268,-0.051065,0.073093,-0.124157
2012-06-08,2.872005,-0.044256,0.072612,-0.116868
2012-06-09,2.874743,-0.045300,0.072138,-0.117438
2012-06-10,2.877481,-0.054199,0.071670,-0.125868
2012-06-11,2.880219,-0.055909,0.071207,-0.127116
2012-06-12,2.882957,-0.049040,0.070751,-0.119792
2012-06-13,2.885695,-0.035179,0.070302,-0.105480
2012-06-14,2.888433,-0.033712,0.069858,-0.103570
2012-06-15,2.891170,-0.030426,0.069420,-0.099847
2012-06-16,2.893908,-0.005069,0.068989,-0.074058
2012-06-17,2.896646,-0.006396,0.068564,-0.074960
2012-06-18,2.899384,-0.014864,0.068145,-0.083009
2012-06-19,2.902122,-0.006108,0.067733,-0.073840
2012-06-20,2.904860,0.002139,0.067326,-0.065188
2012-06-21,2.907598,0.006444,0.066926,-0.060482
2012-06-22,2.910335,-0.001941,0.066532,-0.068473
2012-06-23,2.913073,-0.009725,0.066145,-0.075870
2012-06-24,2.915811,-0.020278,0.065763,-0.086042
2012-06-25,2.918549,-0.024615,0.065388,-0.090003
2012-06-26,2.921287,-0.026451,0.065020,-0.091471
2012-06-27,2.924025,-0.018251,0.064657,-0.082908
2012-06-28,2.926762,-0.019566,0.064301,-0.083867
2012-06-29,2.929500,-0.009021,0.063951,-0.072972
2012-06-30,2.932238,-0.018227,0.063608,-0.081835
2012-07-01,2.934976,-0.020541,0.063270,-0.083812
2012-07-02,2.937714,-0.010989,0.062940,-0.073929
2012-07-03,2.940452,-0.025284,0.062615,-0.087899
2012-07-04,2.943190,-0.030044,0.062297,-0.092341
2012-07-05,2.945927,-0.026206,0.061985,-0.088191
2012-07-06,2.948665,-0.030415,0.061680,-0.092094
2012-07-07,2.951403,-0.026729,0.061381,-0.088109
2012-07-08,2.954141,-0.026235,0.061088,-0.087323
2012-07-09,2.956879,-0.022574,0.060802,-0.083376
2012-07-10,2.959617,-0.003082,0.060522,-0.063603
2012-07-11,2.962355,-0.003101,0.060248,-0.063350
2012-07-12,2.965092,-0.004725,0.059981,-0.064706
2012-07-13,2.967830,0.015621,0.059721,-0.044100
2012-07-14,2.970568,0.012946,0.059467,-0.046520
2012-07-15,2.973306,0.020469,0.059219,-0.038750
2012-07-16,2.976044,0.023327,0.058977,-0.035650
2012-07-17,2.978782,0.046537,0.058742,-0.012206
2012-07-18,2.981520,0.074253,0.058514,0.015739
2012-07-19,2.984257,0.079522,0.058292,0.021230
2012-07-20,2.986995,0.041818,0.058076,-0.016258
2012-07-21,2.989733,0.057818,0.057867,-0.000049
2012-07-22,2.992471,0.052604,0.057665,-0.005061
2012-07-23,2.995209,0.051695,0.057468,-0.005773
2012-07-24,2.997947,0.048586,0.057279,-0.008693
2012-07-25,3.000684,0.040469,0.057095,-0.016627
2012-07-26,3.003422,0.046094,0.056919,-0.010824
2012-07-27,3.006160,0.052429,0.056748,-0.004319
2012-07-28,3.008898,0.052509,0.056585,-0.004075
2012-07-29,3.011636,0.046496,0.056427,-0.009931
2012-07-30,3.014374,0.047945,0.056277,-0.008332
2012-07-31,3.017112,0.061715,0.056132,0.005582
2012-08-01,3.019849,0.072877,0.055995,0.016882
2012-08-02,3.022587,0.084491,0.055863,0.028628
2012-08-03,3.025325,0.118765,0.055739,0.063026
2012-08-04,3.028063,0.133657,0.055620,0.078036
2012-08-05,3.030801,0.112200,0.055509,0.056691
2012-08-06,3.033539,0.122809,0.055403,0.067406
2012-08-07,3.036277,0.122856,0.055305,0.067551
2012-08-08,3.039014,0.127831,0.055212,0.072618
2012-08-09,3.041752,0.132645,0.055127,0.077518
2012-08-10,3.044490,0.131677,0.055048,0.076629
2012-08-11,3.047228,0.136105,0.054975,0.081129
2012-08-12,3.049966,0.138989,0.054909,0.084080
2012-08-13,3.052704,0.142981,0.054849,0.088132
2012-08-14,3.055441,0.152298,0.054796,0.097502
2012-08-15,3.058179,0.169772,0.054750,0.115022
2012-08-16,3.060917,0.192345,0.054710,0.137635
2012-08-17,3.063655,0.207574,0.054677,0.152898
2012-08-18,3.066393,0.143063,0.054650,0.088413
2012-08-19,3.069131,0.054382,0.054629,-0.000247
2012-08-20,3.071869,0.043792,0.054616,-0.010823
2012-08-21,3.074606,0.065299,0.054608,0.010691
2012-08-22,3.077344,0.058732,0.054608,0.004124
2012-08-23,3.080082,0.056293,0.054613,0.001679
2012-08-24,3.082820,0.062937,0.054626,0.008311
2012-08-25,3.085558,0.073510,0.054645,0.018866
2012-08-26,3.088296,0.073359,0.054670,0.018689
2012-08-27,3.091034,0.097553,0.054702,0.042852
2012-08-28,3.093771,0.086737,0.054740,0.031997
2012-08-29,3.096509,0.077469,0.054785,0.022684
2012-08-30,3.099247,0.073488,0.054837,0.018651
2012-08-31,3.101985,0.057914,0.054895,0.003019
2012-09-01,3.104723,0.039746,0.054960,-0.015213
2012-09-02,3.107461,0.036853,0.055031,-0.018178
2012-09-03,3.110198,0.044840,0.055108,-0.010269
2012-09-04,3.112936,0.045930,0.055193,-0.009263
2012-09-05,3.115674,0.049347,0.055283,-0.005936
2012-09-06,3.118412,0.064454,0.055381,0.009073
2012-09-07,3.121150,0.074688,0.055484,0.019203
2012-09-08,3.123888,0.065461,0.055595,0.009867
2012-09-09,3.126626,0.065995,0.055711,0.010284
2012-09-10,3.129363,0.061188,0.055835,0.005353
2012-09-11,3.132101,0.061244,0.055964,0.005280
2012-09-12,3.134839,0.064862,0.056101,0.008761
2012-09-13,3.137577,0.065893,0.056243,0.009650
2012-09-14,3.140315,0.074211,0.056393,0.017819
2012-09-15,3.143053,0.073985,0.056548,0.017437
2012-09-16,3.145791,0.081986,0.056711,0.025275
2012-09-17,3.148528,0.078178,0.056879,0.021298
2012-09-18,3.151266,0.081137,0.057055,0.024083
2012-09-19,3.154004,0.092276,0.057236,0.035040
2012-09-20,3.156742,0.099527,0.057424,0.042102
2012-09-21,3.159480,0.088614,0.057619,0.030995
2012-09-22,3.162218,0.083799,0.057820,0.025978
2012-09-23,3.164956,0.075994,0.058028,0.017967
2012-09-24,3.167693,0.071765,0.058242,0.013523
2012-09-25,3.170431,0.069691,0.058462,0.011229
2012-09-26,3.173169,0.071240,0.058689,0.012551
2012-09-27,3.175907,0.074367,0.058922,0.015445
2012-09-28,3.178645,0.074365,0.059162,0.015203
2012-09-29,3.181383,0.074953,0.059408,0.015545
2012-09-30,3.184120,0.071298,0.059661,0.011637
2012-10-01,3.186858,0.067164,0.059920,0.007244
2012-10-02,3.189596,0.073578,0.060185,0.013393
2012-10-03,3.192334,0.083206,0.060457,0.022749
2012-10-04,3.195072,0.081912,0.060736,0.021176
2012-10-05,3.197810,0.074548,0.061020,0.013528
2012-10-06,3.200548,0.069870,0.061311,0.008559
2012-10-07,3.203285,0.052383,0.061609,-0.009226
2012-10-08,3.206023,0.023693,0.061912,-0.038219
2012-10-09,3.208761,0.039870,0.062222,-0.022353
2012-10-10,3.211499,0.043543,0.062539,-0.018996
2012-10-11,3.214237,0.041051,0.062862,-0.021811
2012-10-12,3.216975,0.039299,0.063191,-0.023892
2012-10-13,3.219713,0.035459,0.063526,-0.028067
2012-10-14,3.222450,0.030781,0.063868,-0.033087
2012-10-15,3.225188,0.019612,0.064216,-0.044604
2012-10-16,3.227926,0.021038,0.064570,-0.043533
2012-10-17,3.230664,0.022111,0.064931,-0.042820
2012-10-18,3.233402,0.021002,0.065298,-0.044296
2012-10-19,3.236140,0.017330,0.065671,-0.048342
2012-10-20,3.238877,0.010506,0.066051,-0.055545
2012-10-21,3.241615,0.006690,0.066437,-0.059747
2012-10-22,3.244353,0.003128,0.066829,-0.063701
2012-10-23,3.247091,0.004337,0.067227,-0.062890
2012-10-24,3.249829,-0.001063,0.067632,-0.068695
2012-10-25,3.252567,-0.021123,0.068043,-0.089166
2012-10-26,3.255305,-0.050514,0.068459,-0.118973
2012-10-27,3.258042,-0.060074,0.068883,-0.128957
2012-10-28,3.260780,-0.064373,0.069312,-0.133685
2012-10-29,3.263518,-0.051524,0.069748,-0.121271
2012-10-30,3.266256,-0.042793,0.070189,-0.112982
2012-10-31,3.268994,-0.038702,0.070637,-0.109339
2012-11-01,3.271732,-0.034947,0.071091,-0.106038
2012-11-02,3.274470,-0.047564,0.071552,-0.119116
2012-11-03,3.277207,-0.057693,0.072018,-0.129711
2012-11-04,3.279945,-0.064380,0.072490,-0.136871
2012-11-05,3.282683,-0.060289,0.072969,-0.133258
2012-11-06,3.285421,-0.060610,0.073454,-0.134064
2012-11-07,3.288159,-0.056362,0.073944,-0.130306
2012-11-08,3.290897,-0.059871,0.074441,-0.134312
2012-11-09,3.293634,-0.060224,0.074944,-0.135168
2012-11-10,3.296372,-0.062392,0.075453,-0.137845
2012-11-11,3.299110,-0.064821,0.075968,-0.140789
2012-11-12,3.301848,-0.060191,0.076489,-0.136680
2012-11-13,3.304586,-0.063629,0.077016,-0.140645
2012-11-14,3.307324,-0.065444,0.077549,-0.142993
2012-11-15,3.310062,-0.064832,0.078088,-0.142920
2012-11-16,3.312799,-0.052411,0.078633,-0.131044
2012-11-17,3.315537,-0.045156,0.079184,-0.124341
2012-11-18,3.318275,-0.045056,0.079741,-0.124797
2012-11-19,3.321013,-0.047035,0.080304,-0.127339
2012-11-20,3.323751,-0.048527,0.080873,-0.129399
2012-11-21,3.326489,-0.050435,0.081447,-0.131882
2012-11-22,3.329227,-0.043657,0.082028,-0.125685
2012-11-23,3.331964,-0.036243,0.082614,-0.118858
2012-11-24,3.334702,-0.028794,0.083207,-0.112001
2012-11-25,3.337440,-0.033067,0.083805,-0.116872
2012-11-26,3.340178,-0.033437,0.084409,-0.117846
2012-11-27,3.342916,-0.045313,0.085019,-0.130332
2012-11-28,3.345654,-0.041338,0.085635,-0.126973
2012-11-29,3.348392,-0.041599,0.086256,-0.127855
2012-11-30,3.351129,-0.038986,0.086883,-0.125870
2012-12-01,3.353867,-0.038398,0.087517,-0.125914
2012-12-02,3.356605,-0.040197,0.088155,-0.128352
2012-12-03,3.359343,-0.041175,0.088800,-0.129975
2012-12-04,3.362081,-0.033990,0.089450,-0.123440
2012-12-05,3.364819,-0.018930,0.090106,-0.109036
2012-12-06,3.367556,-0.017397,0.090768,-0.108165
2012-12-07,3.370294,-0.018676,0.091435,-0.110111
2012-12-08,3.373032,-0.020413,0.092108,-0.112522
2012-12-09,3.375770,-0.030516,0.092787,-0.123303
2012-12-10,3.378508,-0.026686,0.093471,-0.120158
2012-12-11,3.381246,-0.025544,0.094161,-0.119705
2012-12-12,3.383984,-0.024568,0.094857,-0.119425
2012-12-13,3.386721,-0.024991,0.095558,-0.120549
2012-12-14,3.389459,-0.023851,0.096265,-0.120115
2012-12-15,3.392197,-0.028243,0.096977,-0.125220
2012-12-16,3.394935,-0.034730,0.097695,-0.132424
2012-12-17,3.397673,-0.041885,0.098418,-0.140303
2012-12-18,3.400411,-0.046054,0.099147,-0.145201
2012-12-19,3.403149,-0.045584,0.099881,-0.145465
2012-12-20,3.405886,-0.046205,0.100621,-0.146826
2012-12-21,3.408624,-0.043303,0.101366,-0.144669
2012-12-22,3.411362,-0.047727,0.102117,-0.149844
2012-12-23,3.414100,-0.053891,0.102873,-0.156763
2012-12-24,3.416838,-0.054463,0.103634,-0.158097
2012-12-25,3.419576,-0.057270,0.104401,-0.161671
2012-12-26,3.422313,-0.060133,0.105173,-0.165306
2012-12-27,3.425051,-0.059478,0.105950,-0.165428
2012-12-28,3.427789,-0.060442,0.106733,-0.167175
2012-12-29,3.430527,-0.058840,0.107521,-0.166362
2012-12-30,3.433265,-0.062739,0.108315,-0.171054
2012-12-31,3.436003,-0.063876,0.109113,-0.172989
2013-01-01,3.438741,-0.066083,0.109917,-0.176000
2013-01-02,3.441478,-0.070407,0.110727,-0.181134
2013-01-03,3.444216,-0.070136,0.111541,-0.181677
2013-01-04,3.446954,-0.074778,0.112361,-0.187138
2013-01-05,3.449692,-0.074097,0.113185,-0.187283
2013-01-06,3.452430,-0.077682,0.114015,-0.191697
2013-01-07,3.455168,-0.077251,0.114850,-0.192102
2013-01-08,3.457906,-0.076642,0.115690,-0.192332
2013-01-09,3.460643,-0.070419,0.116536,-0.186955
2013-01-10,3.463381,-0.068153,0.117386,-0.185538
2013-01-11,3.466119,-0.060152,0.118241,-0.178393
2013-01-12,3.468857,-0.060156,0.119102,-0.179258
2013-01-13,3.471595,-0.064304,0.119967,-0.184271
2013-01-14,3.474333,-0.066258,0.120837,-0.187095
2013-01-15,3.477070,-0.062063,0.121713,-0.183776
2013-01-16,3.479808,-0.057032,0.122593,-0.179625
2013-01-17,3.482546,-0.043985,0.123478,-0.167463
2013-01-18,3.485284,-0.027048,0.124369,-0.151417
2013-01-19,3.488022,-0.033040,0.125264,-0.158304
2013-01-20,3.490760,-0.031094,0.126164,-0.157258
2013-01-21,3.493498,-0.014161,0.127068,-0.141229
2013-01-22,3.496235,0.003518,0.127978,-0.124460
2013-01-23,3.498973,0.009276,0.128892,-0.119617
2013-01-24,3.501711,0.025846,0.129812,-0.103966
2013-01-25,3.504449,-0.001383,0.130736,-0.132119
2013-01-26,3.507187,-0.001277,0.131664,-0.132942
2013-01-27,3.509925,0.006308,0.132598,-0.126290
2013-01-28,3.512663,0.031587,0.133536,-0.101949
2013-01-29,3.515400,0.040984,0.134479,-0.093494
2013-01-30,3.518138,0.044358,0.135426,-0.091068
2013-01-31,3.520876,0.063622,0.136378,-0.072756
2013-02-01,3.523614,0.069979,0.137335,-0.067356
2013-02-02,3.526352,0.056102,0.138296,-0.082194
2013-02-03,3.529090,0.055586,0.139262,-0.083676
2013-02-04,3.531828,0.061146,0.140232,-0.079086
2013-02-05,3.534565,0.059415,0.141207,-0.081793
2013-02-06,3.537303,0.066355,0.142187,-0.075832
2013-02-07,3.540041,0.075429,0.143171,-0.067742
2013-02-08,3.542779,0.092522,0.144159,-0.051637
2013-02-09,3.545517,0.110650,0.145152,-0.034502
2013-02-10,3.548255,0.105510,0.146149,-0.040639
2013-02-11,3.550992,0.115855,0.147150,-0.031295
2013-02-12,3.553730,0.134503,0.148156,-0.013653
2013-02-13,3.556468,0.141625,0.149167,-0.007541
2013-02-14,3.559206,0.144177,0.150181,-0.006004
2013-02-15,3.561944,0.164065,0.151200,0.012865
2013-02-16,3.564682,0.165422,0.152223,0.013199
2013-02-17,3.567420,0.158557,0.153250,0.005307
2013-02-18,3.570157,0.153554,0.154282,-0.000727
2013-02-19,3.572895,0.172904,0.155318,0.017587
2013-02-20,3.575633,0.193321,0.156357,0.036964
2013-02-21,3.578371,0.195613,0.157401,0.038212
2013-02-22,3.581109,0.204009,0.158450,0.045559
2013-02-23,3.583847,0.185156,0.159502,0.025654
2013-02-24,3.586585,0.189277,0.160558,0.028719
2013-02-25,3.589322,0.191247,0.161618,0.029629
2013-02-26,3.592060,0.201521,0.162683,0.038838
2013-02-27,3.594798,0.208150,0.163751,0.044399
2013-02-28,3.597536,0.227564,0.164823,0.062740
2013-03-01,3.600274,0.239558,0.165900,0.073658
2013-03-02,3.603012,0.238713,0.166980,0.071733
2013-03-03,3.605749,0.233965,0.168064,0.065901
2013-03-04,3.608487,0.249441,0.169152,0.080290
2013-03-05,3.611225,0.294719,0.170244,0.124476
2013-03-06,3.613963,0.358400,0.171339,0.187061
2013-03-07,3.616701,0.323581,0.172439,0.151142
2013-03-08,3.619439,0.331403,0.173542,0.157862
2013-03-09,3.622177,0.346943,0.174649,0.172295
2013-03-10,3.624914,0.369095,0.175759,0.193336
2013-03-11,3.627652,0.373899,0.176874,0.197026
2013-03-12,3.630390,0.349645,0.177991,0.171654
2013-03-13,3.633128,0.360268,0.179113,0.181155
2013-03-14,3.635866,0.362428,0.180238,0.182190
2013-03-15,3.638604,0.357932,0.181367,0.176565
2013-03-16,3.641342,0.354473,0.182499,0.171974
2013-03-17,3.644079,0.354276,0.183635,0.170641
2013-03-18,3.646817,0.358576,0.184774,0.173801
2013-03-19,3.649555,0.412937,0.185917,0.227020
2013-03-20,3.652293,0.462639,0.187064,0.275576
2013-03-21,3.655031,0.511637,0.188213,0.323424
2013-03-22,3.657769,0.529025,0.189366,0.339659
2013-03-23,3.660507,0.488268,0.190523,0.297745
2013-03-24,3.663244,0.502295,0.191683,0.310613
2013-03-25,3.665982,0.534346,0.192846,0.341500
2013-03-26,3.668720,0.556633,0.194012,0.362621
2013-03-27,3.671458,0.596893,0.195182,0.401711
2013-03-28,3.674196,0.622270,0.196355,0.425915
2013-03-29,3.676934,0.615801,0.197531,0.418271
2013-03-30,3.679671,0.623219,0.198710,0.424510
2013-03-31,3.682409,0.628236,0.199892,0.428344
2013-04-01,3.685147,0.648604,0.201078,0.447526
2013-04-02,3.687885,0.686676,0.202266,0.484409
2013-04-03,3.690623,0.764435,0.203458,0.560977
2013-04-04,3.693361,0.773228,0.204653,0.568575
2013-04-05,3.696099,0.788947,0.205850,0.583096
2013-04-06,3.698836,0.799393,0.207051,0.592342
2013-04-07,3.701574,0.825284,0.208255,0.617029
2013-04-08,3.704312,0.901136,0.209461,0.691674
2013-04-09,3.707050,0.960747,0.210671,0.750077
2013-04-10,3.709788,0.991666,0.211883,0.779783
2013-04-11,3.712526,0.757028,0.213098,0.543930
2013-04-12,3.715264,0.569023,0.214316,0.354706
2013-04-13,3.718001,0.658929,0.215537,0.443392
2013-04-14,3.720739,0.629364,0.216761,0.412603
2013-04-15,3.723477,0.600369,0.217987,0.382382
2013-04-16,3.726215,0.456787,0.219216,0.237572
2013-04-17,3.728953,0.543702,0.220448,0.323254
2013-04-18,3.731691,0.603389,0.221682,0.381708
2013-04-19,3.734428,0.700252,0.222919,0.477333
2013-04-20,3.737166,0.707195,0.224158,0.483037
2013-04-21,3.739904,0.709531,0.225400,0.484131
2013-04-22,3.742642,0.707905,0.226645,0.481261
2013-04-23,3.745380,0.732876,0.227892,0.504984
2013-04-24,3.748118,0.786317,0.229141,0.557175
2013-04-25,3.750856,0.793843,0.230393,0.563450
2013-04-26,3.753593,0.744053,0.231647,0.512406
2013-04-27,3.756331,0.739814,0.232904,0.506910
2013-04-28,3.759069,0.735304,0.234163,0.501141
2013-04-29,3.761807,0.752907,0.235424,0.517482
2013-04-30,3.764545,0.758022,0.236688,0.521334
2013-05-01,3.767283,0.716687,0.237954,0.478733
2013-05-02,3.770021,0.653455,0.239222,0.414233
2013-05-03,3.772758,0.575743,0.240493,0.335250
2013-05-04,3.775496,0.622301,0.241765,0.380536
2013-05-05,3.778234,0.657925,0.243040,0.414885
2013-05-06,3.780972,0.674898,0.244316,0.430581
2013-05-07,3.783710,0.636987,0.245595,0.391392
2013-05-08,3.786448,0.645147,0.246876,0.398271
2013-05-09,3.789185,0.640391,0.248159,0.392231
2013-05-10,3.791923,0.654758,0.249444,0.405314
2013-05-11,3.794661,0.653921,0.250731,0.403190
2013-05-12,3.797399,0.648038,0.252020,0.396018
2013-05-13,3.800137,0.651827,0.253310,0.398517
2013-05-14,3.802875,0.651444,0.254603,0.396841
2013-05-15,3.805613,0.624942,0.255897,0.369045
2013-05-16,3.808350,0.629362,0.257193,0.372169
2013-05-17,3.811088,0.642294,0.258491,0.383803
2013-05-18,3.813826,0.648326,0.259791,0.388535
2013-05-19,3.816564,0.650511,0.261093,0.389419
2013-05-20,3.819302,0.646946,0.262396,0.384550
2013-05-21,3.822040,0.645087,0.263701,0.381386
2013-05-22,3.824778,0.647970,0.265007,0.382963
2013-05-23,3.827515,0.654712,0.266315,0.388397
2013-05-24,3.830253,0.670330,0.267625,0.402706
2013-05-25,3.832991,0.679319,0.268936,0.410384
2013-05-26,3.835729,0.681138,0.270248,0.410889
2013-05-27,3.838467,0.677597,0.271562,0.406034
2013-05-28,3.841205,0.665445,0.272878,0.392567
2013-05-29,3.843943,0.668987,0.274195,0.394792
2013-05-30,3.846680,0.673892,0.275513,0.398379
2013-05-31,3.849418,0.665340,0.276833,0.388507
2013-06-01,3.852156,0.661499,0.278154,0.383345
2013-06-02,3.854894,0.646239,0.279476,0.366763
2013-06-03,3.857632,0.633407,0.280800,0.352607
2013-06-04,3.860370,0.634995,0.282125,0.352870
2013-06-05,3.863107,0.631007,0.283451,0.347557
2013-06-06,3.865845,0.630372,0.284778,0.345594
2013-06-07,3.868583,0.606158,0.286106,0.320052
2013-06-08,3.871321,0.583203,0.287435,0.295767
2013-06-09,3.874059,0.544893,0.288766,0.256127
2013-06-10,3.876797,0.557366,0.290097,0.267269
2013-06-11,3.879535,0.568021,0.291430,0.276591
2013-06-12,3.882272,0.572923,0.292763,0.280160
2013-06-13,3.885010,0.565477,0.294098,0.271380
2013-06-14,3.887748,0.539703,0.295433,0.244270
2013-06-15,3.890486,0.534917,0.296769,0.238148
2013-06-16,3.893224,0.536937,0.298106,0.238831
2013-06-17,3.895962,0.533296,0.299444,0.233852
2013-06-18,3.898700,0.547925,0.300783,0.247142
2013-06-19,3.901437,0.552923,0.302122,0.250801
2013-06-20,3.904175,0.555309,0.303462,0.251846
2013-06-21,3.906913,0.539686,0.304803,0.234883
2013-06-22,3.909651,0.497846,0.306145,0.191702
2013-06-23,3.912389,0.528668,0.307487,0.221182
2013-06-24,3.915127,0.486157,0.308830,0.177327
2013-06-25,3.917864,0.519361,0.310173,0.209188
2013-06-26,3.920602,0.514529,0.311517,0.203012
2013-06-27,3.923340,0.509787,0.312861,0.196926
2013-06-28,3.926078,0.482477,0.314206,0.168271
2013-06-29,3.928816,0.471028,0.315551,0.155477
2013-06-30,3.931554,0.467272,0.316897,0.150375
2013-07-01,3.934292,0.457812,0.318243,0.139569
2013-07-02,3.937029,0.444213,0.319589,0.124623
2013-07-03,3.939767,0.434480,0.320936,0.113544
2013-07-04,3.942505,0.399981,0.322283,0.077698
2013-07-05,3.945243,0.367527,0.323631,0.043896
2013-07-06,3.947981,0.329281,0.324978,0.004302
2013-07-07,3.950719,0.329547,0.326326,0.003221
2013-07-08,3.953457,0.371699,0.327674,0.044025
2013-07-09,3.956194,0.366597,0.329022,0.037576
2013-07-10,3.958932,0.385112,0.330370,0.054742
2013-07-11,3.961670,0.427923,0.331718,0.096205
2013-07-12,3.964408,0.459309,0.333066,0.126243
2013-07-13,3.967146,0.443749,0.334414,0.109335
2013-07-14,3.969884,0.453912,0.335763,0.118149
2013-07-15,3.972621,0.455200,0.337111,0.118089
2013-07-16,3.975359,0.456014,0.338459,0.117555
2013-07-17,3.978097,0.422756,0.339807,0.082949
2013-07-18,3.980835,0.417065,0.341154,0.075911
2013-07-19,3.983573,0.414944,0.342502,0.072442
2013-07-20,3.986311,0.425698,0.343849,0.081848
2013-07-21,3.989049,0.413955,0.345196,0.068758
2013-07-22,3.991786,0.416450,0.346543,0.069906
2013-07-23,3.994524,0.418946,0.347890,0.071056
2013-07-24,3.997262,0.421487,0.349236,0.072251
2013-07-25,4.000000,0.426085,0.350582,0.075503
2013-07-26,4.002738,0.429938,0.351927,0.078011
2013-07-27,4.005476,0.423304,0.353272,0.070032
2013-07-28,4.008214,0.425214,0.354617,0.070597
2013-07-29,4.010951,0.437504,0.355960,0.081543
2013-07-30,4.013689,0.442555,0.357304,0.085251
2013-07-31,4.016427,0.462197,0.358647,0.103550
2013-08-01,4.019165,0.455303,0.359989,0.095314
2013-08-02,4.021903,0.451754,0.361331,0.090423
2013-08-03,4.024641,0.446989,0.362672,0.084317
2013-08-04,4.027379,0.445696,0.364012,0.081684
2013-08-05,4.030116,0.449558,0.365352,0.084207
2013-08-06,4.032854,0.449918,0.366691,0.083227
2013-08-07,4.035592,0.447469,0.368029,0.079440
2013-08-08,4.038330,0.437086,0.369366,0.067721
2013-08-09,4.041068,0.427992,0.370702,0.057289
2013-08-10,4.043806,0.424533,0.372038,0.052496
2013-08-11,4.046543,0.425712,0.373372,0.052340
2013-08-12,4.049281,0.426139,0.374706,0.051433
2013-08-13,4.052019,0.431864,0.376039,0.055825
2013-08-14,4.054757,0.449068,0.377371,0.071697
2013-08-15,4.057495,0.441611,0.378701,0.062910
2013-08-16,4.060233,0.436695,0.380031,0.056665
2013-08-17,4.062971,0.437523,0.381359,0.056163
2013-08-18,4.065708,0.439526,0.382687,0.056839
2013-08-19,4.068446,0.449691,0.384013,0.065678
2013-08-20,4.071184,0.453651,0.385338,0.068313
2013-08-21,4.073922,0.466921,0.386662,0.080259
2013-08-22,4.076660,0.479732,0.387984,0.091748
2013-08-23,4.079398,0.468014,0.389306,0.078708
2013-08-24,4.082136,0.465713,0.390626,0.075087
2013-08-25,4.084873,0.474132,0.391944,0.082187
2013-08-26,4.087611,0.470819,0.393262,0.077557
2013-08-27,4.090349,0.491545,0.394577,0.096967
2013-08-28,4.093087,0.495808,0.395892,0.099916
2013-08-29,4.095825,0.497936,0.397205,0.100731
2013-08-30,4.098563,0.501833,0.398516,0.103317
2013-08-31,4.101300,0.528045,0.399826,0.128219
2013-09-01,4.104038,0.536278,0.401135,0.135144
2013-09-02,4.106776,0.532640,0.402441,0.130199
2013-09-03,4.109514,0.529488,0.403747,0.125742
2013-09-04,4.112252,0.519616,0.405050,0.114565
2013-09-05,4.114990,0.497302,0.406352,0.090950
2013-09-06,4.117728,0.500151,0.407652,0.092499
2013-09-07,4.120465,0.485390,0.408951,0.076439
2013-09-08,4.123203,0.483742,0.410247,0.073494
2013-09-09,4.125941,0.479546,0.411542,0.068004
2013-09-10,4.128679,0.492547,0.412835,0.079712
2013-09-11,4.131417,0.495198,0.414126,0.081071
2013-09-12,4.134155,0.507337,0.415415,0.091921
2013-09-13,4.136893,0.508588,0.416703,0.091885
2013-09-14,4.139630,0.502754,0.417988,0.084766
2013-09-15,4.142368,0.496284,0.419272,0.077013
2013-09-16,4.145106,0.497492,0.420553,0.076939
2013-09-17,4.147844,0.499069,0.421832,0.077237
2013-09-18,4.150582,0.500578,0.423110,0.077469
2013-09-19,4.153320,0.493966,0.424385,0.069581
2013-09-20,4.156057,0.484615,0.425658,0.058957
2013-09-21,4.158795,0.480632,0.426929,0.053703
2013-09-22,4.161533,0.479247,0.428197,0.051050
2013-09-23,4.164271,0.483559,0.429464,0.054095
2013-09-24,4.167009,0.484736,0.430728,0.054008
2013-09-25,4.169747,0.482347,0.431990,0.050357
2013-09-26,4.172485,0.482702,0.433250,0.049453
2013-09-27,4.175222,0.482760,0.434507,0.048253
2013-09-28,4.177960,0.486392,0.435762,0.050631
2013-09-29,4.180698,0.486673,0.437014,0.049658
2013-09-30,4.183436,0.476361,0.438264,0.038097
2013-10-01,4.186174,0.478707,0.439512,0.039195
2013-10-02,4.188912,0.462902,0.440757,0.022145
2013-10-03,4.191650,0.426719,0.442000,-0.015280
2013-10-04,4.194387,0.458038,0.443240,0.014798
2013-10-05,4.197125,0.457208,0.444477,0.012730
2013-10-06,4.199863,0.454844,0.445712,0.009131
2013-10-07,4.202601,0.459366,0.446945,0.012421
2013-10-08,4.205339,0.458456,0.448174,0.010282
2013-10-09,4.208077,0.460772,0.449401,0.011370
2013-10-10,4.210815,0.463004,0.450625,0.012379
2013-10-11,4.213552,0.464381,0.451847,0.012534
2013-10-12,4.216290,0.463931,0.453066,0.010865
2013-10-13,4.219028,0.470633,0.454282,0.016352
2013-10-14,4.221766,0.485404,0.455495,0.029909
2013-10-15,4.224504,0.492649,0.456705,0.035944
2013-10-16,4.227242,0.506510,0.457912,0.048598
2013-10-17,4.229979,0.502706,0.459117,0.043590
2013-10-18,4.232717,0.518692,0.460318,0.058374
2013-10-19,4.235455,0.552557,0.461517,0.091040
2013-10-20,4.238193,0.563188,0.462712,0.100476
2013-10-21,4.240931,0.582610,0.463905,0.118705
2013-10-22,4.243669,0.611404,0.465094,0.146309
2013-10-23,4.246407,0.631353,0.466280,0.165073
2013-10-24,4.249144,0.626412,0.467464,0.158949
2013-10-25,4.251882,0.597609,0.468644,0.128965
2013-10-26,4.254620,0.595819,0.469821,0.125998
2013-10-27,4.257358,0.602516,0.470994,0.131522
2013-10-28,4.260096,0.620393,0.472165,0.148228
2013-10-29,4.262834,0.627893,0.473332,0.154561
2013-10-30,4.265572,0.633873,0.474496,0.159377
2013-10-31,4.268309,0.630886,0.475657,0.155229
2013-11-01,4.271047,0.635688,0.476814,0.158874
2013-11-02,4.273785,0.635597,0.477968,0.157629
2013-11-03,4.276523,0.638377,0.479119,0.159258
2013-11-04,4.279261,0.654505,0.480266,0.174238
2013-11-05,4.281999,0.694164,0.481410,0.212754
2013-11-06,4.284736,0.728238,0.482550,0.245687
2013-11-07,4.287474,0.769087,0.483687,0.285400
2013-11-08,4.290212,0.815884,0.484821,0.331064
2013-11-09,4.292950,0.858211,0.485950,0.372260
2013-11-10,4.295688,0.802901,0.487076,0.315825
2013-11-11,4.298426,0.839979,0.488199,0.351780
2013-11-12,4.301164,0.862946,0.489318,0.373628
2013-11-13,4.303901,0.891430,0.490433,0.400997
2013-11-14,4.306639,0.929477,0.491545,0.437932
2013-11-15,4.309377,0.932463,0.492653,0.439810
2013-11-16,4.312115,0.939010,0.493757,0.445253
2013-11-17,4.314853,0.970729,0.494858,0.475871
2013-11-18,4.317591,1.046845,0.495954,0.550890
2013-11-19,4.320329,1.104728,0.497047,0.607680
2013-11-20,4.323066,1.024577,0.498136,0.526441
2013-11-21,4.325804,1.112210,0.499222,0.612988
2013-11-22,4.328542,1.160606,0.500303,0.660303
2013-11-23,4.331280,1.214585,0.501380,0.713205
2013-11-24,4.334018,1.190015,0.502454,0.687561
2013-11-25,4.336756,1.196415,0.503524,0.692891
2013-11-26,4.339493,1.214061,0.504589,0.709472
2013-11-27,4.342231,1.258015,0.505651,0.752364
2013-11-28,4.344969,1.287377,0.506708,0.780669
2013-11-29,4.347707,1.316748,0.507762,0.808987
2013-11-30,4.350445,1.340488,0.508811,0.831677
2013-12-01,4.353183,1.282706,0.509856,0.772849
2013-12-02,4.355921,1.285273,0.510898,0.774376
2013-12-03,4.358658,1.301874,0.511935,0.789939
2013-12-04,4.361396,1.318631,0.512968,0.805664
2013-12-05,4.364134,1.294646,0.513996,0.780650
2013-12-06,4.366872,1.255809,0.515021,0.740789
2013-12-07,4.369610,1.152377,0.516041,0.636336
2013-12-08,4.372348,1.143474,0.517057,0.626417
2013-12-09,4.375086,1.215270,0.518068,0.697202
2013-12-10,4.377823,1.249343,0.519076,0.730267
2013-12-11,4.380561,1.234464,0.520079,0.714385
2013-12-12,4.383299,1.212076,0.521077,0.690998
2013-12-13,4.386037,1.219376,0.522071,0.697305
2013-12-14,4.388775,1.208378,0.523061,0.685317
2013-12-15,4.391513,1.185653,0.524046,0.661607
2013-12-16,4.394251,1.165783,0.525027,0.640756
2013-12-17,4.396988,1.107172,0.526004,0.581168
2013-12-18,4.399726,1.013873,0.526976,0.486897
2013-12-19,4.402464,1.055043,0.527943,0.527100
2013-12-20,4.405202,1.088485,0.528906,0.559580
2013-12-21,4.407940,1.048254,0.529864,0.518390
2013-12-22,4.410678,1.056749,0.530818,0.525931
2013-12-23,4.413415,1.062277,0.531767,0.530510
2013-12-24,4.416153,1.069604,0.532711,0.536893
2013-12-25,4.418891,1.072305,0.533651,0.538654
2013-12-26,4.421629,1.106838,0.534586,0.572252
2013-12-27,4.424367,1.114737,0.535516,0.579221
2013-12-28,4.427105,1.109265,0.536442,0.572823
2013-12-29,4.429843,1.104203,0.537363,0.566840
2013-12-30,4.432580,1.113577,0.538279,0.575298
2013-12-31,4.435318,1.109065,0.539190,0.569875
2014-01-01,4.438056,1.116170,0.540097,0.576073
2014-01-02,4.440794,1.123661,0.540999,0.582663
2014-01-03,4.443532,1.143028,0.541895,0.601132
2014-01-04,4.446270,1.147920,0.542787,0.605133
2014-01-05,4.449008,1.177324,0.543674,0.633650
2014-01-06,4.451745,1.209178,0.544556,0.664621
2014-01-07,4.454483,1.181085,0.545434,0.635652
2014-01-08,4.457221,1.147765,0.546306,0.601459
2014-01-09,4.459959,1.150316,0.547173,0.603143
2014-01-10,4.462697,1.150821,0.548035,0.602785
2014-01-11,4.465435,1.176194,0.548893,0.627301
2014-01-12,4.468172,1.169038,0.549745,0.619293
2014-01-13,4.470910,1.145015,0.550592,0.594423
2014-01-14,4.473648,1.144663,0.551434,0.593229
2014-01-15,4.476386,1.150175,0.552271,0.597904
2014-01-16,4.479124,1.145453,0.553103,0.592350
2014-01-17,4.481862,1.128658,0.553930,0.574728
2014-01-18,4.484600,1.131105,0.554751,0.576354
2014-01-19,4.487337,1.134231,0.555568,0.578663
2014-01-20,4.490075,1.139089,0.556379,0.582710
2014-01-21,4.492813,1.133394,0.557185,0.576209
2014-01-22,4.495551,1.129596,0.557986,0.571610
2014-01-23,4.498289,1.127476,0.558781,0.568695
2014-01-24,4.501027,1.114620,0.559571,0.555049
2014-01-25,4.503765,1.116503,0.560356,0.556147
2014-01-26,4.506502,1.120506,0.561136,0.559370
2014-01-27,4.509240,1.115062,0.561910,0.553152
2014-01-28,4.511978,1.104252,0.562679,0.541573
2014-01-29,4.514716,1.108195,0.563443,0.544752
2014-01-30,4.517454,1.105879,0.564201,0.541678
2014-01-31,4.520192,1.108985,0.564954,0.544031
2014-02-01,4.522930,1.112918,0.565701,0.547217
2014-02-02,4.525667,1.113749,0.566443,0.547306
2014-02-03,4.528405,1.109031,0.567180,0.541851
2014-02-04,4.531143,1.106349,0.567911,0.538438
2014-02-05,4.533881,1.101947,0.568637,0.533310
2014-02-06,4.536619,1.088974,0.569357,0.519618
2014-02-07,4.539357,1.054397,0.570071,0.484326
2014-02-08,4.542094,1.041347,0.570780,0.470566
2014-02-09,4.544832,1.035154,0.571484,0.463670
2014-02-10,4.547570,1.019320,0.572182,0.447138
2014-02-11,4.550308,1.028553,0.572874,0.455679
2014-02-12,4.553046,1.010325,0.573561,0.436764
2014-02-13,4.555784,0.994288,0.574242,0.420046
2014-02-14,4.558522,0.978921,0.574918,0.404003
2014-02-15,4.561259,0.993034,0.575588,0.417447
2014-02-16,4.563997,0.978776,0.576252,0.402525
2014-02-17,4.566735,0.976788,0.576910,0.399877
2014-02-18,4.569473,0.972681,0.577563,0.395117
2014-02-19,4.572211,0.967401,0.578210,0.389191
2014-02-20,4.574949,0.943726,0.578852,0.364874
2014-02-21,4.577687,0.918511,0.579487,0.339024
2014-02-22,4.580424,0.928908,0.580117,0.348791
2014-02-23,4.583162,0.955002,0.580742,0.374260
2014-02-24,4.585900,0.921086,0.581360,0.339726
2014-02-25,4.588638,0.862944,0.581973,0.280972
2014-02-26,4.591376,0.926703,0.582579,0.344124
2014-02-27,4.594114,0.932168,0.583180,0.348988
2014-02-28,4.596851,0.921499,0.583775,0.337723
2014-03-01,4.599589,0.915914,0.584365,0.331549
2014-03-02,4.602327,0.916520,0.584948,0.331572
2014-03-03,4.605065,0.948241,0.585526,0.362715
2014-03-04,4.607803,0.988537,0.586097,0.402440
2014-03-05,4.610541,0.982042,0.586663,0.395379
2014-03-06,4.613279,0.981196,0.587223,0.393973
2014-03-07,4.616016,0.963796,0.587777,0.376019
2014-03-08,4.618754,0.948969,0.588325,0.360644
2014-03-09,4.621492,0.951557,0.588867,0.362690
2014-03-10,4.624230,0.951172,0.589403,0.361769
2014-03-11,4.626968,0.947067,0.589933,0.357135
2014-03-12,4.629706,0.953604,0.590457,0.363148
2014-03-13,4.632444,0.954995,0.590975,0.364021
2014-03-14,4.635181,0.949914,0.591487,0.358427
2014-03-15,4.637919,0.948247,0.591993,0.356254
2014-03-16,4.640657,0.947432,0.592493,0.354939
2014-03-17,4.643395,0.940486,0.592987,0.347500
2014-03-18,4.646133,0.930620,0.593474,0.337146
2014-03-19,4.648871,0.929372,0.593956,0.335416
2014-03-20,4.651608,0.915513,0.594432,0.321081
2014-03-21,4.654346,0.903609,0.594901,0.308707
2014-03-22,4.657084,0.887401,0.595365,0.292036
2014-03-23,4.659822,0.887609,0.595822,0.291787
2014-03-24,4.662560,0.885737,0.596273,0.289463
2014-03-25,4.665298,0.894905,0.596718,0.298187
2014-03-26,4.668036,0.895055,0.597157,0.297898
2014-03-27,4.670773,0.866701,0.597590,0.269111
2014-03-28,4.673511,0.835312,0.598017,0.237295
2014-03-29,4.676249,0.827198,0.598437,0.228761
2014-03-30,4.678987,0.798623,0.598851,0.199771
2014-03-31,4.681725,0.785753,0.599259,0.186494
2014-04-01,4.684463,0.801728,0.599661,0.202067
2014-04-02,4.687201,0.789029,0.600057,0.188972
2014-04-03,4.689938,0.760964,0.600446,0.160518
2014-04-04,4.692676,0.767929,0.600829,0.167100
2014-04-05,4.695414,0.773486,0.601206,0.172280
2014-04-06,4.698152,0.777922,0.601576,0.176346
2014-04-07,4.700890,0.773865,0.601941,0.171924
2014-04-08,4.703628,0.771576,0.602299,0.169277
2014-04-09,4.706366,0.765115,0.602651,0.162464
2014-04-10,4.709103,0.723005,0.602996,0.120009
2014-04-11,4.711841,0.713916,0.603335,0.110580
2014-04-12,4.714579,0.740308,0.603668,0.136640
2014-04-13,4.717317,0.727689,0.603995,0.123694
2014-04-14,4.720055,0.754488,0.604315,0.150173
2014-04-15,4.722793,0.794387,0.604629,0.189758
2014-04-16,4.725530,0.816917,0.604936,0.211981
2014-04-17,4.728268,0.805826,0.605238,0.200588
2014-04-18,4.731006,0.790362,0.605533,0.184829
2014-04-19,4.733744,0.793428,0.605821,0.187607
2014-04-20,4.736482,0.801303,0.606103,0.195199
2014-04-21,4.739220,0.797032,0.606379,0.190653
2014-04-22,4.741958,0.790792,0.606649,0.184143
2014-04-23,4.744695,0.784559,0.606912,0.177648
2014-04-24,4.747433,0.783085,0.607168,0.175917
2014-04-25,4.750171,0.758528,0.607418,0.151110
2014-04-26,4.752909,0.753824,0.607662,0.146162
2014-04-27,4.755647,0.744830,0.607900,0.136930
2014-04-28,4.758385,0.729455,0.608131,0.121324
2014-04-29,4.761123,0.733241,0.608355,0.124885
2014-04-30,4.763860,0.733735,0.608574,0.125161
2014-05-01,4.766598,0.742283,0.608785,0.133497
2014-05-02,4.769336,0.736639,0.608991,0.127649
2014-05-03,4.772074,0.725827,0.609190,0.116638
2014-05-04,4.774812,0.718658,0.609382,0.109276
2014-05-05,4.777550,0.714745,0.609568,0.105177
2014-05-06,4.780287,0.709648,0.609748,0.099900
2014-05-07,4.783025,0.717909,0.609921,0.107988
2014-05-08,4.785763,0.721792,0.610088,0.111704
2014-05-09,4.788501,0.724410,0.610248,0.114162
2014-05-10,4.791239,0.726546,0.610401,0.116145
2014-05-11,4.793977,0.717495,0.610549,0.106947
2014-05-12,4.796715,0.712027,0.610690,0.101337
2014-05-13,4.799452,0.710404,0.610824,0.099580
2014-05-14,4.802190,0.713223,0.610952,0.102271
2014-05-15,4.804928,0.715925,0.611073,0.104852
2014-05-16,4.807666,0.715344,0.611188,0.104156
2014-05-17,4.810404,0.715085,0.611296,0.103789
2014-05-18,4.813142,0.711213,0.611398,0.099815
2014-05-19,4.815880,0.708486,0.611494,0.096993
2014-05-20,4.818617,0.728364,0.611583,0.116781
2014-05-21,4.821355,0.749236,0.611665,0.137571
2014-05-22,4.824093,0.764056,0.611741,0.152315
2014-05-23,4.826831,0.777705,0.611810,0.165894
2014-05-24,4.829569,0.769108,0.611873,0.157235
2014-05-25,4.832307,0.799414,0.611930,0.187484
2014-05-26,4.835044,0.815261,0.611980,0.203281
2014-05-27,4.837782,0.808848,0.612023,0.196825
2014-05-28,4.840520,0.807643,0.612060,0.195583
2014-05-29,4.843258,0.803574,0.612090,0.191483
2014-05-30,4.845996,0.824413,0.612114,0.212299
2014-05-31,4.848734,0.839464,0.612131,0.227332
2014-06-01,4.851472,0.854777,0.612142,0.242634
2014-06-02,4.854209,0.848848,0.612147,0.236701
2014-06-03,4.856947,0.866592,0.612145,0.254448
2014-06-04,4.859685,0.850104,0.612136,0.237968
2014-06-05,4.862423,0.855945,0.612121,0.243824
2014-06-06,4.865161,0.856347,0.612099,0.244248
2014-06-07,4.867899,0.852044,0.612071,0.239973
2014-06-08,4.870637,0.852814,0.612036,0.240778
2014-06-09,4.873374,0.847898,0.611995,0.235903
2014-06-10,4.876112,0.848004,0.611947,0.236057
2014-06-11,4.878850,0.840127,0.611893,0.228234
2014-06-12,4.881588,0.823339,0.611833,0.211506
2014-06-13,4.884326,0.803893,0.611765,0.192128
2014-06-14,4.887064,0.787158,0.611692,0.175467
2014-06-15,4.889802,0.778913,0.611611,0.167301
2014-06-16,4.892539,0.800069,0.611525,0.188545
2014-06-17,4.895277,0.800564,0.611432,0.189133
2014-06-18,4.898015,0.807981,0.611332,0.196649
2014-06-19,4.900753,0.804851,0.611226,0.193625
2014-06-20,4.903491,0.794209,0.611113,0.183095
2014-06-21,4.906229,0.791931,0.610994,0.180937
2014-06-22,4.908966,0.798696,0.610868,0.187828
2014-06-23,4.911704,0.789454,0.610736,0.178717
2014-06-24,4.914442,0.785845,0.610598,0.175247
2014-06-25,4.917180,0.771924,0.610453,0.161471
2014-06-26,4.919918,0.771404,0.610301,0.161103
2014-06-27,4.922656,0.779844,0.610143,0.169701
2014-06-28,4.925394,0.788052,0.609979,0.178073
2014-06-29,4.928131,0.785633,0.609808,0.175825
2014-06-30,4.930869,0.803390,0.609631,0.193759
2014-07-01,4.933607,0.819558,0.609447,0.210111
2014-07-02,4.936345,0.817681,0.609257,0.208424
2014-07-03,4.939083,0.815314,0.609060,0.206254
2014-07-04,4.941821,0.808247,0.608857,0.199390
2014-07-05,4.944559,0.801813,0.608648,0.193166
2014-07-06,4.947296,0.803956,0.608432,0.195524
2014-07-07,4.950034,0.797356,0.608209,0.189147
2014-07-08,4.952772,0.792212,0.607981,0.184231
2014-07-09,4.955510,0.791620,0.607745,0.183875
2014-07-10,4.958248,0.786678,0.607504,0.179174
2014-07-11,4.960986,0.789001,0.607256,0.181745
2014-07-12,4.963723,0.794224,0.607002,0.187222
2014-07-13,4.966461,0.791598,0.606741,0.184858
2014-07-14,4.969199,0.785605,0.606474,0.179131
2014-07-15,4.971937,0.783484,0.606200,0.177284
2014-07-16,4.974675,0.780720,0.605920,0.174799
2014-07-17,4.977413,0.779963,0.605634,0.174329
2014-07-18,4.980151,0.781296,0.605342,0.175955
2014-07-19,4.982888,0.782368,0.605043,0.177325
2014-07-20,4.985626,0.779206,0.604737,0.174468
2014-07-21,4.988364,0.776396,0.604426,0.171970
2014-07-22,4.991102,0.773858,0.604108,0.169750
2014-07-23,4.993840,0.772025,0.603784,0.168242
2014-07-24,4.996578,0.763508,0.603453,0.160055
2014-07-25,4.999316,0.756732,0.603116,0.153616
2014-07-26,5.002053,0.751293,0.602773,0.148520
2014-07-27,5.004791,0.749906,0.602424,0.147482
2014-07-28,5.007529,0.740506,0.602068,0.138438
2014-07-29,5.010267,0.739019,0.601706,0.137313
2014-07-30,5.013005,0.730630,0.601338,0.129292
2014-07-31,5.015743,0.730608,0.600963,0.129645
2014-08-01,5.018480,0.738721,0.600583,0.138138
2014-08-02,5.021218,0.739597,0.600196,0.139402
2014-08-03,5.023956,0.734038,0.599803,0.134236
2014-08-04,5.026694,0.735290,0.599403,0.135887
2014-08-05,5.029432,0.730336,0.598998,0.131338
2014-08-06,5.032170,0.727646,0.598586,0.129060
2014-08-07,5.034908,0.728725,0.598168,0.130557
2014-08-08,5.037645,0.731521,0.597744,0.133777
2014-08-09,5.040383,0.727558,0.597313,0.130244
2014-08-10,5.043121,0.727895,0.596877,0.131018
2014-08-11,5.045859,0.722928,0.596434,0.126494
2014-08-12,5.048597,0.711457,0.595986,0.115472
2014-08-13,5.051335,0.697445,0.595531,0.101914
2014-08-14,5.054073,0.669217,0.595070,0.074147
2014-08-15,5.056810,0.659859,0.594603,0.065256
2014-08-16,5.059548,0.655106,0.594130,0.060976
2014-08-17,5.062286,0.653958,0.593650,0.060308
2014-08-18,5.065024,0.629171,0.593165,0.036006
2014-08-19,5.067762,0.629494,0.592674,0.036820
2014-08-20,5.070500,0.640665,0.592176,0.048489
2014-08-21,5.073238,0.662182,0.591673,0.070510
2014-08-22,5.075975,0.656697,0.591163,0.065534
2014-08-23,5.078713,0.647335,0.590648,0.056687
2014-08-24,5.081451,0.649082,0.590126,0.058956
2014-08-25,5.084189,0.642226,0.589599,0.052628
2014-08-26,5.086927,0.645521,0.589065,0.056456
2014-08-27,5.089665,0.651685,0.588526,0.063160
2014-08-28,5.092402,0.641906,0.587980,0.053925
2014-08-29,5.095140,0.643825,0.587429,0.056396
2014-08-30,5.097878,0.638143,0.586872,0.051272
2014-08-31,5.100616,0.625330,0.586309,0.039021
2014-09-01,5.103354,0.615881,0.585740,0.030141
2014-09-02,5.106092,0.618915,0.585165,0.033750
2014-09-03,5.108830,0.607715,0.584584,0.023131
2014-09-04,5.111567,0.610361,0.583997,0.026363
2014-09-05,5.114305,0.613239,0.583405,0.029834
2014-09-06,5.117043,0.617099,0.582806,0.034293
2014-09-07,5.119781,0.609533,0.582202,0.027331
2014-09-08,5.122519,0.599553,0.581592,0.017961
2014-09-09,5.125257,0.594019,0.580976,0.013043
2014-09-10,5.127995,0.602075,0.580355,0.021720
2014-09-11,5.130732,0.598321,0.579728,0.018594
2014-09-12,5.133470,0.594520,0.579095,0.015426
2014-09-13,5.136208,0.595778,0.578456,0.017322
2014-09-14,5.138946,0.597962,0.577811,0.020151
2014-09-15,5.141684,0.592220,0.577161,0.015059
2014-09-16,5.144422,0.589174,0.576505,0.012668
2014-09-17,5.147159,0.574245,0.575844,-0.001599
2014-09-18,5.149897,0.554177,0.575177,-0.021000
2014-09-19,5.152635,0.518352,0.574504,-0.056152
2014-09-20,5.155373,0.523816,0.573826,-0.050009
2014-09-21,5.158111,0.516508,0.573142,-0.056633
2014-09-22,5.160849,0.504563,0.572452,-0.067889
2014-09-23,5.163587,0.522708,0.571757,-0.049049
2014-09-24,5.166324,0.536085,0.571056,-0.034971
2014-09-25,5.169062,0.517867,0.570350,-0.052483
2014-09-26,5.171800,0.510883,0.569638,-0.058755
2014-09-27,5.174538,0.506195,0.568921,-0.062726
2014-09-28,5.177276,0.499469,0.568198,-0.068729
2014-09-29,5.180014,0.478636,0.567470,-0.088834
2014-09-30,5.182752,0.478318,0.566736,-0.088418
2014-10-01,5.185489,0.482983,0.565997,-0.083014
2014-10-02,5.188227,0.472947,0.565252,-0.092305
2014-10-03,5.190965,0.462516,0.564502,-0.101986
2014-10-04,5.193703,0.434917,0.563747,-0.128830
2014-10-05,5.196441,0.390988,0.562986,-0.171998
2014-10-06,5.199179,0.399876,0.562220,-0.162344
2014-10-07,5.201916,0.406227,0.561449,-0.155222
2014-10-08,5.204654,0.409000,0.560672,-0.151672
2014-10-09,5.207392,0.449438,0.559890,-0.110452
2014-10-10,5.210130,0.435828,0.559103,-0.123275
2014-10-11,5.212868,0.432868,0.558310,-0.125442
2014-10-12,5.215606,0.444419,0.557512,-0.113093
2014-10-13,5.218344,0.458328,0.556709,-0.098381
2014-10-14,5.221081,0.485504,0.555901,-0.070397
2014-10-15,5.223819,0.476201,0.555088,-0.078887
2014-10-16,5.226557,0.466413,0.554269,-0.087856
2014-10-17,5.229295,0.457614,0.553446,-0.095832
2014-10-18,5.232033,0.460454,0.552617,-0.092163
2014-10-19,5.234771,0.465065,0.551783,-0.086718
2014-10-20,5.237509,0.458087,0.550944,-0.092857
2014-10-21,5.240246,0.460709,0.550100,-0.089391
2014-10-22,5.242984,0.456945,0.549251,-0.092306
2014-10-23,5.245722,0.437877,0.548396,-0.110520
2014-10-24,5.248460,0.424112,0.547537,-0.123425
2014-10-25,5.251198,0.416085,0.546673,-0.130588
2014-10-26,5.253936,0.417878,0.545804,-0.127926
2014-10-27,5.256674,0.416614,0.544930,-0.128316
2014-10-28,5.259411,0.413228,0.544051,-0.130822
2014-10-29,5.262149,0.402591,0.543167,-0.140575
2014-10-30,5.264887,0.393724,0.542278,-0.148554
2014-10-31,5.267625,0.396842,0.541384,-0.144543
2014-11-01,5.270363,0.380230,0.540486,-0.160256
2014-11-02,5.273101,0.372067,0.539583,-0.167515
2014-11-03,5.275838,0.373248,0.538675,-0.165427
2014-11-04,5.278576,0.371220,0.537762,-0.166541
2014-11-05,5.281314,0.382277,0.536844,-0.154567
2014-11-06,5.284052,0.390730,0.535922,-0.145192
2014-11-07,5.286790,0.390906,0.534994,-0.144089
2014-11-08,5.289528,0.388413,0.534063,-0.145649
2014-11-09,5.292266,0.394283,0.533126,-0.138843
2014-11-10,5.295003,0.411581,0.532185,-0.120604
2014-11-11,5.297741,0.413397,0.531239,-0.117842
2014-11-12,5.300479,0.443816,0.530289,-0.086473
2014-11-13,5.303217,0.474033,0.529334,-0.055301
2014-11-14,5.305955,0.447161,0.528375,-0.081214
2014-11-15,5.308693,0.432099,0.527410,-0.095311
2014-11-16,5.311431,0.430707,0.526442,-0.095735
2014-11-17,5.314168,0.441226,0.525469,-0.084242
2014-11-18,5.316906,0.423804,0.524491,-0.100688
2014-11-19,5.319644,0.418898,0.523509,-0.104611
2014-11-20,5.322382,0.401804,0.522523,-0.120719
2014-11-21,5.325120,0.389227,0.521532,-0.132305
2014-11-22,5.327858,0.389115,0.520537,-0.131422
2014-11-23,5.330595,0.390024,0.519538,-0.129514
2014-11-24,5.333333,0.408440,0.518534,-0.110094
2014-11-25,5.336071,0.416535,0.517526,-0.100991
2014-11-26,5.338809,0.402060,0.516513,-0.114453
2014-11-27,5.341547,0.400788,0.515496,-0.114708
2014-11-28,5.344285,0.397774,0.514475,-0.116701
2014-11-29,5.347023,0.406576,0.513450,-0.106874
2014-11-30,5.349760,0.405581,0.512421,-0.106840
2014-12-01,5.352498,0.397215,0.511387,-0.114172
2014-12-02,5.355236,0.404872,0.510350,-0.105478
2014-12-03,5.357974,0.401554,0.509308,-0.107754
2014-12-04,5.360712,0.395834,0.508262,-0.112429
2014-12-05,5.363450,0.393071,0.507212,-0.114141
2014-12-06,5.366188,0.394580,0.506158,-0.111578
2014-12-07,5.368925,0.392262,0.505100,-0.112838
2014-12-08,5.371663,0.385918,0.504038,-0.118121
2014-12-09,5.374401,0.364935,0.502972,-0.138038
2014-12-10,5.377139,0.364453,0.501903,-0.137450
2014-12-11,5.379877,0.362233,0.500829,-0.138596
2014-12-12,5.382615,0.363185,0.499751,-0.136566
2014-12-13,5.385352,0.356726,0.498670,-0.141944
2014-12-14,5.388090,0.357080,0.497584,-0.140505
2014-12-15,5.390828,0.352585,0.496495,-0.143910
2014-12-16,5.393566,0.337306,0.495402,-0.158096
2014-12-17,5.396304,0.319717,0.494305,-0.174588
2014-12-18,5.399042,0.311296,0.493205,-0.181909
2014-12-19,5.401780,0.304800,0.492100,-0.187301
2014-12-20,5.404517,0.316438,0.490993,-0.174554
2014-12-21,5.407255,0.314300,0.489881,-0.175581
2014-12-22,5.409993,0.316750,0.488766,-0.172016
2014-12-23,5.412731,0.323108,0.487647,-0.164539
2014-12-24,5.415469,0.317416,0.486525,-0.169109
2014-12-25,5.418207,0.303549,0.485399,-0.181849
2014-12-26,5.420945,0.306527,0.484269,-0.177742
2014-12-27,5.423682,0.301231,0.483136,-0.181905
2014-12-28,5.426420,0.296211,0.482000,-0.185789
2014-12-29,5.429158,0.294332,0.480860,-0.186528
2014-12-30,5.431896,0.289622,0.479716,-0.190094
2014-12-31,5.434634,0.289222,0.478570,-0.189347
2015-01-01,5.437372,0.291237,0.477420,-0.186182
2015-01-02,5.440110,0.289181,0.476266,-0.187085
2015-01-03,5.442847,0.271101,0.475109,-0.204008
2015-01-04,5.445585,0.228558,0.473949,-0.245392
2015-01-05,5.448323,0.223118,0.472786,-0.249668
2015-01-06,5.451061,0.227205,0.471619,-0.244414
2015-01-07,5.453799,0.244273,0.470450,-0.226176
2015-01-08,5.456537,0.248439,0.469277,-0.220838
2015-01-09,5.459274,0.242556,0.468101,-0.225545
2015-01-10,5.462012,0.231576,0.466921,-0.235345
2015-01-11,5.464750,0.218974,0.465739,-0.246765
2015-01-12,5.467488,0.211020,0.464554,-0.253534
2015-01-13,5.470226,0.164509,0.463365,-0.298856
2015-01-14,5.472964,0.072149,0.462174,-0.390024
2015-01-15,5.475702,0.091059,0.460979,-0.369920
2015-01-16,5.478439,0.100691,0.459782,-0.359090
2015-01-17,5.481177,0.077288,0.458581,-0.381293
2015-01-18,5.483915,0.089261,0.457378,-0.368117
2015-01-19,5.486653,0.097928,0.456172,-0.358244
2015-01-20,5.489391,0.095175,0.454963,-0.359788
2015-01-21,5.492129,0.103627,0.453751,-0.350124
2015-01-22,5.494867,0.130548,0.452537,-0.321988
2015-01-23,5.497604,0.128303,0.451319,-0.323017
2015-01-24,5.500342,0.142094,0.450099,-0.308005
2015-01-25,5.503080,0.161300,0.448877,-0.287577
2015-01-26,5.505818,0.211284,0.447651,-0.236367
2015-01-27,5.508556,0.179060,0.446423,-0.267363
2015-01-28,5.511294,0.165970,0.445192,-0.279222
2015-01-29,5.514031,0.128811,0.443959,-0.315148
2015-01-30,5.516769,0.126485,0.442723,-0.316238
2015-01-31,5.519507,0.118649,0.441485,-0.322836
2015-02-01,5.522245,0.101574,0.440244,-0.338670
2015-02-02,5.524983,0.112968,0.439001,-0.326033
2015-02-03,5.527721,0.130483,0.437755,-0.307272
2015-02-04,5.530459,0.111363,0.436507,-0.325143
2015-02-05,5.533196,0.098439,0.435256,-0.336817
2015-02-06,5.535934,0.093715,0.434003,-0.340288
2015-02-07,5.538672,0.102308,0.432748,-0.330439
2015-02-08,5.541410,0.101601,0.431490,-0.329889
2015-02-09,5.544148,0.092417,0.430230,-0.337814
2015-02-10,5.546886,0.087047,0.428968,-0.341921
2015-02-11,5.549624,0.088413,0.427704,-0.339291
2015-02-12,5.552361,0.087950,0.426437,-0.338488
2015-02-13,5.555099,0.108977,0.425169,-0.316191
2015-02-14,5.557837,0.131185,0.423898,-0.292713
2015-02-15,5.560575,0.137297,0.422625,-0.285328
2015-02-16,5.563313,0.112686,0.421350,-0.308664
2015-02-17,5.566051,0.117632,0.420073,-0.302441
2015-02-18,5.568789,0.117377,0.418794,-0.301417
2015-02-19,5.571526,0.115161,0.417513,-0.302353
2015-02-20,5.574264,0.121713,0.416231,-0.294518
2015-02-21,5.577002,0.121338,0.414946,-0.293608
2015-02-22,5.579740,0.116253,0.413659,-0.297407
2015-02-23,5.582478,0.106718,0.412371,-0.305653
2015-02-24,5.585216,0.109088,0.411080,-0.301992
2015-02-25,5.587953,0.107396,0.409788,-0.302392
2015-02-26,5.590691,0.103917,0.408494,-0.304577
2015-02-27,5.593429,0.124480,0.407199,-0.282718
2015-02-28,5.596167,0.128388,0.405902,-0.277514
2015-03-01,5.598905,0.126859,0.404603,-0.277744
2015-03-02,5.601643,0.143902,0.403302,-0.259400
2015-03-03,5.604381,0.162572,0.402000,-0.239428
2015-03-04,5.607118,0.168591,0.400696,-0.232105
2015-03-05,5.609856,0.156169,0.399391,-0.243222
2015-03-06,5.612594,0.156095,0.398084,-0.241989
2015-03-07,5.615332,0.156127,0.396775,-0.240649
2015-03-08,5.618070,0.158211,0.395466,-0.237254
2015-03-09,5.620808,0.166667,0.394154,-0.227488
2015-03-10,5.623546,0.181356,0.392842,-0.211485
2015-03-11,5.626283,0.182817,0.391528,-0.208710
2015-03-12,5.629021,0.183204,0.390212,-0.207009
2015-03-13,5.631759,0.177879,0.388896,-0.211017
2015-03-14,5.634497,0.170527,0.387578,-0.217051
2015-03-15,5.637235,0.166572,0.386259,-0.219687
2015-03-16,5.639973,0.174536,0.384938,-0.210403
2015-03-17,5.642710,0.170196,0.383617,-0.213421
2015-03-18,5.645448,0.146068,0.382294,-0.236226
2015-03-19,5.648186,0.120561,0.380970,-0.260410
2015-03-20,5.650924,0.124400,0.379646,-0.255246
2015-03-21,5.653662,0.120432,0.378320,-0.257888
2015-03-22,5.656400,0.122372,0.376993,-0.254621
2015-03-23,5.659138,0.129846,0.375665,-0.245819
2015-03-24,5.661875,0.110709,0.374336,-0.263627
2015-03-25,5.664613,0.090935,0.373006,-0.282071
2015-03-26,5.667351,0.097556,0.371675,-0.274119
2015-03-27,5.670089,0.092809,0.370344,-0.277535
2015-03-28,5.672827,0.097468,0.369011,-0.271544
2015-03-29,5.675565,0.086867,0.367678,-0.280811
2015-03-30,5.678303,0.086506,0.366344,-0.279838
2015-03-31,5.681040,0.084602,0.365009,-0.280407
2015-04-01,5.683778,0.079615,0.363674,-0.284059
2015-04-02,5.686516,0.085331,0.362338,-0.277007
2015-04-03,5.689254,0.092450,0.361001,-0.268551
2015-04-04,5.691992,0.091976,0.359663,-0.267687
2015-04-05,5.694730,0.095913,0.358325,-0.262413
2015-04-06,5.697467,0.095558,0.356987,-0.261428
2015-04-07,5.700205,0.089071,0.355648,-0.266577
2015-04-08,5.702943,0.081028,0.354308,-0.273280
2015-04-09,5.705681,0.073437,0.352968,-0.279531
2015-04-10,5.708419,0.062479,0.351628,-0.289149
2015-04-11,5.711157,0.057887,0.350287,-0.292400
2015-04-12,5.713895,0.056144,0.348945,-0.292801
2015-04-13,5.716632,0.046106,0.347604,-0.301498
2015-04-14,5.719370,0.025532,0.346262,-0.320730
2015-04-15,5.722108,0.025552,0.344920,-0.319368
2015-04-16,5.724846,0.034186,0.343577,-0.309392
2015-04-17,5.727584,0.028172,0.342235,-0.314063
2015-04-18,5.730322,0.024281,0.340892,-0.316611
2015-04-19,5.733060,0.025694,0.339549,-0.313855
2015-04-20,5.735797,0.024334,0.338206,-0.313872
2015-04-21,5.738535,0.026560,0.336863,-0.310302
2015-04-22,5.741273,0.040949,0.335520,-0.294570
2015-04-23,5.744011,0.038825,0.334176,-0.295351
2015-04-24,5.746749,0.034157,0.332833,-0.298677
2015-04-25,5.749487,0.027049,0.331490,-0.304441
2015-04-26,5.752225,0.010311,0.330147,-0.319836
2015-04-27,5.754962,0.012523,0.328804,-0.316281
2015-04-28,5.757700,0.017315,0.327461,-0.310146
2015-04-29,5.760438,0.016153,0.326118,-0.309966
2015-04-30,5.763176,0.027297,0.324776,-0.297479
2015-05-01,5.765914,0.032595,0.323434,-0.290839
2015-05-02,5.768652,0.030042,0.322092,-0.292050
2015-05-03,5.771389,0.037154,0.320750,-0.283596
2015-05-04,5.774127,0.036506,0.319408,-0.282902
2015-05-05,5.776865,0.027615,0.318067,-0.290452
2015-05-06,5.779603,0.026348,0.316727,-0.290378
2015-05-07,5.782341,0.020853,0.315387,-0.294533
2015-05-08,5.785079,0.031397,0.314047,-0.282649
2015-05-09,5.787817,0.035853,0.312707,-0.276855
2015-05-10,5.790554,0.032948,0.311369,-0.278420
2015-05-11,5.793292,0.032674,0.310030,-0.277356
2015-05-12,5.796030,0.031924,0.308693,-0.276768
2015-05-13,5.798768,0.031868,0.307356,-0.275488
2015-05-14,5.801506,0.022353,0.306019,-0.283666
2015-05-15,5.804244,0.022433,0.304683,-0.282251
2015-05-16,5.806982,0.019853,0.303348,-0.283495
2015-05-17,5.809719,0.018022,0.302014,-0.283992
2015-05-18,5.812457,0.015650,0.300680,-0.285030
2015-05-19,5.815195,0.009984,0.299348,-0.289364
2015-05-20,5.817933,0.009297,0.298016,-0.288718
2015-05-21,5.820671,0.010832,0.296684,-0.285852
2015-05-22,5.823409,0.013298,0.295354,-0.282056
2015-05-23,5.826146,0.016552,0.294025,-0.277473
2015-05-24,5.828884,0.015149,0.292697,-0.277548
2015-05-25,5.831622,0.012039,0.291369,-0.279330
2015-05-26,5.834360,0.009033,0.290043,-0.281010
2015-05-27,5.837098,0.008111,0.288718,-0.280606
2015-05-28,5.839836,0.006817,0.287393,-0.280576
2015-05-29,5.842574,0.004806,0.286070,-0.281264
2015-05-30,5.845311,-0.000500,0.284748,-0.285248
2015-05-31,5.848049,-0.004019,0.283427,-0.287446
2015-06-01,5.850787,-0.014611,0.282108,-0.296719
2015-06-02,5.853525,-0.020210,0.280789,-0.300999
2015-06-03,5.856263,-0.018947,0.279472,-0.298419
2015-06-04,5.859001,-0.020317,0.278156,-0.298473
2015-06-05,5.861739,-0.023684,0.276841,-0.300526
2015-06-06,5.864476,-0.024803,0.275528,-0.300331
2015-06-07,5.867214,-0.026594,0.274216,-0.300811
2015-06-08,5.869952,-0.023962,0.272906,-0.296868
2015-06-09,5.872690,-0.019218,0.271597,-0.290815
2015-06-10,5.875428,-0.021430,0.270290,-0.291720
2015-06-11,5.878166,-0.021167,0.268984,-0.290150
2015-06-12,5.880903,-0.021618,0.267679,-0.289297
2015-06-13,5.883641,-0.021887,0.266376,-0.288263
2015-06-14,5.886379,-0.018933,0.265075,-0.284008
2015-06-15,5.889117,-0.016275,0.263775,-0.280050
2015-06-16,5.891855,-0.004589,0.262477,-0.267067
2015-06-17,5.894593,0.009461,0.261181,-0.251720
2015-06-18,5.897331,0.005386,0.259886,-0.254500
2015-06-19,5.900068,0.002978,0.258593,-0.255616
2015-06-20,5.902806,-0.004476,0.257302,-0.261778
2015-06-21,5.905544,-0.005867,0.256013,-0.261880
2015-06-22,5.908282,-0.004102,0.254725,-0.258827
2015-06-23,5.911020,-0.006225,0.253440,-0.259665
2015-06-24,5.913758,-0.011500,0.252156,-0.263656
2015-06-25,5.916496,-0.013393,0.250874,-0.264267
2015-06-26,5.919233,-0.013750,0.249594,-0.263344
2015-06-27,5.921971,-0.008915,0.248317,-0.257232
2015-06-28,5.924709,-0.004574,0.247041,-0.251615
2015-06-29,5.927447,0.001093,0.245767,-0.244674
2015-06-30,5.930185,0.016833,0.244495,-0.227663
2015-07-01,5.932923,0.010403,0.243226,-0.232823
2015-07-02,5.935661,0.005080,0.241958,-0.236878
2015-07-03,5.938398,0.001568,0.240693,-0.239125
2015-07-04,5.941136,0.002356,0.239430,-0.237074
2015-07-05,5.943874,0.012899,0.238169,-0.225270
2015-07-06,5.946612,0.023971,0.236911,-0.212939
2015-07-07,5.949350,0.017605,0.235654,-0.218050
2015-07-08,5.952088,0.018049,0.234400,-0.216351
2015-07-09,5.954825,0.019151,0.233149,-0.213998
2015-07-10,5.957563,0.036833,0.231899,-0.195066
2015-07-11,5.960301,0.050734,0.230652,-0.179918
2015-07-12,5.963039,0.068263,0.229408,-0.161145
2015-07-13,5.965777,0.054350,0.228166,-0.173816
2015-07-14,5.968515,0.048313,0.226926,-0.178613
2015-07-15,5.971253,0.045256,0.225689,-0.180433
2015-07-16,5.973990,0.031968,0.224455,-0.192487
2015-07-17,5.976728,0.024030,0.223223,-0.199193
2015-07-18,5.979466,0.023371,0.221994,-0.198622
2015-07-19,5.982204,0.018965,0.220767,-0.201802
2015-07-20,5.984942,0.019213,0.219543,-0.200330
2015-07-21,5.987680,0.021144,0.218322,-0.197178
2015-07-22,5.990418,0.016858,0.217103,-0.200245
2015-07-23,5.993155,0.016543,0.215887,-0.199345
2015-07-24,5.995893,0.025213,0.214674,-0.189462
2015-07-25,5.998631,0.032461,0.213464,-0.181003
2015-07-26,6.001369,0.034688,0.212257,-0.177569
2015-07-27,6.004107,0.035495,0.211052,-0.175557
2015-07-28,6.006845,0.037674,0.209851,-0.172177
2015-07-29,6.009582,0.031396,0.208652,-0.177256
2015-07-30,6.012320,0.026066,0.207456,-0.181390
2015-07-31,6.015058,0.021561,0.206263,-0.184702
2015-08-01,6.017796,0.015014,0.205073,-0.190059
2015-08-02,6.020534,0.012136,0.203887,-0.191751
2015-08-03,6.023272,0.015183,0.202703,-0.187519
2015-08-04,6.026010,0.015845,0.201522,-0.185677
2015-08-05,6.028747,0.013147,0.200345,-0.187198
2015-08-06,6.031485,0.007579,0.199170,-0.191592
2015-08-07,6.034223,0.004685,0.197999,-0.193314
2015-08-08,6.036961,-0.005096,0.196831,-0.201927
2015-08-09,6.039699,-0.021239,0.195666,-0.216905
2015-08-10,6.042437,-0.020502,0.194504,-0.215007
2015-08-11,6.045175,-0.018725,0.193346,-0.212071
2015-08-12,6.047912,-0.017226,0.192191,-0.209417
2015-08-13,6.050650,-0.023658,0.191039,-0.214698
2015-08-14,6.053388,-0.023779,0.189891,-0.213670
2015-08-15,6.056126,-0.024505,0.188746,-0.213251
2015-08-16,6.058864,-0.035012,0.187605,-0.222617
2015-08-17,6.061602,-0.038043,0.186466,-0.224510
2015-08-18,6.064339,-0.046061,0.185332,-0.231393
2015-08-19,6.067077,-0.086454,0.184201,-0.270655
2015-08-20,6.069815,-0.085613,0.183073,-0.268686
2015-08-21,6.072553,-0.085628,0.181949,-0.267577
2015-08-22,6.075291,-0.093391,0.180828,-0.274219
2015-08-23,6.078029,-0.095524,0.179712,-0.275236
2015-08-24,6.080767,-0.114513,0.178598,-0.293111
2015-08-25,6.083504,-0.123296,0.177489,-0.300785
2015-08-26,6.086242,-0.104719,0.176383,-0.281102
2015-08-27,6.088980,-0.105746,0.175280,-0.281026
2015-08-28,6.091718,-0.103018,0.174182,-0.277199
2015-08-29,6.094456,-0.100175,0.173087,-0.273262
2015-08-30,6.097194,-0.104081,0.171996,-0.276077
2015-08-31,6.099932,-0.104414,0.170909,-0.275323
2015-09-01,6.102669,-0.105732,0.169825,-0.275558
2015-09-02,6.105407,-0.107221,0.168746,-0.275967
2015-09-03,6.108145,-0.109628,0.167670,-0.277298
2015-09-04,6.110883,-0.107511,0.166598,-0.274109
2015-09-05,6.113621,-0.102693,0.165530,-0.268224
2015-09-06,6.116359,-0.090059,0.164466,-0.254526
2015-09-07,6.119097,-0.089637,0.163407,-0.253043
2015-09-08,6.121834,-0.085656,0.162351,-0.248007
2015-09-09,6.124572,-0.092083,0.161299,-0.253382
2015-09-10,6.127310,-0.095995,0.160251,-0.256245
2015-09-11,6.130048,-0.093905,0.159207,-0.253112
2015-09-12,6.132786,-0.097125,0.158167,-0.255293
2015-09-13,6.135524,-0.108354,0.157132,-0.265486
2015-09-14,6.138261,-0.114089,0.156100,-0.270189
2015-09-15,6.140999,-0.114600,0.155073,-0.269674
2015-09-16,6.143737,-0.119441,0.154050,-0.273491
2015-09-17,6.146475,-0.117662,0.153031,-0.270694
2015-09-18,6.149213,-0.113570,0.152017,-0.265587
2015-09-19,6.151951,-0.117213,0.151007,-0.268219
2015-09-20,6.154689,-0.118975,0.150001,-0.268975
2015-09-21,6.157426,-0.125936,0.148999,-0.274935
2015-09-22,6.160164,-0.125067,0.148002,-0.273069
2015-09-23,6.162902,-0.123207,0.147009,-0.270215
2015-09-24,6.165640,-0.121597,0.146020,-0.267617
2015-09-25,6.168378,-0.116824,0.145036,-0.261859
2015-09-26,6.171116,-0.119703,0.144056,-0.263759
2015-09-27,6.173854,-0.122443,0.143081,-0.265523
2015-09-28,6.176591,-0.116161,0.142110,-0.258271
2015-09-29,6.179329,-0.115961,0.141143,-0.257105
2015-09-30,6.182067,-0.119051,0.140182,-0.259232
2015-10-01,6.184805,-0.119466,0.139224,-0.258690
2015-10-02,6.187543,-0.119591,0.138272,-0.257863
2015-10-03,6.190281,-0.119382,0.137324,-0.256705
2015-10-04,6.193018,-0.119344,0.136380,-0.255724
2015-10-05,6.195756,-0.120379,0.135441,-0.255820
2015-10-06,6.198494,-0.114579,0.134507,-0.249086
2015-10-07,6.201232,-0.112160,0.133577,-0.245737
2015-10-08,6.203970,-0.115010,0.132653,-0.247663
2015-10-09,6.206708,-0.115068,0.131732,-0.246800
2015-10-10,6.209446,-0.115183,0.130817,-0.246000
2015-10-11,6.212183,-0.113725,0.129906,-0.243632
2015-10-12,6.214921,-0.113760,0.129001,-0.242761
2015-10-13,6.217659,-0.113156,0.128100,-0.241256
2015-10-14,6.220397,-0.108344,0.127203,-0.235547
2015-10-15,6.223135,-0.103997,0.126312,-0.230309
2015-10-16,6.225873,-0.095736,0.125425,-0.221161
2015-10-17,6.228611,-0.081771,0.124544,-0.206315
2015-10-18,6.231348,-0.086553,0.123667,-0.210220
2015-10-19,6.234086,-0.091769,0.122795,-0.214564
2015-10-20,6.236824,-0.086660,0.121929,-0.208589
2015-10-21,6.239562,-0.087099,0.121067,-0.208166
2015-10-22,6.242300,-0.081993,0.120210,-0.202203
2015-10-23,6.245038,-0.075117,0.119358,-0.194475
2015-10-24,6.247775,-0.071523,0.118511,-0.190035
2015-10-25,6.250513,-0.058330,0.117670,-0.175999
2015-10-26,6.253251,-0.065911,0.116833,-0.182744
2015-10-27,6.255989,-0.056062,0.116001,-0.172063
2015-10-28,6.258727,-0.044844,0.115175,-0.160018
2015-10-29,6.261465,-0.033956,0.114353,-0.148309
2015-10-30,6.264203,-0.013545,0.113537,-0.127083
2015-10-31,6.266940,-0.017478,0.112726,-0.130204
2015-11-01,6.269678,-0.024149,0.111920,-0.136070
2015-11-02,6.272416,-0.001854,0.111120,-0.112974
2015-11-03,6.275154,0.051934,0.110324,-0.058390
2015-11-04,6.277892,0.117465,0.109534,0.007932
2015-11-05,6.280630,0.072479,0.108749,-0.036270
2015-11-06,6.283368,0.040505,0.107969,-0.067464
2015-11-07,6.286105,0.052304,0.107195,-0.054891
2015-11-08,6.288843,0.049375,0.106426,-0.057051
2015-11-09,6.291581,0.040116,0.105662,-0.065546
2015-11-10,6.294319,0.027936,0.104904,-0.076968
2015-11-11,6.297057,-0.034568,0.104151,-0.138719
2015-11-12,6.299795,-0.020081,0.103403,-0.123484
2015-11-13,6.302533,-0.012549,0.102661,-0.115210
2015-11-14,6.305270,-0.012909,0.101924,-0.114834
2015-11-15,6.308008,-0.021713,0.101193,-0.122906
2015-11-16,6.310746,-0.030273,0.100467,-0.130740
2015-11-17,6.313484,-0.016050,0.099746,-0.115796
2015-11-18,6.316222,-0.019141,0.099032,-0.118172
2015-11-19,6.318960,-0.023713,0.098322,-0.122035
2015-11-20,6.321697,-0.038188,0.097618,-0.135806
2015-11-21,6.324435,-0.033278,0.096920,-0.130198
2015-11-22,6.327173,-0.034878,0.096227,-0.131105
2015-11-23,6.329911,-0.037357,0.095540,-0.132897
2015-11-24,6.332649,-0.041333,0.094858,-0.136191
2015-11-25,6.335387,-0.039278,0.094182,-0.133460
2015-11-26,6.338125,-0.014104,0.093512,-0.107615
2015-11-27,6.340862,0.000644,0.092847,-0.092202
2015-11-28,6.343600,-0.000869,0.092188,-0.093056
2015-11-29,6.346338,0.004463,0.091534,-0.087072
2015-11-30,6.349076,0.021594,0.090886,-0.069293
2015-12-01,6.351814,0.010486,0.090244,-0.079758
2015-12-02,6.354552,-0.003399,0.089608,-0.093007
2015-12-03,6.357290,0.002967,0.088977,-0.086010
2015-12-04,6.360027,-0.000189,0.088352,-0.088541
2015-12-05,6.362765,0.014917,0.087733,-0.072816
2015-12-06,6.365503,0.034422,0.087119,-0.052697
2015-12-07,6.368241,0.033364,0.086512,-0.053147
2015-12-08,6.370979,0.034607,0.085910,-0.051303
2015-12-09,6.373717,0.056342,0.085314,-0.028972
2015-12-10,6.376454,0.061466,0.084724,-0.023258
2015-12-11,6.379192,0.071061,0.084139,-0.013078
2015-12-12,6.381930,0.070564,0.083561,-0.012997
2015-12-13,6.384668,0.071523,0.082988,-0.011465
2015-12-14,6.387406,0.075972,0.082421,-0.006449
2015-12-15,6.390144,0.089122,0.081860,0.007262
2015-12-16,6.392882,0.088889,0.081305,0.007584
2015-12-17,6.395619,0.086194,0.080756,0.005438
2015-12-18,6.398357,0.095077,0.080213,0.014864
2015-12-19,6.401095,0.091811,0.079676,0.012135
2015-12-20,6.403833,0.082393,0.079145,0.003249
2015-12-21,6.406571,0.067463,0.078620,-0.011156
2015-12-22,6.409309,0.067010,0.078100,-0.011091
2015-12-23,6.412047,0.067803,0.077587,-0.009784
2015-12-24,6.414784,0.079789,0.077080,0.002710
2015-12-25,6.417522,0.079944,0.076578,0.003365
2015-12-26,6.420260,0.055241,0.076083,-0.020842
2015-12-27,6.422998,0.042917,0.075594,-0.032677
2015-12-28,6.425736,0.047535,0.075111,-0.027575
2015-12-29,6.428474,0.047969,0.074634,-0.026665
2015-12-30,6.431211,0.050445,0.074163,-0.023717
2015-12-31,6.433949,0.046513,0.073698,-0.027185
2016-01-01,6.436687,0.051013,0.073239,-0.022226
2016-01-02,6.439425,0.051494,0.072786,-0.021292
2016-01-03,6.442163,0.045938,0.072340,-0.026402
2016-01-04,6.444901,0.047267,0.071899,-0.024632
2016-01-05,6.447639,0.047161,0.071465,-0.024304
2016-01-06,6.450376,0.044220,0.071036,-0.026816
2016-01-07,6.453114,0.060883,0.070614,-0.009732
2016-01-08,6.455852,0.066728,0.070199,-0.003471
2016-01-09,6.458590,0.061737,0.069789,-0.008052
2016-01-10,6.461328,0.055504,0.069385,-0.013881
2016-01-11,6.464066,0.056945,0.068988,-0.012043
2016-01-12,6.466804,0.055595,0.068597,-0.013002
2016-01-13,6.469541,0.037714,0.068212,-0.030497
2016-01-14,6.472279,0.037939,0.067833,-0.029895
2016-01-15,6.475017,0.008386,0.067461,-0.059074
2016-01-16,6.477755,-0.028594,0.067095,-0.095689
2016-01-17,6.480493,-0.014366,0.066735,-0.081101
2016-01-18,6.483231,-0.016685,0.066381,-0.083066
2016-01-19,6.485969,-0.017150,0.066034,-0.083184
2016-01-20,6.488706,-0.007084,0.065692,-0.072777
2016-01-21,6.491444,0.014908,0.065357,-0.050450
2016-01-22,6.494182,-0.008815,0.065029,-0.073844
2016-01-23,6.496920,-0.015261,0.064707,-0.079968
2016-01-24,6.499658,-0.008042,0.064391,-0.072432
2016-01-25,6.502396,-0.009711,0.064081,-0.073792
2016-01-26,6.505133,-0.012681,0.063778,-0.076458
2016-01-27,6.507871,-0.012609,0.063481,-0.076089
2016-01-28,6.510609,-0.025304,0.063190,-0.088493
2016-01-29,6.513347,-0.034929,0.062905,-0.097835
2016-01-30,6.516085,-0.033477,0.062627,-0.096104
2016-01-31,6.518823,-0.034842,0.062356,-0.097197
2016-02-01,6.521561,-0.040755,0.062090,-0.102846
2016-02-02,6.524298,-0.041332,0.061832,-0.103164
2016-02-03,6.527036,-0.045325,0.061579,-0.106904
2016-02-04,6.529774,-0.038946,0.061333,-0.100279
2016-02-05,6.532512,-0.030271,0.061093,-0.091364
2016-02-06,6.535250,-0.042085,0.060860,-0.102944
2016-02-07,6.537988,-0.043500,0.060633,-0.104133
2016-02-08,6.540726,-0.044881,0.060412,-0.105293
2016-02-09,6.543463,-0.048246,0.060198,-0.108443
2016-02-10,6.546201,-0.044344,0.059990,-0.104334
2016-02-11,6.548939,-0.044975,0.059788,-0.104764
2016-02-12,6.551677,-0.042757,0.059593,-0.102350
2016-02-13,6.554415,-0.035859,0.059405,-0.095264
2016-02-14,6.557153,-0.025545,0.059223,-0.084768
2016-02-15,6.559890,-0.022579,0.059047,-0.081626
2016-02-16,6.562628,-0.022215,0.058878,-0.081093
2016-02-17,6.565366,-0.012080,0.058715,-0.070795
2016-02-18,6.568104,-0.006864,0.058559,-0.065422
2016-02-19,6.570842,-0.007576,0.058409,-0.065985
2016-02-20,6.573580,0.001466,0.058265,-0.056799
2016-02-21,6.576318,0.008087,0.058128,-0.050041
2016-02-22,6.579055,0.005686,0.057998,-0.052312
2016-02-23,6.581793,-0.004164,0.057873,-0.062038
2016-02-24,6.584531,-0.011249,0.057756,-0.069005
2016-02-25,6.587269,-0.010031,0.057645,-0.067675
2016-02-26,6.590007,-0.009988,0.057540,-0.067528
2016-02-27,6.592745,-0.002808,0.057442,-0.060250
2016-02-28,6.595483,-0.006571,0.057350,-0.063921
2016-02-29,6.598220,-0.000438,0.057265,-0.057703
2016-03-01,6.600958,-0.003372,0.057186,-0.060558
2016-03-02,6.603696,-0.006744,0.057113,-0.063858
2016-03-03,6.606434,-0.018127,0.057048,-0.075174
2016-03-04,6.609172,-0.021296,0.056988,-0.078284
2016-03-05,6.611910,-0.039403,0.056935,-0.096339
2016-03-06,6.614648,-0.040133,0.056889,-0.097022
2016-03-07,6.617385,-0.034784,0.056849,-0.091633
2016-03-08,6.620123,-0.032458,0.056816,-0.089273
2016-03-09,6.622861,-0.033548,0.056789,-0.090337
2016-03-10,6.625599,-0.032503,0.056768,-0.089271
2016-03-11,6.628337,-0.027257,0.056754,-0.084011
2016-03-12,6.631075,-0.034016,0.056747,-0.090763
2016-03-13,6.633812,-0.036127,0.056746,-0.092873
2016-03-14,6.636550,-0.035530,0.056751,-0.092281
2016-03-15,6.639288,-0.034537,0.056763,-0.091300
2016-03-16,6.642026,-0.035682,0.056781,-0.092464
2016-03-17,6.644764,-0.033649,0.056806,-0.090455
2016-03-18,6.647502,-0.039675,0.056838,-0.096513
2016-03-19,6.650240,-0.045652,0.056876,-0.102528
2016-03-20,6.652977,-0.044013,0.056920,-0.100933
2016-03-21,6.655715,-0.045717,0.056971,-0.102688
2016-03-22,6.658453,-0.040775,0.057028,-0.097804
2016-03-23,6.661191,-0.040170,0.057092,-0.097262
2016-03-24,6.663929,-0.042398,0.057163,-0.099561
2016-03-25,6.666667,-0.043974,0.057239,-0.101214
2016-03-26,6.669405,-0.044257,0.057323,-0.101580
2016-03-27,6.672142,-0.041293,0.057412,-0.098705
2016-03-28,6.674880,-0.038661,0.057509,-0.096170
2016-03-29,6.677618,-0.044576,0.057611,-0.102188
2016-03-30,6.680356,-0.050765,0.057721,-0.108485
2016-03-31,6.683094,-0.049162,0.057836,-0.106998
2016-04-01,6.685832,-0.049969,0.057958,-0.107927
2016-04-02,6.688569,-0.047533,0.058087,-0.105620
2016-04-03,6.691307,-0.049083,0.058222,-0.107305
2016-04-04,6.694045,-0.049464,0.058363,-0.107827
2016-04-05,6.696783,-0.047484,0.058511,-0.105995
2016-04-06,6.699521,-0.048028,0.058665,-0.106693
2016-04-07,6.702259,-0.050070,0.058826,-0.108896
2016-04-08,6.704997,-0.050604,0.058993,-0.109598
2016-04-09,6.707734,-0.055311,0.059167,-0.114479
2016-04-10,6.710472,-0.053523,0.059347,-0.112870
2016-04-11,6.713210,-0.053471,0.059534,-0.113005
2016-04-12,6.715948,-0.050798,0.059727,-0.110524
2016-04-13,6.718686,-0.051500,0.059926,-0.111426
2016-04-14,6.721424,-0.053003,0.060132,-0.113135
2016-04-15,6.724162,-0.050930,0.060344,-0.111274
2016-04-16,6.726899,-0.049005,0.060563,-0.109568
2016-04-17,6.729637,-0.051891,0.060788,-0.112679
2016-04-18,6.732375,-0.052982,0.061019,-0.114001
2016-04-19,6.735113,-0.052513,0.061257,-0.113770
2016-04-20,6.737851,-0.044985,0.061501,-0.106486
2016-04-21,6.740589,-0.040068,0.061751,-0.101819
2016-04-22,6.743326,-0.038493,0.062008,-0.100501
2016-04-23,6.746064,-0.038855,0.062271,-0.101126
2016-04-24,6.748802,-0.033227,0.062541,-0.095768
2016-04-25,6.751540,-0.029279,0.062817,-0.092096
2016-04-26,6.754278,-0.025785,0.063099,-0.088885
2016-04-27,6.757016,-0.030526,0.063388,-0.093914
2016-04-28,6.759754,-0.044986,0.063683,-0.108669
2016-04-29,6.762491,-0.040707,0.063984,-0.104691
2016-04-30,6.765229,-0.039563,0.064292,-0.103854
2016-05-01,6.767967,-0.041898,0.064606,-0.106504
2016-05-02,6.770705,-0.046951,0.064926,-0.111877
2016-05-03,6.773443,-0.047466,0.065252,-0.112719
2016-05-04,6.776181,-0.047489,0.065585,-0.113074
2016-05-05,6.778919,-0.048738,0.065924,-0.114662
2016-05-06,6.781656,-0.045358,0.066270,-0.111627
2016-05-07,6.784394,-0.040377,0.066621,-0.106998
2016-05-08,6.787132,-0.041775,0.066979,-0.108753
2016-05-09,6.789870,-0.041247,0.067343,-0.108590
2016-05-10,6.792608,-0.044636,0.067713,-0.112349
2016-05-11,6.795346,-0.048656,0.068090,-0.116746
2016-05-12,6.798084,-0.051030,0.068473,-0.119503
2016-05-13,6.800821,-0.049049,0.068862,-0.117911
2016-05-14,6.803559,-0.049190,0.069257,-0.118447
2016-05-15,6.806297,-0.049397,0.069658,-0.119056
2016-05-16,6.809035,-0.050329,0.070066,-0.120395
2016-05-17,6.811773,-0.053768,0.070480,-0.124248
2016-05-18,6.814511,-0.054152,0.070900,-0.125051
2016-05-19,6.817248,-0.059925,0.071326,-0.131250
2016-05-20,6.819986,-0.068882,0.071758,-0.140639
2016-05-21,6.822724,-0.069136,0.072196,-0.141332
2016-05-22,6.825462,-0.070354,0.072641,-0.142994
2016-05-23,6.828200,-0.071127,0.073091,-0.144218
2016-05-24,6.830938,-0.068647,0.073548,-0.142195
2016-05-25,6.833676,-0.066562,0.074011,-0.140573
2016-05-26,6.836413,-0.064759,0.074479,-0.139238
2016-05-27,6.839151,-0.046890,0.074954,-0.121845
2016-05-28,6.841889,-0.025993,0.075435,-0.101428
2016-05-29,6.844627,-0.004339,0.075922,-0.080262
2016-05-30,6.847365,0.002719,0.076415,-0.073696
2016-05-31,6.850103,0.004130,0.076915,-0.072785
2016-06-01,6.852841,0.002504,0.077420,-0.074916
2016-06-02,6.855578,0.006096,0.077931,-0.071834
2016-06-03,6.858316,0.017203,0.078448,-0.061244
2016-06-04,6.861054,0.031561,0.078971,-0.047409
2016-06-05,6.863792,0.032566,0.079500,-0.046934
2016-06-06,6.866530,0.035438,0.080035,-0.044596
2016-06-07,6.869268,0.035462,0.080576,-0.045114
2016-06-08,6.872005,0.031969,0.081123,-0.049154
2016-06-09,6.874743,0.030384,0.081675,-0.051291
2016-06-10,6.877481,0.028651,0.082234,-0.053583
2016-06-11,6.880219,0.032772,0.082799,-0.050026
2016-06-12,6.882957,0.071649,0.083369,-0.011720
2016-06-13,6.885695,0.102484,0.083945,0.018539
2016-06-14,6.888433,0.100958,0.084527,0.016431
2016-06-15,6.891170,0.098446,0.085115,0.013331
2016-06-16,6.893908,0.129778,0.085709,0.044069
2016-06-17,6.896646,0.135007,0.086309,0.048698
2016-06-18,6.899384,0.136271,0.086914,0.049357
2016-06-19,6.902122,0.137414,0.087525,0.049889
2016-06-20,6.904860,0.132357,0.088142,0.044215
2016-06-21,6.907598,0.091204,0.088765,0.002440
2016-06-22,6.910335,0.070652,0.089393,-0.018741
2016-06-23,6.913073,0.029831,0.090027,-0.060196
2016-06-24,6.915811,0.073479,0.090667,-0.017188
2016-06-25,6.918549,0.082558,0.091313,-0.008754
2016-06-26,6.921287,0.061483,0.091964,-0.030481
2016-06-27,6.924025,0.059628,0.092621,-0.032992
2016-06-28,6.926762,0.066168,0.093283,-0.027115
2016-06-29,6.929500,0.054209,0.093951,-0.039742
2016-06-30,6.932238,0.065547,0.094625,-0.029078
2016-07-01,6.934976,0.078885,0.095304,-0.016419
2016-07-02,6.937714,0.084971,0.095989,-0.011018
2016-07-03,6.940452,0.076147,0.096680,-0.020533
2016-07-04,6.943190,0.072364,0.097376,-0.025011
2016-07-05,6.945927,0.073405,0.098077,-0.024672
2016-07-06,6.948665,0.071889,0.098784,-0.026895
2016-07-07,6.951403,0.051343,0.099497,-0.048153
2016-07-08,6.954141,0.053850,0.100215,-0.046365
2016-07-09,6.956879,0.055969,0.100938,-0.044969
2016-07-10,6.959617,0.052342,0.101667,-0.049326
2016-07-11,6.962355,0.052215,0.102402,-0.050186
2016-07-12,6.965092,0.057774,0.103141,-0.045367
2016-07-13,6.967830,0.061124,0.103887,-0.042762
2016-07-14,6.970568,0.055839,0.104637,-0.048798
2016-07-15,6.973306,0.058659,0.105393,-0.046734
2016-07-16,6.976044,0.058150,0.106154,-0.048004
2016-07-17,6.978782,0.061161,0.106921,-0.045760
2016-07-18,6.981520,0.064390,0.107693,-0.043303
2016-07-19,6.984257,0.059932,0.108470,-0.048538
2016-07-20,6.986995,0.058363,0.109253,-0.050889
2016-07-21,6.989733,0.053426,0.110040,-0.056614
2016-07-22,6.992471,0.050816,0.110833,-0.060017
2016-07-23,6.995209,0.045533,0.111631,-0.066099
2016-07-24,6.997947,0.046778,0.112435,-0.065657
2016-07-25,7.000684,0.045480,0.113243,-0.067764
2016-07-26,7.003422,0.041927,0.114057,-0.072130
2016-07-27,7.006160,0.041981,0.114876,-0.072895
2016-07-28,7.008898,0.042115,0.115700,-0.073585
2016-07-29,7.011636,0.042018,0.116529,-0.074511
2016-07-30,7.014374,0.040623,0.117363,-0.076740
2016-07-31,7.017112,0.026789,0.118202,-0.091414
2016-08-01,7.019849,0.015181,0.119047,-0.103865
2016-08-02,7.022587,-0.005724,0.119896,-0.125620
2016-08-03,7.025325,-0.038024,0.120750,-0.158774
2016-08-04,7.028063,-0.022269,0.121609,-0.143878
2016-08-05,7.030801,-0.023335,0.122474,-0.145808
2016-08-06,7.033539,-0.021677,0.123343,-0.145020
2016-08-07,7.036277,-0.011064,0.124217,-0.135281
2016-08-08,7.039014,-0.012193,0.125096,-0.137289
2016-08-09,7.041752,-0.015227,0.125980,-0.141206
2016-08-10,7.044490,-0.013277,0.126869,-0.140146
2016-08-11,7.047228,-0.012748,0.127762,-0.140510
2016-08-12,7.049966,-0.017846,0.128661,-0.146507
2016-08-13,7.052704,-0.018617,0.129564,-0.148181
2016-08-14,7.055441,-0.027443,0.130472,-0.157915
2016-08-15,7.058179,-0.033351,0.131385,-0.164735
2016-08-16,7.060917,-0.032032,0.132302,-0.164334
2016-08-17,7.063655,-0.030944,0.133224,-0.164169
2016-08-18,7.066393,-0.032292,0.134151,-0.166444
2016-08-19,7.069131,-0.031989,0.135083,-0.167072
2016-08-20,7.071869,-0.031320,0.136019,-0.167339
2016-08-21,7.074606,-0.029511,0.136960,-0.166471
2016-08-22,7.077344,-0.027043,0.137905,-0.164948
2016-08-23,7.080082,-0.029084,0.138855,-0.167940
2016-08-24,7.082820,-0.032325,0.139810,-0.172135
2016-08-25,7.085558,-0.036802,0.140769,-0.177571
2016-08-26,7.088296,-0.036439,0.141732,-0.178171
2016-08-27,7.091034,-0.041015,0.142701,-0.183715
2016-08-28,7.093771,-0.043026,0.143673,-0.186699
2016-08-29,7.096509,-0.042284,0.144650,-0.186934
2016-08-30,7.099247,-0.039680,0.145632,-0.185312
2016-08-31,7.101985,-0.044576,0.146617,-0.191193
2016-09-01,7.104723,-0.046086,0.147608,-0.193693
2016-09-02,7.107461,-0.046559,0.148602,-0.195161
2016-09-03,7.110198,-0.042447,0.149601,-0.192048
2016-09-04,7.112936,-0.026212,0.150604,-0.176817
2016-09-05,7.115674,-0.025713,0.151612,-0.177325
2016-09-06,7.118412,-0.024853,0.152624,-0.177476
2016-09-07,7.121150,-0.023618,0.153640,-0.177258
2016-09-08,7.123888,-0.016731,0.154660,-0.171391
2016-09-09,7.126626,-0.016839,0.155684,-0.172523
2016-09-10,7.129363,-0.016350,0.156713,-0.173063
2016-09-11,7.132101,-0.019148,0.157746,-0.176893
2016-09-12,7.134839,-0.028416,0.158782,-0.187199
2016-09-13,7.137577,-0.028127,0.159823,-0.187950
2016-09-14,7.140315,-0.028062,0.160868,-0.188930
2016-09-15,7.143053,-0.029696,0.161917,-0.191614
2016-09-16,7.145791,-0.031682,0.162970,-0.194652
2016-09-17,7.148528,-0.033264,0.164028,-0.197292
2016-09-18,7.151266,-0.033599,0.165089,-0.198688
2016-09-19,7.154004,-0.033795,0.166154,-0.199948
2016-09-20,7.156742,-0.034822,0.167222,-0.202044
2016-09-21,7.159480,-0.042626,0.168295,-0.210921
2016-09-22,7.162218,-0.044844,0.169372,-0.214216
2016-09-23,7.164956,-0.044431,0.170452,-0.214883
2016-09-24,7.167693,-0.042922,0.171537,-0.214459
2016-09-25,7.170431,-0.045003,0.172625,-0.217627
2016-09-26,7.173169,-0.042721,0.173717,-0.216438
2016-09-27,7.175907,-0.043201,0.174812,-0.218013
2016-09-28,7.178645,-0.044531,0.175912,-0.220442
2016-09-29,7.181383,-0.045375,0.177015,-0.222389
2016-09-30,7.184120,-0.046511,0.178121,-0.224632
2016-10-01,7.186858,-0.042450,0.179232,-0.221681
2016-10-02,7.189596,-0.044408,0.180346,-0.224754
2016-10-03,7.192334,-0.045095,0.181463,-0.226558
2016-10-04,7.195072,-0.046736,0.182584,-0.229320
2016-10-05,7.197810,-0.045810,0.183709,-0.229519
2016-10-06,7.200548,-0.047023,0.184837,-0.231860
2016-10-07,7.203285,-0.045986,0.185969,-0.231954
2016-10-08,7.206023,-0.044728,0.187104,-0.231831
2016-10-09,7.208761,-0.046677,0.188242,-0.234919
2016-10-10,7.211499,-0.047246,0.189384,-0.236630
2016-10-11,7.214237,-0.037693,0.190529,-0.228223
2016-10-12,7.216975,-0.034665,0.191678,-0.226343
2016-10-13,7.219713,-0.035857,0.192830,-0.228687
2016-10-14,7.222450,-0.036191,0.193985,-0.230176
2016-10-15,7.225188,-0.035517,0.195144,-0.230661
2016-10-16,7.227926,-0.035770,0.196305,-0.232075
2016-10-17,7.230664,-0.037644,0.197470,-0.235114
2016-10-18,7.233402,-0.039762,0.198638,-0.238401
2016-10-19,7.236140,-0.043841,0.199810,-0.243651
2016-10-20,7.238877,-0.046762,0.200984,-0.247746
2016-10-21,7.241615,-0.046280,0.202162,-0.248442
2016-10-22,7.244353,-0.039875,0.203342,-0.243217
2016-10-23,7.247091,-0.032835,0.204526,-0.237361
2016-10-24,7.249829,-0.035870,0.205713,-0.241583
2016-10-25,7.252567,-0.033661,0.206902,-0.240563
2016-10-26,7.255305,-0.027872,0.208095,-0.235967
2016-10-27,7.258042,-0.018304,0.209291,-0.227595
2016-10-28,7.260780,-0.016315,0.210489,-0.226804
2016-10-29,7.263518,-0.004634,0.211691,-0.216325
2016-10-30,7.266256,-0.006812,0.212895,-0.219706
2016-10-31,7.268994,-0.010238,0.214102,-0.224340
2016-11-01,7.271732,0.002234,0.215312,-0.213078
2016-11-02,7.274470,0.004637,0.216524,-0.211888
2016-11-03,7.277207,0.002670,0.217740,-0.215070
2016-11-04,7.279945,-0.013602,0.218958,-0.232560
2016-11-05,7.282683,-0.011694,0.220179,-0.231873
2016-11-06,7.285421,-0.008883,0.221402,-0.230285
2016-11-07,7.288159,-0.012094,0.222628,-0.234722
2016-11-08,7.290897,-0.012001,0.223857,-0.235857
2016-11-09,7.293634,-0.001900,0.225088,-0.226988
2016-11-10,7.296372,-0.008784,0.226322,-0.235106
2016-11-11,7.299110,-0.009626,0.227558,-0.237184
2016-11-12,7.301848,-0.014052,0.228797,-0.242849
2016-11-13,7.304586,-0.022729,0.230038,-0.252767
2016-11-14,7.307324,-0.019950,0.231281,-0.251231
2016-11-15,7.310062,-0.015140,0.232527,-0.247668
2016-11-16,7.312799,-0.007086,0.233776,-0.240862
2016-11-17,7.315537,0.002032,0.235026,-0.232995
2016-11-18,7.318275,0.001234,0.236279,-0.235046
2016-11-19,7.321013,0.004189,0.237535,-0.233346
2016-11-20,7.323751,-0.001441,0.238792,-0.240233
2016-11-21,7.326489,-0.006150,0.240052,-0.246202
2016-11-22,7.329227,-0.002761,0.241314,-0.244075
2016-11-23,7.331964,-0.002955,0.242578,-0.245533
2016-11-24,7.334702,-0.006353,0.243844,-0.250197
2016-11-25,7.337440,-0.009288,0.245113,-0.254401
2016-11-26,7.340178,-0.010552,0.246383,-0.256935
2016-11-27,7.342916,-0.012194,0.247656,-0.259850
2016-11-28,7.345654,-0.007024,0.248930,-0.255954
2016-11-29,7.348392,-0.014015,0.250206,-0.264221
2016-11-30,7.351129,-0.011272,0.251485,-0.262756
2016-12-01,7.353867,-0.006701,0.252765,-0.259466
2016-12-02,7.356605,0.003555,0.254047,-0.250492
2016-12-03,7.359343,0.001377,0.255331,-0.253954
2016-12-04,7.362081,0.000162,0.256617,-0.256456
2016-12-05,7.364819,-0.005799,0.257905,-0.263704
2016-12-06,7.367556,-0.006147,0.259195,-0.265342
2016-12-07,7.370294,-0.003649,0.260486,-0.264135
2016-12-08,7.373032,-0.001467,0.261779,-0.263246
2016-12-09,7.375770,-0.001111,0.263073,-0.264184
2016-12-10,7.378508,0.000551,0.264370,-0.263819
2016-12-11,7.381246,-0.002650,0.265667,-0.268317
2016-12-12,7.383984,0.000360,0.266967,-0.266607
2016-12-13,7.386721,0.000508,0.268268,-0.267760
2016-12-14,7.389459,-0.000884,0.269571,-0.270455
2016-12-15,7.392197,-0.001751,0.270875,-0.272626
2016-12-16,7.394935,-0.001475,0.272180,-0.273655
2016-12-17,7.397673,0.002464,0.273487,-0.271024
2016-12-18,7.400411,0.001873,0.274795,-0.272922
2016-12-19,7.403149,0.001654,0.276105,-0.274451
2016-12-20,7.405886,0.001841,0.277416,-0.275576
2016-12-21,7.408624,0.012809,0.278729,-0.265920
2016-12-22,7.411362,0.034013,0.280042,-0.246030
2016-12-23,7.414100,0.054118,0.281357,-0.227239
2016-12-24,7.416838,0.055264,0.282673,-0.227410
2016-12-25,7.419576,0.041990,0.283991,-0.242001
2016-12-26,7.422313,0.053076,0.285309,-0.232233
2016-12-27,7.425051,0.060457,0.286629,-0.226172
2016-12-28,7.427789,0.077261,0.287950,-0.210689
2016-12-29,7.430527,0.081784,0.289272,-0.207488
2016-12-30,7.433265,0.073989,0.290594,-0.216605
2016-12-31,7.436003,0.075029,0.291918,-0.216890
2017-01-01,7.438741,0.082766,0.293243,-0.210477
2017-01-02,7.441478,0.098834,0.294569,-0.195735
2017-01-03,7.444216,0.100797,0.295896,-0.195099
2017-01-04,7.446954,0.123780,0.297223,-0.173443
2017-01-05,7.449692,0.109552,0.298552,-0.189000
2017-01-06,7.452430,0.058596,0.299881,-0.241285
2017-01-07,7.455168,0.027929,0.301211,-0.273282
2017-01-08,7.457906,0.048130,0.302542,-0.254411
2017-01-09,7.460643,0.037545,0.303873,-0.266328
2017-01-10,7.463381,0.041705,0.305205,-0.263500
2017-01-11,7.466119,0.012597,0.306538,-0.293941
2017-01-12,7.468857,-0.019963,0.307872,-0.327835
2017-01-13,7.471595,-0.008684,0.309206,-0.317890
2017-01-14,7.474333,0.000882,0.310541,-0.309658
2017-01-15,7.477070,-0.004301,0.311876,-0.316177
2017-01-16,7.479808,-0.000000,0.313211,-0.313212
2017-01-17,7.482546,0.023556,0.314548,-0.290992
2017-01-18,7.485284,0.027019,0.315884,-0.288865
2017-01-19,7.488022,0.030089,0.317221,-0.287132
2017-01-20,7.490760,0.030094,0.318559,-0.288465
2017-01-21,7.493498,0.039848,0.319897,-0.280049
2017-01-22,7.496235,0.041373,0.321235,-0.279861
2017-01-23,7.498973,0.039311,0.322573,-0.283262
2017-01-24,7.501711,0.032175,0.323912,-0.291737
2017-01-25,7.504449,0.025911,0.325251,-0.299340
2017-01-26,7.507187,0.030269,0.326590,-0.296321
2017-01-27,7.509925,0.034594,0.327929,-0.293335
2017-01-28,7.512663,0.034566,0.329268,-0.294703
2017-01-29,7.515400,0.033900,0.330608,-0.296707
2017-01-30,7.518138,0.032586,0.331948,-0.299362
2017-01-31,7.520876,0.042429,0.333287,-0.290858
2017-02-01,7.523614,0.055279,0.334627,-0.279347
2017-02-02,7.526352,0.063299,0.335966,-0.272668
2017-02-03,7.529090,0.071351,0.337306,-0.265955
2017-02-04,7.531828,0.072652,0.338645,-0.265993
2017-02-05,7.534565,0.073097,0.339985,-0.266887
2017-02-06,7.537303,0.072724,0.341324,-0.268600
2017-02-07,7.540041,0.079949,0.342663,-0.262714
2017-02-08,7.542779,0.084669,0.344002,-0.259332
2017-02-09,7.545517,0.071049,0.345340,-0.274291
2017-02-10,7.548255,0.051318,0.346678,-0.295360
2017-02-11,7.550992,0.063282,0.348016,-0.284734
2017-02-12,7.553730,0.061371,0.349354,-0.287983
2017-02-13,7.556468,0.058131,0.350691,-0.292560
2017-02-14,7.559206,0.061000,0.352028,-0.291028
2017-02-15,7.561944,0.061484,0.353364,-0.291881
2017-02-16,7.564682,0.067573,0.354700,-0.287127
2017-02-17,7.567420,0.074249,0.356036,-0.281787
2017-02-18,7.570157,0.079737,0.357371,-0.277634
2017-02-19,7.572895,0.076088,0.358705,-0.282617
2017-02-20,7.575633,0.077082,0.360039,-0.282957
2017-02-21,7.578371,0.092762,0.361372,-0.268611
2017-02-22,7.581109,0.100225,0.362705,-0.262480
2017-02-23,7.583847,0.108754,0.364036,-0.255282
2017-02-24,7.586585,0.121572,0.365368,-0.243796
2017-02-25,7.589322,0.115386,0.366698,-0.251312
2017-02-26,7.592060,0.112212,0.368028,-0.255816
2017-02-27,7.594798,0.119384,0.369356,-0.249973
2017-02-28,7.597536,0.121011,0.370684,-0.249674
2017-03-01,7.600274,0.126067,0.372011,-0.245945
2017-03-02,7.603012,0.136174,0.373338,-0.237164
2017-03-03,7.605749,0.147994,0.374663,-0.226669
2017-03-04,7.608487,0.146291,0.375987,-0.229697
2017-03-05,7.611225,0.142634,0.377311,-0.234677
2017-03-06,7.613963,0.145969,0.378633,-0.232664
2017-03-07,7.616701,0.138408,0.379954,-0.241546
2017-03-08,7.619439,0.117599,0.381274,-0.263675
2017-03-09,7.622177,0.109108,0.382593,-0.273485
2017-03-10,7.624914,0.117678,0.383911,-0.266234
2017-03-11,7.627652,0.105577,0.385228,-0.279651
2017-03-12,7.630390,0.114751,0.386543,-0.271792
2017-03-13,7.633128,0.126088,0.387858,-0.261770
2017-03-14,7.635866,0.128563,0.389171,-0.260608
2017-03-15,7.638604,0.131068,0.390482,-0.259415
2017-03-16,7.641342,0.120290,0.391793,-0.271503
2017-03-17,7.644079,0.086542,0.393102,-0.306560
2017-03-18,7.646817,0.046567,0.394409,-0.347842
2017-03-19,7.649555,0.038499,0.395716,-0.357217
2017-03-20,7.652293,0.046792,0.397020,-0.350229
2017-03-21,7.655031,0.065861,0.398324,-0.332462
2017-03-22,7.657769,0.053593,0.399625,-0.346033
2017-03-23,7.660507,0.047577,0.400926,-0.353348
2017-03-24,7.663244,0.025889,0.402224,-0.376335
2017-03-25,7.665982,-0.002775,0.403521,-0.406296
2017-03-26,7.668720,0.013445,0.404817,-0.391371
2017-03-27,7.671458,0.025867,0.406110,-0.380244
2017-03-28,7.674196,0.041671,0.407402,-0.365731
2017-03-29,7.676934,0.037031,0.408693,-0.371661
2017-03-30,7.679671,0.036933,0.409981,-0.373048
2017-03-31,7.682409,0.045025,0.411268,-0.366243
2017-04-01,7.685147,0.054087,0.412553,-0.358466
2017-04-02,7.687885,0.055815,0.413836,-0.358021
2017-04-03,7.690623,0.072863,0.415117,-0.342254
2017-04-04,7.693361,0.075692,0.416396,-0.340705
2017-04-05,7.696099,0.070778,0.417674,-0.346896
2017-04-06,7.698836,0.083299,0.418949,-0.335650
2017-04-07,7.701574,0.089947,0.420223,-0.330275
2017-04-08,7.704312,0.088294,0.421494,-0.333200
2017-04-09,7.707050,0.090896,0.422763,-0.331868
2017-04-10,7.709788,0.095501,0.424031,-0.328530
2017-04-11,7.712526,0.096857,0.425296,-0.328438
2017-04-12,7.715264,0.098044,0.426559,-0.328515
2017-04-13,7.718001,0.086284,0.427820,-0.341536
2017-04-14,7.720739,0.083643,0.429078,-0.345435
2017-04-15,7.723477,0.083637,0.430334,-0.346697
2017-04-16,7.726215,0.082364,0.431589,-0.349225
2017-04-17,7.728953,0.082998,0.432840,-0.349842
2017-04-18,7.731691,0.090332,0.434090,-0.343758
2017-04-19,7.734428,0.089869,0.435337,-0.345468
2017-04-20,7.737166,0.095205,0.436582,-0.341377
2017-04-21,7.739904,0.102466,0.437824,-0.335358
2017-04-22,7.742642,0.100597,0.439064,-0.338467
2017-04-23,7.745380,0.101097,0.440301,-0.339205
2017-04-24,7.748118,0.101736,0.441536,-0.339800
2017-04-25,7.750856,0.108078,0.442769,-0.334691
2017-04-26,7.753593,0.116573,0.443999,-0.327426
2017-04-27,7.756331,0.123533,0.445226,-0.321693
2017-04-28,7.759069,0.125150,0.446451,-0.321301
2017-04-29,7.761807,0.125064,0.447673,-0.322609
2017-04-30,7.764545,0.124634,0.448892,-0.324258
2017-05-01,7.767283,0.140599,0.450109,-0.309510
2017-05-02,7.770021,0.156426,0.451323,-0.294897
2017-05-03,7.772758,0.164408,0.452534,-0.288126
2017-05-04,7.775496,0.182926,0.453742,-0.270816
2017-05-05,7.778234,0.186928,0.454948,-0.268020
2017-05-06,7.780972,0.184091,0.456151,-0.272059
2017-05-07,7.783710,0.183748,0.457351,-0.273603
2017-05-08,7.786448,0.197936,0.458548,-0.260612
2017-05-09,7.789185,0.224031,0.459742,-0.235710
2017-05-10,7.791923,0.230705,0.460933,-0.230228
2017-05-11,7.794661,0.249316,0.462121,-0.212805
2017-05-12,7.797399,0.237667,0.463306,-0.225639
2017-05-13,7.800137,0.221232,0.464488,-0.243256
2017-05-14,7.802875,0.238336,0.465667,-0.227332
2017-05-15,7.805613,0.226633,0.466843,-0.240210
2017-05-16,7.808350,0.223124,0.468016,-0.244892
2017-05-17,7.811088,0.239877,0.469186,-0.229308
2017-05-18,7.813826,0.247705,0.470352,-0.222647
2017-05-19,7.816564,0.268342,0.471516,-0.203173
2017-05-20,7.819302,0.278870,0.472676,-0.193806
2017-05-21,7.822040,0.289073,0.473832,-0.184759
2017-05-22,7.824778,0.308236,0.474986,-0.166750
2017-05-23,7.827515,0.324415,0.476136,-0.151722
2017-05-24,7.830253,0.353047,0.477283,-0.124236
2017-05-25,7.832991,0.388782,0.478427,-0.089645
2017-05-26,7.835729,0.358289,0.479567,-0.121278
2017-05-27,7.838467,0.296452,0.480704,-0.184252
2017-05-28,7.841205,0.315976,0.481837,-0.165861
2017-05-29,7.843943,0.322840,0.482967,-0.160127
2017-05-30,7.846680,0.331440,0.484093,-0.152654
2017-05-31,7.849418,0.325041,0.485216,-0.160175
2017-06-01,7.852156,0.348424,0.486335,-0.137911
2017-06-02,7.854894,0.356051,0.487451,-0.131400
2017-06-03,7.857632,0.370418,0.488563,-0.118145
2017-06-04,7.860370,0.371553,0.489672,-0.118119
2017-06-05,7.863107,0.383311,0.490777,-0.107466
2017-06-06,7.865845,0.417730,0.491878,-0.074148
2017-06-07,7.868583,0.414850,0.492975,-0.078125
2017-06-08,7.871321,0.405584,0.494069,-0.088485
2017-06-09,7.874059,0.415956,0.495159,-0.079203
2017-06-10,7.876797,0.418697,0.496245,-0.077549
2017-06-11,7.879535,0.426922,0.497328,-0.070406
2017-06-12,7.882272,0.413164,0.498406,-0.085242
2017-06-13,7.885010,0.398317,0.499481,-0.101164
2017-06-14,7.887748,0.387912,0.500552,-0.112640
2017-06-15,7.890486,0.341472,0.501619,-0.160147
2017-06-16,7.893224,0.355850,0.502682,-0.146832
2017-06-17,7.895962,0.371958,0.503741,-0.131783
2017-06-18,7.898700,0.372681,0.504796,-0.132115
2017-06-19,7.901437,0.370531,0.505847,-0.135316
2017-06-20,7.904175,0.380595,0.506894,-0.126299
2017-06-21,7.906913,0.387999,0.507937,-0.119938
2017-06-22,7.909651,0.384984,0.508976,-0.123992
2017-06-23,7.912389,0.390691,0.510011,-0.119319
2017-06-24,7.915127,0.382272,0.511041,-0.128770
2017-06-25,7.917864,0.367303,0.512068,-0.144765
2017-06-26,7.920602,0.348273,0.513090,-0.164817
2017-06-27,7.923340,0.337681,0.514109,-0.176427
2017-06-28,7.926078,0.356905,0.515123,-0.158218
2017-06-29,7.928816,0.360480,0.516132,-0.155652
2017-06-30,7.931554,0.353596,0.517138,-0.163542
2017-07-01,7.934292,0.343054,0.518139,-0.175085
2017-07-02,7.937029,0.338795,0.519136,-0.180341
2017-07-03,7.939767,0.350770,0.520128,-0.169358
2017-07-04,7.942505,0.362828,0.521116,-0.158289
2017-07-05,7.945243,0.361459,0.522100,-0.160641
2017-07-06,7.947981,0.361404,0.523079,-0.161675
2017-07-07,7.950719,0.352390,0.524054,-0.171664
2017-07-08,7.953457,0.347109,0.525025,-0.177915
2017-07-09,7.956194,0.350461,0.525991,-0.175529
2017-07-10,7.958932,0.335500,0.526952,-0.191452
2017-07-11,7.961670,0.314467,0.527909,-0.213442
2017-07-12,7.964408,0.313169,0.528862,-0.215692
2017-07-13,7.967146,0.316152,0.529809,-0.213658
2017-07-14,7.969884,0.299502,0.530753,-0.231250
2017-07-15,7.972621,0.259019,0.531691,-0.272672
2017-07-16,7.975359,0.227294,0.532625,-0.305331
2017-07-17,7.978097,0.251521,0.533555,-0.282033
2017-07-18,7.980835,0.294269,0.534479,-0.240211
2017-07-19,7.983573,0.301386,0.535399,-0.234013
2017-07-20,7.986311,0.331634,0.536315,-0.204681
2017-07-21,7.989049,0.367524,0.537225,-0.169701
2017-07-22,7.991786,0.376329,0.538131,-0.161802
2017-07-23,7.994524,0.373734,0.539032,-0.165298
2017-07-24,7.997262,0.370966,0.539928,-0.168962
2017-07-25,8.000000,0.350713,0.540819,-0.190106
2017-07-26,8.002738,0.330128,0.541706,-0.211578
2017-07-27,8.005476,0.340362,0.542588,-0.202225
2017-07-28,8.008214,0.366006,0.543464,-0.177458
2017-07-29,8.010951,0.362362,0.544336,-0.181974
2017-07-30,8.013689,0.357232,0.545203,-0.187971
2017-07-31,8.016427,0.366812,0.546065,-0.179253
2017-08-01,8.019165,0.367132,0.546922,-0.179790
2017-08-02,8.021903,0.358766,0.547774,-0.189008
2017-08-03,8.024641,0.362230,0.548621,-0.186391
2017-08-04,8.027379,0.372941,0.549463,-0.176522
2017-08-05,8.030116,0.419589,0.550300,-0.130711
2017-08-06,8.032854,0.429958,0.551132,-0.121174
2017-08-07,8.035592,0.439708,0.551959,-0.112250
2017-08-08,8.038330,0.453640,0.552780,-0.099140
2017-08-09,8.041068,0.442175,0.553597,-0.111422
2017-08-10,8.043806,0.450727,0.554408,-0.103682
2017-08-11,8.046543,0.464495,0.555215,-0.090720
2017-08-12,8.049281,0.491777,0.556016,-0.064238
2017-08-13,8.052019,0.522819,0.556811,-0.033992
2017-08-14,8.054757,0.536882,0.557602,-0.020720
2017-08-15,8.057495,0.538627,0.558387,-0.019761
2017-08-16,8.060233,0.535308,0.559168,-0.023860
2017-08-17,8.062971,0.553471,0.559943,-0.006471
2017-08-18,8.065708,0.541003,0.560712,-0.019709
2017-08-19,8.068446,0.526158,0.561476,-0.035319
2017-08-20,8.071184,0.526907,0.562235,-0.035328
2017-08-21,8.073922,0.519830,0.562989,-0.043159
2017-08-22,8.076660,0.507345,0.563737,-0.056392
2017-08-23,8.079398,0.528538,0.564480,-0.035942
2017-08-24,8.082136,0.533158,0.565217,-0.032060
2017-08-25,8.084873,0.547529,0.565949,-0.018421
2017-08-26,8.087611,0.543287,0.566676,-0.023389
2017-08-27,8.090349,0.544994,0.567397,-0.022403
2017-08-28,8.093087,0.541483,0.568113,-0.026630
2017-08-29,8.095825,0.555391,0.568823,-0.013432
2017-08-30,8.098563,0.565479,0.569528,-0.004049
2017-08-31,8.101300,0.573076,0.570227,0.002849
2017-09-01,8.104038,0.584406,0.570921,0.013485
2017-09-02,8.106776,0.574171,0.571609,0.002562
2017-09-03,8.109514,0.565554,0.572291,-0.006737
2017-09-04,8.112252,0.550095,0.572968,-0.022874
2017-09-05,8.114990,0.534831,0.573640,-0.038808
2017-09-06,8.117728,0.559799,0.574306,-0.014507
2017-09-07,8.120465,0.562323,0.574966,-0.012643
2017-09-08,8.123203,0.552040,0.575620,-0.023580
2017-09-09,8.125941,0.535012,0.576269,-0.041257
2017-09-10,8.128679,0.524471,0.576912,-0.052442
2017-09-11,8.131417,0.524798,0.577550,-0.052752
2017-09-12,8.134155,0.526246,0.578181,-0.051936
2017-09-13,8.136893,0.492933,0.578807,-0.085874
2017-09-14,8.139630,0.455739,0.579428,-0.123689
2017-09-15,8.142368,0.429187,0.580042,-0.150856
2017-09-16,8.145106,0.466023,0.580651,-0.114628
2017-09-17,8.147844,0.457992,0.581254,-0.123263
2017-09-18,8.150582,0.488486,0.581851,-0.093365
2017-09-19,8.153320,0.489967,0.582443,-0.092476
2017-09-20,8.156057,0.485968,0.583028,-0.097061
2017-09-21,8.158795,0.469054,0.583608,-0.114554
2017-09-22,8.161533,0.448626,0.584182,-0.135556
2017-09-23,8.164271,0.457140,0.584750,-0.127610
2017-09-24,8.167009,0.454346,0.585313,-0.130967
2017-09-25,8.169747,0.467614,0.585869,-0.118255
2017-09-26,8.172485,0.477392,0.586419,-0.109027
2017-09-27,8.175222,0.489467,0.586964,-0.097497
2017-09-28,8.177960,0.504478,0.587502,-0.083025
2017-09-29,8.180698,0.499019,0.588035,-0.089016
2017-09-30,8.183436,0.511432,0.588562,-0.077130
2017-10-01,8.186174,0.514637,0.589083,-0.074445
2017-10-02,8.188912,0.523227,0.589597,-0.066370
2017-10-03,8.191650,0.513769,0.590106,-0.076337
2017-10-04,8.194387,0.505027,0.590609,-0.085582
2017-10-05,8.197125,0.506199,0.591106,-0.084907
2017-10-06,8.199863,0.515314,0.591597,-0.076283
2017-10-07,8.202601,0.513914,0.592081,-0.078167
2017-10-08,8.205339,0.527277,0.592560,-0.065283
2017-10-09,8.208077,0.540426,0.593033,-0.052606
2017-10-10,8.210815,0.555390,0.593499,-0.038109
2017-10-11,8.213552,0.552448,0.593960,-0.041511
2017-10-12,8.216290,0.579493,0.594414,-0.014921
2017-10-13,8.219028,0.617266,0.594863,0.022404
2017-10-14,8.221766,0.621941,0.595305,0.026637
2017-10-15,8.224504,0.618350,0.595741,0.022609
2017-10-16,8.227242,0.621519,0.596171,0.025348
2017-10-17,8.229979,0.617547,0.596595,0.020952
2017-10-18,8.232717,0.601539,0.597012,0.004527
2017-10-19,8.235455,0.617955,0.597424,0.020531
2017-10-20,8.238193,0.627288,0.597829,0.029458
2017-10-21,8.240931,0.646433,0.598228,0.048204
2017-10-22,8.243669,0.636388,0.598621,0.037767
2017-10-23,8.246407,0.633042,0.599008,0.034034
2017-10-24,8.249144,0.616865,0.599389,0.017476
2017-10-25,8.251882,0.606758,0.599763,0.006995
2017-10-26,8.254620,0.627017,0.600131,0.026886
2017-10-27,8.257358,0.626598,0.600493,0.026104
2017-10-28,8.260096,0.620051,0.600849,0.019202
2017-10-29,8.262834,0.626221,0.601199,0.025022
2017-10-30,8.265572,0.643677,0.601542,0.042135
2017-10-31,8.268309,0.651645,0.601879,0.049767
2017-11-01,8.271047,0.669799,0.602209,0.067589
2017-11-02,8.273785,0.698924,0.602534,0.096390
2017-11-03,8.276523,0.714389,0.602852,0.111537
2017-11-04,8.279261,0.714300,0.603164,0.111136
2017-11-05,8.281999,0.725598,0.603469,0.122129
2017-11-06,8.284736,0.714062,0.603769,0.110294
2017-11-07,8.287474,0.705500,0.604061,0.101439
2017-11-08,8.290212,0.718864,0.604348,0.114516
2017-11-09,8.292950,0.711415,0.604628,0.106787
2017-11-10,8.295688,0.692042,0.604902,0.087140
2017-11-11,8.298426,0.665989,0.605170,0.060820
2017-11-12,8.301164,0.635023,0.605431,0.029592
2017-11-13,8.303901,0.651311,0.605686,0.045625
2017-11-14,8.306639,0.667031,0.605934,0.061097
2017-11-15,8.309377,0.694757,0.606176,0.088581
2017-11-16,8.312115,0.717910,0.606412,0.111498
2017-11-17,8.314853,0.738117,0.606642,0.131476
2017-11-18,8.317591,0.730394,0.606865,0.123529
2017-11-19,8.320329,0.736247,0.607081,0.129166
2017-11-20,8.323066,0.750163,0.607292,0.142872
2017-11-21,8.325804,0.753015,0.607495,0.145520
2017-11-22,8.328542,0.750049,0.607693,0.142356
2017-11-23,8.331280,0.752709,0.607884,0.144826
2017-11-24,8.334018,0.750646,0.608069,0.142577
2017-11-25,8.336756,0.765665,0.608247,0.157418
2017-11-26,8.339493,0.793845,0.608419,0.185426
2017-11-27,8.342231,0.818789,0.608584,0.210205
2017-11-28,8.344969,0.829759,0.608743,0.221017
2017-11-29,8.347707,0.855715,0.608895,0.246820
2017-11-30,8.350445,0.833740,0.609041,0.224698
2017-12-01,8.353183,0.844264,0.609181,0.235082
2017-12-02,8.355921,0.872166,0.609314,0.262852
2017-12-03,8.358658,0.886318,0.609441,0.276877
2017-12-04,8.361396,0.887336,0.609561,0.277774
2017-12-05,8.364134,0.901067,0.609675,0.291392
2017-12-06,8.366872,0.933371,0.609783,0.323588
2017-12-07,8.369610,1.009758,0.609884,0.399875
2017-12-08,8.372348,1.028605,0.609978,0.418627
2017-12-09,8.375086,1.011762,0.610066,0.401696
2017-12-10,8.377823,0.991075,0.610148,0.380928
2017-12-11,8.380561,1.044268,0.610223,0.434045
2017-12-12,8.383299,1.054824,0.610292,0.444533
2017-12-13,8.386037,1.047098,0.610354,0.436745
2017-12-14,8.388775,1.042947,0.610410,0.432537
2017-12-15,8.391513,1.065093,0.610459,0.454634
2017-12-16,8.394251,1.084914,0.610502,0.474412
2017-12-17,8.396988,1.111055,0.610538,0.500517
2017-12-18,8.399726,1.097489,0.610568,0.486921
2017-12-19,8.402464,1.087655,0.610591,0.477063
2017-12-20,8.405202,1.048660,0.610608,0.438052
2017-12-21,8.407940,1.032419,0.610619,0.421801
2017-12-22,8.410678,0.964434,0.610622,0.353811
2017-12-23,8.413415,0.994918,0.610620,0.384298
2017-12-24,8.416153,0.959653,0.610611,0.349042
2017-12-25,8.418891,0.967541,0.610596,0.356946
2017-12-26,8.421629,1.005738,0.610574,0.395165
2017-12-27,8.424367,1.014667,0.610545,0.404122
2017-12-28,8.427105,0.978670,0.610510,0.368159
2017-12-29,8.429843,0.981449,0.610469,0.370980
2017-12-30,8.432580,0.940232,0.610421,0.329811
2017-12-31,8.435318,0.941806,0.610367,0.331440
2018-01-01,8.438056,0.949258,0.610306,0.338951
2018-01-02,8.440794,0.961058,0.610239,0.350819
2018-01-03,8.443532,0.990201,0.610165,0.380036
2018-01-04,8.446270,0.984720,0.610085,0.374635
2018-01-05,8.449008,1.013451,0.609999,0.403452
2018-01-06,8.451745,1.035514,0.609906,0.425608
2018-01-07,8.454483,1.032080,0.609806,0.422274
2018-01-08,8.457221,1.000475,0.609700,0.390775
2018-01-09,8.459959,0.987050,0.609588,0.377463
2018-01-10,8.462697,0.963207,0.609469,0.353738
2018-01-11,8.465435,0.950801,0.609344,0.341457
2018-01-12,8.468172,0.945452,0.609212,0.336240
2018-01-13,8.470910,0.962087,0.609074,0.353014
2018-01-14,8.473648,0.947282,0.608929,0.338353
2018-01-15,8.476386,0.949681,0.608778,0.340903
2018-01-16,8.479124,0.895570,0.608620,0.286950
2018-01-17,8.481862,0.834635,0.608457,0.226178
2018-01-18,8.484600,0.866207,0.608286,0.257920
2018-01-19,8.487337,0.866670,0.608109,0.258560
2018-01-20,8.490075,0.900910,0.607926,0.292983
2018-01-21,8.492813,0.880466,0.607737,0.272730
2018-01-22,8.495551,0.851764,0.607541,0.244223
2018-01-23,8.498289,0.832960,0.607338,0.225621
2018-01-24,8.501027,0.843363,0.607130,0.236234
2018-01-25,8.503765,0.853022,0.606915,0.246108
2018-01-26,8.506502,0.841811,0.606693,0.235118
2018-01-27,8.509240,0.849122,0.606465,0.242657
2018-01-28,8.511978,0.859044,0.606231,0.252814
2018-01-29,8.514716,0.846264,0.605990,0.240274
2018-01-30,8.517454,0.823630,0.605743,0.217887
2018-01-31,8.520192,0.796888,0.605490,0.191399
2018-02-01,8.522930,0.773719,0.605230,0.168489
2018-02-02,8.525667,0.726126,0.604964,0.121162
2018-02-03,8.528405,0.744441,0.604691,0.139749
2018-02-04,8.531143,0.734890,0.604413,0.130477
2018-02-05,8.533881,0.673465,0.604128,0.069338
2018-02-06,8.536619,0.625604,0.603836,0.021768
2018-02-07,8.539357,0.687204,0.603539,0.083666
2018-02-08,8.542094,0.702967,0.603235,0.099732
2018-02-09,8.544832,0.704462,0.602924,0.101538
2018-02-10,8.547570,0.721063,0.602608,0.118455
2018-02-11,8.550308,0.699213,0.602285,0.096928
2018-02-12,8.553046,0.717953,0.601956,0.115998
2018-02-13,8.555784,0.719155,0.601620,0.117535
2018-02-14,8.558522,0.737569,0.601279,0.136291
2018-02-15,8.561259,0.770811,0.600931,0.169881
2018-02-16,8.563997,0.782163,0.600576,0.181586
2018-02-17,8.566735,0.808590,0.600216,0.208374
2018-02-18,8.569473,0.810412,0.599849,0.210562
2018-02-19,8.572211,0.815175,0.599476,0.215699
2018-02-20,8.574949,0.839696,0.599097,0.240599
2018-02-21,8.577687,0.812985,0.598712,0.214273
2018-02-22,8.580424,0.790695,0.598321,0.192375
2018-02-23,8.583162,0.778260,0.597923,0.180337
2018-02-24,8.585900,0.774500,0.597519,0.176980
2018-02-25,8.588638,0.759231,0.597109,0.162122
2018-02-26,8.591376,0.770921,0.596693,0.174228
2018-02-27,8.594114,0.796873,0.596271,0.200602
2018-02-28,8.596851,0.799506,0.595842,0.203663
2018-03-01,8.599589,0.797993,0.595408,0.202585
2018-03-02,8.602327,0.812040,0.594967,0.217073
2018-03-03,8.605065,0.824895,0.594520,0.230375
2018-03-04,8.607803,0.820882,0.594068,0.226815
2018-03-05,8.610541,0.826354,0.593609,0.232745
2018-03-06,8.613279,0.810459,0.593144,0.217315
2018-03-07,8.616016,0.787783,0.592673,0.195110
2018-03-08,8.618754,0.757554,0.592196,0.165358
2018-03-09,8.621492,0.719961,0.591712,0.128249
2018-03-10,8.624230,0.733113,0.591223,0.141890
2018-03-11,8.626968,0.724204,0.590728,0.133476
2018-03-12,8.629706,0.740428,0.590227,0.150201
2018-03-13,8.632444,0.726914,0.589720,0.137195
2018-03-14,8.635181,0.709169,0.589206,0.119963
2018-03-15,8.637919,0.674092,0.588687,0.085404
2018-03-16,8.640657,0.681864,0.588162,0.093701
2018-03-17,8.643395,0.669241,0.587631,0.081609
2018-03-18,8.646133,0.646869,0.587094,0.059775
2018-03-19,8.648871,0.681505,0.586551,0.094953
2018-03-20,8.651608,0.694784,0.586002,0.108781
2018-03-21,8.654346,0.712398,0.585448,0.126950
2018-03-22,8.657084,0.701472,0.584887,0.116585
2018-03-23,8.659822,0.688104,0.584321,0.103783
2018-03-24,8.662560,0.703078,0.583748,0.119329
2018-03-25,8.665298,0.687560,0.583170,0.104390
2018-03-26,8.668036,0.670602,0.582586,0.088016
2018-03-27,8.670773,0.656289,0.581997,0.074292
2018-03-28,8.673511,0.653018,0.581401,0.071617
2018-03-29,8.676249,0.636594,0.580800,0.055794
2018-03-30,8.678987,0.592632,0.580193,0.012440
2018-03-31,8.681725,0.597792,0.579580,0.018212
2018-04-01,8.684463,0.584366,0.578961,0.005405
2018-04-02,8.687201,0.594895,0.578337,0.016559
2018-04-03,8.689938,0.614334,0.577707,0.036627
2018-04-04,8.692676,0.599373,0.577071,0.022302
2018-04-05,8.695414,0.578926,0.576429,0.002497
2018-04-06,8.698152,0.570137,0.575782,-0.005646
2018-04-07,8.700890,0.583963,0.575130,0.008833
2018-04-08,8.703628,0.589446,0.574471,0.014975
2018-04-09,8.706366,0.582920,0.573807,0.009113
2018-04-10,8.709103,0.575178,0.573137,0.002041
2018-04-11,8.711841,0.580229,0.572462,0.007767
2018-04-12,8.714579,0.607107,0.571781,0.035326
2018-04-13,8.717317,0.643732,0.571095,0.072637
2018-04-14,8.720055,0.644170,0.570403,0.073767
2018-04-15,8.722793,0.653616,0.569706,0.083911
2018-04-16,8.725530,0.646596,0.569003,0.077593
2018-04-17,8.728268,0.643837,0.568294,0.075543
2018-04-18,8.731006,0.643748,0.567580,0.076168
2018-04-19,8.733744,0.651155,0.566861,0.084294
2018-04-20,8.736482,0.661981,0.566136,0.095844
2018-04-21,8.739220,0.679758,0.565406,0.114352
2018-04-22,8.741958,0.683294,0.564670,0.118623
2018-04-23,8.744695,0.683575,0.563929,0.119646
2018-04-24,8.747433,0.700013,0.563183,0.136830
2018-04-25,8.750171,0.695869,0.562431,0.133438
2018-04-26,8.752909,0.680372,0.561674,0.118698
2018-04-27,8.755647,0.694320,0.560911,0.133408
2018-04-28,8.758385,0.694258,0.560144,0.134115
2018-04-29,8.761123,0.698744,0.559371,0.139374
2018-04-30,8.763860,0.695794,0.558592,0.137202
2018-05-01,8.766598,0.681793,0.557809,0.123984
2018-05-02,8.769336,0.686066,0.557020,0.129046
2018-05-03,8.772074,0.697190,0.556226,0.140964
2018-05-04,8.774812,0.709662,0.555427,0.154235
2018-05-05,8.777550,0.715902,0.554622,0.161280
2018-05-06,8.780287,0.706963,0.553813,0.153150
2018-05-07,8.783025,0.694321,0.552998,0.141323
2018-05-08,8.785763,0.690012,0.552178,0.137834
2018-05-09,8.788501,0.685959,0.551353,0.134606
2018-05-10,8.791239,0.688510,0.550523,0.137987
2018-05-11,8.793977,0.661920,0.549688,0.112231
2018-05-12,8.796715,0.647465,0.548848,0.098616
2018-05-13,8.799452,0.653012,0.548003,0.105009
2018-05-14,8.802190,0.652618,0.547153,0.105465
2018-05-15,8.804928,0.654209,0.546298,0.107911
2018-05-16,8.807666,0.635999,0.545438,0.090561
2018-05-17,8.810404,0.634690,0.544573,0.090117
2018-05-18,8.813142,0.624938,0.543703,0.081235
2018-05-19,8.815880,0.631938,0.542828,0.089110
2018-05-20,8.818617,0.637009,0.541948,0.095061
2018-05-21,8.821355,0.640991,0.541064,0.099927
2018-05-22,8.824093,0.628962,0.540174,0.088788
2018-05-23,8.826831,0.604887,0.539280,0.065607
2018-05-24,8.829569,0.590033,0.538381,0.051652
2018-05-25,8.832307,0.585555,0.537477,0.048078
2018-05-26,8.835044,0.585049,0.536569,0.048480
2018-05-27,8.837782,0.575125,0.535656,0.039469
2018-05-28,8.840520,0.570470,0.534738,0.035732
2018-05-29,8.843258,0.572230,0.533815,0.038415
2018-05-30,8.845996,0.579652,0.532888,0.046764
2018-05-31,8.848734,0.582328,0.531956,0.050372
2018-06-01,8.851472,0.580589,0.531019,0.049570
2018-06-02,8.854209,0.586411,0.530078,0.056333
2018-06-03,8.856947,0.590790,0.529132,0.061658
2018-06-04,8.859685,0.583367,0.528182,0.055185
2018-06-05,8.862423,0.578125,0.527227,0.050898
2018-06-06,8.865161,0.583722,0.526267,0.057454
2018-06-07,8.867899,0.587795,0.525303,0.062492
2018-06-08,8.870637,0.584020,0.524335,0.059685
2018-06-09,8.873374,0.583218,0.523362,0.059856
2018-06-10,8.876112,0.554323,0.522385,0.031938
2018-06-11,8.878850,0.530265,0.521403,0.008861
2018-06-12,8.881588,0.529140,0.520417,0.008723
2018-06-13,8.884326,0.508270,0.519427,-0.011156
2018-06-14,8.887064,0.511083,0.518432,-0.007349
2018-06-15,8.889802,0.513628,0.517433,-0.003805
2018-06-16,8.892539,0.507659,0.516430,-0.008771
2018-06-17,8.895277,0.509550,0.515422,-0.005872
2018-06-18,8.898015,0.510078,0.514410,-0.004333
2018-06-19,8.900753,0.521388,0.513394,0.007994
2018-06-20,8.903491,0.517952,0.512374,0.005578
2018-06-21,8.906229,0.520375,0.511349,0.009026
2018-06-22,8.908966,0.495861,0.510321,-0.014460
2018-06-23,8.911704,0.480775,0.509288,-0.028513
2018-06-24,8.914442,0.472515,0.508251,-0.035736
2018-06-25,8.917180,0.483866,0.507211,-0.023344
2018-06-26,8.919918,0.482779,0.506166,-0.023387
2018-06-27,8.922656,0.474663,0.505117,-0.030454
2018-06-28,8.925394,0.472603,0.504064,-0.031460
2018-06-29,8.928131,0.460431,0.503007,-0.042576
2018-06-30,8.930869,0.491053,0.501946,-0.010893
2018-07-01,8.933607,0.489103,0.500881,-0.011778
2018-07-02,8.936345,0.495358,0.499813,-0.004455
2018-07-03,8.939083,0.503899,0.498740,0.005159
2018-07-04,8.941821,0.501901,0.497664,0.004238
2018-07-05,8.944559,0.502302,0.496584,0.005719
2018-07-06,8.947296,0.499335,0.495500,0.003836
2018-07-07,8.950034,0.500683,0.494412,0.006271
2018-07-08,8.952772,0.509707,0.493321,0.016387
2018-07-09,8.955510,0.507377,0.492225,0.015152
2018-07-10,8.958248,0.492855,0.491126,0.001728
2018-07-11,8.960986,0.483811,0.490024,-0.006213
2018-07-12,8.963723,0.473328,0.488918,-0.015590
2018-07-13,8.966461,0.473096,0.487808,-0.014712
2018-07-14,8.969199,0.471822,0.486694,-0.014873
2018-07-15,8.971937,0.476667,0.485577,-0.008910
2018-07-16,8.974675,0.489487,0.484457,0.005030
2018-07-17,8.977413,0.511715,0.483333,0.028382
2018-07-18,8.980151,0.542999,0.482205,0.060794
2018-07-19,8.982888,0.541738,0.481074,0.060664
2018-07-20,8.985626,0.543029,0.479940,0.063090
2018-07-21,8.988364,0.538259,0.478802,0.059457
2018-07-22,8.991102,0.543174,0.477661,0.065514
2018-07-23,8.993840,0.555446,0.476516,0.078930
2018-07-24,8.996578,0.576635,0.475368,0.101267
2018-07-25,8.999316,0.585261,0.474217,0.111044
2018-07-26,9.002053,0.581564,0.473062,0.108502
2018-07-27,9.004791,0.571609,0.471905,0.099705
2018-07-28,9.007529,0.579435,0.470744,0.108691
2018-07-29,9.010267,0.580099,0.469579,0.110520
2018-07-30,9.013005,0.575946,0.468412,0.107534
2018-07-31,9.015743,0.563722,0.467242,0.096481
2018-08-01,9.018480,0.544196,0.466068,0.078128
2018-08-02,9.021218,0.544446,0.464891,0.079554
2018-08-03,9.023956,0.532443,0.463712,0.068732
2018-08-04,9.026694,0.522993,0.462529,0.060464
2018-08-05,9.029432,0.507133,0.461343,0.045789
2018-08-06,9.032170,0.505822,0.460155,0.045668
2018-08-07,9.034908,0.505020,0.458963,0.046057
2018-08-08,9.037645,0.469328,0.457768,0.011560
2018-08-09,9.040383,0.465450,0.456571,0.008880
2018-08-10,9.043121,0.463535,0.455371,0.008165
2018-08-11,9.045859,0.450470,0.454167,-0.003698
2018-08-12,9.048597,0.457898,0.452961,0.004936
2018-08-13,9.051335,0.459759,0.451753,0.008006
2018-08-14,9.054073,0.439347,0.450541,-0.011194
2018-08-15,9.056810,0.459352,0.449327,0.010025
2018-08-16,9.059548,0.456795,0.448110,0.008685
2018-08-17,9.062286,0.464328,0.446891,0.017438
2018-08-18,9.065024,0.462381,0.445668,0.016712
2018-08-19,9.067762,0.458670,0.444444,0.014226
2018-08-20,9.070500,0.461067,0.443216,0.017851
2018-08-21,9.073238,0.457558,0.441986,0.015571
2018-08-22,9.075975,0.468347,0.440754,0.027593
2018-08-23,9.078713,0.458417,0.439519,0.018898
2018-08-24,9.081451,0.465602,0.438282,0.027321
2018-08-25,9.084189,0.475259,0.437042,0.038217
2018-08-26,9.086927,0.471567,0.435800,0.035767
2018-08-27,9.089665,0.473650,0.434555,0.039095
2018-08-28,9.092402,0.490024,0.433308,0.056716
2018-08-29,9.095140,0.493304,0.432059,0.061246
2018-08-30,9.097878,0.485436,0.430807,0.054629
2018-08-31,9.100616,0.487688,0.429553,0.058135
2018-09-01,9.103354,0.494669,0.428297,0.066371
2018-09-02,9.106092,0.502227,0.427039,0.075188
2018-09-03,9.108830,0.502636,0.425779,0.076857
2018-09-04,9.111567,0.505703,0.424516,0.081187
2018-09-05,9.114305,0.493394,0.423252,0.070142
2018-09-06,9.117043,0.449101,0.421985,0.027116
2018-09-07,9.119781,0.450010,0.420716,0.029294
2018-09-08,9.122519,0.443757,0.419445,0.024311
2018-09-09,9.125257,0.438526,0.418172,0.020354
2018-09-10,9.127995,0.437587,0.416898,0.020690
2018-09-11,9.130732,0.436777,0.415621,0.021156
2018-09-12,9.133470,0.434570,0.414342,0.020227
2018-09-13,9.136208,0.445260,0.413062,0.032198
2018-09-14,9.138946,0.447849,0.411780,0.036070
2018-09-15,9.141684,0.448356,0.410496,0.037861
2018-09-16,9.144422,0.445596,0.409210,0.036386
2018-09-17,9.147159,0.439288,0.407922,0.031366
2018-09-18,9.149897,0.431960,0.406633,0.025328
2018-09-19,9.152635,0.433794,0.405342,0.028453
2018-09-20,9.155373,0.438158,0.404049,0.034109
2018-09-21,9.158111,0.453640,0.402754,0.050885
2018-09-22,9.160849,0.456065,0.401458,0.054606
2018-09-23,9.163587,0.455368,0.400161,0.055207
2018-09-24,9.166324,0.450190,0.398862,0.051328
2018-09-25,9.169062,0.435224,0.397561,0.037663
2018-09-26,9.171800,0.437749,0.396259,0.041489
2018-09-27,9.174538,0.441098,0.394956,0.046142
2018-09-28,9.177276,0.449744,0.393651,0.056093
2018-09-29,9.180014,0.441525,0.392345,0.049181
2018-09-30,9.182752,0.443238,0.391037,0.052201
2018-10-01,9.185489,0.442388,0.389728,0.052660
2018-10-02,9.188227,0.439821,0.388418,0.051404
2018-10-03,9.190965,0.433332,0.387106,0.046226
2018-10-04,9.193703,0.438813,0.385793,0.053019
2018-10-05,9.196441,0.438220,0.384479,0.053740
2018-10-06,9.199179,0.438026,0.383164,0.054862
2018-10-07,9.201916,0.436168,0.381848,0.054320
2018-10-08,9.204654,0.438878,0.380530,0.058348
2018-10-09,9.207392,0.438392,0.379212,0.059180
2018-10-10,9.210130,0.433915,0.377892,0.056023
2018-10-11,9.212868,0.413800,0.376572,0.037228
2018-10-12,9.215606,0.412551,0.375250,0.037300
2018-10-13,9.218344,0.411870,0.373928,0.037942
2018-10-14,9.221081,0.413433,0.372604,0.040829
2018-10-15,9.223819,0.425251,0.371280,0.053971
2018-10-16,9.226557,0.428208,0.369955,0.058253
2018-10-17,9.229295,0.427377,0.368629,0.058749
2018-10-18,9.232033,0.425805,0.367302,0.058503
2018-10-19,9.234771,0.421403,0.365974,0.055429
2018-10-20,9.237509,0.421055,0.364646,0.056410
2018-10-21,9.240246,0.422747,0.363317,0.059430
2018-10-22,9.242984,0.420121,0.361987,0.058134
2018-10-23,9.245722,0.418774,0.360657,0.058117
2018-10-24,9.248460,0.419950,0.359326,0.060625
2018-10-25,9.251198,0.417683,0.357994,0.059689
2018-10-26,9.253936,0.416874,0.356662,0.060213
2018-10-27,9.256674,0.416223,0.355329,0.060894
2018-10-28,9.259411,0.415093,0.353996,0.061097
2018-10-29,9.262149,0.409673,0.352662,0.057010
2018-10-30,9.264887,0.404587,0.351328,0.053258
2018-10-31,9.267625,0.404298,0.349994,0.054304
2018-11-01,9.270363,0.405724,0.348659,0.057065
2018-11-02,9.273101,0.407642,0.347324,0.060318
2018-11-03,9.275838,0.405495,0.345989,0.059506
2018-11-04,9.278576,0.406655,0.344653,0.062002
2018-11-05,9.281314,0.408412,0.343317,0.065095
2018-11-06,9.284052,0.408177,0.341981,0.066197
2018-11-07,9.286790,0.413580,0.340644,0.072935
2018-11-08,9.289528,0.409512,0.339308,0.070204
2018-11-09,9.292266,0.403841,0.337971,0.065870
2018-11-10,9.295003,0.402636,0.336635,0.066001
2018-11-11,9.297741,0.400780,0.335298,0.065482
2018-11-12,9.300479,0.401002,0.333961,0.067041
2018-11-13,9.303217,0.397346,0.332624,0.064721
2018-11-14,9.305955,0.379477,0.331288,0.048189
2018-11-15,9.308693,0.340264,0.329951,0.010313
2018-11-16,9.311431,0.341434,0.328615,0.012819
2018-11-17,9.314168,0.336691,0.327278,0.009413
2018-11-18,9.316906,0.339385,0.325942,0.013443
2018-11-19,9.319644,0.311152,0.324606,-0.013454
2018-11-20,9.322382,0.252187,0.323270,-0.071083
2018-11-21,9.325120,0.243766,0.321934,-0.078168
2018-11-22,9.327858,0.244090,0.320599,-0.076510
2018-11-23,9.330595,0.222147,0.319264,-0.097117
2018-11-24,9.333333,0.216755,0.317930,-0.101175
2018-11-25,9.336071,0.168238,0.316595,-0.148357
2018-11-26,9.338809,0.177624,0.315262,-0.137637
2018-11-27,9.341547,0.159934,0.313928,-0.153995
2018-11-28,9.344285,0.197894,0.312595,-0.114702
2018-11-29,9.347023,0.213523,0.311263,-0.097740
2018-11-30,9.349760,0.197756,0.309931,-0.112175
2018-12-01,9.352498,0.197376,0.308600,-0.111224
2018-12-02,9.355236,0.201545,0.307269,-0.105724
2018-12-03,9.357974,0.180208,0.305939,-0.125731
2018-12-04,9.360712,0.177026,0.304610,-0.127584
2018-12-05,9.363450,0.165151,0.303281,-0.138130
2018-12-06,9.366188,0.152296,0.301953,-0.149657
2018-12-07,9.368925,0.110610,0.300626,-0.190016
2018-12-08,9.371663,0.112741,0.299300,-0.186559
2018-12-09,9.374401,0.123291,0.297974,-0.174683
2018-12-10,9.377139,0.122366,0.296650,-0.174284
2018-12-11,9.379877,0.108769,0.295326,-0.186557
2018-12-12,9.382615,0.112170,0.294003,-0.181833
2018-12-13,9.385352,0.106655,0.292681,-0.186026
2018-12-14,9.388090,0.089470,0.291360,-0.201890
2018-12-15,9.390828,0.081325,0.290040,-0.208715
2018-12-16,9.393566,0.085769,0.288721,-0.202952
2018-12-17,9.396304,0.100460,0.287403,-0.186943
2018-12-18,9.399042,0.121055,0.286086,-0.165032
2018-12-19,9.401780,0.148917,0.284771,-0.135853
2018-12-20,9.404517,0.168182,0.283456,-0.115274
2018-12-21,9.407255,0.172966,0.282143,-0.109177
2018-12-22,9.409993,0.159756,0.280831,-0.121075
2018-12-23,9.412731,0.172627,0.279520,-0.106893
2018-12-24,9.415469,0.187481,0.278210,-0.090730
2018-12-25,9.418207,0.149033,0.276902,-0.127869
2018-12-26,9.420945,0.149709,0.275595,-0.125886
2018-12-27,9.423682,0.142205,0.274290,-0.132084
2018-12-28,9.426420,0.139901,0.272986,-0.133084
2018-12-29,9.429158,0.157564,0.271683,-0.114119
2018-12-30,9.431896,0.147895,0.270382,-0.122486
2018-12-31,9.434634,0.143837,0.269082,-0.125246
2019-01-01,9.437372,0.137504,0.267784,-0.130280
2019-01-02,9.440110,0.150244,0.266487,-0.116243
2019-01-03,9.442847,0.149694,0.265192,-0.115499
2019-01-04,9.445585,0.144134,0.263899,-0.119764
2019-01-05,9.448323,0.148630,0.262607,-0.113977
2019-01-06,9.451061,0.152198,0.261317,-0.109119
2019-01-07,9.453799,0.166992,0.260029,-0.093037
2019-01-08,9.456537,0.164754,0.258742,-0.093988
2019-01-09,9.459274,0.164428,0.257457,-0.093029
2019-01-10,9.462012,0.140311,0.256174,-0.115863
2019-01-11,9.464750,0.121935,0.254893,-0.132958
2019-01-12,9.467488,0.120051,0.253613,-0.133563
2019-01-13,9.470226,0.113913,0.252336,-0.138423
2019-01-14,9.472964,0.113148,0.251060,-0.137912
2019-01-15,9.475702,0.119376,0.249787,-0.130410
2019-01-16,9.478439,0.114360,0.248515,-0.134155
2019-01-17,9.481177,0.113360,0.247245,-0.133886
2019-01-18,9.483915,0.114253,0.245978,-0.131725
2019-01-19,9.486653,0.120080,0.244712,-0.124632
2019-01-20,9.489391,0.111660,0.243449,-0.131788
2019-01-21,9.492129,0.102465,0.242187,-0.139722
2019-01-22,9.494867,0.103650,0.240928,-0.137278
2019-01-23,9.497604,0.105105,0.239671,-0.134566
2019-01-24,9.500342,0.102622,0.238416,-0.135794
2019-01-25,9.503080,0.102243,0.237164,-0.134920
2019-01-26,9.505818,0.103686,0.235914,-0.132228
2019-01-27,9.508556,0.099575,0.234666,-0.135091
2019-01-28,9.511294,0.085982,0.233420,-0.147438
2019-01-29,9.514031,0.080291,0.232177,-0.151885
2019-01-30,9.516769,0.082847,0.230936,-0.148089
2019-01-31,9.519507,0.082385,0.229698,-0.147313
2019-02-01,9.522245,0.080782,0.228462,-0.147679
2019-02-02,9.524983,0.082169,0.227228,-0.145059
2019-02-03,9.527721,0.080671,0.225997,-0.145326
2019-02-04,9.530459,0.078767,0.224769,-0.146001
2019-02-05,9.533196,0.078841,0.223543,-0.144701
2019-02-06,9.535934,0.072489,0.222319,-0.149831
2019-02-07,9.538672,0.071304,0.221099,-0.149795
2019-02-08,9.541410,0.082109,0.219881,-0.137772
2019-02-09,9.544148,0.100169,0.218665,-0.118496
2019-02-10,9.546886,0.098664,0.217452,-0.118788
2019-02-11,9.549624,0.096801,0.216243,-0.119441
2019-02-12,9.552361,0.094292,0.215035,-0.120743
2019-02-13,9.555099,0.094217,0.213831,-0.119614
2019-02-14,9.557837,0.092206,0.212629,-0.120424
2019-02-15,9.560575,0.091858,0.211431,-0.119573
2019-02-16,9.563313,0.093394,0.210235,-0.116841
2019-02-17,9.566051,0.092307,0.209042,-0.116735
2019-02-18,9.568789,0.111086,0.207852,-0.096766
2019-02-19,9.571526,0.125915,0.206665,-0.080750
2019-02-20,9.574264,0.126745,0.205481,-0.078735
2019-02-21,9.577002,0.125878,0.204300,-0.078422
2019-02-22,9.579740,0.127089,0.203122,-0.076033
2019-02-23,9.582478,0.132031,0.201947,-0.069916
2019-02-24,9.585216,0.132098,0.200775,-0.068677
2019-02-25,9.587953,0.110740,0.199606,-0.088866
2019-02-26,9.590691,0.110760,0.198441,-0.087681
2019-02-27,9.593429,0.109741,0.197278,-0.087538
2019-02-28,9.596167,0.111046,0.196119,-0.085073
2019-03-01,9.598905,0.110620,0.194963,-0.084344
2019-03-02,9.601643,0.109042,0.193811,-0.084769
2019-03-03,9.604381,0.108131,0.192661,-0.084530
2019-03-04,9.607118,0.098942,0.191515,-0.092573
2019-03-05,9.609856,0.102766,0.190372,-0.087606
2019-03-06,9.612594,0.109948,0.189233,-0.079285
2019-03-07,9.615332,0.111724,0.188097,-0.076373
2019-03-08,9.618070,0.112321,0.186965,-0.074644
2019-03-09,9.620808,0.113788,0.185835,-0.072047
2019-03-10,9.623546,0.113257,0.184710,-0.071452
2019-03-11,9.626283,0.109592,0.183588,-0.073995
2019-03-12,9.629021,0.107471,0.182469,-0.074998
2019-03-13,9.631759,0.107555,0.181354,-0.073799
2019-03-14,9.634497,0.106473,0.180243,-0.073770
2019-03-15,9.637235,0.108931,0.179135,-0.070203
2019-03-16,9.639973,0.119026,0.178030,-0.059005
2019-03-17,9.642710,0.116884,0.176930,-0.060046
2019-03-18,9.645448,0.116846,0.175833,-0.058987
2019-03-19,9.648186,0.117248,0.174740,-0.057492
2019-03-20,9.650924,0.118616,0.173650,-0.055035
2019-03-21,9.653662,0.118521,0.172565,-0.054044
2019-03-22,9.656400,0.115030,0.171483,-0.056453
2019-03-23,9.659138,0.114513,0.170405,-0.055891
2019-03-24,9.661875,0.112685,0.169330,-0.056646
2019-03-25,9.664613,0.109923,0.168260,-0.058337
2019-03-26,9.667351,0.104766,0.167193,-0.062427
2019-03-27,9.670089,0.113029,0.166131,-0.053102
2019-03-28,9.672827,0.114206,0.165072,-0.050866
2019-03-29,9.675565,0.118874,0.164017,-0.045144
2019-03-30,9.678303,0.120793,0.162967,-0.042173
2019-03-31,9.681040,0.120633,0.161920,-0.041287
2019-04-01,9.683778,0.123661,0.160877,-0.037216
2019-04-02,9.686516,0.174178,0.159839,0.014340
2019-04-03,9.689254,0.206480,0.158804,0.047676
2019-04-04,9.691992,0.201497,0.157774,0.043724
2019-04-05,9.694730,0.202082,0.156747,0.045334
2019-04-06,9.697467,0.206773,0.155725,0.051048
2019-04-07,9.700205,0.213610,0.154707,0.058903
2019-04-08,9.702943,0.221790,0.153693,0.068096
2019-04-09,9.705681,0.219913,0.152684,0.067229
2019-04-10,9.708419,0.223375,0.151679,0.071696
2019-04-11,9.711157,0.210628,0.150677,0.059950
2019-04-12,9.713895,0.203925,0.149681,0.054244
2019-04-13,9.716632,0.206634,0.148688,0.057946
2019-04-14,9.719370,0.205734,0.147700,0.058034
2019-04-15,9.722108,0.208269,0.146717,0.061553
2019-04-16,9.724846,0.205874,0.145737,0.060137
2019-04-17,9.727584,0.214915,0.144762,0.070152
2019-04-18,9.730322,0.217894,0.143792,0.074102
2019-04-19,9.733060,0.216828,0.142826,0.074002
2019-04-20,9.735797,0.220452,0.141864,0.078588
2019-04-21,9.738535,0.217948,0.140907,0.077041
2019-04-22,9.741273,0.219840,0.139955,0.079886
2019-04-23,9.744011,0.236066,0.139007,0.097059
2019-04-24,9.746749,0.232023,0.138063,0.093960
2019-04-25,9.749487,0.226635,0.137124,0.089511
2019-04-26,9.752225,0.207904,0.136190,0.071713
2019-04-27,9.754962,0.207862,0.135261,0.072601
2019-04-28,9.757700,0.208462,0.134336,0.074126
2019-04-29,9.760438,0.206414,0.133416,0.072998
2019-04-30,9.763176,0.208875,0.132500,0.076375
2019-05-01,9.765914,0.215847,0.131589,0.084258
2019-05-02,9.768652,0.219893,0.130683,0.089209
2019-05-03,9.771389,0.239028,0.129782,0.109246
2019-05-04,9.774127,0.243720,0.128885,0.114835
2019-05-05,9.776865,0.245729,0.127994,0.117735
2019-05-06,9.779603,0.240613,0.127107,0.113506
2019-05-07,9.782341,0.254568,0.126225,0.128343
2019-05-08,9.785079,0.252663,0.125347,0.127316
2019-05-09,9.787817,0.266429,0.124475,0.141954
2019-05-10,9.790554,0.282328,0.123608,0.158720
2019-05-11,9.793292,0.314203,0.122745,0.191458
2019-05-12,9.796030,0.333712,0.121888,0.211824
2019-05-13,9.798768,0.348696,0.121035,0.227660
2019-05-14,9.801506,0.381049,0.120188,0.260861
2019-05-15,9.804244,0.383452,0.119345,0.264107
2019-05-16,9.806982,0.379500,0.118508,0.260992
2019-05-17,9.809719,0.338986,0.117675,0.221311
2019-05-18,9.812457,0.342298,0.116848,0.225450
2019-05-19,9.815195,0.375228,0.116026,0.259203
2019-05-20,9.817933,0.372424,0.115208,0.257216
2019-05-21,9.820671,0.374494,0.114396,0.260098
2019-05-22,9.823409,0.370767,0.113589,0.257178
2019-05-23,9.826146,0.360757,0.112788,0.247970
2019-05-24,9.828884,0.374904,0.111991,0.262913
2019-05-25,9.831622,0.376821,0.111200,0.265622
2019-05-26,9.834360,0.380519,0.110413,0.270105
2019-05-27,9.837098,0.412326,0.109632,0.302693
2019-05-28,9.839836,0.409610,0.108857,0.300753
2019-05-29,9.842574,0.406170,0.108086,0.298083
2019-05-30,9.845311,0.405182,0.107321,0.297861
2019-05-31,9.848049,0.391024,0.106561,0.284463
2019-06-01,9.850787,0.399887,0.105807,0.294080
2019-06-02,9.853525,0.405376,0.105058,0.300318
2019-06-03,9.856263,0.397581,0.104314,0.293267
2019-06-04,9.859001,0.361865,0.103576,0.258290
2019-06-05,9.861739,0.357110,0.102843,0.254268
2019-06-06,9.864476,0.354917,0.102115,0.252802
2019-06-07,9.867214,0.364439,0.101393,0.263046
2019-06-08,9.869952,0.363953,0.100676,0.263277
2019-06-09,9.872690,0.355728,0.099965,0.255763
2019-06-10,9.875428,0.356254,0.099259,0.256994
2019-06-11,9.878166,0.359630,0.098559,0.261071
2019-06-12,9.880903,0.366654,0.097864,0.268790
2019-06-13,9.883641,0.372840,0.097175,0.275665
2019-06-14,9.886379,0.381873,0.096491,0.285382
2019-06-15,9.889117,0.400006,0.095813,0.304193
2019-06-16,9.891855,0.416279,0.095141,0.321139
2019-06-17,9.894593,0.422589,0.094474,0.328115
2019-06-18,9.897331,0.418414,0.093812,0.324601
2019-06-19,9.900068,0.418086,0.093157,0.324929
2019-06-20,9.902806,0.426983,0.092507,0.334476
2019-06-21,9.905544,0.446479,0.091862,0.354617
2019-06-22,9.908282,0.483947,0.091223,0.392724
2019-06-23,9.911020,0.484925,0.090590,0.394335
2019-06-24,9.913758,0.488617,0.089963,0.398654
2019-06-25,9.916496,0.506113,0.089341,0.416772
2019-06-26,9.919233,0.552774,0.088725,0.464048
2019-06-27,9.921971,0.523131,0.088115,0.435016
2019-06-28,9.924709,0.519724,0.087511,0.432213
2019-06-29,9.927447,0.524987,0.086912,0.438074
2019-06-30,9.930185,0.512437,0.086319,0.426118
2019-07-01,9.932923,0.478833,0.085732,0.393101
2019-07-02,9.935661,0.462525,0.085151,0.377374
2019-07-03,9.938398,0.502733,0.084576,0.418158
2019-07-04,9.941136,0.517919,0.084006,0.433913
2019-07-05,9.943874,0.494174,0.083442,0.410732
2019-07-06,9.946612,0.504212,0.082884,0.421328
2019-07-07,9.949350,0.499695,0.082332,0.417363
2019-07-08,9.952088,0.516760,0.081786,0.434973
2019-07-09,9.954825,0.540998,0.081246,0.459752
2019-07-10,9.957563,0.545015,0.080712,0.464303
2019-07-11,9.960301,0.507494,0.080184,0.427311
2019-07-12,9.963039,0.506992,0.079661,0.427331
2019-07-13,9.965777,0.500202,0.079145,0.421058
2019-07-14,9.968515,0.477304,0.078634,0.398670
2019-07-15,9.971253,0.459833,0.078130,0.381703
2019-07-16,9.973990,0.456137,0.077631,0.378506
2019-07-17,9.976728,0.421826,0.077139,0.344687
2019-07-18,9.979466,0.442297,0.076652,0.365645
2019-07-19,9.982204,0.458762,0.076172,0.382590
2019-07-20,9.984942,0.466763,0.075698,0.391066
2019-07-21,9.987680,0.461718,0.075229,0.386489
2019-07-22,9.990418,0.456102,0.074767,0.381335
2019-07-23,9.993155,0.439973,0.074311,0.365663
2019-07-24,9.995893,0.423575,0.073860,0.349714
2019-07-25,9.998631,0.436613,0.073416,0.363197
2019-07-26,10.001369,0.425252,0.072978,0.352273
2019-07-27,10.004107,0.422403,0.072546,0.349856
2019-07-28,10.006845,0.411562,0.072121,0.339441
2019-07-29,10.009582,0.412952,0.071701,0.341251
2019-07-30,10.012320,0.412354,0.071288,0.341066
2019-07-31,10.015058,0.425637,0.070880,0.354757
2019-08-01,10.017796,0.434722,0.070479,0.364243
2019-08-02,10.020534,0.450288,0.070084,0.380203
2019-08-03,10.023272,0.462259,0.069695,0.392564
2019-08-04,10.026010,0.462895,0.069313,0.393582
2019-08-05,10.028747,0.495383,0.068936,0.426447
2019-08-06,10.031485,0.497377,0.068566,0.428811
2019-08-07,10.034223,0.495557,0.068202,0.427355
2019-08-08,10.036961,0.498482,0.067844,0.430638
2019-08-09,10.039699,0.498633,0.067493,0.431140
2019-08-10,10.042437,0.489106,0.067147,0.421958
2019-08-11,10.045175,0.481054,0.066808,0.414245
2019-08-12,10.047912,0.480999,0.066476,0.414524
2019-08-13,10.050650,0.470614,0.066149,0.404465
2019-08-14,10.053388,0.441932,0.065829,0.376103
2019-08-15,10.056126,0.424203,0.065515,0.358688
2019-08-16,10.058864,0.432624,0.065207,0.367417
2019-08-17,10.061602,0.434626,0.064906,0.369721
2019-08-18,10.064339,0.433965,0.064610,0.369355
2019-08-19,10.067077,0.446406,0.064322,0.382084
2019-08-20,10.069815,0.451216,0.064039,0.387177
2019-08-21,10.072553,0.427587,0.063763,0.363824
2019-08-22,10.075291,0.421346,0.063493,0.357853
2019-08-23,10.078029,0.429872,0.063229,0.366642
2019-08-24,10.080767,0.424208,0.062972,0.361236
2019-08-25,10.083504,0.421586,0.062721,0.358865
2019-08-26,10.086242,0.430867,0.062477,0.368391
2019-08-27,10.088980,0.423277,0.062239,0.361039
2019-08-28,10.091718,0.417383,0.062007,0.355376
2019-08-29,10.094456,0.394124,0.061782,0.332343
2019-08-30,10.097194,0.394309,0.061563,0.332746
2019-08-31,10.099932,0.396072,0.061350,0.334722
2019-09-01,10.102669,0.396775,0.061144,0.335632
2019-09-02,10.105407,0.410018,0.060944,0.349074
2019-09-03,10.108145,0.432888,0.060750,0.372138
2019-09-04,10.110883,0.434357,0.060563,0.373794
2019-09-05,10.113621,0.433877,0.060382,0.373494
2019-09-06,10.116359,0.436665,0.060208,0.376458
2019-09-07,10.119097,0.427046,0.060040,0.367006
2019-09-08,10.121834,0.427872,0.059879,0.367994
2019-09-09,10.124572,0.420923,0.059723,0.361200
2019-09-10,10.127310,0.416871,0.059575,0.357296
2019-09-11,10.130048,0.409739,0.059433,0.350307
2019-09-12,10.132786,0.415861,0.059297,0.356565
2019-09-13,10.135524,0.418975,0.059167,0.359808
2019-09-14,10.138261,0.419338,0.059044,0.360294
2019-09-15,10.140999,0.417681,0.058928,0.358753
2019-09-16,10.143737,0.414446,0.058818,0.355628
2019-09-17,10.146475,0.412397,0.058714,0.353683
2019-09-18,10.149213,0.410780,0.058617,0.352163
2019-09-19,10.151951,0.401903,0.058526,0.343377
2019-09-20,10.154689,0.409040,0.058442,0.350598
2019-09-21,10.157426,0.402629,0.058364,0.344265
2019-09-22,10.160164,0.399590,0.058293,0.341297
2019-09-23,10.162902,0.394537,0.058228,0.336309
2019-09-24,10.165640,0.373418,0.058169,0.315249
2019-09-25,10.168378,0.326506,0.058117,0.268389
2019-09-26,10.171116,0.314973,0.058072,0.256902
2019-09-27,10.173854,0.303327,0.058033,0.245294
2019-09-28,10.176591,0.309172,0.058000,0.251172
2019-09-29,10.179329,0.304007,0.057974,0.246034
2019-09-30,10.182067,0.303517,0.057954,0.245563
2019-10-01,10.184805,0.318091,0.057941,0.260150
2019-10-02,10.187543,0.312006,0.057934,0.254072
2019-10-03,10.190281,0.310599,0.057933,0.252666
2019-10-04,10.193018,0.304903,0.057940,0.246963
2019-10-05,10.195756,0.302250,0.057952,0.244298
2019-10-06,10.198494,0.294668,0.057971,0.236697
2019-10-07,10.201232,0.297713,0.057997,0.239716
2019-10-08,10.203970,0.305220,0.058029,0.247191
2019-10-09,10.206708,0.310935,0.058067,0.252868
2019-10-10,10.209446,0.321500,0.058112,0.263389
2019-10-11,10.212183,0.313333,0.058163,0.255170
2019-10-12,10.214921,0.309656,0.058221,0.251435
2019-10-13,10.217659,0.310419,0.058285,0.252134
2019-10-14,10.220397,0.307154,0.058356,0.248799
2019-10-15,10.223135,0.304310,0.058433,0.245877
2019-10-16,10.225873,0.293112,0.058516,0.234595
2019-10-17,10.228611,0.290965,0.058606,0.232358
2019-10-18,10.231348,0.286757,0.058703,0.228054
2019-10-19,10.234086,0.286291,0.058806,0.227486
2019-10-20,10.236824,0.289027,0.058915,0.230112
2019-10-21,10.239562,0.298694,0.059031,0.239663
2019-10-22,10.242300,0.296853,0.059153,0.237699
2019-10-23,10.245038,0.271815,0.059282,0.212533
2019-10-24,10.247775,0.254889,0.059417,0.195472
2019-10-25,10.250513,0.278906,0.059558,0.219348
2019-10-26,10.253251,0.350116,0.059706,0.290410
2019-10-27,10.255989,0.353121,0.059861,0.293261
2019-10-28,10.258727,0.354529,0.060021,0.294508
2019-10-29,10.261465,0.349588,0.060188,0.289399
2019-10-30,10.264203,0.340400,0.060362,0.280038
2019-10-31,10.266940,0.339160,0.060542,0.278618
2019-11-01,10.269678,0.338072,0.060728,0.277344
2019-11-02,10.272416,0.343256,0.060921,0.282335
2019-11-03,10.275154,0.339697,0.061120,0.278576
2019-11-04,10.277892,0.340917,0.061326,0.279591
2019-11-05,10.280630,0.344111,0.061538,0.282573
2019-11-06,10.283368,0.343102,0.061756,0.281346
2019-11-07,10.286105,0.338092,0.061981,0.276111
2019-11-08,10.288843,0.325479,0.062212,0.263267
2019-11-09,10.291581,0.317063,0.062449,0.254614
2019-11-10,10.294319,0.320582,0.062693,0.257889
2019-11-11,10.297057,0.315347,0.062943,0.252404
2019-11-12,10.299795,0.311847,0.063199,0.248648
2019-11-13,10.302533,0.312176,0.063462,0.248714
2019-11-14,10.305270,0.307005,0.063731,0.243274
2019-11-15,10.308008,0.300552,0.064007,0.236545
2019-11-16,10.310746,0.296663,0.064288,0.232375
2019-11-17,10.313484,0.298209,0.064576,0.233632
2019-11-18,10.316222,0.290767,0.064871,0.225897
2019-11-19,10.318960,0.276585,0.065171,0.211414
2019-11-20,10.321697,0.275004,0.065478,0.209525
2019-11-21,10.324435,0.260949,0.065792,0.195157
2019-11-22,10.327173,0.231908,0.066111,0.165797
2019-11-23,10.329911,0.225872,0.066437,0.159435
2019-11-24,10.332649,0.219573,0.066769,0.152805
2019-11-25,10.335387,0.207895,0.067107,0.140788
2019-11-26,10.338125,0.217296,0.067452,0.149845
2019-11-27,10.340862,0.223498,0.067802,0.155696
2019-11-28,10.343600,0.238287,0.068159,0.170128
2019-11-29,10.346338,0.243136,0.068522,0.174614
2019-11-30,10.349076,0.244665,0.068892,0.175773
2019-12-01,10.351814,0.226952,0.069267,0.157685
2019-12-02,10.354552,0.223965,0.069649,0.154315
2019-12-03,10.357290,0.223861,0.070037,0.153824
2019-12-04,10.360027,0.220420,0.070431,0.149989
2019-12-05,10.362765,0.222882,0.070832,0.152050
2019-12-06,10.365503,0.226779,0.071238,0.155541
2019-12-07,10.368241,0.233533,0.071651,0.161882
2019-12-08,10.370979,0.230749,0.072070,0.158679
2019-12-09,10.373717,0.228224,0.072495,0.155730
2019-12-10,10.376454,0.218335,0.072926,0.145410
2019-12-11,10.379192,0.212577,0.073363,0.139214
2019-12-12,10.381930,0.209857,0.073806,0.136051
2019-12-13,10.384668,0.212533,0.074255,0.138278
2019-12-14,10.387406,0.208022,0.074711,0.133312
2019-12-15,10.390144,0.203217,0.075172,0.128045
2019-12-16,10.392882,0.199283,0.075640,0.123643
2019-12-17,10.395619,0.183872,0.076113,0.107759
2019-12-18,10.398357,0.182352,0.076593,0.105759
2019-12-19,10.401095,0.204448,0.077078,0.127370
2019-12-20,10.403833,0.203996,0.077570,0.126427
2019-12-21,10.406571,0.203203,0.078067,0.125136
2019-12-22,10.409309,0.207392,0.078571,0.128821
2019-12-23,10.412047,0.222507,0.079081,0.143426
2019-12-24,10.414784,0.209759,0.079596,0.130163
2019-12-25,10.417522,0.204474,0.080118,0.124356
2019-12-26,10.420260,0.204720,0.080645,0.124075
2019-12-27,10.422998,0.202412,0.081178,0.121233
2019-12-28,10.425736,0.207962,0.081718,0.126244
2019-12-29,10.428474,0.209881,0.082263,0.127618
2019-12-30,10.431211,0.206382,0.082814,0.123568
2019-12-31,10.433949,0.200230,0.083371,0.116860
2020-01-01,10.436687,0.199667,0.083934,0.115733
2020-01-02,10.439425,0.191564,0.084502,0.107061
2020-01-03,10.442163,0.199783,0.085077,0.114706
2020-01-04,10.444901,0.204749,0.085657,0.119092
2020-01-05,10.447639,0.210211,0.086243,0.123967
2020-01-06,10.450376,0.215551,0.086835,0.128716
2020-01-07,10.453114,0.236659,0.087433,0.149226
2020-01-08,10.455852,0.252203,0.088036,0.164167
2020-01-09,10.458590,0.234131,0.088645,0.145485
2020-01-10,10.461328,0.233487,0.089260,0.144227
2020-01-11,10.464066,0.244830,0.089881,0.154949
2020-01-12,10.466804,0.244288,0.090507,0.153781
2020-01-13,10.469541,0.243266,0.091139,0.152127
2020-01-14,10.472279,0.266698,0.091777,0.174920
2020-01-15,10.475017,0.274171,0.092421,0.181751
2020-01-16,10.477755,0.270293,0.093070,0.177224
2020-01-17,10.480493,0.278425,0.093724,0.184701
2020-01-18,10.483231,0.279808,0.094385,0.185423
2020-01-19,10.485969,0.277198,0.095051,0.182147
2020-01-20,10.488706,0.266836,0.095722,0.171114
2020-01-21,10.491444,0.266227,0.096399,0.169828
2020-01-22,10.494182,0.266700,0.097082,0.169618
2020-01-23,10.496920,0.254570,0.097770,0.156800
2020-01-24,10.499658,0.251441,0.098464,0.152977
2020-01-25,10.502396,0.247814,0.099163,0.148651
2020-01-26,10.505133,0.252860,0.099868,0.152993
2020-01-27,10.507871,0.266652,0.100578,0.166074
2020-01-28,10.510609,0.281134,0.101293,0.179841
2020-01-29,10.513347,0.293594,0.102015,0.191579
2020-01-30,10.516085,0.294659,0.102741,0.191918
2020-01-31,10.518823,0.292884,0.103473,0.189411
2020-02-01,10.521561,0.293739,0.104210,0.189529
2020-02-02,10.524298,0.293356,0.104953,0.188403
2020-02-03,10.527036,0.290662,0.105701,0.184961
2020-02-04,10.529774,0.284319,0.106454,0.177865
2020-02-05,10.532512,0.292887,0.107213,0.185674
2020-02-06,10.535250,0.304944,0.107977,0.196967
2020-02-07,10.537988,0.308245,0.108746,0.199498
2020-02-08,10.540726,0.309224,0.109521,0.199703
2020-02-09,10.543463,0.320272,0.110301,0.209971
2020-02-10,10.546201,0.312593,0.111086,0.201508
2020-02-11,10.548939,0.313834,0.111876,0.201958
2020-02-12,10.551677,0.329734,0.112671,0.217062
2020-02-13,10.554415,0.326886,0.113472,0.213414
2020-02-14,10.557153,0.325165,0.114278,0.210887
2020-02-15,10.559890,0.319351,0.115089,0.204262
2020-02-16,10.562628,0.308775,0.115905,0.192870
2020-02-17,10.565366,0.300152,0.116726,0.183426
2020-02-18,10.568104,0.305174,0.117552,0.187622
2020-02-19,10.570842,0.315003,0.118383,0.196619
2020-02-20,10.573580,0.293190,0.119220,0.173970
2020-02-21,10.576318,0.297467,0.120061,0.177406
2020-02-22,10.579055,0.295805,0.120907,0.174898
2020-02-23,10.581793,0.304236,0.121759,0.182478
2020-02-24,10.584531,0.297258,0.122615,0.174643
2020-02-25,10.587269,0.286142,0.123476,0.162665
2020-02-26,10.590007,0.264841,0.124342,0.140499
2020-02-27,10.592745,0.252985,0.125213,0.127772
2020-02-28,10.595483,0.247583,0.126089,0.121494
2020-02-29,10.598220,0.246259,0.126970,0.119288
2020-03-01,10.600958,0.239445,0.127856,0.111589
2020-03-02,10.603696,0.247957,0.128746,0.119211
2020-03-03,10.606434,0.249517,0.129642,0.119876
2020-03-04,10.609172,0.247614,0.130542,0.117072
2020-03-05,10.611910,0.259446,0.131446,0.128000
2020-03-06,10.614648,0.262615,0.132356,0.130259
2020-03-07,10.617385,0.259845,0.133270,0.126575
2020-03-08,10.620123,0.235863,0.134189,0.101674
2020-03-09,10.622861,0.199962,0.135113,0.064850
2020-03-10,10.625599,0.202543,0.136041,0.066502
2020-03-11,10.628337,0.196658,0.136974,0.059684
2020-03-12,10.631075,0.125461,0.137911,-0.012450
2020-03-13,10.633812,0.028663,0.138853,-0.110191
2020-03-14,10.636550,0.035874,0.139800,-0.103926
2020-03-15,10.639288,0.027152,0.140751,-0.113599
2020-03-16,10.642026,-0.000213,0.141707,-0.141919
2020-03-17,10.644764,0.025343,0.142667,-0.117324
2020-03-18,10.647502,0.022076,0.143632,-0.121556
2020-03-19,10.650240,0.058061,0.144601,-0.086540
2020-03-20,10.652977,0.099603,0.145574,-0.045971
2020-03-21,10.655715,0.085457,0.146552,-0.061095
2020-03-22,10.658453,0.082983,0.147535,-0.064552
2020-03-23,10.661191,0.081051,0.148521,-0.067470
2020-03-24,10.663929,0.116842,0.149512,-0.032670
2020-03-25,10.666667,0.116509,0.150508,-0.033999
2020-03-26,10.669405,0.116543,0.151507,-0.034964
2020-03-27,10.672142,0.116859,0.152511,-0.035652
2020-03-28,10.674880,0.085717,0.153519,-0.067803
2020-03-29,10.677618,0.077159,0.154532,-0.077373
2020-03-30,10.680356,0.088290,0.155548,-0.067258
2020-03-31,10.683094,0.099558,0.156569,-0.057011
2020-04-01,10.685832,0.089364,0.157594,-0.068229
2020-04-02,10.688569,0.115662,0.158623,-0.042961
2020-04-03,10.691307,0.120499,0.159656,-0.039157
2020-04-04,10.694045,0.117264,0.160693,-0.043429
2020-04-05,10.696783,0.118132,0.161734,-0.043602
2020-04-06,10.699521,0.135538,0.162779,-0.027241
2020-04-07,10.702259,0.148610,0.163828,-0.015218
2020-04-08,10.704997,0.147343,0.164882,-0.017538
2020-04-09,10.707734,0.146716,0.165939,-0.019223
2020-04-10,10.710472,0.126392,0.167000,-0.040608
2020-04-11,10.713210,0.119788,0.168065,-0.048277
2020-04-12,10.715948,0.124230,0.169134,-0.044904
2020-04-13,10.718686,0.111601,0.170207,-0.058606
2020-04-14,10.721424,0.119533,0.171283,-0.051750
2020-04-15,10.724162,0.113897,0.172363,-0.058466
2020-04-16,10.726899,0.120138,0.173448,-0.053309
2020-04-17,10.729637,0.128537,0.174535,-0.045999
2020-04-18,10.732375,0.132348,0.175627,-0.043279
2020-04-19,10.735113,0.132931,0.176722,-0.043791
2020-04-20,10.737851,0.125304,0.177821,-0.052517
2020-04-21,10.740589,0.113808,0.178924,-0.065116
2020-04-22,10.743326,0.121393,0.180030,-0.058637
2020-04-23,10.746064,0.137991,0.181140,-0.043149
2020-04-24,10.748802,0.150314,0.182254,-0.031939
2020-04-25,10.751540,0.151034,0.183370,-0.032336
2020-04-26,10.754278,0.153684,0.184491,-0.030807
2020-04-27,10.757016,0.159562,0.185615,-0.026053
2020-04-28,10.759754,0.160041,0.186742,-0.026701
2020-04-29,10.762491,0.187511,0.187873,-0.000363
2020-04-30,10.765229,0.219278,0.189008,0.030271
2020-05-01,10.767967,0.213742,0.190145,0.023597
2020-05-02,10.770705,0.217717,0.191286,0.026431
2020-05-03,10.773443,0.222060,0.192431,0.029629
2020-05-04,10.776181,0.211426,0.193578,0.017848
2020-05-05,10.778919,0.218716,0.194729,0.023987
2020-05-06,10.781656,0.229012,0.195884,0.033128
2020-05-07,10.784394,0.243698,0.197041,0.046656
2020-05-08,10.787132,0.262324,0.198202,0.064122
2020-05-09,10.789870,0.253122,0.199366,0.053757
2020-05-10,10.792608,0.203494,0.200533,0.002961
2020-05-11,10.795346,0.204295,0.201703,0.002592
2020-05-12,10.798084,0.207341,0.202876,0.004465
2020-05-13,10.800821,0.219657,0.204052,0.015604
2020-05-14,10.803559,0.244036,0.205231,0.038805
2020-05-15,10.806297,0.240534,0.206414,0.034120
2020-05-16,10.809035,0.234745,0.207599,0.027146
2020-05-17,10.811773,0.244257,0.208787,0.035470
2020-05-18,10.814511,0.247758,0.209978,0.037779
2020-05-19,10.817248,0.245139,0.211172,0.033967
2020-05-20,10.819986,0.244626,0.212369,0.032257
2020-05-21,10.822724,0.226156,0.213569,0.012587
2020-05-22,10.825462,0.218478,0.214772,0.003707
2020-05-23,10.828200,0.221805,0.215977,0.005828
2020-05-24,10.830938,0.217282,0.217185,0.000097
2020-05-25,10.833676,0.202520,0.218396,-0.015876
2020-05-26,10.836413,0.204019,0.219609,-0.015591
2020-05-27,10.839151,0.211502,0.220826,-0.009323
2020-05-28,10.841889,0.224238,0.222044,0.002193
2020-05-29,10.844627,0.229694,0.223266,0.006428
2020-05-30,10.847365,0.231692,0.224490,0.007202
2020-05-31,10.850103,0.232709,0.225716,0.006992
2020-06-01,10.852841,0.233872,0.226946,0.006926
2020-06-02,10.855578,0.245496,0.228177,0.017319
2020-06-03,10.858316,0.231512,0.229411,0.002100
2020-06-04,10.861054,0.237530,0.230648,0.006883
2020-06-05,10.863792,0.238696,0.231887,0.006809
2020-06-06,10.866530,0.233706,0.233128,0.000578
2020-06-07,10.869268,0.232413,0.234372,-0.001959
2020-06-08,10.872005,0.236400,0.235618,0.000782
2020-06-09,10.874743,0.235278,0.236866,-0.001588
2020-06-10,10.877481,0.238124,0.238117,0.000008
2020-06-11,10.880219,0.230938,0.239370,-0.008432
2020-06-12,10.882957,0.220361,0.240625,-0.020264
2020-06-13,10.885695,0.220468,0.241882,-0.021414
2020-06-14,10.888433,0.218972,0.243141,-0.024169
2020-06-15,10.891170,0.211152,0.244403,-0.033250
2020-06-16,10.893908,0.222020,0.245666,-0.023646
2020-06-17,10.896646,0.219068,0.246932,-0.027864
2020-06-18,10.899384,0.216718,0.248199,-0.031482
2020-06-19,10.902122,0.212714,0.249469,-0.036755
2020-06-20,10.904860,0.211097,0.250741,-0.039644
2020-06-21,10.907598,0.212811,0.252014,-0.039203
2020-06-22,10.910335,0.218120,0.253290,-0.035170
2020-06-23,10.913073,0.224324,0.254567,-0.030243
2020-06-24,10.915811,0.214844,0.255846,-0.041002
2020-06-25,10.918549,0.205233,0.257127,-0.051895
2020-06-26,10.921287,0.202271,0.258410,-0.056139
2020-06-27,10.924025,0.198243,0.259695,-0.061451
2020-06-28,10.926762,0.195698,0.260981,-0.065283
2020-06-29,10.929500,0.197836,0.262269,-0.064433
2020-06-30,10.932238,0.198458,0.263559,-0.065101
2020-07-01,10.934976,0.199656,0.264850,-0.065194
2020-07-02,10.937714,0.197930,0.266143,-0.068213
2020-07-03,10.940452,0.194207,0.267438,-0.073231
2020-07-04,10.943190,0.193607,0.268734,-0.075127
2020-07-05,10.945927,0.191594,0.270031,-0.078437
2020-07-06,10.948665,0.197821,0.271331,-0.073509
2020-07-07,10.951403,0.199610,0.272631,-0.073021
2020-07-08,10.954141,0.202737,0.273933,-0.071196
2020-07-09,10.956879,0.201364,0.275237,-0.073873
2020-07-10,10.959617,0.194688,0.276541,-0.081853
2020-07-11,10.962355,0.196086,0.277847,-0.081761
2020-07-12,10.965092,0.196046,0.279155,-0.083108
2020-07-13,10.967830,0.196793,0.280463,-0.083670
2020-07-14,10.970568,0.193468,0.281773,-0.088305
2020-07-15,10.973306,0.193024,0.283085,-0.090061
2020-07-16,10.976044,0.188309,0.284397,-0.096087
2020-07-17,10.978782,0.187975,0.285710,-0.097736
2020-07-18,10.981520,0.188707,0.287025,-0.098318
2020-07-19,10.984257,0.187830,0.288341,-0.100511
2020-07-20,10.986995,0.188323,0.289657,-0.101334
2020-07-21,10.989733,0.193799,0.290975,-0.097176
2020-07-22,10.992471,0.195842,0.292294,-0.096452
2020-07-23,10.995209,0.203267,0.293614,-0.090347
2020-07-24,10.997947,0.203453,0.294935,-0.091481
2020-07-25,11.000684,0.205739,0.296256,-0.090517
2020-07-26,11.003422,0.214561,0.297579,-0.083017
2020-07-27,11.006160,0.240100,0.298902,-0.058802
2020-07-28,11.008898,0.261428,0.300226,-0.038798
2020-07-29,11.011636,0.265483,0.301551,-0.036069
2020-07-30,11.014374,0.262475,0.302877,-0.040401
2020-07-31,11.017112,0.268227,0.304203,-0.035977
2020-08-01,11.019849,0.283322,0.305530,-0.022209
2020-08-02,11.022587,0.271619,0.306858,-0.035239
2020-08-03,11.025325,0.268642,0.308186,-0.039545
2020-08-04,11.028063,0.267702,0.309515,-0.041813
2020-08-05,11.030801,0.275784,0.310845,-0.035061
2020-08-06,11.033539,0.285816,0.312175,-0.026359
2020-08-07,11.036277,0.283818,0.313506,-0.029687
2020-08-08,11.039014,0.282254,0.314837,-0.032583
2020-08-09,11.041752,0.281214,0.316168,-0.034954
2020-08-10,11.044490,0.288766,0.317500,-0.028734
2020-08-11,11.047228,0.278342,0.318832,-0.040490
2020-08-12,11.049966,0.271814,0.320165,-0.048351
2020-08-13,11.052704,0.274566,0.321498,-0.046932
2020-08-14,11.055441,0.281631,0.322831,-0.041200
2020-08-15,11.058179,0.285377,0.324165,-0.038788
2020-08-16,11.060917,0.283859,0.325499,-0.041640
2020-08-17,11.063655,0.291152,0.326833,-0.035681
2020-08-18,11.066393,0.294199,0.328167,-0.033967
2020-08-19,11.069131,0.280404,0.329501,-0.049097
2020-08-20,11.071869,0.280039,0.330835,-0.050796
2020-08-21,11.074606,0.277394,0.332170,-0.054776
2020-08-22,11.077344,0.270052,0.333504,-0.063452
2020-08-23,11.080082,0.271833,0.334838,-0.063005
2020-08-24,11.082820,0.275481,0.336173,-0.060692
2020-08-25,11.085558,0.266265,0.337507,-0.071242
2020-08-26,11.088296,0.261998,0.338841,-0.076843
2020-08-27,11.091034,0.259251,0.340176,-0.080924
2020-08-28,11.093771,0.262370,0.341510,-0.079139
2020-08-29,11.096509,0.264241,0.342843,-0.078603
2020-08-30,11.099247,0.267081,0.344177,-0.077096
2020-08-31,11.101985,0.269784,0.345510,-0.075726
2020-09-01,11.104723,0.276144,0.346843,-0.070699
2020-09-02,11.107461,0.264539,0.348176,-0.083638
2020-09-03,11.110198,0.243238,0.349509,-0.106270
2020-09-04,11.112936,0.216551,0.350841,-0.134290
2020-09-05,11.115674,0.210747,0.352172,-0.141425
2020-09-06,11.118412,0.207619,0.353503,-0.145885
2020-09-07,11.121150,0.205223,0.354834,-0.149612
2020-09-08,11.123888,0.204091,0.356165,-0.152073
2020-09-09,11.126626,0.205338,0.357494,-0.152157
2020-09-10,11.129363,0.211224,0.358823,-0.147600
2020-09-11,11.132101,0.209122,0.360152,-0.151030
2020-09-12,11.134839,0.211396,0.361480,-0.150084
2020-09-13,11.137577,0.211875,0.362807,-0.150933
2020-09-14,11.140315,0.216131,0.364134,-0.148003
2020-09-15,11.143053,0.226370,0.365460,-0.139090
2020-09-16,11.145791,0.230805,0.366785,-0.135980
2020-09-17,11.148528,0.230017,0.368110,-0.138092
2020-09-18,11.151266,0.230777,0.369433,-0.138656
2020-09-19,11.154004,0.233788,0.370756,-0.136968
2020-09-20,11.156742,0.229319,0.372078,-0.142759
2020-09-21,11.159480,0.219061,0.373399,-0.154337
2020-09-22,11.162218,0.210077,0.374719,-0.164642
2020-09-23,11.164956,0.208017,0.376038,-0.168021
2020-09-24,11.167693,0.208061,0.377356,-0.169295
2020-09-25,11.170431,0.216749,0.378673,-0.161924
2020-09-26,11.173169,0.218122,0.379989,-0.161868
2020-09-27,11.175907,0.217532,0.381304,-0.163773
2020-09-28,11.178645,0.223450,0.382618,-0.159168
2020-09-29,11.181383,0.216964,0.383931,-0.166967
2020-09-30,11.184120,0.216887,0.385243,-0.168355
2020-10-01,11.186858,0.216903,0.386553,-0.169650
2020-10-02,11.189596,0.207065,0.387862,-0.180797
2020-10-03,11.192334,0.207483,0.389170,-0.181687
2020-10-04,11.195072,0.209184,0.390477,-0.181293
2020-10-05,11.197810,0.212667,0.391782,-0.179115
2020-10-06,11.200548,0.211818,0.393086,-0.181267
2020-10-07,11.203285,0.208050,0.394388,-0.186338
2020-10-08,11.206023,0.212227,0.395689,-0.183462
2020-10-09,11.208761,0.221645,0.396989,-0.175343
2020-10-10,11.211499,0.234682,0.398287,-0.163605
2020-10-11,11.214237,0.235166,0.399583,-0.164418
2020-10-12,11.216975,0.237876,0.400879,-0.163002
2020-10-13,11.219713,0.237416,0.402172,-0.164756
2020-10-14,11.222450,0.235248,0.403464,-0.168216
2020-10-15,11.225188,0.235010,0.404754,-0.169744
2020-10-16,11.227926,0.232562,0.406043,-0.173481
2020-10-17,11.230664,0.231237,0.407330,-0.176093
2020-10-18,11.233402,0.234099,0.408615,-0.174516
2020-10-19,11.236140,0.239106,0.409898,-0.170792
2020-10-20,11.238877,0.248381,0.411180,-0.162799
2020-10-21,11.241615,0.269888,0.412460,-0.142572
2020-10-22,11.244353,0.285316,0.413738,-0.128422
2020-10-23,11.247091,0.284790,0.415014,-0.130224
2020-10-24,11.249829,0.287435,0.416288,-0.128854
2020-10-25,11.252567,0.287714,0.417561,-0.129846
2020-10-26,11.255305,0.287580,0.418831,-0.131251
2020-10-27,11.258042,0.296980,0.420099,-0.123119
2020-10-28,11.260780,0.298826,0.421366,-0.122540
2020-10-29,11.263518,0.294618,0.422630,-0.128012
2020-10-30,11.266256,0.297465,0.423892,-0.126427
2020-10-31,11.268994,0.306809,0.425152,-0.118343
2020-11-01,11.271732,0.307054,0.426410,-0.119356
2020-11-02,11.274470,0.300981,0.427666,-0.126685
2020-11-03,11.277207,0.300944,0.428920,-0.127975
2020-11-04,11.279945,0.309498,0.430171,-0.120673
2020-11-05,11.282683,0.334318,0.431420,-0.097102
2020-11-06,11.285421,0.357968,0.432667,-0.074699
2020-11-07,11.288159,0.350658,0.433911,-0.083253
2020-11-08,11.290897,0.346349,0.435154,-0.088805
2020-11-09,11.293634,0.350817,0.436393,-0.085577
2020-11-10,11.296372,0.348711,0.437631,-0.088920
2020-11-11,11.299110,0.355820,0.438866,-0.083045
2020-11-12,11.301848,0.364499,0.440098,-0.075599
2020-11-13,11.304586,0.373603,0.441328,-0.067725
2020-11-14,11.307324,0.365988,0.442556,-0.076568
2020-11-15,11.310062,0.364660,0.443781,-0.079120
2020-11-16,11.312799,0.374201,0.445003,-0.070802
2020-11-17,11.315537,0.392117,0.446223,-0.054106
2020-11-18,11.318275,0.411245,0.447440,-0.036195
2020-11-19,11.321013,0.409912,0.448654,-0.038743
2020-11-20,11.323751,0.421342,0.449866,-0.028524
2020-11-21,11.326489,0.429410,0.451075,-0.021665
2020-11-22,11.329227,0.422137,0.452282,-0.030145
2020-11-23,11.331964,0.422185,0.453485,-0.031300
2020-11-24,11.334702,0.431346,0.454686,-0.023340
2020-11-25,11.337440,0.435151,0.455884,-0.020733
2020-11-26,11.340178,0.394741,0.457079,-0.062338
2020-11-27,11.342916,0.384528,0.458271,-0.073743
2020-11-28,11.345654,0.392189,0.459460,-0.067272
2020-11-29,11.348392,0.408280,0.460647,-0.052367
2020-11-30,11.351129,0.429398,0.461830,-0.032432
2020-12-01,11.353867,0.436590,0.463010,-0.026421
2020-12-02,11.356605,0.429270,0.464188,-0.034918
2020-12-03,11.359343,0.436332,0.465362,-0.029030
2020-12-04,11.362081,0.431832,0.466533,-0.034701
2020-12-05,11.364819,0.428569,0.467701,-0.039132
2020-12-06,11.367556,0.431519,0.468866,-0.037347
2020-12-07,11.370294,0.432204,0.470028,-0.037824
2020-12-08,11.373032,0.425592,0.471187,-0.045594
2020-12-09,11.375770,0.409354,0.472342,-0.062988
2020-12-10,11.378508,0.409795,0.473494,-0.063699
2020-12-11,11.381246,0.400493,0.474643,-0.074150
2020-12-12,11.383984,0.412668,0.475789,-0.063121
2020-12-13,11.386721,0.427106,0.476931,-0.049824
2020-12-14,11.389459,0.427585,0.478070,-0.050485
2020-12-15,11.392197,0.431276,0.479205,-0.047929
2020-12-16,11.394935,0.446847,0.480337,-0.033491
2020-12-17,11.397673,0.497700,0.481466,0.016234
2020-12-18,11.400411,0.502348,0.482591,0.019756
2020-12-19,11.403149,0.510801,0.483713,0.027087
2020-12-20,11.405886,0.514646,0.484831,0.029814
2020-12-21,11.408624,0.507720,0.485946,0.021774
2020-12-22,11.411362,0.504374,0.487057,0.017317
2020-12-23,11.414100,0.511887,0.488165,0.023722
2020-12-24,11.416838,0.505611,0.489269,0.016342
2020-12-25,11.419576,0.519750,0.490369,0.029381
2020-12-26,11.422313,0.541202,0.491466,0.049736
2020-12-27,11.425051,0.569839,0.492559,0.077280
2020-12-28,11.427789,0.568274,0.493648,0.074627
2020-12-29,11.430527,0.563067,0.494733,0.068334
2020-12-30,11.433265,0.585860,0.495815,0.090045
2020-12-31,11.436003,0.596103,0.496893,0.099210
2021-01-01,11.438741,0.601843,0.497967,0.103876
2021-01-02,11.441478,0.622789,0.499038,0.123752
2021-01-03,11.444216,0.658851,0.500104,0.158747
2021-01-04,11.446954,0.636626,0.501167,0.135459
2021-01-05,11.449692,0.641792,0.502225,0.139567
2021-01-06,11.452430,0.675225,0.503280,0.171945
2021-01-07,11.455168,0.712183,0.504331,0.207852
2021-01-08,11.457906,0.731343,0.505377,0.225966
2021-01-09,11.460643,0.737319,0.506420,0.230899
2021-01-10,11.463381,0.729234,0.507459,0.221776
2021-01-11,11.466119,0.664483,0.508493,0.155990
2021-01-12,11.468857,0.671502,0.509524,0.161978
2021-01-13,11.471595,0.669259,0.510550,0.158708
2021-01-14,11.474333,0.711486,0.511572,0.199913
2021-01-15,11.477070,0.705115,0.512591,0.192524
2021-01-16,11.479808,0.693981,0.513604,0.180376
2021-01-17,11.482546,0.680882,0.514614,0.166267
2021-01-18,11.485284,0.684547,0.515620,0.168927
2021-01-19,11.488022,0.692601,0.516621,0.175980
2021-01-20,11.490760,0.690700,0.517618,0.173082
2021-01-21,11.493498,0.642317,0.518611,0.123707
2021-01-22,11.496235,0.632889,0.519599,0.113290
2021-01-23,11.498973,0.633870,0.520583,0.113288
2021-01-24,11.501711,0.730720,0.521562,0.209157
2021-01-25,11.504449,0.648779,0.522538,0.126241
2021-01-26,11.507187,0.630270,0.523508,0.106761
2021-01-27,11.509925,0.665350,0.524475,0.140875
2021-01-28,11.512663,0.624234,0.525437,0.098797
2021-01-29,11.515400,0.718683,0.526394,0.192289
2021-01-30,11.518138,0.652337,0.527347,0.124990
2021-01-31,11.520876,0.643807,0.528295,0.115512
2021-02-01,11.523614,0.640975,0.529239,0.111736
2021-02-02,11.526352,0.659389,0.530178,0.129210
2021-02-03,11.529090,0.681235,0.531113,0.150121
2021-02-04,11.531828,0.691638,0.532043,0.159595
2021-02-05,11.534565,0.692451,0.532969,0.159482
2021-02-06,11.537303,0.716500,0.533889,0.182611
2021-02-07,11.540041,0.703352,0.534805,0.168547
2021-02-08,11.542779,0.730804,0.535717,0.195087
2021-02-09,11.545517,0.776139,0.536623,0.239516
2021-02-10,11.548255,0.759574,0.537525,0.222049
2021-02-11,11.550992,0.774965,0.538422,0.236542
2021-02-12,11.553730,0.790671,0.539315,0.251356
2021-02-13,11.556468,0.787157,0.540202,0.246955
2021-02-14,11.559206,0.798785,0.541085,0.257700
2021-02-15,11.561944,0.793597,0.541963,0.251634
2021-02-16,11.564682,0.803052,0.542836,0.260216
2021-02-17,11.567420,0.818676,0.543704,0.274973
2021-02-18,11.570157,0.825119,0.544567,0.280552
2021-02-19,11.572895,0.834558,0.545425,0.289133
2021-02-20,11.575633,0.855955,0.546279,0.309677
2021-02-21,11.578371,0.884215,0.547127,0.337088
2021-02-22,11.581109,0.868019,0.547970,0.320049
2021-02-23,11.583847,0.800902,0.548809,0.252093
2021-02-24,11.586585,0.804066,0.549642,0.254424
2021-02-25,11.589322,0.805104,0.550470,0.254634
2021-02-26,11.592060,0.800541,0.551293,0.249248
2021-02-27,11.594798,0.785279,0.552111,0.233167
2021-02-28,11.597536,0.756092,0.552924,0.203167
2021-03-01,11.600274,0.788459,0.553732,0.234727
2021-03-02,11.603012,0.790427,0.554535,0.235892
2021-03-03,11.605749,0.808744,0.555332,0.253412
2021-03-04,11.608487,0.800224,0.556125,0.244099
2021-03-05,11.611225,0.780990,0.556912,0.224078
2021-03-06,11.613963,0.786315,0.557694,0.228621
2021-03-07,11.616701,0.805150,0.558471,0.246680
2021-03-08,11.619439,0.808901,0.559242,0.249659
2021-03-09,11.622177,0.831448,0.560008,0.271439
2021-03-10,11.624914,0.840630,0.560769,0.279861
2021-03-11,11.627652,0.849533,0.561525,0.288009
2021-03-12,11.630390,0.853134,0.562275,0.290859
2021-03-13,11.633128,0.867432,0.563020,0.304412
2021-03-14,11.635866,0.878672,0.563759,0.314913
2021-03-15,11.638604,0.856373,0.564493,0.291879
2021-03-16,11.641342,0.839072,0.565222,0.273850
2021-03-17,11.644079,0.844108,0.565945,0.278162
2021-03-18,11.646817,0.862301,0.566663,0.295637
2021-03-19,11.649555,0.857354,0.567376,0.289979
2021-03-20,11.652293,0.864682,0.568083,0.296599
2021-03-21,11.655031,0.851682,0.568784,0.282898
2021-03-22,11.657769,0.850423,0.569480,0.280943
2021-03-23,11.660507,0.836586,0.570171,0.266415
2021-03-24,11.663244,0.833276,0.570856,0.262420
2021-03-25,11.665982,0.816690,0.571535,0.245155
2021-03-26,11.668720,0.817563,0.572209,0.245354
2021-03-27,11.671458,0.837116,0.572877,0.264239
2021-03-28,11.674196,0.837038,0.573540,0.263498
2021-03-29,11.676934,0.845091,0.574197,0.270894
2021-03-30,11.679671,0.856811,0.574849,0.281962
2021-03-31,11.682409,0.858278,0.575494,0.282784
2021-04-01,11.685147,0.857847,0.576135,0.281713
2021-04-02,11.687885,0.860299,0.576769,0.283530
2021-04-03,11.690623,0.857151,0.577398,0.279753
2021-04-04,11.693361,0.847749,0.578021,0.269728
2021-04-05,11.696099,0.850115,0.578638,0.271477
2021-04-06,11.698836,0.854097,0.579250,0.274847
2021-04-07,11.701574,0.843234,0.579856,0.263378
2021-04-08,11.704312,0.841726,0.580456,0.261270
2021-04-09,11.707050,0.848838,0.581051,0.267787
2021-04-10,11.709788,0.860591,0.581639,0.278952
2021-04-11,11.712526,0.859375,0.582222,0.277153
2021-04-12,11.715264,0.861081,0.582799,0.278282
2021-04-13,11.718001,0.860114,0.583370,0.276744
2021-04-14,11.720739,0.883463,0.583936,0.299528
2021-04-15,11.723477,0.879430,0.584495,0.294935
2021-04-16,11.726215,0.923024,0.585049,0.337975
2021-04-17,11.728953,0.843146,0.585597,0.257550
2021-04-18,11.731691,0.890134,0.586138,0.303995
2021-04-19,11.734428,0.830200,0.586674,0.243525
2021-04-20,11.737166,0.822675,0.587204,0.235471
2021-04-21,11.739904,0.821388,0.587729,0.233660
2021-04-22,11.742642,0.865538,0.588247,0.277291
2021-04-23,11.745380,0.774262,0.588759,0.185503
2021-04-24,11.748118,0.775898,0.589265,0.186633
2021-04-25,11.750856,0.775121,0.589766,0.185355
2021-04-26,11.753593,0.799804,0.590260,0.209545
2021-04-27,11.756331,0.859120,0.590748,0.268372
2021-04-28,11.759069,0.812782,0.591231,0.221552
2021-04-29,11.761807,0.820193,0.591707,0.228486
2021-04-30,11.764545,0.846243,0.592177,0.254066
2021-05-01,11.767283,0.834261,0.592641,0.241620
2021-05-02,11.770021,0.821181,0.593099,0.228082
2021-05-03,11.772758,0.834185,0.593551,0.240633
2021-05-04,11.775496,0.813255,0.593998,0.219257
2021-05-05,11.778234,0.809131,0.594437,0.214693
2021-05-06,11.780972,0.877269,0.594871,0.282398
2021-05-07,11.783710,0.823930,0.595299,0.228631
2021-05-08,11.786448,0.836291,0.595721,0.240570
2021-05-09,11.789185,0.831542,0.596136,0.235406
2021-05-10,11.791923,0.829324,0.596545,0.232778
2021-05-11,11.794661,0.868416,0.596949,0.271467
2021-05-12,11.797399,0.814451,0.597346,0.217105
2021-05-13,11.800137,0.763427,0.597737,0.165690
2021-05-14,11.802875,0.766449,0.598121,0.168328
2021-05-15,11.805613,0.753986,0.598500,0.155486
2021-05-16,11.808350,0.743264,0.598872,0.144392
2021-05-17,11.811088,0.711755,0.599238,0.112517
2021-05-18,11.813826,0.708969,0.599598,0.109371
2021-05-19,11.816564,0.666823,0.599952,0.066872
2021-05-20,11.819302,0.738422,0.600299,0.138123
2021-05-21,11.822040,0.654232,0.600641,0.053591
2021-05-22,11.824778,0.636043,0.600976,0.035067
2021-05-23,11.827515,0.613491,0.601304,0.012187
2021-05-24,11.830253,0.629475,0.601627,0.027848
2021-05-25,11.832991,0.664986,0.601943,0.063043
2021-05-26,11.835729,0.653687,0.602253,0.051434
2021-05-27,11.838467,0.648145,0.602557,0.045588
2021-05-28,11.841205,0.622002,0.602854,0.019148
2021-05-29,11.843943,0.605385,0.603145,0.002240
2021-05-30,11.846680,0.607575,0.603430,0.004145
2021-05-31,11.849418,0.615254,0.603709,0.011545
2021-06-01,11.852156,0.619753,0.603981,0.015772
2021-06-02,11.854894,0.627491,0.604247,0.023244
2021-06-03,11.857632,0.641308,0.604506,0.036802
2021-06-04,11.860370,0.624154,0.604759,0.019395
2021-06-05,11.863107,0.617473,0.605006,0.012467
2021-06-06,11.865845,0.609904,0.605247,0.004657
2021-06-07,11.868583,0.694441,0.605481,0.088960
2021-06-08,11.871321,0.570039,0.605709,-0.035670
2021-06-09,11.874059,0.595119,0.605930,-0.010811
2021-06-10,11.876797,0.620096,0.606145,0.013950
2021-06-11,11.879535,0.619693,0.606354,0.013338
2021-06-12,11.882272,0.604056,0.606557,-0.002501
2021-06-13,11.885010,0.611646,0.606753,0.004894
2021-06-14,11.887748,0.648359,0.606942,0.041417
2021-06-15,11.890486,0.653560,0.607125,0.046434
2021-06-16,11.893224,0.719618,0.607302,0.112316
2021-06-17,11.895962,0.635149,0.607473,0.027676
2021-06-18,11.898700,0.616263,0.607637,0.008626
2021-06-19,11.901437,0.601587,0.607794,-0.006208
2021-06-20,11.904175,0.592729,0.607945,-0.015216
2021-06-21,11.906913,0.567356,0.608090,-0.040734
2021-06-22,11.909651,0.552363,0.608229,-0.055866
2021-06-23,11.912389,0.574342,0.608361,-0.034019
2021-06-24,11.915127,0.573742,0.608486,-0.034745
2021-06-25,11.917864,0.567594,0.608605,-0.041011
2021-06-26,11.920602,0.542753,0.608718,-0.065965
2021-06-27,11.923340,0.563258,0.608824,-0.045566
2021-06-28,11.926078,0.634222,0.608924,0.025297
2021-06-29,11.928816,0.593518,0.609018,-0.015499
2021-06-30,11.931554,0.585237,0.609105,-0.023868
2021-07-01,11.934292,0.569319,0.609185,-0.039866
2021-07-02,11.937029,0.563475,0.609259,-0.045784
2021-07-03,11.939767,0.575967,0.609327,-0.033360
2021-07-04,11.942505,0.587405,0.609388,-0.021983
2021-07-05,11.945243,0.571848,0.609443,-0.037595
2021-07-06,11.947981,0.572379,0.609491,-0.037112
2021-07-07,11.950719,0.576808,0.609533,-0.032725
2021-07-08,11.953457,0.555056,0.609568,-0.054512
2021-07-09,11.956194,0.558621,0.609597,-0.050976
2021-07-10,11.958932,0.564917,0.609620,-0.044703
2021-07-11,11.961670,0.559407,0.609636,-0.050229
2021-07-12,11.964408,0.563638,0.609646,-0.046008
2021-07-13,11.967146,0.552610,0.609649,-0.057039
2021-07-14,11.969884,0.547268,0.609646,-0.062377
2021-07-15,11.972621,0.541700,0.609636,-0.067936
2021-07-16,11.975359,0.536703,0.609620,-0.072916
2021-07-17,11.978097,0.533767,0.609597,-0.075830
2021-07-18,11.980835,0.535806,0.609568,-0.073762
2021-07-19,11.983573,0.527240,0.609533,-0.082293
2021-07-20,11.986311,0.507766,0.609491,-0.101725
2021-07-21,11.989049,0.526610,0.609442,-0.082833
2021-07-22,11.991786,0.538541,0.609387,-0.070847
2021-07-23,11.994524,0.542637,0.609326,-0.066689
2021-07-24,11.997262,0.559786,0.609258,-0.049473
2021-07-25,12.000000,0.565661,0.609184,-0.043524
2021-07-26,12.002738,0.611962,0.609103,0.002859
2021-07-27,12.005476,0.604452,0.609016,-0.004564
2021-07-28,12.008214,0.628057,0.608923,0.019134
2021-07-29,12.010951,0.627522,0.608823,0.018699
2021-07-30,12.013689,0.624677,0.608717,0.015961
2021-07-31,12.016427,0.645228,0.608604,0.036625
2021-08-01,12.019165,0.643003,0.608485,0.034518
2021-08-02,12.021903,0.622698,0.608359,0.014339
2021-08-03,12.024641,0.609773,0.608227,0.001546
2021-08-04,12.027379,0.612205,0.608089,0.004117
2021-08-05,12.030116,0.694392,0.607944,0.086449
2021-08-06,12.032854,0.639460,0.607792,0.031667
2021-08-07,12.035592,0.661477,0.607635,0.053842
2021-08-08,12.038330,0.668508,0.607471,0.061038
2021-08-09,12.041068,0.673667,0.607300,0.066367
2021-08-10,12.043806,0.679835,0.607123,0.072712
2021-08-11,12.046543,0.683925,0.606940,0.076985
2021-08-12,12.049281,0.672268,0.606750,0.065518
2021-08-13,12.052019,0.684100,0.606554,0.077546
2021-08-14,12.054757,0.691845,0.606352,0.085493
2021-08-15,12.057495,0.685044,0.606143,0.078901
2021-08-16,12.060233,0.689029,0.605928,0.083102
2021-08-17,12.062971,0.679636,0.605706,0.073929
2021-08-18,12.065708,0.671542,0.605478,0.066063
2021-08-19,12.068446,0.671761,0.605244,0.066517
2021-08-20,12.071184,0.749568,0.605004,0.144564
2021-08-21,12.073922,0.705838,0.604757,0.101081
2021-08-22,12.076660,0.703910,0.604503,0.099407
2021-08-23,12.079398,0.712182,0.604244,0.107939
2021-08-24,12.082136,0.702959,0.603978,0.098981
2021-08-25,12.084873,0.696982,0.603706,0.093276
2021-08-26,12.087611,0.688215,0.603427,0.084788
2021-08-27,12.090349,0.691437,0.603142,0.088295
2021-08-28,12.093087,0.700961,0.602851,0.098110
2021-08-29,12.095825,0.698354,0.602554,0.095800
2021-08-30,12.098563,0.692781,0.602250,0.090531
2021-08-31,12.101300,0.685231,0.601940,0.083291
2021-09-01,12.104038,0.688220,0.601624,0.086596
2021-09-02,12.106776,0.705216,0.601301,0.103915
2021-09-03,12.109514,0.706855,0.600973,0.105883
2021-09-04,12.112252,0.707653,0.600638,0.107015
2021-09-05,12.114990,0.709804,0.600296,0.109507
2021-09-06,12.117728,0.721339,0.599949,0.121391
2021-09-07,12.120465,0.705091,0.599595,0.105496
2021-09-08,12.123203,0.672142,0.599235,0.072907
2021-09-09,12.125941,0.655675,0.598869,0.056806
2021-09-10,12.128679,0.667828,0.598497,0.069332
2021-09-11,12.131417,0.662242,0.598118,0.064124
2021-09-12,12.134155,0.664077,0.597734,0.066344
2021-09-13,12.136893,0.656044,0.597343,0.058701
2021-09-14,12.139630,0.667311,0.596946,0.070365
2021-09-15,12.142368,0.680567,0.596543,0.084024
2021-09-16,12.145106,0.682581,0.596133,0.086447
2021-09-17,12.147844,0.679359,0.595718,0.083642
2021-09-18,12.150582,0.684844,0.595296,0.089547
2021-09-19,12.153320,0.679794,0.594869,0.084925
2021-09-20,12.156057,0.650420,0.594435,0.055985
2021-09-21,12.158795,0.614785,0.593995,0.020790
2021-09-22,12.161533,0.629485,0.593549,0.035936
2021-09-23,12.164271,0.644238,0.593097,0.051141
2021-09-24,12.167009,0.619227,0.592639,0.026588
2021-09-25,12.169747,0.628919,0.592175,0.036744
2021-09-26,12.172485,0.630267,0.591705,0.038562
2021-09-27,12.175222,0.636692,0.591228,0.045464
2021-09-28,12.177960,0.620442,0.590746,0.029695
2021-09-29,12.180698,0.618982,0.590258,0.028724
2021-09-30,12.183436,0.632968,0.589764,0.043204
2021-10-01,12.186174,0.659313,0.589264,0.070049
2021-10-02,12.188912,0.674764,0.588757,0.086007
2021-10-03,12.191650,0.675826,0.588245,0.087580
2021-10-04,12.194387,0.676686,0.587727,0.088959
2021-10-05,12.197125,0.692993,0.587203,0.105790
2021-10-06,12.199863,0.716326,0.586673,0.129653
2021-10-07,12.202601,0.727065,0.586137,0.140928
2021-10-08,12.205339,0.727413,0.585596,0.141817
2021-10-09,12.208077,0.729263,0.585048,0.144215
2021-10-10,12.210815,0.732152,0.584495,0.147657
2021-10-11,12.213552,0.743547,0.583935,0.159612
2021-10-12,12.216290,0.742488,0.583370,0.159118
2021-10-13,12.219028,0.737664,0.582799,0.154865
2021-10-14,12.221766,0.749213,0.582222,0.166991
2021-10-15,12.224504,0.765287,0.581639,0.183647
2021-10-16,12.227242,0.774558,0.581051,0.193507
2021-10-17,12.229979,0.771169,0.580457,0.190712
2021-10-18,12.232717,0.777402,0.579857,0.197545
2021-10-19,12.235455,0.783711,0.579251,0.204460
2021-10-20,12.238193,0.790616,0.578640,0.211976
2021-10-21,12.240931,0.792815,0.578022,0.214793
2021-10-22,12.243669,0.777887,0.577399,0.200487
2021-10-23,12.246407,0.769696,0.576771,0.192925
2021-10-24,12.249144,0.774791,0.576137,0.198654
2021-10-25,12.251882,0.785975,0.575497,0.210479
2021-10-26,12.254620,0.776839,0.574851,0.201988
2021-10-27,12.257358,0.756716,0.574200,0.182516
2021-10-28,12.260096,0.761486,0.573543,0.187943
2021-10-29,12.262834,0.752821,0.572881,0.179940
2021-10-30,12.265572,0.770074,0.572213,0.197861
2021-10-31,12.268309,0.765983,0.571539,0.194444
2021-11-01,12.271047,0.766565,0.570860,0.195705
2021-11-02,12.273785,0.775161,0.570175,0.204986
2021-11-03,12.276523,0.776447,0.569485,0.206963
2021-11-04,12.279261,0.769207,0.568789,0.200418
2021-11-05,12.281999,0.766869,0.568088,0.198781
2021-11-06,12.284736,0.762530,0.567381,0.195149
2021-11-07,12.287474,0.770034,0.566669,0.203365
2021-11-08,12.290212,0.793922,0.565951,0.227971
2021-11-09,12.292950,0.804635,0.565228,0.239407
2021-11-10,12.295688,0.799773,0.564500,0.235273
2021-11-11,12.298426,0.787217,0.563766,0.223450
2021-11-12,12.301164,0.781846,0.563027,0.218819
2021-11-13,12.303901,0.780537,0.562283,0.218254
2021-11-14,12.306639,0.783239,0.561533,0.221706
2021-11-15,12.309377,0.786554,0.560777,0.225776
2021-11-16,12.312115,0.773878,0.560017,0.213861
2021-11-17,12.314853,0.750703,0.559251,0.191452
2021-11-18,12.317591,0.743783,0.558480,0.185303
2021-11-19,12.320329,0.730189,0.557704,0.172485
2021-11-20,12.323066,0.740660,0.556922,0.183738
2021-11-21,12.325804,0.743441,0.556135,0.187305
2021-11-22,12.328542,0.729691,0.555344,0.174347
2021-11-23,12.331280,0.725796,0.554546,0.171249
2021-11-24,12.334018,0.723923,0.553744,0.170179
2021-11-25,12.336756,0.734646,0.552937,0.181709
2021-11-26,12.339493,0.714735,0.552124,0.162611
2021-11-27,12.342231,0.707125,0.551307,0.155819
2021-11-28,12.344969,0.706455,0.550484,0.155971
2021-11-29,12.347707,0.728193,0.549656,0.178537
2021-11-30,12.350445,0.725130,0.548823,0.176307
2021-12-01,12.353183,0.724628,0.547985,0.176643
2021-12-02,12.355921,0.719354,0.547143,0.172211
2021-12-03,12.358658,0.712691,0.546295,0.166396
2021-12-04,12.361396,0.662629,0.545442,0.117187
2021-12-05,12.364134,0.657678,0.544584,0.113093
2021-12-06,12.366872,0.660951,0.543721,0.117230
2021-12-07,12.369610,0.711428,0.542854,0.168574
2021-12-08,12.372348,0.665949,0.541981,0.123968
2021-12-09,12.375086,0.654409,0.541104,0.113305
2021-12-10,12.377823,0.647086,0.540222,0.106864
2021-12-11,12.380561,0.649026,0.539335,0.109691
2021-12-12,12.383299,0.658160,0.538443,0.119717
2021-12-13,12.386037,0.645371,0.537547,0.107824
2021-12-14,12.388775,0.635977,0.536645,0.099332
2021-12-15,12.391513,0.643920,0.535739,0.108181
2021-12-16,12.394251,0.644283,0.534828,0.109455
2021-12-17,12.396988,0.629669,0.533913,0.095756
2021-12-18,12.399726,0.624855,0.532993,0.091862
2021-12-19,12.402464,0.629715,0.532068,0.097647
2021-12-20,12.405202,0.622228,0.531139,0.091089
2021-12-21,12.407940,0.639937,0.530205,0.109733
2021-12-22,12.410678,0.644343,0.529266,0.115077
2021-12-23,12.413415,0.644831,0.528323,0.116508
2021-12-24,12.416153,0.661116,0.527375,0.133741
2021-12-25,12.418891,0.663412,0.526423,0.136989
2021-12-26,12.421629,0.652868,0.525466,0.127402
2021-12-27,12.424367,0.660289,0.524505,0.135784
2021-12-28,12.427105,0.640785,0.523539,0.117245
2021-12-29,12.429843,0.628717,0.522569,0.106148
2021-12-30,12.432580,0.623441,0.521595,0.101847
2021-12-31,12.435318,0.624729,0.520616,0.104114
2022-01-01,12.438056,0.622971,0.519632,0.103338
2022-01-02,12.440794,0.623484,0.518645,0.104839
2022-01-03,12.443532,0.619064,0.517653,0.101411
2022-01-04,12.446270,0.614897,0.516657,0.098240
2022-01-05,12.449008,0.609158,0.515656,0.093502
2022-01-06,12.451745,0.581701,0.514651,0.067050
2022-01-07,12.454483,0.569958,0.513642,0.056315
2022-01-08,12.457221,0.635448,0.512629,0.122819
2022-01-09,12.459959,0.568448,0.511612,0.056836
2022-01-10,12.462697,0.564792,0.510591,0.054202
2022-01-11,12.465435,0.587238,0.509565,0.077673
2022-01-12,12.468172,0.580234,0.508535,0.071699
2022-01-13,12.470910,0.581963,0.507501,0.074461
2022-01-14,12.473648,0.574727,0.506464,0.068263
2022-01-15,12.476386,0.578075,0.505422,0.072653
2022-01-16,12.479124,0.577144,0.504376,0.072768
2022-01-17,12.481862,0.636314,0.503326,0.132989
2022-01-18,12.484600,0.564360,0.502272,0.062088
2022-01-19,12.487337,0.563754,0.501214,0.062540
2022-01-20,12.490075,0.566348,0.500153,0.066195
2022-01-21,12.492813,0.527741,0.499087,0.028654
2022-01-22,12.495551,0.490993,0.498018,-0.007025
2022-01-23,12.498289,0.489873,0.496945,-0.007071
2022-01-24,12.501027,0.485404,0.495867,-0.010464
2022-01-25,12.503765,0.501658,0.494787,0.006871
2022-01-26,12.506502,0.512928,0.493702,0.019226
2022-01-27,12.509240,0.498905,0.492614,0.006291
2022-01-28,12.511978,0.506744,0.491522,0.015222
2022-01-29,12.514716,0.515210,0.490426,0.024783
2022-01-30,12.517454,0.515832,0.489327,0.026505
2022-01-31,12.520192,0.510731,0.488224,0.022507
2022-02-01,12.522930,0.521619,0.487117,0.034502
2022-02-02,12.525667,0.515126,0.486007,0.029119
2022-02-03,12.528405,0.500574,0.484893,0.015681
2022-02-04,12.531143,0.521506,0.483776,0.037730
2022-02-05,12.533881,0.551432,0.482655,0.068776
2022-02-06,12.536619,0.551693,0.481531,0.070162
2022-02-07,12.539357,0.566631,0.480403,0.086228
2022-02-08,12.542094,0.573437,0.479272,0.094165
2022-02-09,12.544832,0.573650,0.478138,0.095512
2022-02-10,12.547570,0.576923,0.477000,0.099923
2022-02-11,12.550308,0.565111,0.475859,0.089252
2022-02-12,12.553046,0.556370,0.474714,0.081656
2022-02-13,12.555784,0.556157,0.473566,0.082591
2022-02-14,12.558522,0.554661,0.472415,0.082246
2022-02-15,12.561259,0.570826,0.471261,0.099565
2022-02-16,12.563997,0.571125,0.470103,0.101022
2022-02-17,12.566735,0.564876,0.468943,0.095933
2022-02-18,12.569473,0.533584,0.467779,0.065805
2022-02-19,12.572211,0.529727,0.466612,0.063115
2022-02-20,12.574949,0.514922,0.465442,0.049480
2022-02-21,12.577687,0.511478,0.464269,0.047209
2022-02-22,12.580424,0.499008,0.463093,0.035916
2022-02-23,12.583162,0.507523,0.461913,0.045609
2022-02-24,12.585900,0.482748,0.460731,0.022016
2022-02-25,12.588638,0.513636,0.459546,0.054090
2022-02-26,12.591376,0.517347,0.458358,0.058989
2022-02-27,12.594114,0.510989,0.457167,0.053822
2022-02-28,12.596851,0.518977,0.455973,0.063004
2022-03-01,12.599589,0.562522,0.454777,0.107745
2022-03-02,12.602327,0.566574,0.453577,0.112997
2022-03-03,12.605065,0.556816,0.452375,0.104441
2022-03-04,12.607803,0.535230,0.451170,0.084061
2022-03-05,12.610541,0.515239,0.449962,0.065277
2022-03-06,12.613279,0.513727,0.448751,0.064976
2022-03-07,12.616016,0.504553,0.447538,0.057015
2022-03-08,12.618754,0.513493,0.446322,0.067171
2022-03-09,12.621492,0.538364,0.445104,0.093260
2022-03-10,12.624230,0.589801,0.443883,0.145918
2022-03-11,12.626968,0.509999,0.442659,0.067340
2022-03-12,12.629706,0.510898,0.441433,0.069465
2022-03-13,12.632444,0.507916,0.440204,0.067711
2022-03-14,12.635181,0.505970,0.438973,0.066997
2022-03-15,12.637919,0.508570,0.437740,0.070830
2022-03-16,12.640657,0.521322,0.436504,0.084819
2022-03-17,12.643395,0.527677,0.435265,0.092412
2022-03-18,12.646133,0.527569,0.434024,0.093545
2022-03-19,12.648871,0.535985,0.432781,0.103204
2022-03-20,12.651608,0.532750,0.431536,0.101214
2022-03-21,12.654346,0.526877,0.430288,0.096589
2022-03-22,12.657084,0.540255,0.429038,0.111217
2022-03-23,12.659822,0.538173,0.427786,0.110387
2022-03-24,12.662560,0.548577,0.426532,0.122045
2022-03-25,12.665298,0.557359,0.425275,0.132084
2022-03-26,12.668036,0.557118,0.424016,0.133102
2022-03-27,12.670773,0.562998,0.422756,0.140242
2022-03-28,12.673511,0.584014,0.421493,0.162521
2022-03-29,12.676249,0.585161,0.420228,0.164933
2022-03-30,12.678987,0.581764,0.418961,0.162803
2022-03-31,12.681725,0.576193,0.417692,0.158501
2022-04-01,12.684463,0.565598,0.416421,0.149176
2022-04-02,12.687201,0.573974,0.415149,0.158825
2022-04-03,12.689938,0.572324,0.413874,0.158450
2022-04-04,12.692676,0.569171,0.412598,0.156573
2022-04-05,12.695414,0.571663,0.411319,0.160344
2022-04-06,12.698152,0.555324,0.410039,0.145285
2022-04-07,12.700890,0.544238,0.408757,0.135481
2022-04-08,12.703628,0.542487,0.407474,0.135013
2022-04-09,12.706366,0.533803,0.406188,0.127615
2022-04-10,12.709103,0.536395,0.404901,0.131494
2022-04-11,12.711841,0.519785,0.403613,0.116173
2022-04-12,12.714579,0.506493,0.402322,0.104171
2022-04-13,12.717317,0.511996,0.401030,0.110966
2022-04-14,12.720055,0.513577,0.399737,0.113841
2022-04-15,12.722793,0.508438,0.398442,0.109996
2022-04-16,12.725530,0.578932,0.397145,0.181787
2022-04-17,12.728268,0.508239,0.395847,0.112392
2022-04-18,12.731006,0.501332,0.394548,0.106784
2022-04-19,12.733744,0.515746,0.393247,0.122499
2022-04-20,12.736482,0.519423,0.391945,0.127478
2022-04-21,12.739220,0.521198,0.390641,0.130556
2022-04-22,12.741958,0.504382,0.389336,0.115045
2022-04-23,12.744695,0.499481,0.388030,0.111451
2022-04-24,12.747433,0.498784,0.386723,0.112062
2022-04-25,12.750171,0.494187,0.385414,0.108773
2022-04-26,12.752909,0.497850,0.384104,0.113745
2022-04-27,12.755647,0.488685,0.382793,0.105891
2022-04-28,12.758385,0.495891,0.381481,0.114410
2022-04-29,12.761123,0.488347,0.380168,0.108179
2022-04-30,12.763860,0.481623,0.378854,0.102769
2022-05-01,12.766598,0.475959,0.377538,0.098421
2022-05-02,12.769336,0.567310,0.376222,0.191088
2022-05-03,12.772074,0.563666,0.374904,0.188762
2022-05-04,12.774812,0.483252,0.373586,0.109666
2022-05-05,12.777550,0.477822,0.372267,0.105556
2022-05-06,12.780287,0.452170,0.370947,0.081224
2022-05-07,12.783025,0.450669,0.369626,0.081043
2022-05-08,12.785763,0.435094,0.368304,0.066790
2022-05-09,12.788501,0.410422,0.366981,0.043440
2022-05-10,12.791239,0.392487,0.365658,0.026829
2022-05-11,12.793977,0.381392,0.364334,0.017058
2022-05-12,12.796715,0.350692,0.363009,-0.012317
2022-05-13,12.799452,0.373854,0.361683,0.012170
2022-05-14,12.802190,0.360455,0.360357,0.000097
2022-05-15,12.804928,0.371632,0.359031,0.012601
2022-05-16,12.807666,0.366846,0.357703,0.009143
2022-05-17,12.810404,0.370858,0.356375,0.014483
2022-05-18,12.813142,0.360563,0.355047,0.005517
2022-05-19,12.815880,0.359786,0.353718,0.006068
2022-05-20,12.818617,0.362407,0.352389,0.010018
2022-05-21,12.821355,0.355121,0.351059,0.004062
2022-05-22,12.824093,0.361284,0.349729,0.011555
2022-05-23,12.826831,0.364968,0.348398,0.016569
2022-05-24,12.829569,0.353197,0.347067,0.006129
2022-05-25,12.832307,0.358995,0.345736,0.013259
2022-05-26,12.835044,0.353736,0.344405,0.009331
2022-05-27,12.837782,0.344732,0.343073,0.001659
2022-05-28,12.840520,0.343351,0.341741,0.001610
2022-05-29,12.843258,0.346017,0.340409,0.005607
2022-05-30,12.845996,0.366497,0.339077,0.027420
2022-05-31,12.848734,0.380175,0.337745,0.042430
2022-06-01,12.851472,0.370558,0.336412,0.034145
2022-06-02,12.854209,0.356362,0.335080,0.021282
2022-06-03,12.856947,0.355360,0.333748,0.021612
2022-06-04,12.859685,0.351180,0.332415,0.018765
2022-06-05,12.862423,0.352543,0.331083,0.021460
2022-06-06,12.865161,0.371839,0.329750,0.042088
2022-06-07,12.867899,0.353853,0.328418,0.025435
2022-06-08,12.870637,0.359994,0.327086,0.032908
2022-06-09,12.873374,0.356672,0.325754,0.030918
2022-06-10,12.876112,0.347656,0.324423,0.023233
2022-06-11,12.878850,0.336258,0.323091,0.013167
2022-06-12,12.881588,0.317215,0.321760,-0.004545
2022-06-13,12.884326,0.259954,0.320429,-0.060475
2022-06-14,12.887064,0.221437,0.319098,-0.097661
2022-06-15,12.889802,0.205103,0.317768,-0.112666
2022-06-16,12.892539,0.205832,0.316438,-0.110606
2022-06-17,12.895277,0.190547,0.315109,-0.124562
2022-06-18,12.898015,0.160207,0.313780,-0.153573
2022-06-19,12.900753,0.159678,0.312451,-0.152773
2022-06-20,12.903491,0.181313,0.311123,-0.129810
2022-06-21,12.906229,0.195708,0.309796,-0.114088
2022-06-22,12.908966,0.180267,0.308469,-0.128202
2022-06-23,12.911704,0.184909,0.307143,-0.122234
2022-06-24,12.914442,0.195899,0.305817,-0.109918
2022-06-25,12.917180,0.198780,0.304492,-0.105712
2022-06-26,12.919918,0.200417,0.303168,-0.102751
2022-06-27,12.922656,0.193220,0.301844,-0.108624
2022-06-28,12.925394,0.185644,0.300521,-0.114878
2022-06-29,12.928131,0.173275,0.299199,-0.125924
2022-06-30,12.930869,0.156331,0.297878,-0.141547
2022-07-01,12.933607,0.160377,0.296558,-0.136181
2022-07-02,12.936345,0.152409,0.295238,-0.142829
2022-07-03,12.939083,0.149883,0.293920,-0.144037
2022-07-04,12.941821,0.157595,0.292602,-0.135007
2022-07-05,12.944559,0.167546,0.291286,-0.123740
2022-07-06,12.947296,0.171171,0.289970,-0.118798
2022-07-07,12.950034,0.183549,0.288655,-0.105106
2022-07-08,12.952772,0.202829,0.287342,-0.084513
2022-07-09,12.955510,0.199405,0.286029,-0.086625
2022-07-10,12.958248,0.189325,0.284718,-0.095393
2022-07-11,12.960986,0.175201,0.283408,-0.108207
2022-07-12,12.963723,0.159308,0.282099,-0.122791
2022-07-13,12.966461,0.155354,0.280791,-0.125438
2022-07-14,12.969199,0.167258,0.279485,-0.112227
2022-07-15,12.971937,0.179589,0.278180,-0.098591
2022-07-16,12.974675,0.180523,0.276876,-0.096353
2022-07-17,12.977413,0.186657,0.275573,-0.088916
2022-07-18,12.980151,0.198332,0.274272,-0.075940
2022-07-19,12.982888,0.211077,0.272972,-0.061896
2022-07-20,12.985626,0.230166,0.271674,-0.041508
2022-07-21,12.988364,0.218012,0.270377,-0.052365
2022-07-22,12.991102,0.221489,0.269082,-0.047592
2022-07-23,12.993840,0.209279,0.267788,-0.058509
2022-07-24,12.996578,0.212036,0.266496,-0.054460
2022-07-25,12.999316,0.198314,0.265205,-0.066891
2022-07-26,13.002053,0.179702,0.263916,-0.084214
2022-07-27,13.004791,0.191931,0.262628,-0.070698
2022-07-28,13.007529,0.222442,0.261343,-0.038901
2022-07-29,13.010267,0.231246,0.260058,-0.028812
2022-07-30,13.013005,0.233216,0.258776,-0.025561
2022-07-31,13.015743,0.227487,0.257496,-0.030009
2022-08-01,13.018480,0.217686,0.256217,-0.038531
2022-08-02,13.021218,0.212077,0.254940,-0.042863
2022-08-03,13.023956,0.215785,0.253665,-0.037880
2022-08-04,13.026694,0.209404,0.252392,-0.042988
2022-08-05,13.029432,0.213403,0.251120,-0.037717
2022-08-06,13.032170,0.214767,0.249851,-0.035084
2022-08-07,13.034908,0.211983,0.248584,-0.036601
2022-08-08,13.037645,0.224640,0.247318,-0.022679
2022-08-09,13.040383,0.217762,0.246055,-0.028293
2022-08-10,13.043121,0.217639,0.244794,-0.027155
2022-08-11,13.045859,0.233817,0.243535,-0.009718
2022-08-12,13.048597,0.226250,0.242278,-0.016028
2022-08-13,13.051335,0.235439,0.241023,-0.005584
2022-08-14,13.054073,0.234548,0.239770,-0.005222
2022-08-15,13.056810,0.229974,0.238519,-0.008545
2022-08-16,13.059548,0.224649,0.237271,-0.012622
2022-08-17,13.062286,0.219656,0.236025,-0.016369
2022-08-18,13.065024,0.214342,0.234781,-0.020439
2022-08-19,13.067762,0.183705,0.233540,-0.049835
2022-08-20,13.070500,0.170744,0.232301,-0.061557
2022-08-21,13.073238,0.174345,0.231064,-0.056719
2022-08-22,13.075975,0.171708,0.229830,-0.058123
2022-08-23,13.078713,0.173862,0.228598,-0.054736
2022-08-24,13.081451,0.174961,0.227369,-0.052408
2022-08-25,13.084189,0.177105,0.226142,-0.049037
2022-08-26,13.086927,0.167848,0.224918,-0.057070
2022-08-27,13.089665,0.145570,0.223696,-0.078127
2022-08-28,13.092402,0.142334,0.222477,-0.080144
2022-08-29,13.095140,0.141730,0.221261,-0.079530
2022-08-30,13.097878,0.144708,0.220047,-0.075339
2022-08-31,13.100616,0.145584,0.218836,-0.073252
2022-09-01,13.103354,0.139963,0.217627,-0.077664
2022-09-02,13.106092,0.142035,0.216422,-0.074387
2022-09-03,13.108830,0.136163,0.215219,-0.079056
2022-09-04,13.111567,0.134873,0.214018,-0.079145
2022-09-05,13.114305,0.134201,0.212821,-0.078620
2022-09-06,13.117043,0.129375,0.211626,-0.082251
2022-09-07,13.119781,0.113566,0.210435,-0.096868
2022-09-08,13.122519,0.120976,0.209246,-0.088270
2022-09-09,13.125257,0.152484,0.208060,-0.055576
2022-09-10,13.127995,0.164913,0.206877,-0.041964
2022-09-11,13.130732,0.168392,0.205697,-0.037305
2022-09-12,13.133470,0.178238,0.204520,-0.026282
2022-09-13,13.136208,0.165565,0.203346,-0.037782
2022-09-14,13.138946,0.138933,0.202175,-0.063242
2022-09-15,13.141684,0.133565,0.201008,-0.067443
2022-09-16,13.144422,0.127192,0.199843,-0.072651
2022-09-17,13.147159,0.132061,0.198682,-0.066621
2022-09-18,13.149897,0.129456,0.197523,-0.068067
2022-09-19,13.152635,0.110379,0.196368,-0.085989
2022-09-20,13.155373,0.113483,0.195216,-0.081734
2022-09-21,13.158111,0.109372,0.194068,-0.084696
2022-09-22,13.160849,0.108707,0.192922,-0.084216
2022-09-23,13.163587,0.109424,0.191780,-0.082356
2022-09-24,13.166324,0.109338,0.190642,-0.081304
2022-09-25,13.169062,0.106726,0.189506,-0.082780
2022-09-26,13.171800,0.107730,0.188374,-0.080644
2022-09-27,13.174538,0.123300,0.187246,-0.063946
2022-09-28,13.177276,0.109337,0.186121,-0.076784
2022-09-29,13.180014,0.114798,0.184999,-0.070201
2022-09-30,13.182752,0.117248,0.183881,-0.066633
2022-10-01,13.185489,0.112617,0.182766,-0.070149
2022-10-02,13.188227,0.110102,0.181655,-0.071553
2022-10-03,13.190965,0.111724,0.180547,-0.068823
2022-10-04,13.193703,0.125193,0.179444,-0.054250
2022-10-05,13.196441,0.128631,0.178343,-0.049713
2022-10-06,13.199179,0.128939,0.177247,-0.048307
2022-10-07,13.201916,0.120852,0.176154,-0.055302
2022-10-08,13.204654,0.115298,0.175064,-0.059767
2022-10-09,13.207392,0.114452,0.173979,-0.059526
2022-10-10,13.210130,0.111963,0.172897,-0.060933
2022-10-11,13.212868,0.106698,0.171819,-0.065121
2022-10-12,13.215606,0.107382,0.170745,-0.063363
2022-10-13,13.218344,0.104243,0.169674,-0.065432
2022-10-14,13.221081,0.109885,0.168608,-0.058722
2022-10-15,13.223819,0.101009,0.167545,-0.066536
2022-10-16,13.226557,0.101113,0.166486,-0.065373
2022-10-17,13.229295,0.105862,0.165431,-0.059569
2022-10-18,13.232033,0.107073,0.164380,-0.057307
2022-10-19,13.234771,0.100515,0.163333,-0.062819
2022-10-20,13.237509,0.096444,0.162291,-0.065847
2022-10-21,13.240246,0.092456,0.161252,-0.068796
2022-10-22,13.242984,0.094111,0.160217,-0.066105
2022-10-23,13.245722,0.095798,0.159186,-0.063388
2022-10-24,13.248460,0.097692,0.158159,-0.060468
2022-10-25,13.251198,0.101801,0.157137,-0.055335
2022-10-26,13.253936,0.121553,0.156118,-0.034565
2022-10-27,13.256674,0.122475,0.155104,-0.032629
2022-10-28,13.259411,0.116993,0.154094,-0.037101
2022-10-29,13.262149,0.124706,0.153088,-0.028382
2022-10-30,13.264887,0.122903,0.152086,-0.029184
2022-10-31,13.267625,0.117990,0.151089,-0.033099
2022-11-01,13.270363,0.117019,0.150096,-0.033077
2022-11-02,13.273101,0.114439,0.149107,-0.034668
2022-11-03,13.275838,0.111040,0.148123,-0.037083
2022-11-04,13.278576,0.120207,0.147143,-0.026935
2022-11-05,13.281314,0.132601,0.146167,-0.013566
2022-11-06,13.284052,0.129471,0.145195,-0.015724
2022-11-07,13.286790,0.119805,0.144229,-0.024424
2022-11-08,13.289528,0.093281,0.143266,-0.049986
2022-11-09,13.292266,0.046161,0.142308,-0.096147
2022-11-10,13.295003,0.033322,0.141355,-0.108033
2022-11-11,13.297741,0.036335,0.140406,-0.104070
2022-11-12,13.300479,0.030030,0.139461,-0.109431
2022-11-13,13.303217,0.025094,0.138521,-0.113427
2022-11-14,13.305955,0.020308,0.137586,-0.117278
2022-11-15,13.308693,0.030003,0.136655,-0.106653
2022-11-16,13.311431,0.026080,0.135729,-0.109650
2022-11-17,13.314168,0.023382,0.134808,-0.111426
2022-11-18,13.316906,0.026231,0.133891,-0.107660
2022-11-19,13.319644,0.023334,0.132979,-0.109645
2022-11-20,13.322382,0.021227,0.132072,-0.110844
2022-11-21,13.325120,0.006274,0.131169,-0.124895
2022-11-22,13.327858,0.003962,0.130271,-0.126309
2022-11-23,13.330595,0.017763,0.129378,-0.111615
2022-11-24,13.333333,0.020587,0.128490,-0.107903
2022-11-25,13.336071,0.017285,0.127606,-0.110321
2022-11-26,13.338809,0.018430,0.126727,-0.108297
2022-11-27,13.341547,0.017572,0.125853,-0.108281
2022-11-28,13.344285,0.008579,0.124984,-0.116405
2022-11-29,13.347023,0.013554,0.124120,-0.110566
2022-11-30,13.349760,0.026090,0.123261,-0.097171
2022-12-01,13.352498,0.029351,0.122407,-0.093056
2022-12-02,13.355236,0.026565,0.121558,-0.094993
2022-12-03,13.357974,0.026463,0.120713,-0.094251
2022-12-04,13.360712,0.027155,0.119874,-0.092719
2022-12-05,13.363450,0.030726,0.119040,-0.088314
2022-12-06,13.366188,0.025938,0.118211,-0.092273
2022-12-07,13.368925,0.023554,0.117386,-0.093832
2022-12-08,13.371663,0.024470,0.116567,-0.092097
2022-12-09,13.374401,0.029456,0.115753,-0.086297
2022-12-10,13.377139,0.028415,0.114944,-0.086529
2022-12-11,13.379877,0.027867,0.114141,-0.086273
2022-12-12,13.382615,0.024157,0.113342,-0.089185
2022-12-13,13.385352,0.034748,0.112549,-0.077800
2022-12-14,13.388090,0.043643,0.111760,-0.068117
2022-12-15,13.390828,0.036359,0.110977,-0.074618
2022-12-16,13.393566,0.024741,0.110199,-0.085458
2022-12-17,13.396304,0.015402,0.109427,-0.094025
2022-12-18,13.399042,0.015756,0.108659,-0.092903
2022-12-19,13.401780,0.014067,0.107897,-0.093830
2022-12-20,13.404517,0.016224,0.107140,-0.090916
2022-12-21,13.407255,0.016733,0.106389,-0.089656
2022-12-22,13.409993,0.014347,0.105643,-0.091296
2022-12-23,13.412731,0.013946,0.104902,-0.090956
2022-12-24,13.415469,0.013533,0.104167,-0.090634
2022-12-25,13.418207,0.012755,0.103437,-0.090681
2022-12-26,13.420945,0.013479,0.102712,-0.089233
2022-12-27,13.423682,0.012643,0.101993,-0.089350
2022-12-28,13.426420,0.008428,0.101279,-0.092851
2022-12-29,13.429158,0.007030,0.100571,-0.093540
2022-12-30,13.431896,0.005926,0.099868,-0.093942
2022-12-31,13.434634,0.005702,0.099170,-0.093468
2023-01-01,13.437372,0.005085,0.098478,-0.093393
2023-01-02,13.440110,0.007128,0.097792,-0.090664
2023-01-03,13.442847,0.006651,0.097111,-0.090460
2023-01-04,13.445585,0.009174,0.096436,-0.087262
2023-01-05,13.448323,0.008728,0.095766,-0.087038
2023-01-06,13.451061,0.008447,0.095102,-0.086655
2023-01-07,13.453799,0.010430,0.094443,-0.084014
2023-01-08,13.456537,0.010376,0.093790,-0.083415
2023-01-09,13.459274,0.017006,0.093143,-0.076137
2023-01-10,13.462012,0.020923,0.092501,-0.071579
2023-01-11,13.464750,0.024366,0.091865,-0.067499
2023-01-12,13.467488,0.045019,0.091235,-0.046216
2023-01-13,13.470226,0.057409,0.090610,-0.033201
2023-01-14,13.472964,0.092389,0.089991,0.002398
2023-01-15,13.475702,0.091331,0.089378,0.001954
2023-01-16,13.478439,0.097926,0.088770,0.009156
2023-01-17,13.481177,0.104939,0.088168,0.016770
2023-01-18,13.483915,0.098856,0.087572,0.011284
2023-01-19,13.486653,0.094437,0.086982,0.007455
2023-01-20,13.489391,0.105302,0.086398,0.018904
2023-01-21,13.492129,0.132266,0.085819,0.046447
2023-01-22,13.494867,0.129726,0.085246,0.044480
2023-01-23,13.497604,0.129788,0.084679,0.045109
2023-01-24,13.500342,0.131811,0.084118,0.047694
2023-01-25,13.503080,0.127930,0.083562,0.044368
2023-01-26,13.505818,0.133606,0.083013,0.050593
2023-01-27,13.508556,0.132448,0.082469,0.049979
2023-01-28,13.511294,0.132437,0.081931,0.050506
2023-01-29,13.514031,0.139469,0.081399,0.058069
2023-01-30,13.516769,0.137502,0.080873,0.056628
2023-01-31,13.519507,0.131731,0.080353,0.051378
2023-02-01,13.522245,0.134869,0.079839,0.055030
2023-02-02,13.524983,0.144742,0.079331,0.065411
2023-02-03,13.527721,0.138819,0.078829,0.059990
2023-02-04,13.530459,0.136174,0.078333,0.057841
2023-02-05,13.533196,0.132728,0.077843,0.054886
2023-02-06,13.535934,0.127501,0.077358,0.050142
2023-02-07,13.538672,0.128535,0.076880,0.051655
2023-02-08,13.541410,0.130234,0.076408,0.053826
2023-02-09,13.544148,0.120793,0.075942,0.044852
2023-02-10,13.546886,0.105018,0.075482,0.029537
2023-02-11,13.549624,0.103295,0.075028,0.028267
2023-02-12,13.552361,0.106927,0.074580,0.032348
2023-02-13,13.555099,0.103212,0.074138,0.029074
2023-02-14,13.557837,0.106499,0.073702,0.032797
2023-02-15,13.560575,0.120580,0.073272,0.047308
2023-02-16,13.563313,0.155021,0.072848,0.082173
2023-02-17,13.566051,0.145657,0.072431,0.073226
2023-02-18,13.568789,0.154872,0.072019,0.082852
2023-02-19,13.571526,0.154754,0.071614,0.083140
2023-02-20,13.574264,0.154525,0.071215,0.083310
2023-02-21,13.577002,0.154694,0.070822,0.083872
2023-02-22,13.579740,0.143723,0.070435,0.073288
2023-02-23,13.582478,0.145138,0.070054,0.075084
2023-02-24,13.585216,0.136619,0.069680,0.066939
2023-02-25,13.587953,0.126081,0.069312,0.056769
2023-02-26,13.590691,0.129157,0.068950,0.060208
2023-02-27,13.593429,0.131633,0.068594,0.063039
2023-02-28,13.596167,0.130144,0.068244,0.061900
2023-03-01,13.598905,0.133306,0.067900,0.065405
2023-03-02,13.601643,0.130312,0.067563,0.062749
2023-03-03,13.604381,0.112057,0.067232,0.044825
2023-03-04,13.607118,0.109932,0.066908,0.043025
2023-03-05,13.609856,0.111594,0.066589,0.045005
2023-03-06,13.612594,0.111117,0.066277,0.044840
2023-03-07,13.615332,0.108719,0.065971,0.042749
2023-03-08,13.618070,0.102754,0.065671,0.037083
2023-03-09,13.620808,0.090339,0.065378,0.024962
2023-03-10,13.623546,0.061185,0.065091,-0.003906
2023-03-11,13.626283,0.069951,0.064810,0.005142
2023-03-12,13.629021,0.078535,0.064535,0.014000
2023-03-13,13.631759,0.119173,0.064267,0.054906
2023-03-14,13.634497,0.149159,0.064005,0.085154
2023-03-15,13.637235,0.147215,0.063749,0.083466
2023-03-16,13.639973,0.147583,0.063500,0.084083
2023-03-17,13.642710,0.171168,0.063257,0.107911
2023-03-18,13.645448,0.187572,0.063021,0.124551
2023-03-19,13.648186,0.189469,0.062790,0.126679
2023-03-20,13.650924,0.195512,0.062566,0.132946
2023-03-21,13.653662,0.196118,0.062349,0.133770
2023-03-22,13.656400,0.196772,0.062138,0.134634
2023-03-23,13.659138,0.192235,0.061933,0.130302
2023-03-24,13.661875,0.194814,0.061734,0.133080
2023-03-25,13.664613,0.187812,0.061542,0.126269
2023-03-26,13.667351,0.190615,0.061356,0.129259
2023-03-27,13.670089,0.187483,0.061177,0.126306
2023-03-28,13.672827,0.179906,0.061004,0.118902
2023-03-29,13.675565,0.194872,0.060838,0.134034
2023-03-30,13.678303,0.198408,0.060677,0.137731
2023-03-31,13.681040,0.195962,0.060524,0.135438
2023-04-01,13.683778,0.198782,0.060376,0.138406
2023-04-02,13.686516,0.195845,0.060235,0.135609
2023-04-03,13.689254,0.191094,0.060101,0.130994
2023-04-04,13.691992,0.191424,0.059973,0.131451
2023-04-05,13.694730,0.194878,0.059851,0.135027
2023-04-06,13.697467,0.190185,0.059736,0.130449
2023-04-07,13.700205,0.189167,0.059627,0.129541
2023-04-08,13.702943,0.189440,0.059524,0.129916
2023-04-09,13.705681,0.189670,0.059428,0.130242
2023-04-10,13.708419,0.196892,0.059338,0.137553
2023-04-11,13.711157,0.218060,0.059255,0.158805
2023-04-12,13.713895,0.216465,0.059178,0.157286
2023-04-13,13.716632,0.218541,0.059108,0.159433
2023-04-14,13.719370,0.224438,0.059044,0.165394
2023-04-15,13.722108,0.222472,0.058987,0.163485
2023-04-16,13.724846,0.220923,0.058936,0.161988
2023-04-17,13.727584,0.208722,0.058891,0.149831
2023-04-18,13.730322,0.208533,0.058853,0.149680
2023-04-19,13.733060,0.201256,0.058821,0.142435
2023-04-20,13.735797,0.186531,0.058796,0.127735
2023-04-21,13.738535,0.175012,0.058777,0.116235
2023-04-22,13.741273,0.166510,0.058765,0.107746
2023-04-23,13.744011,0.169149,0.058759,0.110391
2023-04-24,13.746749,0.166649,0.058759,0.107890
2023-04-25,13.749487,0.166137,0.058766,0.107371
2023-04-26,13.752225,0.185943,0.058779,0.127164
2023-04-27,13.754962,0.190666,0.058799,0.131866
2023-04-28,13.757700,0.192717,0.058825,0.133892
2023-04-29,13.760438,0.192052,0.058858,0.133194
2023-04-30,13.763176,0.192065,0.058897,0.133168
2023-05-01,13.765914,0.178257,0.058943,0.119314
2023-05-02,13.768652,0.175973,0.058995,0.116978
2023-05-03,13.771389,0.179998,0.059053,0.120945
2023-05-04,13.774127,0.185308,0.059118,0.126190
2023-05-05,13.776865,0.189204,0.059189,0.130015
2023-05-06,13.779603,0.186887,0.059267,0.127620
2023-05-07,13.782341,0.183548,0.059351,0.124196
2023-05-08,13.785079,0.168199,0.059442,0.108757
2023-05-09,13.787817,0.161532,0.059539,0.101993
2023-05-10,13.790554,0.162869,0.059642,0.103227
2023-05-11,13.793292,0.155610,0.059752,0.095858
2023-05-12,13.796030,0.142699,0.059868,0.082830
2023-05-13,13.798768,0.147323,0.059991,0.087332
2023-05-14,13.801506,0.147494,0.060120,0.087373
2023-05-15,13.804244,0.154904,0.060256,0.094649
2023-05-16,13.806982,0.150594,0.060398,0.090196
2023-05-17,13.809719,0.148762,0.060546,0.088216
2023-05-18,13.812457,0.150755,0.060701,0.090054
2023-05-19,13.815195,0.146286,0.060862,0.085424
2023-05-20,13.817933,0.146873,0.061029,0.085844
2023-05-21,13.820671,0.147212,0.061203,0.086008
2023-05-22,13.823409,0.144619,0.061383,0.083235
2023-05-23,13.826146,0.150314,0.061570,0.088744
2023-05-24,13.828884,0.140325,0.061763,0.078562
2023-05-25,13.831622,0.135099,0.061963,0.073137
2023-05-26,13.834360,0.139124,0.062168,0.076956
2023-05-27,13.837098,0.141211,0.062380,0.078830
2023-05-28,13.839836,0.149947,0.062599,0.087349
2023-05-29,13.842574,0.157658,0.062824,0.094834
2023-05-30,13.845311,0.155895,0.063055,0.092840
2023-05-31,13.848049,0.146583,0.063292,0.083291
2023-06-01,13.850787,0.141253,0.063536,0.077716
2023-06-02,13.853525,0.142971,0.063786,0.079184
2023-06-03,13.856263,0.144010,0.064043,0.079967
2023-06-04,13.859001,0.143994,0.064306,0.079688
2023-06-05,13.861739,0.132639,0.064575,0.068064
2023-06-06,13.864476,0.126795,0.064850,0.061945
2023-06-07,13.867214,0.135773,0.065132,0.070641
2023-06-08,13.869952,0.132282,0.065420,0.066862
2023-06-09,13.872690,0.132508,0.065714,0.066794
2023-06-10,13.875428,0.121702,0.066015,0.055688
2023-06-11,13.878166,0.121668,0.066322,0.055346
2023-06-12,13.880903,0.121668,0.066635,0.055033
2023-06-13,13.883641,0.122656,0.066954,0.055702
2023-06-14,13.886379,0.119620,0.067280,0.052340
2023-06-15,13.889117,0.107445,0.067612,0.039833
2023-06-16,13.891855,0.117502,0.067950,0.049553
2023-06-17,13.894593,0.128898,0.068294,0.060604
2023-06-18,13.897331,0.130560,0.068645,0.061915
2023-06-19,13.900068,0.129387,0.069001,0.060385
2023-06-20,13.902806,0.139244,0.069364,0.069880
2023-06-21,13.905544,0.170211,0.069733,0.100477
2023-06-22,13.908282,0.180878,0.070109,0.110769
2023-06-23,13.911020,0.183978,0.070490,0.113488
2023-06-24,13.913758,0.187254,0.070878,0.116376
2023-06-25,13.916496,0.186452,0.071272,0.115180
2023-06-26,13.919233,0.181782,0.071672,0.110111
2023-06-27,13.921971,0.184892,0.072078,0.112815
2023-06-28,13.924709,0.181928,0.072490,0.109438
2023-06-29,13.927447,0.182552,0.072908,0.109644
2023-06-30,13.930185,0.183842,0.073333,0.110509
2023-07-01,13.932923,0.182250,0.073763,0.108487
2023-07-02,13.935661,0.182222,0.074200,0.108022
2023-07-03,13.938398,0.185403,0.074643,0.110760
2023-07-04,13.941136,0.187224,0.075091,0.112133
2023-07-05,13.943874,0.181716,0.075546,0.106170
2023-07-06,13.946612,0.180314,0.076007,0.104306
2023-07-07,13.949350,0.175561,0.076474,0.099087
2023-07-08,13.952088,0.175408,0.076947,0.098461
2023-07-09,13.954825,0.175686,0.077426,0.098260
2023-07-10,13.957563,0.175006,0.077911,0.097095
2023-07-11,13.960301,0.177790,0.078402,0.099388
2023-07-12,13.963039,0.178397,0.078899,0.099498
2023-07-13,13.965777,0.179680,0.079402,0.100279
2023-07-14,13.968515,0.182527,0.079911,0.102617
2023-07-15,13.971253,0.173248,0.080425,0.092823
2023-07-16,13.973990,0.172602,0.080946,0.091656
2023-07-17,13.976728,0.170758,0.081473,0.089285
2023-07-18,13.979466,0.167113,0.082005,0.085108
2023-07-19,13.982204,0.167150,0.082544,0.084606
2023-07-20,13.984942,0.166776,0.083088,0.083688
2023-07-21,13.987680,0.164675,0.083638,0.081036
2023-07-22,13.990418,0.164950,0.084194,0.080755
2023-07-23,13.993155,0.165415,0.084756,0.080659
2023-07-24,13.995893,0.157666,0.085324,0.072342
2023-07-25,13.998631,0.154090,0.085898,0.068192
2023-07-26,14.001369,0.154795,0.086477,0.068318
2023-07-27,14.004107,0.155232,0.087062,0.068170
2023-07-28,14.006845,0.153350,0.087653,0.065697
2023-07-29,14.009582,0.153783,0.088250,0.065533
2023-07-30,14.012320,0.152878,0.088852,0.064026
2023-07-31,14.015058,0.153114,0.089460,0.063654
2023-08-01,14.017796,0.148737,0.090074,0.058663
2023-08-02,14.020534,0.153966,0.090694,0.063272
2023-08-03,14.023272,0.150407,0.091319,0.059088
2023-08-04,14.026010,0.149876,0.091950,0.057926
2023-08-05,14.028747,0.147959,0.092587,0.055373
2023-08-06,14.031485,0.147565,0.093229,0.054336
2023-08-07,14.034223,0.147394,0.093877,0.053517
2023-08-08,14.036961,0.152410,0.094531,0.057880
2023-08-09,14.039699,0.155255,0.095190,0.060065
2023-08-10,14.042437,0.152078,0.095854,0.056223
2023-08-11,14.045175,0.150326,0.096525,0.053802
2023-08-12,14.047912,0.150003,0.097201,0.052803
2023-08-13,14.050650,0.149457,0.097882,0.051575
2023-08-14,14.053388,0.149018,0.098569,0.050449
2023-08-15,14.056126,0.148275,0.099261,0.049014
2023-08-16,14.058864,0.145009,0.099959,0.045050
2023-08-17,14.061602,0.131149,0.100663,0.030487
2023-08-18,14.064339,0.102593,0.101371,0.001221
2023-08-19,14.067077,0.097501,0.102086,-0.004584
2023-08-20,14.069815,0.098345,0.102805,-0.004460
2023-08-21,14.072553,0.096869,0.103530,-0.006662
2023-08-22,14.075291,0.094901,0.104261,-0.009360
2023-08-23,14.078029,0.097945,0.104997,-0.007052
2023-08-24,14.080767,0.098718,0.105738,-0.007020
2023-08-25,14.083504,0.094500,0.106485,-0.011984
2023-08-26,14.086242,0.093890,0.107237,-0.013346
2023-08-27,14.088980,0.093893,0.107994,-0.014101
2023-08-28,14.091718,0.092993,0.108756,-0.015763
2023-08-29,14.094456,0.103075,0.109524,-0.006449
2023-08-30,14.097194,0.112176,0.110297,0.001879
2023-08-31,14.099932,0.104513,0.111075,-0.006562
2023-09-01,14.102669,0.089641,0.111859,-0.022217
2023-09-02,14.105407,0.087727,0.112647,-0.024921
2023-09-03,14.108145,0.088379,0.113441,-0.025062
2023-09-04,14.110883,0.087651,0.114240,-0.026589
2023-09-05,14.113621,0.084705,0.115044,-0.030339
2023-09-06,14.116359,0.083834,0.115853,-0.032019
2023-09-07,14.119097,0.084896,0.116668,-0.031772
2023-09-08,14.121834,0.087396,0.117487,-0.030092
2023-09-09,14.124572,0.084429,0.118312,-0.033883
2023-09-10,14.127310,0.083515,0.119141,-0.035626
2023-09-11,14.130048,0.078163,0.119976,-0.041813
2023-09-12,14.132786,0.083810,0.120815,-0.037006
2023-09-13,14.135524,0.086689,0.121660,-0.034971
2023-09-14,14.138261,0.091431,0.122509,-0.031078
2023-09-15,14.140999,0.091986,0.123364,-0.031378
2023-09-16,14.143737,0.092591,0.124223,-0.031632
2023-09-17,14.146475,0.091606,0.125088,-0.033482
2023-09-18,14.149213,0.096322,0.125957,-0.029635
2023-09-19,14.151951,0.098927,0.126831,-0.027904
2023-09-20,14.154689,0.099623,0.127710,-0.028086
2023-09-21,14.157426,0.093896,0.128593,-0.034697
2023-09-22,14.160164,0.090829,0.129482,-0.038653
2023-09-23,14.162902,0.089814,0.130375,-0.040562
2023-09-24,14.165640,0.089162,0.131273,-0.042111
2023-09-25,14.168378,0.082771,0.132176,-0.049405
2023-09-26,14.171116,0.082825,0.133084,-0.050258
2023-09-27,14.173854,0.083546,0.133996,-0.050450
2023-09-28,14.176591,0.089129,0.134913,-0.045783
2023-09-29,14.179329,0.092772,0.135834,-0.043063
2023-09-30,14.182067,0.092267,0.136760,-0.044493
2023-10-01,14.184805,0.094715,0.137691,-0.042976
2023-10-02,14.187543,0.107248,0.138627,-0.031379
2023-10-03,14.190281,0.099083,0.139567,-0.040484
2023-10-04,14.193018,0.099046,0.140511,-0.041465
2023-10-05,14.195756,0.100522,0.141460,-0.040938
2023-10-06,14.198494,0.101291,0.142414,-0.041123
2023-10-07,14.201232,0.104346,0.143372,-0.039026
2023-10-08,14.203970,0.103999,0.144334,-0.040336
2023-10-09,14.206708,0.099767,0.145301,-0.045534
2023-10-10,14.209446,0.097116,0.146272,-0.049156
2023-10-11,14.212183,0.088665,0.147248,-0.058583
2023-10-12,14.214921,0.084852,0.148228,-0.063376
2023-10-13,14.217659,0.085353,0.149213,-0.063860
2023-10-14,14.220397,0.085533,0.150201,-0.064669
2023-10-15,14.223135,0.086089,0.151194,-0.065105
2023-10-16,14.225873,0.101008,0.152192,-0.051183
2023-10-17,14.228611,0.107404,0.153193,-0.045790
2023-10-18,14.231348,0.107421,0.154199,-0.046778
2023-10-19,14.234086,0.108312,0.155209,-0.046897
2023-10-20,14.236824,0.121126,0.156223,-0.035097
2023-10-21,14.239562,0.125626,0.157242,-0.031616
2023-10-22,14.242300,0.127148,0.158264,-0.031116
2023-10-23,14.245038,0.140515,0.159291,-0.018775
2023-10-24,14.247775,0.181501,0.160321,0.021180
2023-10-25,14.250513,0.184475,0.161356,0.023119
2023-10-26,14.253251,0.184069,0.162395,0.021674
2023-10-27,14.255989,0.179256,0.163437,0.015818
2023-10-28,14.258727,0.180387,0.164484,0.015903
2023-10-29,14.261465,0.182308,0.165535,0.016773
2023-10-30,14.264203,0.183227,0.166590,0.016637
2023-10-31,14.266940,0.182311,0.167648,0.014663
2023-11-01,14.269678,0.184715,0.168711,0.016005
2023-11-02,14.272416,0.190804,0.169777,0.021027
2023-11-03,14.275154,0.183447,0.170847,0.012600
2023-11-04,14.277892,0.185474,0.171921,0.013553
2023-11-05,14.280630,0.187583,0.172999,0.014584
2023-11-06,14.283368,0.186382,0.174080,0.012302
2023-11-07,14.286105,0.185766,0.175166,0.010600
2023-11-08,14.288843,0.190559,0.176255,0.014304
2023-11-09,14.291581,0.204207,0.177347,0.026860
2023-11-10,14.294319,0.208260,0.178444,0.029816
2023-11-11,14.297057,0.210085,0.179544,0.030542
2023-11-12,14.299795,0.209534,0.180647,0.028886
2023-11-13,14.302533,0.206973,0.181754,0.025218
2023-11-14,14.305270,0.199109,0.182865,0.016244
2023-11-15,14.308008,0.199030,0.183979,0.015050
2023-11-16,14.310746,0.205832,0.185097,0.020734
2023-11-17,14.313484,0.199962,0.186218,0.013744
2023-11-18,14.316222,0.201338,0.187343,0.013995
2023-11-19,14.318960,0.202255,0.188471,0.013783
2023-11-20,14.321697,0.209112,0.189603,0.019509
2023-11-21,14.324435,0.206822,0.190738,0.016085
2023-11-22,14.327173,0.202140,0.191876,0.010265
2023-11-23,14.329911,0.208334,0.193017,0.015317
2023-11-24,14.332649,0.212064,0.194162,0.017901
2023-11-25,14.335387,0.212589,0.195310,0.017278
2023-11-26,14.338125,0.210225,0.196462,0.013763
2023-11-27,14.340862,0.205206,0.197616,0.007590
2023-11-28,14.343600,0.208334,0.198774,0.009560
2023-11-29,14.346338,0.212837,0.199935,0.012902
2023-11-30,14.349076,0.211239,0.201099,0.010140
2023-12-01,14.351814,0.217842,0.202266,0.015576
2023-12-02,14.354552,0.222500,0.203437,0.019064
2023-12-03,14.357290,0.228297,0.204610,0.023688
2023-12-04,14.360027,0.247965,0.205786,0.042179
2023-12-05,14.362765,0.258332,0.206966,0.051367
2023-12-06,14.365503,0.274392,0.208148,0.066245
2023-12-07,14.368241,0.269919,0.209333,0.060586
2023-12-08,14.370979,0.270660,0.210521,0.060139
2023-12-09,14.373717,0.273176,0.211712,0.061464
2023-12-10,14.376454,0.271232,0.212906,0.058326
2023-12-11,14.379192,0.252010,0.214103,0.037907
2023-12-12,14.381930,0.248058,0.215302,0.032756
2023-12-13,14.384668,0.248919,0.216505,0.032415
2023-12-14,14.387406,0.260467,0.217710,0.042757
2023-12-15,14.390144,0.256192,0.218917,0.037274
2023-12-16,14.392882,0.253583,0.220128,0.033455
2023-12-17,14.395619,0.249527,0.221341,0.028186
2023-12-18,14.398357,0.244274,0.222557,0.021717
2023-12-19,14.401095,0.256622,0.223775,0.032847
2023-12-20,14.403833,0.261422,0.224996,0.036426
2023-12-21,14.406571,0.265977,0.226219,0.039758
2023-12-22,14.409309,0.266144,0.227445,0.038698
2023-12-23,14.412047,0.264534,0.228674,0.035861
2023-12-24,14.414784,0.263478,0.229905,0.033573
2023-12-25,14.417522,0.260551,0.231138,0.029413
2023-12-26,14.420260,0.253497,0.232374,0.021123
2023-12-27,14.422998,0.254857,0.233612,0.021245
2023-12-28,14.425736,0.254842,0.234853,0.019989
2023-12-29,14.428474,0.249402,0.236095,0.013307
2023-12-30,14.431211,0.246115,0.237340,0.008775
2023-12-31,14.433949,0.249141,0.238588,0.010553
2024-01-01,14.436687,0.252550,0.239837,0.012713
2024-01-02,14.439425,0.275744,0.241089,0.034655
2024-01-03,14.442163,0.263282,0.242343,0.020939
2024-01-04,14.444901,0.259756,0.243599,0.016157
2024-01-05,14.447639,0.261683,0.244857,0.016825
2024-01-06,14.450376,0.262112,0.246118,0.015994
2024-01-07,14.453114,0.264160,0.247380,0.016780
2024-01-08,14.455852,0.271865,0.248644,0.023221
2024-01-09,14.458590,0.287791,0.249911,0.037880
2024-01-10,14.461328,0.279366,0.251179,0.028187
2024-01-11,14.464066,0.285597,0.252449,0.033148
2024-01-12,14.466804,0.270864,0.253721,0.017142
2024-01-13,14.469541,0.249122,0.254995,-0.005874
2024-01-14,14.472279,0.247954,0.256271,-0.008317
2024-01-15,14.475017,0.244953,0.257549,-0.012596
2024-01-16,14.477755,0.247729,0.258828,-0.011099
2024-01-17,14.480493,0.245134,0.260110,-0.014975
2024-01-18,14.483231,0.239549,0.261393,-0.021844
2024-01-19,14.485969,0.229915,0.262677,-0.032762
2024-01-20,14.488706,0.232603,0.263963,-0.031360
2024-01-21,14.491444,0.233706,0.265251,-0.031545
2024-01-22,14.494182,0.223679,0.266541,-0.042862
2024-01-23,14.496920,0.210969,0.267832,-0.056864
2024-01-24,14.499658,0.215312,0.269125,-0.053813
2024-01-25,14.502396,0.214922,0.270419,-0.055497
2024-01-26,14.505133,0.223319,0.271715,-0.048396
2024-01-27,14.507871,0.231965,0.273012,-0.041047
2024-01-28,14.510609,0.235748,0.274310,-0.038562
2024-01-29,14.513347,0.237439,0.275610,-0.038171
2024-01-30,14.516085,0.246584,0.276911,-0.030327
2024-01-31,14.518823,0.241232,0.278214,-0.036982
2024-02-01,14.521561,0.236774,0.279518,-0.042744
2024-02-02,14.524298,0.241768,0.280823,-0.039055
2024-02-03,14.527036,0.241722,0.282130,-0.040407
2024-02-04,14.529774,0.238962,0.283437,-0.044475
2024-02-05,14.532512,0.237758,0.284746,-0.046988
2024-02-06,14.535250,0.239104,0.286056,-0.046952
2024-02-07,14.537988,0.242373,0.287367,-0.044994
2024-02-08,14.540726,0.257043,0.288679,-0.031636
2024-02-09,14.543463,0.274093,0.289992,-0.015899
2024-02-10,14.546201,0.278752,0.291307,-0.012555
2024-02-11,14.548939,0.284779,0.292622,-0.007843
2024-02-12,14.551677,0.289759,0.293938,-0.004179
2024-02-13,14.554415,0.296047,0.295255,0.000792
2024-02-14,14.557153,0.306390,0.296573,0.009817
2024-02-15,14.559890,0.315396,0.297892,0.017504
2024-02-16,14.562628,0.314563,0.299212,0.015351
2024-02-17,14.565366,0.310269,0.300532,0.009736
2024-02-18,14.568104,0.311383,0.301854,0.009529
2024-02-19,14.570842,0.314009,0.303176,0.010833
2024-02-20,14.573580,0.311397,0.304499,0.006899
2024-02-21,14.576318,0.307960,0.305822,0.002138
2024-02-22,14.579055,0.308406,0.307146,0.001259
2024-02-23,14.581793,0.304123,0.308471,-0.004348
2024-02-24,14.584531,0.304835,0.309796,-0.004962
2024-02-25,14.587269,0.308230,0.311122,-0.002893
2024-02-26,14.590007,0.314300,0.312449,0.001851
2024-02-27,14.592745,0.345539,0.313776,0.031763
2024-02-28,14.595483,0.366573,0.315103,0.051470
2024-02-29,14.598220,0.385554,0.316431,0.069123
2024-03-01,14.600958,0.383965,0.317759,0.066205
2024-03-02,14.603696,0.384461,0.319088,0.065373
2024-03-03,14.606434,0.386886,0.320417,0.066469
2024-03-04,14.609172,0.407000,0.321746,0.085254
2024-03-05,14.611910,0.411238,0.323076,0.088162
2024-03-06,14.614648,0.409555,0.324406,0.085149
2024-03-07,14.617385,0.414890,0.325736,0.089155
2024-03-08,14.620123,0.420850,0.327066,0.093784
2024-03-09,14.622861,0.424182,0.328396,0.095785
2024-03-10,14.625599,0.430092,0.329727,0.100365
2024-03-11,14.628337,0.439939,0.331057,0.108881
2024-03-12,14.631075,0.443673,0.332388,0.111285
2024-03-13,14.633812,0.449886,0.333719,0.116167
2024-03-14,14.636550,0.446081,0.335050,0.111032
2024-03-15,14.639288,0.423729,0.336380,0.087349
2024-03-16,14.642026,0.421505,0.337711,0.083794
2024-03-17,14.644764,0.413686,0.339041,0.074644
2024-03-18,14.647502,0.418048,0.340372,0.077676
2024-03-19,14.650240,0.395637,0.341702,0.053935
2024-03-20,14.652977,0.391680,0.343032,0.048648
2024-03-21,14.655715,0.409399,0.344362,0.065037
2024-03-22,14.658453,0.394946,0.345692,0.049254
2024-03-23,14.661191,0.394807,0.347021,0.047786
2024-03-24,14.663929,0.399090,0.348350,0.050740
2024-03-25,14.666667,0.418779,0.349679,0.069101
2024-03-26,14.669405,0.429996,0.351007,0.078989
2024-03-27,14.672142,0.426107,0.352335,0.073772
2024-03-28,14.674880,0.429848,0.353662,0.076185
2024-03-29,14.677618,0.426697,0.354989,0.071708
2024-03-30,14.680356,0.426430,0.356316,0.070114
2024-03-31,14.683094,0.428925,0.357642,0.071283
2024-04-01,14.685832,0.423712,0.358967,0.064745
2024-04-02,14.688569,0.402305,0.360292,0.042013
2024-04-03,14.691307,0.400261,0.361616,0.038644
2024-04-04,14.694045,0.405634,0.362940,0.042694
2024-04-05,14.696783,0.408845,0.364263,0.044582
2024-04-06,14.699521,0.411937,0.365585,0.046352
2024-04-07,14.702259,0.419611,0.366906,0.052704
2024-04-08,14.704997,0.429905,0.368227,0.061678
2024-04-09,14.707734,0.422935,0.369547,0.053388
2024-04-10,14.710472,0.417345,0.370866,0.046479
2024-04-11,14.713210,0.424419,0.372184,0.052235
2024-04-12,14.715948,0.417153,0.373501,0.043651
2024-04-13,14.718686,0.399390,0.374818,0.024572
2024-04-14,14.721424,0.385563,0.376133,0.009430
2024-04-15,14.724162,0.390478,0.377447,0.013030
2024-04-16,14.726899,0.377249,0.378761,-0.001512
2024-04-17,14.729637,0.372126,0.380073,-0.007947
2024-04-18,14.732375,0.371968,0.381384,-0.009416
2024-04-19,14.735113,0.380927,0.382694,-0.001768
2024-04-20,14.737851,0.383136,0.384003,-0.000868
2024-04-21,14.740589,0.387188,0.385311,0.001877
2024-04-22,14.743326,0.393862,0.386618,0.007244
2024-04-23,14.746064,0.396414,0.387923,0.008491
2024-04-24,14.748802,0.390237,0.389227,0.001010
2024-04-25,14.751540,0.381032,0.390530,-0.009498
2024-04-26,14.754278,0.380815,0.391831,-0.011016
2024-04-27,14.757016,0.373351,0.393131,-0.019781
2024-04-28,14.759754,0.376000,0.394430,-0.018430
2024-04-29,14.762491,0.370550,0.395727,-0.025177
2024-04-30,14.765229,0.364054,0.397023,-0.032969
2024-05-01,14.767967,0.339703,0.398318,-0.058615
2024-05-02,14.770705,0.338533,0.399610,-0.061077
2024-05-03,14.773443,0.353401,0.400902,-0.047501
2024-05-04,14.776181,0.371945,0.402191,-0.030246
2024-05-05,14.778919,0.373571,0.403480,-0.029908
2024-05-06,14.781656,0.373682,0.404766,-0.031084
2024-05-07,14.784394,0.370379,0.406051,-0.035672
2024-05-08,14.787132,0.361450,0.407334,-0.045884
2024-05-09,14.789870,0.358742,0.408616,-0.049874
2024-05-10,14.792608,0.360301,0.409895,-0.049594
2024-05-11,14.795346,0.352624,0.411173,-0.058549
2024-05-12,14.798084,0.354553,0.412449,-0.057896
2024-05-13,14.800821,0.360961,0.413723,-0.052763
2024-05-14,14.803559,0.357653,0.414996,-0.057343
2024-05-15,14.806297,0.369380,0.416266,-0.046886
2024-05-16,14.809035,0.381912,0.417535,-0.035623
2024-05-17,14.811773,0.384897,0.418801,-0.033905
2024-05-18,14.814511,0.388367,0.420066,-0.031699
2024-05-19,14.817248,0.387636,0.421329,-0.033693
2024-05-20,14.819986,0.392911,0.422589,-0.029678
2024-05-21,14.822724,0.408502,0.423848,-0.015345
2024-05-22,14.825462,0.403497,0.425104,-0.021607
2024-05-23,14.828200,0.395723,0.426358,-0.030635
2024-05-24,14.830938,0.392331,0.427610,-0.035279
2024-05-25,14.833676,0.398734,0.428860,-0.030126
2024-05-26,14.836413,0.398436,0.430108,-0.031672
2024-05-27,14.839151,0.399435,0.431353,-0.031918
2024-05-28,14.841889,0.393671,0.432596,-0.038925
2024-05-29,14.844627,0.391095,0.433837,-0.042742
2024-05-30,14.847365,0.392691,0.435076,-0.042384
2024-05-31,14.850103,0.391081,0.436312,-0.045230
2024-06-01,14.852841,0.389642,0.437545,-0.047904
2024-06-02,14.855578,0.389941,0.438777,-0.048836
2024-06-03,14.858316,0.395918,0.440005,-0.044087
2024-06-04,14.861054,0.399654,0.441232,-0.041578
2024-06-05,14.863792,0.406967,0.442455,-0.035488
2024-06-06,14.866530,0.407067,0.443677,-0.036610
2024-06-07,14.869268,0.404107,0.444895,-0.040788
2024-06-08,14.872005,0.399368,0.446111,-0.046744
2024-06-09,14.874743,0.399346,0.447325,-0.047979
2024-06-10,14.877481,0.399399,0.448536,-0.049137
2024-06-11,14.880219,0.387000,0.449744,-0.062744
2024-06-12,14.882957,0.390782,0.450949,-0.060168
2024-06-13,14.885695,0.386162,0.452152,-0.065990
2024-06-14,14.888433,0.379768,0.453352,-0.073584
2024-06-15,14.891170,0.377006,0.454549,-0.077543
2024-06-16,14.893908,0.378647,0.455743,-0.077096
2024-06-17,14.896646,0.375462,0.456935,-0.081472
2024-06-18,14.899384,0.368311,0.458123,-0.089812
2024-06-19,14.902122,0.366389,0.459309,-0.092919
2024-06-20,14.904860,0.364225,0.460491,-0.096267
2024-06-21,14.907598,0.356318,0.461671,-0.105353
2024-06-22,14.910335,0.358920,0.462848,-0.103928
2024-06-23,14.913073,0.358173,0.464022,-0.105849
2024-06-24,14.915811,0.337552,0.465192,-0.127640
2024-06-25,14.918549,0.336344,0.466360,-0.130015
2024-06-26,14.921287,0.336570,0.467524,-0.130954
2024-06-27,14.924025,0.335155,0.468686,-0.133531
2024-06-28,14.926762,0.332938,0.469844,-0.136906
2024-06-29,14.929500,0.330946,0.470999,-0.140053
2024-06-30,14.932238,0.334641,0.472151,-0.137510
2024-07-01,14.934976,0.344465,0.473299,-0.128834
2024-07-02,14.937714,0.339698,0.474445,-0.134747
2024-07-03,14.940452,0.325620,0.475587,-0.149966
2024-07-04,14.943190,0.308510,0.476725,-0.168215
2024-07-05,14.945927,0.289195,0.477861,-0.188666
2024-07-06,14.948665,0.300178,0.478993,-0.178815
2024-07-07,14.951403,0.300070,0.480121,-0.180052
2024-07-08,14.954141,0.291948,0.481246,-0.189298
2024-07-09,14.956879,0.300575,0.482368,-0.181793
2024-07-10,14.959617,0.305398,0.483486,-0.178089
2024-07-11,14.962355,0.304296,0.484601,-0.180305
2024-07-12,14.965092,0.300566,0.485712,-0.185146
2024-07-13,14.967830,0.306652,0.486820,-0.180168
2024-07-14,14.970568,0.318306,0.487924,-0.169618
2024-07-15,14.973306,0.338102,0.489025,-0.150922
2024-07-16,14.976044,0.345371,0.490121,-0.144750
2024-07-17,14.978782,0.349907,0.491215,-0.141308
2024-07-18,14.981520,0.345802,0.492304,-0.146502
2024-07-19,14.984257,0.351392,0.493390,-0.141998
2024-07-20,14.986995,0.361410,0.494472,-0.133062
2024-07-21,14.989733,0.363076,0.495550,-0.132475
2024-07-22,14.992471,0.365145,0.496625,-0.131480
2024-07-23,14.995209,0.358999,0.497696,-0.138696
2024-07-24,14.997947,0.354104,0.498762,-0.144659
2024-07-25,15.000684,0.345887,0.499825,-0.153939
2024-07-26,15.003422,0.361475,0.500885,-0.139409
2024-07-27,15.006160,0.366953,0.501940,-0.134987
2024-07-28,15.008898,0.364871,0.502991,-0.138120
2024-07-29,15.011636,0.367943,0.504038,-0.136095
2024-07-30,15.014374,0.353708,0.505082,-0.151374
2024-07-31,15.017112,0.351426,0.506121,-0.154695
2024-08-01,15.019849,0.338711,0.507156,-0.168445
2024-08-02,15.022587,0.335645,0.508188,-0.172543
2024-08-03,15.025325,0.318353,0.509215,-0.190862
2024-08-04,15.028063,0.308654,0.510238,-0.201584
2024-08-05,15.030801,0.261896,0.511257,-0.249361
2024-08-06,15.033539,0.277820,0.512272,-0.234451
2024-08-07,15.036277,0.280806,0.513282,-0.232476
2024-08-08,15.039014,0.295277,0.514289,-0.219012
2024-08-09,15.041752,0.311266,0.515291,-0.204025
2024-08-10,15.044490,0.312184,0.516289,-0.204105
2024-08-11,15.047228,0.307758,0.517283,-0.209524
2024-08-12,15.049966,0.298118,0.518272,-0.220154
2024-08-13,15.052704,0.304135,0.519257,-0.215123
2024-08-14,15.055441,0.305333,0.520238,-0.214905
2024-08-15,15.058179,0.292435,0.521214,-0.228780
2024-08-16,15.060917,0.292735,0.522186,-0.229451
2024-08-17,15.063655,0.298441,0.523154,-0.224713
2024-08-18,15.066393,0.300797,0.524117,-0.223320
2024-08-19,15.069131,0.292875,0.525076,-0.232200
2024-08-20,15.071869,0.301703,0.526030,-0.224327
2024-08-21,15.074606,0.302186,0.526980,-0.224794
2024-08-22,15.077344,0.305214,0.527925,-0.222711
2024-08-23,15.080082,0.314258,0.528865,-0.214607
2024-08-24,15.082820,0.327803,0.529802,-0.201999
2024-08-25,15.085558,0.328463,0.530733,-0.202270
2024-08-26,15.088296,0.324354,0.531660,-0.207306
2024-08-27,15.091034,0.314338,0.532582,-0.218244
2024-08-28,15.093771,0.293035,0.533500,-0.240464
2024-08-29,15.096509,0.296724,0.534413,-0.237689
2024-08-30,15.099247,0.290878,0.535321,-0.244444
2024-08-31,15.101985,0.292026,0.536225,-0.244199
2024-09-01,15.104723,0.284602,0.537124,-0.252522
2024-09-02,15.107461,0.285295,0.538018,-0.252723
2024-09-03,15.110198,0.285762,0.538907,-0.253145
2024-09-04,15.112936,0.275359,0.539791,-0.264433
2024-09-05,15.115674,0.272278,0.540671,-0.268393
2024-09-06,15.118412,0.259144,0.541546,-0.282402
2024-09-07,15.121150,0.253408,0.542416,-0.289008
2024-09-08,15.123888,0.254176,0.543281,-0.289105
2024-09-09,15.126626,0.262954,0.544141,-0.281187
2024-09-10,15.129363,0.272554,0.544996,-0.272443
2024-09-11,15.132101,0.271250,0.545847,-0.274597
2024-09-12,15.134839,0.279378,0.546692,-0.267314
2024-09-13,15.137577,0.285184,0.547533,-0.262348
2024-09-14,15.140315,0.292758,0.548368,-0.255610
2024-09-15,15.143053,0.291118,0.549198,-0.258080
2024-09-16,15.145791,0.279327,0.550024,-0.270696
2024-09-17,15.148528,0.287778,0.550844,-0.263066
2024-09-18,15.151266,0.291955,0.551659,-0.259704
2024-09-19,15.154004,0.308716,0.552469,-0.243753
2024-09-20,15.156742,0.312267,0.553274,-0.241007
2024-09-21,15.159480,0.310926,0.554074,-0.243148
2024-09-22,15.162218,0.309634,0.554869,-0.245234
2024-09-23,15.164956,0.312491,0.555658,-0.243167
2024-09-24,15.167693,0.311919,0.556443,-0.244524
2024-09-25,15.170431,0.313105,0.557222,-0.244116
2024-09-26,15.173169,0.316365,0.557996,-0.241630
2024-09-27,15.175907,0.324552,0.558764,-0.234213
2024-09-28,15.178645,0.325349,0.559528,-0.234179
2024-09-29,15.181383,0.324652,0.560286,-0.235634
2024-09-30,15.184120,0.312570,0.561039,-0.248468
2024-10-01,15.186858,0.302773,0.561786,-0.259014
2024-10-02,15.189596,0.292667,0.562528,-0.269862
2024-10-03,15.192334,0.288763,0.563265,-0.274503
2024-10-04,15.195072,0.294505,0.563997,-0.269492
2024-10-05,15.197810,0.297435,0.564723,-0.267288
2024-10-06,15.200548,0.298480,0.565443,-0.266963
2024-10-07,15.203285,0.305245,0.566159,-0.260914
2024-10-08,15.206023,0.298213,0.566868,-0.268655
2024-10-09,15.208761,0.293486,0.567573,-0.274087
2024-10-10,15.211499,0.284148,0.568272,-0.284123
2024-10-11,15.214237,0.291269,0.568965,-0.277696
2024-10-12,15.216975,0.300354,0.569653,-0.269299
2024-10-13,15.219713,0.298579,0.570335,-0.271756
2024-10-14,15.222450,0.312508,0.571012,-0.258504
2024-10-15,15.225188,0.320157,0.571684,-0.251526
2024-10-16,15.227926,0.328635,0.572349,-0.243714
2024-10-17,15.230664,0.326417,0.573010,-0.246592
2024-10-18,15.233402,0.331704,0.573664,-0.241960
2024-10-19,15.236140,0.332063,0.574313,-0.242250
2024-10-20,15.238877,0.332913,0.574956,-0.242043
2024-10-21,15.241615,0.330289,0.575594,-0.245306
2024-10-22,15.244353,0.324558,0.576226,-0.251668
2024-10-23,15.247091,0.319365,0.576853,-0.257488
2024-10-24,15.249829,0.325055,0.577473,-0.252418
2024-10-25,15.252567,0.325376,0.578088,-0.252712
2024-10-26,15.255305,0.321030,0.578697,-0.257667
2024-10-27,15.258042,0.323482,0.579301,-0.255819
2024-10-28,15.260780,0.330933,0.579899,-0.248965
2024-10-29,15.263518,0.348578,0.580491,-0.231912
2024-10-30,15.266256,0.351871,0.581077,-0.229206
2024-10-31,15.268994,0.346399,0.581658,-0.235258
2024-11-01,15.271732,0.335593,0.582232,-0.246640
2024-11-02,15.274470,0.334237,0.582801,-0.248564
2024-11-03,15.277207,0.327212,0.583364,-0.256152
2024-11-04,15.279945,0.326481,0.583921,-0.257440
2024-11-05,15.282683,0.329888,0.584473,-0.254585
2024-11-06,15.285421,0.360828,0.585018,-0.224190
2024-11-07,15.288159,0.367537,0.585558,-0.218021
2024-11-08,15.290897,0.371669,0.586092,-0.214423
2024-11-09,15.293634,0.372493,0.586620,-0.214126
2024-11-10,15.296372,0.387416,0.587142,-0.199725
2024-11-11,15.299110,0.409082,0.587658,-0.178576
2024-11-12,15.301848,0.432582,0.588168,-0.155586
2024-11-13,15.304586,0.436981,0.588672,-0.151691
2024-11-14,15.307324,0.439683,0.589170,-0.149487
2024-11-15,15.310062,0.437226,0.589662,-0.152436
2024-11-16,15.312799,0.444763,0.590148,-0.145385
2024-11-17,15.315537,0.441625,0.590628,-0.149003
2024-11-18,15.318275,0.444170,0.591103,-0.146933
2024-11-19,15.321013,0.448993,0.591571,-0.142578
2024-11-20,15.323751,0.455107,0.592033,-0.136926
2024-11-21,15.326489,0.471572,0.592489,-0.120917
2024-11-22,15.329227,0.478022,0.592939,-0.114917
2024-11-23,15.331964,0.475404,0.593383,-0.117979
2024-11-24,15.334702,0.471476,0.593821,-0.122345
2024-11-25,15.337440,0.467114,0.594253,-0.127139
2024-11-26,15.340178,0.451678,0.594679,-0.143000
2024-11-27,15.342916,0.456696,0.595098,-0.138403
2024-11-28,15.345654,0.461316,0.595512,-0.134196
2024-11-29,15.348392,0.466307,0.595919,-0.129613
2024-11-30,15.351129,0.464180,0.596321,-0.132140
2024-12-01,15.353867,0.465635,0.596716,-0.131081
2024-12-02,15.356605,0.462308,0.597105,-0.134796
2024-12-03,15.359343,0.459314,0.597488,-0.138174
2024-12-04,15.362081,0.463772,0.597864,-0.134092
2024-12-05,15.364819,0.482867,0.598235,-0.115368
2024-12-06,15.367556,0.474150,0.598599,-0.124449
2024-12-07,15.370294,0.477339,0.598957,-0.121618
2024-12-08,15.373032,0.477098,0.599309,-0.122211
2024-12-09,15.375770,0.470237,0.599655,-0.129418
2024-12-10,15.378508,0.463356,0.599994,-0.136638
2024-12-11,15.381246,0.471391,0.600328,-0.128936
2024-12-12,15.383984,0.479727,0.600655,-0.120928
2024-12-13,15.386721,0.477525,0.600975,-0.123450
2024-12-14,15.389459,0.481655,0.601290,-0.119635
2024-12-15,15.392197,0.486198,0.601598,-0.115401
2024-12-16,15.394935,0.497092,0.601900,-0.104808
2024-12-17,15.397673,0.501446,0.602196,-0.100750
2024-12-18,15.400411,0.489242,0.602486,-0.113243
2024-12-19,15.403149,0.473598,0.602769,-0.129171
2024-12-20,15.405886,0.459854,0.603046,-0.143192
2024-12-21,15.408624,0.462812,0.603316,-0.140504
2024-12-22,15.411362,0.455513,0.603581,-0.148068
2024-12-23,15.414100,0.448411,0.603839,-0.155428
2024-12-24,15.416838,0.455231,0.604090,-0.148859
2024-12-25,15.419576,0.464215,0.604336,-0.140120
2024-12-26,15.422313,0.456507,0.604575,-0.148068
2024-12-27,15.425051,0.451124,0.604807,-0.153684
2024-12-28,15.427789,0.446791,0.605034,-0.158243
2024-12-29,15.430527,0.445225,0.605254,-0.160029
2024-12-30,15.433265,0.439416,0.605467,-0.166051
2024-12-31,15.436003,0.440541,0.605675,-0.165134
2025-01-01,15.438741,0.440947,0.605876,-0.164929
2025-01-02,15.441478,0.451377,0.606070,-0.154693
2025-01-03,15.444216,0.455893,0.606259,-0.150366
2025-01-04,15.446954,0.458479,0.606440,-0.147962
2025-01-05,15.449692,0.458327,0.606616,-0.148289
2025-01-06,15.452430,0.466988,0.606785,-0.139797
2025-01-07,15.455168,0.463719,0.606948,-0.143229
2025-01-08,15.457906,0.444725,0.607104,-0.162379
2025-01-09,15.460643,0.435179,0.607254,-0.172075
2025-01-10,15.463381,0.438812,0.607398,-0.168585
2025-01-11,15.466119,0.439415,0.607535,-0.168120
2025-01-12,15.468857,0.439740,0.607665,-0.167926
2025-01-13,15.471595,0.431756,0.607790,-0.176034
2025-01-14,15.474333,0.445207,0.607908,-0.162701
2025-01-15,15.477070,0.454433,0.608019,-0.153586
2025-01-16,15.479808,0.459105,0.608124,-0.149020
2025-01-17,15.482546,0.474007,0.608223,-0.134216
2025-01-18,15.485284,0.477608,0.608315,-0.130707
2025-01-19,15.488022,0.480582,0.608401,-0.127819
2025-01-20,15.490760,0.481427,0.608481,-0.127054
2025-01-21,15.493498,0.476886,0.608554,-0.131668
2025-01-22,15.496235,0.480772,0.608620,-0.127849
2025-01-23,15.498973,0.474182,0.608680,-0.134498
2025-01-24,15.501711,0.480670,0.608734,-0.128064
2025-01-25,15.504449,0.478729,0.608782,-0.130053
2025-01-26,15.507187,0.478835,0.608822,-0.129988
2025-01-27,15.509925,0.459623,0.608857,-0.149234
2025-01-28,15.512663,0.468401,0.608885,-0.140484
2025-01-29,15.515400,0.468211,0.608906,-0.140695
2025-01-30,15.518138,0.478685,0.608922,-0.130236
2025-01-31,15.520876,0.473724,0.608930,-0.135207
2025-02-01,15.523614,0.464914,0.608933,-0.144019
2025-02-02,15.526352,0.454160,0.608928,-0.154769
2025-02-03,15.529090,0.442472,0.608918,-0.166446
2025-02-04,15.531828,0.453734,0.608901,-0.155167
2025-02-05,15.534565,0.445742,0.608877,-0.163135
2025-02-06,15.537303,0.444436,0.608848,-0.164412
2025-02-07,15.540041,0.442818,0.608811,-0.165993
2025-02-08,15.542779,0.438029,0.608769,-0.170740
2025-02-09,15.545517,0.437770,0.608719,-0.170950
2025-02-10,15.548255,0.441083,0.608664,-0.167581
2025-02-11,15.550992,0.438748,0.608602,-0.169854
2025-02-12,15.553730,0.435303,0.608533,-0.173230
2025-02-13,15.556468,0.436195,0.608458,-0.172263
2025-02-14,15.559206,0.438743,0.608377,-0.169634
2025-02-15,15.561944,0.440493,0.608289,-0.167796
2025-02-16,15.564682,0.438523,0.608195,-0.169673
2025-02-17,15.567420,0.433329,0.608095,-0.174765
2025-02-18,15.570157,0.428894,0.607988,-0.179094
2025-02-19,15.572895,0.431725,0.607874,-0.176149
2025-02-20,15.575633,0.437962,0.607755,-0.169792
2025-02-21,15.578371,0.438904,0.607628,-0.168724
2025-02-22,15.581109,0.433003,0.607496,-0.174493
2025-02-23,15.583847,0.430804,0.607357,-0.176553
2025-02-24,15.586585,0.424231,0.607211,-0.182981
2025-02-25,15.589322,0.400017,0.607060,-0.207043
2025-02-26,15.592060,0.386832,0.606901,-0.220069
2025-02-27,15.594798,0.377822,0.606737,-0.228915
2025-02-28,15.597536,0.359610,0.606566,-0.246956
2025-03-01,15.600274,0.376531,0.606389,-0.229857
2025-03-02,15.603012,0.392478,0.606205,-0.213727
2025-03-03,15.605749,0.402806,0.606015,-0.203209
2025-03-04,15.608487,0.373582,0.605818,-0.232237
2025-03-05,15.611225,0.392904,0.605616,-0.212712
2025-03-06,15.613963,0.401357,0.605407,-0.204049
2025-03-07,15.616701,0.388571,0.605191,-0.216620
2025-03-08,15.619439,0.379855,0.604969,-0.225114
2025-03-09,15.622177,0.370408,0.604741,-0.234333
2025-03-10,15.624914,0.351858,0.604507,-0.252649
2025-03-11,15.627652,0.351437,0.604266,-0.252829
2025-03-12,15.630390,0.359239,0.604019,-0.244779
2025-03-13,15.633128,0.357637,0.603765,-0.246128
2025-03-14,15.635866,0.362267,0.603505,-0.241238
2025-03-15,15.638604,0.366694,0.603239,-0.236546
2025-03-16,15.641342,0.363096,0.602967,-0.239871
2025-03-17,15.644079,0.362457,0.602688,-0.240231
2025-03-18,15.646817,0.356959,0.602403,-0.245444
2025-03-19,15.649555,0.363976,0.602112,-0.238136
2025-03-20,15.652293,0.370016,0.601814,-0.231798
2025-03-21,15.655031,0.363946,0.601511,-0.237565
2025-03-22,15.657769,0.363643,0.601201,-0.237558
2025-03-23,15.660507,0.365505,0.600884,-0.235379
2025-03-24,15.663244,0.378680,0.600562,-0.221881
2025-03-25,15.665982,0.378430,0.600233,-0.221803
2025-03-26,15.668720,0.377978,0.599898,-0.221920
2025-03-27,15.671458,0.376823,0.599557,-0.222733
2025-03-28,15.674196,0.366385,0.599209,-0.232824
2025-03-29,15.676934,0.355521,0.598856,-0.243334
2025-03-30,15.679671,0.353713,0.598496,-0.244783
2025-03-31,15.682409,0.350680,0.598130,-0.247449
2025-04-01,15.685147,0.358917,0.597757,-0.238840
2025-04-02,15.687885,0.364740,0.597379,-0.232639
2025-04-03,15.690623,0.350794,0.596995,-0.246201
2025-04-04,15.693361,0.354036,0.596604,-0.242568
2025-04-05,15.696099,0.352647,0.596207,-0.243560
2025-04-06,15.698836,0.342883,0.595804,-0.252921
2025-04-07,15.701574,0.322860,0.595395,-0.272534
2025-04-08,15.704312,0.328250,0.594980,-0.266730
2025-04-09,15.707050,0.326483,0.594558,-0.268075
2025-04-10,15.709788,0.339578,0.594131,-0.254553
2025-04-11,15.712526,0.344168,0.593697,-0.249530
2025-04-12,15.715264,0.354722,0.593258,-0.238536
2025-04-13,15.718001,0.356134,0.592812,-0.236678
2025-04-14,15.720739,0.356756,0.592361,-0.235605
2025-04-15,15.723477,0.359272,0.591903,-0.232631
2025-04-16,15.726215,0.353207,0.591439,-0.238232
2025-04-17,15.728953,0.355426,0.590969,-0.235543
2025-04-18,15.731691,0.355130,0.590493,-0.235364
2025-04-19,15.734428,0.357018,0.590012,-0.232994
2025-04-20,15.737166,0.355362,0.589524,-0.234162
2025-04-21,15.739904,0.366946,0.589030,-0.222084
2025-04-22,15.742642,0.379052,0.588530,-0.209478
2025-04-23,15.745380,0.397079,0.588025,-0.190946
2025-04-24,15.748118,0.394038,0.587513,-0.193475
2025-04-25,15.750856,0.399261,0.586995,-0.187734
2025-04-26,15.753593,0.400277,0.586472,-0.186195
2025-04-27,15.756331,0.398436,0.585943,-0.187506
2025-04-28,15.759069,0.398830,0.585407,-0.186578
2025-04-29,15.761807,0.400797,0.584866,-0.184069
2025-04-30,15.764545,0.398863,0.584319,-0.185456
2025-05-01,15.767283,0.404492,0.583766,-0.179274
2025-05-02,15.770021,0.408774,0.583207,-0.174434
2025-05-03,15.772758,0.406056,0.582643,-0.176587
2025-05-04,15.775496,0.402819,0.582072,-0.179254
2025-05-05,15.778234,0.396698,0.581496,-0.184798
2025-05-06,15.780972,0.396912,0.580914,-0.184002
2025-05-07,15.783710,0.406266,0.580327,-0.174061
2025-05-08,15.786448,0.419760,0.579733,-0.159973
2025-05-09,15.789185,0.432615,0.579134,-0.146518
2025-05-10,15.791923,0.433734,0.578529,-0.144795
2025-05-11,15.794661,0.436180,0.577918,-0.141738
2025-05-12,15.797399,0.431593,0.577302,-0.145708
2025-05-13,15.800137,0.431867,0.576680,-0.144813
2025-05-14,15.802875,0.432565,0.576052,-0.143486
2025-05-15,15.805613,0.429365,0.575418,-0.146054
2025-05-16,15.808350,0.433139,0.574779,-0.141640
2025-05-17,15.811088,0.430383,0.574134,-0.143752
2025-05-18,15.813826,0.433639,0.573484,-0.139845
2025-05-19,15.816564,0.433158,0.572828,-0.139670
2025-05-20,15.819302,0.438681,0.572167,-0.133486
2025-05-21,15.822040,0.446017,0.571500,-0.125482
2025-05-22,15.824778,0.458116,0.570827,-0.112711
2025-05-23,15.827515,0.454129,0.570149,-0.116020
2025-05-24,15.830253,0.449231,0.569465,-0.120234
2025-05-25,15.832991,0.445661,0.568776,-0.123115
2025-05-26,15.835729,0.452338,0.568081,-0.115743
2025-05-27,15.838467,0.451802,0.567381,-0.115579
2025-05-28,15.841205,0.447045,0.566675,-0.119630
2025-05-29,15.843943,0.442136,0.565964,-0.123828
2025-05-30,15.846680,0.434301,0.565248,-0.130947
2025-05-31,15.849418,0.428868,0.564526,-0.135658
2025-06-01,15.852156,0.430594,0.563798,-0.133204
2025-06-02,15.854894,0.430766,0.563066,-0.132300
2025-06-03,15.857632,0.434460,0.562327,-0.127868
2025-06-04,15.860370,0.432234,0.561584,-0.129351
2025-06-05,15.863107,0.426169,0.560835,-0.134666
2025-06-06,15.865845,0.424815,0.560081,-0.135266
2025-06-07,15.868583,0.431094,0.559322,-0.128228
2025-06-08,15.871321,0.432434,0.558557,-0.126124
2025-06-09,15.874059,0.439700,0.557788,-0.118087
2025-06-10,15.876797,0.445523,0.557013,-0.111490
2025-06-11,15.879535,0.445338,0.556232,-0.110894
2025-06-12,15.882272,0.436496,0.555447,-0.118951
2025-06-13,15.885010,0.426286,0.554656,-0.128370
2025-06-14,15.887748,0.427211,0.553860,-0.126650
2025-06-15,15.890486,0.427747,0.553059,-0.125313
2025-06-16,15.893224,0.434474,0.552253,-0.117779
2025-06-17,15.895962,0.429308,0.551442,-0.122134
2025-06-18,15.898700,0.424771,0.550626,-0.125855
2025-06-19,15.901437,0.423852,0.549804,-0.125952
2025-06-20,15.904175,0.423832,0.548978,-0.125146
2025-06-21,15.906913,0.416367,0.548147,-0.131780
2025-06-22,15.909651,0.407994,0.547310,-0.139316
2025-06-23,15.912389,0.411068,0.546469,-0.135401
2025-06-24,15.915127,0.425335,0.545622,-0.120287
2025-06-25,15.917864,0.430726,0.544771,-0.114045
2025-06-26,15.920602,0.432227,0.543915,-0.111688
2025-06-27,15.923340,0.431217,0.543054,-0.111836
2025-06-28,15.926078,0.431803,0.542188,-0.110384
2025-06-29,15.928816,0.432928,0.541317,-0.108389
2025-06-30,15.931554,0.432518,0.540441,-0.107923
2025-07-01,15.934292,0.427002,0.539560,-0.112558
2025-07-02,15.937029,0.431685,0.538675,-0.106990
2025-07-03,15.939767,0.438002,0.537785,-0.099783
2025-07-04,15.942505,0.434288,0.536890,-0.102602
2025-07-05,15.945243,0.432654,0.535990,-0.103336
2025-07-06,15.947981,0.433780,0.535086,-0.101305
2025-07-07,15.950719,0.432900,0.534176,-0.101277
2025-07-08,15.953457,0.432673,0.533263,-0.100590
2025-07-09,15.956194,0.435393,0.532344,-0.096951
2025-07-10,15.958932,0.445066,0.531421,-0.086355
2025-07-11,15.961670,0.464226,0.530493,-0.066267
2025-07-12,15.964408,0.464426,0.529561,-0.065135
2025-07-13,15.967146,0.466243,0.528624,-0.062381
2025-07-14,15.969884,0.475528,0.527683,-0.052154
2025-07-15,15.972621,0.462969,0.526737,-0.063768
2025-07-16,15.975359,0.466761,0.525786,-0.059025
2025-07-17,15.978097,0.466814,0.524831,-0.058017
2025-07-18,15.980835,0.467224,0.523872,-0.056648
2025-07-19,15.983573,0.464099,0.522908,-0.058808
2025-07-20,15.986311,0.463190,0.521940,-0.058749
2025-07-21,15.989049,0.462909,0.520967,-0.058058
2025-07-22,15.991786,0.464061,0.519990,-0.055929
2025-07-23,15.994524,0.463766,0.519008,-0.055243
2025-07-24,15.997262,0.464184,0.518023,-0.053839
2025-07-25,16.000000,0.455427,0.517033,-0.061606
2025-07-26,16.002738,0.460086,0.516038,-0.055953
2025-07-27,16.005476,0.462264,0.515040,-0.052776
2025-07-28,16.008214,0.462352,0.514037,-0.051685
2025-07-29,16.010951,0.460633,0.513030,-0.052397
2025-07-30,16.013689,0.458875,0.512019,-0.053144
2025-07-31,16.016427,0.459028,0.511004,-0.051976
2025-08-01,16.019165,0.447605,0.509984,-0.062379
2025-08-02,16.021903,0.441609,0.508960,-0.067352
2025-08-03,16.024641,0.442176,0.507933,-0.065756
2025-08-04,16.027379,0.445275,0.506901,-0.061626
2025-08-05,16.030116,0.442580,0.505865,-0.063286
2025-08-06,16.032854,0.443440,0.504825,-0.061385
2025-08-07,16.035592,0.448395,0.503781,-0.055386
2025-08-08,16.038330,0.450784,0.502734,-0.051949
2025-08-09,16.041068,0.450704,0.501682,-0.050978
2025-08-10,16.043806,0.455552,0.500626,-0.045074
2025-08-11,16.046543,0.463463,0.499567,-0.036104
2025-08-12,16.049281,0.458700,0.498503,-0.039803
2025-08-13,16.052019,0.463765,0.497436,-0.033671
2025-08-14,16.054757,0.462392,0.496365,-0.033973
2025-08-15,16.057495,0.454727,0.495290,-0.040563
2025-08-16,16.060233,0.452393,0.494211,-0.041818
2025-08-17,16.062971,0.453035,0.493129,-0.040094
2025-08-18,16.065708,0.444926,0.492043,-0.047117
2025-08-19,16.068446,0.439884,0.490953,-0.051069
2025-08-20,16.071184,0.435636,0.489860,-0.054224
2025-08-21,16.073922,0.433776,0.488763,-0.054987
2025-08-22,16.076660,0.437402,0.487662,-0.050260
2025-08-23,16.079398,0.440759,0.486557,-0.045798
2025-08-24,16.082136,0.436478,0.485450,-0.048971
2025-08-25,16.084873,0.427353,0.484338,-0.056985
2025-08-26,16.087611,0.419305,0.483223,-0.063918
2025-08-27,16.090349,0.423554,0.482105,-0.058550
2025-08-28,16.093087,0.427077,0.480983,-0.053906
2025-08-29,16.095825,0.416287,0.479857,-0.063571
2025-08-30,16.098563,0.411596,0.478729,-0.067132
2025-08-31,16.101300,0.412686,0.477597,-0.064910
2025-09-01,16.104038,0.411569,0.476461,-0.064892
2025-09-02,16.106776,0.418022,0.475322,-0.057300
2025-09-03,16.109514,0.422130,0.474180,-0.052050
2025-09-04,16.112252,0.418770,0.473035,-0.054265
2025-09-05,16.114990,0.421483,0.471886,-0.050403
2025-09-06,16.117728,0.417804,0.470734,-0.052930
2025-09-07,16.120465,0.418646,0.469579,-0.050933
2025-09-08,16.123203,0.421288,0.468421,-0.047133
2025-09-09,16.125941,0.421276,0.467260,-0.045984
2025-09-10,16.128679,0.423896,0.466095,-0.042199
2025-09-11,16.131417,0.428815,0.464928,-0.036113
2025-09-12,16.134155,0.433223,0.463757,-0.030534
2025-09-13,16.136893,0.434077,0.462583,-0.028506
2025-09-14,16.139630,0.433548,0.461407,-0.027859
2025-09-15,16.142368,0.432143,0.460227,-0.028083
2025-09-16,16.145106,0.433733,0.459044,-0.025311
2025-09-17,16.147844,0.435415,0.457859,-0.022444
2025-09-18,16.150582,0.437994,0.456670,-0.018676
2025-09-19,16.153320,0.434719,0.455479,-0.020761
2025-09-20,16.156057,0.432381,0.454285,-0.021904
2025-09-21,16.158795,0.431354,0.453088,-0.021734
2025-09-22,16.161533,0.421826,0.451888,-0.030063
2025-09-23,16.164271,0.418859,0.450686,-0.031827
2025-09-24,16.167009,0.419772,0.449481,-0.029708
2025-09-25,16.169747,0.412994,0.448273,-0.035279
2025-09-26,16.172485,0.405523,0.447062,-0.041540
2025-09-27,16.175222,0.405714,0.445849,-0.040135
2025-09-28,16.177960,0.407031,0.444633,-0.037602
2025-09-29,16.180698,0.417678,0.443415,-0.025737
2025-09-30,16.183436,0.420397,0.442194,-0.021797
2025-10-01,16.186174,0.428859,0.440970,-0.012111
2025-10-02,16.188912,0.440104,0.439744,0.000360
2025-10-03,16.191650,0.445822,0.438516,0.007306
2025-10-04,16.194387,0.449575,0.437285,0.012290
2025-10-05,16.197125,0.453875,0.436052,0.017823
2025-10-06,16.199863,0.456616,0.434816,0.021800
2025-10-07,16.202601,0.452512,0.433578,0.018934
2025-10-08,16.205339,0.449475,0.432338,0.017137
2025-10-09,16.208077,0.446750,0.431095,0.015655
2025-10-10,16.210815,0.438168,0.429850,0.008318
2025-10-11,16.213552,0.409258,0.428603,-0.019345
2025-10-12,16.216290,0.411322,0.427354,-0.016031
2025-10-13,16.219028,0.420735,0.426102,-0.005367
2025-10-14,16.221766,0.411286,0.424848,-0.013562
2025-10-15,16.224504,0.408323,0.423592,-0.015269
2025-10-16,16.227242,0.401180,0.422334,-0.021154
2025-10-17,16.229979,0.387662,0.421075,-0.033413
2025-10-18,16.232717,0.387471,0.419812,-0.032342
2025-10-19,16.235455,0.391016,0.418548,-0.027532
2025-10-20,16.238193,0.401352,0.417282,-0.015931
2025-10-21,16.240931,0.397596,0.416015,-0.018418
2025-10-22,16.243669,0.390868,0.414745,-0.023876
2025-10-23,16.246407,0.395682,0.413473,-0.017791
2025-10-24,16.249144,0.400470,0.412199,-0.011729
2025-10-25,16.251882,0.402533,0.410924,-0.008391
2025-10-26,16.254620,0.406845,0.409647,-0.002801
2025-10-27,16.257358,0.415294,0.408368,0.006926
2025-10-28,16.260096,0.412025,0.407087,0.004938
2025-10-29,16.262834,0.404768,0.405805,-0.001036
2025-10-30,16.265572,0.391868,0.404520,-0.012652
2025-10-31,16.268309,0.393586,0.403235,-0.009649
2025-11-01,16.271047,0.395037,0.401947,-0.006910
2025-11-02,16.273785,0.395684,0.400658,-0.004974
2025-11-03,16.276523,0.384675,0.399368,-0.014692
2025-11-04,16.279261,0.368902,0.398076,-0.029174
2025-11-05,16.281999,0.363301,0.396782,-0.033481
2025-11-06,16.284736,0.363761,0.395487,-0.031727
2025-11-07,16.287474,0.358750,0.394191,-0.035441
2025-11-08,16.290212,0.360333,0.392893,-0.032560
2025-11-09,16.292950,0.362184,0.391594,-0.029410
2025-11-10,16.295688,0.374189,0.390293,-0.016104
2025-11-11,16.298426,0.369452,0.388991,-0.019540
2025-11-12,16.301164,0.362921,0.387688,-0.024768
2025-11-13,16.303901,0.356096,0.386384,-0.030288
2025-11-14,16.306639,0.336586,0.385078,-0.048493
2025-11-15,16.309377,0.331734,0.383772,-0.052037
2025-11-16,16.312115,0.328975,0.382464,-0.053489
2025-11-17,16.314853,0.325128,0.381155,-0.056026
2025-11-18,16.317591,0.314504,0.379844,-0.065340
2025-11-19,16.320329,0.311144,0.378533,-0.067389
2025-11-20,16.323066,0.305737,0.377221,-0.071484
2025-11-21,16.325804,0.277447,0.375907,-0.098460
2025-11-22,16.328542,0.275675,0.374593,-0.098919
2025-11-23,16.331280,0.284769,0.373278,-0.088509
2025-11-24,16.334018,0.287431,0.371962,-0.084531
2025-11-25,16.336756,0.288716,0.370645,-0.081929
2025-11-26,16.339493,0.291478,0.369327,-0.077849
2025-11-27,16.342231,0.305784,0.368008,-0.062224
2025-11-28,16.344969,0.307019,0.366689,-0.059669
2025-11-29,16.347707,0.304643,0.365368,-0.060726
2025-11-30,16.350445,0.305700,0.364048,-0.058347
2025-12-01,16.353183,0.281670,0.362726,-0.081056
2025-12-02,16.355921,0.292688,0.361403,-0.068716
2025-12-03,16.358658,0.310349,0.360081,-0.049732
2025-12-04,16.361396,0.310705,0.358757,-0.048052
2025-12-05,16.364134,0.302060,0.357433,-0.055373
2025-12-06,16.366872,0.294658,0.356108,-0.061450
2025-12-07,16.369610,0.295367,0.354783,-0.059416
2025-12-08,16.372348,0.299216,0.353457,-0.054241
2025-12-09,16.375086,0.299890,0.352131,-0.052241
2025-12-10,16.377823,0.304590,0.350804,-0.046215
2025-12-11,16.380561,0.295855,0.349477,-0.053622
2025-12-12,16.383299,0.299816,0.348150,-0.048334
2025-12-13,16.386037,0.293503,0.346823,-0.053320
2025-12-14,16.388775,0.289397,0.345495,-0.056098
2025-12-15,16.391513,0.282620,0.344166,-0.061547
2025-12-16,16.394251,0.275308,0.342838,-0.067530
2025-12-17,16.396988,0.275192,0.341509,-0.066317
2025-12-18,16.399726,0.273658,0.340181,-0.066522
2025-12-19,16.402464,0.277116,0.338852,-0.061736
2025-12-20,16.405202,0.280202,0.337523,-0.057321
2025-12-21,16.407940,0.280103,0.336193,-0.056091
2025-12-22,16.410678,0.283924,0.334864,-0.050940
2025-12-23,16.413415,0.276985,0.333535,-0.056550
2025-12-24,16.416153,0.273659,0.332206,-0.058546
2025-12-25,16.418891,0.275592,0.330877,-0.055285
2025-12-26,16.421629,0.276903,0.329548,-0.052644
2025-12-27,16.424367,0.273436,0.328219,-0.054783
2025-12-28,16.427105,0.274249,0.326890,-0.052641
2025-12-29,16.429843,0.276412,0.325561,-0.049149
2025-12-30,16.432580,0.274301,0.324233,-0.049931
2025-12-31,16.435318,0.275822,0.322905,-0.047082
2026-01-01,16.438056,0.273698,0.321577,-0.047879
2026-01-02,16.440794,0.280327,0.320249,-0.039922
2026-01-03,16.443532,0.283295,0.318922,-0.035627
2026-01-04,16.446270,0.288922,0.317595,-0.028673
2026-01-05,16.449008,0.297557,0.316268,-0.018712
2026-01-06,16.451745,0.297963,0.314942,-0.016979
2026-01-07,16.454483,0.291154,0.313616,-0.022462
2026-01-08,16.457221,0.284644,0.312291,-0.027647
2026-01-09,16.459959,0.284476,0.310966,-0.026491
2026-01-10,16.462697,0.283369,0.309642,-0.026273
2026-01-11,16.465435,0.283225,0.308319,-0.025094
2026-01-12,16.468172,0.286170,0.306996,-0.020826
2026-01-13,16.470910,0.291637,0.305673,-0.014036
2026-01-14,16.473648,0.306635,0.304352,0.002283
2026-01-15,16.476386,0.308177,0.303031,0.005147
2026-01-16,16.479124,0.303774,0.301711,0.002063
2026-01-17,16.481862,0.302898,0.300391,0.002507
2026-01-18,16.484600,0.301816,0.299072,0.002744
2026-01-19,16.487337,0.290595,0.297754,-0.007159
2026-01-20,16.490075,0.280564,0.296437,-0.015874
2026-01-21,16.492813,0.272902,0.295121,-0.022220
2026-01-22,16.495551,0.274481,0.293806,-0.019325
2026-01-23,16.498289,0.273416,0.292492,-0.019076
2026-01-24,16.501027,0.272165,0.291179,-0.019013
2026-01-25,16.503765,0.265496,0.289866,-0.024370
2026-01-26,16.506502,0.263161,0.288555,-0.025394
2026-01-27,16.509240,0.265613,0.287245,-0.021632
2026-01-28,16.511978,0.270085,0.285936,-0.015851
2026-01-29,16.514716,0.256975,0.284628,-0.027653
2026-01-30,16.517454,0.237566,0.283321,-0.045755
2026-01-31,16.520192,0.230317,0.282015,-0.051698
2026-02-01,16.522930,0.209168,0.280711,-0.071543
2026-02-02,16.525667,0.207016,0.279408,-0.072392
2026-02-03,16.528405,0.205795,0.278106,-0.072311
2026-02-04,16.531143,0.191820,0.276805,-0.084985
2026-02-05,16.533881,0.154555,0.275506,-0.120951
2026-02-06,16.536619,0.142503,0.274208,-0.131705
2026-02-07,16.539357,0.156447,0.272912,-0.116465
2026-02-08,16.542094,0.161859,0.271617,-0.109758
2026-02-09,16.544832,0.161254,0.270323,-0.109070
2026-02-10,16.547570,0.150398,0.269031,-0.118633
2026-02-11,16.550308,0.141921,0.267741,-0.125820
2026-02-12,16.553046,0.134112,0.266452,-0.132340
2026-02-13,16.555784,0.150997,0.265165,-0.114167
2026-02-14,16.558522,0.156848,0.263879,-0.107031
2026-02-15,16.561259,0.150214,0.262595,-0.112381
2026-02-16,16.563997,0.147736,0.261312,-0.113577
2026-02-17,16.566735,0.140487,0.260032,-0.119545
2026-02-18,16.569473,0.132880,0.258753,-0.125873
2026-02-19,16.572211,0.135901,0.257475,-0.121575
2026-02-20,16.574949,0.142786,0.256200,-0.113414
2026-02-21,16.577687,0.141838,0.254926,-0.113088
2026-02-22,16.580424,0.139567,0.253655,-0.114087
2026-02-23,16.583162,0.119941,0.252385,-0.132444
2026-02-24,16.585900,0.115491,0.251117,-0.135625
2026-02-25,16.588638,0.143492,0.249851,-0.106359
2026-02-26,16.591376,0.137492,0.248587,-0.111095
2026-02-27,16.594114,0.124425,0.247325,-0.122899
2026-02-28,16.596851,0.134347,0.246065,-0.111718
2026-03-01,16.599589,0.121129,0.244807,-0.123678
2026-03-02,16.602327,0.147622,0.243551,-0.095929
2026-03-03,16.605065,0.140169,0.242297,-0.102128
2026-03-04,16.607803,0.167254,0.241046,-0.073791
2026-03-05,16.610541,0.157917,0.239796,-0.081879
2026-03-06,16.613279,0.140009,0.238549,-0.098541
2026-03-07,16.616016,0.132188,0.237304,-0.105117
2026-03-08,16.618754,0.125278,0.236062,-0.110783
2026-03-09,16.621492,0.140383,0.234821,-0.094438
2026-03-10,16.624230,0.146680,0.233583,-0.086903
2026-03-11,16.626968,0.150605,0.232347,-0.081743
2026-03-12,16.629706,0.148812,0.231114,-0.082302
2026-03-13,16.632444,0.152299,0.229883,-0.077584
2026-03-14,16.635181,0.151501,0.228655,-0.077154
2026-03-15,16.637919,0.163601,0.227429,-0.063828
2026-03-16,16.640657,0.174625,0.226205,-0.051581
2026-03-17,16.643395,0.171902,0.224984,-0.053082
2026-03-18,16.646133,0.152563,0.223766,-0.071203
2026-03-19,16.648871,0.146117,0.222550,-0.076433
2026-03-20,16.651608,0.149656,0.221337,-0.071681
2026-03-21,16.654346,0.146280,0.220126,-0.073846
2026-03-22,16.657084,0.133408,0.218918,-0.085511
2026-03-23,16.659822,0.148393,0.217713,-0.069320
2026-03-24,16.662560,0.145401,0.216511,-0.071110
2026-03-25,16.665298,0.151262,0.215311,-0.064049
2026-03-26,16.668036,0.135299,0.214114,-0.078815
2026-03-27,16.670773,0.116604,0.212920,-0.096316
