date,years,log_price,fit,residual
2010-07-26,1.002053,-1.278528,2.285972,-3.564500
2010-07-27,1.004791,-1.233629,2.276715,-3.510344
2010-07-28,1.007529,-1.238730,2.267464,-3.506194
2010-07-29,1.010267,-1.211237,2.258217,-3.469455
2010-07-30,1.013005,-1.185380,2.248977,-3.434356
2010-07-31,1.015743,-1.207071,2.239741,-3.446812
2010-08-01,1.018480,-1.217169,2.230512,-3.447681
2010-08-02,1.021218,-1.211094,2.221288,-3.432382
2010-08-03,1.023956,-1.212316,2.212071,-3.424387
2010-08-04,1.026694,-1.216520,2.202859,-3.419379
2010-08-05,1.029432,-1.221358,2.193654,-3.415011
2010-08-06,1.032170,-1.207637,2.184455,-3.392092
2010-08-07,1.034908,-1.217835,2.175262,-3.393097
2010-08-08,1.037645,-1.220965,2.166076,-3.387041
2010-08-09,1.040383,-1.187341,2.156897,-3.344238
2010-08-10,1.043121,-1.159271,2.147724,-3.306996
2010-08-11,1.045859,-1.160747,2.138559,-3.299306
2010-08-12,1.048597,-1.171832,2.129401,-3.301232
2010-08-13,1.051335,-1.183398,2.120249,-3.303647
2010-08-14,1.054073,-1.177051,2.111105,-3.288156
2010-08-15,1.056810,-1.182428,2.101969,-3.284397
2010-08-16,1.059548,-1.185669,2.092840,-3.278509
2010-08-17,1.062286,-1.175784,2.083719,-3.259503
2010-08-18,1.065024,-1.158991,2.074605,-3.233597
2010-08-19,1.067762,-1.171421,2.065500,-3.236920
2010-08-20,1.070500,-1.180973,2.056402,-3.237375
2010-08-21,1.073238,-1.183650,2.047313,-3.230963
2010-08-22,1.075975,-1.197194,2.038232,-3.235426
2010-08-23,1.078713,-1.187442,2.029159,-3.216601
2010-08-24,1.081451,-1.182483,2.020094,-3.202577
2010-08-25,1.084189,-1.184958,2.011039,-3.195997
2010-08-26,1.086927,-1.189348,2.001992,-3.191339
2010-08-27,1.089665,-1.191219,1.992954,-3.184173
2010-08-28,1.092402,-1.188988,1.983925,-3.172913
2010-08-29,1.095140,-1.191152,1.974905,-3.166056
2010-08-30,1.097878,-1.200438,1.965894,-3.166332
2010-08-31,1.100616,-1.200739,1.956892,-3.157632
2010-09-01,1.103354,-1.215213,1.947900,-3.163113
2010-09-02,1.106092,-1.214085,1.938918,-3.153003
2010-09-03,1.108830,-1.209304,1.929945,-3.139249
2010-09-04,1.111567,-1.211369,1.920982,-3.132351
2010-09-05,1.114305,-1.207474,1.912029,-3.119502
2010-09-06,1.117043,-1.209012,1.903086,-3.112097
2010-09-07,1.119781,-1.212144,1.894153,-3.106297
2010-09-08,1.122519,-1.213491,1.885230,-3.098721
2010-09-09,1.125257,-1.211313,1.876318,-3.087630
2010-09-10,1.127995,-1.215987,1.867416,-3.083402
2010-09-11,1.130732,-1.202623,1.858524,-3.061147
2010-09-12,1.133470,-1.209414,1.849644,-3.059058
2010-09-13,1.136208,-1.209034,1.840774,-3.049808
2010-09-14,1.138946,-1.191767,1.831915,-3.023682
2010-09-15,1.141684,-1.213571,1.823068,-3.036639
2010-09-16,1.144422,-1.208660,1.814231,-3.022891
2010-09-17,1.147159,-1.217977,1.805406,-3.023383
2010-09-18,1.149897,-1.219414,1.796592,-3.016006
2010-09-19,1.152635,-1.208259,1.787790,-2.996048
2010-09-20,1.155373,-1.204147,1.778999,-2.983146
2010-09-21,1.158111,-1.201750,1.770220,-2.971970
2010-09-22,1.160849,-1.206733,1.761453,-2.968186
2010-09-23,1.163587,-1.205760,1.752698,-2.958458
2010-09-24,1.166324,-1.206157,1.743955,-2.950112
2010-09-25,1.169062,-1.207484,1.735224,-2.942708
2010-09-26,1.171800,-1.207061,1.726505,-2.933566
2010-09-27,1.174538,-1.206936,1.717799,-2.924734
2010-09-28,1.177276,-1.207992,1.709105,-2.917097
2010-09-29,1.180014,-1.208729,1.700424,-2.909153
2010-09-30,1.182752,-1.209409,1.691756,-2.901165
2010-10-01,1.185489,-1.207961,1.683101,-2.891062
2010-10-02,1.188227,-1.211439,1.674458,-2.885897
2010-10-03,1.190965,-1.212779,1.665829,-2.878608
2010-10-04,1.193703,-1.213476,1.657213,-2.870689
2010-10-05,1.196441,-1.210946,1.648610,-2.859556
2010-10-06,1.199179,-1.202226,1.640020,-2.842246
2010-10-07,1.201916,-1.194385,1.631444,-2.825829
2010-10-08,1.204654,-1.115735,1.622882,-2.738617
2010-10-09,1.207392,-1.071133,1.614333,-2.685466
2010-10-10,1.210130,-1.015202,1.605798,-2.621000
2010-10-11,1.212868,-1.021103,1.597278,-2.618380
2010-10-12,1.215606,-1.037793,1.588771,-2.626563
2010-10-13,1.218344,-1.018841,1.580278,-2.599119
2010-10-14,1.221081,-1.000279,1.571800,-2.572079
2010-10-15,1.223819,-0.993163,1.563336,-2.556499
2010-10-16,1.226557,-0.993069,1.554887,-2.547955
2010-10-17,1.229295,-0.989041,1.546452,-2.535492
2010-10-18,1.232033,-0.992773,1.538031,-2.530805
2010-10-19,1.234771,-0.999862,1.529626,-2.529489
2010-10-20,1.237509,-1.010322,1.521236,-2.531557
2010-10-21,1.240246,-0.994721,1.512860,-2.507581
2010-10-22,1.242984,-0.979580,1.504500,-2.484080
2010-10-23,1.245722,-0.965508,1.496155,-2.461663
2010-10-24,1.248460,-0.910642,1.487825,-2.398467
2010-10-25,1.251198,-0.886863,1.479510,-2.366374
2010-10-26,1.253936,-0.808071,1.471212,-2.279282
2010-10-27,1.256674,-0.757457,1.462928,-2.220385
2010-10-28,1.259411,-0.733685,1.454661,-2.188346
2010-10-29,1.262149,-0.734592,1.446409,-2.181002
2010-10-30,1.264887,-0.720532,1.438174,-2.158705
2010-10-31,1.267625,-0.711130,1.429954,-2.141084
2010-11-01,1.270363,-0.719273,1.421751,-2.141024
2010-11-02,1.273101,-0.714906,1.413563,-2.128469
2010-11-03,1.275838,-0.739622,1.405392,-2.145014
2010-11-04,1.278576,-0.679845,1.397238,-2.077083
2010-11-05,1.281314,-0.628168,1.389100,-2.017268
2010-11-06,1.284052,-0.563113,1.380979,-1.944092
2010-11-07,1.286790,-0.442628,1.372874,-1.815503
2010-11-08,1.289528,-0.496265,1.364787,-1.861051
2010-11-09,1.292266,-0.586564,1.356716,-1.943280
2010-11-10,1.295003,-0.699427,1.348663,-2.048090
2010-11-11,1.297741,-0.645351,1.340626,-1.985977
2010-11-12,1.300479,-0.608745,1.332607,-1.941352
2010-11-13,1.303217,-0.554732,1.324605,-1.879337
2010-11-14,1.305955,-0.554094,1.316621,-1.870715
2010-11-15,1.308693,-0.556150,1.308654,-1.864804
2010-11-16,1.311431,-0.596388,1.300704,-1.897092
2010-11-17,1.314168,-0.601679,1.292773,-1.894452
2010-11-18,1.316906,-0.597351,1.284859,-1.882211
2010-11-19,1.319644,-0.565738,1.276964,-1.842701
2010-11-20,1.322382,-0.556570,1.269086,-1.825655
2010-11-21,1.325120,-0.556910,1.261226,-1.818136
2010-11-22,1.327858,-0.554676,1.253385,-1.808060
2010-11-23,1.330595,-0.549868,1.245562,-1.795429
2010-11-24,1.333333,-0.551416,1.237757,-1.789173
2010-11-25,1.336071,-0.551753,1.229971,-1.781723
2010-11-26,1.338809,-0.550418,1.222203,-1.772621
2010-11-27,1.341547,-0.548186,1.214454,-1.762640
2010-11-28,1.344285,-0.555014,1.206724,-1.761738
2010-11-29,1.347023,-0.590030,1.199013,-1.789042
2010-11-30,1.349760,-0.666334,1.191320,-1.857654
2010-12-01,1.352498,-0.660641,1.183647,-1.844288
2010-12-02,1.355236,-0.626631,1.175993,-1.802624
2010-12-03,1.357974,-0.606358,1.168358,-1.774716
2010-12-04,1.360712,-0.618736,1.160743,-1.779478
2010-12-05,1.363450,-0.673862,1.153146,-1.827008
2010-12-06,1.366188,-0.701384,1.145570,-1.846953
2010-12-07,1.368925,-0.679729,1.138013,-1.817742
2010-12-08,1.371663,-0.636699,1.130475,-1.767174
2010-12-09,1.374401,-0.687372,1.122958,-1.810329
2010-12-10,1.377139,-0.712905,1.115460,-1.828365
2010-12-11,1.379877,-0.657400,1.107982,-1.765382
2010-12-12,1.382615,-0.663615,1.100524,-1.764140
2010-12-13,1.385352,-0.656776,1.093086,-1.749862
2010-12-14,1.388090,-0.641198,1.085669,-1.726867
2010-12-15,1.390828,-0.616765,1.078272,-1.695037
2010-12-16,1.393566,-0.620815,1.070895,-1.691710
2010-12-17,1.396304,-0.609506,1.063539,-1.673045
2010-12-18,1.399042,-0.607638,1.056203,-1.663841
2010-12-19,1.401780,-0.610940,1.048888,-1.659828
2010-12-20,1.404517,-0.592892,1.041593,-1.634486
2010-12-21,1.407255,-0.588085,1.034320,-1.622404
2010-12-22,1.409993,-0.604965,1.027067,-1.632032
2010-12-23,1.412731,-0.604911,1.019835,-1.624746
2010-12-24,1.415469,-0.603746,1.012624,-1.616371
2010-12-25,1.418207,-0.603764,1.005435,-1.609199
2010-12-26,1.420945,-0.592912,0.998266,-1.591178
2010-12-27,1.423682,-0.589031,0.991119,-1.580150
2010-12-28,1.426420,-0.568657,0.983994,-1.552651
2010-12-29,1.429158,-0.537903,0.976889,-1.514792
2010-12-30,1.431896,-0.529810,0.969807,-1.499617
2010-12-31,1.434634,-0.527213,0.962746,-1.489958
2011-01-01,1.437372,-0.527540,0.955706,-1.483246
2011-01-02,1.440110,-0.527472,0.948689,-1.476160
2011-01-03,1.442847,-0.532365,0.941693,-1.474058
2011-01-04,1.445585,-0.530311,0.934719,-1.465030
2011-01-05,1.448323,-0.529230,0.927767,-1.456997
2011-01-06,1.451061,-0.527106,0.920837,-1.447944
2011-01-07,1.453799,-0.504064,0.913930,-1.417994
2011-01-08,1.456537,-0.501283,0.907045,-1.408328
2011-01-09,1.459274,-0.490867,0.900182,-1.391048
2011-01-10,1.462012,-0.486967,0.893341,-1.380308
2011-01-11,1.464750,-0.486847,0.886523,-1.373370
2011-01-12,1.467488,-0.478041,0.879727,-1.357768
2011-01-13,1.470226,-0.434749,0.872954,-1.307703
2011-01-14,1.472964,-0.426801,0.866204,-1.293005
2011-01-15,1.475702,-0.406863,0.859477,-1.266340
2011-01-16,1.478439,-0.404858,0.852772,-1.257630
2011-01-17,1.481177,-0.421286,0.846090,-1.267376
2011-01-18,1.483915,-0.475983,0.839432,-1.315414
2011-01-19,1.486653,-0.506868,0.832796,-1.339664
2011-01-20,1.489391,-0.466463,0.826183,-1.292647
2011-01-21,1.492129,-0.406611,0.819594,-1.226205
2011-01-22,1.494867,-0.376293,0.813028,-1.189320
2011-01-23,1.497604,-0.359441,0.806485,-1.165926
2011-01-24,1.500342,-0.387003,0.799966,-1.186968
2011-01-25,1.503080,-0.380584,0.793470,-1.174054
2011-01-26,1.505818,-0.387259,0.786998,-1.174257
2011-01-27,1.508556,-0.382128,0.780549,-1.162677
2011-01-28,1.511294,-0.364790,0.774124,-1.138914
2011-01-29,1.514031,-0.355510,0.767723,-1.123233
2011-01-30,1.516769,-0.334271,0.761345,-1.095617
2011-01-31,1.519507,-0.299161,0.754992,-1.054153
2011-02-01,1.522245,-0.169803,0.748662,-0.918466
2011-02-02,1.524983,-0.138724,0.742357,-0.881081
2011-02-03,1.527721,-0.146581,0.736075,-0.882657
2011-02-04,1.530459,-0.112253,0.729818,-0.842071
2011-02-05,1.533196,-0.057369,0.723585,-0.780953
2011-02-06,1.535934,-0.048091,0.717376,-0.765467
2011-02-07,1.538672,-0.059122,0.711192,-0.770313
2011-02-08,1.541410,-0.048685,0.705031,-0.753716
2011-02-09,1.544148,-0.031556,0.698896,-0.730452
2011-02-10,1.546886,0.014273,0.692785,-0.678512
2011-02-11,1.549624,-0.008160,0.686698,-0.694858
2011-02-12,1.552361,0.016917,0.680636,-0.663719
2011-02-13,1.555099,0.019073,0.674599,-0.655526
2011-02-14,1.557837,0.024990,0.668587,-0.643597
2011-02-15,1.560575,0.021352,0.662599,-0.641247
2011-02-16,1.563313,0.017040,0.656637,-0.639597
2011-02-17,1.566051,0.019582,0.650699,-0.631117
2011-02-18,1.568789,-0.000393,0.644786,-0.645179
2011-02-19,1.571526,-0.030536,0.638899,-0.669435
2011-02-20,1.574264,-0.061225,0.633036,-0.694261
2011-02-21,1.577002,-0.070227,0.627199,-0.697426
2011-02-22,1.579740,-0.063937,0.621387,-0.685323
2011-02-23,1.582478,-0.042629,0.615600,-0.658229
2011-02-24,1.585216,-0.024005,0.609838,-0.633843
2011-02-25,1.587953,-0.014352,0.604102,-0.618454
2011-02-26,1.590691,-0.025686,0.598392,-0.624078
2011-02-27,1.593429,-0.027454,0.592707,-0.620160
2011-02-28,1.596167,-0.048447,0.587047,-0.635494
2011-03-01,1.598905,-0.035885,0.581413,-0.617298
2011-03-02,1.601643,-0.034348,0.575805,-0.610153
2011-03-03,1.604381,-0.031299,0.570222,-0.601521
2011-03-04,1.607118,-0.038681,0.564666,-0.603346
2011-03-05,1.609856,-0.042696,0.559135,-0.601831
2011-03-06,1.612594,-0.071786,0.553630,-0.625416
2011-03-07,1.615332,-0.058269,0.548150,-0.606420
2011-03-08,1.618070,-0.059315,0.542697,-0.602012
2011-03-09,1.620808,-0.065679,0.537270,-0.602949
2011-03-10,1.623546,-0.062252,0.531869,-0.594121
2011-03-11,1.626283,-0.048146,0.526494,-0.574640
2011-03-12,1.629021,-0.046127,0.521146,-0.567273
2011-03-13,1.631759,-0.044803,0.515823,-0.560626
2011-03-14,1.634497,-0.050514,0.510527,-0.561040
2011-03-15,1.637235,-0.053972,0.505257,-0.559229
2011-03-16,1.639973,-0.064941,0.500013,-0.564954
2011-03-17,1.642710,-0.075759,0.494796,-0.570555
2011-03-18,1.645448,-0.091851,0.489605,-0.581456
2011-03-19,1.648186,-0.118059,0.484441,-0.602500
2011-03-20,1.650924,-0.112978,0.479303,-0.592281
2011-03-21,1.653662,-0.123104,0.474192,-0.597296
2011-03-22,1.656400,-0.108533,0.469108,-0.577641
2011-03-23,1.659138,-0.079643,0.464050,-0.543693
2011-03-24,1.661875,-0.068248,0.459019,-0.527266
2011-03-25,1.664613,-0.056911,0.454014,-0.510926
2011-03-26,1.667351,-0.061335,0.449037,-0.510372
2011-03-27,1.670089,-0.072670,0.444086,-0.516756
2011-03-28,1.672827,-0.092874,0.439162,-0.532036
2011-03-29,1.675565,-0.102999,0.434265,-0.537264
2011-03-30,1.678303,-0.104068,0.429395,-0.533463
2011-03-31,1.681040,-0.102777,0.424552,-0.527329
2011-04-01,1.683778,-0.106811,0.419736,-0.526547
2011-04-02,1.686516,-0.103747,0.414947,-0.518693
2011-04-03,1.689254,-0.106628,0.410185,-0.516813
2011-04-04,1.691992,-0.158436,0.405450,-0.563886
2011-04-05,1.694730,-0.181766,0.400743,-0.582509
2011-04-06,1.697467,-0.144798,0.396062,-0.540860
2011-04-07,1.700205,-0.122666,0.391409,-0.514075
2011-04-08,1.702943,-0.116127,0.386783,-0.502911
2011-04-09,1.705681,-0.125970,0.382185,-0.508155
2011-04-10,1.708419,-0.129783,0.377614,-0.507397
2011-04-11,1.711157,-0.119075,0.373070,-0.492145
2011-04-12,1.713895,-0.075647,0.368554,-0.444201
2011-04-13,1.716632,-0.036744,0.364065,-0.400808
2011-04-14,1.719370,-0.029382,0.359603,-0.388985
2011-04-15,1.722108,0.005622,0.355169,-0.349548
2011-04-16,1.724846,0.012946,0.350763,-0.337817
2011-04-17,1.727584,0.020580,0.346384,-0.325804
2011-04-18,1.730322,0.059444,0.342033,-0.282589
2011-04-19,1.733060,0.069944,0.337709,-0.267766
2011-04-20,1.735797,0.066391,0.333413,-0.267022
2011-04-21,1.738535,0.066764,0.329145,-0.262381
2011-04-22,1.741273,0.104799,0.324905,-0.220106
2011-04-23,1.744011,0.166583,0.320692,-0.154109
2011-04-24,1.746749,0.225489,0.316507,-0.091018
2011-04-25,1.749487,0.202057,0.312350,-0.110292
2011-04-26,1.752225,0.213562,0.308220,-0.094658
2011-04-27,1.754962,0.268175,0.304119,-0.035943
2011-04-28,1.757700,0.300867,0.300045,0.000822
2011-04-29,1.760438,0.395311,0.295999,0.099312
2011-04-30,1.763176,0.496919,0.291981,0.204938
2011-05-01,1.765914,0.522148,0.287991,0.234157
2011-05-02,1.768652,0.503564,0.284029,0.219534
2011-05-03,1.771389,0.516555,0.280095,0.236460
2011-05-04,1.774127,0.531005,0.276189,0.254816
2011-05-05,1.776865,0.532798,0.272311,0.260487
2011-05-06,1.779603,0.540937,0.268461,0.272475
2011-05-07,1.782341,0.551546,0.264639,0.286906
2011-05-08,1.785079,0.574559,0.260846,0.313714
2011-05-09,1.787817,0.580871,0.257080,0.323791
2011-05-10,1.790554,0.668326,0.253343,0.414984
2011-05-11,1.793292,0.747600,0.249633,0.497967
2011-05-12,1.796030,0.750826,0.245952,0.504874
2011-05-13,1.798768,0.872477,0.242299,0.630178
2011-05-14,1.801506,0.915840,0.238674,0.677166
2011-05-15,1.804244,0.824698,0.235077,0.589621
2011-05-16,1.806982,0.885589,0.231509,0.654080
2011-05-17,1.809719,0.881622,0.227969,0.653654
2011-05-18,1.812457,0.854031,0.224457,0.629574
2011-05-19,1.815195,0.843110,0.220973,0.622137
2011-05-20,1.817933,0.821201,0.217518,0.603682
2011-05-21,1.820671,0.769186,0.214091,0.555095
2011-05-22,1.823409,0.803414,0.210692,0.592721
2011-05-23,1.826146,0.849267,0.207322,0.641945
2011-05-24,1.828884,0.850140,0.203980,0.646160
2011-05-25,1.831622,0.869574,0.200666,0.668908
2011-05-26,1.834360,0.929881,0.197381,0.732500
2011-05-27,1.837098,0.938860,0.194124,0.744736
2011-05-28,1.839836,0.927047,0.190895,0.736152
2011-05-29,1.842574,0.917911,0.187695,0.730216
2011-05-30,1.845311,0.933482,0.184523,0.748959
2011-05-31,1.848049,0.948515,0.181380,0.767135
2011-06-01,1.850787,0.955605,0.178265,0.777340
2011-06-02,1.853525,1.001523,0.175178,0.826345
2011-06-03,1.856263,1.103465,0.172120,0.931345
2011-06-04,1.859001,1.210318,0.169090,1.041227
2011-06-05,1.861739,1.241685,0.166089,1.075595
2011-06-06,1.864476,1.261386,0.163116,1.098269
2011-06-07,1.867214,1.279363,0.160172,1.119191
2011-06-08,1.869952,1.435817,0.157256,1.278561
2011-06-09,1.872690,1.470349,0.154369,1.315980
2011-06-10,1.875428,1.423788,0.151510,1.272278
2011-06-11,1.878166,1.298497,0.148679,1.149818
2011-06-12,1.880903,1.220777,0.145877,1.074900
2011-06-13,1.883641,1.319316,0.143104,1.176212
2011-06-14,1.886379,1.283178,0.140358,1.142819
2011-06-15,1.889117,1.295607,0.137642,1.157965
2011-06-16,1.891855,1.284806,0.134954,1.149852
2011-06-17,1.894593,1.197179,0.132294,1.064885
2011-06-18,1.897331,1.200353,0.129663,1.070690
2011-06-19,1.900068,1.247464,0.127060,1.120404
2011-06-20,1.902806,1.146128,0.124486,1.021642
2011-06-21,1.905544,1.178977,0.121940,1.057037
2011-06-22,1.908282,1.209515,0.119423,1.090092
2011-06-23,1.911020,1.242790,0.116934,1.125856
2011-06-24,1.913758,1.243038,0.114473,1.128565
2011-06-25,1.916496,1.243038,0.112041,1.130997
2011-06-26,1.919233,1.243286,0.109638,1.133649
2011-06-27,1.921971,1.230704,0.107263,1.123442
2011-06-28,1.924709,1.217484,0.104916,1.112568
2011-06-29,1.927447,1.204120,0.102598,1.101522
2011-06-30,1.930185,1.190332,0.100308,1.090023
2011-07-01,1.932923,1.176091,0.098047,1.078044
2011-07-02,1.935661,1.161368,0.095814,1.065554
2011-07-03,1.938398,1.149219,0.093609,1.055610
2011-07-04,1.941136,1.120574,0.091433,1.029141
2011-07-05,1.943874,1.107930,0.089286,1.018645
2011-07-06,1.946612,1.168694,0.087166,1.081528
2011-07-07,1.949350,1.152546,0.085075,1.067470
2011-07-08,1.952088,1.158203,0.083013,1.075191
2011-07-09,1.954825,1.161218,0.080978,1.080240
2011-07-10,1.957563,1.176716,0.078972,1.097744
2011-07-11,1.960301,1.146645,0.076995,1.069650
2011-07-12,1.963039,1.143795,0.075046,1.068750
2011-07-13,1.965777,1.143639,0.073125,1.070515
2011-07-14,1.968515,1.146912,0.071232,1.075680
2011-07-15,1.971253,1.155829,0.069367,1.086462
2011-07-16,1.973990,1.130334,0.067531,1.062802
2011-07-17,1.976728,1.128902,0.065723,1.063178
2011-07-18,1.979466,1.130583,0.063944,1.066639
2011-07-19,1.982204,1.134951,0.062192,1.072759
2011-07-20,1.984942,1.136456,0.060469,1.075987
2011-07-21,1.987680,1.141081,0.058774,1.082307
2011-07-22,1.990418,1.139407,0.057107,1.082300
2011-07-23,1.993155,1.135451,0.055468,1.079982
2011-07-24,1.995893,1.139710,0.053858,1.085852
2011-07-25,1.998631,1.149166,0.052275,1.096891
2011-07-26,2.001369,1.148808,0.050721,1.098087
2011-07-27,2.004107,1.145156,0.049194,1.095961
2011-07-28,2.006845,1.136568,0.047696,1.088872
2011-07-29,2.009582,1.132590,0.046226,1.086364
2011-07-30,2.012320,1.135659,0.044784,1.090875
2011-07-31,2.015058,1.128719,0.043369,1.085349
2011-08-01,2.017796,1.121687,0.041983,1.079704
2011-08-02,2.020534,1.102539,0.040625,1.061914
2011-08-03,2.023272,1.028237,0.039295,0.988943
2011-08-04,2.026010,1.030760,0.037992,0.992768
2011-08-05,2.028747,1.028215,0.036718,0.991497
2011-08-06,2.031485,0.949451,0.035471,0.913980
2011-08-07,2.034223,0.907215,0.034252,0.872963
2011-08-08,2.036961,0.903137,0.033061,0.870076
2011-08-09,2.039699,0.983302,0.031898,0.951404
2011-08-10,2.042437,1.003643,0.030762,0.972881
2011-08-11,2.045175,0.991296,0.029654,0.961642
2011-08-12,2.047912,0.972440,0.028574,0.943866
2011-08-13,2.050650,0.986671,0.027522,0.959149
2011-08-14,2.053388,1.017735,0.026497,0.991238
2011-08-15,2.056126,1.046896,0.025500,1.021396
2011-08-16,2.058864,1.043208,0.024531,1.018677
2011-08-17,2.061602,1.038900,0.023589,1.015312
2011-08-18,2.064339,1.038684,0.022674,1.016010
2011-08-19,2.067077,1.053710,0.021787,1.031922
2011-08-20,2.069815,1.059845,0.020928,1.038917
2011-08-21,2.072553,1.055473,0.020096,1.035376
2011-08-22,2.075291,1.045863,0.019292,1.026571
2011-08-23,2.078029,1.042333,0.018515,1.023818
2011-08-24,2.080767,1.038485,0.017765,1.020720
2011-08-25,2.083504,1.011590,0.017042,0.994547
2011-08-26,2.086242,1.001759,0.016347,0.985411
2011-08-27,2.088980,0.937910,0.015679,0.922230
2011-08-28,2.091718,0.945600,0.015039,0.930561
2011-08-29,2.094456,0.951035,0.014425,0.936610
2011-08-30,2.097194,0.945776,0.013839,0.931937
2011-08-31,2.099932,0.927317,0.013280,0.914037
2011-09-01,2.102669,0.915291,0.012748,0.902543
2011-09-02,2.105407,0.926371,0.012243,0.914129
2011-09-03,2.108145,0.931429,0.011765,0.919664
2011-09-04,2.110883,0.915983,0.011314,0.904670
2011-09-05,2.113621,0.884934,0.010890,0.874044
2011-09-06,2.116359,0.832968,0.010493,0.822475
2011-09-07,2.119097,0.849237,0.010122,0.839115
2011-09-08,2.121834,0.836796,0.009779,0.827017
2011-09-09,2.124572,0.726035,0.009462,0.716573
2011-09-10,2.127310,0.708197,0.009172,0.699024
2011-09-11,2.130048,0.761526,0.008909,0.752617
2011-09-12,2.132786,0.790924,0.008673,0.782251
2011-09-13,2.135524,0.778398,0.008463,0.769935
2011-09-14,2.138261,0.751100,0.008280,0.742821
2011-09-15,2.140999,0.714891,0.008123,0.706768
2011-09-16,2.143737,0.687961,0.007993,0.679968
2011-09-17,2.146475,0.690684,0.007889,0.682795
2011-09-18,2.149213,0.694873,0.007812,0.687062
2011-09-19,2.151951,0.706258,0.007761,0.698497
2011-09-20,2.154689,0.756764,0.007736,0.749028
2011-09-21,2.157426,0.755655,0.007738,0.747917
2011-09-22,2.160164,0.749070,0.007766,0.741304
2011-09-23,2.162902,0.751276,0.007820,0.743456
2011-09-24,2.165640,0.750194,0.007901,0.742294
2011-09-25,2.168378,0.758772,0.008007,0.750764
2011-09-26,2.171116,0.739679,0.008140,0.731540
2011-09-27,2.173854,0.689994,0.008298,0.681696
2011-09-28,2.176591,0.686656,0.008483,0.678173
2011-09-29,2.179329,0.680327,0.008694,0.671634
2011-09-30,2.182067,0.701617,0.008930,0.692687
2011-10-01,2.184805,0.698345,0.009192,0.689153
2011-10-02,2.187543,0.697900,0.009480,0.688420
2011-10-03,2.190281,0.690517,0.009794,0.680723
2011-10-04,2.193018,0.695070,0.010134,0.684936
2011-10-05,2.195756,0.703475,0.010499,0.692976
2011-10-06,2.198494,0.684105,0.010890,0.673215
2011-10-07,2.201232,0.658275,0.011306,0.646968
2011-10-08,2.203970,0.627661,0.011748,0.615913
2011-10-09,2.206708,0.605031,0.012215,0.592815
2011-10-10,2.209446,0.621341,0.012708,0.608633
2011-10-11,2.212183,0.626613,0.013226,0.613387
2011-10-12,2.214921,0.599466,0.013770,0.585696
2011-10-13,2.217659,0.606154,0.014338,0.591816
2011-10-14,2.220397,0.606660,0.014932,0.591728
2011-10-15,2.223135,0.594692,0.015551,0.579141
2011-10-16,2.225873,0.571667,0.016195,0.555472
2011-10-17,2.228611,0.543452,0.016864,0.526587
2011-10-18,2.231348,0.416451,0.017559,0.398893
2011-10-19,2.234086,0.377827,0.018278,0.359550
2011-10-20,2.236824,0.359552,0.019022,0.340530
2011-10-21,2.239562,0.385021,0.019790,0.365231
2011-10-22,2.242300,0.479018,0.020584,0.458435
2011-10-23,2.245038,0.490263,0.021402,0.468861
2011-10-24,2.247775,0.466129,0.022245,0.443884
2011-10-25,2.250513,0.437114,0.023112,0.414002
2011-10-26,2.253251,0.438489,0.024004,0.414485
2011-10-27,2.255989,0.459365,0.024921,0.434444
2011-10-28,2.258727,0.527189,0.025862,0.501327
2011-10-29,2.261465,0.573290,0.026827,0.546463
2011-10-30,2.264203,0.540396,0.027817,0.512580
2011-10-31,2.266940,0.509066,0.028831,0.480235
2011-11-01,2.269678,0.507635,0.029869,0.477766
2011-11-02,2.272416,0.510185,0.030931,0.479254
2011-11-03,2.275154,0.510889,0.032018,0.478872
2011-11-04,2.277892,0.512574,0.033128,0.479446
2011-11-05,2.280630,0.485914,0.034262,0.451652
2011-11-06,2.283368,0.470827,0.035420,0.435407
2011-11-07,2.286105,0.476068,0.036602,0.439466
2011-11-08,2.288843,0.494450,0.037808,0.456642
2011-11-09,2.291581,0.489838,0.039038,0.450800
2011-11-10,2.294319,0.489377,0.040291,0.449086
2011-11-11,2.297057,0.492898,0.041568,0.451331
2011-11-12,2.299795,0.501757,0.042868,0.458888
2011-11-13,2.302533,0.497553,0.044192,0.453361
2011-11-14,2.305270,0.423276,0.045539,0.377737
2011-11-15,2.308008,0.412676,0.046910,0.365766
2011-11-16,2.310746,0.410546,0.048304,0.362242
2011-11-17,2.313484,0.407825,0.049721,0.358104
2011-11-18,2.316222,0.370769,0.051161,0.319608
2011-11-19,2.318960,0.363463,0.052624,0.310839
2011-11-20,2.321697,0.352988,0.054111,0.298877
2011-11-21,2.324435,0.375241,0.055620,0.319621
2011-11-22,2.327173,0.374579,0.057152,0.317426
2011-11-23,2.329911,0.353459,0.058707,0.294752
2011-11-24,2.332649,0.404636,0.060285,0.344351
2011-11-25,2.335387,0.610460,0.061886,0.548574
2011-11-26,2.338125,0.402164,0.063509,0.338655
2011-11-27,2.340862,0.391387,0.065155,0.326232
2011-11-28,2.343600,0.417610,0.066823,0.350787
2011-11-29,2.346338,0.458557,0.068513,0.390043
2011-11-30,2.349076,0.467541,0.070226,0.397315
2011-12-01,2.351814,0.509490,0.071962,0.437528
2011-12-02,2.354552,0.494236,0.073719,0.420516
2011-12-03,2.357290,0.471871,0.075499,0.396372
2011-12-04,2.360027,0.442441,0.077301,0.365140
2011-12-05,2.362765,0.458540,0.079125,0.379416
2011-12-06,2.365503,0.475574,0.080970,0.394603
2011-12-07,2.368241,0.491104,0.082838,0.408266
2011-12-08,2.370979,0.491214,0.084727,0.406486
2011-12-09,2.373717,0.475438,0.086639,0.388799
2011-12-10,2.376454,0.488294,0.088572,0.399722
2011-12-11,2.379192,0.505501,0.090526,0.414975
2011-12-12,2.381930,0.526694,0.092502,0.434192
2011-12-13,2.384668,0.514922,0.094499,0.420422
2011-12-14,2.387406,0.517570,0.096518,0.421052
2011-12-15,2.390144,0.520237,0.098559,0.421678
2011-12-16,2.392882,0.516362,0.100620,0.415742
2011-12-17,2.395619,0.522692,0.102703,0.419990
2011-12-18,2.398357,0.526606,0.104806,0.421800
2011-12-19,2.401095,0.559051,0.106931,0.452120
2011-12-20,2.403833,0.630325,0.109077,0.521248
2011-12-21,2.406571,0.617811,0.111243,0.506568
2011-12-22,2.409309,0.603232,0.113431,0.489801
2011-12-23,2.412047,0.606196,0.115639,0.490557
2011-12-24,2.414784,0.625384,0.117868,0.507517
2011-12-25,2.417522,0.623440,0.120117,0.503323
2011-12-26,2.420260,0.627434,0.122387,0.505048
2011-12-27,2.422998,0.618665,0.124677,0.493987
2011-12-28,2.425736,0.630903,0.126988,0.503915
2011-12-29,2.428474,0.630920,0.129319,0.501601
2011-12-30,2.431211,0.638971,0.131670,0.507301
2011-12-31,2.433949,0.650744,0.134041,0.516703
2012-01-01,2.436687,0.689364,0.136433,0.552932
2012-01-02,2.439425,0.711536,0.138844,0.572692
2012-01-03,2.442163,0.711069,0.141275,0.569794
2012-01-04,2.444901,0.716471,0.143726,0.572745
2012-01-05,2.447639,0.785671,0.146197,0.639474
2012-01-06,2.450376,0.821663,0.148688,0.672975
2012-01-07,2.453114,0.829669,0.151198,0.678471
2012-01-08,2.455852,0.844720,0.153728,0.690992
2012-01-09,2.458590,0.825083,0.156277,0.668806
2012-01-10,2.461328,0.812664,0.158845,0.653819
2012-01-11,2.464066,0.838225,0.161433,0.676792
2012-01-12,2.466804,0.837935,0.164040,0.673895
2012-01-13,2.469541,0.827745,0.166666,0.661079
2012-01-14,2.472279,0.813565,0.169311,0.644254
2012-01-15,2.475017,0.844930,0.171975,0.672955
2012-01-16,2.477755,0.830472,0.174658,0.655814
2012-01-17,2.480493,0.814218,0.177360,0.636857
2012-01-18,2.483231,0.783342,0.180081,0.603261
2012-01-19,2.485969,0.792764,0.182820,0.609944
2012-01-20,2.488706,0.821322,0.185578,0.635744
2012-01-21,2.491444,0.805629,0.188354,0.617275
2012-01-22,2.494182,0.804388,0.191149,0.613239
2012-01-23,2.496920,0.802246,0.193962,0.608284
2012-01-24,2.499658,0.805718,0.196793,0.608925
2012-01-25,2.502396,0.797249,0.199643,0.597606
2012-01-26,2.505133,0.768741,0.202511,0.566230
2012-01-27,2.507871,0.729180,0.205396,0.523783
2012-01-28,2.510609,0.714497,0.208300,0.506197
2012-01-29,2.513347,0.744853,0.211221,0.533632
2012-01-30,2.516085,0.741848,0.214160,0.527687
2012-01-31,2.518823,0.749870,0.217117,0.532753
2012-02-01,2.521561,0.758328,0.220092,0.538236
2012-02-02,2.524298,0.785652,0.223084,0.562568
2012-02-03,2.527036,0.786808,0.226093,0.560714
2012-02-04,2.529774,0.779497,0.229120,0.550377
2012-02-05,2.532512,0.759511,0.232164,0.527347
2012-02-06,2.535250,0.744707,0.235225,0.509482
2012-02-07,2.537988,0.750442,0.238304,0.512138
2012-02-08,2.540726,0.747789,0.241399,0.506390
2012-02-09,2.543463,0.758484,0.244511,0.513973
2012-02-10,2.546201,0.769863,0.247641,0.522222
2012-02-11,2.548939,0.757687,0.250787,0.506900
2012-02-12,2.551677,0.752899,0.253949,0.498949
2012-02-13,2.554415,0.744869,0.257129,0.487740
2012-02-14,2.557153,0.693901,0.260324,0.433577
2012-02-15,2.559890,0.683621,0.263537,0.420084
2012-02-16,2.562628,0.654676,0.266765,0.387911
2012-02-17,2.565366,0.666856,0.270010,0.396846
2012-02-18,2.568104,0.643496,0.273271,0.370224
2012-02-19,2.570842,0.635217,0.276548,0.358669
2012-02-20,2.573580,0.648144,0.279842,0.368303
2012-02-21,2.576318,0.645346,0.283151,0.362195
2012-02-22,2.579055,0.651987,0.286476,0.365511
2012-02-23,2.581793,0.682873,0.289817,0.393056
2012-02-24,2.584531,0.702543,0.293173,0.409370
2012-02-25,2.587269,0.697390,0.296545,0.400845
2012-02-26,2.590007,0.691747,0.299932,0.391814
2012-02-27,2.592745,0.699923,0.303335,0.396588
2012-02-28,2.595483,0.694918,0.306754,0.388164
2012-02-29,2.598220,0.691777,0.310187,0.381590
2012-03-01,2.600958,0.695682,0.313636,0.382046
2012-03-02,2.603696,0.677986,0.317100,0.360886
2012-03-03,2.606434,0.675581,0.320578,0.355003
2012-03-04,2.609172,0.678577,0.324072,0.354505
2012-03-05,2.611910,0.692247,0.327580,0.364667
2012-03-06,2.614648,0.697905,0.331104,0.366802
2012-03-07,2.617385,0.698999,0.334641,0.364358
2012-03-08,2.620123,0.693517,0.338194,0.355323
2012-03-09,2.622861,0.695502,0.341761,0.353741
2012-03-10,2.625599,0.688926,0.345342,0.343584
2012-03-11,2.628337,0.690797,0.348937,0.341859
2012-03-12,2.631075,0.693420,0.352547,0.340872
2012-03-13,2.633812,0.707001,0.356171,0.350830
2012-03-14,2.636550,0.729518,0.359809,0.369709
2012-03-15,2.639288,0.727218,0.363461,0.363757
2012-03-16,2.642026,0.726093,0.367126,0.358967
2012-03-17,2.644764,0.729558,0.370806,0.358752
2012-03-18,2.647502,0.724850,0.374499,0.350351
2012-03-19,2.650240,0.705690,0.378206,0.327485
2012-03-20,2.652977,0.686162,0.381926,0.304237
2012-03-21,2.655715,0.688882,0.385660,0.303222
2012-03-22,2.658453,0.684583,0.389407,0.295177
2012-03-23,2.661191,0.676331,0.393167,0.283164
2012-03-24,2.663929,0.673559,0.396940,0.276619
2012-03-25,2.666667,0.666518,0.400727,0.265791
2012-03-26,2.669405,0.666121,0.404526,0.261596
2012-03-27,2.672142,0.674801,0.408338,0.266463
2012-03-28,2.674880,0.682866,0.412163,0.270703
2012-03-29,2.677618,0.682122,0.416001,0.266120
2012-03-30,2.680356,0.683242,0.419852,0.263391
2012-03-31,2.683094,0.690387,0.423715,0.266673
2012-04-01,2.685832,0.684495,0.427590,0.256905
2012-04-02,2.688569,0.691411,0.431478,0.259933
2012-04-03,2.691307,0.694474,0.435378,0.259096
2012-04-04,2.694045,0.693671,0.439290,0.254381
2012-04-05,2.696783,0.693618,0.443214,0.250404
2012-04-06,2.699521,0.694115,0.447151,0.246964
2012-04-07,2.702259,0.684210,0.451099,0.233111
2012-04-08,2.704997,0.677284,0.455059,0.222225
2012-04-09,2.707734,0.679659,0.459031,0.220629
2012-04-10,2.710472,0.683865,0.463014,0.220851
2012-04-11,2.713210,0.684330,0.467009,0.217321
2012-04-12,2.715948,0.688904,0.471016,0.217888
2012-04-13,2.718686,0.689193,0.475034,0.214160
2012-04-14,2.721424,0.694707,0.479063,0.215644
2012-04-15,2.724162,0.693222,0.483103,0.210119
2012-04-16,2.726899,0.694700,0.487154,0.207545
2012-04-17,2.729637,0.696307,0.491217,0.205090
2012-04-18,2.732375,0.708046,0.495290,0.212756
2012-04-19,2.735113,0.711734,0.499375,0.212360
2012-04-20,2.737851,0.716548,0.503470,0.213078
2012-04-21,2.740589,0.722795,0.507575,0.215220
2012-04-22,2.743326,0.716432,0.511691,0.204740
2012-04-23,2.746064,0.713296,0.515818,0.197478
2012-04-24,2.748802,0.706395,0.519955,0.186440
2012-04-25,2.751540,0.707732,0.524103,0.183629
2012-04-26,2.754278,0.705555,0.528260,0.177295
2012-04-27,2.757016,0.714885,0.532428,0.182457
2012-04-28,2.759754,0.697452,0.536606,0.160846
2012-04-29,2.762491,0.692307,0.540794,0.151513
2012-04-30,2.765229,0.695134,0.544991,0.150142
2012-05-01,2.767967,0.695605,0.549199,0.146406
2012-05-02,2.770705,0.708753,0.553416,0.155338
2012-05-03,2.773443,0.706133,0.557642,0.148491
2012-05-04,2.776181,0.710701,0.561878,0.148822
2012-05-05,2.778919,0.707892,0.566124,0.141768
2012-05-06,2.781656,0.704070,0.570379,0.133691
2012-05-07,2.784394,0.702703,0.574643,0.128060
2012-05-08,2.787132,0.702547,0.578916,0.123630
2012-05-09,2.789870,0.707708,0.583199,0.124509
2012-05-10,2.792608,0.699715,0.587490,0.112225
2012-05-11,2.795346,0.699020,0.591790,0.107229
2012-05-12,2.798084,0.693183,0.596099,0.097084
2012-05-13,2.800821,0.693647,0.600417,0.093230
2012-05-14,2.803559,0.693085,0.604743,0.088342
2012-05-15,2.806297,0.695090,0.609078,0.086013
2012-05-16,2.809035,0.698450,0.613421,0.085029
2012-05-17,2.811773,0.699799,0.617773,0.082027
2012-05-18,2.814511,0.703026,0.622133,0.080894
2012-05-19,2.817248,0.705380,0.626500,0.078880
2012-05-20,2.819986,0.709436,0.630877,0.078560
2012-05-21,2.822724,0.704543,0.635261,0.069282
2012-05-22,2.825462,0.703837,0.639653,0.064184
2012-05-23,2.828200,0.707323,0.644052,0.063271
2012-05-24,2.830938,0.706360,0.648460,0.057900
2012-05-25,2.833676,0.706699,0.652875,0.053824
2012-05-26,2.836413,0.705935,0.657298,0.048638
2012-05-27,2.839151,0.708116,0.661728,0.046389
2012-05-28,2.841889,0.706289,0.666165,0.040124
2012-05-29,2.844627,0.705855,0.670610,0.035245
2012-05-30,2.847365,0.707122,0.675062,0.032060
2012-05-31,2.850103,0.708359,0.679521,0.028838
2012-06-01,2.852841,0.714881,0.683987,0.030894
2012-06-02,2.855578,0.714250,0.688460,0.025790
2012-06-03,2.858316,0.713596,0.692940,0.020656
2012-06-04,2.861054,0.713705,0.697427,0.016278
2012-06-05,2.863792,0.723713,0.701920,0.021793
2012-06-06,2.866530,0.730640,0.706420,0.024221
2012-06-07,2.869268,0.735489,0.710926,0.024563
2012-06-08,2.872005,0.744421,0.715439,0.028982
2012-06-09,2.874743,0.745497,0.719958,0.025539
2012-06-10,2.877481,0.738717,0.724483,0.014234
2012-06-11,2.880219,0.739123,0.729014,0.010109
2012-06-12,2.882957,0.748107,0.733552,0.014555
2012-06-13,2.885695,0.764081,0.738095,0.025986
2012-06-14,2.888433,0.767658,0.742644,0.025014
2012-06-15,2.891170,0.773052,0.747199,0.025853
2012-06-16,2.893908,0.800516,0.751760,0.048756
2012-06-17,2.896646,0.801294,0.756326,0.044967
2012-06-18,2.899384,0.794929,0.760898,0.034030
2012-06-19,2.902122,0.805786,0.765476,0.040310
2012-06-20,2.904860,0.816131,0.770058,0.046072
2012-06-21,2.907598,0.822533,0.774646,0.047887
2012-06-22,2.910335,0.816242,0.779239,0.037003
2012-06-23,2.913073,0.810551,0.783838,0.026713
2012-06-24,2.915811,0.802089,0.788441,0.013648
2012-06-25,2.918549,0.799841,0.793049,0.006792
2012-06-26,2.921287,0.800092,0.797662,0.002430
2012-06-27,2.924025,0.810377,0.802280,0.008098
2012-06-28,2.926762,0.811145,0.806902,0.004243
2012-06-29,2.929500,0.823771,0.811529,0.012242
2012-06-30,2.932238,0.816643,0.816160,0.000483
2012-07-01,2.934976,0.816407,0.820796,-0.004389
2012-07-02,2.937714,0.828034,0.825436,0.002598
2012-07-03,2.940452,0.815813,0.830081,-0.014268
2012-07-04,2.943190,0.813124,0.834729,-0.021606
2012-07-05,2.945927,0.819031,0.839382,-0.020350
2012-07-06,2.948665,0.816890,0.844038,-0.027148
2012-07-07,2.951403,0.822641,0.848699,-0.026057
2012-07-08,2.954141,0.825199,0.853363,-0.028164
2012-07-09,2.956879,0.830922,0.858031,-0.027109
2012-07-10,2.959617,0.852474,0.862703,-0.010229
2012-07-11,2.962355,0.854512,0.867378,-0.012866
2012-07-12,2.965092,0.854944,0.872056,-0.017112
2012-07-13,2.967830,0.877344,0.876738,0.000606
2012-07-14,2.970568,0.876722,0.881424,-0.004702
2012-07-15,2.973306,0.886295,0.886112,0.000182
2012-07-16,2.976044,0.891202,0.890804,0.000398
2012-07-17,2.978782,0.916458,0.895499,0.020959
2012-07-18,2.981520,0.946219,0.900197,0.046023
2012-07-19,2.984257,0.953530,0.904897,0.048633
2012-07-20,2.986995,0.917868,0.909600,0.008268
2012-07-21,2.989733,0.935907,0.914307,0.021601
2012-07-22,2.992471,0.932730,0.919015,0.013714
2012-07-23,2.995209,0.933857,0.923727,0.010130
2012-07-24,2.997947,0.932781,0.928440,0.004340
2012-07-25,3.000684,0.926695,0.933157,-0.006462
2012-07-26,3.003422,0.934351,0.937875,-0.003524
2012-07-27,3.006160,0.942713,0.942596,0.000118
2012-07-28,3.008898,0.944820,0.947318,-0.002499
2012-07-29,3.011636,0.940831,0.952043,-0.011213
2012-07-30,3.014374,0.944302,0.956770,-0.012469
2012-07-31,3.017112,0.960092,0.961499,-0.001407
2012-08-01,3.019849,0.973273,0.966230,0.007044
2012-08-02,3.022587,0.986905,0.970962,0.015943
2012-08-03,3.025325,1.023193,0.975696,0.047497
2012-08-04,3.028063,1.040098,0.980431,0.059667
2012-08-05,3.030801,1.020653,0.985168,0.035484
2012-08-06,3.033539,1.033272,0.989907,0.043365
2012-08-07,3.036277,1.035326,0.994647,0.040679
2012-08-08,3.039014,1.042307,0.999388,0.042919
2012-08-09,3.041752,1.049125,1.004130,0.044995
2012-08-10,3.044490,1.050160,1.008873,0.041287
2012-08-11,3.047228,1.056588,1.013617,0.042971
2012-08-12,3.049966,1.061471,1.018362,0.043108
2012-08-13,3.052704,1.067461,1.023108,0.044352
2012-08-14,3.055441,1.078773,1.027855,0.050917
2012-08-15,3.058179,1.098240,1.032603,0.065637
2012-08-16,3.060917,1.122804,1.037351,0.085453
2012-08-17,3.063655,1.140024,1.042100,0.097924
2012-08-18,3.066393,1.077500,1.046849,0.030651
2012-08-19,3.069131,0.990806,1.051598,-0.060792
2012-08-20,3.071869,0.982201,1.056348,-0.074147
2012-08-21,3.074606,1.005690,1.061098,-0.055408
2012-08-22,3.077344,1.001104,1.065848,-0.064744
2012-08-23,3.080082,1.000644,1.070599,-0.069955
2012-08-24,3.082820,1.009266,1.075349,-0.066083
2012-08-25,3.085558,1.021815,1.080099,-0.058284
2012-08-26,3.088296,1.023637,1.084849,-0.061212
2012-08-27,3.091034,1.049804,1.089599,-0.039794
2012-08-28,3.093771,1.040959,1.094348,-0.053389
2012-08-29,3.096509,1.033659,1.099097,-0.065438
2012-08-30,3.099247,1.031645,1.103846,-0.072201
2012-08-31,3.101985,1.018037,1.108594,-0.090557
2012-09-01,3.104723,1.001832,1.113341,-0.111509
2012-09-02,3.107461,1.000900,1.118088,-0.117188
2012-09-03,3.110198,1.010848,1.122834,-0.111986
2012-09-04,3.112936,1.013896,1.127579,-0.113683
2012-09-05,3.115674,1.019270,1.132323,-0.113054
2012-09-06,3.118412,1.036331,1.137067,-0.100735
2012-09-07,3.121150,1.048518,1.141809,-0.093290
2012-09-08,3.123888,1.041244,1.146550,-0.105306
2012-09-09,3.126626,1.043727,1.151289,-0.107563
2012-09-10,3.129363,1.040868,1.156028,-0.115160
2012-09-11,3.132101,1.042871,1.160765,-0.117894
2012-09-12,3.134839,1.048433,1.165501,-0.117068
2012-09-13,3.137577,1.051407,1.170235,-0.118828
2012-09-14,3.140315,1.061666,1.174968,-0.113301
2012-09-15,3.143053,1.063380,1.179698,-0.116319
2012-09-16,3.145791,1.073319,1.184428,-0.111109
2012-09-17,3.148528,1.071447,1.189155,-0.117708
2012-09-18,3.151266,1.076341,1.193881,-0.117540
2012-09-19,3.154004,1.089412,1.198604,-0.109192
2012-09-20,3.156742,1.098594,1.203326,-0.104732
2012-09-21,3.159480,1.089611,1.208045,-0.118434
2012-09-22,3.162218,1.086723,1.212763,-0.126039
2012-09-23,3.164956,1.080845,1.217478,-0.136632
2012-09-24,3.167693,1.078540,1.222191,-0.143650
2012-09-25,3.170431,1.078389,1.226901,-0.148512
2012-09-26,3.173169,1.081860,1.231609,-0.149749
2012-09-27,3.175907,1.086906,1.236314,-0.149408
2012-09-28,3.178645,1.088822,1.241017,-0.152196
2012-09-29,3.181383,1.091326,1.245718,-0.154392
2012-09-30,3.184120,1.089586,1.250415,-0.160829
2012-10-01,3.186858,1.087364,1.255110,-0.167746
2012-10-02,3.189596,1.095690,1.259802,-0.164112
2012-10-03,3.192334,1.107227,1.264491,-0.157263
2012-10-04,3.195072,1.107841,1.269177,-0.161336
2012-10-05,3.197810,1.102384,1.273860,-0.171476
2012-10-06,3.200548,1.099610,1.278539,-0.178929
2012-10-07,3.203285,1.084026,1.283216,-0.199190
2012-10-08,3.206023,1.057238,1.287889,-0.230651
2012-10-09,3.208761,1.075314,1.292559,-0.217245
2012-10-10,3.211499,1.080885,1.297226,-0.216340
2012-10-11,3.214237,1.080290,1.301889,-0.221599
2012-10-12,3.216975,1.080433,1.306549,-0.226116
2012-10-13,3.219713,1.078487,1.311205,-0.232718
2012-10-14,3.222450,1.075701,1.315857,-0.240156
2012-10-15,3.225188,1.066422,1.320505,-0.254084
2012-10-16,3.227926,1.069736,1.325150,-0.255414
2012-10-17,3.230664,1.072696,1.329791,-0.257095
2012-10-18,3.233402,1.073473,1.334428,-0.260955
2012-10-19,3.236140,1.071684,1.339061,-0.267377
2012-10-20,3.238877,1.066742,1.343690,-0.276948
2012-10-21,3.241615,1.064807,1.348315,-0.283508
2012-10-22,3.244353,1.063124,1.352936,-0.289812
2012-10-23,3.247091,1.066211,1.357552,-0.291341
2012-10-24,3.249829,1.062686,1.362164,-0.299478
2012-10-25,3.252567,1.044500,1.366772,-0.322272
2012-10-26,3.255305,1.016982,1.371376,-0.354393
2012-10-27,3.258042,1.009293,1.375974,-0.366681
2012-10-28,3.260780,1.006864,1.380569,-0.373704
2012-10-29,3.263518,1.021581,1.385158,-0.363577
2012-10-30,3.266256,1.032178,1.389743,-0.357565
2012-10-31,3.268994,1.038134,1.394323,-0.356189
2012-11-01,3.271732,1.043753,1.398899,-0.355146
2012-11-02,3.274470,1.032997,1.403469,-0.370473
2012-11-03,3.277207,1.024728,1.408035,-0.383308
2012-11-04,3.279945,1.019899,1.412596,-0.392697
2012-11-05,3.282683,1.025847,1.417151,-0.391304
2012-11-06,3.285421,1.027382,1.421702,-0.394320
2012-11-07,3.288159,1.033484,1.426247,-0.392763
2012-11-08,3.290897,1.031827,1.430787,-0.398960
2012-11-09,3.293634,1.033326,1.435322,-0.401996
2012-11-10,3.296372,1.033007,1.439852,-0.406845
2012-11-11,3.299110,1.032426,1.444376,-0.411950
2012-11-12,3.301848,1.038902,1.448894,-0.409992
2012-11-13,3.304586,1.037308,1.453407,-0.416099
2012-11-14,3.307324,1.037337,1.457915,-0.420578
2012-11-15,3.310062,1.039790,1.462417,-0.422626
2012-11-16,3.312799,1.054051,1.466913,-0.412862
2012-11-17,3.315537,1.063145,1.471403,-0.408259
2012-11-18,3.318275,1.065083,1.475888,-0.410805
2012-11-19,3.321013,1.064938,1.480367,-0.415428
2012-11-20,3.323751,1.065281,1.484840,-0.419558
2012-11-21,3.326489,1.065206,1.489306,-0.424101
2012-11-22,3.329227,1.073815,1.493767,-0.419953
2012-11-23,3.331964,1.083058,1.498222,-0.415164
2012-11-24,3.334702,1.092335,1.502671,-0.410336
2012-11-25,3.337440,1.089889,1.507113,-0.417224
2012-11-26,3.340178,1.091344,1.511549,-0.420206
2012-11-27,3.342916,1.081291,1.515979,-0.434688
2012-11-28,3.345654,1.087088,1.520403,-0.433315
2012-11-29,3.348392,1.088648,1.524820,-0.436172
2012-11-30,3.351129,1.093080,1.529231,-0.436151
2012-12-01,3.353867,1.095486,1.533635,-0.438149
2012-12-02,3.356605,1.095503,1.538032,-0.442529
2012-12-03,3.359343,1.096339,1.542423,-0.446084
2012-12-04,3.362081,1.105338,1.546807,-0.441470
2012-12-05,3.364819,1.122209,1.551185,-0.428976
2012-12-06,3.367556,1.125552,1.555556,-0.430004
2012-12-07,3.370294,1.126082,1.559920,-0.433838
2012-12-08,3.373032,1.126152,1.564277,-0.438125
2012-12-09,3.375770,1.117855,1.568627,-0.450772
2012-12-10,3.378508,1.123489,1.572970,-0.449481
2012-12-11,3.381246,1.126435,1.577306,-0.450872
2012-12-12,3.383984,1.129211,1.581635,-0.452424
2012-12-13,3.386721,1.130589,1.585957,-0.455368
2012-12-14,3.389459,1.133528,1.590272,-0.456744
2012-12-15,3.392197,1.130933,1.594580,-0.463647
2012-12-16,3.394935,1.126241,1.598880,-0.472639
2012-12-17,3.397673,1.120880,1.603173,-0.482293
2012-12-18,3.400411,1.118503,1.607458,-0.488955
2012-12-19,3.403149,1.120765,1.611737,-0.490972
2012-12-20,3.405886,1.121934,1.616007,-0.494073
2012-12-21,3.408624,1.126624,1.620270,-0.493646
2012-12-22,3.411362,1.123987,1.624526,-0.500539
2012-12-23,3.414100,1.119609,1.628774,-0.509165
2012-12-24,3.416838,1.120821,1.633014,-0.512193
2012-12-25,3.419576,1.119797,1.637247,-0.517450
2012-12-26,3.422313,1.118715,1.641472,-0.522757
2012-12-27,3.425051,1.121150,1.645689,-0.524539
2012-12-28,3.427789,1.121964,1.649898,-0.527934
2012-12-29,3.430527,1.125343,1.654100,-0.528757
2012-12-30,3.433265,1.123220,1.658293,-0.535073
2012-12-31,3.436003,1.123857,1.662479,-0.538622
2013-01-01,3.438741,1.123423,1.666656,-0.543233
2013-01-02,3.441478,1.120869,1.670826,-0.549956
2013-01-03,3.444216,1.122911,1.674987,-0.552076
2013-01-04,3.446954,1.120038,1.679140,-0.559102
2013-01-05,3.449692,1.122485,1.683285,-0.560800
2013-01-06,3.452430,1.120666,1.687422,-0.566756
2013-01-07,3.455168,1.122861,1.691550,-0.568690
2013-01-08,3.457906,1.125234,1.695671,-0.570437
2013-01-09,3.460643,1.133218,1.699782,-0.566565
2013-01-10,3.463381,1.137244,1.703886,-0.566642
2013-01-11,3.466119,1.147004,1.707981,-0.560977
2013-01-12,3.468857,1.148756,1.712067,-0.563311
2013-01-13,3.471595,1.146365,1.716145,-0.569780
2013-01-14,3.474333,1.146165,1.720215,-0.574049
2013-01-15,3.477070,1.152114,1.724276,-0.572162
2013-01-16,3.479808,1.158896,1.728328,-0.569432
2013-01-17,3.482546,1.173694,1.732371,-0.558677
2013-01-18,3.485284,1.192380,1.736406,-0.544026
2013-01-19,3.488022,1.188135,1.740432,-0.552297
2013-01-20,3.490760,1.191827,1.744450,-0.552622
2013-01-21,3.493498,1.210506,1.748458,-0.537952
2013-01-22,3.496235,1.229928,1.752458,-0.522529
2013-01-23,3.498973,1.237428,1.756448,-0.519020
2013-01-24,3.501711,1.255739,1.760430,-0.504691
2013-01-25,3.504449,1.230249,1.764403,-0.534153
2013-01-26,3.507187,1.232094,1.768366,-0.536273
2013-01-27,3.509925,1.241415,1.772321,-0.530906
2013-01-28,3.512663,1.268430,1.776267,-0.507837
2013-01-29,3.515400,1.279561,1.780203,-0.500642
2013-01-30,3.518138,1.284668,1.784131,-0.499463
2013-01-31,3.520876,1.305663,1.788049,-0.482385
2013-02-01,3.523614,1.313750,1.791958,-0.478208
2013-02-02,3.526352,1.301602,1.795857,-0.494255
2013-02-03,3.529090,1.302813,1.799748,-0.496934
2013-02-04,3.531828,1.310099,1.803629,-0.493529
2013-02-05,3.534565,1.310092,1.807500,-0.497408
2013-02-06,3.537303,1.318756,1.811362,-0.492607
2013-02-07,3.540041,1.329552,1.815215,-0.485663
2013-02-08,3.542779,1.348366,1.819059,-0.470693
2013-02-09,3.545517,1.368213,1.822893,-0.454680
2013-02-10,3.548255,1.364791,1.826717,-0.461926
2013-02-11,3.550992,1.376853,1.830532,-0.453679
2013-02-12,3.553730,1.397216,1.834337,-0.437120
2013-02-13,3.556468,1.406052,1.838132,-0.432080
2013-02-14,3.559206,1.410317,1.841918,-0.431602
2013-02-15,3.561944,1.431916,1.845695,-0.413778
2013-02-16,3.564682,1.434983,1.849461,-0.414478
2013-02-17,3.567420,1.429827,1.853218,-0.423391
2013-02-18,3.570157,1.426532,1.856965,-0.430433
2013-02-19,3.572895,1.447588,1.860702,-0.413114
2013-02-20,3.575633,1.469709,1.864430,-0.394720
2013-02-21,3.578371,1.473705,1.868147,-0.394442
2013-02-22,3.581109,1.483803,1.871855,-0.388052
2013-02-23,3.583847,1.466651,1.875553,-0.408901
2013-02-24,3.586585,1.472472,1.879240,-0.406768
2013-02-25,3.589322,1.476140,1.882918,-0.406778
2013-02-26,3.592060,1.488111,1.886586,-0.398475
2013-02-27,3.594798,1.496436,1.890244,-0.393808
2013-02-28,3.597536,1.517544,1.893892,-0.376348
2013-03-01,3.600274,1.531231,1.897529,-0.366298
2013-03-02,3.603012,1.532078,1.901157,-0.369079
2013-03-03,3.605749,1.529021,1.904774,-0.375753
2013-03-04,3.608487,1.546187,1.908382,-0.362195
2013-03-05,3.611225,1.593153,1.911979,-0.318826
2013-03-06,3.613963,1.658520,1.915566,-0.257046
2013-03-07,3.616701,1.625386,1.919143,-0.293757
2013-03-08,3.619439,1.634893,1.922709,-0.287816
2013-03-09,3.622177,1.652116,1.926265,-0.274150
2013-03-10,3.624914,1.675949,1.929811,-0.253862
2013-03-11,3.627652,1.682434,1.933347,-0.250913
2013-03-12,3.630390,1.659859,1.936872,-0.277013
2013-03-13,3.633128,1.672159,1.940387,-0.268227
2013-03-14,3.635866,1.675996,1.943891,-0.267895
2013-03-15,3.638604,1.673175,1.947385,-0.274210
2013-03-16,3.641342,1.671390,1.950869,-0.279479
2013-03-17,3.644079,1.672867,1.954342,-0.281476
2013-03-18,3.646817,1.678838,1.957805,-0.278967
2013-03-19,3.649555,1.734869,1.961257,-0.226388
2013-03-20,3.652293,1.786240,1.964699,-0.178458
2013-03-21,3.655031,1.836906,1.968130,-0.131224
2013-03-22,3.657769,1.855961,1.971550,-0.115590
2013-03-23,3.660507,1.816868,1.974960,-0.158092
2013-03-24,3.663244,1.832560,1.978360,-0.145800
2013-03-25,3.665982,1.866273,1.981749,-0.115475
2013-03-26,3.668720,1.890223,1.985127,-0.094904
2013-03-27,3.671458,1.932142,1.988494,-0.056352
2013-03-28,3.674196,1.959178,1.991851,-0.032673
2013-03-29,3.676934,1.954368,1.995197,-0.040830
2013-03-30,3.679671,1.963442,1.998533,-0.035090
2013-03-31,3.682409,1.970115,2.001858,-0.031743
2013-04-01,3.685147,1.992136,2.005172,-0.013035
2013-04-02,3.687885,2.031861,2.008475,0.023386
2013-04-03,3.690623,2.111272,2.011767,0.099505
2013-04-04,3.693361,2.121715,2.015049,0.106666
2013-04-05,3.696099,2.139084,2.018320,0.120764
2013-04-06,3.698836,2.151178,2.021580,0.129598
2013-04-07,3.701574,2.178715,2.024829,0.153886
2013-04-08,3.704312,2.256213,2.028068,0.228145
2013-04-09,3.707050,2.317469,2.031295,0.286174
2013-04-10,3.709788,2.350031,2.034512,0.315519
2013-04-11,3.712526,2.117035,2.037717,0.079318
2013-04-12,3.715264,1.930670,2.040912,-0.110242
2013-04-13,3.718001,2.022216,2.044096,-0.021880
2013-04-14,3.720739,1.994289,2.047269,-0.052980
2013-04-15,3.723477,1.966932,2.050431,-0.083499
2013-04-16,3.726215,1.824986,2.053582,-0.228596
2013-04-17,3.728953,1.913535,2.056722,-0.143187
2013-04-18,3.731691,1.974856,2.059851,-0.084995
2013-04-19,3.734428,2.073350,2.062969,0.010381
2013-04-20,3.737166,2.081925,2.066076,0.015849
2013-04-21,3.739904,2.085891,2.069173,0.016718
2013-04-22,3.742642,2.085894,2.072258,0.013636
2013-04-23,3.745380,2.112492,2.075332,0.037160
2013-04-24,3.748118,2.167559,2.078395,0.089165
2013-04-25,3.750856,2.176710,2.081446,0.095264
2013-04-26,3.753593,2.128545,2.084487,0.044058
2013-04-27,3.756331,2.125928,2.087517,0.038411
2013-04-28,3.759069,2.123040,2.090536,0.032505
2013-04-29,3.761807,2.142263,2.093543,0.048720
2013-04-30,3.764545,2.148998,2.096540,0.052458
2013-05-01,3.767283,2.109281,2.099525,0.009756
2013-05-02,3.770021,2.047666,2.102499,-0.054833
2013-05-03,3.772758,1.971569,2.105462,-0.133893
2013-05-04,3.775496,2.019742,2.108414,-0.088672
2013-05-05,3.778234,2.056979,2.111355,-0.054375
2013-05-06,3.780972,2.075564,2.114284,-0.038720
2013-05-07,3.783710,2.039265,2.117203,-0.077938
2013-05-08,3.786448,2.049035,2.120110,-0.071075
2013-05-09,3.789185,2.045887,2.123006,-0.077119
2013-05-10,3.791923,2.061862,2.125891,-0.064029
2013-05-11,3.794661,2.062631,2.128765,-0.066134
2013-05-12,3.797399,2.058353,2.131627,-0.073274
2013-05-13,3.800137,2.063746,2.134478,-0.070732
2013-05-14,3.802875,2.064967,2.137319,-0.072352
2013-05-15,3.805613,2.040066,2.140147,-0.100081
2013-05-16,3.808350,2.046087,2.142965,-0.096878
2013-05-17,3.811088,2.060618,2.145772,-0.085153
2013-05-18,3.813826,2.068248,2.148567,-0.080319
2013-05-19,3.816564,2.072031,2.151351,-0.079320
2013-05-20,3.819302,2.070062,2.154124,-0.084062
2013-05-21,3.822040,2.069797,2.156885,-0.087088
2013-05-22,3.824778,2.074274,2.159636,-0.085361
2013-05-23,3.827515,2.082609,2.162375,-0.079766
2013-05-24,3.830253,2.099819,2.165103,-0.065284
2013-05-25,3.832991,2.110398,2.167819,-0.057421
2013-05-26,3.835729,2.113806,2.170525,-0.056719
2013-05-27,3.838467,2.111853,2.173219,-0.061366
2013-05-28,3.841205,2.101288,2.175902,-0.074613
2013-05-29,3.843943,2.106416,2.178573,-0.072158
2013-05-30,3.846680,2.112905,2.181234,-0.068328
2013-05-31,3.849418,2.105936,2.183883,-0.077946
2013-06-01,3.852156,2.103678,2.186521,-0.082842
2013-06-02,3.854894,2.090000,2.189147,-0.099148
2013-06-03,3.857632,2.078748,2.191763,-0.113015
2013-06-04,3.860370,2.081914,2.194367,-0.112452
2013-06-05,3.863107,2.079505,2.196960,-0.117455
2013-06-06,3.865845,2.080447,2.199541,-0.119095
2013-06-07,3.868583,2.057808,2.202112,-0.144304
2013-06-08,3.871321,2.036427,2.204671,-0.168244
2013-06-09,3.874059,1.999691,2.207219,-0.207528
2013-06-10,3.876797,2.013737,2.209755,-0.196018
2013-06-11,3.879535,2.025963,2.212281,-0.186318
2013-06-12,3.882272,2.032435,2.214795,-0.182360
2013-06-13,3.885010,2.026558,2.217298,-0.190740
2013-06-14,3.887748,2.002352,2.219790,-0.217438
2013-06-15,3.890486,1.999133,2.222270,-0.223137
2013-06-16,3.893224,2.002719,2.224740,-0.222021
2013-06-17,3.895962,2.000642,2.227198,-0.226556
2013-06-18,3.898700,2.016834,2.229645,-0.212810
2013-06-19,3.901437,2.023395,2.232080,-0.208685
2013-06-20,3.904175,2.027342,2.234505,-0.207163
2013-06-21,3.906913,2.013279,2.236918,-0.223638
2013-06-22,3.909651,1.972999,2.239320,-0.266321
2013-06-23,3.912389,2.005379,2.241711,-0.236332
2013-06-24,3.915127,1.964425,2.244090,-0.279666
2013-06-25,3.917864,1.999184,2.246459,-0.247275
2013-06-26,3.920602,1.995907,2.248816,-0.252909
2013-06-27,3.923340,1.992719,2.251162,-0.258443
2013-06-28,3.926078,1.966961,2.253497,-0.286536
2013-06-29,3.928816,1.957064,2.255821,-0.298757
2013-06-30,3.931554,1.954858,2.258134,-0.303276
2013-07-01,3.934292,1.946948,2.260435,-0.313488
2013-07-02,3.937029,1.934897,2.262726,-0.327829
2013-07-03,3.939767,1.926711,2.265005,-0.338294
2013-07-04,3.942505,1.893758,2.267273,-0.373515
2013-07-05,3.945243,1.862849,2.269530,-0.406681
2013-07-06,3.947981,1.826147,2.271776,-0.445629
2013-07-07,3.950719,1.827956,2.274011,-0.446055
2013-07-08,3.953457,1.871650,2.276235,-0.404585
2013-07-09,3.956194,1.868089,2.278447,-0.410358
2013-07-10,3.958932,1.888144,2.280649,-0.392505
2013-07-11,3.961670,1.932493,2.282840,-0.350346
2013-07-12,3.964408,1.965417,2.285019,-0.319602
2013-07-13,3.967146,1.951394,2.287187,-0.335794
2013-07-14,3.969884,1.963092,2.289345,-0.326253
2013-07-15,3.972621,1.965914,2.291491,-0.325577
2013-07-16,3.975359,1.968262,2.293627,-0.325365
2013-07-17,3.978097,1.936536,2.295751,-0.359215
2013-07-18,3.980835,1.932376,2.297864,-0.365488
2013-07-19,3.983573,1.931785,2.299967,-0.368182
2013-07-20,3.986311,1.944068,2.302058,-0.357990
2013-07-21,3.989049,1.933853,2.304139,-0.370286
2013-07-22,3.991786,1.937875,2.306208,-0.368333
2013-07-23,3.994524,1.941898,2.308267,-0.366369
2013-07-24,3.997262,1.945964,2.310315,-0.364351
2013-07-25,4.000000,1.952085,2.312352,-0.360266
2013-07-26,4.002738,1.957461,2.314377,-0.356916
2013-07-27,4.005476,1.952350,2.316392,-0.364043
2013-07-28,4.008214,1.955780,2.318397,-0.362617
2013-07-29,4.010951,1.969590,2.320390,-0.350800
2013-07-30,4.013689,1.976160,2.322372,-0.346213
2013-07-31,4.016427,1.997319,2.324344,-0.327025
2013-08-01,4.019165,1.991942,2.326305,-0.334363
2013-08-02,4.021903,1.989908,2.328255,-0.338347
2013-08-03,4.024641,1.986658,2.330194,-0.343536
2013-08-04,4.027379,1.986879,2.332123,-0.345244
2013-08-05,4.030116,1.992253,2.334040,-0.341787
2013-08-06,4.032854,1.994124,2.335947,-0.341823
2013-08-07,4.035592,1.993186,2.337843,-0.344658
2013-08-08,4.038330,1.984313,2.339729,-0.355416
2013-08-09,4.041068,1.976726,2.341604,-0.364878
2013-08-10,4.043806,1.974776,2.343468,-0.368692
2013-08-11,4.046543,1.977461,2.345321,-0.367860
2013-08-12,4.049281,1.979393,2.347164,-0.367771
2013-08-13,4.052019,1.986622,2.348996,-0.362374
2013-08-14,4.054757,2.005329,2.350818,-0.345488
2013-08-15,4.057495,1.999375,2.352629,-0.353254
2013-08-16,4.060233,1.995960,2.354429,-0.358469
2013-08-17,4.062971,1.998288,2.356219,-0.357931
2013-08-18,4.065708,2.001791,2.357998,-0.356208
2013-08-19,4.068446,2.013454,2.359767,-0.346313
2013-08-20,4.071184,2.018911,2.361525,-0.342614
2013-08-21,4.073922,2.033677,2.363273,-0.329596
2013-08-22,4.076660,2.047984,2.365010,-0.317026
2013-08-23,4.079398,2.037760,2.366737,-0.328977
2013-08-24,4.082136,2.036952,2.368453,-0.331501
2013-08-25,4.084873,2.046863,2.370159,-0.323296
2013-08-26,4.087611,2.045042,2.371855,-0.326813
2013-08-27,4.090349,2.067257,2.373540,-0.306282
2013-08-28,4.093087,2.073010,2.375214,-0.302205
2013-08-29,4.095825,2.076626,2.376879,-0.300253
2013-08-30,4.098563,2.082010,2.378533,-0.296522
2013-08-31,4.101300,2.109709,2.380177,-0.270468
2013-09-01,4.104038,2.119427,2.381810,-0.262383
2013-09-02,4.106776,2.117273,2.383433,-0.266160
2013-09-03,4.109514,2.115605,2.385046,-0.269441
2013-09-04,4.112252,2.107214,2.386649,-0.279434
2013-09-05,4.114990,2.086382,2.388241,-0.301859
2013-09-06,4.117728,2.090711,2.389823,-0.299112
2013-09-07,4.120465,2.077430,2.391395,-0.313966
2013-09-08,4.123203,2.077260,2.392957,-0.315698
2013-09-09,4.125941,2.074542,2.394509,-0.319967
2013-09-10,4.128679,2.089019,2.396051,-0.307032
2013-09-11,4.131417,2.093145,2.397582,-0.304438
2013-09-12,4.134155,2.106758,2.399104,-0.292346
2013-09-13,4.136893,2.109483,2.400615,-0.291133
2013-09-14,4.139630,2.105122,2.402117,-0.296995
2013-09-15,4.142368,2.100123,2.403608,-0.303485
2013-09-16,4.145106,2.102802,2.405090,-0.302288
2013-09-17,4.147844,2.105848,2.406561,-0.300713
2013-09-18,4.150582,2.108826,2.408023,-0.299197
2013-09-19,4.153320,2.103681,2.409474,-0.305793
2013-09-20,4.156057,2.095797,2.410916,-0.315119
2013-09-21,4.158795,2.093280,2.412348,-0.319068
2013-09-22,4.161533,2.093360,2.413770,-0.320410
2013-09-23,4.164271,2.099135,2.415182,-0.316047
2013-09-24,4.167009,2.101775,2.416585,-0.314810
2013-09-25,4.169747,2.100848,2.417977,-0.317130
2013-09-26,4.172485,2.102664,2.419360,-0.316696
2013-09-27,4.175222,2.104182,2.420733,-0.316551
2013-09-28,4.177960,2.109273,2.422097,-0.312824
2013-09-29,4.180698,2.111011,2.423451,-0.312439
2013-09-30,4.183436,2.102157,2.424795,-0.322638
2013-10-01,4.186174,2.105959,2.426129,-0.320170
2013-10-02,4.188912,2.091609,2.427454,-0.335845
2013-10-03,4.191650,2.056881,2.428769,-0.371888
2013-10-04,4.194387,2.089653,2.430075,-0.340422
2013-10-05,4.197125,2.090274,2.431371,-0.341097
2013-10-06,4.199863,2.089362,2.432658,-0.343296
2013-10-07,4.202601,2.095334,2.433935,-0.338601
2013-10-08,4.205339,2.095874,2.435202,-0.339328
2013-10-09,4.208077,2.099638,2.436461,-0.336822
2013-10-10,4.210815,2.103319,2.437710,-0.334391
2013-10-11,4.213552,2.106142,2.438949,-0.332807
2013-10-12,4.216290,2.107137,2.440179,-0.333042
2013-10-13,4.219028,2.115285,2.441400,-0.326115
2013-10-14,4.221766,2.131499,2.442611,-0.311112
2013-10-15,4.224504,2.140187,2.443813,-0.303626
2013-10-16,4.227242,2.155490,2.445006,-0.289516
2013-10-17,4.229979,2.153127,2.446190,-0.293062
2013-10-18,4.232717,2.170553,2.447364,-0.276811
2013-10-19,4.235455,2.205857,2.448530,-0.242672
2013-10-20,4.238193,2.217927,2.449686,-0.231759
2013-10-21,4.240931,2.238786,2.450833,-0.212047
2013-10-22,4.243669,2.269016,2.451971,-0.182955
2013-10-23,4.246407,2.290401,2.453099,-0.162699
2013-10-24,4.249144,2.286895,2.454219,-0.167325
2013-10-25,4.251882,2.259524,2.455330,-0.195805
2013-10-26,4.254620,2.259167,2.456432,-0.197265
2013-10-27,4.257358,2.267296,2.457525,-0.190228
2013-10-28,4.260096,2.286604,2.458608,-0.172004
2013-10-29,4.262834,2.295534,2.459683,-0.164149
2013-10-30,4.265572,2.302943,2.460749,-0.157806
2013-10-31,4.268309,2.301384,2.461807,-0.160423
2013-11-01,4.271047,2.307613,2.462855,-0.155242
2013-11-02,4.273785,2.308948,2.463895,-0.154946
2013-11-03,4.276523,2.313154,2.464925,-0.151772
2013-11-04,4.279261,2.330706,2.465947,-0.135242
2013-11-05,4.281999,2.371789,2.466961,-0.095172
2013-11-06,4.284736,2.407285,2.467965,-0.060681
2013-11-07,4.287474,2.449556,2.468961,-0.019406
2013-11-08,4.290212,2.497774,2.469949,0.027825
2013-11-09,4.292950,2.541520,2.470928,0.070593
2013-11-10,4.295688,2.487630,2.471898,0.015732
2013-11-11,4.298426,2.526126,2.472859,0.053267
2013-11-12,4.301164,2.550510,2.473813,0.076697
2013-11-13,4.303901,2.580410,2.474757,0.105653
2013-11-14,4.306639,2.619872,2.475693,0.144179
2013-11-15,4.309377,2.624273,2.476621,0.147652
2013-11-16,4.312115,2.632234,2.477541,0.154693
2013-11-17,4.314853,2.665365,2.478452,0.186913
2013-11-18,4.317591,2.742893,2.479354,0.263538
2013-11-19,4.320329,2.802187,2.480249,0.321938
2013-11-20,4.323066,2.723446,2.481135,0.242311
2013-11-21,4.325804,2.812487,2.482013,0.330475
2013-11-22,4.328542,2.862292,2.482882,0.379410
2013-11-23,4.331280,2.917679,2.483744,0.433935
2013-11-24,4.334018,2.894514,2.484597,0.409918
2013-11-25,4.336756,2.902320,2.485442,0.416878
2013-11-26,4.339493,2.921371,2.486279,0.435092
2013-11-27,4.342231,2.966729,2.487108,0.479621
2013-11-28,4.344969,2.997494,2.487929,0.509565
2013-11-29,4.347707,3.028267,2.488742,0.539525
2013-11-30,4.350445,3.053408,2.489547,0.563861
2013-12-01,4.353183,2.997026,2.490344,0.506682
2013-12-02,4.355921,3.000993,2.491133,0.509860
2013-12-03,4.358658,3.018992,2.491914,0.527078
2013-12-04,4.361396,3.037147,2.492687,0.544460
2013-12-05,4.364134,3.014558,2.493453,0.521105
2013-12-06,4.366872,2.977117,2.494210,0.482907
2013-12-07,4.369610,2.875080,2.494960,0.380120
2013-12-08,4.372348,2.867571,2.495702,0.371869
2013-12-09,4.375086,2.940760,2.496437,0.444324
2013-12-10,4.377823,2.976225,2.497164,0.479062
2013-12-11,4.380561,2.962737,2.497883,0.464855
2013-12-12,4.383299,2.941740,2.498594,0.443146
2013-12-13,4.386037,2.950430,2.499298,0.451132
2013-12-14,4.388775,2.940821,2.499995,0.440826
2013-12-15,4.391513,2.919485,2.500683,0.418801
2013-12-16,4.394251,2.901002,2.501365,0.399637
2013-12-17,4.396988,2.843776,2.502039,0.341737
2013-12-18,4.399726,2.751863,2.502705,0.249157
2013-12-19,4.402464,2.794418,2.503364,0.291053
2013-12-20,4.405202,2.829244,2.504016,0.325227
2013-12-21,4.407940,2.790395,2.504661,0.285735
2013-12-22,4.410678,2.800271,2.505298,0.294974
2013-12-23,4.413415,2.807181,2.505928,0.301254
2013-12-24,4.416153,2.815888,2.506550,0.309338
2013-12-25,4.418891,2.819968,2.507166,0.312802
2013-12-26,4.421629,2.855880,2.507774,0.348106
2013-12-27,4.424367,2.865157,2.508375,0.356782
2013-12-28,4.427105,2.861062,2.508969,0.352093
2013-12-29,4.429843,2.857376,2.509556,0.347819
2013-12-30,4.432580,2.868125,2.510136,0.357989
2013-12-31,4.435318,2.864987,2.510709,0.354278
2014-01-01,4.438056,2.873465,2.511275,0.362190
2014-01-02,4.440794,2.882329,2.511834,0.370495
2014-01-03,4.443532,2.903068,2.512386,0.390682
2014-01-04,4.446270,2.909331,2.512931,0.396400
2014-01-05,4.449008,2.940105,2.513469,0.426636
2014-01-06,4.451745,2.973328,2.514001,0.459327
2014-01-07,4.454483,2.946604,2.514526,0.432078
2014-01-08,4.457221,2.914651,2.515044,0.399607
2014-01-09,4.459959,2.918569,2.515555,0.403014
2014-01-10,4.462697,2.920439,2.516059,0.404380
2014-01-11,4.465435,2.947177,2.516557,0.430620
2014-01-12,4.468172,2.941385,2.517049,0.424337
2014-01-13,4.470910,2.918726,2.517533,0.401193
2014-01-14,4.473648,2.919737,2.518011,0.401725
2014-01-15,4.476386,2.926610,2.518483,0.408127
2014-01-16,4.479124,2.923250,2.518948,0.404302
2014-01-17,4.481862,2.907814,2.519407,0.388407
2014-01-18,4.484600,2.911621,2.519859,0.391762
2014-01-19,4.487337,2.916105,2.520305,0.395800
2014-01-20,4.490075,2.922320,2.520744,0.401576
2014-01-21,4.492813,2.917982,2.521177,0.396804
2014-01-22,4.495551,2.915540,2.521604,0.393935
2014-01-23,4.498289,2.914775,2.522025,0.392750
2014-01-24,4.501027,2.903273,2.522439,0.380835
2014-01-25,4.503765,2.906510,2.522847,0.383663
2014-01-26,4.506502,2.911865,2.523249,0.388616
2014-01-27,4.509240,2.907773,2.523645,0.384128
2014-01-28,4.511978,2.898314,2.524034,0.374279
2014-01-29,4.514716,2.903607,2.524418,0.379189
2014-01-30,4.517454,2.902640,2.524796,0.377845
2014-01-31,4.520192,2.907094,2.525167,0.381927
2014-02-01,4.522930,2.912375,2.525533,0.386842
2014-02-02,4.525667,2.914553,2.525893,0.388660
2014-02-03,4.528405,2.911181,2.526246,0.384935
2014-02-04,4.531143,2.909844,2.526594,0.383250
2014-02-05,4.533881,2.906787,2.526936,0.379850
2014-02-06,4.536619,2.895158,2.527272,0.367885
2014-02-07,4.539357,2.861923,2.527603,0.334320
2014-02-08,4.542094,2.850215,2.527928,0.322287
2014-02-09,4.544832,2.845363,2.528247,0.317117
2014-02-10,4.547570,2.830869,2.528560,0.302309
2014-02-11,4.550308,2.841443,2.528868,0.312575
2014-02-12,4.553046,2.824553,2.529170,0.295383
2014-02-13,4.555784,2.809854,2.529466,0.280387
2014-02-14,4.558522,2.795823,2.529757,0.266066
2014-02-15,4.561259,2.811273,2.530043,0.281231
2014-02-16,4.563997,2.798351,2.530323,0.268028
2014-02-17,4.566735,2.797697,2.530597,0.267100
2014-02-18,4.569473,2.794924,2.530866,0.264058
2014-02-19,4.572211,2.790978,2.531130,0.259848
2014-02-20,4.574949,2.768635,2.531388,0.237247
2014-02-21,4.577687,2.744752,2.531641,0.213111
2014-02-22,4.580424,2.756479,2.531889,0.224590
2014-02-23,4.583162,2.783903,2.532131,0.251771
2014-02-24,4.585900,2.751316,2.532369,0.218947
2014-02-25,4.588638,2.694503,2.532601,0.161902
2014-02-26,4.591376,2.759589,2.532828,0.226762
2014-02-27,4.594114,2.766381,2.533050,0.233332
2014-02-28,4.596851,2.757038,2.533266,0.223771
2014-03-01,4.599589,2.752778,2.533478,0.219300
2014-03-02,4.602327,2.754709,2.533685,0.221024
2014-03-03,4.605065,2.787753,2.533886,0.253867
2014-03-04,4.607803,2.829372,2.534083,0.295290
2014-03-05,4.610541,2.824199,2.534275,0.289925
2014-03-06,4.613279,2.824674,2.534461,0.290212
2014-03-07,4.616016,2.808594,2.534643,0.273951
2014-03-08,4.618754,2.795088,2.534821,0.260267
2014-03-09,4.621492,2.798994,2.534993,0.264001
2014-03-10,4.624230,2.799927,2.535160,0.264767
2014-03-11,4.626968,2.797140,2.535323,0.261817
2014-03-12,4.629706,2.804994,2.535481,0.269512
2014-03-13,4.632444,2.807700,2.535635,0.272065
2014-03-14,4.635181,2.803934,2.535784,0.268150
2014-03-15,4.637919,2.803581,2.535928,0.267653
2014-03-16,4.640657,2.804079,2.536068,0.268012
2014-03-17,4.643395,2.798447,2.536203,0.262244
2014-03-18,4.646133,2.789893,2.536333,0.253559
2014-03-19,4.648871,2.789955,2.536460,0.253496
2014-03-20,4.651608,2.777407,2.536581,0.240825
2014-03-21,4.654346,2.766812,2.536699,0.230114
2014-03-22,4.657084,2.751913,2.536811,0.215102
2014-03-23,4.659822,2.753429,2.536920,0.216509
2014-03-24,4.662560,2.752864,2.537024,0.215840
2014-03-25,4.665298,2.763339,2.537124,0.226215
2014-03-26,4.668036,2.764795,2.537220,0.227575
2014-03-27,4.670773,2.737746,2.537311,0.200434
2014-03-28,4.673511,2.707661,2.537399,0.170262
2014-03-29,4.676249,2.700851,2.537482,0.163369
2014-03-30,4.678987,2.673578,2.537561,0.136017
2014-03-31,4.681725,2.662010,2.537636,0.124375
2014-04-01,4.684463,2.679286,2.537707,0.141580
2014-04-02,4.687201,2.667887,2.537773,0.130114
2014-04-03,4.689938,2.641122,2.537836,0.103286
2014-04-04,4.692676,2.649386,2.537895,0.111491
2014-04-05,4.695414,2.656241,2.537950,0.118291
2014-04-06,4.698152,2.661975,2.538001,0.123974
2014-04-07,4.700890,2.659215,2.538048,0.121167
2014-04-08,4.703628,2.658221,2.538091,0.120130
2014-04-09,4.706366,2.653055,2.538131,0.114925
2014-04-10,4.709103,2.612240,2.538166,0.074073
2014-04-11,4.711841,2.604444,2.538198,0.066246
2014-04-12,4.714579,2.632130,2.538227,0.093903
2014-04-13,4.717317,2.620802,2.538251,0.082551
2014-04-14,4.720055,2.648893,2.538272,0.110621
2014-04-15,4.722793,2.690082,2.538289,0.151793
2014-04-16,4.725530,2.713902,2.538303,0.175600
2014-04-17,4.728268,2.704100,2.538313,0.165788
2014-04-18,4.731006,2.689924,2.538319,0.151605
2014-04-19,4.733744,2.694279,2.538322,0.155956
2014-04-20,4.736482,2.703440,2.538322,0.165118
2014-04-21,4.739220,2.700455,2.538318,0.162137
2014-04-22,4.741958,2.695500,2.538311,0.157190
2014-04-23,4.744695,2.690553,2.538300,0.152253
2014-04-24,4.747433,2.690363,2.538286,0.152077
2014-04-25,4.750171,2.667089,2.538269,0.128820
2014-04-26,4.752909,2.663667,2.538248,0.125419
2014-04-27,4.755647,2.655954,2.538224,0.117730
2014-04-28,4.758385,2.641861,2.538197,0.103664
2014-04-29,4.761123,2.646926,2.538167,0.108760
2014-04-30,4.763860,2.648700,2.538133,0.110567
2014-05-01,4.766598,2.658527,2.538097,0.120430
2014-05-02,4.769336,2.654162,2.538057,0.116105
2014-05-03,4.772074,2.644627,2.538014,0.106613
2014-05-04,4.774812,2.638734,2.537968,0.100766
2014-05-05,4.777550,2.636097,2.537919,0.098178
2014-05-06,4.780287,2.632275,2.537867,0.094407
2014-05-07,4.783025,2.641810,2.537812,0.103998
2014-05-08,4.785763,2.646967,2.537755,0.109212
2014-05-09,4.788501,2.650857,2.537694,0.113163
2014-05-10,4.791239,2.654266,2.537630,0.116636
2014-05-11,4.793977,2.646487,2.537564,0.108923
2014-05-12,4.796715,2.642289,2.537495,0.104794
2014-05-13,4.799452,2.641936,2.537423,0.104513
2014-05-14,4.802190,2.646024,2.537348,0.108676
2014-05-15,4.804928,2.649995,2.537270,0.112724
2014-05-16,4.807666,2.650682,2.537190,0.113492
2014-05-17,4.810404,2.651690,2.537107,0.114583
2014-05-18,4.813142,2.649084,2.537022,0.112063
2014-05-19,4.815880,2.647623,2.536933,0.110690
2014-05-20,4.818617,2.668766,2.536843,0.131923
2014-05-21,4.821355,2.690902,2.536749,0.154152
2014-05-22,4.824093,2.706986,2.536654,0.170332
2014-05-23,4.826831,2.721897,2.536555,0.185342
2014-05-24,4.829569,2.714562,2.536454,0.178108
2014-05-25,4.832307,2.746129,2.536351,0.209778
2014-05-26,4.835044,2.763237,2.536246,0.226992
2014-05-27,4.837782,2.758084,2.536137,0.221946
2014-05-28,4.840520,2.758139,2.536027,0.222112
2014-05-29,4.843258,2.755327,2.535914,0.219413
2014-05-30,4.845996,2.777425,2.535799,0.241626
2014-05-31,4.848734,2.793732,2.535682,0.258050
2014-06-01,4.851472,2.810302,2.535562,0.274739
2014-06-02,4.854209,2.805629,2.535441,0.270188
2014-06-03,4.856947,2.824628,2.535317,0.289311
2014-06-04,4.859685,2.809394,2.535191,0.274203
2014-06-05,4.862423,2.816489,2.535062,0.281426
2014-06-06,4.865161,2.818143,2.534932,0.283211
2014-06-07,4.867899,2.815093,2.534799,0.280293
2014-06-08,4.870637,2.817114,2.534665,0.282449
2014-06-09,4.873374,2.813449,2.534528,0.278921
2014-06-10,4.876112,2.814805,2.534390,0.280415
2014-06-11,4.878850,2.808177,2.534249,0.273928
2014-06-12,4.881588,2.792637,2.534107,0.258531
2014-06-13,4.884326,2.774439,2.533962,0.240477
2014-06-14,4.887064,2.758952,2.533816,0.225136
2014-06-15,4.889802,2.751953,2.533668,0.218285
2014-06-16,4.892539,2.774356,2.533518,0.240838
2014-06-17,4.895277,2.776096,2.533366,0.242730
2014-06-18,4.898015,2.784757,2.533212,0.251545
2014-06-19,4.900753,2.782871,2.533057,0.249814
2014-06-20,4.903491,2.773471,2.532900,0.240571
2014-06-21,4.906229,2.772436,2.532741,0.239695
2014-06-22,4.908966,2.780443,2.532580,0.247862
2014-06-23,4.911704,2.772441,2.532418,0.240023
2014-06-24,4.914442,2.770073,2.532254,0.237818
2014-06-25,4.917180,2.757391,2.532089,0.225302
2014-06-26,4.919918,2.758110,2.531922,0.226188
2014-06-27,4.922656,2.767788,2.531753,0.236035
2014-06-28,4.925394,2.777234,2.531583,0.245650
2014-06-29,4.928131,2.776052,2.531412,0.244641
2014-06-30,4.930869,2.795045,2.531238,0.263807
2014-07-01,4.933607,2.812448,2.531064,0.281384
2014-07-02,4.936345,2.811806,2.530888,0.280918
2014-07-03,4.939083,2.810673,2.530710,0.279963
2014-07-04,4.941821,2.804839,2.530532,0.274308
2014-07-05,4.944559,2.799638,2.530352,0.269287
2014-07-06,4.947296,2.803013,2.530170,0.272843
2014-07-07,4.950034,2.797644,2.529987,0.267657
2014-07-08,4.952772,2.793731,2.529803,0.263928
2014-07-09,4.955510,2.794369,2.529618,0.264751
2014-07-10,4.958248,2.790657,2.529431,0.261225
2014-07-11,4.960986,2.794208,2.529244,0.264965
2014-07-12,4.963723,2.800659,2.529055,0.271604
2014-07-13,4.966461,2.799261,2.528864,0.270396
2014-07-14,4.969199,2.794494,2.528673,0.265821
2014-07-15,4.971937,2.793599,2.528481,0.265118
2014-07-16,4.974675,2.792060,2.528287,0.263772
2014-07-17,4.977413,2.792528,2.528093,0.264435
2014-07-18,4.980151,2.795085,2.527897,0.267188
2014-07-19,4.982888,2.797380,2.527701,0.269679
2014-07-20,4.985626,2.795440,2.527503,0.267937
2014-07-21,4.988364,2.793852,2.527304,0.266548
2014-07-22,4.991102,2.792535,2.527105,0.265431
2014-07-23,4.993840,2.791923,2.526904,0.265019
2014-07-24,4.996578,2.784626,2.526703,0.257923
2014-07-25,4.999316,2.779069,2.526501,0.252569
2014-07-26,5.002053,2.774849,2.526298,0.248551
2014-07-27,5.004791,2.774680,2.526094,0.248586
2014-07-28,5.007529,2.766497,2.525889,0.240608
2014-07-29,5.010267,2.766226,2.525683,0.240543
2014-07-30,5.013005,2.759053,2.525477,0.233576
2014-07-31,5.015743,2.760247,2.525270,0.234977
2014-08-01,5.018480,2.769574,2.525062,0.244512
2014-08-02,5.021218,2.771664,2.524853,0.246811
2014-08-03,5.023956,2.767318,2.524644,0.242674
2014-08-04,5.026694,2.769783,2.524434,0.245348
2014-08-05,5.029432,2.766041,2.524224,0.241817
2014-08-06,5.032170,2.764562,2.524013,0.240549
2014-08-07,5.034908,2.766851,2.523801,0.243050
2014-08-08,5.037645,2.770857,2.523589,0.247268
2014-08-09,5.040383,2.768103,2.523376,0.244727
2014-08-10,5.043121,2.769649,2.523162,0.246487
2014-08-11,5.045859,2.765890,2.522948,0.242942
2014-08-12,5.048597,2.755627,2.522734,0.232892
2014-08-13,5.051335,2.742821,2.522519,0.220302
2014-08-14,5.054073,2.715799,2.522304,0.193495
2014-08-15,5.056810,2.707646,2.522088,0.185558
2014-08-16,5.059548,2.704097,2.521872,0.182225
2014-08-17,5.062286,2.704154,2.521655,0.182499
2014-08-18,5.065024,2.680571,2.521439,0.159132
2014-08-19,5.067762,2.682096,2.521221,0.160874
2014-08-20,5.070500,2.694469,2.521004,0.173466
2014-08-21,5.073238,2.717188,2.520786,0.196402
2014-08-22,5.075975,2.712903,2.520568,0.192335
2014-08-23,5.078713,2.704741,2.520349,0.184392
2014-08-24,5.081451,2.707688,2.520131,0.187557
2014-08-25,5.084189,2.702031,2.519912,0.182119
2014-08-26,5.086927,2.706524,2.519693,0.186831
2014-08-27,5.089665,2.713886,2.519473,0.194413
2014-08-28,5.092402,2.705303,2.519254,0.186049
2014-08-29,5.095140,2.708419,2.519034,0.189385
2014-08-30,5.097878,2.703933,2.518814,0.185118
2014-08-31,5.100616,2.692314,2.518595,0.173719
2014-09-01,5.103354,2.684060,2.518375,0.165685
2014-09-02,5.106092,2.688287,2.518155,0.170133
2014-09-03,5.108830,2.678281,2.517934,0.160346
2014-09-04,5.111567,2.682119,2.517714,0.164404
2014-09-05,5.114305,2.686188,2.517494,0.168694
2014-09-06,5.117043,2.691240,2.517274,0.173966
2014-09-07,5.119781,2.684865,2.517054,0.167811
2014-09-08,5.122519,2.676074,2.516834,0.159240
2014-09-09,5.125257,2.671730,2.516614,0.155116
2014-09-10,5.127995,2.680974,2.516394,0.164580
2014-09-11,5.130732,2.678408,2.516174,0.162234
2014-09-12,5.133470,2.675795,2.515954,0.159840
2014-09-13,5.136208,2.678239,2.515735,0.162504
2014-09-14,5.138946,2.681609,2.515515,0.166094
2014-09-15,5.141684,2.677053,2.515296,0.161757
2014-09-16,5.144422,2.675191,2.515077,0.160114
2014-09-17,5.147159,2.661446,2.514858,0.146589
2014-09-18,5.149897,2.642562,2.514639,0.127923
2014-09-19,5.152635,2.607920,2.514421,0.093499
2014-09-20,5.155373,2.614567,2.514202,0.100364
2014-09-21,5.158111,2.608440,2.513984,0.094456
2014-09-22,5.160849,2.597676,2.513767,0.083910
2014-09-23,5.163587,2.617001,2.513549,0.103452
2014-09-24,5.166324,2.631558,2.513332,0.118226
2014-09-25,5.169062,2.614520,2.513115,0.101404
2014-09-26,5.171800,2.608714,2.512899,0.095814
2014-09-27,5.174538,2.605204,2.512683,0.092521
2014-09-28,5.177276,2.599656,2.512467,0.087188
2014-09-29,5.180014,2.579999,2.512252,0.067747
2014-09-30,5.182752,2.580857,2.512037,0.068820
2014-10-01,5.185489,2.586697,2.511823,0.074874
2014-10-02,5.188227,2.577836,2.511609,0.066227
2014-10-03,5.190965,2.568580,2.511395,0.057184
2014-10-04,5.193703,2.542154,2.511182,0.030971
2014-10-05,5.196441,2.499398,2.510970,-0.011572
2014-10-06,5.199179,2.509458,2.510758,-0.001300
2014-10-07,5.201916,2.516981,2.510546,0.006435
2014-10-08,5.204654,2.520925,2.510335,0.010590
2014-10-09,5.207392,2.562533,2.510125,0.052409
2014-10-10,5.210130,2.550093,2.509915,0.040178
2014-10-11,5.212868,2.548302,2.509706,0.038597
2014-10-12,5.215606,2.561022,2.509497,0.051525
2014-10-13,5.218344,2.576099,2.509289,0.066810
2014-10-14,5.221081,2.604443,2.509081,0.095361
2014-10-15,5.223819,2.596306,2.508875,0.087432
2014-10-16,5.226557,2.587685,2.508668,0.079016
2014-10-17,5.229295,2.580051,2.508463,0.071588
2014-10-18,5.232033,2.584056,2.508258,0.075797
2014-10-19,5.234771,2.589831,2.508054,0.081777
2014-10-20,5.237509,2.584017,2.507851,0.076166
2014-10-21,5.240246,2.587802,2.507648,0.080154
2014-10-22,5.242984,2.585200,2.507446,0.077754
2014-10-23,5.245722,2.567294,2.507245,0.060049
2014-10-24,5.248460,2.554691,2.507045,0.047646
2014-10-25,5.251198,2.547825,2.506845,0.040980
2014-10-26,5.253936,2.550777,2.506646,0.044131
2014-10-27,5.256674,2.550673,2.506448,0.044225
2014-10-28,5.259411,2.548447,2.506251,0.042196
2014-10-29,5.262149,2.538968,2.506054,0.032914
2014-10-30,5.264887,2.531258,2.505859,0.025399
2014-10-31,5.267625,2.535533,2.505664,0.029869
2014-11-01,5.270363,2.520078,2.505470,0.014608
2014-11-02,5.273101,2.513071,2.505277,0.007794
2014-11-03,5.275838,2.515407,2.505085,0.010321
2014-11-04,5.278576,2.514534,2.504894,0.009640
2014-11-05,5.281314,2.526745,2.504704,0.022040
2014-11-06,5.284052,2.536351,2.504515,0.031836
2014-11-07,5.286790,2.537680,2.504327,0.033353
2014-11-08,5.289528,2.536340,2.504139,0.032200
2014-11-09,5.292266,2.543362,2.503953,0.039409
2014-11-10,5.295003,2.561810,2.503767,0.058043
2014-11-11,5.297741,2.564777,2.503583,0.061194
2014-11-12,5.300479,2.596346,2.503400,0.092946
2014-11-13,5.303217,2.627712,2.503217,0.124495
2014-11-14,5.305955,2.601989,2.503036,0.098953
2014-11-15,5.308693,2.588075,2.502855,0.085220
2014-11-16,5.311431,2.587831,2.502676,0.085154
2014-11-17,5.314168,2.599497,2.502498,0.096999
2014-11-18,5.316906,2.583220,2.502321,0.080900
2014-11-19,5.319644,2.579461,2.502145,0.077316
2014-11-20,5.322382,2.563512,2.501970,0.061542
2014-11-21,5.325120,2.552079,2.501796,0.050283
2014-11-22,5.327858,2.553111,2.501623,0.051487
2014-11-23,5.330595,2.555163,2.501452,0.053712
2014-11-24,5.333333,2.574722,2.501281,0.073441
2014-11-25,5.336071,2.583960,2.501112,0.082848
2014-11-26,5.338809,2.570627,2.500944,0.069683
2014-11-27,5.341547,2.570495,2.500777,0.069719
2014-11-28,5.344285,2.568622,2.500611,0.068011
2014-11-29,5.347023,2.578564,2.500446,0.078117
2014-11-30,5.349760,2.578708,2.500283,0.078425
2014-12-01,5.352498,2.571481,2.500121,0.071360
2014-12-02,5.355236,2.580276,2.499960,0.080316
2014-12-03,5.357974,2.578095,2.499800,0.078295
2014-12-04,5.360712,2.573512,2.499641,0.073871
2014-12-05,5.363450,2.571886,2.499484,0.072402
2014-12-06,5.366188,2.574531,2.499328,0.075203
2014-12-07,5.368925,2.573348,2.499173,0.074175
2014-12-08,5.371663,2.568138,2.499020,0.069118
2014-12-09,5.374401,2.548290,2.498868,0.049422
2014-12-10,5.377139,2.548941,2.498717,0.050224
2014-12-11,5.379877,2.547854,2.498567,0.049287
2014-12-12,5.382615,2.549938,2.498419,0.051519
2014-12-13,5.385352,2.544611,2.498272,0.046339
2014-12-14,5.388090,2.546096,2.498127,0.047970
2014-12-15,5.390828,2.542732,2.497982,0.044750
2014-12-16,5.393566,2.528583,2.497839,0.030744
2014-12-17,5.396304,2.512124,2.497698,0.014426
2014-12-18,5.399042,2.504832,2.497558,0.007274
2014-12-19,5.401780,2.499464,2.497419,0.002045
2014-12-20,5.404517,2.512230,2.497281,0.014949
2014-12-21,5.407255,2.511219,2.497145,0.014073
2014-12-22,5.409993,2.514796,2.497011,0.017785
2014-12-23,5.412731,2.522279,2.496878,0.025402
2014-12-24,5.415469,2.517713,2.496746,0.020967
2014-12-25,5.418207,2.504971,2.496615,0.008356
2014-12-26,5.420945,2.509074,2.496486,0.012587
2014-12-27,5.423682,2.504901,2.496359,0.008542
2014-12-28,5.426420,2.501004,2.496233,0.004772
2014-12-29,5.429158,2.500248,2.496108,0.004140
2014-12-30,5.431896,2.496661,2.495985,0.000676
2014-12-31,5.434634,2.497382,2.495863,0.001519
2015-01-01,5.437372,2.500518,2.495743,0.004775
2015-01-02,5.440110,2.499582,2.495624,0.003958
2015-01-03,5.442847,2.482622,2.495507,-0.012885
2015-01-04,5.445585,2.441198,2.495392,-0.054194
2015-01-05,5.448323,2.436876,2.495277,-0.058401
2015-01-06,5.451061,2.442082,2.495165,-0.053082
2015-01-07,5.453799,2.460268,2.495053,-0.034785
2015-01-08,5.456537,2.465550,2.494944,-0.029393
2015-01-09,5.459274,2.460784,2.494836,-0.034052
2015-01-10,5.462012,2.450920,2.494729,-0.043809
2015-01-11,5.464750,2.439433,2.494624,-0.055191
2015-01-12,5.467488,2.432594,2.494521,-0.061927
2015-01-13,5.470226,2.387197,2.494419,-0.107221
2015-01-14,5.472964,2.295951,2.494318,-0.198367
2015-01-15,5.475702,2.315974,2.494219,-0.178245
2015-01-16,5.478439,2.326719,2.494122,-0.167403
2015-01-17,5.481177,2.304428,2.494027,-0.189599
2015-01-18,5.483915,2.317512,2.493933,-0.176420
2015-01-19,5.486653,2.327290,2.493840,-0.166550
2015-01-20,5.489391,2.325647,2.493749,-0.168102
2015-01-21,5.492129,2.335209,2.493660,-0.158451
2015-01-22,5.494867,2.363240,2.493572,-0.130333
2015-01-23,5.497604,2.362103,2.493486,-0.131384
2015-01-24,5.500342,2.377002,2.493402,-0.116400
2015-01-25,5.503080,2.397315,2.493319,-0.096004
2015-01-26,5.505818,2.448407,2.493238,-0.044831
2015-01-27,5.508556,2.417289,2.493159,-0.075870
2015-01-28,5.511294,2.405305,2.493081,-0.087776
2015-01-29,5.514031,2.369252,2.493005,-0.123753
2015-01-30,5.516769,2.368030,2.492930,-0.124900
2015-01-31,5.519507,2.361299,2.492858,-0.131559
2015-02-01,5.522245,2.345327,2.492786,-0.147460
2015-02-02,5.524983,2.357824,2.492717,-0.134893
2015-02-03,5.527721,2.376442,2.492649,-0.116208
2015-02-04,5.530459,2.358424,2.492583,-0.134159
2015-02-05,5.533196,2.346601,2.492519,-0.145917
2015-02-06,5.535934,2.342978,2.492456,-0.149478
2015-02-07,5.538672,2.352673,2.492395,-0.139722
2015-02-08,5.541410,2.353065,2.492336,-0.139270
2015-02-09,5.544148,2.344980,2.492278,-0.147298
2015-02-10,5.546886,2.340709,2.492222,-0.151513
2015-02-11,5.549624,2.343173,2.492168,-0.148995
2015-02-12,5.552361,2.343808,2.492115,-0.148308
2015-02-13,5.555099,2.365933,2.492065,-0.126132
2015-02-14,5.557837,2.389237,2.492016,-0.102778
2015-02-15,5.560575,2.396445,2.491968,-0.095523
2015-02-16,5.563313,2.372930,2.491923,-0.118993
2015-02-17,5.566051,2.378971,2.491879,-0.112908
2015-02-18,5.568789,2.379810,2.491837,-0.112027
2015-02-19,5.571526,2.378688,2.491797,-0.113109
2015-02-20,5.574264,2.386334,2.491758,-0.105424
2015-02-21,5.577002,2.387051,2.491721,-0.104670
2015-02-22,5.579740,2.383058,2.491686,-0.108628
2015-02-23,5.582478,2.374616,2.491653,-0.117037
2015-02-24,5.585216,2.378077,2.491621,-0.113544
2015-02-25,5.587953,2.377476,2.491592,-0.114116
2015-02-26,5.590691,2.375087,2.491564,-0.116477
2015-02-27,5.593429,2.396740,2.491538,-0.094798
2015-02-28,5.596167,2.401736,2.491513,-0.089777
2015-03-01,5.598905,2.401296,2.491491,-0.090194
2015-03-02,5.601643,2.419428,2.491470,-0.072042
2015-03-03,5.604381,2.439185,2.491451,-0.052266
2015-03-04,5.607118,2.446291,2.491434,-0.045142
2015-03-05,5.609856,2.434955,2.491418,-0.056463
2015-03-06,5.612594,2.435967,2.491405,-0.055437
2015-03-07,5.615332,2.437084,2.491393,-0.054308
2015-03-08,5.618070,2.440254,2.491383,-0.051129
2015-03-09,5.620808,2.449794,2.491375,-0.041581
2015-03-10,5.623546,2.465567,2.491368,-0.025801
2015-03-11,5.626283,2.468112,2.491364,-0.023252
2015-03-12,5.629021,2.469581,2.491361,-0.021780
2015-03-13,5.631759,2.465338,2.491360,-0.026022
2015-03-14,5.634497,2.459068,2.491361,-0.032293
2015-03-15,5.637235,2.456194,2.491364,-0.035170
2015-03-16,5.639973,2.465239,2.491368,-0.026130
2015-03-17,5.642710,2.461979,2.491375,-0.029396
2015-03-18,5.645448,2.438931,2.491383,-0.052452
2015-03-19,5.648186,2.414503,2.491393,-0.076891
2015-03-20,5.650924,2.419420,2.491405,-0.071985
2015-03-21,5.653662,2.416530,2.491419,-0.074889
2015-03-22,5.656400,2.419548,2.491435,-0.071887
2015-03-23,5.659138,2.428098,2.491452,-0.063354
2015-03-24,5.661875,2.410038,2.491471,-0.081433
2015-03-25,5.664613,2.391341,2.491493,-0.100152
2015-03-26,5.667351,2.399037,2.491516,-0.092479
2015-03-27,5.670089,2.395364,2.491541,-0.096176
2015-03-28,5.672827,2.401098,2.491567,-0.090470
2015-03-29,5.675565,2.391571,2.491596,-0.100025
2015-03-30,5.678303,2.392283,2.491627,-0.099343
2015-03-31,5.681040,2.391452,2.491659,-0.100207
2015-04-01,5.683778,2.387537,2.491693,-0.104156
2015-04-02,5.686516,2.394325,2.491730,-0.097404
2015-04-03,5.689254,2.402516,2.491768,-0.089252
2015-04-04,5.691992,2.403113,2.491807,-0.088695
2015-04-05,5.694730,2.408120,2.491849,-0.083729
2015-04-06,5.697467,2.408835,2.491893,-0.083058
2015-04-07,5.700205,2.403417,2.491938,-0.088522
2015-04-08,5.702943,2.396442,2.491986,-0.095543
2015-04-09,5.705681,2.389920,2.492035,-0.102115
2015-04-10,5.708419,2.380030,2.492086,-0.112057
2015-04-11,5.711157,2.376505,2.492139,-0.115635
2015-04-12,5.713895,2.375829,2.492194,-0.116366
2015-04-13,5.716632,2.366857,2.492251,-0.125394
2015-04-14,5.719370,2.347349,2.492310,-0.144961
2015-04-15,5.722108,2.348433,2.492371,-0.143937
2015-04-16,5.724846,2.358132,2.492433,-0.134301
2015-04-17,5.727584,2.353182,2.492498,-0.139315
2015-04-18,5.730322,2.350355,2.492564,-0.142209
2015-04-19,5.733060,2.352831,2.492632,-0.139801
2015-04-20,5.735797,2.352534,2.492702,-0.140168
2015-04-21,5.738535,2.355822,2.492774,-0.136952
2015-04-22,5.741273,2.371273,2.492848,-0.121576
2015-04-23,5.744011,2.370210,2.492924,-0.122715
2015-04-24,5.746749,2.366602,2.493002,-0.126400
2015-04-25,5.749487,2.360554,2.493082,-0.132528
2015-04-26,5.752225,2.344876,2.493163,-0.148287
2015-04-27,5.754962,2.348147,2.493247,-0.145100
2015-04-28,5.757700,2.353998,2.493332,-0.139335
2015-04-29,5.760438,2.353893,2.493420,-0.139526
2015-04-30,5.763176,2.366095,2.493509,-0.127414
2015-05-01,5.765914,2.372450,2.493600,-0.121150
2015-05-02,5.768652,2.370954,2.493693,-0.122740
2015-05-03,5.771389,2.379122,2.493788,-0.114666
2015-05-04,5.774127,2.379530,2.493885,-0.114355
2015-05-05,5.776865,2.371694,2.493984,-0.122290
2015-05-06,5.779603,2.371481,2.494085,-0.122603
2015-05-07,5.782341,2.367040,2.494188,-0.127147
2015-05-08,5.785079,2.378638,2.494292,-0.115654
2015-05-09,5.787817,2.384147,2.494399,-0.110252
2015-05-10,5.790554,2.382295,2.494507,-0.112213
2015-05-11,5.793292,2.383073,2.494618,-0.111545
2015-05-12,5.796030,2.383374,2.494730,-0.111356
2015-05-13,5.798768,2.384369,2.494844,-0.110475
2015-05-14,5.801506,2.375905,2.494960,-0.119056
2015-05-15,5.804244,2.377035,2.495078,-0.118044
2015-05-16,5.806982,2.375505,2.495199,-0.119694
2015-05-17,5.809719,2.374723,2.495321,-0.120598
2015-05-18,5.812457,2.373399,2.495444,-0.122045
2015-05-19,5.815195,2.368781,2.495570,-0.126790
2015-05-20,5.817933,2.369142,2.495698,-0.126556
2015-05-21,5.820671,2.371724,2.495828,-0.124104
2015-05-22,5.823409,2.375237,2.495959,-0.120723
2015-05-23,5.826146,2.379537,2.496093,-0.116556
2015-05-24,5.828884,2.379179,2.496229,-0.117049
2015-05-25,5.831622,2.377115,2.496366,-0.119251
2015-05-26,5.834360,2.375153,2.496505,-0.121353
2015-05-27,5.837098,2.375276,2.496647,-0.121371
2015-05-28,5.839836,2.375025,2.496790,-0.121765
2015-05-29,5.842574,2.374057,2.496935,-0.122878
2015-05-30,5.845311,2.369794,2.497082,-0.127288
2015-05-31,5.848049,2.367317,2.497231,-0.129914
2015-06-01,5.850787,2.357767,2.497382,-0.139616
2015-06-02,5.853525,2.353209,2.497535,-0.144326
2015-06-03,5.856263,2.355513,2.497690,-0.142178
2015-06-04,5.859001,2.355183,2.497847,-0.142664
2015-06-05,5.861739,2.352855,2.498006,-0.145151
2015-06-06,5.864476,2.352776,2.498167,-0.145390
2015-06-07,5.867214,2.352024,2.498329,-0.146306
2015-06-08,5.869952,2.355695,2.498494,-0.142800
2015-06-09,5.872690,2.361476,2.498661,-0.137185
2015-06-10,5.875428,2.360301,2.498829,-0.138528
2015-06-11,5.878166,2.361602,2.499000,-0.137398
2015-06-12,5.880903,2.362187,2.499172,-0.136986
2015-06-13,5.883641,2.362953,2.499347,-0.136393
2015-06-14,5.886379,2.366943,2.499523,-0.132580
2015-06-15,5.889117,2.370636,2.499701,-0.129065
2015-06-16,5.891855,2.383356,2.499881,-0.116525
2015-06-17,5.894593,2.398441,2.500064,-0.101623
2015-06-18,5.897331,2.395399,2.500248,-0.104848
2015-06-19,5.900068,2.394024,2.500434,-0.106410
2015-06-20,5.902806,2.387603,2.500622,-0.113019
2015-06-21,5.905544,2.387243,2.500812,-0.113568
2015-06-22,5.908282,2.390041,2.501004,-0.110963
2015-06-23,5.911020,2.388949,2.501198,-0.112249
2015-06-24,5.913758,2.384704,2.501393,-0.116689
2015-06-25,5.916496,2.383841,2.501591,-0.117750
2015-06-26,5.919233,2.384514,2.501791,-0.117277
2015-06-27,5.921971,2.390378,2.501993,-0.111615
2015-06-28,5.924709,2.395747,2.502196,-0.106449
2015-06-29,5.927447,2.402443,2.502402,-0.099959
2015-06-30,5.930185,2.419211,2.502609,-0.083399
2015-07-01,5.932923,2.413808,2.502819,-0.089011
2015-07-02,5.935661,2.409512,2.503030,-0.093519
2015-07-03,5.938398,2.407026,2.503244,-0.096218
2015-07-04,5.941136,2.408840,2.503459,-0.094619
2015-07-05,5.943874,2.420409,2.503677,-0.083268
2015-07-06,5.946612,2.432506,2.503896,-0.071390
2015-07-07,5.949350,2.427164,2.504117,-0.076954
2015-07-08,5.952088,2.428632,2.504340,-0.075708
2015-07-09,5.954825,2.430757,2.504566,-0.073808
2015-07-10,5.957563,2.449462,2.504793,-0.055330
2015-07-11,5.960301,2.464386,2.505022,-0.040636
2015-07-12,5.963039,2.482938,2.505253,-0.022315
2015-07-13,5.965777,2.470046,2.505486,-0.035440
2015-07-14,5.968515,2.465030,2.505721,-0.040691
2015-07-15,5.971253,2.462994,2.505958,-0.042964
2015-07-16,5.973990,2.450726,2.506197,-0.055471
2015-07-17,5.976728,2.443808,2.506438,-0.062630
2015-07-18,5.979466,2.444168,2.506681,-0.062512
2015-07-19,5.982204,2.440781,2.506925,-0.066144
2015-07-20,5.984942,2.442048,2.507172,-0.065124
2015-07-21,5.987680,2.444996,2.507421,-0.062425
2015-07-22,5.990418,2.441728,2.507672,-0.065944
2015-07-23,5.993155,2.442429,2.507924,-0.065495
2015-07-24,5.995893,2.452116,2.508179,-0.056063
2015-07-25,5.998631,2.460381,2.508436,-0.048055
2015-07-26,6.001369,2.463623,2.508694,-0.045071
2015-07-27,6.004107,2.465445,2.508955,-0.043510
2015-07-28,6.006845,2.468638,2.509217,-0.040579
2015-07-29,6.009582,2.463374,2.509482,-0.046108
2015-07-30,6.012320,2.459058,2.509748,-0.050690
2015-07-31,6.015058,2.455567,2.510017,-0.054450
2015-08-01,6.017796,2.450033,2.510287,-0.060254
2015-08-02,6.020534,2.448167,2.510560,-0.062393
2015-08-03,6.023272,2.452226,2.510834,-0.058608
2015-08-04,6.026010,2.453900,2.511110,-0.057211
2015-08-05,6.028747,2.452212,2.511389,-0.059177
2015-08-06,6.031485,2.447654,2.511669,-0.064015
2015-08-07,6.034223,2.445771,2.511951,-0.066180
2015-08-08,6.036961,2.436999,2.512236,-0.075237
2015-08-09,6.039699,2.421865,2.512522,-0.090657
2015-08-10,6.042437,2.423611,2.512810,-0.089199
2015-08-11,6.045175,2.426397,2.513100,-0.086704
2015-08-12,6.047912,2.428903,2.513393,-0.084489
2015-08-13,6.050650,2.423478,2.513687,-0.090209
2015-08-14,6.053388,2.424364,2.513983,-0.089619
2015-08-15,6.056126,2.424645,2.514281,-0.089637
2015-08-16,6.058864,2.415144,2.514581,-0.099438
2015-08-17,6.061602,2.413118,2.514884,-0.101766
2015-08-18,6.064339,2.406105,2.515188,-0.109083
2015-08-19,6.067077,2.366717,2.515494,-0.148777
2015-08-20,6.069815,2.368562,2.515802,-0.147240
2015-08-21,6.072553,2.369551,2.516112,-0.146561
2015-08-22,6.075291,2.362791,2.516424,-0.153633
2015-08-23,6.078029,2.361660,2.516738,-0.155078
2015-08-24,6.080767,2.343674,2.517054,-0.173380
2015-08-25,6.083504,2.335893,2.517372,-0.181480
2015-08-26,6.086242,2.355471,2.517692,-0.162221
2015-08-27,6.088980,2.355446,2.518015,-0.162569
2015-08-28,6.091718,2.359174,2.518339,-0.159165
2015-08-29,6.094456,2.363017,2.518665,-0.155648
2015-08-30,6.097194,2.360110,2.518993,-0.158883
2015-08-31,6.099932,2.360776,2.519323,-0.158547
2015-09-01,6.102669,2.360457,2.519655,-0.159198
2015-09-02,6.105407,2.359966,2.519989,-0.160023
2015-09-03,6.108145,2.358557,2.520325,-0.161768
2015-09-04,6.110883,2.361672,2.520663,-0.158991
2015-09-05,6.113621,2.367487,2.521003,-0.153517
2015-09-06,6.116359,2.381117,2.521346,-0.140229
2015-09-07,6.119097,2.382536,2.521690,-0.139154
2015-09-08,6.121834,2.387512,2.522036,-0.134524
2015-09-09,6.124572,2.382080,2.522384,-0.140304
2015-09-10,6.127310,2.379163,2.522734,-0.143571
2015-09-11,6.130048,2.382247,2.523087,-0.140839
2015-09-12,6.132786,2.380020,2.523441,-0.143420
2015-09-13,6.135524,2.369785,2.523797,-0.154012
2015-09-14,6.138261,2.365043,2.524155,-0.159112
2015-09-15,6.140999,2.365524,2.524516,-0.158991
2015-09-16,6.143737,2.361676,2.524878,-0.163202
2015-09-17,6.146475,2.364446,2.525243,-0.160797
2015-09-18,6.149213,2.369530,2.525609,-0.156079
2015-09-19,6.151951,2.366877,2.525977,-0.159100
2015-09-20,6.154689,2.366106,2.526348,-0.160242
2015-09-21,6.157426,2.360134,2.526720,-0.166586
2015-09-22,6.160164,2.361993,2.527095,-0.165102
2015-09-23,6.162902,2.364842,2.527472,-0.162630
2015-09-24,6.165640,2.367440,2.527850,-0.160410
2015-09-25,6.168378,2.373202,2.528231,-0.155029
2015-09-26,6.171116,2.371310,2.528614,-0.157304
2015-09-27,6.173854,2.369558,2.528998,-0.159441
2015-09-28,6.176591,2.376826,2.529385,-0.152559
2015-09-29,6.179329,2.378012,2.529774,-0.151762
2015-09-30,6.182067,2.375908,2.530165,-0.154257
2015-10-01,6.184805,2.376479,2.530558,-0.154079
2015-10-02,6.187543,2.377339,2.530953,-0.153614
2015-10-03,6.190281,2.378533,2.531350,-0.152817
2015-10-04,6.193018,2.379555,2.531749,-0.152195
2015-10-05,6.195756,2.379503,2.532151,-0.152647
2015-10-06,6.198494,2.386287,2.532554,-0.146267
2015-10-07,6.201232,2.389688,2.532959,-0.143271
2015-10-08,6.203970,2.387821,2.533367,-0.145546
2015-10-09,6.206708,2.388745,2.533776,-0.145032
2015-10-10,6.209446,2.389611,2.534188,-0.144577
2015-10-11,6.212183,2.392050,2.534601,-0.142552
2015-10-12,6.214921,2.392996,2.535017,-0.142022
2015-10-13,6.217659,2.394580,2.535435,-0.140855
2015-10-14,6.220397,2.400372,2.535855,-0.135483
2015-10-15,6.223135,2.405699,2.536277,-0.130578
2015-10-16,6.225873,2.414938,2.536701,-0.121763
2015-10-17,6.228611,2.429882,2.537127,-0.107245
2015-10-18,6.231348,2.426078,2.537556,-0.111478
2015-10-19,6.234086,2.421840,2.537986,-0.116146
2015-10-20,6.236824,2.427926,2.538418,-0.110493
2015-10-21,6.239562,2.428464,2.538853,-0.110389
2015-10-22,6.242300,2.434546,2.539290,-0.104744
2015-10-23,6.245038,2.442398,2.539729,-0.097330
2015-10-24,6.247775,2.446967,2.540169,-0.093202
2015-10-25,6.250513,2.461136,2.540612,-0.079476
2015-10-26,6.253251,2.454529,2.541058,-0.086528
2015-10-27,6.255989,2.465353,2.541505,-0.076152
2015-10-28,6.258727,2.477545,2.541954,-0.064410
2015-10-29,6.261465,2.489406,2.542406,-0.053000
2015-10-30,6.264203,2.510789,2.542859,-0.032070
2015-10-31,6.266940,2.507829,2.543315,-0.035486
2015-11-01,6.269678,2.502130,2.543773,-0.041643
2015-11-02,6.272416,2.525397,2.544233,-0.018836
2015-11-03,6.275154,2.580156,2.544695,0.035461
2015-11-04,6.277892,2.646659,2.545160,0.101499
2015-11-05,6.280630,2.602643,2.545626,0.057017
2015-11-06,6.283368,2.571639,2.546095,0.025544
2015-11-07,6.286105,2.584408,2.546566,0.037842
2015-11-08,6.288843,2.582447,2.547038,0.035409
2015-11-09,6.291581,2.574157,2.547514,0.026644
2015-11-10,6.294319,2.562945,2.547991,0.014954
2015-11-11,6.297057,2.501409,2.548470,-0.047061
2015-11-12,6.299795,2.516864,2.548952,-0.032088
2015-11-13,6.302533,2.525362,2.549436,-0.024073
2015-11-14,6.305270,2.525969,2.549922,-0.023953
2015-11-15,6.308008,2.518132,2.550410,-0.032278
2015-11-16,6.310746,2.510537,2.550900,-0.040363
2015-11-17,6.313484,2.525726,2.551393,-0.025667
2015-11-18,6.316222,2.523600,2.551887,-0.028287
2015-11-19,6.318960,2.519993,2.552384,-0.032391
2015-11-20,6.321697,2.506482,2.552883,-0.046402
2015-11-21,6.324435,2.512355,2.553384,-0.041030
2015-11-22,6.327173,2.511719,2.553888,-0.042169
2015-11-23,6.329911,2.510202,2.554394,-0.044191
2015-11-24,6.332649,2.507188,2.554902,-0.047713
2015-11-25,6.335387,2.510206,2.555412,-0.045206
2015-11-26,6.338125,2.536342,2.555924,-0.019582
2015-11-27,6.340862,2.552051,2.556439,-0.004388
2015-11-28,6.343600,2.551499,2.556955,-0.005457
2015-11-29,6.346338,2.557790,2.557474,0.000316
2015-11-30,6.349076,2.575881,2.557996,0.017886
2015-12-01,6.351814,2.565733,2.558519,0.007214
2015-12-02,6.354552,2.552807,2.559045,-0.006238
2015-12-03,6.357290,2.560132,2.559573,0.000559
2015-12-04,6.360027,2.557934,2.560103,-0.002169
2015-12-05,6.362765,2.573998,2.560636,0.013363
2015-12-06,6.365503,2.594461,2.561170,0.033290
2015-12-07,6.368241,2.594360,2.561707,0.032653
2015-12-08,6.370979,2.596559,2.562247,0.034313
2015-12-09,6.373717,2.619251,2.562788,0.056463
2015-12-10,6.376454,2.625330,2.563332,0.061998
2015-12-11,6.379192,2.635881,2.563878,0.072003
2015-12-12,6.381930,2.636339,2.564427,0.071912
2015-12-13,6.384668,2.638252,2.564977,0.073275
2015-12-14,6.387406,2.643656,2.565530,0.078125
2015-12-15,6.390144,2.657760,2.566085,0.091674
2015-12-16,6.392882,2.658480,2.566643,0.091837
2015-12-17,6.395619,2.656738,2.567203,0.089535
2015-12-18,6.398357,2.666574,2.567765,0.098809
2015-12-19,6.401095,2.664259,2.568330,0.095930
2015-12-20,6.403833,2.655794,2.568896,0.086897
2015-12-21,6.406571,2.641815,2.569466,0.072349
2015-12-22,6.409309,2.642312,2.570037,0.072275
2015-12-23,6.412047,2.644056,2.570611,0.073445
2015-12-24,6.414784,2.656992,2.571187,0.085805
2015-12-25,6.417522,2.658096,2.571766,0.086331
2015-12-26,6.420260,2.634343,2.572346,0.061996
2015-12-27,6.422998,2.622968,2.572930,0.050038
2015-12-28,6.425736,2.628535,2.573515,0.055020
2015-12-29,6.428474,2.629917,2.574103,0.055813
2015-12-30,6.431211,2.633341,2.574693,0.058647
2015-12-31,6.433949,2.630356,2.575286,0.055070
2016-01-01,6.436687,2.635803,2.575881,0.059922
2016-01-02,6.439425,2.637230,2.576479,0.060752
2016-01-03,6.442163,2.632620,2.577078,0.055542
2016-01-04,6.444901,2.634895,2.577681,0.057214
2016-01-05,6.447639,2.635734,2.578285,0.057449
2016-01-06,6.450376,2.633738,2.578892,0.054846
2016-01-07,6.453114,2.651345,2.579502,0.071844
2016-01-08,6.455852,2.658134,2.580113,0.078021
2016-01-09,6.458590,2.654087,2.580728,0.073359
2016-01-10,6.461328,2.648798,2.581344,0.067454
2016-01-11,6.464066,2.651181,2.581963,0.069218
2016-01-12,6.466804,2.650774,2.582585,0.068189
2016-01-13,6.469541,2.633835,2.583209,0.050627
2016-01-14,6.472279,2.635001,2.583835,0.051166
2016-01-15,6.475017,2.606390,2.584464,0.021926
2016-01-16,6.477755,2.570351,2.585095,-0.014745
2016-01-17,6.480493,2.585519,2.585729,-0.000210
2016-01-18,6.483231,2.584141,2.586365,-0.002225
2016-01-19,6.485969,2.584615,2.587004,-0.002389
2016-01-20,6.488706,2.595620,2.587645,0.007975
2016-01-21,6.491444,2.618551,2.588289,0.030262
2016-01-22,6.494182,2.595767,2.588935,0.006832
2016-01-23,6.496920,2.590259,2.589584,0.000675
2016-01-24,6.499658,2.598416,2.590235,0.008181
2016-01-25,6.502396,2.597683,2.590888,0.006795
2016-01-26,6.505133,2.595651,2.591544,0.004107
2016-01-27,6.507871,2.596660,2.592203,0.004457
2016-01-28,6.510609,2.584901,2.592864,-0.007963
2016-01-29,6.513347,2.576211,2.593528,-0.017317
2016-01-30,6.516085,2.578599,2.594194,-0.015595
2016-01-31,6.518823,2.578169,2.594863,-0.016694
2016-02-01,6.521561,2.573190,2.595534,-0.022344
2016-02-02,6.524298,2.573547,2.596208,-0.022661
2016-02-03,6.527036,2.570488,2.596884,-0.026396
2016-02-04,6.529774,2.577800,2.597563,-0.019763
2016-02-05,6.532512,2.587408,2.598245,-0.010837
2016-02-06,6.535250,2.576527,2.598929,-0.022402
2016-02-07,6.537988,2.576044,2.599616,-0.023572
2016-02-08,6.540726,2.575595,2.600305,-0.024710
2016-02-09,6.543463,2.573162,2.600997,-0.027835
2016-02-10,6.546201,2.577994,2.601691,-0.023697
2016-02-11,6.548939,2.578294,2.602388,-0.024094
2016-02-12,6.551677,2.581443,2.603088,-0.021645
2016-02-13,6.554415,2.589271,2.603790,-0.014519
2016-02-14,6.557153,2.600513,2.604495,-0.003982
2016-02-15,6.559890,2.604409,2.605203,-0.000794
2016-02-16,6.562628,2.605702,2.605913,-0.000211
2016-02-17,6.565366,2.616765,2.606625,0.010139
2016-02-18,6.568104,2.622909,2.607341,0.015568
2016-02-19,6.570842,2.623124,2.608059,0.015066
2016-02-20,6.573580,2.633094,2.608780,0.024314
2016-02-21,6.576318,2.640642,2.609503,0.031139
2016-02-22,6.579055,2.639167,2.610229,0.028938
2016-02-23,6.581793,2.630242,2.610958,0.019285
2016-02-24,6.584531,2.624083,2.611689,0.012394
2016-02-25,6.587269,2.626227,2.612423,0.013804
2016-02-26,6.590007,2.627194,2.613160,0.014035
2016-02-27,6.592745,2.635299,2.613899,0.021400
2016-02-28,6.595483,2.632460,2.614642,0.017818
2016-02-29,6.598220,2.639517,2.615386,0.024130
2016-03-01,6.600958,2.637506,2.616134,0.021372
2016-03-02,6.603696,2.635057,2.616884,0.018173
2016-03-03,6.606434,2.624597,2.617637,0.006960
2016-03-04,6.609172,2.622350,2.618393,0.003957
2016-03-05,6.611910,2.605164,2.619152,-0.013988
2016-03-06,6.614648,2.605356,2.619913,-0.014557
2016-03-07,6.617385,2.611626,2.620677,-0.009051
2016-03-08,6.620123,2.614873,2.621444,-0.006571
2016-03-09,6.622861,2.614703,2.622213,-0.007510
2016-03-10,6.625599,2.616668,2.622986,-0.006318
2016-03-11,6.628337,2.622834,2.623761,-0.000927
2016-03-12,6.631075,2.616993,2.624538,-0.007546
2016-03-13,6.633812,2.615801,2.625319,-0.009518
2016-03-14,6.636550,2.617317,2.626103,-0.008786
2016-03-15,6.639288,2.619228,2.626889,-0.007661
2016-03-16,6.642026,2.619000,2.627678,-0.008678
2016-03-17,6.644764,2.621950,2.628470,-0.006520
2016-03-18,6.647502,2.616841,2.629265,-0.012423
2016-03-19,6.650240,2.611781,2.630062,-0.018281
2016-03-20,6.652977,2.614336,2.630863,-0.016527
2016-03-21,6.655715,2.613548,2.631666,-0.018118
2016-03-22,6.658453,2.619404,2.632472,-0.013067
2016-03-23,6.661191,2.620925,2.633281,-0.012356
2016-03-24,6.663929,2.619611,2.634093,-0.014481
2016-03-25,6.666667,2.618949,2.634907,-0.015958
2016-03-26,6.669405,2.619580,2.635725,-0.016145
2016-03-27,6.672142,2.623458,2.636545,-0.013087
2016-03-28,6.674880,2.627003,2.637369,-0.010366
2016-03-29,6.677618,2.622000,2.638195,-0.016195
2016-03-30,6.680356,2.616724,2.639024,-0.022300
2016-03-31,6.683094,2.619239,2.639856,-0.020617
2016-04-01,6.685832,2.619343,2.640691,-0.021348
2016-04-02,6.688569,2.622690,2.641529,-0.018839
2016-04-03,6.691307,2.622051,2.642370,-0.020318
2016-04-04,6.694045,2.622581,2.643213,-0.020632
2016-04-05,6.696783,2.625471,2.644060,-0.018589
2016-04-06,6.699521,2.625837,2.644910,-0.019073
2016-04-07,6.702259,2.624704,2.645762,-0.021058
2016-04-08,6.704997,2.625079,2.646618,-0.021539
2016-04-09,6.707734,2.621280,2.647476,-0.026196
2016-04-10,6.710472,2.623978,2.648338,-0.024360
2016-04-11,6.713210,2.624937,2.649202,-0.024266
2016-04-12,6.715948,2.628518,2.650070,-0.021552
2016-04-13,6.718686,2.628723,2.650940,-0.022218
2016-04-14,6.721424,2.628126,2.651814,-0.023688
2016-04-15,6.724162,2.631106,2.652690,-0.021584
2016-04-16,6.726899,2.633936,2.653570,-0.019633
2016-04-17,6.729637,2.631956,2.654452,-0.022496
2016-04-18,6.732375,2.631771,2.655338,-0.023567
2016-04-19,6.735113,2.633144,2.656226,-0.023082
2016-04-20,6.737851,2.641577,2.657118,-0.015540
2016-04-21,6.740589,2.647399,2.658013,-0.010614
2016-04-22,6.743326,2.649878,2.658910,-0.009033
2016-04-23,6.746064,2.650419,2.659811,-0.009392
2016-04-24,6.748802,2.656950,2.660715,-0.003765
2016-04-25,6.751540,2.661800,2.661622,0.000178
2016-04-26,6.754278,2.666196,2.662532,0.003665
2016-04-27,6.757016,2.662358,2.663445,-0.001087
2016-04-28,6.759754,2.648800,2.664361,-0.015562
2016-04-29,6.762491,2.653979,2.665280,-0.011301
2016-04-30,6.765229,2.656025,2.666203,-0.010178
2016-05-01,6.767967,2.654590,2.667128,-0.012538
2016-05-02,6.770705,2.650437,2.668057,-0.017620
2016-05-03,6.773443,2.650822,2.668989,-0.018167
2016-05-04,6.776181,2.651699,2.669923,-0.018224
2016-05-05,6.778919,2.651349,2.670861,-0.019512
2016-05-06,6.781656,2.655627,2.671803,-0.016175
2016-05-07,6.784394,2.661507,2.672747,-0.011240
2016-05-08,6.787132,2.661007,2.673694,-0.012687
2016-05-09,6.789870,2.662432,2.674645,-0.012213
2016-05-10,6.792608,2.659941,2.675599,-0.015658
2016-05-11,6.795346,2.656817,2.676556,-0.019739
2016-05-12,6.798084,2.655340,2.677516,-0.022176
2016-05-13,6.800821,2.658217,2.678479,-0.020262
2016-05-14,6.803559,2.658972,2.679446,-0.020473
2016-05-15,6.806297,2.659660,2.680416,-0.020755
2016-05-16,6.809035,2.659624,2.681388,-0.021765
2016-05-17,6.811773,2.657079,2.682365,-0.025286
2016-05-18,6.814511,2.657590,2.683344,-0.025754
2016-05-19,6.817248,2.652711,2.684327,-0.031616
2016-05-20,6.819986,2.644648,2.685313,-0.040665
2016-05-21,6.822724,2.645286,2.686302,-0.041015
2016-05-22,6.825462,2.644962,2.687294,-0.042332
2016-05-23,6.828200,2.645081,2.688290,-0.043209
2016-05-24,6.830938,2.648453,2.689288,-0.040835
2016-05-25,6.833676,2.651430,2.690291,-0.038860
2016-05-26,6.836413,2.654125,2.691296,-0.037171
2016-05-27,6.839151,2.672884,2.692305,-0.019420
2016-05-28,6.841889,2.694673,2.693317,0.001356
2016-05-29,6.844627,2.717217,2.694332,0.022885
2016-05-30,6.847365,2.725166,2.695350,0.029815
2016-05-31,6.850103,2.727466,2.696372,0.031093
2016-06-01,6.852841,2.726729,2.697398,0.029332
2016-06-02,6.855578,2.731211,2.698426,0.032785
2016-06-03,6.858316,2.743207,2.699458,0.043749
2016-06-04,6.861054,2.758453,2.700493,0.057960
2016-06-05,6.863792,2.760345,2.701531,0.058814
2016-06-06,6.866530,2.764105,2.702573,0.061532
2016-06-07,6.869268,2.765016,2.703618,0.061397
2016-06-08,6.872005,2.762410,2.704667,0.057743
2016-06-09,6.874743,2.761712,2.705719,0.055993
2016-06-10,6.877481,2.760865,2.706774,0.054091
2016-06-11,6.880219,2.765872,2.707833,0.058039
2016-06-12,6.882957,2.805634,2.708895,0.096740
2016-06-13,6.885695,2.837355,2.709960,0.127395
2016-06-14,6.888433,2.836713,2.711029,0.125684
2016-06-15,6.891170,2.835086,2.712101,0.122985
2016-06-16,6.893908,2.867302,2.713176,0.154126
2016-06-17,6.896646,2.873414,2.714255,0.159159
2016-06-18,6.899384,2.875562,2.715338,0.160224
2016-06-19,6.902122,2.877587,2.716423,0.161164
2016-06-20,6.904860,2.873413,2.717512,0.155901
2016-06-21,6.907598,2.833143,2.718605,0.114538
2016-06-22,6.910335,2.813472,2.719701,0.093771
2016-06-23,6.913073,2.773533,2.720801,0.052733
2016-06-24,6.915811,2.818063,2.721903,0.096159
2016-06-25,6.918549,2.828023,2.723010,0.105013
2016-06-26,6.921287,2.807828,2.724120,0.083708
2016-06-27,6.924025,2.806853,2.725233,0.081621
2016-06-28,6.926762,2.814273,2.726350,0.087924
2016-06-29,6.929500,2.803194,2.727470,0.075724
2016-06-30,6.932238,2.815411,2.728593,0.086817
2016-07-01,6.934976,2.829628,2.729721,0.099907
2016-07-02,6.937714,2.836592,2.730851,0.105741
2016-07-03,6.940452,2.828646,2.731985,0.096661
2016-07-04,6.943190,2.825742,2.733123,0.092619
2016-07-05,6.945927,2.827660,2.734264,0.093395
2016-07-06,6.948665,2.827020,2.735409,0.091612
2016-07-07,6.951403,2.807352,2.736557,0.070795
2016-07-08,6.954141,2.810735,2.737709,0.073026
2016-07-09,6.956879,2.813730,2.738864,0.074866
2016-07-10,6.959617,2.810978,2.740022,0.070956
2016-07-11,6.962355,2.811727,2.741185,0.070543
2016-07-12,6.965092,2.818161,2.742350,0.075811
2016-07-13,6.967830,2.822386,2.743520,0.078866
2016-07-14,6.970568,2.817975,2.744693,0.073282
2016-07-15,6.973306,2.821669,2.745869,0.075800
2016-07-16,6.976044,2.822034,2.747049,0.074985
2016-07-17,6.978782,2.825918,2.748232,0.077686
2016-07-18,6.981520,2.830020,2.749419,0.080601
2016-07-19,6.984257,2.826435,2.750610,0.075825
2016-07-20,6.986995,2.825738,2.751804,0.073934
2016-07-21,6.989733,2.821673,2.753002,0.068671
2016-07-22,6.992471,2.819934,2.754203,0.065731
2016-07-23,6.995209,2.815522,2.755408,0.060114
2016-07-24,6.997947,2.817639,2.756617,0.061022
2016-07-25,7.000684,2.817211,2.757829,0.059382
2016-07-26,7.003422,2.814528,2.759045,0.055483
2016-07-27,7.006160,2.815453,2.760264,0.055189
2016-07-28,7.008898,2.816456,2.761487,0.054969
2016-07-29,7.011636,2.817229,2.762714,0.054515
2016-07-30,7.014374,2.816703,2.763944,0.052759
2016-07-31,7.017112,2.803736,2.765178,0.038559
2016-08-01,7.019849,2.792997,2.766415,0.026582
2016-08-02,7.022587,2.772960,2.767656,0.005304
2016-08-03,7.025325,2.741527,2.768901,-0.027373
2016-08-04,7.028063,2.758150,2.770149,-0.011999
2016-08-05,7.030801,2.757951,2.771401,-0.013450
2016-08-06,7.033539,2.760475,2.772656,-0.012182
2016-08-07,7.036277,2.771954,2.773916,-0.001962
2016-08-08,7.039014,2.771691,2.775178,-0.003487
2016-08-09,7.041752,2.769523,2.776445,-0.006922
2016-08-10,7.044490,2.772337,2.777715,-0.005378
2016-08-11,7.047228,2.773731,2.778989,-0.005258
2016-08-12,7.049966,2.769498,2.780266,-0.010769
2016-08-13,7.052704,2.769591,2.781548,-0.011956
2016-08-14,7.055441,2.761629,2.782832,-0.021204
2016-08-15,7.058179,2.756585,2.784121,-0.027536
2016-08-16,7.060917,2.758767,2.785413,-0.026646
2016-08-17,7.063655,2.760717,2.786709,-0.025992
2016-08-18,7.066393,2.760232,2.788008,-0.027777
2016-08-19,7.069131,2.761397,2.789312,-0.027915
2016-08-20,7.071869,2.762928,2.790618,-0.027690
2016-08-21,7.074606,2.765598,2.791929,-0.026331
2016-08-22,7.077344,2.768928,2.793243,-0.024315
2016-08-23,7.080082,2.767747,2.794561,-0.026814
2016-08-24,7.082820,2.765367,2.795883,-0.030516
2016-08-25,7.085558,2.761750,2.797208,-0.035458
2016-08-26,7.088296,2.762973,2.798537,-0.035564
2016-08-27,7.091034,2.759257,2.799870,-0.040613
2016-08-28,7.093771,2.758105,2.801206,-0.043101
2016-08-29,7.096509,2.759706,2.802547,-0.042841
2016-08-30,7.099247,2.763168,2.803891,-0.040723
2016-08-31,7.101985,2.759130,2.805238,-0.046108
2016-09-01,7.104723,2.758478,2.806589,-0.048111
2016-09-02,7.107461,2.758863,2.807944,-0.049082
2016-09-03,7.110198,2.763831,2.809303,-0.045472
2016-09-04,7.112936,2.780923,2.810666,-0.029743
2016-09-05,7.115674,2.782279,2.812032,-0.029753
2016-09-06,7.118412,2.783996,2.813402,-0.029406
2016-09-07,7.121150,2.786086,2.814775,-0.028689
2016-09-08,7.123888,2.793828,2.816153,-0.022325
2016-09-09,7.126626,2.794576,2.817534,-0.022958
2016-09-10,7.129363,2.795920,2.818919,-0.022999
2016-09-11,7.132101,2.793976,2.820307,-0.026331
2016-09-12,7.134839,2.785562,2.821700,-0.036138
2016-09-13,7.137577,2.786705,2.823096,-0.036391
2016-09-14,7.140315,2.787624,2.824495,-0.036871
2016-09-15,7.143053,2.786843,2.825899,-0.039056
2016-09-16,7.145791,2.785710,2.827306,-0.041596
2016-09-17,7.148528,2.784980,2.828717,-0.043737
2016-09-18,7.151266,2.785497,2.830132,-0.044634
2016-09-19,7.154004,2.786154,2.831550,-0.045397
2016-09-20,7.156742,2.785978,2.832973,-0.046994
2016-09-21,7.159480,2.779026,2.834399,-0.055373
2016-09-22,7.162218,2.777658,2.835828,-0.058170
2016-09-23,7.164956,2.778922,2.837262,-0.058340
2016-09-24,7.167693,2.781281,2.838699,-0.057418
2016-09-25,7.170431,2.780051,2.840140,-0.060089
2016-09-26,7.173169,2.783182,2.841585,-0.058403
2016-09-27,7.175907,2.783551,2.843033,-0.059482
2016-09-28,7.178645,2.783071,2.844485,-0.061415
2016-09-29,7.181383,2.783075,2.845941,-0.062866
2016-09-30,7.184120,2.782787,2.847401,-0.064614
2016-10-01,7.186858,2.787697,2.848864,-0.061168
2016-10-02,7.189596,2.786586,2.850331,-0.063745
2016-10-03,7.192334,2.786746,2.851802,-0.065056
2016-10-04,7.195072,2.785953,2.853277,-0.067324
2016-10-05,7.197810,2.787725,2.854755,-0.067030
2016-10-06,7.200548,2.787359,2.856238,-0.068879
2016-10-07,7.203285,2.789242,2.857724,-0.068482
2016-10-08,7.206023,2.791346,2.859213,-0.067867
2016-10-09,7.208761,2.790242,2.860707,-0.070465
2016-10-10,7.211499,2.790518,2.862204,-0.071685
2016-10-11,7.214237,2.800916,2.863705,-0.062789
2016-10-12,7.216975,2.804788,2.865209,-0.060421
2016-10-13,7.219713,2.804440,2.866718,-0.062277
2016-10-14,7.222450,2.804950,2.868230,-0.063279
2016-10-15,7.225188,2.806468,2.869746,-0.063278
2016-10-16,7.227926,2.807059,2.871265,-0.064206
2016-10-17,7.230664,2.806027,2.872789,-0.066761
2016-10-18,7.233402,2.804752,2.874316,-0.069564
2016-10-19,7.236140,2.801515,2.875846,-0.074331
2016-10-20,7.238877,2.799436,2.877381,-0.077945
2016-10-21,7.241615,2.800760,2.878919,-0.078159
2016-10-22,7.244353,2.808006,2.880461,-0.072455
2016-10-23,7.247091,2.815887,2.882007,-0.066120
2016-10-24,7.249829,2.813692,2.883556,-0.069864
2016-10-25,7.252567,2.816742,2.885109,-0.068368
2016-10-26,7.255305,2.823370,2.886666,-0.063296
2016-10-27,7.258042,2.833778,2.888227,-0.054449
2016-10-28,7.260780,2.836607,2.889791,-0.053184
2016-10-29,7.263518,2.849127,2.891359,-0.042233
2016-10-30,7.266256,2.847788,2.892931,-0.045143
2016-10-31,7.268994,2.845200,2.894507,-0.049306
2016-11-01,7.271732,2.858510,2.896086,-0.037575
2016-11-02,7.274470,2.861751,2.897669,-0.035918
2016-11-03,7.277207,2.860621,2.899255,-0.038634
2016-11-04,7.279945,2.845187,2.900846,-0.055658
2016-11-05,7.282683,2.847932,2.902440,-0.054508
2016-11-06,7.285421,2.851579,2.904037,-0.052458
2016-11-07,7.288159,2.849204,2.905639,-0.056434
2016-11-08,7.290897,2.850134,2.907244,-0.057110
2016-11-09,7.293634,2.861070,2.908852,-0.047783
2016-11-10,7.296372,2.855021,2.910465,-0.055443
2016-11-11,7.299110,2.855015,2.912081,-0.057066
2016-11-12,7.301848,2.851423,2.913701,-0.062278
2016-11-13,7.304586,2.843580,2.915324,-0.071744
2016-11-14,7.307324,2.847194,2.916951,-0.069757
2016-11-15,7.310062,2.852837,2.918582,-0.065745
2016-11-16,7.312799,2.861724,2.920216,-0.058492
2016-11-17,7.315537,2.871676,2.921854,-0.050179
2016-11-18,7.318275,2.871710,2.923496,-0.051786
2016-11-19,7.321013,2.875498,2.925142,-0.049644
2016-11-20,7.323751,2.870700,2.926791,-0.056090
2016-11-21,7.326489,2.866823,2.928443,-0.061620
2016-11-22,7.329227,2.871044,2.930100,-0.059056
2016-11-23,7.331964,2.871681,2.931760,-0.060078
2016-11-24,7.334702,2.869114,2.933423,-0.064309
2016-11-25,7.337440,2.867009,2.935090,-0.068081
2016-11-26,7.340178,2.866576,2.936761,-0.070185
2016-11-27,7.342916,2.865763,2.938435,-0.072672
2016-11-28,7.345654,2.871764,2.940113,-0.068350
2016-11-29,7.348392,2.865602,2.941795,-0.076193
2016-11-30,7.351129,2.869174,2.943480,-0.074306
2016-12-01,7.353867,2.874574,2.945169,-0.070595
2016-12-02,7.356605,2.885658,2.946861,-0.061203
2016-12-03,7.359343,2.884309,2.948557,-0.064249
2016-12-04,7.362081,2.883921,2.950257,-0.066336
2016-12-05,7.364819,2.878788,2.951960,-0.073172
2016-12-06,7.367556,2.879267,2.953667,-0.074400
2016-12-07,7.370294,2.882592,2.955377,-0.072785
2016-12-08,7.373032,2.885600,2.957091,-0.071491
2016-12-09,7.375770,2.886783,2.958808,-0.072025
2016-12-10,7.378508,2.889270,2.960529,-0.071259
2016-12-11,7.381246,2.886895,2.962253,-0.075358
2016-12-12,7.383984,2.890731,2.963981,-0.073250
2016-12-13,7.386721,2.891704,2.965713,-0.074009
2016-12-14,7.389459,2.891136,2.967447,-0.076311
2016-12-15,7.392197,2.891094,2.969186,-0.078092
2016-12-16,7.394935,2.892194,2.970928,-0.078734
2016-12-17,7.397673,2.896957,2.972673,-0.075717
2016-12-18,7.400411,2.897190,2.974422,-0.077233
2016-12-19,7.403149,2.897794,2.976175,-0.078380
2016-12-20,7.405886,2.898803,2.977930,-0.079127
2016-12-21,7.408624,2.910594,2.979690,-0.069096
2016-12-22,7.411362,2.932621,2.981453,-0.048832
2016-12-23,7.414100,2.953548,2.983219,-0.029670
2016-12-24,7.416838,2.955515,2.984988,-0.029473
2016-12-25,7.419576,2.943063,2.986762,-0.043698
2016-12-26,7.422313,2.954970,2.988538,-0.033568
2016-12-27,7.425051,2.963172,2.990318,-0.027146
2016-12-28,7.427789,2.980797,2.992101,-0.011305
2016-12-29,7.430527,2.986139,2.993888,-0.007749
2016-12-30,7.433265,2.979165,2.995678,-0.016513
2016-12-31,7.436003,2.981024,2.997472,-0.016448
2017-01-01,7.438741,2.989581,2.999269,-0.009688
2017-01-02,7.441478,3.006468,3.001069,0.005399
2017-01-03,7.444216,3.009249,3.002873,0.006376
2017-01-04,7.446954,3.033051,3.004680,0.028372
2017-01-05,7.449692,3.019641,3.006490,0.013151
2017-01-06,7.452430,2.969502,3.008304,-0.038801
2017-01-07,7.455168,2.939653,3.010121,-0.070467
2017-01-08,7.457906,2.960672,3.011941,-0.051269
2017-01-09,7.460643,2.950904,3.013765,-0.062861
2017-01-10,7.463381,2.955880,3.015591,-0.059712
2017-01-11,7.466119,2.927589,3.017422,-0.089833
2017-01-12,7.468857,2.895844,3.019255,-0.123411
2017-01-13,7.471595,2.907939,3.021092,-0.113153
2017-01-14,7.474333,2.918320,3.022932,-0.104611
2017-01-15,7.477070,2.913953,3.024775,-0.110823
2017-01-16,7.479808,2.919068,3.026622,-0.107554
2017-01-17,7.482546,2.943438,3.028471,-0.085033
2017-01-18,7.485284,2.947716,3.030324,-0.082608
2017-01-19,7.488022,2.951600,3.032180,-0.080581
2017-01-20,7.490760,2.952419,3.034040,-0.081621
2017-01-21,7.493498,2.962986,3.035902,-0.072916
2017-01-22,7.496235,2.965324,3.037768,-0.072444
2017-01-23,7.498973,2.964074,3.039637,-0.075562
2017-01-24,7.501711,2.957751,3.041509,-0.083758
2017-01-25,7.504449,2.952299,3.043384,-0.091085
2017-01-26,7.507187,2.957469,3.045262,-0.087793
2017-01-27,7.509925,2.962605,3.047144,-0.084538
2017-01-28,7.512663,2.963389,3.049028,-0.085640
2017-01-29,7.515400,2.963534,3.050916,-0.087382
2017-01-30,7.518138,2.963030,3.052807,-0.089777
2017-01-31,7.520876,2.973684,3.054700,-0.081016
2017-02-01,7.523614,2.987344,3.056597,-0.069253
2017-02-02,7.526352,2.996173,3.058497,-0.062324
2017-02-03,7.529090,3.005035,3.060400,-0.055365
2017-02-04,7.531828,3.007146,3.062306,-0.055161
2017-02-05,7.534565,3.008400,3.064215,-0.055816
2017-02-06,7.537303,3.008835,3.066127,-0.057293
2017-02-07,7.540041,3.016868,3.068042,-0.051174
2017-02-08,7.542779,3.022396,3.069960,-0.047564
2017-02-09,7.545517,3.009584,3.071881,-0.062297
2017-02-10,7.548255,2.990660,3.073805,-0.083145
2017-02-11,7.550992,3.003432,3.075732,-0.072300
2017-02-12,7.553730,3.002327,3.077662,-0.075335
2017-02-13,7.556468,2.999894,3.079594,-0.079700
2017-02-14,7.559206,3.003569,3.081530,-0.077961
2017-02-15,7.561944,3.004859,3.083469,-0.078610
2017-02-16,7.564682,3.011754,3.085410,-0.073656
2017-02-17,7.567420,3.019235,3.087354,-0.068120
2017-02-18,7.570157,3.025528,3.089301,-0.063773
2017-02-19,7.572895,3.022684,3.091251,-0.068568
2017-02-20,7.575633,3.024482,3.093204,-0.068722
2017-02-21,7.578371,3.040966,3.095160,-0.054194
2017-02-22,7.581109,3.049233,3.097118,-0.047885
2017-02-23,7.583847,3.058567,3.099079,-0.040513
2017-02-24,7.586585,3.072187,3.101043,-0.028856
2017-02-25,7.589322,3.066804,3.103010,-0.036206
2017-02-26,7.592060,3.064433,3.104979,-0.040546
2017-02-27,7.594798,3.072407,3.106951,-0.034544
2017-02-28,7.597536,3.074836,3.108926,-0.034090
2017-03-01,7.600274,3.080694,3.110904,-0.030209
2017-03-02,7.603012,3.091603,3.112884,-0.021281
2017-03-03,7.605749,3.104225,3.114867,-0.010642
2017-03-04,7.608487,3.103322,3.116853,-0.013530
2017-03-05,7.611225,3.100466,3.118841,-0.018375
2017-03-06,7.613963,3.104602,3.120832,-0.016230
2017-03-07,7.616701,3.097841,3.122825,-0.024984
2017-03-08,7.619439,3.077832,3.124821,-0.046989
2017-03-09,7.622177,3.070141,3.126820,-0.056679
2017-03-10,7.624914,3.079509,3.128821,-0.049312
2017-03-11,7.627652,3.068207,3.130825,-0.062617
2017-03-12,7.630390,3.078181,3.132831,-0.054650
2017-03-13,7.633128,3.090316,3.134840,-0.044524
2017-03-14,7.635866,3.093589,3.136851,-0.043262
2017-03-15,7.638604,3.096892,3.138865,-0.041973
2017-03-16,7.641342,3.086912,3.140881,-0.053969
2017-03-17,7.644079,3.053961,3.142900,-0.088939
2017-03-18,7.646817,3.014783,3.144921,-0.130138
2017-03-19,7.649555,3.007511,3.146944,-0.139433
2017-03-20,7.652293,3.016601,3.148970,-0.132370
2017-03-21,7.655031,3.036467,3.150999,-0.114532
2017-03-22,7.657769,3.024994,3.153029,-0.128036
2017-03-23,7.660507,3.019774,3.155062,-0.135288
2017-03-24,7.663244,2.998881,3.157098,-0.158217
2017-03-25,7.665982,2.971012,3.159136,-0.188123
2017-03-26,7.668720,2.988027,3.161176,-0.173148
2017-03-27,7.671458,3.001243,3.163218,-0.161975
2017-03-28,7.674196,3.017842,3.165262,-0.147421
2017-03-29,7.676934,3.013996,3.167309,-0.153314
2017-03-30,7.679671,3.014691,3.169358,-0.154668
2017-03-31,7.682409,3.023576,3.171410,-0.147834
2017-04-01,7.685147,3.033432,3.173463,-0.140032
2017-04-02,7.687885,3.035952,3.175519,-0.139567
2017-04-03,7.690623,3.053792,3.177577,-0.123784
2017-04-04,7.693361,3.057414,3.179636,-0.122223
2017-04-05,7.696099,3.053292,3.181699,-0.128407
2017-04-06,7.698836,3.066604,3.183763,-0.117159
2017-04-07,7.701574,3.074044,3.185829,-0.111785
2017-04-08,7.704312,3.073181,3.187897,-0.114716
2017-04-09,7.707050,3.076574,3.189968,-0.113393
2017-04-10,7.709788,3.081970,3.192040,-0.110071
2017-04-11,7.712526,3.084116,3.194115,-0.109998
2017-04-12,7.715264,3.086093,3.196191,-0.110098
2017-04-13,7.718001,3.075122,3.198269,-0.123147
2017-04-14,7.720739,3.073272,3.200350,-0.127078
2017-04-15,7.723477,3.074054,3.202432,-0.128378
2017-04-16,7.726215,3.073570,3.204516,-0.130946
2017-04-17,7.728953,3.074993,3.206603,-0.131610
2017-04-18,7.731691,3.083115,3.208691,-0.125576
2017-04-19,7.734428,3.083440,3.210780,-0.127340
2017-04-20,7.737166,3.089563,3.212872,-0.123309
2017-04-21,7.739904,3.097612,3.214966,-0.117353
2017-04-22,7.742642,3.096530,3.217061,-0.120531
2017-04-23,7.745380,3.097816,3.219158,-0.121342
2017-04-24,7.748118,3.099243,3.221257,-0.122014
2017-04-25,7.750856,3.106371,3.223358,-0.116987
2017-04-26,7.753593,3.115652,3.225460,-0.109808
2017-04-27,7.756331,3.123398,3.227564,-0.104166
2017-04-28,7.759069,3.125800,3.229670,-0.103870
2017-04-29,7.761807,3.126499,3.231777,-0.105278
2017-04-30,7.764545,3.126854,3.233886,-0.107032
2017-05-01,7.767283,3.143604,3.235997,-0.092394
2017-05-02,7.770021,3.160215,3.238109,-0.077895
2017-05-03,7.772758,3.168982,3.240223,-0.071242
2017-05-04,7.775496,3.188283,3.242339,-0.054056
2017-05-05,7.778234,3.193068,3.244456,-0.051387
2017-05-06,7.780972,3.191015,3.246574,-0.055559
2017-05-07,7.783710,3.191455,3.248694,-0.057239
2017-05-08,7.786448,3.206425,3.250816,-0.044390
2017-05-09,7.789185,3.233303,3.252939,-0.019635
2017-05-10,7.791923,3.240759,3.255063,-0.014304
2017-05-11,7.794661,3.260152,3.257189,0.002963
2017-05-12,7.797399,3.249285,3.259316,-0.010031
2017-05-13,7.800137,3.233631,3.261444,-0.027813
2017-05-14,7.802875,3.251516,3.263574,-0.012058
2017-05-15,7.805613,3.240594,3.265705,-0.025111
2017-05-16,7.808350,3.237865,3.267838,-0.029973
2017-05-17,7.811088,3.255399,3.269972,-0.014572
2017-05-18,7.813826,3.264007,3.272107,-0.008099
2017-05-19,7.816564,3.285424,3.274243,0.011181
2017-05-20,7.819302,3.296731,3.276380,0.020351
2017-05-21,7.822040,3.307713,3.278519,0.029194
2017-05-22,7.824778,3.327655,3.280659,0.046996
2017-05-23,7.827515,3.344612,3.282800,0.061812
2017-05-24,7.830253,3.374023,3.284942,0.089081
2017-05-25,7.832991,3.410536,3.287085,0.123451
2017-05-26,7.835729,3.380820,3.289230,0.091591
2017-05-27,7.838467,3.319761,3.291375,0.028386
2017-05-28,7.841205,3.340062,3.293521,0.046541
2017-05-29,7.843943,3.347704,3.295669,0.052035
2017-05-30,7.846680,3.357080,3.297817,0.059263
2017-05-31,7.849418,3.351457,3.299966,0.051491
2017-06-01,7.852156,3.375617,3.302117,0.073500
2017-06-02,7.854894,3.384020,3.304268,0.079752
2017-06-03,7.857632,3.399163,3.306420,0.092743
2017-06-04,7.860370,3.401072,3.308573,0.092499
2017-06-05,7.863107,3.413606,3.310727,0.102879
2017-06-06,7.865845,3.448799,3.312881,0.135918
2017-06-07,7.868583,3.446694,3.315037,0.131658
2017-06-08,7.871321,3.438203,3.317193,0.121010
2017-06-09,7.874059,3.449348,3.319350,0.129998
2017-06-10,7.876797,3.452863,3.321508,0.131355
2017-06-11,7.879535,3.461861,3.323666,0.138195
2017-06-12,7.882272,3.448877,3.325825,0.123052
2017-06-13,7.885010,3.434803,3.327985,0.106818
2017-06-14,7.887748,3.425170,3.330146,0.095024
2017-06-15,7.890486,3.379503,3.332307,0.047197
2017-06-16,7.893224,3.394653,3.334468,0.060185
2017-06-17,7.895962,3.411533,3.336630,0.074903
2017-06-18,7.898700,3.413027,3.338793,0.074234
2017-06-19,7.901437,3.411648,3.340956,0.070692
2017-06-20,7.904175,3.422484,3.343120,0.079364
2017-06-21,7.906913,3.430659,3.345284,0.085375
2017-06-22,7.909651,3.428414,3.347449,0.080966
2017-06-23,7.912389,3.434892,3.349614,0.085278
2017-06-24,7.915127,3.427242,3.351779,0.075463
2017-06-25,7.917864,3.413043,3.353945,0.059098
2017-06-26,7.920602,3.394783,3.356111,0.038672
2017-06-27,7.923340,3.384960,3.358277,0.026683
2017-06-28,7.926078,3.404952,3.360444,0.044508
2017-06-29,7.928816,3.409296,3.362611,0.046686
2017-06-30,7.931554,3.403181,3.364778,0.038403
2017-07-01,7.934292,3.393407,3.366945,0.026462
2017-07-02,7.937029,3.389916,3.369113,0.020803
2017-07-03,7.939767,3.402659,3.371281,0.031378
2017-07-04,7.942505,3.415483,3.373448,0.042035
2017-07-05,7.945243,3.414882,3.375616,0.039265
2017-07-06,7.947981,3.415594,3.377784,0.037809
2017-07-07,7.950719,3.407346,3.379953,0.027393
2017-07-08,7.953457,3.402832,3.382121,0.020711
2017-07-09,7.956194,3.406950,3.384289,0.022661
2017-07-10,7.958932,3.392755,3.386457,0.006298
2017-07-11,7.961670,3.372486,3.388625,-0.016139
2017-07-12,7.964408,3.371954,3.390793,-0.018839
2017-07-13,7.967146,3.375701,3.392961,-0.017260
2017-07-14,7.969884,3.359817,3.395129,-0.035312
2017-07-15,7.972621,3.320098,3.397296,-0.077198
2017-07-16,7.975359,3.289137,3.399464,-0.110327
2017-07-17,7.978097,3.314128,3.401631,-0.087503
2017-07-18,7.980835,3.357639,3.403798,-0.046159
2017-07-19,7.983573,3.365520,3.405965,-0.040445
2017-07-20,7.986311,3.396531,3.408132,-0.011601
2017-07-21,7.989049,3.433184,3.410298,0.022887
2017-07-22,7.991786,3.442752,3.412464,0.030288
2017-07-23,7.994524,3.440919,3.414629,0.026290
2017-07-24,7.997262,3.438913,3.416794,0.022119
2017-07-25,8.000000,3.419422,3.418959,0.000463
2017-07-26,8.002738,3.399598,3.421123,-0.021525
2017-07-27,8.005476,3.410594,3.423287,-0.012693
2017-07-28,8.008214,3.436999,3.425450,0.011549
2017-07-29,8.010951,3.434116,3.427613,0.006503
2017-07-30,8.013689,3.429746,3.429775,-0.000029
2017-07-31,8.016427,3.440087,3.431937,0.008150
2017-08-01,8.019165,3.441167,3.434098,0.007069
2017-08-02,8.021903,3.433560,3.436258,-0.002698
2017-08-03,8.024641,3.437783,3.438418,-0.000635
2017-08-04,8.027379,3.449254,3.440577,0.008677
2017-08-05,8.030116,3.496661,3.442735,0.053925
2017-08-06,8.032854,3.507789,3.444893,0.062896
2017-08-07,8.035592,3.518297,3.447050,0.071247
2017-08-08,8.038330,3.532987,3.449206,0.083782
2017-08-09,8.041068,3.522280,3.451361,0.070919
2017-08-10,8.043806,3.531589,3.453515,0.078074
2017-08-11,8.046543,3.546115,3.455669,0.090446
2017-08-12,8.049281,3.574155,3.457821,0.116333
2017-08-13,8.052019,3.605954,3.459973,0.145981
2017-08-14,8.054757,3.620773,3.462124,0.158650
2017-08-15,8.057495,3.623274,3.464273,0.159000
2017-08-16,8.060233,3.620711,3.466422,0.154289
2017-08-17,8.062971,3.639631,3.468570,0.171061
2017-08-18,8.065708,3.627918,3.470716,0.157201
2017-08-19,8.068446,3.613828,3.472862,0.140966
2017-08-20,8.071184,3.615332,3.475006,0.140326
2017-08-21,8.073922,3.609010,3.477149,0.131861
2017-08-22,8.076660,3.597280,3.479291,0.117989
2017-08-23,8.079398,3.619227,3.481432,0.137794
2017-08-24,8.082136,3.624601,3.483572,0.141029
2017-08-25,8.084873,3.639726,3.485710,0.154016
2017-08-26,8.087611,3.636238,3.487847,0.148391
2017-08-27,8.090349,3.638698,3.489983,0.148715
2017-08-28,8.093087,3.635940,3.492117,0.143823
2017-08-29,8.095825,3.650601,3.494250,0.156351
2017-08-30,8.098563,3.661441,3.496381,0.165060
2017-08-31,8.101300,3.669790,3.498512,0.171279
2017-09-01,8.104038,3.681873,3.500640,0.181232
2017-09-02,8.106776,3.672389,3.502767,0.169622
2017-09-03,8.109514,3.664524,3.504893,0.159631
2017-09-04,8.112252,3.649816,3.507017,0.142799
2017-09-05,8.114990,3.635304,3.509140,0.126164
2017-09-06,8.117728,3.661021,3.511261,0.149761
2017-09-07,8.120465,3.664296,3.513380,0.150916
2017-09-08,8.123203,3.654764,3.515497,0.139266
2017-09-09,8.125941,3.638486,3.517613,0.120872
2017-09-10,8.128679,3.628694,3.519728,0.108966
2017-09-11,8.131417,3.629771,3.521840,0.107931
2017-09-12,8.134155,3.631968,3.523951,0.108017
2017-09-13,8.136893,3.599404,3.526060,0.073345
2017-09-14,8.139630,3.562959,3.528167,0.034792
2017-09-15,8.142368,3.537155,3.530272,0.006883
2017-09-16,8.145106,3.574739,3.532375,0.042364
2017-09-17,8.147844,3.567456,3.534477,0.032979
2017-09-18,8.150582,3.598699,3.536576,0.062122
2017-09-19,8.153320,3.600927,3.538674,0.062254
2017-09-20,8.156057,3.597675,3.540769,0.056905
2017-09-21,8.158795,3.581508,3.542863,0.038645
2017-09-22,8.161533,3.561827,3.544954,0.016873
2017-09-23,8.164271,3.571087,3.547043,0.024044
2017-09-24,8.167009,3.569040,3.549131,0.019909
2017-09-25,8.169747,3.583054,3.551216,0.031838
2017-09-26,8.172485,3.593577,3.553299,0.040279
2017-09-27,8.175222,3.606398,3.555379,0.051019
2017-09-28,8.177960,3.622154,3.557458,0.064696
2017-09-29,8.180698,3.617440,3.559534,0.057906
2017-09-30,8.183436,3.630598,3.561608,0.068990
2017-10-01,8.186174,3.634547,3.563679,0.070868
2017-10-02,8.188912,3.643882,3.565749,0.078133
2017-10-03,8.191650,3.635168,3.567816,0.067352
2017-10-04,8.194387,3.627169,3.569880,0.057289
2017-10-05,8.197125,3.629085,3.571942,0.057142
2017-10-06,8.199863,3.638943,3.574002,0.064941
2017-10-07,8.202601,3.638286,3.576059,0.062227
2017-10-08,8.205339,3.652392,3.578113,0.074278
2017-10-09,8.208077,3.666284,3.580166,0.086118
2017-10-10,8.210815,3.681990,3.582215,0.099775
2017-10-11,8.213552,3.679790,3.584262,0.095528
2017-10-12,8.216290,3.707577,3.586306,0.121270
2017-10-13,8.219028,3.746091,3.588348,0.157743
2017-10-14,8.221766,3.751507,3.590387,0.161121
2017-10-15,8.224504,3.748657,3.592423,0.156234
2017-10-16,8.227242,3.752567,3.594456,0.158110
2017-10-17,8.229979,3.749335,3.596487,0.152848
2017-10-18,8.232717,3.734068,3.598515,0.135553
2017-10-19,8.235455,3.751224,3.600540,0.150684
2017-10-20,8.238193,3.761296,3.602562,0.158734
2017-10-21,8.240931,3.781181,3.604582,0.176599
2017-10-22,8.243669,3.771875,3.606598,0.165278
2017-10-23,8.246407,3.769269,3.608611,0.160657
2017-10-24,8.249144,3.753830,3.610622,0.143208
2017-10-25,8.251882,3.744462,3.612629,0.131833
2017-10-26,8.254620,3.765460,3.614634,0.150826
2017-10-27,8.257358,3.765778,3.616635,0.149143
2017-10-28,8.260096,3.759969,3.618634,0.141336
2017-10-29,8.262834,3.766876,3.620629,0.146247
2017-10-30,8.265572,3.785070,3.622621,0.162449
2017-10-31,8.268309,3.793775,3.624610,0.169165
2017-11-01,8.271047,3.812666,3.626596,0.186070
2017-11-02,8.273785,3.842527,3.628578,0.213949
2017-11-03,8.276523,3.858729,3.630557,0.228171
2017-11-04,8.279261,3.859376,3.632533,0.226842
2017-11-05,8.281999,3.871410,3.634506,0.236904
2017-11-06,8.284736,3.860610,3.636475,0.224135
2017-11-07,8.287474,3.852783,3.638441,0.214342
2017-11-08,8.290212,3.866882,3.640404,0.226478
2017-11-09,8.292950,3.860168,3.642363,0.217805
2017-11-10,8.295688,3.841529,3.644319,0.197211
2017-11-11,8.298426,3.816211,3.646271,0.169940
2017-11-12,8.301164,3.785979,3.648220,0.137760
2017-11-13,8.303901,3.803001,3.650165,0.152836
2017-11-14,8.306639,3.819455,3.652107,0.167348
2017-11-15,8.309377,3.847915,3.654045,0.193870
2017-11-16,8.312115,3.871800,3.655979,0.215821
2017-11-17,8.314853,3.892741,3.657910,0.234831
2017-11-18,8.317591,3.885750,3.659837,0.225913
2017-11-19,8.320329,3.892336,3.661760,0.230576
2017-11-20,8.323066,3.906984,3.663680,0.243304
2017-11-21,8.325804,3.910568,3.665596,0.244972
2017-11-22,8.328542,3.908334,3.667508,0.240825
2017-11-23,8.331280,3.911726,3.669417,0.242309
2017-11-24,8.334018,3.910393,3.671321,0.239072
2017-11-25,8.336756,3.926143,3.673222,0.252922
2017-11-26,8.339493,3.955054,3.675118,0.279936
2017-11-27,8.342231,3.980729,3.677011,0.303718
2017-11-28,8.344969,3.992430,3.678900,0.313529
2017-11-29,8.347707,4.019115,3.680785,0.338330
2017-11-30,8.350445,3.997870,3.682666,0.315204
2017-12-01,8.353183,4.009123,3.684543,0.324580
2017-12-02,8.355921,4.037755,3.686416,0.351339
2017-12-03,8.358658,4.052636,3.688285,0.364351
2017-12-04,8.361396,4.054383,3.690149,0.364233
2017-12-05,8.364134,4.068843,3.692010,0.376833
2017-12-06,8.366872,4.101875,3.693866,0.408009
2017-12-07,8.369610,4.178991,3.695718,0.483272
2017-12-08,8.372348,4.198565,3.697566,0.500999
2017-12-09,8.375086,4.182450,3.699410,0.483040
2017-12-10,8.377823,4.162491,3.701250,0.461241
2017-12-11,8.380561,4.216411,3.703085,0.513326
2017-12-12,8.383299,4.227694,3.704916,0.522778
2017-12-13,8.386037,4.220695,3.706742,0.513953
2017-12-14,8.388775,4.217270,3.708564,0.508706
2017-12-15,8.391513,4.240142,3.710382,0.529760
2017-12-16,8.394251,4.260689,3.712195,0.548494
2017-12-17,8.396988,4.287556,3.714004,0.573551
2017-12-18,8.399726,4.274715,3.715809,0.558907
2017-12-19,8.402464,4.265607,3.717608,0.547998
2017-12-20,8.405202,4.227337,3.719404,0.507933
2017-12-21,8.407940,4.211821,3.721195,0.490626
2017-12-22,8.410678,4.144560,3.722981,0.421579
2017-12-23,8.413415,4.175769,3.724762,0.451007
2017-12-24,8.416153,4.141228,3.726539,0.414689
2017-12-25,8.418891,4.149840,3.728312,0.421529
2017-12-26,8.421629,4.188761,3.730079,0.458681
2017-12-27,8.424367,4.198413,3.731842,0.466571
2017-12-28,8.427105,4.163139,3.733600,0.429538
2017-12-29,8.429843,4.166641,3.735354,0.431287
2017-12-30,8.432580,4.126147,3.737103,0.389044
2017-12-31,8.435318,4.128444,3.738846,0.389597
2018-01-01,8.438056,4.136617,3.740585,0.396032
2018-01-02,8.440794,4.149140,3.742320,0.406820
2018-01-03,8.443532,4.179004,3.744049,0.434956
2018-01-04,8.446270,4.174245,3.745773,0.428472
2018-01-05,8.449008,4.203697,3.747492,0.456205
2018-01-06,8.451745,4.226481,3.749207,0.477274
2018-01-07,8.454483,4.223769,3.750916,0.472852
2018-01-08,8.457221,4.192884,3.752621,0.440263
2018-01-09,8.459959,4.180180,3.754320,0.425859
2018-01-10,8.462697,4.157057,3.756015,0.401042
2018-01-11,8.465435,4.145370,3.757704,0.387666
2018-01-12,8.468172,4.140741,3.759388,0.381353
2018-01-13,8.470910,4.158096,3.761067,0.397029
2018-01-14,8.473648,4.144010,3.762741,0.381269
2018-01-15,8.476386,4.147128,3.764410,0.382718
2018-01-16,8.479124,4.093736,3.766073,0.327663
2018-01-17,8.481862,4.033519,3.767731,0.265788
2018-01-18,8.484600,4.065809,3.769384,0.296425
2018-01-19,8.487337,4.066990,3.771032,0.295958
2018-01-20,8.490075,4.101948,3.772675,0.329273
2018-01-21,8.492813,4.082222,3.774312,0.307911
2018-01-22,8.495551,4.054237,3.775943,0.278294
2018-01-23,8.498289,4.036150,3.777570,0.258580
2018-01-24,8.501027,4.047271,3.779191,0.268080
2018-01-25,8.503765,4.057646,3.780806,0.276840
2018-01-26,8.506502,4.047152,3.782417,0.264735
2018-01-27,8.509240,4.055179,3.784021,0.271158
2018-01-28,8.511978,4.065817,3.785620,0.280197
2018-01-29,8.514716,4.053753,3.787214,0.266539
2018-01-30,8.517454,4.031834,3.788802,0.243032
2018-01-31,8.520192,4.005808,3.790385,0.215423
2018-02-01,8.522930,3.983353,3.791962,0.191391
2018-02-02,8.525667,3.936475,3.793533,0.142942
2018-02-03,8.528405,3.955504,3.795099,0.160405
2018-02-04,8.531143,3.946668,3.796660,0.150008
2018-02-05,8.533881,3.885958,3.798214,0.087744
2018-02-06,8.536619,3.838811,3.799763,0.039048
2018-02-07,8.539357,3.901124,3.801306,0.099818
2018-02-08,8.542094,3.917600,3.802843,0.114757
2018-02-09,8.544832,3.919809,3.804375,0.115433
2018-02-10,8.547570,3.937123,3.805901,0.131222
2018-02-11,8.550308,3.915985,3.807421,0.108564
2018-02-12,8.553046,3.935438,3.808935,0.126503
2018-02-13,8.555784,3.937352,3.810444,0.126908
2018-02-14,8.558522,3.956479,3.811946,0.144532
2018-02-15,8.561259,3.990433,3.813443,0.176990
2018-02-16,8.563997,4.002496,3.814934,0.187562
2018-02-17,8.566735,4.029634,3.816419,0.213216
2018-02-18,8.569473,4.032167,3.817898,0.214269
2018-02-19,8.572211,4.037642,3.819371,0.218271
2018-02-20,8.574949,4.062873,3.820838,0.242035
2018-02-21,8.577687,4.036873,3.822299,0.214574
2018-02-22,8.580424,4.015293,3.823754,0.191539
2018-02-23,8.583162,4.003568,3.825203,0.178365
2018-02-24,8.585900,4.000518,3.826646,0.173872
2018-02-25,8.588638,3.985959,3.828083,0.157876
2018-02-26,8.591376,3.998358,3.829513,0.168845
2018-02-27,8.594114,4.025019,3.830938,0.194081
2018-02-28,8.596851,4.028361,3.832357,0.196004
2018-03-01,8.599589,4.027557,3.833769,0.193788
2018-03-02,8.602327,4.042312,3.835175,0.207137
2018-03-03,8.605065,4.055875,3.836575,0.219300
2018-03-04,8.607803,4.052571,3.837969,0.214602
2018-03-05,8.610541,4.058750,3.839356,0.219394
2018-03-06,8.613279,4.043563,3.840737,0.202825
2018-03-07,8.616016,4.021594,3.842112,0.179481
2018-03-08,8.618754,3.992072,3.843481,0.148591
2018-03-09,8.621492,3.955186,3.844843,0.110343
2018-03-10,8.624230,3.969045,3.846200,0.122845
2018-03-11,8.626968,3.960842,3.847549,0.113293
2018-03-12,8.629706,3.977772,3.848893,0.128879
2018-03-13,8.632444,3.964965,3.850230,0.114735
2018-03-14,8.635181,3.947925,3.851560,0.096365
2018-03-15,8.637919,3.913553,3.852884,0.060669
2018-03-16,8.640657,3.922031,3.854202,0.067829
2018-03-17,8.643395,3.910113,3.855513,0.054599
2018-03-18,8.646133,3.888447,3.856818,0.031628
2018-03-19,8.648871,3.923786,3.858116,0.065670
2018-03-20,8.651608,3.937770,3.859408,0.078362
2018-03-21,8.654346,3.956089,3.860694,0.095395
2018-03-22,8.657084,3.945866,3.861972,0.083894
2018-03-23,8.659822,3.933202,3.863245,0.069957
2018-03-24,8.662560,3.948879,3.864510,0.084369
2018-03-25,8.665298,3.934065,3.865769,0.068296
2018-03-26,8.668036,3.917810,3.867022,0.050788
2018-03-27,8.670773,3.904200,3.868268,0.035932
2018-03-28,8.673511,3.901632,3.869507,0.032125
2018-03-29,8.676249,3.885910,3.870740,0.015170
2018-03-30,8.678987,3.842651,3.871966,-0.029315
2018-03-31,8.681725,3.848512,3.873185,-0.024673
2018-04-01,8.684463,3.835788,3.874397,-0.038609
2018-04-02,8.687201,3.847019,3.875603,-0.028584
2018-04-03,8.689938,3.867159,3.876802,-0.009644
2018-04-04,8.692676,3.852899,3.877995,-0.025096
2018-04-05,8.695414,3.833153,3.879181,-0.046028
2018-04-06,8.698152,3.825064,3.880359,-0.055295
2018-04-07,8.700890,3.839591,3.881532,-0.041941
2018-04-08,8.703628,3.845774,3.882697,-0.036923
2018-04-09,8.706366,3.839948,3.883855,-0.043907
2018-04-10,8.709103,3.832906,3.885007,-0.052101
2018-04-11,8.711841,3.838657,3.886152,-0.047495
2018-04-12,8.714579,3.866234,3.887290,-0.021056
2018-04-13,8.717317,3.903558,3.888421,0.015137
2018-04-14,8.720055,3.904695,3.889545,0.015150
2018-04-15,8.722793,3.914840,3.890663,0.024177
2018-04-16,8.725530,3.908518,3.891773,0.016745
2018-04-17,8.728268,3.906457,3.892877,0.013580
2018-04-18,8.731006,3.907067,3.893974,0.013093
2018-04-19,8.733744,3.915171,3.895063,0.020108
2018-04-20,8.736482,3.926694,3.896146,0.030548
2018-04-21,8.739220,3.945169,3.897222,0.047947
2018-04-22,8.741958,3.949402,3.898291,0.051111
2018-04-23,8.744695,3.950380,3.899353,0.051028
2018-04-24,8.747433,3.967515,3.900407,0.067107
2018-04-25,8.750171,3.964067,3.901455,0.062612
2018-04-26,8.752909,3.949267,3.902496,0.046771
2018-04-27,8.755647,3.963910,3.903530,0.060380
2018-04-28,8.758385,3.964545,3.904557,0.059988
2018-04-29,8.761123,3.969726,3.905576,0.064150
2018-04-30,8.763860,3.967472,3.906589,0.060883
2018-05-01,8.766598,3.954166,3.907594,0.046571
2018-05-02,8.769336,3.959133,3.908593,0.050540
2018-05-03,8.772074,3.970952,3.909584,0.061368
2018-05-04,8.774812,3.984119,3.910569,0.073550
2018-05-05,8.777550,3.991053,3.911546,0.079508
2018-05-06,8.780287,3.982808,3.912516,0.070293
2018-05-07,8.783025,3.970860,3.913479,0.057382
2018-05-08,8.785763,3.967245,3.914434,0.052811
2018-05-09,8.788501,3.963886,3.915383,0.048503
2018-05-10,8.791239,3.967130,3.916324,0.050806
2018-05-11,8.793977,3.941233,3.917259,0.023974
2018-05-12,8.796715,3.927470,3.918186,0.009285
2018-05-13,8.799452,3.933711,3.919105,0.014605
2018-05-14,8.802190,3.934008,3.920018,0.013990
2018-05-15,8.804928,3.936292,3.920924,0.015368
2018-05-16,8.807666,3.918773,3.921822,-0.003049
2018-05-17,8.810404,3.918156,3.922713,-0.004557
2018-05-18,8.813142,3.909096,3.923597,-0.014500
2018-05-19,8.815880,3.916787,3.924473,-0.007686
2018-05-20,8.818617,3.922550,3.925343,-0.002793
2018-05-21,8.821355,3.927222,3.926205,0.001017
2018-05-22,8.824093,3.915884,3.927059,-0.011175
2018-05-23,8.826831,3.892500,3.927907,-0.035407
2018-05-24,8.829569,3.878336,3.928747,-0.050412
2018-05-25,8.832307,3.874548,3.929580,-0.055032
2018-05-26,8.835044,3.874731,3.930406,-0.055675
2018-05-27,8.837782,3.865497,3.931224,-0.065727
2018-05-28,8.840520,3.861531,3.932035,-0.070504
2018-05-29,8.843258,3.863980,3.932839,-0.068859
2018-05-30,8.845996,3.872092,3.933636,-0.061544
2018-05-31,8.848734,3.875456,3.934425,-0.058969
2018-06-01,8.851472,3.874406,3.935207,-0.060801
2018-06-02,8.854209,3.880916,3.935981,-0.055065
2018-06-03,8.856947,3.885983,3.936748,-0.050765
2018-06-04,8.859685,3.879248,3.937508,-0.058261
2018-06-05,8.862423,3.874693,3.938261,-0.063567
2018-06-06,8.865161,3.880978,3.939006,-0.058028
2018-06-07,8.867899,3.885739,3.939744,-0.054005
2018-06-08,8.870637,3.882650,3.940474,-0.057824
2018-06-09,8.873374,3.882535,3.941197,-0.058662
2018-06-10,8.876112,3.854327,3.941913,-0.087587
2018-06-11,8.878850,3.830955,3.942622,-0.111667
2018-06-12,8.881588,3.830517,3.943323,-0.112806
2018-06-13,8.884326,3.810333,3.944016,-0.133684
2018-06-14,8.887064,3.813831,3.944703,-0.130872
2018-06-15,8.889802,3.817062,3.945381,-0.128320
2018-06-16,8.892539,3.811778,3.946053,-0.134275
2018-06-17,8.895277,3.814354,3.946717,-0.132363
2018-06-18,8.898015,3.815567,3.947374,-0.131807
2018-06-19,8.900753,3.827562,3.948023,-0.120462
2018-06-20,8.903491,3.824810,3.948665,-0.123855
2018-06-21,8.906229,3.827918,3.949300,-0.121382
2018-06-22,8.908966,3.804088,3.949927,-0.145839
2018-06-23,8.911704,3.789686,3.950547,-0.160861
2018-06-24,8.914442,3.782109,3.951159,-0.169050
2018-06-25,8.917180,3.794144,3.951764,-0.157620
2018-06-26,8.919918,3.793740,3.952362,-0.158622
2018-06-27,8.922656,3.786307,3.952952,-0.166645
2018-06-28,8.925394,3.784930,3.953535,-0.168605
2018-06-29,8.928131,3.773440,3.954110,-0.180670
2018-06-30,8.930869,3.804745,3.954678,-0.149933
2018-07-01,8.933607,3.803477,3.955239,-0.151762
2018-07-02,8.936345,3.810414,3.955792,-0.145378
2018-07-03,8.939083,3.819637,3.956338,-0.136701
2018-07-04,8.941821,3.818321,3.956876,-0.138556
2018-07-05,8.944559,3.819403,3.957407,-0.138004
2018-07-06,8.947296,3.817117,3.957931,-0.140814
2018-07-07,8.950034,3.819146,3.958447,-0.139301
2018-07-08,8.952772,3.828851,3.958956,-0.130106
2018-07-09,8.955510,3.827201,3.959458,-0.132256
2018-07-10,8.958248,3.813359,3.959952,-0.146593
2018-07-11,8.960986,3.804996,3.960439,-0.155443
2018-07-12,8.963723,3.795192,3.960918,-0.165726
2018-07-13,8.966461,3.795640,3.961390,-0.165750
2018-07-14,8.969199,3.795045,3.961854,-0.166809
2018-07-15,8.971937,3.800570,3.962312,-0.161741
2018-07-16,8.974675,3.814069,3.962761,-0.148692
2018-07-17,8.977413,3.836976,3.963204,-0.126228
2018-07-18,8.980151,3.868939,3.963639,-0.094700
2018-07-19,8.982888,3.868356,3.964067,-0.095710
2018-07-20,8.985626,3.870325,3.964487,-0.094161
2018-07-21,8.988364,3.866233,3.964900,-0.098667
2018-07-22,8.991102,3.871826,3.965306,-0.093479
2018-07-23,8.993840,3.884775,3.965704,-0.080928
2018-07-24,8.996578,3.906642,3.966095,-0.059453
2018-07-25,8.999316,3.915945,3.966478,-0.050533
2018-07-26,9.002053,3.912926,3.966855,-0.053929
2018-07-27,9.004791,3.903647,3.967224,-0.063576
2018-07-28,9.007529,3.912149,3.967585,-0.055436
2018-07-29,9.010267,3.913490,3.967939,-0.054449
2018-07-30,9.013005,3.910013,3.968286,-0.058273
2018-07-31,9.015743,3.898466,3.968626,-0.070161
2018-08-01,9.018480,3.879615,3.968959,-0.089343
2018-08-02,9.021218,3.880540,3.969284,-0.088743
2018-08-03,9.023956,3.869213,3.969601,-0.100388
2018-08-04,9.026694,3.860438,3.969912,-0.109474
2018-08-05,9.029432,3.845253,3.970215,-0.124963
2018-08-06,9.032170,3.844617,3.970511,-0.125894
2018-08-07,9.034908,3.844489,3.970800,-0.126310
2018-08-08,9.037645,3.809472,3.971081,-0.161609
2018-08-09,9.040383,3.806268,3.971355,-0.165087
2018-08-10,9.043121,3.805027,3.971622,-0.166595
2018-08-11,9.045859,3.792635,3.971882,-0.179247
2018-08-12,9.048597,3.800737,3.972135,-0.171398
2018-08-13,9.051335,3.803271,3.972380,-0.169109
2018-08-14,9.054073,3.783533,3.972618,-0.189085
2018-08-15,9.056810,3.804210,3.972849,-0.168638
2018-08-16,9.059548,3.802326,3.973073,-0.170746
2018-08-17,9.062286,3.810532,3.973289,-0.162757
2018-08-18,9.065024,3.809256,3.973498,-0.164242
2018-08-19,9.067762,3.806218,3.973701,-0.167483
2018-08-20,9.070500,3.809287,3.973896,-0.164608
2018-08-21,9.073238,3.806449,3.974084,-0.167634
2018-08-22,9.075975,3.817910,3.974264,-0.156355
2018-08-23,9.078713,3.808652,3.974438,-0.165786
2018-08-24,9.081451,3.816508,3.974605,-0.158097
2018-08-25,9.084189,3.826835,3.974764,-0.147929
2018-08-26,9.086927,3.823814,3.974916,-0.151102
2018-08-27,9.089665,3.826567,3.975062,-0.148494
2018-08-28,9.092402,3.843612,3.975200,-0.131588
2018-08-29,9.095140,3.847562,3.975331,-0.127769
2018-08-30,9.097878,3.840364,3.975455,-0.135091
2018-08-31,9.100616,3.843285,3.975572,-0.132287
2018-09-01,9.103354,3.850935,3.975682,-0.124747
2018-09-02,9.106092,3.859164,3.975785,-0.116621
2018-09-03,9.108830,3.860241,3.975881,-0.115640
2018-09-04,9.111567,3.863977,3.975970,-0.111993
2018-09-05,9.114305,3.852336,3.976052,-0.123716
2018-09-06,9.117043,3.808712,3.976127,-0.167415
2018-09-07,9.119781,3.810290,3.976195,-0.165906
2018-09-08,9.122519,3.804704,3.976257,-0.171553
2018-09-09,9.125257,3.800141,3.976311,-0.176170
2018-09-10,9.127995,3.799870,3.976358,-0.176488
2018-09-11,9.130732,3.799727,3.976399,-0.176671
2018-09-12,9.133470,3.798187,3.976432,-0.178245
2018-09-13,9.136208,3.809545,3.976459,-0.166915
2018-09-14,9.138946,3.812801,3.976479,-0.163678
2018-09-15,9.141684,3.813975,3.976492,-0.162518
2018-09-16,9.144422,3.811881,3.976498,-0.164618
2018-09-17,9.147159,3.806239,3.976498,-0.170259
2018-09-18,9.149897,3.799577,3.976491,-0.176913
2018-09-19,9.152635,3.802078,3.976476,-0.174399
2018-09-20,9.155373,3.807107,3.976456,-0.169349
2018-09-21,9.158111,3.823254,3.976428,-0.153174
2018-09-22,9.160849,3.826344,3.976394,-0.150049
2018-09-23,9.163587,3.826313,3.976353,-0.150040
2018-09-24,9.166324,3.821799,3.976305,-0.154505
2018-09-25,9.169062,3.807498,3.976250,-0.168752
2018-09-26,9.171800,3.810687,3.976189,-0.165502
2018-09-27,9.174538,3.814700,3.976122,-0.161421
2018-09-28,9.177276,3.824011,3.976047,-0.152036
2018-09-29,9.180014,3.816456,3.975966,-0.159510
2018-09-30,9.182752,3.818832,3.975879,-0.157046
2018-10-01,9.185489,3.818646,3.975784,-0.157139
2018-10-02,9.188227,3.816743,3.975684,-0.158941
2018-10-03,9.190965,3.810916,3.975576,-0.164660
2018-10-04,9.193703,3.817060,3.975463,-0.158403
2018-10-05,9.196441,3.817130,3.975342,-0.158213
2018-10-06,9.199179,3.817599,3.975216,-0.157617
2018-10-07,9.201916,3.816403,3.975082,-0.158680
2018-10-08,9.204654,3.819775,3.974943,-0.155168
2018-10-09,9.207392,3.819950,3.974796,-0.154846
2018-10-10,9.210130,3.816135,3.974644,-0.158509
2018-10-11,9.212868,3.796682,3.974485,-0.177803
2018-10-12,9.215606,3.796094,3.974320,-0.178226
2018-10-13,9.218344,3.796074,3.974148,-0.178074
2018-10-14,9.221081,3.798298,3.973970,-0.175672
2018-10-15,9.223819,3.810777,3.973786,-0.163009
2018-10-16,9.226557,3.814394,3.973595,-0.159201
2018-10-17,9.229295,3.814224,3.973398,-0.159174
2018-10-18,9.232033,3.813312,3.973195,-0.159883
2018-10-19,9.234771,3.809570,3.972986,-0.163416
2018-10-20,9.237509,3.809882,3.972770,-0.162888
2018-10-21,9.240246,3.812233,3.972549,-0.160315
2018-10-22,9.242984,3.810267,3.972321,-0.162054
2018-10-23,9.245722,3.809579,3.972087,-0.162508
2018-10-24,9.248460,3.811414,3.971846,-0.160432
2018-10-25,9.251198,3.809805,3.971600,-0.161795
2018-10-26,9.253936,3.809656,3.971348,-0.161692
2018-10-27,9.256674,3.809663,3.971089,-0.161427
2018-10-28,9.259411,3.809191,3.970825,-0.161634
2018-10-29,9.262149,3.804428,3.970554,-0.166126
2018-10-30,9.264887,3.800000,3.970278,-0.170278
2018-10-31,9.267625,3.800369,3.969996,-0.169626
2018-11-01,9.270363,3.802453,3.969707,-0.167255
2018-11-02,9.273101,3.805028,3.969413,-0.164385
2018-11-03,9.275838,3.803538,3.969113,-0.165575
2018-11-04,9.278576,3.805354,3.968807,-0.163452
2018-11-05,9.281314,3.807768,3.968495,-0.160727
2018-11-06,9.284052,3.808190,3.968177,-0.159987
2018-11-07,9.286790,3.814249,3.967854,-0.153605
2018-11-08,9.289528,3.810836,3.967524,-0.156688
2018-11-09,9.292266,3.805822,3.967189,-0.161368
2018-11-10,9.295003,3.805272,3.966849,-0.161576
2018-11-11,9.297741,3.804072,3.966502,-0.162431
2018-11-12,9.300479,3.804949,3.966150,-0.161201
2018-11-13,9.303217,3.801948,3.965792,-0.163844
2018-11-14,9.305955,3.784734,3.965429,-0.180695
2018-11-15,9.308693,3.746176,3.965060,-0.218884
2018-11-16,9.311431,3.748000,3.964685,-0.216685
2018-11-17,9.314168,3.743912,3.964305,-0.220393
2018-11-18,9.316906,3.747260,3.963919,-0.216659
2018-11-19,9.319644,3.719681,3.963528,-0.243847
2018-11-20,9.322382,3.661370,3.963132,-0.301762
2018-11-21,9.325120,3.653602,3.962729,-0.309127
2018-11-22,9.327858,3.654579,3.962322,-0.307743
2018-11-23,9.330595,3.633290,3.961909,-0.328620
2018-11-24,9.333333,3.628551,3.961491,-0.332940
2018-11-25,9.336071,3.580687,3.961067,-0.380380
2018-11-26,9.338809,3.590725,3.960638,-0.369913
2018-11-27,9.341547,3.573687,3.960204,-0.386517
2018-11-28,9.344285,3.612299,3.959765,-0.347466
2018-11-29,9.347023,3.628581,3.959320,-0.330739
2018-11-30,9.349760,3.613466,3.958870,-0.345405
2018-12-01,9.352498,3.613737,3.958415,-0.344679
2018-12-02,9.355236,3.618558,3.957955,-0.339397
2018-12-03,9.357974,3.597872,3.957490,-0.359618
2018-12-04,9.360712,3.595341,3.957019,-0.361679
2018-12-05,9.363450,3.584117,3.956544,-0.372427
2018-12-06,9.366188,3.571913,3.956064,-0.384151
2018-12-07,9.368925,3.530877,3.955578,-0.424701
2018-12-08,9.371663,3.533658,3.955088,-0.421430
2018-12-09,9.374401,3.544858,3.954592,-0.409734
2018-12-10,9.377139,3.544583,3.954092,-0.409509
2018-12-11,9.379877,3.531636,3.953587,-0.421951
2018-12-12,9.382615,3.535686,3.953077,-0.417391
2018-12-13,9.385352,3.530820,3.952562,-0.421742
2018-12-14,9.388090,3.514285,3.952043,-0.437758
2018-12-15,9.390828,3.506788,3.951518,-0.444730
2018-12-16,9.393566,3.511881,3.950989,-0.439108
2018-12-17,9.396304,3.527221,3.950456,-0.423234
2018-12-18,9.399042,3.548464,3.949917,-0.401453
2018-12-19,9.401780,3.576975,3.949374,-0.372399
2018-12-20,9.404517,3.596888,3.948826,-0.351939
2018-12-21,9.407255,3.602320,3.948274,-0.345954
2018-12-22,9.409993,3.589757,3.947717,-0.357960
2018-12-23,9.412731,3.603276,3.947156,-0.343880
2018-12-24,9.415469,3.618777,3.946590,-0.327814
2018-12-25,9.418207,3.580977,3.946020,-0.365044
2018-12-26,9.420945,3.582299,3.945446,-0.363146
2018-12-27,9.423682,3.575442,3.944867,-0.369424
2018-12-28,9.426420,3.573785,3.944283,-0.370498
2018-12-29,9.429158,3.592094,3.943696,-0.351601
2018-12-30,9.431896,3.583071,3.943104,-0.360032
2018-12-31,9.434634,3.579658,3.942507,-0.362849
2019-01-01,9.437372,3.573971,3.941907,-0.367936
2019-01-02,9.440110,3.587357,3.941302,-0.353945
2019-01-03,9.442847,3.587452,3.940694,-0.353241
2019-01-04,9.445585,3.582538,3.940081,-0.357542
2019-01-05,9.448323,3.587679,3.939464,-0.351785
2019-01-06,9.451061,3.591891,3.938843,-0.346951
2019-01-07,9.453799,3.607330,3.938218,-0.330888
2019-01-08,9.456537,3.605737,3.937589,-0.331852
2019-01-09,9.459274,3.606055,3.936956,-0.330901
2019-01-10,9.462012,3.582582,3.936319,-0.353737
2019-01-11,9.464750,3.564850,3.935678,-0.370828
2019-01-12,9.467488,3.563609,3.935033,-0.371424
2019-01-13,9.470226,3.558115,3.934385,-0.376269
2019-01-14,9.472964,3.557994,3.933733,-0.375738
2019-01-15,9.475702,3.564865,3.933077,-0.368212
2019-01-16,9.478439,3.560492,3.932417,-0.371925
2019-01-17,9.481177,3.560134,3.931753,-0.371619
2019-01-18,9.483915,3.561670,3.931086,-0.369416
2019-01-19,9.486653,3.568140,3.930416,-0.362276
2019-01-20,9.489391,3.560362,3.929742,-0.369380
2019-01-21,9.492129,3.551809,3.929064,-0.377255
2019-01-22,9.494867,3.553636,3.928383,-0.374747
2019-01-23,9.497604,3.555733,3.927698,-0.371965
2019-01-24,9.500342,3.553891,3.927010,-0.373119
2019-01-25,9.503080,3.554154,3.926318,-0.372165
2019-01-26,9.505818,3.556237,3.925624,-0.369386
2019-01-27,9.508556,3.552767,3.924925,-0.372158
2019-01-28,9.511294,3.539816,3.924224,-0.384408
2019-01-29,9.514031,3.534765,3.923519,-0.388754
2019-01-30,9.516769,3.537961,3.922811,-0.384850
2019-01-31,9.519507,3.538139,3.922100,-0.383961
2019-02-01,9.522245,3.537176,3.921386,-0.384210
2019-02-02,9.524983,3.539203,3.920669,-0.381466
2019-02-03,9.527721,3.538345,3.919948,-0.381604
2019-02-04,9.530459,3.537080,3.919225,-0.382144
2019-02-05,9.533196,3.537794,3.918498,-0.380705
2019-02-06,9.535934,3.532080,3.917769,-0.385689
2019-02-07,9.538672,3.531534,3.917037,-0.385502
2019-02-08,9.541410,3.542978,3.916301,-0.373324
2019-02-09,9.544148,3.561677,3.915563,-0.353886
2019-02-10,9.546886,3.560811,3.914823,-0.354012
2019-02-11,9.549624,3.559585,3.914079,-0.354494
2019-02-12,9.552361,3.557715,3.913333,-0.355618
2019-02-13,9.555099,3.558277,3.912584,-0.354307
2019-02-14,9.557837,3.556903,3.911832,-0.354929
2019-02-15,9.560575,3.557193,3.911078,-0.353885
2019-02-16,9.563313,3.559367,3.910321,-0.350954
2019-02-17,9.566051,3.558917,3.909562,-0.350645
2019-02-18,9.568789,3.578333,3.908800,-0.330467
2019-02-19,9.571526,3.593798,3.908035,-0.314237
2019-02-20,9.574264,3.595265,3.907269,-0.312004
2019-02-21,9.577002,3.595034,3.906500,-0.311466
2019-02-22,9.579740,3.596881,3.905728,-0.308847
2019-02-23,9.582478,3.602459,3.904954,-0.302495
2019-02-24,9.585216,3.603162,3.904178,-0.301016
2019-02-25,9.587953,3.582440,3.903400,-0.320960
2019-02-26,9.590691,3.583095,3.902619,-0.319524
2019-02-27,9.593429,3.582711,3.901837,-0.319126
2019-02-28,9.596167,3.584651,3.901052,-0.316401
2019-03-01,9.598905,3.584860,3.900265,-0.315405
2019-03-02,9.601643,3.583917,3.899477,-0.315560
2019-03-03,9.604381,3.583640,3.898686,-0.315045
2019-03-04,9.607118,3.575086,3.897893,-0.322807
2019-03-05,9.609856,3.579544,3.897098,-0.317554
2019-03-06,9.612594,3.587361,3.896302,-0.308941
2019-03-07,9.615332,3.589770,3.895503,-0.305734
2019-03-08,9.618070,3.591000,3.894703,-0.303703
2019-03-09,9.620808,3.593101,3.893901,-0.300800
2019-03-10,9.623546,3.593204,3.893098,-0.299894
2019-03-11,9.626283,3.590172,3.892293,-0.302121
2019-03-12,9.629021,3.588683,3.891486,-0.302802
2019-03-13,9.631759,3.589400,3.890677,-0.301277
2019-03-14,9.634497,3.588951,3.889867,-0.300916
2019-03-15,9.637235,3.592041,3.889055,-0.297014
2019-03-16,9.639973,3.602768,3.888242,-0.285475
2019-03-17,9.642710,3.601258,3.887428,-0.286170
2019-03-18,9.645448,3.601852,3.886612,-0.284760
2019-03-19,9.648186,3.602886,3.885795,-0.282909
2019-03-20,9.650924,3.604885,3.884977,-0.280092
2019-03-21,9.653662,3.605421,3.884157,-0.278735
2019-03-22,9.656400,3.602561,3.883336,-0.280774
2019-03-23,9.659138,3.602676,3.882514,-0.279838
2019-03-24,9.661875,3.601478,3.881690,-0.280212
2019-03-25,9.664613,3.599347,3.880866,-0.281519
2019-03-26,9.667351,3.594821,3.880041,-0.285220
2019-03-27,9.670089,3.603713,3.879214,-0.275501
2019-03-28,9.672827,3.605520,3.878387,-0.272866
2019-03-29,9.675565,3.610818,3.877558,-0.266740
2019-03-30,9.678303,3.613368,3.876729,-0.263362
2019-03-31,9.681040,3.613837,3.875899,-0.262062
2019-04-01,9.683778,3.617494,3.875068,-0.257574
2019-04-02,9.686516,3.668640,3.874236,-0.205596
2019-04-03,9.689254,3.701572,3.873404,-0.171832
2019-04-04,9.691992,3.697217,3.872571,-0.175354
2019-04-05,9.694730,3.698430,3.871737,-0.173307
2019-04-06,9.697467,3.703750,3.870903,-0.167153
2019-04-07,9.700205,3.711216,3.870068,-0.158852
2019-04-08,9.702943,3.720023,3.869233,-0.149209
2019-04-09,9.705681,3.718774,3.868397,-0.149623
2019-04-10,9.708419,3.722864,3.867560,-0.144697
2019-04-11,9.711157,3.710745,3.866724,-0.155979
2019-04-12,9.713895,3.704669,3.865887,-0.161218
2019-04-13,9.716632,3.708006,3.865049,-0.157044
2019-04-14,9.719370,3.707733,3.864212,-0.156479
2019-04-15,9.722108,3.710894,3.863374,-0.152479
2019-04-16,9.724846,3.709126,3.862536,-0.153410
2019-04-17,9.727584,3.718793,3.861698,-0.142905
2019-04-18,9.730322,3.722399,3.860859,-0.138460
2019-04-19,9.733060,3.721959,3.860021,-0.138062
2019-04-20,9.735797,3.726209,3.859183,-0.132974
2019-04-21,9.738535,3.724331,3.858345,-0.134014
2019-04-22,9.741273,3.726849,3.857506,-0.130658
2019-04-23,9.744011,3.743700,3.856668,-0.112969
2019-04-24,9.746749,3.740282,3.855830,-0.115548
2019-04-25,9.749487,3.735519,3.854993,-0.119473
2019-04-26,9.752225,3.717413,3.854155,-0.136743
2019-04-27,9.754962,3.717996,3.853318,-0.135322
2019-04-28,9.757700,3.719220,3.852481,-0.133261
2019-04-29,9.760438,3.717797,3.851645,-0.133848
2019-04-30,9.763176,3.720882,3.850809,-0.129927
2019-05-01,9.765914,3.728478,3.849973,-0.121495
2019-05-02,9.768652,3.733147,3.849138,-0.115990
2019-05-03,9.771389,3.752907,3.848303,-0.095397
2019-05-04,9.774127,3.758222,3.847469,-0.089247
2019-05-05,9.776865,3.760854,3.846636,-0.085782
2019-05-06,9.779603,3.756361,3.845803,-0.089442
2019-05-07,9.782341,3.770939,3.844971,-0.074032
2019-05-08,9.785079,3.769658,3.844140,-0.074482
2019-05-09,9.787817,3.784046,3.843310,-0.059264
2019-05-10,9.790554,3.800568,3.842480,-0.041913
2019-05-11,9.793292,3.833065,3.841652,-0.008587
2019-05-12,9.796030,3.853196,3.840824,0.012372
2019-05-13,9.798768,3.868802,3.839997,0.028804
2019-05-14,9.801506,3.901777,3.839171,0.062605
2019-05-15,9.804244,3.904801,3.838347,0.066455
2019-05-16,9.806982,3.901470,3.837523,0.063947
2019-05-17,9.809719,3.861578,3.836701,0.024878
2019-05-18,9.812457,3.865511,3.835879,0.029631
2019-05-19,9.815195,3.899062,3.835059,0.064003
2019-05-20,9.817933,3.896879,3.834241,0.062638
2019-05-21,9.820671,3.899569,3.833423,0.066146
2019-05-22,9.823409,3.896463,3.832607,0.063856
2019-05-23,9.826146,3.887073,3.831792,0.055281
2019-05-24,9.828884,3.901840,3.830979,0.070861
2019-05-25,9.831622,3.904377,3.830167,0.074210
2019-05-26,9.834360,3.908694,3.829357,0.079337
2019-05-27,9.837098,3.941121,3.828548,0.112572
2019-05-28,9.839836,3.939025,3.827741,0.111283
2019-05-29,9.842574,3.936203,3.826936,0.109267
2019-05-30,9.845311,3.935835,3.826132,0.109703
2019-05-31,9.848049,3.922296,3.825330,0.096966
2019-06-01,9.850787,3.931777,3.824530,0.107247
2019-06-02,9.853525,3.937885,3.823732,0.114153
2019-06-03,9.856263,3.930708,3.822935,0.107772
2019-06-04,9.859001,3.895611,3.822141,0.073470
2019-06-05,9.861739,3.891473,3.821348,0.070125
2019-06-06,9.864476,3.889898,3.820557,0.069340
2019-06-07,9.867214,3.900038,3.819769,0.080269
2019-06-08,9.869952,3.900169,3.818982,0.081187
2019-06-09,9.872690,3.892561,3.818198,0.074363
2019-06-10,9.875428,3.893704,3.817416,0.076288
2019-06-11,9.878166,3.897697,3.816636,0.081062
2019-06-12,9.880903,3.905338,3.815858,0.089480
2019-06-13,9.883641,3.912141,3.815083,0.097058
2019-06-14,9.886379,3.921790,3.814309,0.107481
2019-06-15,9.889117,3.940540,3.813539,0.127001
2019-06-16,9.891855,3.957429,3.812770,0.144659
2019-06-17,9.894593,3.964354,3.812005,0.152350
2019-06-18,9.897331,3.960795,3.811241,0.149554
2019-06-19,9.900068,3.961083,3.810480,0.150602
2019-06-20,9.902806,3.970595,3.809722,0.160873
2019-06-21,9.905544,3.990707,3.808967,0.181740
2019-06-22,9.908282,4.028790,3.808214,0.220576
2019-06-23,9.911020,4.030383,3.807463,0.222919
2019-06-24,9.913758,4.034689,3.806716,0.227973
2019-06-25,9.916496,4.052800,3.805971,0.246828
2019-06-26,9.919233,4.100075,3.805229,0.294845
2019-06-27,9.921971,4.071046,3.804491,0.266556
2019-06-28,9.924709,4.068253,3.803755,0.264499
2019-06-29,9.927447,4.074130,3.803021,0.271108
2019-06-30,9.930185,4.062194,3.802291,0.259902
2019-07-01,9.932923,4.029204,3.801564,0.227639
2019-07-02,9.935661,4.013509,3.800841,0.212669
2019-07-03,9.938398,4.054330,3.800120,0.254211
2019-07-04,9.941136,4.070129,3.799402,0.270727
2019-07-05,9.943874,4.046997,3.798688,0.248309
2019-07-06,9.946612,4.057648,3.797977,0.259671
2019-07-07,9.949350,4.053743,3.797269,0.256475
2019-07-08,9.952088,4.071420,3.796564,0.274856
2019-07-09,9.954825,4.096271,3.795863,0.300408
2019-07-10,9.957563,4.100900,3.795165,0.305735
2019-07-11,9.960301,4.063991,3.794471,0.269520
2019-07-12,9.963039,4.064100,3.793780,0.270320
2019-07-13,9.965777,4.057922,3.793093,0.264829
2019-07-14,9.968515,4.035636,3.792410,0.243226
2019-07-15,9.971253,4.018776,3.791730,0.227046
2019-07-16,9.973990,4.015691,3.791053,0.224638
2019-07-17,9.976728,3.981990,3.790381,0.191610
2019-07-18,9.979466,4.003072,3.789712,0.213361
2019-07-19,9.982204,4.020148,3.789046,0.231102
2019-07-20,9.984942,4.028759,3.788385,0.240374
2019-07-21,9.987680,4.024324,3.787728,0.236597
2019-07-22,9.990418,4.019318,3.787074,0.232244
2019-07-23,9.993155,4.003799,3.786425,0.217375
2019-07-24,9.995893,3.988010,3.785779,0.202231
2019-07-25,9.998631,4.001659,3.785137,0.216521
2019-07-26,10.001369,3.990906,3.784500,0.206407
2019-07-27,10.004107,3.988667,3.783866,0.204800
2019-07-28,10.006845,3.978435,3.783237,0.195198
2019-07-29,10.009582,3.980434,3.782612,0.197821
2019-07-30,10.012320,3.980444,3.781991,0.198453
2019-07-31,10.015058,3.994336,3.781375,0.212962
2019-08-01,10.017796,4.004029,3.780762,0.223267
2019-08-02,10.020534,4.020203,3.780154,0.240049
2019-08-03,10.023272,4.032782,3.779551,0.253232
2019-08-04,10.026010,4.034027,3.778952,0.255075
2019-08-05,10.028747,4.067122,3.778357,0.288766
2019-08-06,10.031485,4.069724,3.777767,0.291957
2019-08-07,10.034223,4.068511,3.777181,0.291330
2019-08-08,10.036961,4.072043,3.776600,0.295443
2019-08-09,10.039699,4.072801,3.776023,0.296778
2019-08-10,10.042437,4.063881,3.775451,0.288429
2019-08-11,10.045175,4.056436,3.774884,0.281551
2019-08-12,10.047912,4.056988,3.774322,0.282666
2019-08-13,10.050650,4.047209,3.773764,0.273445
2019-08-14,10.053388,4.019133,3.773211,0.245922
2019-08-15,10.056126,4.002010,3.772663,0.229347
2019-08-16,10.058864,4.011036,3.772120,0.238917
2019-08-17,10.061602,4.013645,3.771581,0.242063
2019-08-18,10.064339,4.013589,3.771048,0.242541
2019-08-19,10.067077,4.026635,3.770520,0.256116
2019-08-20,10.069815,4.032051,3.769996,0.262054
2019-08-21,10.072553,4.009026,3.769478,0.239548
2019-08-22,10.075291,4.003390,3.768965,0.234425
2019-08-23,10.078029,4.012521,3.768457,0.244064
2019-08-24,10.080767,4.007462,3.767954,0.239508
2019-08-25,10.083504,4.005444,3.767456,0.237988
2019-08-26,10.086242,4.015330,3.766964,0.248366
2019-08-27,10.088980,4.008344,3.766477,0.241867
2019-08-28,10.091718,4.003053,3.765995,0.237059
2019-08-29,10.094456,3.980398,3.765518,0.214880
2019-08-30,10.097194,3.981187,3.765047,0.216139
2019-08-31,10.099932,3.983553,3.764582,0.218971
2019-09-01,10.102669,3.984860,3.764121,0.220738
2019-09-02,10.105407,3.998705,3.763667,0.235038
2019-09-03,10.108145,4.022178,3.763218,0.258961
2019-09-04,10.110883,4.024250,3.762774,0.261476
2019-09-05,10.113621,4.024372,3.762336,0.262036
2019-09-06,10.116359,4.027763,3.761904,0.265860
2019-09-07,10.119097,4.018746,3.761477,0.257269
2019-09-08,10.121834,4.020175,3.761056,0.259119
2019-09-09,10.124572,4.013827,3.760641,0.253187
2019-09-10,10.127310,4.010377,3.760231,0.250146
2019-09-11,10.130048,4.003847,3.759827,0.244020
2019-09-12,10.132786,4.010570,3.759430,0.251141
2019-09-13,10.135524,4.014286,3.759038,0.255248
2019-09-14,10.138261,4.015250,3.758652,0.256598
2019-09-15,10.140999,4.014193,3.758271,0.255922
2019-09-16,10.143737,4.011559,3.757897,0.253662
2019-09-17,10.146475,4.010111,3.757529,0.252582
2019-09-18,10.149213,4.009094,3.757167,0.251927
2019-09-19,10.151951,4.000818,3.756811,0.244007
2019-09-20,10.154689,4.008555,3.756461,0.252094
2019-09-21,10.157426,4.002744,3.756118,0.246627
2019-09-22,10.160164,4.000305,3.755780,0.244525
2019-09-23,10.162902,3.995851,3.755449,0.240402
2019-09-24,10.165640,3.975332,3.755123,0.220209
2019-09-25,10.168378,3.929019,3.754805,0.174215
2019-09-26,10.171116,3.918086,3.754492,0.163594
2019-09-27,10.173854,3.907038,3.754186,0.152852
2019-09-28,10.176591,3.913483,3.753886,0.159596
2019-09-29,10.179329,3.908916,3.753593,0.155324
2019-09-30,10.182067,3.909024,3.753306,0.155718
2019-10-01,10.184805,3.924196,3.753025,0.171171
2019-10-02,10.187543,3.918710,3.752751,0.165959
2019-10-03,10.190281,3.917901,3.752484,0.165418
2019-10-04,10.193018,3.912803,3.752223,0.160580
2019-10-05,10.195756,3.910748,3.751968,0.158779
2019-10-06,10.198494,3.903764,3.751721,0.152043
2019-10-07,10.201232,3.907405,3.751479,0.155926
2019-10-08,10.203970,3.915510,3.751245,0.164265
2019-10-09,10.206708,3.921822,3.751017,0.170805
2019-10-10,10.209446,3.932984,3.750796,0.182188
2019-10-11,10.212183,3.925414,3.750582,0.174832
2019-10-12,10.214921,3.922333,3.750375,0.171959
2019-10-13,10.217659,3.923693,3.750174,0.173518
2019-10-14,10.220397,3.921024,3.749980,0.171044
2019-10-15,10.223135,3.918776,3.749793,0.168983
2019-10-16,10.225873,3.908174,3.749614,0.158560
2019-10-17,10.228611,3.906623,3.749441,0.157182
2019-10-18,10.231348,3.903011,3.749275,0.153736
2019-10-19,10.234086,3.903141,3.749116,0.154025
2019-10-20,10.236824,3.906471,3.748963,0.157508
2019-10-21,10.239562,3.916734,3.748819,0.167915
2019-10-22,10.242300,3.915487,3.748681,0.166807
2019-10-23,10.245038,3.891045,3.748550,0.142495
2019-10-24,10.247775,3.874713,3.748426,0.126287
2019-10-25,10.250513,3.899325,3.748310,0.151015
2019-10-26,10.253251,3.971129,3.748201,0.222928
2019-10-27,10.255989,3.974729,3.748098,0.226630
2019-10-28,10.258727,3.976731,3.748004,0.228727
2019-10-29,10.261465,3.972383,3.747916,0.224467
2019-10-30,10.264203,3.963790,3.747836,0.215954
2019-10-31,10.266940,3.963143,3.747763,0.215380
2019-11-01,10.269678,3.962648,3.747697,0.214951
2019-11-02,10.272416,3.968426,3.747639,0.220786
2019-11-03,10.275154,3.965459,3.747588,0.217871
2019-11-04,10.277892,3.967273,3.747545,0.219728
2019-11-05,10.280630,3.971059,3.747509,0.223550
2019-11-06,10.283368,3.970643,3.747481,0.223162
2019-11-07,10.286105,3.966225,3.747460,0.218766
2019-11-08,10.288843,3.954205,3.747446,0.206759
2019-11-09,10.291581,3.946381,3.747440,0.198940
2019-11-10,10.294319,3.950492,3.747442,0.203050
2019-11-11,10.297057,3.945849,3.747451,0.198398
2019-11-12,10.299795,3.942941,3.747468,0.195473
2019-11-13,10.302533,3.943861,3.747493,0.196368
2019-11-14,10.305270,3.939281,3.747525,0.191757
2019-11-15,10.308008,3.933419,3.747565,0.185855
2019-11-16,10.310746,3.930122,3.747612,0.182510
2019-11-17,10.313484,3.932258,3.747667,0.184591
2019-11-18,10.316222,3.925408,3.747730,0.177677
2019-11-19,10.318960,3.911816,3.747801,0.164015
2019-11-20,10.321697,3.910825,3.747880,0.162945
2019-11-21,10.324435,3.897360,3.747966,0.149394
2019-11-22,10.327173,3.868910,3.748061,0.120849
2019-11-23,10.329911,3.863463,3.748163,0.115300
2019-11-24,10.332649,3.857755,3.748273,0.109482
2019-11-25,10.335387,3.846667,3.748391,0.098276
2019-11-26,10.338125,3.856657,3.748517,0.108140
2019-11-27,10.340862,3.863448,3.748651,0.114797
2019-11-28,10.343600,3.878827,3.748792,0.130034
2019-11-29,10.346338,3.884264,3.748942,0.135322
2019-11-30,10.349076,3.886382,3.749100,0.137282
2019-12-01,10.351814,3.869258,3.749266,0.119992
2019-12-02,10.354552,3.866859,3.749440,0.117419
2019-12-03,10.357290,3.867344,3.749621,0.117723
2019-12-04,10.360027,3.864491,3.749811,0.114680
2019-12-05,10.362765,3.867541,3.750010,0.117532
2019-12-06,10.365503,3.872027,3.750216,0.121811
2019-12-07,10.368241,3.879368,3.750430,0.128937
2019-12-08,10.370979,3.877172,3.750653,0.126519
2019-12-09,10.373717,3.875234,3.750883,0.124351
2019-12-10,10.376454,3.865933,3.751122,0.114810
2019-12-11,10.379192,3.860762,3.751369,0.109392
2019-12-12,10.381930,3.858628,3.751625,0.107004
2019-12-13,10.384668,3.861891,3.751888,0.110003
2019-12-14,10.387406,3.857967,3.752160,0.105807
2019-12-15,10.390144,3.853749,3.752440,0.101309
2019-12-16,10.392882,3.850401,3.752729,0.097672
2019-12-17,10.395619,3.835577,3.753025,0.082551
2019-12-18,10.398357,3.834642,3.753330,0.081312
2019-12-19,10.401095,3.857325,3.753644,0.103681
2019-12-20,10.403833,3.857458,3.753965,0.103493
2019-12-21,10.406571,3.857251,3.754295,0.102955
2019-12-22,10.409309,3.862026,3.754634,0.107392
2019-12-23,10.412047,3.877725,3.754981,0.122744
2019-12-24,10.414784,3.865563,3.755336,0.110227
2019-12-25,10.417522,3.860862,3.755700,0.105163
2019-12-26,10.420260,3.861694,3.756072,0.105622
2019-12-27,10.422998,3.859970,3.756453,0.103518
2019-12-28,10.425736,3.866104,3.756842,0.109263
2019-12-29,10.428474,3.868608,3.757239,0.111369
2019-12-30,10.431211,3.865693,3.757645,0.108048
2019-12-31,10.433949,3.860126,3.758060,0.102066
2020-01-01,10.436687,3.860146,3.758483,0.101663
2020-01-02,10.439425,3.852627,3.758915,0.093712
2020-01-03,10.442163,3.861430,3.759355,0.102075
2020-01-04,10.444901,3.866980,3.759803,0.107176
2020-01-05,10.447639,3.873024,3.760261,0.112763
2020-01-06,10.450376,3.878948,3.760727,0.118221
2020-01-07,10.453114,3.900638,3.761201,0.139437
2020-01-08,10.455852,3.916766,3.761684,0.155081
2020-01-09,10.458590,3.899276,3.762176,0.137100
2020-01-10,10.461328,3.899215,3.762676,0.136539
2020-01-11,10.464066,3.911140,3.763185,0.147955
2020-01-12,10.466804,3.911181,3.763703,0.147478
2020-01-13,10.469541,3.910741,3.764229,0.146512
2020-01-14,10.472279,3.934754,3.764764,0.169990
2020-01-15,10.475017,3.942810,3.765307,0.177502
2020-01-16,10.477755,3.939513,3.765860,0.173654
2020-01-17,10.480493,3.948227,3.766421,0.181806
2020-01-18,10.483231,3.950191,3.766990,0.183201
2020-01-19,10.485969,3.948162,3.767569,0.180594
2020-01-20,10.488706,3.938381,3.768156,0.170225
2020-01-21,10.491444,3.938353,3.768751,0.169602
2020-01-22,10.494182,3.939407,3.769356,0.170051
2020-01-23,10.496920,3.927858,3.769969,0.157888
2020-01-24,10.499658,3.925309,3.770591,0.154718
2020-01-25,10.502396,3.922262,3.771222,0.151040
2020-01-26,10.505133,3.927889,3.771861,0.156027
2020-01-27,10.507871,3.942260,3.772510,0.169751
2020-01-28,10.510609,3.957322,3.773167,0.184155
2020-01-29,10.513347,3.970361,3.773832,0.196529
2020-01-30,10.516085,3.972006,3.774507,0.197499
2020-01-31,10.518823,3.970811,3.775190,0.195620
2020-02-01,10.521561,3.972245,3.775883,0.196362
2020-02-02,10.524298,3.972441,3.776583,0.195857
2020-02-03,10.527036,3.970326,3.777293,0.193033
2020-02-04,10.529774,3.964562,3.778012,0.186550
2020-02-05,10.532512,3.973709,3.778739,0.194969
2020-02-06,10.535250,3.986344,3.779475,0.206868
2020-02-07,10.537988,3.990222,3.780220,0.210002
2020-02-08,10.540726,3.991780,3.780974,0.210806
2020-02-09,10.543463,4.003406,3.781737,0.221669
2020-02-10,10.546201,3.996305,3.782508,0.213797
2020-02-11,10.548939,3.998123,3.783288,0.214835
2020-02-12,10.551677,4.014601,3.784077,0.230524
2020-02-13,10.554415,4.012331,3.784875,0.227456
2020-02-14,10.557153,4.011186,3.785682,0.225505
2020-02-15,10.559890,4.005950,3.786497,0.219453
2020-02-16,10.562628,3.995951,3.787322,0.208629
2020-02-17,10.565366,3.987905,3.788155,0.199750
2020-02-18,10.568104,3.993504,3.788997,0.204506
2020-02-19,10.570842,4.003909,3.789848,0.214061
2020-02-20,10.573580,3.982672,3.790708,0.191964
2020-02-21,10.576318,3.987526,3.791576,0.195950
2020-02-22,10.579055,3.986440,3.792454,0.193986
2020-02-23,10.581793,3.995447,3.793340,0.202107
2020-02-24,10.584531,3.989045,3.794235,0.194810
2020-02-25,10.587269,3.978504,3.795139,0.183365
2020-02-26,10.590007,3.957779,3.796052,0.161727
2020-02-27,10.592745,3.946498,3.796973,0.149525
2020-02-28,10.595483,3.941671,3.797903,0.143768
2020-02-29,10.598220,3.940922,3.798843,0.142079
2020-03-01,10.600958,3.934683,3.799791,0.134892
2020-03-02,10.603696,3.943769,3.800747,0.143022
2020-03-03,10.606434,3.945905,3.801713,0.144192
2020-03-04,10.609172,3.944576,3.802687,0.141888
2020-03-05,10.611910,3.956982,3.803671,0.153311
2020-03-06,10.614648,3.960725,3.804663,0.156062
2020-03-07,10.617385,3.958529,3.805664,0.152865
2020-03-08,10.620123,3.935121,3.806673,0.128448
2020-03-09,10.622861,3.899794,3.807692,0.092102
2020-03-10,10.625599,3.902948,3.808719,0.094229
2020-03-11,10.628337,3.897637,3.809755,0.087882
2020-03-12,10.631075,3.827013,3.810800,0.016213
2020-03-13,10.633812,3.730788,3.811853,-0.081066
2020-03-14,10.636550,3.738572,3.812916,-0.074344
2020-03-15,10.639288,3.730423,3.813987,-0.083564
2020-03-16,10.642026,3.703631,3.815067,-0.111436
2020-03-17,10.644764,3.729759,3.816155,-0.086396
2020-03-18,10.647502,3.727064,3.817252,-0.090188
2020-03-19,10.650240,3.763621,3.818358,-0.054737
2020-03-20,10.652977,3.805735,3.819473,-0.013738
2020-03-21,10.655715,3.792161,3.820597,-0.028435
2020-03-22,10.658453,3.790259,3.821729,-0.031470
2020-03-23,10.661191,3.788899,3.822870,-0.033970
2020-03-24,10.663929,3.825261,3.824019,0.001242
2020-03-25,10.666667,3.825500,3.825178,0.000322
2020-03-26,10.669405,3.826105,3.826344,-0.000239
2020-03-27,10.672142,3.826992,3.827520,-0.000528
2020-03-28,10.674880,3.796421,3.828704,-0.032284
2020-03-29,10.677618,3.788433,3.829897,-0.041464
2020-03-30,10.680356,3.800135,3.831099,-0.030963
2020-03-31,10.683094,3.811973,3.832309,-0.020336
2020-04-01,10.685832,3.802350,3.833528,-0.031177
2020-04-02,10.688569,3.829218,3.834755,-0.005537
2020-04-03,10.691307,3.834625,3.835991,-0.001366
2020-04-04,10.694045,3.831960,3.837235,-0.005275
2020-04-05,10.696783,3.833397,3.838489,-0.005091
2020-04-06,10.699521,3.851373,3.839750,0.011623
2020-04-07,10.702259,3.865015,3.841020,0.023995
2020-04-08,10.704997,3.864318,3.842299,0.022018
2020-04-09,10.707734,3.864259,3.843586,0.020673
2020-04-10,10.710472,3.844505,3.844882,-0.000377
2020-04-11,10.713210,3.838469,3.846186,-0.007717
2020-04-12,10.715948,3.843480,3.847499,-0.004019
2020-04-13,10.718686,3.831419,3.848820,-0.017401
2020-04-14,10.721424,3.839920,3.850150,-0.010230
2020-04-15,10.724162,3.834853,3.851488,-0.016635
2020-04-16,10.726899,3.841661,3.852834,-0.011173
2020-04-17,10.729637,3.850628,3.854189,-0.003561
2020-04-18,10.732375,3.855007,3.855553,-0.000546
2020-04-19,10.735113,3.856158,3.856924,-0.000766
2020-04-20,10.737851,3.849099,3.858304,-0.009206
2020-04-21,10.740589,3.838170,3.859693,-0.021523
2020-04-22,10.743326,3.846322,3.861089,-0.014768
2020-04-23,10.746064,3.863487,3.862495,0.000992
2020-04-24,10.748802,3.876377,3.863908,0.012469
2020-04-25,10.751540,3.877664,3.865329,0.012335
2020-04-26,10.754278,3.880881,3.866759,0.014121
2020-04-27,10.757016,3.887325,3.868197,0.019128
2020-04-28,10.759754,3.888371,3.869644,0.018727
2020-04-29,10.762491,3.916406,3.871098,0.045308
2020-04-30,10.765229,3.948740,3.872561,0.076179
2020-05-01,10.767967,3.943770,3.874032,0.069738
2020-05-02,10.770705,3.948311,3.875511,0.072800
2020-05-03,10.773443,3.953219,3.876998,0.076220
2020-05-04,10.776181,3.943151,3.878494,0.064657
2020-05-05,10.778919,3.951006,3.879997,0.071009
2020-05-06,10.781656,3.961867,3.881509,0.080358
2020-05-07,10.784394,3.977118,3.883028,0.094090
2020-05-08,10.787132,3.996309,3.884556,0.111753
2020-05-09,10.789870,3.987673,3.886092,0.101581
2020-05-10,10.792608,3.938609,3.887635,0.050974
2020-05-11,10.795346,3.939975,3.889187,0.050788
2020-05-12,10.798084,3.943585,3.890746,0.052838
2020-05-13,10.800821,3.956465,3.892314,0.064151
2020-05-14,10.803559,3.981409,3.893889,0.087519
2020-05-15,10.806297,3.978470,3.895473,0.082998
2020-05-16,10.809035,3.973245,3.897064,0.076182
2020-05-17,10.811773,3.983321,3.898663,0.084658
2020-05-18,10.814511,3.987385,3.900270,0.087115
2020-05-19,10.817248,3.985330,3.901884,0.083445
2020-05-20,10.819986,3.985380,3.903507,0.081873
2020-05-21,10.822724,3.967473,3.905137,0.062336
2020-05-22,10.825462,3.960358,3.906775,0.053584
2020-05-23,10.828200,3.964247,3.908420,0.055827
2020-05-24,10.830938,3.960287,3.910074,0.050213
2020-05-25,10.833676,3.946088,3.911735,0.034353
2020-05-26,10.836413,3.948149,3.913403,0.034746
2020-05-27,10.839151,3.956195,3.915080,0.041115
2020-05-28,10.841889,3.969492,3.916763,0.052729
2020-05-29,10.844627,3.975510,3.918455,0.057056
2020-05-30,10.847365,3.978070,3.920154,0.057917
2020-05-31,10.850103,3.979649,3.921860,0.057789
2020-06-01,10.852841,3.981373,3.923574,0.057800
2020-06-02,10.855578,3.993559,3.925295,0.068264
2020-06-03,10.858316,3.980136,3.927024,0.053112
2020-06-04,10.861054,3.986716,3.928760,0.057956
2020-06-05,10.863792,3.988442,3.930504,0.057938
2020-06-06,10.866530,3.984013,3.932255,0.051759
2020-06-07,10.869268,3.983281,3.934013,0.049268
2020-06-08,10.872005,3.987829,3.935778,0.052050
2020-06-09,10.874743,3.987267,3.937551,0.049716
2020-06-10,10.877481,3.990674,3.939331,0.051342
2020-06-11,10.880219,3.984047,3.941118,0.042929
2020-06-12,10.882957,3.974030,3.942913,0.031118
2020-06-13,10.885695,3.974697,3.944714,0.029983
2020-06-14,10.888433,3.973761,3.946523,0.027238
2020-06-15,10.891170,3.966501,3.948339,0.018162
2020-06-16,10.893908,3.977928,3.950162,0.027766
2020-06-17,10.896646,3.975535,3.951992,0.023544
2020-06-18,10.899384,3.973744,3.953828,0.019916
2020-06-19,10.902122,3.970300,3.955672,0.014627
2020-06-20,10.904860,3.969241,3.957523,0.011718
2020-06-21,10.907598,3.971514,3.959381,0.012133
2020-06-22,10.910335,3.977381,3.961245,0.016136
2020-06-23,10.913073,3.984144,3.963117,0.021027
2020-06-24,10.915811,3.975222,3.964995,0.010227
2020-06-25,10.918549,3.966169,3.966880,-0.000711
2020-06-26,10.921287,3.963766,3.968772,-0.005006
2020-06-27,10.924025,3.960296,3.970670,-0.010375
2020-06-28,10.926762,3.958308,3.972576,-0.014267
2020-06-29,10.929500,3.961004,3.974487,-0.013484
2020-06-30,10.932238,3.962183,3.976406,-0.014223
2020-07-01,10.934976,3.963939,3.978331,-0.014392
2020-07-02,10.937714,3.962770,3.980263,-0.017493
2020-07-03,10.940452,3.959604,3.982201,-0.022597
2020-07-04,10.943190,3.959560,3.984146,-0.024585
2020-07-05,10.945927,3.958105,3.986097,-0.027992
2020-07-06,10.948665,3.964888,3.988054,-0.023166
2020-07-07,10.951403,3.967233,3.990018,-0.022785
2020-07-08,10.954141,3.970917,3.991988,-0.021072
2020-07-09,10.956879,3.970100,3.993965,-0.023865
2020-07-10,10.959617,3.963980,3.995948,-0.031968
2020-07-11,10.962355,3.965934,3.997937,-0.032003
2020-07-12,10.965092,3.966450,3.999932,-0.033482
2020-07-13,10.967830,3.967753,4.001934,-0.034181
2020-07-14,10.970568,3.964983,4.003942,-0.038959
2020-07-15,10.973306,3.965094,4.005955,-0.040862
2020-07-16,10.976044,3.960935,4.007975,-0.047040
2020-07-17,10.978782,3.961155,4.010001,-0.048846
2020-07-18,10.981520,3.962443,4.012033,-0.049590
2020-07-19,10.984257,3.962120,4.014071,-0.051951
2020-07-20,10.986995,3.963168,4.016115,-0.052946
2020-07-21,10.989733,3.969199,4.018164,-0.048966
2020-07-22,10.992471,3.971796,4.020220,-0.048424
2020-07-23,10.995209,3.979775,4.022281,-0.042506
2020-07-24,10.997947,3.980515,4.024348,-0.043833
2020-07-25,11.000684,3.983355,4.026421,-0.043066
2020-07-26,11.003422,3.992732,4.028500,-0.035768
2020-07-27,11.006160,4.018824,4.030584,-0.011760
2020-07-28,11.008898,4.040706,4.032674,0.008032
2020-07-29,11.011636,4.045313,4.034769,0.010544
2020-07-30,11.014374,4.042860,4.036870,0.005989
2020-07-31,11.017112,4.049164,4.038977,0.010187
2020-08-01,11.019849,4.064812,4.041089,0.023723
2020-08-02,11.022587,4.053662,4.043206,0.010456
2020-08-03,11.025325,4.051238,4.045329,0.005909
2020-08-04,11.028063,4.050851,4.047457,0.003394
2020-08-05,11.030801,4.059485,4.049590,0.009895
2020-08-06,11.033539,4.070070,4.051729,0.018341
2020-08-07,11.036277,4.068624,4.053873,0.014751
2020-08-08,11.039014,4.067611,4.056022,0.011590
2020-08-09,11.041752,4.067124,4.058176,0.008948
2020-08-10,11.044490,4.075228,4.060335,0.014893
2020-08-11,11.047228,4.065355,4.062500,0.002856
2020-08-12,11.049966,4.059379,4.064669,-0.005290
2020-08-13,11.052704,4.062682,4.066843,-0.004161
2020-08-14,11.055441,4.070299,4.069023,0.001276
2020-08-15,11.058179,4.074595,4.071207,0.003388
2020-08-16,11.060917,4.073628,4.073396,0.000232
2020-08-17,11.063655,4.081472,4.075590,0.005882
2020-08-18,11.066393,4.085070,4.077788,0.007282
2020-08-19,11.069131,4.071826,4.079992,-0.008166
2020-08-20,11.071869,4.072011,4.082200,-0.010188
2020-08-21,11.074606,4.069916,4.084412,-0.014496
2020-08-22,11.077344,4.063125,4.086629,-0.023505
2020-08-23,11.080082,4.065456,4.088851,-0.023395
2020-08-24,11.082820,4.069654,4.091077,-0.021424
2020-08-25,11.085558,4.060987,4.093308,-0.032321
2020-08-26,11.088296,4.057270,4.095543,-0.038274
2020-08-27,11.091034,4.055072,4.097783,-0.042711
2020-08-28,11.093771,4.058741,4.100027,-0.041286
2020-08-29,11.096509,4.061160,4.102275,-0.041115
2020-08-30,11.099247,4.064549,4.104527,-0.039978
2020-08-31,11.101985,4.067802,4.106784,-0.038982
2020-09-01,11.104723,4.074710,4.109045,-0.034334
2020-09-02,11.107461,4.063654,4.111309,-0.047656
2020-09-03,11.110198,4.042902,4.113578,-0.070677
2020-09-04,11.112936,4.016763,4.115851,-0.099088
2020-09-05,11.115674,4.011507,4.118128,-0.106621
2020-09-06,11.118412,4.008927,4.120409,-0.111482
2020-09-07,11.121150,4.007079,4.122694,-0.115615
2020-09-08,11.123888,4.006496,4.124982,-0.118487
2020-09-09,11.126626,4.008290,4.127274,-0.118985
2020-09-10,11.129363,4.014723,4.129571,-0.114847
2020-09-11,11.132101,4.013169,4.131870,-0.118701
2020-09-12,11.134839,4.015990,4.134174,-0.118183
2020-09-13,11.137577,4.017016,4.136481,-0.119464
2020-09-14,11.140315,4.021820,4.138791,-0.116972
2020-09-15,11.143053,4.032605,4.141105,-0.108500
2020-09-16,11.145791,4.037587,4.143423,-0.105836
2020-09-17,11.148528,4.037346,4.145744,-0.108397
2020-09-18,11.151266,4.038653,4.148068,-0.109415
2020-09-19,11.154004,4.042210,4.150395,-0.108185
2020-09-20,11.156742,4.038287,4.152726,-0.114439
2020-09-21,11.159480,4.028576,4.155060,-0.126485
2020-09-22,11.162218,4.020137,4.157397,-0.137260
2020-09-23,11.164956,4.018623,4.159738,-0.141115
2020-09-24,11.167693,4.019213,4.162081,-0.142868
2020-09-25,11.170431,4.028446,4.164428,-0.135982
2020-09-26,11.173169,4.030364,4.166777,-0.136413
2020-09-27,11.175907,4.030320,4.169129,-0.138810
2020-09-28,11.178645,4.036783,4.171485,-0.134702
2020-09-29,11.181383,4.030843,4.173843,-0.143000
2020-09-30,11.184120,4.031310,4.176204,-0.144893
2020-10-01,11.186858,4.031871,4.178567,-0.146696
2020-10-02,11.189596,4.022577,4.180933,-0.158356
2020-10-03,11.192334,4.023540,4.183302,-0.159763
2020-10-04,11.195072,4.025785,4.185674,-0.159889
2020-10-05,11.197810,4.029812,4.188048,-0.158236
2020-10-06,11.200548,4.029508,4.190424,-0.160916
2020-10-07,11.203285,4.026284,4.192803,-0.166519
2020-10-08,11.206023,4.031004,4.195184,-0.164180
2020-10-09,11.208761,4.040967,4.197568,-0.156602
2020-10-10,11.211499,4.054547,4.199954,-0.145407
2020-10-11,11.214237,4.055574,4.202342,-0.146768
2020-10-12,11.216975,4.058828,4.204732,-0.145905
2020-10-13,11.219713,4.058911,4.207125,-0.148214
2020-10-14,11.222450,4.057286,4.209519,-0.152233
2020-10-15,11.225188,4.057591,4.211916,-0.154325
2020-10-16,11.227926,4.055685,4.214315,-0.158629
2020-10-17,11.230664,4.054903,4.216715,-0.161812
2020-10-18,11.233402,4.058308,4.219117,-0.160809
2020-10-19,11.236140,4.063857,4.221522,-0.157664
2020-10-20,11.238877,4.073674,4.223927,-0.150253
2020-10-21,11.241615,4.095724,4.226335,-0.130611
2020-10-22,11.244353,4.111693,4.228744,-0.117051
2020-10-23,11.247091,4.111709,4.231155,-0.119446
2020-10-24,11.249829,4.114895,4.233568,-0.118673
2020-10-25,11.252567,4.115717,4.235982,-0.120265
2020-10-26,11.255305,4.116124,4.238397,-0.122274
2020-10-27,11.258042,4.126065,4.240814,-0.114749
2020-10-28,11.260780,4.128453,4.243233,-0.114780
2020-10-29,11.263518,4.124785,4.245652,-0.120867
2020-10-30,11.266256,4.128173,4.248073,-0.119899
2020-10-31,11.268994,4.138058,4.250495,-0.112437
2020-11-01,11.271732,4.138844,4.252918,-0.114074
2020-11-02,11.274470,4.133312,4.255342,-0.122031
2020-11-03,11.277207,4.133815,4.257768,-0.123953
2020-11-04,11.279945,4.142909,4.260194,-0.117285
2020-11-05,11.282683,4.168269,4.262621,-0.094352
2020-11-06,11.285421,4.192459,4.265049,-0.072590
2020-11-07,11.288159,4.185690,4.267478,-0.081789
2020-11-08,11.290897,4.181920,4.269908,-0.087988
2020-11-09,11.293634,4.186927,4.272338,-0.085411
2020-11-10,11.296372,4.185361,4.274770,-0.089409
2020-11-11,11.299110,4.193010,4.277201,-0.084192
2020-11-12,11.301848,4.202228,4.279634,-0.077406
2020-11-13,11.304586,4.211870,4.282066,-0.070196
2020-11-14,11.307324,4.204795,4.284500,-0.079705
2020-11-15,11.310062,4.204006,4.286933,-0.082927
2020-11-16,11.312799,4.214085,4.289367,-0.075283
2020-11-17,11.315537,4.232540,4.291802,-0.059262
2020-11-18,11.318275,4.252206,4.294236,-0.042030
2020-11-19,11.321013,4.251411,4.296671,-0.045260
2020-11-20,11.323751,4.263380,4.299106,-0.035726
2020-11-21,11.326489,4.271986,4.301541,-0.029555
2020-11-22,11.329227,4.265250,4.303976,-0.038725
2020-11-23,11.331964,4.265836,4.306411,-0.040575
2020-11-24,11.334702,4.275535,4.308846,-0.033310
2020-11-25,11.337440,4.279878,4.311280,-0.031403
2020-11-26,11.340178,4.240005,4.313715,-0.073710
2020-11-27,11.342916,4.230329,4.316149,-0.085820
2020-11-28,11.345654,4.238527,4.318583,-0.080056
2020-11-29,11.348392,4.255155,4.321017,-0.065862
2020-11-30,11.351129,4.276810,4.323450,-0.046640
2020-12-01,11.353867,4.284539,4.325883,-0.041344
2020-12-02,11.356605,4.277755,4.328315,-0.050560
2020-12-03,11.359343,4.285354,4.330747,-0.045393
2020-12-04,11.362081,4.281391,4.333178,-0.051788
2020-12-05,11.364819,4.278664,4.335609,-0.056945
2020-12-06,11.367556,4.282150,4.338038,-0.055888
2020-12-07,11.370294,4.283371,4.340467,-0.057096
2020-12-08,11.373032,4.277295,4.342895,-0.065600
2020-12-09,11.375770,4.261592,4.345323,-0.083730
2020-12-10,11.378508,4.262570,4.347749,-0.085179
2020-12-11,11.381246,4.253802,4.350174,-0.096372
2020-12-12,11.383984,4.266513,4.352598,-0.086085
2020-12-13,11.386721,4.281487,4.355021,-0.073535
2020-12-14,11.389459,4.282500,4.357443,-0.074943
2020-12-15,11.392197,4.286727,4.359864,-0.073137
2020-12-16,11.394935,4.302832,4.362283,-0.059452
2020-12-17,11.397673,4.354220,4.364701,-0.010481
2020-12-18,11.400411,4.359402,4.367118,-0.007716
2020-12-19,11.403149,4.368389,4.369533,-0.001144
2020-12-20,11.405886,4.372769,4.371947,0.000822
2020-12-21,11.408624,4.366377,4.374359,-0.007982
2020-12-22,11.411362,4.363565,4.376770,-0.013204
2020-12-23,11.414100,4.371612,4.379179,-0.007567
2020-12-24,11.416838,4.365870,4.381586,-0.015716
2020-12-25,11.419576,4.380542,4.383991,-0.003449
2020-12-26,11.422313,4.402528,4.386395,0.016133
2020-12-27,11.425051,4.431698,4.388797,0.042902
2020-12-28,11.427789,4.430667,4.391196,0.039471
2020-12-29,11.430527,4.425993,4.393594,0.032399
2020-12-30,11.433265,4.449320,4.395990,0.053330
2020-12-31,11.436003,4.460095,4.398384,0.061712
2021-01-01,11.438741,4.466368,4.400775,0.065593
2021-01-02,11.441478,4.487847,4.403164,0.084682
2021-01-03,11.444216,4.524441,4.405551,0.118890
2021-01-04,11.446954,4.502748,4.407936,0.094812
2021-01-05,11.449692,4.508447,4.410318,0.098129
2021-01-06,11.452430,4.542411,4.412698,0.129713
2021-01-07,11.455168,4.579901,4.415076,0.164826
2021-01-08,11.457906,4.599594,4.417451,0.182143
2021-01-09,11.460643,4.606101,4.419823,0.186278
2021-01-10,11.463381,4.598548,4.422193,0.176356
2021-01-11,11.466119,4.534328,4.424559,0.109769
2021-01-12,11.468857,4.541879,4.426924,0.114955
2021-01-13,11.471595,4.540167,4.429285,0.110882
2021-01-14,11.474333,4.582925,4.431644,0.151281
2021-01-15,11.477070,4.577085,4.433999,0.143086
2021-01-16,11.479808,4.566482,4.436352,0.130130
2021-01-17,11.482546,4.553913,4.438701,0.115212
2021-01-18,11.485284,4.558109,4.441048,0.117061
2021-01-19,11.488022,4.566694,4.443391,0.123303
2021-01-20,11.490760,4.565323,4.445731,0.119592
2021-01-21,11.493498,4.517471,4.448068,0.069402
2021-01-22,11.496235,4.508573,4.450402,0.058171
2021-01-23,11.498973,4.510084,4.452732,0.057352
2021-01-24,11.501711,4.607463,4.455059,0.152404
2021-01-25,11.504449,4.526052,4.457383,0.068669
2021-01-26,11.507187,4.508072,4.459702,0.048370
2021-01-27,11.509925,4.543682,4.462019,0.081664
2021-01-28,11.512663,4.503096,4.464331,0.038764
2021-01-29,11.515400,4.598074,4.466640,0.131433
2021-01-30,11.518138,4.532257,4.468946,0.063311
2021-01-31,11.520876,4.524256,4.471247,0.053009
2021-02-01,11.523614,4.521953,4.473545,0.048408
2021-02-02,11.526352,4.540895,4.475839,0.065056
2021-02-03,11.529090,4.563270,4.478128,0.085141
2021-02-04,11.531828,4.574201,4.480414,0.093787
2021-02-05,11.534565,4.575543,4.482696,0.092847
2021-02-06,11.537303,4.600121,4.484974,0.115147
2021-02-07,11.540041,4.587500,4.487247,0.100253
2021-02-08,11.542779,4.615480,4.489517,0.125963
2021-02-09,11.545517,4.661343,4.491782,0.169561
2021-02-10,11.548255,4.645306,4.494042,0.151263
2021-02-11,11.550992,4.661224,4.496299,0.164925
2021-02-12,11.553730,4.677458,4.498550,0.178907
2021-02-13,11.556468,4.674471,4.500798,0.173674
2021-02-14,11.559206,4.686627,4.503041,0.183586
2021-02-15,11.561944,4.681965,4.505279,0.176686
2021-02-16,11.564682,4.691948,4.507513,0.184435
2021-02-17,11.567420,4.708099,4.509742,0.198357
2021-02-18,11.570157,4.715068,4.511966,0.203102
2021-02-19,11.572895,4.725034,4.514185,0.210848
2021-02-20,11.575633,4.746957,4.516400,0.230557
2021-02-21,11.578371,4.775743,4.518610,0.257134
2021-02-22,11.581109,4.760073,4.520815,0.239259
2021-02-23,11.583847,4.693482,4.523014,0.170468
2021-02-24,11.586585,4.697173,4.525209,0.171964
2021-02-25,11.589322,4.698737,4.527399,0.171338
2021-02-26,11.592060,4.694699,4.529583,0.165116
2021-02-27,11.594798,4.679962,4.531762,0.148200
2021-02-28,11.597536,4.651301,4.533936,0.117365
2021-03-01,11.600274,4.684194,4.536105,0.148089
2021-03-02,11.603012,4.686687,4.538268,0.148419
2021-03-03,11.605749,4.705529,4.540426,0.165103
2021-03-04,11.608487,4.697534,4.542578,0.154956
2021-03-05,11.611225,4.678825,4.544725,0.134099
2021-03-06,11.613963,4.684674,4.546867,0.137808
2021-03-07,11.616701,4.704034,4.549002,0.155032
2021-03-08,11.619439,4.708309,4.551132,0.157177
2021-03-09,11.622177,4.731381,4.553257,0.178124
2021-03-10,11.624914,4.741087,4.555375,0.185712
2021-03-11,11.627652,4.750515,4.557488,0.193027
2021-03-12,11.630390,4.754640,4.559595,0.195045
2021-03-13,11.633128,4.769461,4.561695,0.207766
2021-03-14,11.635866,4.781225,4.563790,0.217435
2021-03-15,11.638604,4.759449,4.565879,0.193570
2021-03-16,11.641342,4.742672,4.567962,0.174710
2021-03-17,11.644079,4.748231,4.570039,0.178192
2021-03-18,11.646817,4.766947,4.572109,0.194838
2021-03-19,11.649555,4.762524,4.574174,0.188351
2021-03-20,11.652293,4.770375,4.576232,0.194143
2021-03-21,11.655031,4.757898,4.578284,0.179614
2021-03-22,11.657769,4.757162,4.580329,0.176833
2021-03-23,11.660507,4.743847,4.582368,0.161479
2021-03-24,11.663244,4.741059,4.584400,0.156659
2021-03-25,11.665982,4.724997,4.586426,0.138570
2021-03-26,11.668720,4.726392,4.588446,0.137946
2021-03-27,11.671458,4.746467,4.590459,0.156008
2021-03-28,11.674196,4.746911,4.592465,0.154446
2021-03-29,11.676934,4.755485,4.594464,0.161021
2021-03-30,11.679671,4.767727,4.596457,0.171270
2021-03-31,11.682409,4.769716,4.598443,0.171273
2021-04-01,11.685147,4.769807,4.600422,0.169385
2021-04-02,11.687885,4.772780,4.602394,0.170386
2021-04-03,11.690623,4.770153,4.604359,0.165794
2021-04-04,11.693361,4.761272,4.606317,0.154955
2021-04-05,11.696099,4.764160,4.608269,0.155891
2021-04-06,11.698836,4.768663,4.610213,0.158450
2021-04-07,11.701574,4.758320,4.612150,0.146170
2021-04-08,11.704312,4.757333,4.614079,0.143253
2021-04-09,11.707050,4.764965,4.616002,0.148963
2021-04-10,11.709788,4.777239,4.617917,0.159321
2021-04-11,11.712526,4.776543,4.619825,0.156718
2021-04-12,11.715264,4.778769,4.621726,0.157044
2021-04-13,11.718001,4.778323,4.623619,0.154704
2021-04-14,11.720739,4.802192,4.625505,0.176687
2021-04-15,11.723477,4.798678,4.627383,0.171295
2021-04-16,11.726215,4.842791,4.629254,0.213538
2021-04-17,11.728953,4.763434,4.631117,0.132317
2021-04-18,11.731691,4.810941,4.632972,0.177968
2021-04-19,11.734428,4.751526,4.634820,0.116706
2021-04-20,11.737166,4.744521,4.636660,0.107861
2021-04-21,11.739904,4.743753,4.638493,0.105260
2021-04-22,11.742642,4.788421,4.640317,0.148104
2021-04-23,11.745380,4.697664,4.642134,0.055530
2021-04-24,11.748118,4.699819,4.643943,0.055877
2021-04-25,11.750856,4.699561,4.645743,0.053817
2021-04-26,11.753593,4.724763,4.647536,0.077227
2021-04-27,11.756331,4.784597,4.649321,0.135276
2021-04-28,11.759069,4.738777,4.651098,0.087679
2021-04-29,11.761807,4.746706,4.652866,0.093839
2021-04-30,11.764545,4.773274,4.654627,0.118647
2021-05-01,11.767283,4.761810,4.656379,0.105431
2021-05-02,11.770021,4.749248,4.658123,0.091125
2021-05-03,11.772758,4.762769,4.659859,0.102910
2021-05-04,11.775496,4.742357,4.661586,0.080770
2021-05-05,11.778234,4.738750,4.663305,0.075445
2021-05-06,11.780972,4.807406,4.665016,0.142390
2021-05-07,11.783710,4.754584,4.666718,0.087866
2021-05-08,11.786448,4.767461,4.668412,0.099050
2021-05-09,11.789185,4.763230,4.670097,0.093133
2021-05-10,11.791923,4.761528,4.671774,0.089755
2021-05-11,11.794661,4.801137,4.673442,0.127696
2021-05-12,11.797399,4.747689,4.675101,0.072588
2021-05-13,11.800137,4.697181,4.676752,0.020430
2021-05-14,11.802875,4.700720,4.678393,0.022327
2021-05-15,11.805613,4.688773,4.680027,0.008746
2021-05-16,11.808350,4.678567,4.681651,-0.003084
2021-05-17,11.811088,4.647574,4.683266,-0.035692
2021-05-18,11.813826,4.645304,4.684873,-0.039569
2021-05-19,11.816564,4.603674,4.686471,-0.082797
2021-05-20,11.819302,4.675788,4.688059,-0.012271
2021-05-21,11.822040,4.592113,4.689639,-0.097526
2021-05-22,11.824778,4.574440,4.691210,-0.116770
2021-05-23,11.827515,4.552403,4.692771,-0.140368
2021-05-24,11.830253,4.568902,4.694324,-0.125422
2021-05-25,11.832991,4.604928,4.695867,-0.090939
2021-05-26,11.835729,4.594144,4.697401,-0.103257
2021-05-27,11.838467,4.589117,4.698926,-0.109809
2021-05-28,11.841205,4.563489,4.700442,-0.136953
2021-05-29,11.843943,4.547386,4.701948,-0.154562
2021-05-30,11.846680,4.550091,4.703445,-0.153354
2021-05-31,11.849418,4.558284,4.704932,-0.146649
2021-06-01,11.852156,4.563297,4.706411,-0.143113
2021-06-02,11.854894,4.571549,4.707879,-0.136330
2021-06-03,11.857632,4.585880,4.709339,-0.123458
2021-06-04,11.860370,4.569240,4.710788,-0.141548
2021-06-05,11.863107,4.563073,4.712229,-0.149156
2021-06-06,11.865845,4.556017,4.713659,-0.157642
2021-06-07,11.868583,4.641068,4.715080,-0.074012
2021-06-08,11.871321,4.517179,4.716491,-0.199313
2021-06-09,11.874059,4.542773,4.717893,-0.175120
2021-06-10,11.876797,4.568262,4.719285,-0.151023
2021-06-11,11.879535,4.568372,4.720667,-0.152295
2021-06-12,11.882272,4.553248,4.722040,-0.168791
2021-06-13,11.885010,4.561352,4.723402,-0.162050
2021-06-14,11.887748,4.598577,4.724755,-0.126178
2021-06-15,11.890486,4.604290,4.726098,-0.121808
2021-06-16,11.893224,4.670861,4.727430,-0.056569
2021-06-17,11.895962,4.586904,4.728753,-0.141849
2021-06-18,11.898700,4.568530,4.730066,-0.161536
2021-06-19,11.901437,4.554366,4.731369,-0.177003
2021-06-20,11.904175,4.546020,4.732662,-0.186642
2021-06-21,11.906913,4.521159,4.733945,-0.212786
2021-06-22,11.909651,4.506678,4.735218,-0.228540
2021-06-23,11.912389,4.529168,4.736480,-0.207312
2021-06-24,11.915127,4.529080,4.737733,-0.208653
2021-06-25,11.917864,4.523443,4.738975,-0.215532
2021-06-26,11.920602,4.499113,4.740207,-0.241093
2021-06-27,11.923340,4.520130,4.741428,-0.221299
2021-06-28,11.926078,4.591604,4.742640,-0.151036
2021-06-29,11.928816,4.551412,4.743841,-0.192429
2021-06-30,11.931554,4.543641,4.745032,-0.201391
2021-07-01,11.934292,4.528234,4.746212,-0.217979
2021-07-02,11.937029,4.522901,4.747382,-0.224481
2021-07-03,11.939767,4.535903,4.748542,-0.212639
2021-07-04,11.942505,4.547851,4.749691,-0.201840
2021-07-05,11.945243,4.532804,4.750829,-0.218025
2021-07-06,11.947981,4.533846,4.751958,-0.218112
2021-07-07,11.950719,4.538784,4.753075,-0.214291
2021-07-08,11.953457,4.517542,4.754182,-0.236640
2021-07-09,11.956194,4.521617,4.755279,-0.233662
2021-07-10,11.958932,4.528423,4.756364,-0.227942
2021-07-11,11.961670,4.523422,4.757440,-0.234018
2021-07-12,11.964408,4.528162,4.758504,-0.230342
2021-07-13,11.967146,4.517644,4.759558,-0.241914
2021-07-14,11.969884,4.512811,4.760601,-0.247790
2021-07-15,11.972621,4.507752,4.761633,-0.253882
2021-07-16,11.975359,4.503264,4.762655,-0.259391
2021-07-17,11.978097,4.500836,4.763666,-0.262830
2021-07-18,11.980835,4.503384,4.764666,-0.261281
2021-07-19,11.983573,4.495326,4.765655,-0.270329
2021-07-20,11.986311,4.476361,4.766633,-0.290272
2021-07-21,11.989049,4.495713,4.767601,-0.271888
2021-07-22,11.991786,4.508152,4.768557,-0.260405
2021-07-23,11.994524,4.512757,4.769503,-0.256746
2021-07-24,11.997262,4.530413,4.770437,-0.240024
2021-07-25,12.000000,4.536796,4.771361,-0.234565
2021-07-26,12.002738,4.583605,4.772274,-0.188668
2021-07-27,12.005476,4.576603,4.773175,-0.196572
2021-07-28,12.008214,4.600715,4.774066,-0.173351
2021-07-29,12.010951,4.600688,4.774946,-0.174258
2021-07-30,12.013689,4.598350,4.775814,-0.177464
2021-07-31,12.016427,4.619409,4.776671,-0.157263
2021-08-01,12.019165,4.617690,4.777518,-0.159828
2021-08-02,12.021903,4.597892,4.778353,-0.180461
2021-08-03,12.024641,4.585474,4.779177,-0.193703
2021-08-04,12.027379,4.588413,4.779990,-0.191577
2021-08-05,12.030116,4.671107,4.780791,-0.109685
2021-08-06,12.032854,4.616680,4.781582,-0.164901
2021-08-07,12.035592,4.639204,4.782361,-0.143157
2021-08-08,12.038330,4.646742,4.783129,-0.136387
2021-08-09,12.041068,4.652406,4.783886,-0.131480
2021-08-10,12.043806,4.659080,4.784631,-0.125551
2021-08-11,12.046543,4.663676,4.785365,-0.121689
2021-08-12,12.049281,4.652525,4.786088,-0.133563
2021-08-13,12.052019,4.664863,4.786800,-0.121937
2021-08-14,12.054757,4.673113,4.787500,-0.114387
2021-08-15,12.057495,4.666818,4.788189,-0.121371
2021-08-16,12.060233,4.671308,4.788866,-0.117558
2021-08-17,12.062971,4.662420,4.789532,-0.127112
2021-08-18,12.065708,4.654831,4.790187,-0.135356
2021-08-19,12.068446,4.655556,4.790830,-0.135274
2021-08-20,12.071184,4.733867,4.791462,-0.057595
2021-08-21,12.073922,4.690641,4.792082,-0.101441
2021-08-22,12.076660,4.689218,4.792691,-0.103473
2021-08-23,12.079398,4.697995,4.793288,-0.095293
2021-08-24,12.082136,4.689276,4.793874,-0.104598
2021-08-25,12.084873,4.683803,4.794449,-0.110645
2021-08-26,12.087611,4.675541,4.795012,-0.119470
2021-08-27,12.090349,4.679267,4.795563,-0.116296
2021-08-28,12.093087,4.689295,4.796103,-0.106808
2021-08-29,12.095825,4.687191,4.796631,-0.109440
2021-08-30,12.098563,4.682122,4.797148,-0.115026
2021-08-31,12.101300,4.675076,4.797653,-0.122577
2021-09-01,12.104038,4.678568,4.798147,-0.119579
2021-09-02,12.106776,4.696068,4.798629,-0.102561
2021-09-03,12.109514,4.698210,4.799099,-0.100889
2021-09-04,12.112252,4.699511,4.799558,-0.100047
2021-09-05,12.114990,4.702165,4.800005,-0.097841
2021-09-06,12.117728,4.714203,4.800441,-0.086237
2021-09-07,12.120465,4.698458,4.800865,-0.102407
2021-09-08,12.123203,4.666012,4.801277,-0.135265
2021-09-09,12.125941,4.650047,4.801678,-0.151631
2021-09-10,12.128679,4.662703,4.802067,-0.139364
2021-09-11,12.131417,4.657619,4.802444,-0.144825
2021-09-12,12.134155,4.659956,4.802810,-0.142854
2021-09-13,12.136893,4.652425,4.803164,-0.150739
2021-09-14,12.139630,4.664194,4.803507,-0.139313
2021-09-15,12.142368,4.677952,4.803837,-0.125885
2021-09-16,12.145106,4.680468,4.804156,-0.123689
2021-09-17,12.147844,4.677748,4.804464,-0.126715
2021-09-18,12.150582,4.683734,4.804759,-0.121025
2021-09-19,12.153320,4.679186,4.805043,-0.125857
2021-09-20,12.156057,4.650313,4.805315,-0.155002
2021-09-21,12.158795,4.615179,4.805576,-0.190397
2021-09-22,12.161533,4.630381,4.805825,-0.175444
2021-09-23,12.164271,4.645634,4.806062,-0.160427
2021-09-24,12.167009,4.621124,4.806287,-0.185163
2021-09-25,12.169747,4.631317,4.806500,-0.175183
2021-09-26,12.172485,4.633165,4.806702,-0.173537
2021-09-27,12.175222,4.640091,4.806893,-0.166801
2021-09-28,12.177960,4.624341,4.807071,-0.182730
2021-09-29,12.180698,4.623382,4.807238,-0.183856
2021-09-30,12.183436,4.637868,4.807393,-0.169524
2021-10-01,12.186174,4.664713,4.807536,-0.142823
2021-10-02,12.188912,4.680664,4.807667,-0.127003
2021-10-03,12.191650,4.682226,4.807787,-0.125561
2021-10-04,12.194387,4.683586,4.807895,-0.124309
2021-10-05,12.197125,4.700393,4.807991,-0.107599
2021-10-06,12.199863,4.724225,4.808076,-0.083851
2021-10-07,12.202601,4.735464,4.808149,-0.072685
2021-10-08,12.205339,4.736310,4.808210,-0.071899
2021-10-09,12.208077,4.738660,4.808259,-0.069599
2021-10-10,12.210815,4.742048,4.808297,-0.066249
2021-10-11,12.213552,4.753942,4.808323,-0.054380
2021-10-12,12.216290,4.753382,4.808337,-0.054955
2021-10-13,12.219028,4.749056,4.808339,-0.059283
2021-10-14,12.221766,4.761104,4.808330,-0.047226
2021-10-15,12.224504,4.777676,4.808309,-0.030633
2021-10-16,12.227242,4.787446,4.808277,-0.020831
2021-10-17,12.229979,4.784555,4.808232,-0.023677
2021-10-18,12.232717,4.791287,4.808176,-0.016890
2021-10-19,12.235455,4.798094,4.808109,-0.010015
2021-10-20,12.238193,4.805496,4.808029,-0.002533
2021-10-21,12.240931,4.808194,4.807938,0.000256
2021-10-22,12.243669,4.793763,4.807835,-0.014072
2021-10-23,12.246407,4.786070,4.807721,-0.021651
2021-10-24,12.249144,4.791662,4.807595,-0.015932
2021-10-25,12.251882,4.803344,4.807457,-0.004113
2021-10-26,12.254620,4.794705,4.807308,-0.012603
2021-10-27,12.257358,4.775079,4.807147,-0.032068
2021-10-28,12.260096,4.780346,4.806974,-0.026628
2021-10-29,12.262834,4.772178,4.806790,-0.034612
2021-10-30,12.265572,4.789928,4.806594,-0.016666
2021-10-31,12.268309,4.786334,4.806387,-0.020052
2021-11-01,12.271047,4.787413,4.806168,-0.018755
2021-11-02,12.273785,4.796505,4.805937,-0.009432
2021-11-03,12.276523,4.798288,4.805695,-0.007407
2021-11-04,12.279261,4.791544,4.805441,-0.013897
2021-11-05,12.281999,4.789702,4.805176,-0.015474
2021-11-06,12.284736,4.785859,4.804899,-0.019040
2021-11-07,12.287474,4.793859,4.804611,-0.010752
2021-11-08,12.290212,4.818243,4.804311,0.013933
2021-11-09,12.292950,4.829452,4.804000,0.025452
2021-11-10,12.295688,4.825085,4.803677,0.021408
2021-11-11,12.298426,4.813024,4.803342,0.009682
2021-11-12,12.301164,4.808149,4.802997,0.005152
2021-11-13,12.303901,4.807335,4.802639,0.004696
2021-11-14,12.306639,4.810532,4.802271,0.008262
2021-11-15,12.309377,4.814343,4.801891,0.012452
2021-11-16,12.312115,4.802161,4.801499,0.000662
2021-11-17,12.314853,4.779482,4.801096,-0.021614
2021-11-18,12.317591,4.773056,4.800682,-0.027626
2021-11-19,12.320329,4.759957,4.800256,-0.040299
2021-11-20,12.323066,4.770923,4.799819,-0.028897
2021-11-21,12.325804,4.774198,4.799371,-0.025174
2021-11-22,12.328542,4.760942,4.798912,-0.037969
2021-11-23,12.331280,4.757541,4.798441,-0.040900
2021-11-24,12.334018,4.756163,4.797959,-0.041796
2021-11-25,12.336756,4.767379,4.797465,-0.030086
2021-11-26,12.339493,4.747963,4.796960,-0.048998
2021-11-27,12.342231,4.740846,4.796445,-0.055598
2021-11-28,12.344969,4.740670,4.795917,-0.055247
2021-11-29,12.347707,4.762902,4.795379,-0.032478
2021-11-30,12.350445,4.760332,4.794830,-0.034497
2021-12-01,12.353183,4.760323,4.794269,-0.033946
2021-12-02,12.355921,4.755542,4.793697,-0.038155
2021-12-03,12.358658,4.749373,4.793115,-0.043742
2021-12-04,12.361396,4.699803,4.792521,-0.092717
2021-12-05,12.364134,4.695345,4.791916,-0.096571
2021-12-06,12.366872,4.699112,4.791300,-0.092188
2021-12-07,12.369610,4.750081,4.790673,-0.040591
2021-12-08,12.372348,4.705095,4.790034,-0.084940
2021-12-09,12.375086,4.694047,4.789385,-0.095339
2021-12-10,12.377823,4.687217,4.788725,-0.101509
2021-12-11,12.380561,4.689649,4.788055,-0.098406
2021-12-12,12.383299,4.699275,4.787373,-0.088098
2021-12-13,12.386037,4.686977,4.786680,-0.099702
2021-12-14,12.388775,4.678076,4.785976,-0.107901
2021-12-15,12.391513,4.686510,4.785262,-0.098752
2021-12-16,12.394251,4.687365,4.784537,-0.097171
2021-12-17,12.396988,4.673243,4.783801,-0.110557
2021-12-18,12.399726,4.668920,4.783054,-0.114134
2021-12-19,12.402464,4.674272,4.782296,-0.108024
2021-12-20,12.405202,4.667276,4.781528,-0.114252
2021-12-21,12.407940,4.685476,4.780749,-0.095273
2021-12-22,12.410678,4.690373,4.779959,-0.089587
2021-12-23,12.413415,4.691352,4.779159,-0.087808
2021-12-24,12.416153,4.708128,4.778348,-0.070220
2021-12-25,12.418891,4.710914,4.777527,-0.066613
2021-12-26,12.421629,4.700861,4.776695,-0.075833
2021-12-27,12.424367,4.708773,4.775852,-0.067079
2021-12-28,12.427105,4.689759,4.774999,-0.085241
2021-12-29,12.429843,4.678181,4.774136,-0.095955
2021-12-30,12.432580,4.673396,4.773262,-0.099866
2021-12-31,12.435318,4.675174,4.772377,-0.097203
2022-01-01,12.438056,4.673905,4.771483,-0.097577
2022-01-02,12.440794,4.674908,4.770577,-0.095669
2022-01-03,12.443532,4.670978,4.769662,-0.098684
2022-01-04,12.446270,4.667300,4.768736,-0.101436
2022-01-05,12.449008,4.662051,4.767800,-0.105749
2022-01-06,12.451745,4.635084,4.766854,-0.131770
2022-01-07,12.454483,4.623830,4.765898,-0.142068
2022-01-08,12.457221,4.689809,4.764931,-0.075122
2022-01-09,12.459959,4.623298,4.763954,-0.140656
2022-01-10,12.462697,4.620132,4.762967,-0.142836
2022-01-11,12.465435,4.643067,4.761971,-0.118904
2022-01-12,12.468172,4.636551,4.760964,-0.124412
2022-01-13,12.470910,4.638768,4.759947,-0.121178
2022-01-14,12.473648,4.632021,4.758920,-0.126899
2022-01-15,12.476386,4.635858,4.757883,-0.122025
2022-01-16,12.479124,4.635415,4.756836,-0.121421
2022-01-17,12.481862,4.695074,4.755779,-0.060706
2022-01-18,12.484600,4.623608,4.754713,-0.131105
2022-01-19,12.487337,4.623490,4.753637,-0.130147
2022-01-20,12.490075,4.626571,4.752550,-0.125979
2022-01-21,12.492813,4.588453,4.751455,-0.163002
2022-01-22,12.495551,4.552191,4.750349,-0.198158
2022-01-23,12.498289,4.551560,4.749234,-0.197674
2022-01-24,12.501027,4.547578,4.748109,-0.200532
2022-01-25,12.503765,4.564319,4.746975,-0.182656
2022-01-26,12.506502,4.576076,4.745831,-0.169755
2022-01-27,12.509240,4.562540,4.744678,-0.182137
2022-01-28,12.511978,4.570867,4.743515,-0.172648
2022-01-29,12.514716,4.579819,4.742342,-0.162523
2022-01-30,12.517454,4.580929,4.741161,-0.160232
2022-01-31,12.520192,4.576314,4.739970,-0.163655
2022-02-01,12.522930,4.587690,4.738769,-0.151079
2022-02-02,12.525667,4.581683,4.737559,-0.155877
2022-02-03,12.528405,4.567617,4.736340,-0.168723
2022-02-04,12.531143,4.589035,4.735112,-0.146077
2022-02-05,12.533881,4.619447,4.733875,-0.114428
2022-02-06,12.536619,4.620194,4.732629,-0.112434
2022-02-07,12.539357,4.635619,4.731373,-0.095754
2022-02-08,12.542094,4.642910,4.730108,-0.087198
2022-02-09,12.544832,4.643609,4.728835,-0.085226
2022-02-10,12.547570,4.647368,4.727552,-0.080184
2022-02-11,12.550308,4.636042,4.726261,-0.090219
2022-02-12,12.553046,4.627786,4.724961,-0.097175
2022-02-13,12.555784,4.628059,4.723652,-0.095593
2022-02-14,12.558522,4.627048,4.722334,-0.095286
2022-02-15,12.561259,4.643698,4.721007,-0.077309
2022-02-16,12.563997,4.644482,4.719671,-0.075189
2022-02-17,12.566735,4.638718,4.718327,-0.079610
2022-02-18,12.569473,4.607911,4.716975,-0.109064
2022-02-19,12.572211,4.604539,4.715613,-0.111075
2022-02-20,12.574949,4.590218,4.714244,-0.124026
2022-02-21,12.577687,4.587259,4.712865,-0.125607
2022-02-22,12.580424,4.575273,4.711479,-0.136205
2022-02-23,12.583162,4.584272,4.710084,-0.125811
2022-02-24,12.585900,4.559981,4.708680,-0.148699
2022-02-25,12.588638,4.591353,4.707268,-0.115915
2022-02-26,12.591376,4.595549,4.705848,-0.110300
2022-02-27,12.594114,4.589675,4.704420,-0.114745
2022-02-28,12.596851,4.598146,4.702984,-0.104837
2022-03-01,12.599589,4.642175,4.701539,-0.059364
2022-03-02,12.602327,4.646711,4.700087,-0.053376
2022-03-03,12.605065,4.637436,4.698626,-0.061190
2022-03-04,12.607803,4.616334,4.697157,-0.080824
2022-03-05,12.610541,4.596826,4.695681,-0.098855
2022-03-06,12.613279,4.595797,4.694196,-0.098399
2022-03-07,12.616016,4.587106,4.692704,-0.105598
2022-03-08,12.618754,4.596529,4.691204,-0.094675
2022-03-09,12.621492,4.621883,4.689696,-0.067814
2022-03-10,12.624230,4.673802,4.688181,-0.014379
2022-03-11,12.626968,4.594483,4.686658,-0.092175
2022-03-12,12.629706,4.595865,4.685127,-0.089262
2022-03-13,12.632444,4.593365,4.683589,-0.090224
2022-03-14,12.635181,4.591901,4.682043,-0.090141
2022-03-15,12.637919,4.594983,4.680490,-0.085506
2022-03-16,12.640657,4.608218,4.678929,-0.070711
2022-03-17,12.643395,4.615055,4.677361,-0.062306
2022-03-18,12.646133,4.615429,4.675786,-0.060357
2022-03-19,12.648871,4.624326,4.674203,-0.049877
2022-03-20,12.651608,4.621573,4.672614,-0.051040
2022-03-21,12.654346,4.616181,4.671017,-0.054835
2022-03-22,12.657084,4.630041,4.669413,-0.039372
2022-03-23,12.659822,4.628441,4.667802,-0.039361
2022-03-24,12.662560,4.639325,4.666184,-0.026859
2022-03-25,12.665298,4.648589,4.664559,-0.015970
2022-03-26,12.668036,4.648829,4.662927,-0.014098
2022-03-27,12.670773,4.655190,4.661289,-0.006099
2022-03-28,12.673511,4.676687,4.659644,0.017044
2022-03-29,12.676249,4.678315,4.657992,0.020323
2022-03-30,12.678987,4.675398,4.656333,0.019065
2022-03-31,12.681725,4.670308,4.654668,0.015640
2022-04-01,12.684463,4.660193,4.652996,0.007198
2022-04-02,12.687201,4.669050,4.651317,0.017733
2022-04-03,12.689938,4.667880,4.649632,0.018248
2022-04-04,12.692676,4.665207,4.647941,0.017266
2022-04-05,12.695414,4.668179,4.646244,0.021936
2022-04-06,12.698152,4.652320,4.644540,0.007780
2022-04-07,12.700890,4.641714,4.642830,-0.001116
2022-04-08,12.703628,4.640443,4.641114,-0.000671
2022-04-09,12.706366,4.632239,4.639391,-0.007153
2022-04-10,12.709103,4.635310,4.637663,-0.002353
2022-04-11,12.711841,4.619179,4.635928,-0.016749
2022-04-12,12.714579,4.606366,4.634188,-0.027822
2022-04-13,12.717317,4.612349,4.632442,-0.020093
2022-04-14,12.720055,4.614409,4.630690,-0.016281
2022-04-15,12.722793,4.609748,4.628932,-0.019184
2022-04-16,12.725530,4.680722,4.627168,0.053553
2022-04-17,12.728268,4.610507,4.625399,-0.014892
2022-04-18,12.731006,4.604079,4.623624,-0.019545
2022-04-19,12.733744,4.618972,4.621844,-0.002872
2022-04-20,12.736482,4.623127,4.620058,0.003069
2022-04-21,12.739220,4.625380,4.618267,0.007113
2022-04-22,12.741958,4.609043,4.616470,-0.007428
2022-04-23,12.744695,4.604620,4.614668,-0.010048
2022-04-24,12.747433,4.604401,4.612861,-0.008460
2022-04-25,12.750171,4.600282,4.611049,-0.010767
2022-04-26,12.752909,4.604422,4.609231,-0.004809
2022-04-27,12.755647,4.595735,4.607408,-0.011673
2022-04-28,12.758385,4.603420,4.605581,-0.002161
2022-04-29,12.761123,4.596353,4.603748,-0.007395
2022-04-30,12.763860,4.590106,4.601911,-0.011805
2022-05-01,12.766598,4.584920,4.600068,-0.015149
2022-05-02,12.769336,4.676748,4.598221,0.078527
2022-05-03,12.772074,4.673581,4.596369,0.077212
2022-05-04,12.774812,4.593644,4.594513,-0.000869
2022-05-05,12.777550,4.588691,4.592652,-0.003960
2022-05-06,12.780287,4.563516,4.590786,-0.027270
2022-05-07,12.783025,4.562491,4.588916,-0.026425
2022-05-08,12.785763,4.547393,4.587042,-0.039649
2022-05-09,12.788501,4.523197,4.585163,-0.061966
2022-05-10,12.791239,4.505739,4.583280,-0.077541
2022-05-11,12.793977,4.495120,4.581392,-0.086272
2022-05-12,12.796715,4.464896,4.579501,-0.114605
2022-05-13,12.799452,4.488534,4.577605,-0.089071
2022-05-14,12.802190,4.475611,4.575706,-0.100094
2022-05-15,12.804928,4.487265,4.573802,-0.086538
2022-05-16,12.807666,4.482954,4.571895,-0.088940
2022-05-17,12.810404,4.487442,4.569983,-0.082541
2022-05-18,12.813142,4.477623,4.568068,-0.090445
2022-05-19,12.815880,4.477321,4.566149,-0.088828
2022-05-20,12.818617,4.480417,4.564227,-0.083809
2022-05-21,12.821355,4.473607,4.562301,-0.088693
2022-05-22,12.824093,4.480245,4.560371,-0.080126
2022-05-23,12.826831,4.484404,4.558438,-0.074034
2022-05-24,12.829569,4.473108,4.556501,-0.083393
2022-05-25,12.832307,4.479382,4.554561,-0.075180
2022-05-26,12.835044,4.474598,4.552618,-0.078021
2022-05-27,12.837782,4.466068,4.550672,-0.084604
2022-05-28,12.840520,4.465161,4.548722,-0.083561
2022-05-29,12.843258,4.468302,4.546770,-0.078468
2022-05-30,12.845996,4.489257,4.544814,-0.055557
2022-05-31,12.848734,4.503408,4.542856,-0.039447
2022-06-01,12.851472,4.494266,4.540894,-0.046628
2022-06-02,12.854209,4.480544,4.538930,-0.058386
2022-06-03,12.856947,4.480016,4.536963,-0.056947
2022-06-04,12.859685,4.476310,4.534993,-0.058683
2022-06-05,12.862423,4.478147,4.533021,-0.054874
2022-06-06,12.865161,4.497916,4.531046,-0.033130
2022-06-07,12.867899,4.480404,4.529068,-0.048664
2022-06-08,12.870637,4.487019,4.527089,-0.040070
2022-06-09,12.873374,4.484170,4.525106,-0.040936
2022-06-10,12.876112,4.475627,4.523122,-0.047495
2022-06-11,12.878850,4.464703,4.521135,-0.056432
2022-06-12,12.881588,4.446132,4.519146,-0.073014
2022-06-13,12.884326,4.389344,4.517155,-0.127811
2022-06-14,12.887064,4.351301,4.515162,-0.163861
2022-06-15,12.889802,4.335439,4.513167,-0.177729
2022-06-16,12.892539,4.336641,4.511170,-0.174530
2022-06-17,12.895277,4.321828,4.509172,-0.187343
2022-06-18,12.898015,4.291961,4.507171,-0.215210
2022-06-19,12.900753,4.291904,4.505169,-0.213265
2022-06-20,12.903491,4.314012,4.503165,-0.189154
2022-06-21,12.906229,4.328879,4.501160,-0.172281
2022-06-22,12.908966,4.313910,4.499153,-0.185243
2022-06-23,12.911704,4.319024,4.497145,-0.178121
2022-06-24,12.914442,4.330486,4.495135,-0.164649
2022-06-25,12.917180,4.333839,4.493124,-0.159286
2022-06-26,12.919918,4.335947,4.491112,-0.155165
2022-06-27,12.922656,4.329222,4.489099,-0.159877
2022-06-28,12.925394,4.322117,4.487084,-0.164967
2022-06-29,12.928131,4.310220,4.485069,-0.174849
2022-06-30,12.930869,4.293747,4.483053,-0.189306
2022-07-01,12.933607,4.298264,4.481035,-0.182771
2022-07-02,12.936345,4.290768,4.479017,-0.188250
2022-07-03,12.939083,4.288712,4.476998,-0.188286
2022-07-04,12.941821,4.296895,4.474979,-0.178084
2022-07-05,12.944559,4.307317,4.472959,-0.165642
2022-07-06,12.947296,4.311413,4.470938,-0.159525
2022-07-07,12.950034,4.324261,4.468917,-0.144656
2022-07-08,12.952772,4.344012,4.466896,-0.122884
2022-07-09,12.955510,4.341058,4.464874,-0.123816
2022-07-10,12.958248,4.331448,4.462852,-0.131403
2022-07-11,12.960986,4.317795,4.460829,-0.143034
2022-07-12,12.963723,4.302372,4.458807,-0.156435
2022-07-13,12.966461,4.298887,4.456784,-0.157897
2022-07-14,12.969199,4.311261,4.454762,-0.143500
2022-07-15,12.971937,4.324062,4.452739,-0.128677
2022-07-16,12.974675,4.325466,4.450717,-0.125251
2022-07-17,12.977413,4.332070,4.448695,-0.116625
2022-07-18,12.980151,4.344214,4.446673,-0.102459
2022-07-19,12.982888,4.357428,4.444652,-0.087223
2022-07-20,12.985626,4.376987,4.442631,-0.065643
2022-07-21,12.988364,4.365302,4.440610,-0.075308
2022-07-22,12.991102,4.369248,4.438590,-0.069342
2022-07-23,12.993840,4.357507,4.436571,-0.079064
2022-07-24,12.996578,4.360733,4.434552,-0.073819
2022-07-25,12.999316,4.347479,4.432534,-0.085055
2022-07-26,13.002053,4.329336,4.430517,-0.101181
2022-07-27,13.004791,4.342034,4.428501,-0.086467
2022-07-28,13.007529,4.373013,4.426486,-0.053473
2022-07-29,13.010267,4.382286,4.424472,-0.042185
2022-07-30,13.013005,4.384724,4.422459,-0.037735
2022-07-31,13.015743,4.379464,4.420447,-0.040983
2022-08-01,13.018480,4.370131,4.418437,-0.048306
2022-08-02,13.021218,4.364990,4.416427,-0.051437
2022-08-03,13.023956,4.369165,4.414420,-0.045254
2022-08-04,13.026694,4.363252,4.412413,-0.049161
2022-08-05,13.029432,4.367720,4.410408,-0.042689
2022-08-06,13.032170,4.369551,4.408405,-0.038855
2022-08-07,13.034908,4.367235,4.406404,-0.039169
2022-08-08,13.037645,4.380358,4.404404,-0.024046
2022-08-09,13.040383,4.373948,4.402406,-0.028458
2022-08-10,13.043121,4.374292,4.400410,-0.026118
2022-08-11,13.045859,4.390937,4.398416,-0.007479
2022-08-12,13.048597,4.383837,4.396424,-0.012586
2022-08-13,13.051335,4.393493,4.394434,-0.000940
2022-08-14,13.054073,4.393069,4.392446,0.000623
2022-08-15,13.056810,4.388962,4.390460,-0.001498
2022-08-16,13.059548,4.384104,4.388477,-0.004373
2022-08-17,13.062286,4.379577,4.386496,-0.006919
2022-08-18,13.065024,4.374730,4.384517,-0.009788
2022-08-19,13.067762,4.344559,4.382541,-0.037982
2022-08-20,13.070500,4.332065,4.380568,-0.048503
2022-08-21,13.073238,4.336132,4.378597,-0.042465
2022-08-22,13.075975,4.333960,4.376629,-0.042669
2022-08-23,13.078713,4.336580,4.374664,-0.038083
2022-08-24,13.081451,4.338146,4.372702,-0.034556
2022-08-25,13.084189,4.340755,4.370742,-0.029987
2022-08-26,13.086927,4.331964,4.368786,-0.036822
2022-08-27,13.089665,4.310151,4.366832,-0.056681
2022-08-28,13.092402,4.307381,4.364882,-0.057501
2022-08-29,13.095140,4.307243,4.362935,-0.055692
2022-08-30,13.097878,4.310685,4.360991,-0.050306
2022-08-31,13.100616,4.312026,4.359051,-0.047024
2022-09-01,13.103354,4.306871,4.357114,-0.050243
2022-09-02,13.106092,4.309407,4.355180,-0.045773
2022-09-03,13.108830,4.304000,4.353250,-0.049250
2022-09-04,13.111567,4.303175,4.351324,-0.048148
2022-09-05,13.114305,4.302968,4.349401,-0.046433
2022-09-06,13.117043,4.298607,4.347482,-0.048875
2022-09-07,13.119781,4.283262,4.345567,-0.062304
2022-09-08,13.122519,4.291137,4.343656,-0.052519
2022-09-09,13.125257,4.323109,4.341749,-0.018639
2022-09-10,13.127995,4.336002,4.339845,-0.003843
2022-09-11,13.130732,4.339945,4.337946,0.001999
2022-09-12,13.133470,4.350255,4.336051,0.014204
2022-09-13,13.136208,4.338046,4.334161,0.003885
2022-09-14,13.138946,4.311878,4.332274,-0.020396
2022-09-15,13.141684,4.306974,4.330392,-0.023419
2022-09-16,13.144422,4.301065,4.328515,-0.027450
2022-09-17,13.147159,4.306397,4.326642,-0.020245
2022-09-18,13.149897,4.304256,4.324773,-0.020518
2022-09-19,13.152635,4.285642,4.322909,-0.037268
2022-09-20,13.155373,4.289209,4.321050,-0.031842
2022-09-21,13.158111,4.285561,4.319196,-0.033635
2022-09-22,13.160849,4.285359,4.317346,-0.031988
2022-09-23,13.163587,4.286539,4.315502,-0.028962
2022-09-24,13.166324,4.286916,4.313662,-0.026747
2022-09-25,13.169062,4.284767,4.311828,-0.027061
2022-09-26,13.171800,4.286234,4.309999,-0.023765
2022-09-27,13.174538,4.302266,4.308174,-0.005908
2022-09-28,13.177276,4.288765,4.306355,-0.017590
2022-09-29,13.180014,4.294689,4.304542,-0.009853
2022-09-30,13.182752,4.297601,4.302734,-0.005133
2022-10-01,13.185489,4.293432,4.300931,-0.007499
2022-10-02,13.188227,4.291379,4.299134,-0.007754
2022-10-03,13.190965,4.293464,4.297342,-0.003879
2022-10-04,13.193703,4.307394,4.295556,0.011838
2022-10-05,13.196441,4.311294,4.293776,0.017518
2022-10-06,13.199179,4.312064,4.292001,0.020063
2022-10-07,13.201916,4.304438,4.290233,0.014206
2022-10-08,13.204654,4.299345,4.288470,0.010875
2022-10-09,13.207392,4.298962,4.286714,0.012248
2022-10-10,13.210130,4.296934,4.284963,0.011971
2022-10-11,13.212868,4.292130,4.283219,0.008911
2022-10-12,13.215606,4.293275,4.281480,0.011795
2022-10-13,13.218344,4.290597,4.279748,0.010848
2022-10-14,13.221081,4.296700,4.278022,0.018678
2022-10-15,13.223819,4.288285,4.276303,0.011982
2022-10-16,13.226557,4.288849,4.274590,0.014259
2022-10-17,13.229295,4.294059,4.272884,0.021175
2022-10-18,13.232033,4.295731,4.271184,0.024547
2022-10-19,13.234771,4.289633,4.269491,0.020142
2022-10-20,13.237509,4.286022,4.267805,0.018218
2022-10-21,13.240246,4.282494,4.266125,0.016369
2022-10-22,13.242984,4.284610,4.264452,0.020158
2022-10-23,13.245722,4.286758,4.262786,0.023971
2022-10-24,13.248460,4.289111,4.261127,0.027983
2022-10-25,13.251198,4.293680,4.259476,0.034205
2022-10-26,13.253936,4.313892,4.257831,0.056061
2022-10-27,13.256674,4.315274,4.256193,0.059081
2022-10-28,13.259411,4.310251,4.254563,0.055688
2022-10-29,13.262149,4.318424,4.252940,0.065484
2022-10-30,13.264887,4.317080,4.251324,0.065756
2022-10-31,13.267625,4.312627,4.249715,0.062911
2022-11-01,13.270363,4.312115,4.248115,0.064000
2022-11-02,13.273101,4.309994,4.246521,0.063472
2022-11-03,13.275838,4.307054,4.244936,0.062118
2022-11-04,13.278576,4.316680,4.243357,0.073323
2022-11-05,13.281314,4.329532,4.241787,0.087745
2022-11-06,13.284052,4.326862,4.240225,0.086637
2022-11-07,13.286790,4.317654,4.238670,0.078984
2022-11-08,13.289528,4.291588,4.237123,0.054465
2022-11-09,13.292266,4.244927,4.235584,0.009343
2022-11-10,13.295003,4.232546,4.234053,-0.001507
2022-11-11,13.297741,4.236018,4.232531,0.003487
2022-11-12,13.300479,4.230171,4.231016,-0.000845
2022-11-13,13.303217,4.225693,4.229510,-0.003816
2022-11-14,13.305955,4.221365,4.228012,-0.006647
2022-11-15,13.308693,4.231517,4.226522,0.004995
2022-11-16,13.311431,4.228052,4.225041,0.003012
2022-11-17,13.314168,4.225812,4.223568,0.002244
2022-11-18,13.316906,4.229119,4.222104,0.007015
2022-11-19,13.319644,4.226679,4.220648,0.006031
2022-11-20,13.322382,4.225030,4.219201,0.005829
2022-11-21,13.325120,4.210534,4.217762,-0.007228
2022-11-22,13.327858,4.208680,4.216333,-0.007653
2022-11-23,13.330595,4.222938,4.214912,0.008026
2022-11-24,13.333333,4.226219,4.213500,0.012719
2022-11-25,13.336071,4.223374,4.212097,0.011277
2022-11-26,13.338809,4.224976,4.210703,0.014273
2022-11-27,13.341547,4.224575,4.209318,0.015257
2022-11-28,13.344285,4.216039,4.207942,0.008097
2022-11-29,13.347023,4.221470,4.206575,0.014895
2022-11-30,13.349760,4.234462,4.205218,0.029245
2022-12-01,13.352498,4.238180,4.203869,0.034310
2022-12-02,13.355236,4.235850,4.202530,0.033320
2022-12-03,13.357974,4.236204,4.201201,0.035003
2022-12-04,13.360712,4.237352,4.199881,0.037471
2022-12-05,13.363450,4.241380,4.198570,0.042809
2022-12-06,13.366188,4.237047,4.197269,0.039778
2022-12-07,13.368925,4.235119,4.195978,0.039141
2022-12-08,13.371663,4.236491,4.194696,0.041795
2022-12-09,13.374401,4.241933,4.193424,0.048508
2022-12-10,13.377139,4.241347,4.192162,0.049185
2022-12-11,13.379877,4.241255,4.190910,0.050345
2022-12-12,13.382615,4.238000,4.189667,0.048332
2022-12-13,13.385352,4.249046,4.188435,0.060612
2022-12-14,13.388090,4.258396,4.187212,0.071184
2022-12-15,13.390828,4.251567,4.186000,0.065568
2022-12-16,13.393566,4.240405,4.184797,0.055607
2022-12-17,13.396304,4.231520,4.183605,0.047915
2022-12-18,13.399042,4.232330,4.182423,0.049907
2022-12-19,13.401780,4.231095,4.181251,0.049844
2022-12-20,13.404517,4.233707,4.180090,0.053617
2022-12-21,13.407255,4.234670,4.178939,0.055731
2022-12-22,13.409993,4.232739,4.177798,0.054941
2022-12-23,13.412731,4.232792,4.176668,0.056123
2022-12-24,13.415469,4.232833,4.175549,0.057285
2022-12-25,13.418207,4.232510,4.174439,0.058070
2022-12-26,13.420945,4.233688,4.173341,0.060347
2022-12-27,13.423682,4.233305,4.172253,0.061052
2022-12-28,13.426420,4.229544,4.171176,0.058368
2022-12-29,13.429158,4.228600,4.170110,0.058490
2022-12-30,13.431896,4.227950,4.169055,0.058895
2022-12-31,13.434634,4.228180,4.168010,0.060169
2023-01-01,13.437372,4.228016,4.166977,0.061040
2023-01-02,13.440110,4.230513,4.165954,0.064559
2023-01-03,13.442847,4.230489,4.164942,0.065546
2023-01-04,13.445585,4.233465,4.163942,0.069523
2023-01-05,13.448323,4.233473,4.162953,0.070520
2023-01-06,13.451061,4.233644,4.161974,0.071670
2023-01-07,13.453799,4.236080,4.161007,0.075072
2023-01-08,13.456537,4.236479,4.160052,0.076427
2023-01-09,13.459274,4.243562,4.159107,0.084454
2023-01-10,13.462012,4.247931,4.158174,0.089757
2023-01-11,13.464750,4.251827,4.157253,0.094574
2023-01-12,13.467488,4.272933,4.156343,0.116590
2023-01-13,13.470226,4.285775,4.155444,0.130331
2023-01-14,13.472964,4.321208,4.154557,0.166651
2023-01-15,13.475702,4.320602,4.153681,0.166921
2023-01-16,13.478439,4.327649,4.152817,0.174831
2023-01-17,13.481177,4.335113,4.151965,0.183148
2023-01-18,13.483915,4.329483,4.151125,0.178358
2023-01-19,13.486653,4.325516,4.150296,0.175219
2023-01-20,13.489391,4.336832,4.149479,0.187353
2023-01-21,13.492129,4.364248,4.148674,0.215573
2023-01-22,13.494867,4.362159,4.147881,0.214278
2023-01-23,13.497604,4.362673,4.147100,0.215573
2023-01-24,13.500342,4.365148,4.146331,0.218817
2023-01-25,13.503080,4.361718,4.145574,0.216144
2023-01-26,13.505818,4.367845,4.144829,0.223016
2023-01-27,13.508556,4.367138,4.144096,0.223043
2023-01-28,13.511294,4.367578,4.143375,0.224203
2023-01-29,13.514031,4.375061,4.142666,0.232395
2023-01-30,13.516769,4.373545,4.141970,0.231575
2023-01-31,13.519507,4.368225,4.141286,0.226939
2023-02-01,13.522245,4.371814,4.140614,0.231200
2023-02-02,13.524983,4.382137,4.139955,0.242183
2023-02-03,13.527721,4.376665,4.139308,0.237357
2023-02-04,13.530459,4.374470,4.138673,0.235797
2023-02-05,13.533196,4.371474,4.138051,0.233423
2023-02-06,13.535934,4.366697,4.137441,0.229256
2023-02-07,13.538672,4.368182,4.136844,0.231337
2023-02-08,13.541410,4.370331,4.136260,0.234071
2023-02-09,13.544148,4.361340,4.135688,0.225652
2023-02-10,13.546886,4.346015,4.135129,0.210886
2023-02-11,13.549624,4.344741,4.134583,0.210158
2023-02-12,13.552361,4.348823,4.134049,0.214774
2023-02-13,13.555099,4.345557,4.133528,0.212029
2023-02-14,13.557837,4.349294,4.133020,0.216274
2023-02-15,13.560575,4.363824,4.132525,0.231299
2023-02-16,13.563313,4.398715,4.132043,0.266672
2023-02-17,13.566051,4.389800,4.131573,0.258227
2023-02-18,13.568789,4.399464,4.131117,0.268347
2023-02-19,13.571526,4.399795,4.130673,0.269122
2023-02-20,13.574264,4.400015,4.130243,0.269772
2023-02-21,13.577002,4.400633,4.129825,0.270807
2023-02-22,13.579740,4.390110,4.129421,0.260689
2023-02-23,13.582478,4.391975,4.129030,0.262945
2023-02-24,13.585216,4.383904,4.128652,0.255252
2023-02-25,13.587953,4.373814,4.128287,0.245527
2023-02-26,13.590691,4.377339,4.127935,0.249404
2023-02-27,13.593429,4.380263,4.127597,0.252666
2023-02-28,13.596167,4.379223,4.127272,0.251951
2023-03-01,13.598905,4.382832,4.126960,0.255872
2023-03-02,13.601643,4.380286,4.126662,0.253625
2023-03-03,13.604381,4.362479,4.126376,0.236103
2023-03-04,13.607118,4.360803,4.126105,0.234698
2023-03-05,13.609856,4.362912,4.125847,0.237066
2023-03-06,13.612594,4.362883,4.125602,0.237281
2023-03-07,13.615332,4.360933,4.125370,0.235562
2023-03-08,13.618070,4.355415,4.125153,0.230262
2023-03-09,13.620808,4.343448,4.124948,0.218499
2023-03-10,13.623546,4.314741,4.124758,0.189983
2023-03-11,13.626283,4.323954,4.124581,0.199374
2023-03-12,13.629021,4.332985,4.124417,0.208568
2023-03-13,13.631759,4.374070,4.124267,0.249803
2023-03-14,13.634497,4.404503,4.124131,0.280372
2023-03-15,13.637235,4.403006,4.124009,0.278997
2023-03-16,13.639973,4.403821,4.123900,0.279920
2023-03-17,13.642710,4.427852,4.123805,0.304047
2023-03-18,13.645448,4.444703,4.123724,0.320979
2023-03-19,13.648186,4.447047,4.123657,0.323390
2023-03-20,13.650924,4.453536,4.123603,0.329933
2023-03-21,13.653662,4.454589,4.123564,0.331025
2023-03-22,13.656400,4.455689,4.123538,0.332151
2023-03-23,13.659138,4.451598,4.123526,0.328072
2023-03-24,13.661875,4.454623,4.123528,0.331095
2023-03-25,13.664613,4.448066,4.123544,0.324522
2023-03-26,13.667351,4.451316,4.123574,0.327742
2023-03-27,13.670089,4.448630,4.123618,0.325012
2023-03-28,13.672827,4.441498,4.123676,0.317823
2023-03-29,13.675565,4.456910,4.123748,0.333162
2023-03-30,13.678303,4.460891,4.123833,0.337058
2023-03-31,13.681040,4.458891,4.123933,0.334957
2023-04-01,13.683778,4.462156,4.124048,0.338108
2023-04-02,13.686516,4.459664,4.124176,0.335488
2023-04-03,13.689254,4.455359,4.124318,0.331041
2023-04-04,13.691992,4.456133,4.124475,0.331659
2023-04-05,13.694730,4.460033,4.124645,0.335387
2023-04-06,13.697467,4.455784,4.124830,0.330954
2023-04-07,13.700205,4.455211,4.125029,0.330183
2023-04-08,13.702943,4.455929,4.125242,0.330687
2023-04-09,13.705681,4.456604,4.125469,0.331134
2023-04-10,13.708419,4.464270,4.125711,0.338559
2023-04-11,13.711157,4.485883,4.125967,0.359916
2023-04-12,13.713895,4.484732,4.126237,0.358495
2023-04-13,13.716632,4.487252,4.126521,0.360731
2023-04-14,13.719370,4.493594,4.126820,0.366774
2023-04-15,13.722108,4.492071,4.127133,0.364938
2023-04-16,13.724846,4.490967,4.127460,0.363507
2023-04-17,13.727584,4.479209,4.127802,0.351407
2023-04-18,13.730322,4.479464,4.128158,0.351306
2023-04-19,13.733060,4.472631,4.128528,0.344103
2023-04-20,13.735797,4.458350,4.128913,0.329437
2023-04-21,13.738535,4.447275,4.129312,0.317963
2023-04-22,13.741273,4.439216,4.129726,0.309491
2023-04-23,13.744011,4.442299,4.130154,0.312145
2023-04-24,13.746749,4.440242,4.130596,0.309646
2023-04-25,13.749487,4.440173,4.131053,0.309120
2023-04-26,13.752225,4.460423,4.131524,0.328899
2023-04-27,13.754962,4.465588,4.132009,0.333578
2023-04-28,13.757700,4.468082,4.132509,0.335573
2023-04-29,13.760438,4.467860,4.133024,0.334836
2023-04-30,13.763176,4.468316,4.133553,0.334763
2023-05-01,13.765914,4.454951,4.134096,0.320854
2023-05-02,13.768652,4.453109,4.134654,0.318455
2023-05-03,13.771389,4.457577,4.135226,0.322350
2023-05-04,13.774127,4.463329,4.135813,0.327516
2023-05-05,13.776865,4.467668,4.136415,0.331253
2023-05-06,13.779603,4.465793,4.137030,0.328763
2023-05-07,13.782341,4.462895,4.137661,0.325235
2023-05-08,13.785079,4.447989,4.138306,0.309684
2023-05-09,13.787817,4.441764,4.138965,0.302799
2023-05-10,13.790554,4.443543,4.139639,0.303904
2023-05-11,13.793292,4.436726,4.140327,0.296399
2023-05-12,13.796030,4.424256,4.141030,0.283226
2023-05-13,13.798768,4.429322,4.141747,0.287574
2023-05-14,13.801506,4.429934,4.142479,0.287455
2023-05-15,13.804244,4.437786,4.143226,0.294561
2023-05-16,13.806982,4.433917,4.143987,0.289931
2023-05-17,13.809719,4.432527,4.144762,0.287765
2023-05-18,13.812457,4.434961,4.145552,0.289409
2023-05-19,13.815195,4.430933,4.146357,0.284576
2023-05-20,13.817933,4.431961,4.147176,0.284785
2023-05-21,13.820671,4.432741,4.148009,0.284731
2023-05-22,13.823409,4.430589,4.148857,0.281731
2023-05-23,13.826146,4.436725,4.149720,0.287005
2023-05-24,13.828884,4.427176,4.150597,0.276580
2023-05-25,13.831622,4.422391,4.151488,0.270903
2023-05-26,13.834360,4.426856,4.152395,0.274462
2023-05-27,13.837098,4.429383,4.153315,0.276068
2023-05-28,13.839836,4.438560,4.154250,0.284310
2023-05-29,13.842574,4.446711,4.155200,0.291512
2023-05-30,13.845311,4.445389,4.156164,0.289225
2023-05-31,13.848049,4.436517,4.157142,0.279374
2023-06-01,13.850787,4.431626,4.158135,0.273491
2023-06-02,13.853525,4.433784,4.159143,0.274641
2023-06-03,13.856263,4.435263,4.160165,0.275099
2023-06-04,13.859001,4.435687,4.161201,0.274485
2023-06-05,13.861739,4.424772,4.162252,0.262520
2023-06-06,13.864476,4.419367,4.163317,0.256050
2023-06-07,13.867214,4.428785,4.164397,0.264387
2023-06-08,13.869952,4.425733,4.165491,0.260241
2023-06-09,13.872690,4.426398,4.166600,0.259798
2023-06-10,13.875428,4.416032,4.167723,0.248309
2023-06-11,13.878166,4.416436,4.168860,0.247576
2023-06-12,13.880903,4.416875,4.170012,0.246864
2023-06-13,13.883641,4.418303,4.171178,0.247125
2023-06-14,13.886379,4.415706,4.172358,0.243348
2023-06-15,13.889117,4.403969,4.173553,0.230416
2023-06-16,13.891855,4.414465,4.174762,0.239703
2023-06-17,13.894593,4.426300,4.175985,0.250314
2023-06-18,13.897331,4.428400,4.177223,0.251177
2023-06-19,13.900068,4.427665,4.178475,0.249190
2023-06-20,13.902806,4.437961,4.179741,0.258220
2023-06-21,13.905544,4.469366,4.181022,0.288344
2023-06-22,13.908282,4.480471,4.182316,0.298154
2023-06-23,13.911020,4.484009,4.183625,0.300384
2023-06-24,13.913758,4.487724,4.184949,0.302775
2023-06-25,13.916496,4.487359,4.186286,0.301073
2023-06-26,13.919233,4.483127,4.187638,0.295490
2023-06-27,13.921971,4.486675,4.189003,0.297672
2023-06-28,13.924709,4.484148,4.190383,0.293765
2023-06-29,13.927447,4.485210,4.191777,0.293433
2023-06-30,13.930185,4.486937,4.193185,0.293752
2023-07-01,13.932923,4.485783,4.194607,0.291176
2023-07-02,13.935661,4.486192,4.196044,0.290149
2023-07-03,13.938398,4.489810,4.197494,0.292316
2023-07-04,13.941136,4.492069,4.198958,0.293110
2023-07-05,13.943874,4.486997,4.200437,0.286561
2023-07-06,13.946612,4.486032,4.201929,0.284103
2023-07-07,13.949350,4.481716,4.203435,0.278281
2023-07-08,13.952088,4.482000,4.204955,0.277045
2023-07-09,13.954825,4.482715,4.206490,0.276225
2023-07-10,13.957563,4.482471,4.208038,0.274433
2023-07-11,13.960301,4.485692,4.209599,0.276092
2023-07-12,13.963039,4.486736,4.211175,0.275560
2023-07-13,13.965777,4.488455,4.212765,0.275690
2023-07-14,13.968515,4.491738,4.214368,0.277370
2023-07-15,13.971253,4.482896,4.215985,0.266910
2023-07-16,13.973990,4.482685,4.217616,0.265069
2023-07-17,13.976728,4.481277,4.219261,0.262016
2023-07-18,13.979466,4.478068,4.220919,0.257149
2023-07-19,13.982204,4.478541,4.222591,0.255950
2023-07-20,13.984942,4.478603,4.224277,0.254326
2023-07-21,13.987680,4.476937,4.225976,0.250962
2023-07-22,13.990418,4.477648,4.227689,0.249959
2023-07-23,13.993155,4.478549,4.229415,0.249134
2023-07-24,13.995893,4.471235,4.231155,0.240080
2023-07-25,13.998631,4.468094,4.232908,0.235186
2023-07-26,14.001369,4.469235,4.234675,0.234560
2023-07-27,14.004107,4.470107,4.236455,0.233652
2023-07-28,14.006845,4.468660,4.238249,0.230411
2023-07-29,14.009582,4.469528,4.240056,0.229472
2023-07-30,14.012320,4.469058,4.241876,0.227182
2023-07-31,14.015058,4.469729,4.243710,0.226018
2023-08-01,14.017796,4.465786,4.245557,0.220229
2023-08-02,14.020534,4.471450,4.247417,0.224033
2023-08-03,14.023272,4.468325,4.249291,0.219035
2023-08-04,14.026010,4.468229,4.251177,0.217052
2023-08-05,14.028747,4.466747,4.253077,0.213670
2023-08-06,14.031485,4.466787,4.254990,0.211797
2023-08-07,14.034223,4.467050,4.256916,0.210134
2023-08-08,14.036961,4.472501,4.258855,0.213646
2023-08-09,14.039699,4.475779,4.260807,0.214972
2023-08-10,14.042437,4.473036,4.262772,0.210264
2023-08-11,14.045175,4.471719,4.264750,0.206969
2023-08-12,14.047912,4.471829,4.266740,0.205089
2023-08-13,14.050650,4.471716,4.268744,0.202972
2023-08-14,14.053388,4.471711,4.270760,0.200951
2023-08-15,14.056126,4.471402,4.272790,0.198612
2023-08-16,14.058864,4.468570,4.274832,0.193738
2023-08-17,14.061602,4.455143,4.276886,0.178257
2023-08-18,14.064339,4.427020,4.278954,0.148066
2023-08-19,14.067077,4.422362,4.281033,0.141328
2023-08-20,14.069815,4.423639,4.283126,0.140513
2023-08-21,14.072553,4.422595,4.285231,0.137364
2023-08-22,14.075291,4.421060,4.287349,0.133712
2023-08-23,14.078029,4.424538,4.289479,0.135059
2023-08-24,14.080767,4.425743,4.291621,0.134122
2023-08-25,14.083504,4.421958,4.293776,0.128182
2023-08-26,14.086242,4.421781,4.295943,0.125838
2023-08-27,14.088980,4.422216,4.298122,0.124094
2023-08-28,14.091718,4.421749,4.300314,0.121435
2023-08-29,14.094456,4.432263,4.302517,0.129746
2023-08-30,14.097194,4.441796,4.304733,0.137062
2023-08-31,14.099932,4.434566,4.306961,0.127604
2023-09-01,14.102669,4.420126,4.309202,0.110924
2023-09-02,14.105407,4.418643,4.311454,0.107190
2023-09-03,14.108145,4.419727,4.313718,0.106009
2023-09-04,14.110883,4.419431,4.315994,0.103437
2023-09-05,14.113621,4.416917,4.318282,0.098635
2023-09-06,14.116359,4.416478,4.320581,0.095897
2023-09-07,14.119097,4.417972,4.322893,0.095079
2023-09-08,14.121834,4.420903,4.325216,0.095687
2023-09-09,14.124572,4.418367,4.327551,0.090816
2023-09-10,14.127310,4.417885,4.329897,0.087988
2023-09-11,14.130048,4.412964,4.332255,0.080709
2023-09-12,14.132786,4.419042,4.334625,0.084417
2023-09-13,14.135524,4.422353,4.337006,0.085347
2023-09-14,14.138261,4.427526,4.339399,0.088127
2023-09-15,14.140999,4.428511,4.341803,0.086709
2023-09-16,14.143737,4.429547,4.344218,0.085329
2023-09-17,14.146475,4.428993,4.346644,0.082348
2023-09-18,14.149213,4.434140,4.349082,0.085058
2023-09-19,14.151951,4.437175,4.351531,0.085645
2023-09-20,14.154689,4.438302,4.353991,0.084311
2023-09-21,14.157426,4.433005,4.356462,0.076544
2023-09-22,14.160164,4.430368,4.358944,0.071424
2023-09-23,14.162902,4.429784,4.361437,0.068347
2023-09-24,14.165640,4.429562,4.363941,0.065621
2023-09-25,14.168378,4.423601,4.366456,0.057146
2023-09-26,14.171116,4.424085,4.368981,0.055104
2023-09-27,14.173854,4.425236,4.371517,0.053719
2023-09-28,14.176591,4.431250,4.374064,0.057185
2023-09-29,14.179329,4.435322,4.376622,0.058700
2023-09-30,14.182067,4.435247,4.379190,0.056057
2023-10-01,14.184805,4.438125,4.381769,0.056356
2023-10-02,14.187543,4.451086,4.384358,0.066729
2023-10-03,14.190281,4.443351,4.386957,0.056394
2023-10-04,14.193018,4.443744,4.389567,0.054177
2023-10-05,14.195756,4.445649,4.392187,0.053462
2023-10-06,14.198494,4.446847,4.394817,0.052030
2023-10-07,14.201232,4.450331,4.397458,0.052873
2023-10-08,14.203970,4.450413,4.400108,0.050305
2023-10-09,14.206708,4.446611,4.402769,0.043842
2023-10-10,14.209446,4.444388,4.405439,0.038949
2023-10-11,14.212183,4.436366,4.408120,0.028247
2023-10-12,14.214921,4.432982,4.410810,0.022172
2023-10-13,14.217659,4.433911,4.413510,0.020401
2023-10-14,14.220397,4.434520,4.416220,0.018300
2023-10-15,14.223135,4.435505,4.418939,0.016566
2023-10-16,14.225873,4.450852,4.421668,0.029184
2023-10-17,14.228611,4.457676,4.424407,0.033269
2023-10-18,14.231348,4.458121,4.427154,0.030967
2023-10-19,14.234086,4.459441,4.429912,0.029529
2023-10-20,14.236824,4.472682,4.432679,0.040004
2023-10-21,14.239562,4.477610,4.435455,0.042156
2023-10-22,14.242300,4.479560,4.438240,0.041320
2023-10-23,14.245038,4.493355,4.441034,0.052321
2023-10-24,14.247775,4.534769,4.443838,0.090931
2023-10-25,14.250513,4.538170,4.446650,0.091521
2023-10-26,14.253251,4.538192,4.449471,0.088720
2023-10-27,14.255989,4.533806,4.452302,0.081504
2023-10-28,14.258727,4.535365,4.455141,0.080224
2023-10-29,14.261465,4.537713,4.457988,0.079725
2023-10-30,14.264203,4.539059,4.460845,0.078214
2023-10-31,14.266940,4.538571,4.463710,0.074861
2023-11-01,14.269678,4.541402,4.466584,0.074819
2023-11-02,14.272416,4.547918,4.469466,0.078452
2023-11-03,14.275154,4.540987,4.472356,0.068631
2023-11-04,14.277892,4.543441,4.475255,0.068187
2023-11-05,14.280630,4.545977,4.478162,0.067815
2023-11-06,14.283368,4.545203,4.481077,0.064126
2023-11-07,14.286105,4.545013,4.484000,0.061013
2023-11-08,14.288843,4.550232,4.486932,0.063301
2023-11-09,14.291581,4.564307,4.489871,0.074436
2023-11-10,14.294319,4.568786,4.492818,0.075968
2023-11-11,14.297057,4.571038,4.495773,0.075265
2023-11-12,14.299795,4.570913,4.498736,0.072176
2023-11-13,14.302533,4.568778,4.501707,0.067071
2023-11-14,14.305270,4.561341,4.504685,0.056656
2023-11-15,14.308008,4.561687,4.507670,0.054016
2023-11-16,14.310746,4.568914,4.510664,0.058251
2023-11-17,14.313484,4.563470,4.513664,0.049806
2023-11-18,14.316222,4.565272,4.516672,0.048600
2023-11-19,14.318960,4.566614,4.519687,0.046927
2023-11-20,14.321697,4.573897,4.522709,0.051188
2023-11-21,14.324435,4.572033,4.525738,0.046295
2023-11-22,14.327173,4.567776,4.528775,0.039002
2023-11-23,14.329911,4.574396,4.531818,0.042578
2023-11-24,14.332649,4.578550,4.534868,0.043682
2023-11-25,14.335387,4.579500,4.537925,0.041576
2023-11-26,14.338125,4.577562,4.540988,0.036574
2023-11-27,14.340862,4.572968,4.544058,0.028910
2023-11-28,14.343600,4.576521,4.547135,0.029386
2023-11-29,14.346338,4.581449,4.550218,0.031230
2023-11-30,14.349076,4.580275,4.553308,0.026967
2023-12-01,14.351814,4.587302,4.556404,0.030899
2023-12-02,14.354552,4.592385,4.559506,0.032880
2023-12-03,14.357290,4.598607,4.562614,0.035993
2023-12-04,14.360027,4.618699,4.565728,0.052971
2023-12-05,14.362765,4.629490,4.568849,0.060642
2023-12-06,14.365503,4.645975,4.571975,0.074000
2023-12-07,14.368241,4.641926,4.575107,0.066818
2023-12-08,14.370979,4.643091,4.578245,0.064846
2023-12-09,14.373717,4.646030,4.581388,0.064642
2023-12-10,14.376454,4.644511,4.584538,0.059973
2023-12-11,14.379192,4.625712,4.587692,0.038020
2023-12-12,14.381930,4.622184,4.590852,0.031332
2023-12-13,14.384668,4.623469,4.594018,0.029452
2023-12-14,14.387406,4.635440,4.597188,0.038252
2023-12-15,14.390144,4.631589,4.600364,0.031225
2023-12-16,14.392882,4.629403,4.603545,0.025858
2023-12-17,14.395619,4.625770,4.606731,0.019040
2023-12-18,14.398357,4.620941,4.609922,0.011019
2023-12-19,14.401095,4.633712,4.613117,0.020595
2023-12-20,14.403833,4.638935,4.616318,0.022617
2023-12-21,14.406571,4.643913,4.619523,0.024390
2023-12-22,14.409309,4.644503,4.622733,0.021770
2023-12-23,14.412047,4.643316,4.625947,0.017369
2023-12-24,14.414784,4.642682,4.629166,0.013517
2023-12-25,14.417522,4.640178,4.632388,0.007790
2023-12-26,14.420260,4.633547,4.635616,-0.002069
2023-12-27,14.422998,4.635329,4.638847,-0.003518
2023-12-28,14.425736,4.635737,4.642083,-0.006346
2023-12-29,14.428474,4.630719,4.645322,-0.014603
2023-12-30,14.431211,4.627855,4.648565,-0.020711
2023-12-31,14.433949,4.631303,4.651813,-0.020510
2024-01-01,14.436687,4.635134,4.655064,-0.019930
2024-01-02,14.439425,4.658750,4.658318,0.000432
2024-01-03,14.442163,4.646710,4.661576,-0.014866
2024-01-04,14.444901,4.643606,4.664838,-0.021232
2024-01-05,14.447639,4.645954,4.668103,-0.022149
2024-01-06,14.450376,4.646805,4.671371,-0.024566
2024-01-07,14.453114,4.649275,4.674643,-0.025368
2024-01-08,14.455852,4.657402,4.677917,-0.020515
2024-01-09,14.458590,4.673749,4.681195,-0.007446
2024-01-10,14.461328,4.665745,4.684475,-0.018730
2024-01-11,14.464066,4.672398,4.687759,-0.015361
2024-01-12,14.466804,4.658086,4.691045,-0.032959
2024-01-13,14.469541,4.636765,4.694334,-0.057569
2024-01-14,14.472279,4.636018,4.697625,-0.061607
2024-01-15,14.475017,4.633439,4.700919,-0.067480
2024-01-16,14.477755,4.636636,4.704215,-0.067580
2024-01-17,14.480493,4.634462,4.707514,-0.073052
2024-01-18,14.483231,4.629297,4.710815,-0.081518
2024-01-19,14.485969,4.620084,4.714118,-0.094034
2024-01-20,14.488706,4.623192,4.717422,-0.094230
2024-01-21,14.491444,4.624716,4.720729,-0.096013
2024-01-22,14.494182,4.615109,4.724038,-0.108929
2024-01-23,14.496920,4.602819,4.727349,-0.124529
2024-01-24,14.499658,4.607582,4.730661,-0.123078
2024-01-25,14.502396,4.607613,4.733974,-0.126361
2024-01-26,14.505133,4.616430,4.737290,-0.120860
2024-01-27,14.507871,4.625496,4.740606,-0.115110
2024-01-28,14.510609,4.629699,4.743924,-0.114224
2024-01-29,14.513347,4.631810,4.747243,-0.115433
2024-01-30,14.516085,4.641375,4.750563,-0.109188
2024-01-31,14.518823,4.636443,4.753884,-0.117441
2024-02-01,14.521561,4.632405,4.757206,-0.124802
2024-02-02,14.524298,4.637818,4.760529,-0.122712
2024-02-03,14.527036,4.638192,4.763853,-0.125661
2024-02-04,14.529774,4.635851,4.767177,-0.131326
2024-02-05,14.532512,4.635066,4.770502,-0.135436
2024-02-06,14.535250,4.636831,4.773827,-0.136996
2024-02-07,14.537988,4.640520,4.777153,-0.136633
2024-02-08,14.540726,4.655609,4.780479,-0.124870
2024-02-09,14.543463,4.673078,4.783805,-0.110727
2024-02-10,14.546201,4.678156,4.787131,-0.108975
2024-02-11,14.548939,4.684602,4.790457,-0.105855
2024-02-12,14.551677,4.690000,4.793783,-0.103783
2024-02-13,14.554415,4.696707,4.797108,-0.100401
2024-02-14,14.557153,4.707469,4.800434,-0.092965
2024-02-15,14.559890,4.716894,4.803759,-0.086865
2024-02-16,14.562628,4.716479,4.807083,-0.090604
2024-02-17,14.565366,4.712603,4.810407,-0.097804
2024-02-18,14.568104,4.714135,4.813730,-0.099595
2024-02-19,14.570842,4.717179,4.817052,-0.099873
2024-02-20,14.573580,4.714986,4.820374,-0.105388
2024-02-21,14.576318,4.711967,4.823694,-0.111727
2024-02-22,14.579055,4.712830,4.827013,-0.114183
2024-02-23,14.581793,4.708966,4.830331,-0.121366
2024-02-24,14.584531,4.710095,4.833648,-0.123553
2024-02-25,14.587269,4.713908,4.836964,-0.123055
2024-02-26,14.590007,4.720396,4.840278,-0.119882
2024-02-27,14.592745,4.752053,4.843590,-0.091537
2024-02-28,14.595483,4.773504,4.846901,-0.073397
2024-02-29,14.598220,4.792903,4.850210,-0.057307
2024-03-01,14.600958,4.791731,4.853517,-0.061786
2024-03-02,14.603696,4.792644,4.856822,-0.064177
2024-03-03,14.606434,4.795486,4.860124,-0.064638
2024-03-04,14.609172,4.816018,4.863425,-0.047407
2024-03-05,14.611910,4.820673,4.866724,-0.046051
2024-03-06,14.614648,4.819407,4.870020,-0.050613
2024-03-07,14.617385,4.825159,4.873314,-0.048154
2024-03-08,14.620123,4.831535,4.876605,-0.045069
2024-03-09,14.622861,4.835284,4.879893,-0.044609
2024-03-10,14.625599,4.841610,4.883179,-0.041568
2024-03-11,14.628337,4.851874,4.886461,-0.034587
2024-03-12,14.631075,4.856025,4.889741,-0.033716
2024-03-13,14.633812,4.862655,4.893018,-0.030363
2024-03-14,14.636550,4.859266,4.896292,-0.037025
2024-03-15,14.639288,4.837330,4.899562,-0.062232
2024-03-16,14.642026,4.835523,4.902829,-0.067306
2024-03-17,14.644764,4.828119,4.906092,-0.077973
2024-03-18,14.647502,4.832897,4.909352,-0.076455
2024-03-19,14.650240,4.810902,4.912608,-0.101706
2024-03-20,14.652977,4.807361,4.915861,-0.108500
2024-03-21,14.655715,4.825496,4.919109,-0.093613
2024-03-22,14.658453,4.811459,4.922354,-0.110895
2024-03-23,14.661191,4.811736,4.925594,-0.113858
2024-03-24,14.663929,4.816434,4.928831,-0.112397
2024-03-25,14.666667,4.836539,4.932063,-0.095524
2024-03-26,14.669405,4.848171,4.935291,-0.087120
2024-03-27,14.672142,4.844698,4.938514,-0.093816
2024-03-28,14.674880,4.848853,4.941732,-0.092879
2024-03-29,14.677618,4.846118,4.944946,-0.098829
2024-03-30,14.680356,4.846266,4.948156,-0.101890
2024-03-31,14.683094,4.849176,4.951360,-0.102183
2024-04-01,14.685832,4.844378,4.954559,-0.110181
2024-04-02,14.688569,4.823386,4.957754,-0.134368
2024-04-03,14.691307,4.821756,4.960943,-0.139186
2024-04-04,14.694045,4.827544,4.964126,-0.136582
2024-04-05,14.696783,4.831170,4.967305,-0.136135
2024-04-06,14.699521,4.834677,4.970478,-0.135801
2024-04-07,14.702259,4.842765,4.973645,-0.130880
2024-04-08,14.704997,4.853473,4.976807,-0.123333
2024-04-09,14.707734,4.846918,4.979963,-0.133045
2024-04-10,14.710472,4.841742,4.983113,-0.141371
2024-04-11,14.713210,4.849231,4.986257,-0.137026
2024-04-12,14.715948,4.842378,4.989395,-0.147016
2024-04-13,14.718686,4.825029,4.992526,-0.167497
2024-04-14,14.721424,4.811616,4.995652,-0.184035
2024-04-15,14.724162,4.816945,4.998771,-0.181826
2024-04-16,14.726899,4.804130,5.001883,-0.197753
2024-04-17,14.729637,4.799421,5.004989,-0.205568
2024-04-18,14.732375,4.799677,5.008088,-0.208411
2024-04-19,14.735113,4.809049,5.011181,-0.202132
2024-04-20,14.737851,4.811671,5.014266,-0.202595
2024-04-21,14.740589,4.816137,5.017345,-0.201208
2024-04-22,14.743326,4.823224,5.020416,-0.197192
2024-04-23,14.746064,4.826190,5.023480,-0.197290
2024-04-24,14.748802,4.820426,5.026537,-0.206111
2024-04-25,14.751540,4.811634,5.029586,-0.217953
2024-04-26,14.754278,4.811830,5.032628,-0.220798
2024-04-27,14.757016,4.804779,5.035663,-0.230884
2024-04-28,14.759754,4.807841,5.038689,-0.230848
2024-04-29,14.762491,4.802804,5.041708,-0.238904
2024-04-30,14.765229,4.796721,5.044719,-0.247998
2024-05-01,14.767967,4.772782,5.047722,-0.274940
2024-05-02,14.770705,4.772025,5.050716,-0.278691
2024-05-03,14.773443,4.787305,5.053703,-0.266398
2024-05-04,14.776181,4.806262,5.056681,-0.250419
2024-05-05,14.778919,4.808300,5.059651,-0.251350
2024-05-06,14.781656,4.808823,5.062612,-0.253789
2024-05-07,14.784394,4.805932,5.065564,-0.259632
2024-05-08,14.787132,4.797416,5.068508,-0.271092
2024-05-09,14.789870,4.795119,5.071443,-0.276324
2024-05-10,14.792608,4.797090,5.074369,-0.277278
2024-05-11,14.795346,4.789826,5.077286,-0.287460
2024-05-12,14.798084,4.792166,5.080194,-0.288028
2024-05-13,14.800821,4.798986,5.083092,-0.284106
2024-05-14,14.803559,4.796090,5.085982,-0.289892
2024-05-15,14.806297,4.808229,5.088861,-0.280633
2024-05-16,14.809035,4.821171,5.091732,-0.270560
2024-05-17,14.811773,4.824568,5.094592,-0.270024
2024-05-18,14.814511,4.828450,5.097443,-0.268993
2024-05-19,14.817248,4.828130,5.100284,-0.272154
2024-05-20,14.819986,4.833816,5.103115,-0.269299
2024-05-21,14.822724,4.849818,5.105936,-0.256118
2024-05-22,14.825462,4.845225,5.108747,-0.263523
2024-05-23,14.828200,4.837861,5.111548,-0.273687
2024-05-24,14.830938,4.834880,5.114338,-0.279458
2024-05-25,14.833676,4.841694,5.117118,-0.275424
2024-05-26,14.836413,4.841807,5.119887,-0.278081
2024-05-27,14.839151,4.843217,5.122646,-0.279429
2024-05-28,14.841889,4.837863,5.125394,-0.287531
2024-05-29,14.844627,4.835698,5.128131,-0.292433
2024-05-30,14.847365,4.837704,5.130857,-0.293153
2024-05-31,14.850103,4.836505,5.133572,-0.297068
2024-06-01,14.852841,4.835475,5.136276,-0.300801
2024-06-02,14.855578,4.836185,5.138969,-0.302784
2024-06-03,14.858316,4.842572,5.141650,-0.299078
2024-06-04,14.861054,4.846718,5.144320,-0.297602
2024-06-05,14.863792,4.854441,5.146978,-0.292537
2024-06-06,14.866530,4.854951,5.149625,-0.294674
2024-06-07,14.869268,4.852401,5.152260,-0.299859
2024-06-08,14.872005,4.848071,5.154883,-0.306811
2024-06-09,14.874743,4.848459,5.157494,-0.309035
2024-06-10,14.877481,4.848922,5.160093,-0.311171
2024-06-11,14.880219,4.836933,5.162680,-0.325748
2024-06-12,14.882957,4.841123,5.165255,-0.324131
2024-06-13,14.885695,4.836914,5.167817,-0.330904
2024-06-14,14.888433,4.830929,5.170367,-0.339439
2024-06-15,14.891170,4.828576,5.172905,-0.344328
2024-06-16,14.893908,4.830626,5.175429,-0.344803
2024-06-17,14.896646,4.827850,5.177941,-0.350091
2024-06-18,14.899384,4.821108,5.180441,-0.359333
2024-06-19,14.902122,4.819595,5.182927,-0.363332
2024-06-20,14.904860,4.817840,5.185400,-0.367560
2024-06-21,14.907598,4.810342,5.187860,-0.377519
2024-06-22,14.910335,4.813352,5.190307,-0.376955
2024-06-23,14.913073,4.813014,5.192741,-0.379727
2024-06-24,14.915811,4.792801,5.195161,-0.402360
2024-06-25,14.918549,4.792003,5.197568,-0.405565
2024-06-26,14.921287,4.792637,5.199961,-0.407324
2024-06-27,14.924025,4.791630,5.202340,-0.410711
2024-06-28,14.926762,4.789821,5.204706,-0.414885
2024-06-29,14.929500,4.788237,5.207057,-0.418820
2024-06-30,14.932238,4.792340,5.209395,-0.417055
2024-07-01,14.934976,4.802573,5.211719,-0.409146
2024-07-02,14.937714,4.798214,5.214028,-0.415815
2024-07-03,14.940452,4.784544,5.216323,-0.431780
2024-07-04,14.943190,4.767841,5.218604,-0.450763
2024-07-05,14.945927,4.748934,5.220871,-0.471937
2024-07-06,14.948665,4.760325,5.223122,-0.462798
2024-07-07,14.951403,4.760624,5.225359,-0.464736
2024-07-08,14.954141,4.752910,5.227582,-0.474672
2024-07-09,14.956879,4.761944,5.229789,-0.467845
2024-07-10,14.959617,4.767174,5.231982,-0.464808
2024-07-11,14.962355,4.766480,5.234159,-0.467680
2024-07-12,14.965092,4.763157,5.236322,-0.473164
2024-07-13,14.967830,4.769650,5.238469,-0.468819
2024-07-14,14.970568,4.781711,5.240601,-0.458890
2024-07-15,14.973306,4.801915,5.242717,-0.440803
2024-07-16,14.976044,4.809591,5.244818,-0.435228
2024-07-17,14.978782,4.814533,5.246904,-0.432371
2024-07-18,14.981520,4.810835,5.248973,-0.438138
2024-07-19,14.984257,4.816831,5.251027,-0.434196
2024-07-20,14.986995,4.827256,5.253065,-0.425809
2024-07-21,14.989733,4.829328,5.255087,-0.425759
2024-07-22,14.992471,4.831804,5.257093,-0.425289
2024-07-23,14.995209,4.826065,5.259083,-0.433019
2024-07-24,14.997947,4.821575,5.261057,-0.439482
2024-07-25,15.000684,4.813765,5.263014,-0.449249
2024-07-26,15.003422,4.829760,5.264955,-0.435195
2024-07-27,15.006160,4.835643,5.266880,-0.431236
2024-07-28,15.008898,4.833967,5.268787,-0.434820
2024-07-29,15.011636,4.837446,5.270678,-0.433233
2024-07-30,15.014374,4.823616,5.272553,-0.448937
2024-07-31,15.017112,4.821740,5.274410,-0.452670
2024-08-01,15.019849,4.809431,5.276251,-0.466820
2024-08-02,15.022587,4.806770,5.278074,-0.471304
2024-08-03,15.025325,4.789884,5.279880,-0.489996
2024-08-04,15.028063,4.780591,5.281669,-0.501078
2024-08-05,15.030801,4.734238,5.283441,-0.549203
2024-08-06,15.033539,4.750568,5.285196,-0.534628
2024-08-07,15.036277,4.753959,5.286932,-0.532973
2024-08-08,15.039014,4.768835,5.288652,-0.519817
2024-08-09,15.041752,4.785229,5.290353,-0.505124
2024-08-10,15.044490,4.786552,5.292037,-0.505485
2024-08-11,15.047228,4.782532,5.293703,-0.511172
2024-08-12,15.049966,4.773296,5.295351,-0.522055
2024-08-13,15.052704,4.779717,5.296981,-0.517264
2024-08-14,15.055441,4.781320,5.298593,-0.517273
2024-08-15,15.058179,4.768827,5.300187,-0.531360
2024-08-16,15.060917,4.769532,5.301763,-0.532231
2024-08-17,15.063655,4.775642,5.303320,-0.527678
2024-08-18,15.066393,4.778403,5.304859,-0.526456
2024-08-19,15.069131,4.770886,5.306379,-0.535493
2024-08-20,15.071869,4.780118,5.307880,-0.527763
2024-08-21,15.074606,4.781005,5.309363,-0.528359
2024-08-22,15.077344,4.784437,5.310827,-0.526390
2024-08-23,15.080082,4.793886,5.312273,-0.518387
2024-08-24,15.082820,4.807834,5.313699,-0.505865
2024-08-25,15.085558,4.808899,5.315106,-0.506207
2024-08-26,15.088296,4.805194,5.316494,-0.511301
2024-08-27,15.091034,4.795582,5.317863,-0.522282
2024-08-28,15.093771,4.774682,5.319213,-0.544531
2024-08-29,15.096509,4.778774,5.320543,-0.541769
2024-08-30,15.099247,4.773332,5.321854,-0.548522
2024-08-31,15.101985,4.774883,5.323146,-0.548262
2024-09-01,15.104723,4.767863,5.324417,-0.556555
2024-09-02,15.107461,4.768959,5.325669,-0.556710
2024-09-03,15.110198,4.769830,5.326902,-0.557072
2024-09-04,15.112936,4.759830,5.328114,-0.568285
2024-09-05,15.115674,4.757153,5.329307,-0.572154
2024-09-06,15.118412,4.744422,5.330479,-0.586058
2024-09-07,15.121150,4.739088,5.331632,-0.592544
2024-09-08,15.123888,4.740259,5.332764,-0.592505
2024-09-09,15.126626,4.749440,5.333876,-0.584436
2024-09-10,15.129363,4.759442,5.334968,-0.575525
2024-09-11,15.132101,4.758542,5.336039,-0.577497
2024-09-12,15.134839,4.767072,5.337090,-0.570018
2024-09-13,15.137577,4.773281,5.338120,-0.564839
2024-09-14,15.140315,4.781257,5.339130,-0.557873
2024-09-15,15.143053,4.780020,5.340119,-0.560099
2024-09-16,15.145791,4.768632,5.341087,-0.572455
2024-09-17,15.148528,4.777484,5.342034,-0.564550
2024-09-18,15.151266,4.782063,5.342961,-0.560898
2024-09-19,15.154004,4.799226,5.343866,-0.544640
2024-09-20,15.156742,4.803180,5.344751,-0.541570
2024-09-21,15.159480,4.802241,5.345614,-0.543373
2024-09-22,15.162218,4.801351,5.346456,-0.545104
2024-09-23,15.164956,4.804610,5.347276,-0.542667
2024-09-24,15.167693,4.804439,5.348076,-0.543636
2024-09-25,15.170431,4.806027,5.348853,-0.542826
2024-09-26,15.173169,4.809689,5.349610,-0.539921
2024-09-27,15.175907,4.818277,5.350344,-0.532067
2024-09-28,15.178645,4.819476,5.351057,-0.531582
2024-09-29,15.181383,4.819180,5.351749,-0.532568
2024-09-30,15.184120,4.807500,5.352418,-0.544918
2024-10-01,15.186858,4.798103,5.353066,-0.554962
2024-10-02,15.189596,4.788399,5.353691,-0.565293
2024-10-03,15.192334,4.784896,5.354295,-0.569399
2024-10-04,15.195072,4.791039,5.354876,-0.563837
2024-10-05,15.197810,4.794370,5.355436,-0.561065
2024-10-06,15.200548,4.795816,5.355973,-0.560156
2024-10-07,15.203285,4.802982,5.356488,-0.553506
2024-10-08,15.206023,4.796351,5.356980,-0.560629
2024-10-09,15.208761,4.792025,5.357450,-0.565425
2024-10-10,15.211499,4.783087,5.357897,-0.574810
2024-10-11,15.214237,4.790608,5.358322,-0.567714
2024-10-12,15.216975,4.800094,5.358725,-0.558631
2024-10-13,15.219713,4.798720,5.359104,-0.560384
2024-10-14,15.222450,4.813049,5.359461,-0.546412
2024-10-15,15.225188,4.821098,5.359795,-0.538697
2024-10-16,15.227926,4.829976,5.360106,-0.530130
2024-10-17,15.230664,4.828159,5.360394,-0.532236
2024-10-18,15.233402,4.833845,5.360659,-0.526814
2024-10-19,15.236140,4.834604,5.360901,-0.526297
2024-10-20,15.238877,4.835854,5.361120,-0.525266
2024-10-21,15.241615,4.833630,5.361316,-0.527686
2024-10-22,15.244353,4.828299,5.361488,-0.533189
2024-10-23,15.247091,4.823505,5.361637,-0.538132
2024-10-24,15.249829,4.829595,5.361762,-0.532167
2024-10-25,15.252567,4.830316,5.361864,-0.531549
2024-10-26,15.255305,4.826369,5.361943,-0.535574
2024-10-27,15.258042,4.829221,5.361998,-0.532777
2024-10-28,15.260780,4.837071,5.362029,-0.524958
2024-10-29,15.263518,4.855116,5.362037,-0.506921
2024-10-30,15.266256,4.858807,5.362021,-0.503213
2024-10-31,15.268994,4.853735,5.361981,-0.508246
2024-11-01,15.271732,4.843327,5.361917,-0.518590
2024-11-02,15.274470,4.842370,5.361829,-0.519458
2024-11-03,15.277207,4.835744,5.361717,-0.525973
2024-11-04,15.279945,4.835412,5.361581,-0.526169
2024-11-05,15.282683,4.839218,5.361421,-0.522203
2024-11-06,15.285421,4.870557,5.361237,-0.490680
2024-11-07,15.288159,4.877665,5.361028,-0.483364
2024-11-08,15.290897,4.882194,5.360795,-0.478601
2024-11-09,15.293634,4.883418,5.360538,-0.477121
2024-11-10,15.296372,4.898739,5.360257,-0.461518
2024-11-11,15.299110,4.920803,5.359951,-0.439148
2024-11-12,15.301848,4.944701,5.359620,-0.414919
2024-11-13,15.304586,4.949498,5.359265,-0.409767
2024-11-14,15.307324,4.952599,5.358886,-0.406287
2024-11-15,15.310062,4.950540,5.358481,-0.407941
2024-11-16,15.312799,4.958475,5.358052,-0.399578
2024-11-17,15.315537,4.955734,5.357598,-0.401864
2024-11-18,15.318275,4.958677,5.357120,-0.398442
2024-11-19,15.321013,4.963898,5.356616,-0.392718
2024-11-20,15.323751,4.970410,5.356088,-0.385677
2024-11-21,15.326489,4.987272,5.355534,-0.368262
2024-11-22,15.329227,4.994120,5.354956,-0.360836
2024-11-23,15.331964,4.991900,5.354352,-0.362453
2024-11-24,15.334702,4.988369,5.353723,-0.365355
2024-11-25,15.337440,4.984404,5.353070,-0.368666
2024-11-26,15.340178,4.969366,5.352391,-0.383025
2024-11-27,15.342916,4.974780,5.351686,-0.376906
2024-11-28,15.345654,4.979798,5.350957,-0.371159
2024-11-29,15.348392,4.985185,5.350201,-0.365016
2024-11-30,15.351129,4.983456,5.349421,-0.365965
2024-12-01,15.353867,4.985308,5.348615,-0.363308
2024-12-02,15.356605,4.982378,5.347784,-0.365406
2024-12-03,15.359343,4.979780,5.346927,-0.367147
2024-12-04,15.362081,4.984635,5.346044,-0.361409
2024-12-05,15.364819,5.004127,5.345136,-0.341010
2024-12-06,15.367556,4.995806,5.344202,-0.348396
2024-12-07,15.370294,4.999392,5.343243,-0.343851
2024-12-08,15.373032,4.999547,5.342257,-0.342711
2024-12-09,15.375770,4.993083,5.341246,-0.348164
2024-12-10,15.378508,4.986598,5.340209,-0.353611
2024-12-11,15.381246,4.995029,5.339147,-0.344117
2024-12-12,15.383984,5.003761,5.338058,-0.334297
2024-12-13,15.386721,5.001955,5.336943,-0.334988
2024-12-14,15.389459,5.006481,5.335802,-0.329321
2024-12-15,15.392197,5.011419,5.334636,-0.323216
2024-12-16,15.394935,5.022710,5.333443,-0.310732
2024-12-17,15.397673,5.027459,5.332224,-0.304764
2024-12-18,15.400411,5.015652,5.330979,-0.315327
2024-12-19,15.403149,5.000403,5.329707,-0.329304
2024-12-20,15.405886,4.987055,5.328410,-0.341355
2024-12-21,15.408624,4.990408,5.327086,-0.336678
2024-12-22,15.411362,4.983504,5.325736,-0.342232
2024-12-23,15.414100,4.976798,5.324359,-0.347562
2024-12-24,15.416838,4.984013,5.322956,-0.338943
2024-12-25,15.419576,4.993392,5.321527,-0.328135
2024-12-26,15.422313,4.986079,5.320071,-0.333992
2024-12-27,15.425051,4.981091,5.318589,-0.337498
2024-12-28,15.427789,4.977154,5.317081,-0.339927
2024-12-29,15.430527,4.975982,5.315545,-0.339563
2024-12-30,15.433265,4.970569,5.313984,-0.343415
2024-12-31,15.436003,4.972088,5.312395,-0.340307
2025-01-01,15.438741,4.972889,5.310780,-0.337891
2025-01-02,15.441478,4.983714,5.309139,-0.325425
2025-01-03,15.444216,4.988624,5.307470,-0.318846
2025-01-04,15.446954,4.991604,5.305775,-0.314171
2025-01-05,15.449692,4.991847,5.304053,-0.312206
2025-01-06,15.452430,5.000903,5.302305,-0.301402
2025-01-07,15.455168,4.998028,5.300529,-0.302501
2025-01-08,15.457906,4.979428,5.298727,-0.319299
2025-01-09,15.460643,4.970276,5.296898,-0.326621
2025-01-10,15.463381,4.974303,5.295042,-0.320738
2025-01-11,15.466119,4.975300,5.293159,-0.317859
2025-01-12,15.468857,4.976019,5.291249,-0.315230
2025-01-13,15.471595,4.968429,5.289312,-0.320883
2025-01-14,15.474333,4.982274,5.287349,-0.305075
2025-01-15,15.477070,4.991894,5.285358,-0.293464
2025-01-16,15.479808,4.996959,5.283340,-0.286381
2025-01-17,15.482546,5.012255,5.281295,-0.269040
2025-01-18,15.485284,5.016250,5.279223,-0.262973
2025-01-19,15.488022,5.019617,5.277124,-0.257507
2025-01-20,15.490760,5.020855,5.274998,-0.254142
2025-01-21,15.493498,5.016707,5.272844,-0.256137
2025-01-22,15.496235,5.020987,5.270664,-0.249677
2025-01-23,15.498973,5.014790,5.268456,-0.253666
2025-01-24,15.501711,5.021671,5.266221,-0.244551
2025-01-25,15.504449,5.020123,5.263959,-0.243837
2025-01-26,15.507187,5.020622,5.261670,-0.241048
2025-01-27,15.509925,5.001803,5.259354,-0.257550
2025-01-28,15.512663,5.010974,5.257010,-0.246036
2025-01-29,15.515400,5.011177,5.254639,-0.243462
2025-01-30,15.518138,5.022044,5.252240,-0.230196
2025-01-31,15.520876,5.017475,5.249814,-0.232340
2025-02-01,15.523614,5.009057,5.247361,-0.238304
2025-02-02,15.526352,4.998696,5.244881,-0.246185
2025-02-03,15.529090,4.987400,5.242373,-0.254973
2025-02-04,15.531828,4.999055,5.239838,-0.240783
2025-02-05,15.534565,4.991455,5.237275,-0.245820
2025-02-06,15.537303,4.990541,5.234686,-0.244145
2025-02-07,15.540041,4.989316,5.232068,-0.242752
2025-02-08,15.542779,4.984918,5.229423,-0.244505
2025-02-09,15.545517,4.985051,5.226751,-0.241700
2025-02-10,15.548255,4.988757,5.224052,-0.235295
2025-02-11,15.550992,4.986814,5.221325,-0.234511
2025-02-12,15.553730,4.983761,5.218570,-0.234809
2025-02-13,15.556468,4.985044,5.215788,-0.230744
2025-02-14,15.559206,4.987984,5.212978,-0.224995
2025-02-15,15.561944,4.990126,5.210141,-0.220016
2025-02-16,15.564682,4.988547,5.207277,-0.218730
2025-02-17,15.567420,4.983745,5.204385,-0.220640
2025-02-18,15.570157,4.979701,5.201466,-0.221765
2025-02-19,15.572895,4.982923,5.198519,-0.215595
2025-02-20,15.575633,4.989551,5.195544,-0.205993
2025-02-21,15.578371,4.990885,5.192542,-0.201657
2025-02-22,15.581109,4.985375,5.189512,-0.204138
2025-02-23,15.583847,4.983567,5.186455,-0.202889
2025-02-24,15.586585,4.977384,5.183371,-0.205986
2025-02-25,15.589322,4.953561,5.180259,-0.226697
2025-02-26,15.592060,4.940768,5.177119,-0.236351
2025-02-27,15.594798,4.932148,5.173952,-0.241803
2025-02-28,15.597536,4.914327,5.170757,-0.256430
2025-03-01,15.600274,4.931639,5.167535,-0.235896
2025-03-02,15.603012,4.947976,5.164285,-0.216309
2025-03-03,15.605749,4.958694,5.161008,-0.202313
2025-03-04,15.608487,4.929861,5.157703,-0.227842
2025-03-05,15.611225,4.949573,5.154370,-0.204797
2025-03-06,15.613963,4.958417,5.151011,-0.192594
2025-03-07,15.616701,4.946021,5.147623,-0.201602
2025-03-08,15.619439,4.937695,5.144208,-0.206513
2025-03-09,15.622177,4.928638,5.140766,-0.212128
2025-03-10,15.624914,4.910478,5.137296,-0.226818
2025-03-11,15.627652,4.910447,5.133798,-0.223351
2025-03-12,15.630390,4.918639,5.130273,-0.211634
2025-03-13,15.633128,4.917427,5.126721,-0.209294
2025-03-14,15.635866,4.922447,5.123141,-0.200694
2025-03-15,15.638604,4.927263,5.119533,-0.192270
2025-03-16,15.641342,4.924055,5.115898,-0.191843
2025-03-17,15.644079,4.923805,5.112236,-0.188431
2025-03-18,15.646817,4.918697,5.108546,-0.189850
2025-03-19,15.649555,4.926103,5.104829,-0.178725
2025-03-20,15.652293,4.932533,5.101084,-0.168551
2025-03-21,15.655031,4.926852,5.097312,-0.170460
2025-03-22,15.657769,4.926938,5.093513,-0.166575
2025-03-23,15.660507,4.929190,5.089686,-0.160496
2025-03-24,15.663244,4.942754,5.085831,-0.143078
2025-03-25,15.665982,4.942892,5.081950,-0.139057
2025-03-26,15.668720,4.942829,5.078040,-0.135211
2025-03-27,15.671458,4.942063,5.074104,-0.132041
2025-03-28,15.674196,4.932014,5.070140,-0.138126
2025-03-29,15.676934,4.921539,5.066149,-0.144610
2025-03-30,15.679671,4.920119,5.062131,-0.142012
2025-03-31,15.682409,4.917475,5.058085,-0.140610
2025-04-01,15.685147,4.926101,5.054012,-0.127911
2025-04-02,15.687885,4.932312,5.049912,-0.117600
2025-04-03,15.690623,4.918754,5.045785,-0.127031
2025-04-04,15.693361,4.922385,5.041630,-0.119245
2025-04-05,15.696099,4.921384,5.037448,-0.116065
2025-04-06,15.698836,4.912008,5.033239,-0.121231
2025-04-07,15.701574,4.892374,5.029003,-0.136629
2025-04-08,15.704312,4.898151,5.024740,-0.126588
2025-04-09,15.707050,4.896773,5.020449,-0.123677
2025-04-10,15.709788,4.910256,5.016132,-0.105876
2025-04-11,15.712526,4.915233,5.011787,-0.096554
2025-04-12,15.715264,4.926175,5.007415,-0.081241
2025-04-13,15.718001,4.927975,5.003017,-0.075042
2025-04-14,15.720739,4.928984,4.998591,-0.069607
2025-04-15,15.723477,4.931888,4.994138,-0.062250
2025-04-16,15.726215,4.926211,4.989659,-0.063448
2025-04-17,15.728953,4.928816,4.985152,-0.056336
2025-04-18,15.731691,4.928908,4.980619,-0.051711
2025-04-19,15.734428,4.931183,4.976058,-0.044875
2025-04-20,15.737166,4.929915,4.971471,-0.041556
2025-04-21,15.739904,4.941886,4.966857,-0.024971
2025-04-22,15.742642,4.954379,4.962216,-0.007837
2025-04-23,15.745380,4.972793,4.957549,0.015244
2025-04-24,15.748118,4.970139,4.952854,0.017285
2025-04-25,15.750856,4.975749,4.948133,0.027615
2025-04-26,15.753593,4.977151,4.943385,0.033766
2025-04-27,15.756331,4.975698,4.938611,0.037087
2025-04-28,15.759069,4.976478,4.933810,0.042668
2025-04-29,15.761807,4.978832,4.928982,0.049850
2025-04-30,15.764545,4.977285,4.924128,0.053156
2025-05-01,15.767283,4.983300,4.919247,0.064053
2025-05-02,15.770021,4.987968,4.914340,0.073627
2025-05-03,15.772758,4.985636,4.909407,0.076230
2025-05-04,15.775496,4.982785,4.904447,0.078339
2025-05-05,15.778234,4.977051,4.899460,0.077591
2025-05-06,15.780972,4.977651,4.894447,0.083204
2025-05-07,15.783710,4.987391,4.889408,0.097983
2025-05-08,15.786448,5.001272,4.884343,0.116929
2025-05-09,15.789185,5.014513,4.879251,0.135261
2025-05-10,15.791923,5.016017,4.874133,0.141884
2025-05-11,15.794661,5.018849,4.868989,0.149860
2025-05-12,15.797399,5.014648,4.863819,0.150829
2025-05-13,15.800137,5.015307,4.858623,0.156684
2025-05-14,15.802875,5.016391,4.853400,0.162991
2025-05-15,15.805613,5.013576,4.848152,0.165424
2025-05-16,15.808350,5.017736,4.842878,0.174858
2025-05-17,15.811088,5.015365,4.837578,0.177788
2025-05-18,15.813826,5.019007,4.832251,0.186756
2025-05-19,15.816564,5.018911,4.826899,0.192012
2025-05-20,15.819302,5.024819,4.821522,0.203298
2025-05-21,15.822040,5.032541,4.816118,0.216423
2025-05-22,15.824778,5.045025,4.810689,0.234336
2025-05-23,15.827515,5.041422,4.805234,0.236188
2025-05-24,15.830253,5.036909,4.799753,0.237156
2025-05-25,15.832991,5.033725,4.794247,0.239477
2025-05-26,15.835729,5.040787,4.788715,0.252071
2025-05-27,15.838467,5.040635,4.783158,0.257477
2025-05-28,15.841205,5.036263,4.777576,0.258687
2025-05-29,15.843943,5.031739,4.771968,0.259771
2025-05-30,15.846680,5.024288,4.766334,0.257954
2025-05-31,15.849418,5.019239,4.760675,0.258564
2025-06-01,15.852156,5.021350,4.754991,0.266359
2025-06-02,15.854894,5.021906,4.749282,0.272624
2025-06-03,15.857632,5.025984,4.743548,0.282436
2025-06-04,15.860370,5.024142,4.737788,0.286354
2025-06-05,15.863107,5.018462,4.732004,0.286458
2025-06-06,15.865845,5.017492,4.726194,0.291298
2025-06-07,15.868583,5.024155,4.720360,0.303795
2025-06-08,15.871321,5.025879,4.714501,0.311378
2025-06-09,15.874059,5.033530,4.708616,0.324913
2025-06-10,15.876797,5.039735,4.702707,0.337028
2025-06-11,15.879535,5.039935,4.696774,0.343161
2025-06-12,15.882272,5.031476,4.690815,0.340661
2025-06-13,15.885010,5.021650,4.684832,0.336818
2025-06-14,15.887748,5.022958,4.678824,0.344134
2025-06-15,15.890486,5.023878,4.672792,0.351085
2025-06-16,15.893224,5.030989,4.666736,0.364253
2025-06-17,15.895962,5.026206,4.660655,0.365551
2025-06-18,15.898700,5.022052,4.654549,0.367503
2025-06-19,15.901437,5.021516,4.648419,0.373097
2025-06-20,15.904175,5.021880,4.642266,0.379614
2025-06-21,15.906913,5.014797,4.636087,0.378710
2025-06-22,15.909651,5.006808,4.629885,0.376922
2025-06-23,15.912389,5.010264,4.623659,0.386605
2025-06-24,15.915127,5.024915,4.617409,0.407506
2025-06-25,15.917864,5.030688,4.611134,0.419554
2025-06-26,15.920602,5.032573,4.604836,0.427736
2025-06-27,15.923340,5.031945,4.598514,0.433431
2025-06-28,15.926078,5.032914,4.592168,0.440745
2025-06-29,15.928816,5.034421,4.585799,0.448622
2025-06-30,15.931554,5.034394,4.579406,0.454987
2025-07-01,15.934292,5.029260,4.572989,0.456270
2025-07-02,15.937029,5.034326,4.566549,0.467776
2025-07-03,15.939767,5.041024,4.560086,0.480939
2025-07-04,15.942505,5.037693,4.553599,0.484094
2025-07-05,15.945243,5.036441,4.547089,0.489352
2025-07-06,15.947981,5.037949,4.540555,0.497394
2025-07-07,15.950719,5.037451,4.533999,0.503453
2025-07-08,15.953457,5.037606,4.527419,0.510187
2025-07-09,15.956194,5.040708,4.520816,0.519892
2025-07-10,15.958932,5.050763,4.514190,0.536573
2025-07-11,15.961670,5.070305,4.507542,0.562764
2025-07-12,15.964408,5.070887,4.500870,0.570017
2025-07-13,15.967146,5.073086,4.494176,0.578910
2025-07-14,15.969884,5.082752,4.487459,0.595293
2025-07-15,15.972621,5.070574,4.480719,0.589855
2025-07-16,15.975359,5.074748,4.473957,0.600791
2025-07-17,15.978097,5.075183,4.467172,0.608010
2025-07-18,15.980835,5.075973,4.460365,0.615608
2025-07-19,15.983573,5.073230,4.453536,0.619695
2025-07-20,15.986311,5.072702,4.446684,0.626018
2025-07-21,15.989049,5.072802,4.439810,0.632992
2025-07-22,15.991786,5.074335,4.432914,0.641421
2025-07-23,15.994524,5.074421,4.425996,0.648425
2025-07-24,15.997262,5.075220,4.419056,0.656164
2025-07-25,16.000000,5.066844,4.412094,0.654750
2025-07-26,16.002738,5.071884,4.405110,0.666773
2025-07-27,16.005476,5.074443,4.398105,0.676338
2025-07-28,16.008214,5.074912,4.391078,0.683834
2025-07-29,16.010951,5.073573,4.384029,0.689544
2025-07-30,16.013689,5.072195,4.376958,0.695237
2025-07-31,16.016427,5.072729,4.369867,0.702862
2025-08-01,16.019165,5.061686,4.362753,0.698933
2025-08-02,16.021903,5.056071,4.355619,0.700452
2025-08-03,16.024641,5.057019,4.348463,0.708555
2025-08-04,16.027379,5.060497,4.341286,0.719211
2025-08-05,16.030116,5.058182,4.334089,0.724094
2025-08-06,16.032854,5.059423,4.326870,0.732553
2025-08-07,16.035592,5.064758,4.319630,0.745128
2025-08-08,16.038330,5.067527,4.312369,0.755158
2025-08-09,16.041068,5.067826,4.305088,0.762738
2025-08-10,16.043806,5.073055,4.297786,0.775269
2025-08-11,16.046543,5.081345,4.290464,0.790882
2025-08-12,16.049281,5.076962,4.283121,0.793841
2025-08-13,16.052019,5.082407,4.275757,0.806650
2025-08-14,16.054757,5.081413,4.268373,0.813040
2025-08-15,16.057495,5.074128,4.260969,0.813158
2025-08-16,16.060233,5.072173,4.253545,0.818628
2025-08-17,16.062971,5.073194,4.246101,0.827093
2025-08-18,16.065708,5.065465,4.238637,0.826828
2025-08-19,16.068446,5.060803,4.231153,0.829650
2025-08-20,16.071184,5.056933,4.223649,0.833284
2025-08-21,16.073922,5.055452,4.216125,0.839327
2025-08-22,16.076660,5.059457,4.208582,0.850876
2025-08-23,16.079398,5.063194,4.201019,0.862175
2025-08-24,16.082136,5.059291,4.193437,0.865855
2025-08-25,16.084873,5.050545,4.185835,0.864711
2025-08-26,16.087611,5.042876,4.178214,0.864662
2025-08-27,16.090349,5.047504,4.170574,0.876931
2025-08-28,16.093087,5.051405,4.162914,0.888491
2025-08-29,16.095825,5.040994,4.155236,0.885758
2025-08-30,16.098563,5.036682,4.147539,0.889144
2025-08-31,16.101300,5.038150,4.139822,0.898328
2025-09-01,16.104038,5.037411,4.132087,0.905324
2025-09-02,16.106776,5.044243,4.124334,0.919909
2025-09-03,16.109514,5.048729,4.116562,0.932167
2025-09-04,16.112252,5.045747,4.108771,0.936976
2025-09-05,16.114990,5.048839,4.100962,0.947877
2025-09-06,16.117728,5.045538,4.093135,0.952403
2025-09-07,16.120465,5.046758,4.085289,0.961468
2025-09-08,16.123203,5.049777,4.077425,0.972352
2025-09-09,16.125941,5.050143,4.069544,0.980599
2025-09-10,16.128679,5.053141,4.061644,0.991497
2025-09-11,16.131417,5.058438,4.053727,1.004711
2025-09-12,16.134155,5.063224,4.045791,1.017432
2025-09-13,16.136893,5.064455,4.037839,1.026617
2025-09-14,16.139630,5.064304,4.029868,1.034436
2025-09-15,16.142368,5.063277,4.021880,1.041397
2025-09-16,16.145106,5.065244,4.013875,1.051369
2025-09-17,16.147844,5.067303,4.005852,1.061451
2025-09-18,16.150582,5.070260,3.997813,1.072447
2025-09-19,16.153320,5.067362,3.989756,1.077605
2025-09-20,16.156057,5.065401,3.981682,1.083719
2025-09-21,16.158795,5.064751,3.973592,1.091159
2025-09-22,16.161533,5.055600,3.965484,1.090116
2025-09-23,16.164271,5.053010,3.957360,1.095650
2025-09-24,16.167009,5.054301,3.949220,1.105081
2025-09-25,16.169747,5.047900,3.941063,1.106837
2025-09-26,16.172485,5.040805,3.932889,1.107916
2025-09-27,16.175222,5.041373,3.924699,1.116673
2025-09-28,16.177960,5.043066,3.916493,1.126573
2025-09-29,16.180698,5.054090,3.908271,1.145819
2025-09-30,16.183436,5.057186,3.900033,1.157152
2025-10-01,16.186174,5.066025,3.891779,1.174245
2025-10-02,16.188912,5.077646,3.883510,1.194136
2025-10-03,16.191650,5.083740,3.875224,1.208515
2025-10-04,16.194387,5.087869,3.866923,1.220946
2025-10-05,16.197125,5.092546,3.858607,1.233938
2025-10-06,16.199863,5.095663,3.850275,1.245388
2025-10-07,16.202601,5.091935,3.841928,1.250007
2025-10-08,16.205339,5.089274,3.833566,1.255708
2025-10-09,16.208077,5.086925,3.825189,1.261736
2025-10-10,16.210815,5.078719,3.816796,1.261922
2025-10-11,16.213552,5.050185,3.808389,1.241796
2025-10-12,16.216290,5.052625,3.799967,1.252657
2025-10-13,16.219028,5.062414,3.791531,1.270883
2025-10-14,16.221766,5.053340,3.783080,1.270260
2025-10-15,16.224504,5.050753,3.774614,1.276138
2025-10-16,16.227242,5.043985,3.766135,1.277851
2025-10-17,16.229979,5.030842,3.757641,1.273202
2025-10-18,16.232717,5.031027,3.749132,1.281894
2025-10-19,16.235455,5.034947,3.740610,1.294337
2025-10-20,16.238193,5.045658,3.732074,1.313584
2025-10-21,16.240931,5.042278,3.723524,1.318754
2025-10-22,16.243669,5.035925,3.714961,1.320964
2025-10-23,16.246407,5.041114,3.706384,1.334730
2025-10-24,16.249144,5.046277,3.697793,1.348484
2025-10-25,16.251882,5.048715,3.689189,1.359526
2025-10-26,16.254620,5.053402,3.680572,1.372831
2025-10-27,16.257358,5.062225,3.671941,1.390284
2025-10-28,16.260096,5.059332,3.663298,1.396034
2025-10-29,16.262834,5.052450,3.654642,1.397808
2025-10-30,16.265572,5.039924,3.645972,1.393952
2025-10-31,16.268309,5.042016,3.637290,1.404726
2025-11-01,16.271047,5.043843,3.628596,1.415247
2025-11-02,16.273785,5.044863,3.619889,1.424975
2025-11-03,16.276523,5.034229,3.611170,1.423060
2025-11-04,16.279261,5.018830,3.602438,1.416392
2025-11-05,16.281999,5.013603,3.593694,1.419909
2025-11-06,16.284736,5.014437,3.584938,1.429499
2025-11-07,16.287474,5.009801,3.576170,1.433630
2025-11-08,16.290212,5.011758,3.567391,1.444367
2025-11-09,16.292950,5.013983,3.558600,1.455383
2025-11-10,16.295688,5.026362,3.549797,1.476565
2025-11-11,16.298426,5.021999,3.540982,1.481017
2025-11-12,16.301164,5.015841,3.532156,1.483685
2025-11-13,16.303901,5.009390,3.523319,1.486071
2025-11-14,16.306639,4.990254,3.514471,1.475783
2025-11-15,16.309377,4.985776,3.505612,1.480164
2025-11-16,16.312115,4.983391,3.496742,1.486649
2025-11-17,16.314853,4.979917,3.487861,1.492057
2025-11-18,16.317591,4.969667,3.478969,1.490698
2025-11-19,16.320329,4.966680,3.470067,1.496613
2025-11-20,16.323066,4.961646,3.461154,1.500492
2025-11-21,16.325804,4.933730,3.452231,1.481499
2025-11-22,16.328542,4.932330,3.443298,1.489033
2025-11-23,16.331280,4.941798,3.434354,1.507444
2025-11-24,16.334018,4.944833,3.425401,1.519432
2025-11-25,16.336756,4.946491,3.416438,1.530053
2025-11-26,16.339493,4.949626,3.407465,1.542161
2025-11-27,16.342231,4.964305,3.398482,1.565823
2025-11-28,16.344969,4.965913,3.389490,1.576423
2025-11-29,16.347707,4.963909,3.380488,1.583421
2025-11-30,16.350445,4.965340,3.371477,1.593863
2025-12-01,16.353183,4.941681,3.362457,1.579225
2025-12-02,16.355921,4.953072,3.353427,1.599645
2025-12-03,16.358658,4.971106,3.344389,1.626717
2025-12-04,16.361396,4.971834,3.335342,1.636492
2025-12-05,16.364134,4.963561,3.326286,1.637275
2025-12-06,16.366872,4.956532,3.317222,1.639311
2025-12-07,16.369610,4.957613,3.308149,1.649464
2025-12-08,16.372348,4.961834,3.299068,1.662767
2025-12-09,16.375086,4.962881,3.289978,1.672903
2025-12-10,16.377823,4.967952,3.280880,1.687072
2025-12-11,16.380561,4.959590,3.271775,1.687815
2025-12-12,16.383299,4.963923,3.262661,1.701262
2025-12-13,16.386037,4.957982,3.253540,1.704442
2025-12-14,16.388775,4.954248,3.244411,1.709837
2025-12-15,16.391513,4.947842,3.235274,1.712568
2025-12-16,16.394251,4.940902,3.226131,1.714772
2025-12-17,16.396988,4.941158,3.216979,1.724178
2025-12-18,16.399726,4.939995,3.207821,1.732175
2025-12-19,16.402464,4.943825,3.198655,1.745169
2025-12-20,16.405202,4.947282,3.189483,1.757799
2025-12-21,16.407940,4.947555,3.180304,1.767251
2025-12-22,16.410678,4.951747,3.171118,1.780629
2025-12-23,16.413415,4.945179,3.161925,1.783254
2025-12-24,16.416153,4.942225,3.152726,1.789499
2025-12-25,16.418891,4.944529,3.143521,1.801008
2025-12-26,16.421629,4.946211,3.134309,1.811902
2025-12-27,16.424367,4.943115,3.125092,1.818023
2025-12-28,16.427105,4.944299,3.115868,1.828430
2025-12-29,16.429843,4.946833,3.106639,1.840194
2025-12-30,16.432580,4.945093,3.097404,1.847689
2025-12-31,16.435318,4.946985,3.088163,1.858822
2026-01-01,16.438056,4.945231,3.078917,1.866314
2026-01-02,16.440794,4.952231,3.069665,1.882566
2026-01-03,16.443532,4.955569,3.060408,1.895161
2026-01-04,16.446270,4.961567,3.051146,1.910421
2026-01-05,16.449008,4.970572,3.041879,1.928693
2026-01-06,16.451745,4.971349,3.032607,1.938742
2026-01-07,16.454483,4.964910,3.023331,1.941580
2026-01-08,16.457221,4.958771,3.014049,1.944722
2026-01-09,16.459959,4.958973,3.004763,1.954209
2026-01-10,16.462697,4.958236,2.995473,1.962763
2026-01-11,16.465435,4.958462,2.986179,1.972283
2026-01-12,16.468172,4.961777,2.976880,1.984897
2026-01-13,16.470910,4.967615,2.967578,2.000037
2026-01-14,16.473648,4.982982,2.958271,2.024711
2026-01-15,16.476386,4.984894,2.948961,2.035933
2026-01-16,16.479124,4.980860,2.939647,2.041214
2026-01-17,16.481862,4.980354,2.930329,2.050025
2026-01-18,16.484600,4.979642,2.921008,2.058634
2026-01-19,16.487337,4.968791,2.911684,2.057107
2026-01-20,16.490075,4.959129,2.902357,2.056772
2026-01-21,16.492813,4.951837,2.893027,2.058810
2026-01-22,16.495551,4.953785,2.883693,2.070092
2026-01-23,16.498289,4.953090,2.874357,2.078732
2026-01-24,16.501027,4.952208,2.865018,2.087190
2026-01-25,16.503765,4.945908,2.855677,2.090231
2026-01-26,16.506502,4.943943,2.846333,2.097609
2026-01-27,16.509240,4.946763,2.836987,2.109776
2026-01-28,16.511978,4.951604,2.827639,2.123965
2026-01-29,16.514716,4.938864,2.818289,2.120574
2026-01-30,16.517454,4.919823,2.808937,2.110886
2026-01-31,16.520192,4.912943,2.799583,2.113361
2026-02-01,16.522930,4.892163,2.790227,2.101936
2026-02-02,16.525667,4.890380,2.780870,2.109510
2026-02-03,16.528405,4.889527,2.771512,2.118016
2026-02-04,16.531143,4.875922,2.762152,2.113770
2026-02-05,16.533881,4.839025,2.752791,2.086235
2026-02-06,16.536619,4.827341,2.743428,2.083913
2026-02-07,16.539357,4.841654,2.734065,2.107588
2026-02-08,16.542094,4.847434,2.724701,2.122732
2026-02-09,16.544832,4.847197,2.715337,2.131860
2026-02-10,16.547570,4.836710,2.705972,2.130739
2026-02-11,16.550308,4.828601,2.696606,2.131995
2026-02-12,16.553046,4.821160,2.687240,2.133920
2026-02-13,16.555784,4.838414,2.677874,2.160539
2026-02-14,16.558522,4.844632,2.668508,2.176124
2026-02-15,16.561259,4.838366,2.659142,2.179224
2026-02-16,16.563997,4.836256,2.649776,2.186480
2026-02-17,16.566735,4.829375,2.640411,2.188965
2026-02-18,16.569473,4.822136,2.631045,2.191090
2026-02-19,16.572211,4.825524,2.621681,2.203843
2026-02-20,16.574949,4.832777,2.612317,2.220460
2026-02-21,16.577687,4.832197,2.602954,2.229243
2026-02-22,16.580424,4.830294,2.593592,2.236702
2026-02-23,16.583162,4.811035,2.584231,2.226804
2026-02-24,16.585900,4.806953,2.574871,2.232082
2026-02-25,16.588638,4.835321,2.565512,2.269809
2026-02-26,16.591376,4.829688,2.556155,2.273534
2026-02-27,16.594114,4.816989,2.546799,2.270189
2026-02-28,16.596851,4.827277,2.537445,2.289832
2026-03-01,16.599589,4.814426,2.528093,2.286334
2026-03-02,16.602327,4.841287,2.518743,2.322544
2026-03-03,16.605065,4.834201,2.509394,2.324806
2026-03-04,16.607803,4.861653,2.500048,2.361604
2026-03-05,16.610541,4.852683,2.490705,2.361978
2026-03-06,16.613279,4.835141,2.481363,2.353777
2026-03-07,16.616016,4.827687,2.472024,2.355662
2026-03-08,16.618754,4.821144,2.462688,2.358456
2026-03-09,16.621492,4.836615,2.453355,2.383260
2026-03-10,16.624230,4.843279,2.444025,2.399254
2026-03-11,16.626968,4.847570,2.434697,2.412873
2026-03-12,16.629706,4.846144,2.425373,2.420771
2026-03-13,16.632444,4.849997,2.416052,2.433945
2026-03-14,16.635181,4.849565,2.406734,2.442831
2026-03-15,16.637919,4.862032,2.397420,2.464611
2026-03-16,16.640657,4.873422,2.388110,2.485312
2026-03-17,16.643395,4.871065,2.378803,2.492262
2026-03-18,16.646133,4.852093,2.369501,2.482592
2026-03-19,16.648871,4.846012,2.360202,2.485810
2026-03-20,16.651608,4.849917,2.350908,2.499010
2026-03-21,16.654346,4.846908,2.341617,2.505290
2026-03-22,16.657084,4.834401,2.332331,2.502069
2026-03-23,16.659822,4.849752,2.323050,2.526702
2026-03-24,16.662560,4.847126,2.313773,2.533352
2026-03-25,16.665298,4.853352,2.304501,2.548851
2026-03-26,16.668036,4.837754,2.295234,2.542520
2026-03-27,16.670773,4.819425,2.285972,2.533453
