date,years,log_price,fit,residual
2010-07-26,1.002053,-1.278528,2.416755,-3.695283
2010-07-27,1.004791,-1.233629,2.408785,-3.642414
2010-07-28,1.007529,-1.238730,2.400817,-3.639547
2010-07-29,1.010267,-1.211237,2.392849,-3.604087
2010-07-30,1.013005,-1.185380,2.384883,-3.570263
2010-07-31,1.015743,-1.207071,2.376919,-3.583990
2010-08-01,1.018480,-1.217169,2.368956,-3.586125
2010-08-02,1.021218,-1.211094,2.360995,-3.572089
2010-08-03,1.023956,-1.212316,2.353036,-3.565352
2010-08-04,1.026694,-1.216520,2.345078,-3.561598
2010-08-05,1.029432,-1.221358,2.337123,-3.558481
2010-08-06,1.032170,-1.207637,2.329169,-3.536807
2010-08-07,1.034908,-1.217835,2.321218,-3.539053
2010-08-08,1.037645,-1.220965,2.313269,-3.534234
2010-08-09,1.040383,-1.187341,2.305322,-3.492663
2010-08-10,1.043121,-1.159271,2.297377,-3.456648
2010-08-11,1.045859,-1.160747,2.289435,-3.450181
2010-08-12,1.048597,-1.171832,2.281495,-3.453327
2010-08-13,1.051335,-1.183398,2.273558,-3.456956
2010-08-14,1.054073,-1.177051,2.265623,-3.442674
2010-08-15,1.056810,-1.182428,2.257692,-3.440120
2010-08-16,1.059548,-1.185669,2.249763,-3.435432
2010-08-17,1.062286,-1.175784,2.241837,-3.417622
2010-08-18,1.065024,-1.158991,2.233914,-3.392906
2010-08-19,1.067762,-1.171421,2.225995,-3.397415
2010-08-20,1.070500,-1.180973,2.218078,-3.399051
2010-08-21,1.073238,-1.183650,2.210165,-3.393815
2010-08-22,1.075975,-1.197194,2.202255,-3.399449
2010-08-23,1.078713,-1.187442,2.194348,-3.381790
2010-08-24,1.081451,-1.182483,2.186445,-3.368928
2010-08-25,1.084189,-1.184958,2.178546,-3.363504
2010-08-26,1.086927,-1.189348,2.170650,-3.359997
2010-08-27,1.089665,-1.191219,2.162758,-3.353977
2010-08-28,1.092402,-1.188988,2.154870,-3.343858
2010-08-29,1.095140,-1.191152,2.146986,-3.338137
2010-08-30,1.097878,-1.200438,2.139106,-3.339543
2010-08-31,1.100616,-1.200739,2.131229,-3.331969
2010-09-01,1.103354,-1.215213,2.123358,-3.338570
2010-09-02,1.106092,-1.214085,2.115490,-3.329575
2010-09-03,1.108830,-1.209304,2.107627,-3.316931
2010-09-04,1.111567,-1.211369,2.099768,-3.311137
2010-09-05,1.114305,-1.207474,2.091913,-3.299387
2010-09-06,1.117043,-1.209012,2.084064,-3.293075
2010-09-07,1.119781,-1.212144,2.076219,-3.288363
2010-09-08,1.122519,-1.213491,2.068378,-3.281870
2010-09-09,1.125257,-1.211313,2.060543,-3.271856
2010-09-10,1.127995,-1.215987,2.052712,-3.268699
2010-09-11,1.130732,-1.202623,2.044887,-3.247510
2010-09-12,1.133470,-1.209414,2.037067,-3.246480
2010-09-13,1.136208,-1.209034,2.029251,-3.238285
2010-09-14,1.138946,-1.191767,2.021441,-3.213208
2010-09-15,1.141684,-1.213571,2.013637,-3.227208
2010-09-16,1.144422,-1.208660,2.005837,-3.214498
2010-09-17,1.147159,-1.217977,1.998044,-3.216021
2010-09-18,1.149897,-1.219414,1.990256,-3.209670
2010-09-19,1.152635,-1.208259,1.982473,-3.190732
2010-09-20,1.155373,-1.204147,1.974697,-3.178844
2010-09-21,1.158111,-1.201750,1.966926,-3.168676
2010-09-22,1.160849,-1.206733,1.959161,-3.165894
2010-09-23,1.163587,-1.205760,1.951402,-3.157162
2010-09-24,1.166324,-1.206157,1.943649,-3.149806
2010-09-25,1.169062,-1.207484,1.935902,-3.143387
2010-09-26,1.171800,-1.207061,1.928162,-3.135223
2010-09-27,1.174538,-1.206936,1.920428,-3.127363
2010-09-28,1.177276,-1.207992,1.912700,-3.120692
2010-09-29,1.180014,-1.208729,1.904979,-3.113708
2010-09-30,1.182752,-1.209409,1.897265,-3.106673
2010-10-01,1.185489,-1.207961,1.889557,-3.097518
2010-10-02,1.188227,-1.211439,1.881855,-3.093294
2010-10-03,1.190965,-1.212779,1.874161,-3.086940
2010-10-04,1.193703,-1.213476,1.866474,-3.079950
2010-10-05,1.196441,-1.210946,1.858793,-3.069739
2010-10-06,1.199179,-1.202226,1.851120,-3.053346
2010-10-07,1.201916,-1.194385,1.843453,-3.037838
2010-10-08,1.204654,-1.115735,1.835794,-2.951529
2010-10-09,1.207392,-1.071133,1.828143,-2.899276
2010-10-10,1.210130,-1.015202,1.820498,-2.835700
2010-10-11,1.212868,-1.021103,1.812861,-2.833964
2010-10-12,1.215606,-1.037793,1.805232,-2.843025
2010-10-13,1.218344,-1.018841,1.797611,-2.816452
2010-10-14,1.221081,-1.000279,1.789997,-2.790275
2010-10-15,1.223819,-0.993163,1.782390,-2.775553
2010-10-16,1.226557,-0.993069,1.774792,-2.767861
2010-10-17,1.229295,-0.989041,1.767202,-2.756242
2010-10-18,1.232033,-0.992773,1.759620,-2.752393
2010-10-19,1.234771,-0.999862,1.752045,-2.751908
2010-10-20,1.237509,-1.010322,1.744479,-2.754801
2010-10-21,1.240246,-0.994721,1.736922,-2.731643
2010-10-22,1.242984,-0.979580,1.729372,-2.708952
2010-10-23,1.245722,-0.965508,1.721832,-2.687340
2010-10-24,1.248460,-0.910642,1.714299,-2.624941
2010-10-25,1.251198,-0.886863,1.706776,-2.593639
2010-10-26,1.253936,-0.808071,1.699260,-2.507331
2010-10-27,1.256674,-0.757457,1.691754,-2.449211
2010-10-28,1.259411,-0.733685,1.684257,-2.417941
2010-10-29,1.262149,-0.734592,1.676768,-2.411361
2010-10-30,1.264887,-0.720532,1.669289,-2.389820
2010-10-31,1.267625,-0.711130,1.661818,-2.372948
2010-11-01,1.270363,-0.719273,1.654357,-2.373630
2010-11-02,1.273101,-0.714906,1.646905,-2.361811
2010-11-03,1.275838,-0.739622,1.639462,-2.379083
2010-11-04,1.278576,-0.679845,1.632029,-2.311873
2010-11-05,1.281314,-0.628168,1.624605,-2.252773
2010-11-06,1.284052,-0.563113,1.617190,-2.180304
2010-11-07,1.286790,-0.442628,1.609786,-2.052414
2010-11-08,1.289528,-0.496265,1.602391,-2.098655
2010-11-09,1.292266,-0.586564,1.595005,-2.181569
2010-11-10,1.295003,-0.699427,1.587630,-2.287057
2010-11-11,1.297741,-0.645351,1.580265,-2.225616
2010-11-12,1.300479,-0.608745,1.572909,-2.181654
2010-11-13,1.303217,-0.554732,1.565564,-2.120296
2010-11-14,1.305955,-0.554094,1.558229,-2.112323
2010-11-15,1.308693,-0.556150,1.550904,-2.107055
2010-11-16,1.311431,-0.596388,1.543590,-2.139977
2010-11-17,1.314168,-0.601679,1.536286,-2.137964
2010-11-18,1.316906,-0.597351,1.528992,-2.126343
2010-11-19,1.319644,-0.565738,1.521709,-2.087447
2010-11-20,1.322382,-0.556570,1.514437,-2.071006
2010-11-21,1.325120,-0.556910,1.507175,-2.064084
2010-11-22,1.327858,-0.554676,1.499924,-2.054600
2010-11-23,1.330595,-0.549868,1.492684,-2.042552
2010-11-24,1.333333,-0.551416,1.485455,-2.036871
2010-11-25,1.336071,-0.551753,1.478237,-2.029989
2010-11-26,1.338809,-0.550418,1.471030,-2.021448
2010-11-27,1.341547,-0.548186,1.463834,-2.012020
2010-11-28,1.344285,-0.555014,1.456650,-2.011663
2010-11-29,1.347023,-0.590030,1.449476,-2.039506
2010-11-30,1.349760,-0.666334,1.442315,-2.108649
2010-12-01,1.352498,-0.660641,1.435164,-2.095805
2010-12-02,1.355236,-0.626631,1.428026,-2.054656
2010-12-03,1.357974,-0.606358,1.420899,-2.027257
2010-12-04,1.360712,-0.618736,1.413783,-2.032519
2010-12-05,1.363450,-0.673862,1.406680,-2.080541
2010-12-06,1.366188,-0.701384,1.399588,-2.100971
2010-12-07,1.368925,-0.679729,1.392508,-2.072237
2010-12-08,1.371663,-0.636699,1.385440,-2.022140
2010-12-09,1.374401,-0.687372,1.378385,-2.065756
2010-12-10,1.377139,-0.712905,1.371341,-2.084246
2010-12-11,1.379877,-0.657400,1.364310,-2.021709
2010-12-12,1.382615,-0.663615,1.357291,-2.020906
2010-12-13,1.385352,-0.656776,1.350284,-2.007060
2010-12-14,1.388090,-0.641198,1.343290,-1.984488
2010-12-15,1.390828,-0.616765,1.336308,-1.953073
2010-12-16,1.393566,-0.620815,1.329339,-1.950154
2010-12-17,1.396304,-0.609506,1.322383,-1.931889
2010-12-18,1.399042,-0.607638,1.315439,-1.923077
2010-12-19,1.401780,-0.610940,1.308508,-1.919448
2010-12-20,1.404517,-0.592892,1.301590,-1.894482
2010-12-21,1.407255,-0.588085,1.294685,-1.882770
2010-12-22,1.409993,-0.604965,1.287793,-1.892758
2010-12-23,1.412731,-0.604911,1.280914,-1.885825
2010-12-24,1.415469,-0.603746,1.274049,-1.877795
2010-12-25,1.418207,-0.603764,1.267196,-1.870960
2010-12-26,1.420945,-0.592912,1.260357,-1.853269
2010-12-27,1.423682,-0.589031,1.253531,-1.842562
2010-12-28,1.426420,-0.568657,1.246719,-1.815377
2010-12-29,1.429158,-0.537903,1.239920,-1.777823
2010-12-30,1.431896,-0.529810,1.233135,-1.762945
2010-12-31,1.434634,-0.527213,1.226364,-1.753577
2011-01-01,1.437372,-0.527540,1.219606,-1.747147
2011-01-02,1.440110,-0.527472,1.212863,-1.740334
2011-01-03,1.442847,-0.532365,1.206133,-1.738497
2011-01-04,1.445585,-0.530311,1.199417,-1.729728
2011-01-05,1.448323,-0.529230,1.192715,-1.721945
2011-01-06,1.451061,-0.527106,1.186027,-1.713133
2011-01-07,1.453799,-0.504064,1.179353,-1.683417
2011-01-08,1.456537,-0.501283,1.172694,-1.673977
2011-01-09,1.459274,-0.490867,1.166049,-1.656915
2011-01-10,1.462012,-0.486967,1.159418,-1.646385
2011-01-11,1.464750,-0.486847,1.152802,-1.639649
2011-01-12,1.467488,-0.478041,1.146200,-1.624241
2011-01-13,1.470226,-0.434749,1.139613,-1.574361
2011-01-14,1.472964,-0.426801,1.133040,-1.559841
2011-01-15,1.475702,-0.406863,1.126482,-1.533345
2011-01-16,1.478439,-0.404858,1.119939,-1.524797
2011-01-17,1.481177,-0.421286,1.113411,-1.534697
2011-01-18,1.483915,-0.475983,1.106898,-1.582881
2011-01-19,1.486653,-0.506868,1.100400,-1.607268
2011-01-20,1.489391,-0.466463,1.093917,-1.560380
2011-01-21,1.492129,-0.406611,1.087449,-1.494059
2011-01-22,1.494867,-0.376293,1.080996,-1.457288
2011-01-23,1.497604,-0.359441,1.074558,-1.433999
2011-01-24,1.500342,-0.387003,1.068136,-1.455138
2011-01-25,1.503080,-0.380584,1.061729,-1.442313
2011-01-26,1.505818,-0.387259,1.055338,-1.442597
2011-01-27,1.508556,-0.382128,1.048962,-1.431089
2011-01-28,1.511294,-0.364790,1.042602,-1.407391
2011-01-29,1.514031,-0.355510,1.036257,-1.391767
2011-01-30,1.516769,-0.334271,1.029928,-1.364200
2011-01-31,1.519507,-0.299161,1.023615,-1.322776
2011-02-01,1.522245,-0.169803,1.017318,-1.187121
2011-02-02,1.524983,-0.138724,1.011036,-1.149761
2011-02-03,1.527721,-0.146581,1.004771,-1.151352
2011-02-04,1.530459,-0.112253,0.998522,-1.110775
2011-02-05,1.533196,-0.057369,0.992289,-1.049657
2011-02-06,1.535934,-0.048091,0.986072,-1.034163
2011-02-07,1.538672,-0.059122,0.979871,-1.038992
2011-02-08,1.541410,-0.048685,0.973686,-1.022371
2011-02-09,1.544148,-0.031556,0.967518,-0.999074
2011-02-10,1.546886,0.014273,0.961367,-0.947094
2011-02-11,1.549624,-0.008160,0.955231,-0.963392
2011-02-12,1.552361,0.016917,0.949113,-0.932196
2011-02-13,1.555099,0.019073,0.943011,-0.923938
2011-02-14,1.557837,0.024990,0.936926,-0.911936
2011-02-15,1.560575,0.021352,0.930857,-0.909505
2011-02-16,1.563313,0.017040,0.924805,-0.907765
2011-02-17,1.566051,0.019582,0.918770,-0.899189
2011-02-18,1.568789,-0.000393,0.912752,-0.913145
2011-02-19,1.571526,-0.030536,0.906751,-0.937287
2011-02-20,1.574264,-0.061225,0.900767,-0.961992
2011-02-21,1.577002,-0.070227,0.894800,-0.965028
2011-02-22,1.579740,-0.063937,0.888851,-0.952788
2011-02-23,1.582478,-0.042629,0.882918,-0.925547
2011-02-24,1.585216,-0.024005,0.877003,-0.901008
2011-02-25,1.587953,-0.014352,0.871105,-0.885458
2011-02-26,1.590691,-0.025686,0.865225,-0.890911
2011-02-27,1.593429,-0.027454,0.859362,-0.886816
2011-02-28,1.596167,-0.048447,0.853516,-0.901964
2011-03-01,1.598905,-0.035885,0.847689,-0.883574
2011-03-02,1.601643,-0.034348,0.841878,-0.876226
2011-03-03,1.604381,-0.031299,0.836086,-0.867385
2011-03-04,1.607118,-0.038681,0.830311,-0.868992
2011-03-05,1.609856,-0.042696,0.824554,-0.867251
2011-03-06,1.612594,-0.071786,0.818815,-0.890601
2011-03-07,1.615332,-0.058269,0.813094,-0.871363
2011-03-08,1.618070,-0.059315,0.807391,-0.866705
2011-03-09,1.620808,-0.065679,0.801706,-0.867385
2011-03-10,1.623546,-0.062252,0.796039,-0.858291
2011-03-11,1.626283,-0.048146,0.790390,-0.838536
2011-03-12,1.629021,-0.046127,0.784759,-0.830887
2011-03-13,1.631759,-0.044803,0.779147,-0.823951
2011-03-14,1.634497,-0.050514,0.773553,-0.824067
2011-03-15,1.637235,-0.053972,0.767977,-0.821949
2011-03-16,1.639973,-0.064941,0.762420,-0.827361
2011-03-17,1.642710,-0.075759,0.756882,-0.832640
2011-03-18,1.645448,-0.091851,0.751361,-0.843212
2011-03-19,1.648186,-0.118059,0.745860,-0.863919
2011-03-20,1.650924,-0.112978,0.740377,-0.853355
2011-03-21,1.653662,-0.123104,0.734913,-0.858017
2011-03-22,1.656400,-0.108533,0.729467,-0.838000
2011-03-23,1.659138,-0.079643,0.724041,-0.803684
2011-03-24,1.661875,-0.068248,0.718633,-0.786881
2011-03-25,1.664613,-0.056911,0.713244,-0.770156
2011-03-26,1.667351,-0.061335,0.707874,-0.769210
2011-03-27,1.670089,-0.072670,0.702524,-0.775194
2011-03-28,1.672827,-0.092874,0.697192,-0.790066
2011-03-29,1.675565,-0.102999,0.691879,-0.794879
2011-03-30,1.678303,-0.104068,0.686586,-0.790653
2011-03-31,1.681040,-0.102777,0.681312,-0.784089
2011-04-01,1.683778,-0.106811,0.676057,-0.782868
2011-04-02,1.686516,-0.103747,0.670821,-0.774568
2011-04-03,1.689254,-0.106628,0.665605,-0.772233
2011-04-04,1.691992,-0.158436,0.660408,-0.818844
2011-04-05,1.694730,-0.181766,0.655231,-0.836997
2011-04-06,1.697467,-0.144798,0.650073,-0.794871
2011-04-07,1.700205,-0.122666,0.644935,-0.767601
2011-04-08,1.702943,-0.116127,0.639817,-0.755944
2011-04-09,1.705681,-0.125970,0.634718,-0.760687
2011-04-10,1.708419,-0.129783,0.629639,-0.759422
2011-04-11,1.711157,-0.119075,0.624579,-0.743654
2011-04-12,1.713895,-0.075647,0.619540,-0.695187
2011-04-13,1.716632,-0.036744,0.614520,-0.651264
2011-04-14,1.719370,-0.029382,0.609521,-0.638903
2011-04-15,1.722108,0.005622,0.604541,-0.598919
2011-04-16,1.724846,0.012946,0.599581,-0.586636
2011-04-17,1.727584,0.020580,0.594642,-0.574061
2011-04-18,1.730322,0.059444,0.589722,-0.530278
2011-04-19,1.733060,0.069944,0.584823,-0.514879
2011-04-20,1.735797,0.066391,0.579944,-0.513553
2011-04-21,1.738535,0.066764,0.575085,-0.508321
2011-04-22,1.741273,0.104799,0.570246,-0.465448
2011-04-23,1.744011,0.166583,0.565428,-0.398846
2011-04-24,1.746749,0.225489,0.560630,-0.335141
2011-04-25,1.749487,0.202057,0.555853,-0.353795
2011-04-26,1.752225,0.213562,0.551096,-0.337534
2011-04-27,1.754962,0.268175,0.546360,-0.278184
2011-04-28,1.757700,0.300867,0.541644,-0.240777
2011-04-29,1.760438,0.395311,0.536949,-0.141637
2011-04-30,1.763176,0.496919,0.532274,-0.035355
2011-05-01,1.765914,0.522148,0.527620,-0.005472
2011-05-02,1.768652,0.503564,0.522987,-0.019423
2011-05-03,1.771389,0.516555,0.518375,-0.001820
2011-05-04,1.774127,0.531005,0.513783,0.017222
2011-05-05,1.776865,0.532798,0.509212,0.023586
2011-05-06,1.779603,0.540937,0.504663,0.036274
2011-05-07,1.782341,0.551546,0.500134,0.051412
2011-05-08,1.785079,0.574559,0.495626,0.078933
2011-05-09,1.787817,0.580871,0.491139,0.089731
2011-05-10,1.790554,0.668326,0.486674,0.181653
2011-05-11,1.793292,0.747600,0.482229,0.265371
2011-05-12,1.796030,0.750826,0.477805,0.273020
2011-05-13,1.798768,0.872477,0.473403,0.399074
2011-05-14,1.801506,0.915840,0.469022,0.446818
2011-05-15,1.804244,0.824698,0.464662,0.360036
2011-05-16,1.806982,0.885589,0.460324,0.425265
2011-05-17,1.809719,0.881622,0.456007,0.425616
2011-05-18,1.812457,0.854031,0.451711,0.402320
2011-05-19,1.815195,0.843110,0.447437,0.395673
2011-05-20,1.817933,0.821201,0.443184,0.378017
2011-05-21,1.820671,0.769186,0.438953,0.330233
2011-05-22,1.823409,0.803414,0.434743,0.368671
2011-05-23,1.826146,0.849267,0.430555,0.418712
2011-05-24,1.828884,0.850140,0.426388,0.423752
2011-05-25,1.831622,0.869574,0.422243,0.447332
2011-05-26,1.834360,0.929881,0.418120,0.511761
2011-05-27,1.837098,0.938860,0.414018,0.524842
2011-05-28,1.839836,0.927047,0.409938,0.517109
2011-05-29,1.842574,0.917911,0.405880,0.512031
2011-05-30,1.845311,0.933482,0.401844,0.531638
2011-05-31,1.848049,0.948515,0.397829,0.550685
2011-06-01,1.850787,0.955605,0.393837,0.561768
2011-06-02,1.853525,1.001523,0.389866,0.611657
2011-06-03,1.856263,1.103465,0.385918,0.717547
2011-06-04,1.859001,1.210318,0.381991,0.828327
2011-06-05,1.861739,1.241685,0.378086,0.863598
2011-06-06,1.864476,1.261386,0.374204,0.887182
2011-06-07,1.867214,1.279363,0.370343,0.909020
2011-06-08,1.869952,1.435817,0.366505,1.069312
2011-06-09,1.872690,1.470349,0.362689,1.107660
2011-06-10,1.875428,1.423788,0.358895,1.064893
2011-06-11,1.878166,1.298497,0.355123,0.943374
2011-06-12,1.880903,1.220777,0.351374,0.869403
2011-06-13,1.883641,1.319316,0.347646,0.971670
2011-06-14,1.886379,1.283178,0.343941,0.939236
2011-06-15,1.889117,1.295607,0.340259,0.955348
2011-06-16,1.891855,1.284806,0.336598,0.948207
2011-06-17,1.894593,1.197179,0.332960,0.864218
2011-06-18,1.897331,1.200353,0.329345,0.871008
2011-06-19,1.900068,1.247464,0.325752,0.921712
2011-06-20,1.902806,1.146128,0.322181,0.823947
2011-06-21,1.905544,1.178977,0.318633,0.860344
2011-06-22,1.908282,1.209515,0.315108,0.894407
2011-06-23,1.911020,1.242790,0.311605,0.931185
2011-06-24,1.913758,1.243038,0.308125,0.934913
2011-06-25,1.916496,1.243038,0.304667,0.938371
2011-06-26,1.919233,1.243286,0.301232,0.942055
2011-06-27,1.921971,1.230704,0.297819,0.932885
2011-06-28,1.924709,1.217484,0.294430,0.923054
2011-06-29,1.927447,1.204120,0.291063,0.913057
2011-06-30,1.930185,1.190332,0.287719,0.902613
2011-07-01,1.932923,1.176091,0.284397,0.891694
2011-07-02,1.935661,1.161368,0.281098,0.880270
2011-07-03,1.938398,1.149219,0.277822,0.871397
2011-07-04,1.941136,1.120574,0.274569,0.846004
2011-07-05,1.943874,1.107930,0.271339,0.836591
2011-07-06,1.946612,1.168694,0.268132,0.900562
2011-07-07,1.949350,1.152546,0.264948,0.887598
2011-07-08,1.952088,1.158203,0.261786,0.896417
2011-07-09,1.954825,1.161218,0.258648,0.902570
2011-07-10,1.957563,1.176716,0.255532,0.921184
2011-07-11,1.960301,1.146645,0.252440,0.894205
2011-07-12,1.963039,1.143795,0.249370,0.894425
2011-07-13,1.965777,1.143639,0.246324,0.897315
2011-07-14,1.968515,1.146912,0.243301,0.903611
2011-07-15,1.971253,1.155829,0.240301,0.915529
2011-07-16,1.973990,1.130334,0.237323,0.893010
2011-07-17,1.976728,1.128902,0.234369,0.894532
2011-07-18,1.979466,1.130583,0.231439,0.899145
2011-07-19,1.982204,1.134951,0.228531,0.906420
2011-07-20,1.984942,1.136456,0.225646,0.910810
2011-07-21,1.987680,1.141081,0.222785,0.918296
2011-07-22,1.990418,1.139407,0.219947,0.919460
2011-07-23,1.993155,1.135451,0.217132,0.918319
2011-07-24,1.995893,1.139710,0.214341,0.925369
2011-07-25,1.998631,1.149166,0.211572,0.937594
2011-07-26,2.001369,1.148808,0.208827,0.939981
2011-07-27,2.004107,1.145156,0.206106,0.939050
2011-07-28,2.006845,1.136568,0.203407,0.933161
2011-07-29,2.009582,1.132590,0.200732,0.931858
2011-07-30,2.012320,1.135659,0.198081,0.937578
2011-07-31,2.015058,1.128719,0.195452,0.933267
2011-08-01,2.017796,1.121687,0.192847,0.928840
2011-08-02,2.020534,1.102539,0.190266,0.912273
2011-08-03,2.023272,1.028237,0.187708,0.840530
2011-08-04,2.026010,1.030760,0.185173,0.845587
2011-08-05,2.028747,1.028215,0.182662,0.845552
2011-08-06,2.031485,0.949451,0.180174,0.769277
2011-08-07,2.034223,0.907215,0.177710,0.729505
2011-08-08,2.036961,0.903137,0.175269,0.727868
2011-08-09,2.039699,0.983302,0.172852,0.810450
2011-08-10,2.042437,1.003643,0.170458,0.833184
2011-08-11,2.045175,0.991296,0.168088,0.823208
2011-08-12,2.047912,0.972440,0.165741,0.806699
2011-08-13,2.050650,0.986671,0.163418,0.823252
2011-08-14,2.053388,1.017735,0.161119,0.856616
2011-08-15,2.056126,1.046896,0.158843,0.888054
2011-08-16,2.058864,1.043208,0.156590,0.886618
2011-08-17,2.061602,1.038900,0.154361,0.884539
2011-08-18,2.064339,1.038684,0.152156,0.886528
2011-08-19,2.067077,1.053710,0.149974,0.903735
2011-08-20,2.069815,1.059845,0.147816,0.912029
2011-08-21,2.072553,1.055473,0.145682,0.909791
2011-08-22,2.075291,1.045863,0.143571,0.902292
2011-08-23,2.078029,1.042333,0.141484,0.900849
2011-08-24,2.080767,1.038485,0.139421,0.899064
2011-08-25,2.083504,1.011590,0.137381,0.874209
2011-08-26,2.086242,1.001759,0.135365,0.866394
2011-08-27,2.088980,0.937910,0.133372,0.804537
2011-08-28,2.091718,0.945600,0.131403,0.814196
2011-08-29,2.094456,0.951035,0.129458,0.821577
2011-08-30,2.097194,0.945776,0.127537,0.818240
2011-08-31,2.099932,0.927317,0.125639,0.801678
2011-09-01,2.102669,0.915291,0.123765,0.791526
2011-09-02,2.105407,0.926371,0.121915,0.804457
2011-09-03,2.108145,0.931429,0.120088,0.811340
2011-09-04,2.110883,0.915983,0.118285,0.797698
2011-09-05,2.113621,0.884934,0.116506,0.768427
2011-09-06,2.116359,0.832968,0.114751,0.718217
2011-09-07,2.119097,0.849237,0.113019,0.736218
2011-09-08,2.121834,0.836796,0.111311,0.725485
2011-09-09,2.124572,0.726035,0.109627,0.616408
2011-09-10,2.127310,0.708197,0.107966,0.600230
2011-09-11,2.130048,0.761526,0.106330,0.655197
2011-09-12,2.132786,0.790924,0.104716,0.686207
2011-09-13,2.135524,0.778398,0.103127,0.675271
2011-09-14,2.138261,0.751100,0.101562,0.649539
2011-09-15,2.140999,0.714891,0.100020,0.614871
2011-09-16,2.143737,0.687961,0.098502,0.589459
2011-09-17,2.146475,0.690684,0.097007,0.593676
2011-09-18,2.149213,0.694873,0.095537,0.599336
2011-09-19,2.151951,0.706258,0.094090,0.612168
2011-09-20,2.154689,0.756764,0.092667,0.664097
2011-09-21,2.157426,0.755655,0.091268,0.664387
2011-09-22,2.160164,0.749070,0.089892,0.659178
2011-09-23,2.162902,0.751276,0.088540,0.662736
2011-09-24,2.165640,0.750194,0.087212,0.662982
2011-09-25,2.168378,0.758772,0.085908,0.672864
2011-09-26,2.171116,0.739679,0.084627,0.655053
2011-09-27,2.173854,0.689994,0.083370,0.606624
2011-09-28,2.176591,0.686656,0.082137,0.604519
2011-09-29,2.179329,0.680327,0.080927,0.599400
2011-09-30,2.182067,0.701617,0.079741,0.621876
2011-10-01,2.184805,0.698345,0.078579,0.619766
2011-10-02,2.187543,0.697900,0.077441,0.620459
2011-10-03,2.190281,0.690517,0.076326,0.614191
2011-10-04,2.193018,0.695070,0.075235,0.619835
2011-10-05,2.195756,0.703475,0.074168,0.629307
2011-10-06,2.198494,0.684105,0.073124,0.610981
2011-10-07,2.201232,0.658275,0.072104,0.586170
2011-10-08,2.203970,0.627661,0.071108,0.556553
2011-10-09,2.206708,0.605031,0.070136,0.534895
2011-10-10,2.209446,0.621341,0.069187,0.552154
2011-10-11,2.212183,0.626613,0.068261,0.558352
2011-10-12,2.214921,0.599466,0.067360,0.532106
2011-10-13,2.217659,0.606154,0.066482,0.539673
2011-10-14,2.220397,0.606660,0.065627,0.541033
2011-10-15,2.223135,0.594692,0.064797,0.529896
2011-10-16,2.225873,0.571667,0.063989,0.507678
2011-10-17,2.228611,0.543452,0.063206,0.480246
2011-10-18,2.231348,0.416451,0.062446,0.354005
2011-10-19,2.234086,0.377827,0.061709,0.316118
2011-10-20,2.236824,0.359552,0.060997,0.298555
2011-10-21,2.239562,0.385021,0.060307,0.324713
2011-10-22,2.242300,0.479018,0.059642,0.419377
2011-10-23,2.245038,0.490263,0.058999,0.431264
2011-10-24,2.247775,0.466129,0.058381,0.407748
2011-10-25,2.250513,0.437114,0.057786,0.379328
2011-10-26,2.253251,0.438489,0.057214,0.381275
2011-10-27,2.255989,0.459365,0.056666,0.402699
2011-10-28,2.258727,0.527189,0.056141,0.471048
2011-10-29,2.261465,0.573290,0.055640,0.517650
2011-10-30,2.264203,0.540396,0.055162,0.485234
2011-10-31,2.266940,0.509066,0.054708,0.454358
2011-11-01,2.269678,0.507635,0.054277,0.453358
2011-11-02,2.272416,0.510185,0.053869,0.456316
2011-11-03,2.275154,0.510889,0.053485,0.457404
2011-11-04,2.277892,0.512574,0.053124,0.459450
2011-11-05,2.280630,0.485914,0.052787,0.433127
2011-11-06,2.283368,0.470827,0.052473,0.418354
2011-11-07,2.286105,0.476068,0.052182,0.423886
2011-11-08,2.288843,0.494450,0.051915,0.442535
2011-11-09,2.291581,0.489838,0.051670,0.438167
2011-11-10,2.294319,0.489377,0.051450,0.437928
2011-11-11,2.297057,0.492898,0.051252,0.441647
2011-11-12,2.299795,0.501757,0.051078,0.450679
2011-11-13,2.302533,0.497553,0.050926,0.446626
2011-11-14,2.305270,0.423276,0.050798,0.372478
2011-11-15,2.308008,0.412676,0.050694,0.361982
2011-11-16,2.310746,0.410546,0.050612,0.359934
2011-11-17,2.313484,0.407825,0.050554,0.357272
2011-11-18,2.316222,0.370769,0.050518,0.320251
2011-11-19,2.318960,0.363463,0.050506,0.312957
2011-11-20,2.321697,0.352988,0.050517,0.302471
2011-11-21,2.324435,0.375241,0.050551,0.324690
2011-11-22,2.327173,0.374579,0.050608,0.323971
2011-11-23,2.329911,0.353459,0.050688,0.302771
2011-11-24,2.332649,0.404636,0.050791,0.353845
2011-11-25,2.335387,0.610460,0.050917,0.559543
2011-11-26,2.338125,0.402164,0.051066,0.351098
2011-11-27,2.340862,0.391387,0.051238,0.340149
2011-11-28,2.343600,0.417610,0.051433,0.366177
2011-11-29,2.346338,0.458557,0.051650,0.406906
2011-11-30,2.349076,0.467541,0.051891,0.415650
2011-12-01,2.351814,0.509490,0.052154,0.457335
2011-12-02,2.354552,0.494236,0.052441,0.441795
2011-12-03,2.357290,0.471871,0.052750,0.419122
2011-12-04,2.360027,0.442441,0.053082,0.389359
2011-12-05,2.362765,0.458540,0.053436,0.405104
2011-12-06,2.365503,0.475574,0.053813,0.421760
2011-12-07,2.368241,0.491104,0.054213,0.436891
2011-12-08,2.370979,0.491214,0.054636,0.436578
2011-12-09,2.373717,0.475438,0.055081,0.420356
2011-12-10,2.376454,0.488294,0.055549,0.432744
2011-12-11,2.379192,0.505501,0.056040,0.449461
2011-12-12,2.381930,0.526694,0.056553,0.470141
2011-12-13,2.384668,0.514922,0.057089,0.457833
2011-12-14,2.387406,0.517570,0.057647,0.459923
2011-12-15,2.390144,0.520237,0.058228,0.462009
2011-12-16,2.392882,0.516362,0.058831,0.457532
2011-12-17,2.395619,0.522692,0.059456,0.463236
2011-12-18,2.398357,0.526606,0.060104,0.466502
2011-12-19,2.401095,0.559051,0.060775,0.498276
2011-12-20,2.403833,0.630325,0.061467,0.568858
2011-12-21,2.406571,0.617811,0.062182,0.555629
2011-12-22,2.409309,0.603232,0.062920,0.540312
2011-12-23,2.412047,0.606196,0.063679,0.542517
2011-12-24,2.414784,0.625384,0.064461,0.560924
2011-12-25,2.417522,0.623440,0.065265,0.558175
2011-12-26,2.420260,0.627434,0.066091,0.561343
2011-12-27,2.422998,0.618665,0.066939,0.551725
2011-12-28,2.425736,0.630903,0.067809,0.563094
2011-12-29,2.428474,0.630920,0.068702,0.562218
2011-12-30,2.431211,0.638971,0.069616,0.569355
2011-12-31,2.433949,0.650744,0.070553,0.580191
2012-01-01,2.436687,0.689364,0.071511,0.617853
2012-01-02,2.439425,0.711536,0.072492,0.639045
2012-01-03,2.442163,0.711069,0.073494,0.637575
2012-01-04,2.444901,0.716471,0.074518,0.641953
2012-01-05,2.447639,0.785671,0.075564,0.710107
2012-01-06,2.450376,0.821663,0.076632,0.745031
2012-01-07,2.453114,0.829669,0.077721,0.751948
2012-01-08,2.455852,0.844720,0.078833,0.765887
2012-01-09,2.458590,0.825083,0.079966,0.745117
2012-01-10,2.461328,0.812664,0.081120,0.731543
2012-01-11,2.464066,0.838225,0.082297,0.755928
2012-01-12,2.466804,0.837935,0.083495,0.754441
2012-01-13,2.469541,0.827745,0.084714,0.743031
2012-01-14,2.472279,0.813565,0.085955,0.727610
2012-01-15,2.475017,0.844930,0.087218,0.757713
2012-01-16,2.477755,0.830472,0.088501,0.741971
2012-01-17,2.480493,0.814218,0.089807,0.724411
2012-01-18,2.483231,0.783342,0.091134,0.692209
2012-01-19,2.485969,0.792764,0.092482,0.700283
2012-01-20,2.488706,0.821322,0.093851,0.727471
2012-01-21,2.491444,0.805629,0.095242,0.710387
2012-01-22,2.494182,0.804388,0.096653,0.707735
2012-01-23,2.496920,0.802246,0.098086,0.704159
2012-01-24,2.499658,0.805718,0.099540,0.706178
2012-01-25,2.502396,0.797249,0.101016,0.696234
2012-01-26,2.505133,0.768741,0.102512,0.666228
2012-01-27,2.507871,0.729180,0.104029,0.625150
2012-01-28,2.510609,0.714497,0.105568,0.608929
2012-01-29,2.513347,0.744853,0.107127,0.637726
2012-01-30,2.516085,0.741848,0.108707,0.633140
2012-01-31,2.518823,0.749870,0.110308,0.639562
2012-02-01,2.521561,0.758328,0.111930,0.646397
2012-02-02,2.524298,0.785652,0.113573,0.672079
2012-02-03,2.527036,0.786808,0.115236,0.671571
2012-02-04,2.529774,0.779497,0.116920,0.662576
2012-02-05,2.532512,0.759511,0.118625,0.640886
2012-02-06,2.535250,0.744707,0.120350,0.624356
2012-02-07,2.537988,0.750442,0.122096,0.628346
2012-02-08,2.540726,0.747789,0.123863,0.623927
2012-02-09,2.543463,0.758484,0.125650,0.632835
2012-02-10,2.546201,0.769863,0.127457,0.642406
2012-02-11,2.548939,0.757687,0.129285,0.628402
2012-02-12,2.551677,0.752899,0.131133,0.621766
2012-02-13,2.554415,0.744869,0.133002,0.611867
2012-02-14,2.557153,0.693901,0.134890,0.559011
2012-02-15,2.559890,0.683621,0.136799,0.546822
2012-02-16,2.562628,0.654676,0.138728,0.515948
2012-02-17,2.565366,0.666856,0.140677,0.526179
2012-02-18,2.568104,0.643496,0.142647,0.500849
2012-02-19,2.570842,0.635217,0.144636,0.490581
2012-02-20,2.573580,0.648144,0.146645,0.501499
2012-02-21,2.576318,0.645346,0.148675,0.496671
2012-02-22,2.579055,0.651987,0.150724,0.501263
2012-02-23,2.581793,0.682873,0.152793,0.530080
2012-02-24,2.584531,0.702543,0.154882,0.547661
2012-02-25,2.587269,0.697390,0.156990,0.540399
2012-02-26,2.590007,0.691747,0.159119,0.532628
2012-02-27,2.592745,0.699923,0.161267,0.538657
2012-02-28,2.595483,0.694918,0.163434,0.531484
2012-02-29,2.598220,0.691777,0.165621,0.526155
2012-03-01,2.600958,0.695682,0.167828,0.527854
2012-03-02,2.603696,0.677986,0.170054,0.507932
2012-03-03,2.606434,0.675581,0.172300,0.503281
2012-03-04,2.609172,0.678577,0.174565,0.504012
2012-03-05,2.611910,0.692247,0.176849,0.515398
2012-03-06,2.614648,0.697905,0.179152,0.518753
2012-03-07,2.617385,0.698999,0.181475,0.517524
2012-03-08,2.620123,0.693517,0.183817,0.509700
2012-03-09,2.622861,0.695502,0.186178,0.509324
2012-03-10,2.625599,0.688926,0.188558,0.500368
2012-03-11,2.628337,0.690797,0.190957,0.499839
2012-03-12,2.631075,0.693420,0.193375,0.500044
2012-03-13,2.633812,0.707001,0.195812,0.511189
2012-03-14,2.636550,0.729518,0.198268,0.531250
2012-03-15,2.639288,0.727218,0.200743,0.526475
2012-03-16,2.642026,0.726093,0.203236,0.522857
2012-03-17,2.644764,0.729558,0.205748,0.523810
2012-03-18,2.647502,0.724850,0.208279,0.516571
2012-03-19,2.650240,0.705690,0.210828,0.494862
2012-03-20,2.652977,0.686162,0.213396,0.472766
2012-03-21,2.655715,0.688882,0.215983,0.472899
2012-03-22,2.658453,0.684583,0.218588,0.465996
2012-03-23,2.661191,0.676331,0.221211,0.455120
2012-03-24,2.663929,0.673559,0.223852,0.449707
2012-03-25,2.666667,0.666518,0.226512,0.440005
2012-03-26,2.669405,0.666121,0.229190,0.436931
2012-03-27,2.672142,0.674801,0.231887,0.442915
2012-03-28,2.674880,0.682866,0.234601,0.448265
2012-03-29,2.677618,0.682122,0.237333,0.444788
2012-03-30,2.680356,0.683242,0.240084,0.443158
2012-03-31,2.683094,0.690387,0.242852,0.447535
2012-04-01,2.685832,0.684495,0.245638,0.438856
2012-04-02,2.688569,0.691411,0.248443,0.442968
2012-04-03,2.691307,0.694474,0.251265,0.443210
2012-04-04,2.694045,0.693671,0.254104,0.439567
2012-04-05,2.696783,0.693618,0.256961,0.436657
2012-04-06,2.699521,0.694115,0.259836,0.434279
2012-04-07,2.702259,0.684210,0.262729,0.421481
2012-04-08,2.704997,0.677284,0.265639,0.411645
2012-04-09,2.707734,0.679659,0.268566,0.411093
2012-04-10,2.710472,0.683865,0.271511,0.412354
2012-04-11,2.713210,0.684330,0.274473,0.409857
2012-04-12,2.715948,0.688904,0.277453,0.411452
2012-04-13,2.718686,0.689193,0.280449,0.408744
2012-04-14,2.721424,0.694707,0.283463,0.411244
2012-04-15,2.724162,0.693222,0.286494,0.406728
2012-04-16,2.726899,0.694700,0.289542,0.405158
2012-04-17,2.729637,0.696307,0.292606,0.403700
2012-04-18,2.732375,0.708046,0.295688,0.412358
2012-04-19,2.735113,0.711734,0.298787,0.412947
2012-04-20,2.737851,0.716548,0.301902,0.414646
2012-04-21,2.740589,0.722795,0.305034,0.417761
2012-04-22,2.743326,0.716432,0.308183,0.408249
2012-04-23,2.746064,0.713296,0.311349,0.401947
2012-04-24,2.748802,0.706395,0.314531,0.391865
2012-04-25,2.751540,0.707732,0.317729,0.390003
2012-04-26,2.754278,0.705555,0.320944,0.384611
2012-04-27,2.757016,0.714885,0.324175,0.390709
2012-04-28,2.759754,0.697452,0.327423,0.370029
2012-04-29,2.762491,0.692307,0.330687,0.361620
2012-04-30,2.765229,0.695134,0.333967,0.361167
2012-05-01,2.767967,0.695605,0.337263,0.358342
2012-05-02,2.770705,0.708753,0.340576,0.368178
2012-05-03,2.773443,0.706133,0.343904,0.362229
2012-05-04,2.776181,0.710701,0.347248,0.363453
2012-05-05,2.778919,0.707892,0.350608,0.357284
2012-05-06,2.781656,0.704070,0.353984,0.350086
2012-05-07,2.784394,0.702703,0.357376,0.345327
2012-05-08,2.787132,0.702547,0.360783,0.341763
2012-05-09,2.789870,0.707708,0.364206,0.343502
2012-05-10,2.792608,0.699715,0.367645,0.332070
2012-05-11,2.795346,0.699020,0.371099,0.327921
2012-05-12,2.798084,0.693183,0.374568,0.318615
2012-05-13,2.800821,0.693647,0.378053,0.315594
2012-05-14,2.803559,0.693085,0.381553,0.311531
2012-05-15,2.806297,0.695090,0.385069,0.310022
2012-05-16,2.809035,0.698450,0.388599,0.309851
2012-05-17,2.811773,0.699799,0.392145,0.307654
2012-05-18,2.814511,0.703026,0.395706,0.307321
2012-05-19,2.817248,0.705380,0.399282,0.306099
2012-05-20,2.819986,0.709436,0.402872,0.306564
2012-05-21,2.822724,0.704543,0.406478,0.298065
2012-05-22,2.825462,0.703837,0.410098,0.293739
2012-05-23,2.828200,0.707323,0.413733,0.293590
2012-05-24,2.830938,0.706360,0.417383,0.288977
2012-05-25,2.833676,0.706699,0.421047,0.285651
2012-05-26,2.836413,0.705935,0.424726,0.281209
2012-05-27,2.839151,0.708116,0.428419,0.279697
2012-05-28,2.841889,0.706289,0.432127,0.274162
2012-05-29,2.844627,0.705855,0.435849,0.270006
2012-05-30,2.847365,0.707122,0.439585,0.267537
2012-05-31,2.850103,0.708359,0.443336,0.265023
2012-06-01,2.852841,0.714881,0.447101,0.267781
2012-06-02,2.855578,0.714250,0.450879,0.263371
2012-06-03,2.858316,0.713596,0.454672,0.258924
2012-06-04,2.861054,0.713705,0.458479,0.255226
2012-06-05,2.863792,0.723713,0.462299,0.261414
2012-06-06,2.866530,0.730640,0.466133,0.264507
2012-06-07,2.869268,0.735489,0.469981,0.265508
2012-06-08,2.872005,0.744421,0.473843,0.270578
2012-06-09,2.874743,0.745497,0.477718,0.267779
2012-06-10,2.877481,0.738717,0.481607,0.257110
2012-06-11,2.880219,0.739123,0.485509,0.253614
2012-06-12,2.882957,0.748107,0.489425,0.258682
2012-06-13,2.885695,0.764081,0.493354,0.270727
2012-06-14,2.888433,0.767658,0.497296,0.270362
2012-06-15,2.891170,0.773052,0.501251,0.271801
2012-06-16,2.893908,0.800516,0.505220,0.295297
2012-06-17,2.896646,0.801294,0.509201,0.292093
2012-06-18,2.899384,0.794929,0.513196,0.281733
2012-06-19,2.902122,0.805786,0.517203,0.288583
2012-06-20,2.904860,0.816131,0.521223,0.294907
2012-06-21,2.907598,0.822533,0.525256,0.297277
2012-06-22,2.910335,0.816242,0.529302,0.286941
2012-06-23,2.913073,0.810551,0.533360,0.277191
2012-06-24,2.915811,0.802089,0.537431,0.264658
2012-06-25,2.918549,0.799841,0.541514,0.258326
2012-06-26,2.921287,0.800092,0.545610,0.254482
2012-06-27,2.924025,0.810377,0.549718,0.260659
2012-06-28,2.926762,0.811145,0.553838,0.257306
2012-06-29,2.929500,0.823771,0.557971,0.265800
2012-06-30,2.932238,0.816643,0.562116,0.254528
2012-07-01,2.934976,0.816407,0.566272,0.250134
2012-07-02,2.937714,0.828034,0.570441,0.257593
2012-07-03,2.940452,0.815813,0.574622,0.241191
2012-07-04,2.943190,0.813124,0.578814,0.234309
2012-07-05,2.945927,0.819031,0.583018,0.236013
2012-07-06,2.948665,0.816890,0.587234,0.229656
2012-07-07,2.951403,0.822641,0.591462,0.231180
2012-07-08,2.954141,0.825199,0.595701,0.229498
2012-07-09,2.956879,0.830922,0.599952,0.230970
2012-07-10,2.959617,0.852474,0.604214,0.248260
2012-07-11,2.962355,0.854512,0.608487,0.246025
2012-07-12,2.965092,0.854944,0.612772,0.242173
2012-07-13,2.967830,0.877344,0.617068,0.260277
2012-07-14,2.970568,0.876722,0.621374,0.255348
2012-07-15,2.973306,0.886295,0.625693,0.260602
2012-07-16,2.976044,0.891202,0.630022,0.261180
2012-07-17,2.978782,0.916458,0.634361,0.282096
2012-07-18,2.981520,0.946219,0.638712,0.307507
2012-07-19,2.984257,0.953530,0.643074,0.310457
2012-07-20,2.986995,0.917868,0.647446,0.270422
2012-07-21,2.989733,0.935907,0.651829,0.284078
2012-07-22,2.992471,0.932730,0.656222,0.276508
2012-07-23,2.995209,0.933857,0.660626,0.273231
2012-07-24,2.997947,0.932781,0.665040,0.267740
2012-07-25,3.000684,0.926695,0.669465,0.257230
2012-07-26,3.003422,0.934351,0.673899,0.260451
2012-07-27,3.006160,0.942713,0.678344,0.264369
2012-07-28,3.008898,0.944820,0.682800,0.262020
2012-07-29,3.011636,0.940831,0.687265,0.253566
2012-07-30,3.014374,0.944302,0.691740,0.252562
2012-07-31,3.017112,0.960092,0.696225,0.263867
2012-08-01,3.019849,0.973273,0.700719,0.272554
2012-08-02,3.022587,0.986905,0.705224,0.281681
2012-08-03,3.025325,1.023193,0.709738,0.313455
2012-08-04,3.028063,1.040098,0.714262,0.325836
2012-08-05,3.030801,1.020653,0.718795,0.301857
2012-08-06,3.033539,1.033272,0.723338,0.309934
2012-08-07,3.036277,1.035326,0.727890,0.307436
2012-08-08,3.039014,1.042307,0.732451,0.309856
2012-08-09,3.041752,1.049125,0.737022,0.312103
2012-08-10,3.044490,1.050160,0.741601,0.308558
2012-08-11,3.047228,1.056588,0.746190,0.310398
2012-08-12,3.049966,1.061471,0.750788,0.310683
2012-08-13,3.052704,1.067461,0.755395,0.312066
2012-08-14,3.055441,1.078773,0.760010,0.318763
2012-08-15,3.058179,1.098240,0.764634,0.333606
2012-08-16,3.060917,1.122804,0.769267,0.353537
2012-08-17,3.063655,1.140024,0.773909,0.366115
2012-08-18,3.066393,1.077500,0.778559,0.298941
2012-08-19,3.069131,0.990806,0.783217,0.207588
2012-08-20,3.071869,0.982201,0.787884,0.194316
2012-08-21,3.074606,1.005690,0.792560,0.213130
2012-08-22,3.077344,1.001104,0.797243,0.203861
2012-08-23,3.080082,1.000644,0.801935,0.198709
2012-08-24,3.082820,1.009266,0.806635,0.202631
2012-08-25,3.085558,1.021815,0.811342,0.210473
2012-08-26,3.088296,1.023637,0.816058,0.207579
2012-08-27,3.091034,1.049804,0.820782,0.229023
2012-08-28,3.093771,1.040959,0.825513,0.215446
2012-08-29,3.096509,1.033659,0.830252,0.203407
2012-08-30,3.099247,1.031645,0.834999,0.196646
2012-08-31,3.101985,1.018037,0.839753,0.178284
2012-09-01,3.104723,1.001832,0.844515,0.157318
2012-09-02,3.107461,1.000900,0.849284,0.151616
2012-09-03,3.110198,1.010848,0.854060,0.156787
2012-09-04,3.112936,1.013896,0.858844,0.155052
2012-09-05,3.115674,1.019270,0.863635,0.155635
2012-09-06,3.118412,1.036331,0.868433,0.167898
2012-09-07,3.121150,1.048518,0.873238,0.175280
2012-09-08,3.123888,1.041244,0.878050,0.163194
2012-09-09,3.126626,1.043727,0.882869,0.160858
2012-09-10,3.129363,1.040868,0.887695,0.153173
2012-09-11,3.132101,1.042871,0.892527,0.150344
2012-09-12,3.134839,1.048433,0.897366,0.151067
2012-09-13,3.137577,1.051407,0.902212,0.149196
2012-09-14,3.140315,1.061666,0.907064,0.154603
2012-09-15,3.143053,1.063380,0.911922,0.151458
2012-09-16,3.145791,1.073319,0.916787,0.156532
2012-09-17,3.148528,1.071447,0.921658,0.149789
2012-09-18,3.151266,1.076341,0.926535,0.149805
2012-09-19,3.154004,1.089412,0.931419,0.157993
2012-09-20,3.156742,1.098594,0.936308,0.162286
2012-09-21,3.159480,1.089611,0.941204,0.148408
2012-09-22,3.162218,1.086723,0.946105,0.140619
2012-09-23,3.164956,1.080845,0.951012,0.129833
2012-09-24,3.167693,1.078540,0.955925,0.122615
2012-09-25,3.170431,1.078389,0.960843,0.117546
2012-09-26,3.173169,1.081860,0.965767,0.116092
2012-09-27,3.175907,1.086906,0.970697,0.116209
2012-09-28,3.178645,1.088822,0.975632,0.113190
2012-09-29,3.181383,1.091326,0.980572,0.110754
2012-09-30,3.184120,1.089586,0.985518,0.104068
2012-10-01,3.186858,1.087364,0.990469,0.096895
2012-10-02,3.189596,1.095690,0.995425,0.100265
2012-10-03,3.192334,1.107227,1.000385,0.106842
2012-10-04,3.195072,1.107841,1.005351,0.102490
2012-10-05,3.197810,1.102384,1.010322,0.092062
2012-10-06,3.200548,1.099610,1.015298,0.084312
2012-10-07,3.203285,1.084026,1.020278,0.063748
2012-10-08,3.206023,1.057238,1.025263,0.031975
2012-10-09,3.208761,1.075314,1.030253,0.045062
2012-10-10,3.211499,1.080885,1.035247,0.045639
2012-10-11,3.214237,1.080290,1.040245,0.040045
2012-10-12,3.216975,1.080433,1.045248,0.035185
2012-10-13,3.219713,1.078487,1.050255,0.028231
2012-10-14,3.222450,1.075701,1.055267,0.020434
2012-10-15,3.225188,1.066422,1.060282,0.006140
2012-10-16,3.227926,1.069736,1.065302,0.004434
2012-10-17,3.230664,1.072696,1.070325,0.002371
2012-10-18,3.233402,1.073473,1.075353,-0.001880
2012-10-19,3.236140,1.071684,1.080384,-0.008700
2012-10-20,3.238877,1.066742,1.085419,-0.018676
2012-10-21,3.241615,1.064807,1.090457,-0.025650
2012-10-22,3.244353,1.063124,1.095500,-0.032375
2012-10-23,3.247091,1.066211,1.100545,-0.034334
2012-10-24,3.249829,1.062686,1.105594,-0.042908
2012-10-25,3.252567,1.044500,1.110647,-0.066147
2012-10-26,3.255305,1.016982,1.115703,-0.098721
2012-10-27,3.258042,1.009293,1.120762,-0.111469
2012-10-28,3.260780,1.006864,1.125824,-0.118960
2012-10-29,3.263518,1.021581,1.130889,-0.109308
2012-10-30,3.266256,1.032178,1.135957,-0.103779
2012-10-31,3.268994,1.038134,1.141028,-0.102894
2012-11-01,3.271732,1.043753,1.146102,-0.102350
2012-11-02,3.274470,1.032997,1.151179,-0.118182
2012-11-03,3.277207,1.024728,1.156258,-0.131531
2012-11-04,3.279945,1.019899,1.161340,-0.141441
2012-11-05,3.282683,1.025847,1.166425,-0.140577
2012-11-06,3.285421,1.027382,1.171512,-0.144130
2012-11-07,3.288159,1.033484,1.176601,-0.143117
2012-11-08,3.290897,1.031827,1.181692,-0.149865
2012-11-09,3.293634,1.033326,1.186786,-0.153461
2012-11-10,3.296372,1.033007,1.191882,-0.158875
2012-11-11,3.299110,1.032426,1.196980,-0.164554
2012-11-12,3.301848,1.038902,1.202080,-0.163179
2012-11-13,3.304586,1.037308,1.207182,-0.169874
2012-11-14,3.307324,1.037337,1.212286,-0.174949
2012-11-15,3.310062,1.039790,1.217391,-0.177601
2012-11-16,3.312799,1.054051,1.222499,-0.168448
2012-11-17,3.315537,1.063145,1.227608,-0.164463
2012-11-18,3.318275,1.065083,1.232718,-0.167635
2012-11-19,3.321013,1.064938,1.237830,-0.172892
2012-11-20,3.323751,1.065281,1.242943,-0.177662
2012-11-21,3.326489,1.065206,1.248058,-0.182852
2012-11-22,3.329227,1.073815,1.253173,-0.179359
2012-11-23,3.331964,1.083058,1.258290,-0.175233
2012-11-24,3.334702,1.092335,1.263408,-0.171073
2012-11-25,3.337440,1.089889,1.268528,-0.178639
2012-11-26,3.340178,1.091344,1.273648,-0.182304
2012-11-27,3.342916,1.081291,1.278768,-0.197477
2012-11-28,3.345654,1.087088,1.283890,-0.196802
2012-11-29,3.348392,1.088648,1.289013,-0.200365
2012-11-30,3.351129,1.093080,1.294136,-0.201056
2012-12-01,3.353867,1.095486,1.299259,-0.203773
2012-12-02,3.356605,1.095503,1.304383,-0.208880
2012-12-03,3.359343,1.096339,1.309508,-0.213169
2012-12-04,3.362081,1.105338,1.314633,-0.209295
2012-12-05,3.364819,1.122209,1.319758,-0.197548
2012-12-06,3.367556,1.125552,1.324883,-0.199331
2012-12-07,3.370294,1.126082,1.330009,-0.203927
2012-12-08,3.373032,1.126152,1.335134,-0.208982
2012-12-09,3.375770,1.117855,1.340260,-0.222405
2012-12-10,3.378508,1.123489,1.345385,-0.221896
2012-12-11,3.381246,1.126435,1.350510,-0.224076
2012-12-12,3.383984,1.129211,1.355635,-0.226424
2012-12-13,3.386721,1.130589,1.360760,-0.230171
2012-12-14,3.389459,1.133528,1.365884,-0.232357
2012-12-15,3.392197,1.130933,1.371008,-0.240075
2012-12-16,3.394935,1.126241,1.376131,-0.249890
2012-12-17,3.397673,1.120880,1.381254,-0.260374
2012-12-18,3.400411,1.118503,1.386376,-0.267873
2012-12-19,3.403149,1.120765,1.391497,-0.270732
2012-12-20,3.405886,1.121934,1.396618,-0.274684
2012-12-21,3.408624,1.126624,1.401737,-0.275113
2012-12-22,3.411362,1.123987,1.406856,-0.282869
2012-12-23,3.414100,1.119609,1.411973,-0.292364
2012-12-24,3.416838,1.120821,1.417089,-0.296268
2012-12-25,3.419576,1.119797,1.422205,-0.302408
2012-12-26,3.422313,1.118715,1.427319,-0.308604
2012-12-27,3.425051,1.121150,1.432431,-0.311281
2012-12-28,3.427789,1.121964,1.437542,-0.315578
2012-12-29,3.430527,1.125343,1.442652,-0.317309
2012-12-30,3.433265,1.123220,1.447760,-0.324540
2012-12-31,3.436003,1.123857,1.452866,-0.329010
2013-01-01,3.438741,1.123423,1.457971,-0.334548
2013-01-02,3.441478,1.120869,1.463074,-0.342205
2013-01-03,3.444216,1.122911,1.468175,-0.345265
2013-01-04,3.446954,1.120038,1.473275,-0.353237
2013-01-05,3.449692,1.122485,1.478372,-0.355887
2013-01-06,3.452430,1.120666,1.483467,-0.362802
2013-01-07,3.455168,1.122861,1.488560,-0.365699
2013-01-08,3.457906,1.125234,1.493651,-0.368418
2013-01-09,3.460643,1.133218,1.498740,-0.365522
2013-01-10,3.463381,1.137244,1.503826,-0.366582
2013-01-11,3.466119,1.147004,1.508910,-0.361906
2013-01-12,3.468857,1.148756,1.513991,-0.365235
2013-01-13,3.471595,1.146365,1.519070,-0.372706
2013-01-14,3.474333,1.146165,1.524147,-0.377981
2013-01-15,3.477070,1.152114,1.529220,-0.377106
2013-01-16,3.479808,1.158896,1.534291,-0.375395
2013-01-17,3.482546,1.173694,1.539359,-0.365665
2013-01-18,3.485284,1.192380,1.544424,-0.352044
2013-01-19,3.488022,1.188135,1.549486,-0.361351
2013-01-20,3.490760,1.191827,1.554545,-0.362718
2013-01-21,3.493498,1.210506,1.559601,-0.349096
2013-01-22,3.496235,1.229928,1.564654,-0.334726
2013-01-23,3.498973,1.237428,1.569704,-0.332276
2013-01-24,3.501711,1.255739,1.574750,-0.319011
2013-01-25,3.504449,1.230249,1.579793,-0.349543
2013-01-26,3.507187,1.232094,1.584832,-0.352738
2013-01-27,3.509925,1.241415,1.589868,-0.348453
2013-01-28,3.512663,1.268430,1.594900,-0.326470
2013-01-29,3.515400,1.279561,1.599929,-0.320367
2013-01-30,3.518138,1.284668,1.604954,-0.320286
2013-01-31,3.520876,1.305663,1.609975,-0.304311
2013-02-01,3.523614,1.313750,1.614992,-0.301242
2013-02-02,3.526352,1.301602,1.620005,-0.318403
2013-02-03,3.529090,1.302813,1.625015,-0.322201
2013-02-04,3.531828,1.310099,1.630020,-0.319921
2013-02-05,3.534565,1.310092,1.635021,-0.324929
2013-02-06,3.537303,1.318756,1.640018,-0.321262
2013-02-07,3.540041,1.329552,1.645011,-0.315459
2013-02-08,3.542779,1.348366,1.649999,-0.301633
2013-02-09,3.545517,1.368213,1.654983,-0.286770
2013-02-10,3.548255,1.364791,1.659962,-0.295171
2013-02-11,3.550992,1.376853,1.664937,-0.288085
2013-02-12,3.553730,1.397216,1.669908,-0.272691
2013-02-13,3.556468,1.406052,1.674873,-0.268821
2013-02-14,3.559206,1.410317,1.679834,-0.269518
2013-02-15,3.561944,1.431916,1.684790,-0.252874
2013-02-16,3.564682,1.434983,1.689742,-0.254758
2013-02-17,3.567420,1.429827,1.694688,-0.264861
2013-02-18,3.570157,1.426532,1.699629,-0.273098
2013-02-19,3.572895,1.447588,1.704566,-0.256978
2013-02-20,3.575633,1.469709,1.709497,-0.239788
2013-02-21,3.578371,1.473705,1.714423,-0.240718
2013-02-22,3.581109,1.483803,1.719344,-0.235541
2013-02-23,3.583847,1.466651,1.724259,-0.257608
2013-02-24,3.586585,1.472472,1.729169,-0.256697
2013-02-25,3.589322,1.476140,1.734074,-0.257934
2013-02-26,3.592060,1.488111,1.738973,-0.250862
2013-02-27,3.594798,1.496436,1.743866,-0.247431
2013-02-28,3.597536,1.517544,1.748754,-0.231210
2013-03-01,3.600274,1.531231,1.753636,-0.222405
2013-03-02,3.603012,1.532078,1.758513,-0.226435
2013-03-03,3.605749,1.529021,1.763383,-0.234362
2013-03-04,3.608487,1.546187,1.768248,-0.222062
2013-03-05,3.611225,1.593153,1.773107,-0.179954
2013-03-06,3.613963,1.658520,1.777960,-0.119439
2013-03-07,3.616701,1.625386,1.782806,-0.157420
2013-03-08,3.619439,1.634893,1.787647,-0.152754
2013-03-09,3.622177,1.652116,1.792481,-0.140365
2013-03-10,3.624914,1.675949,1.797309,-0.121360
2013-03-11,3.627652,1.682434,1.802131,-0.119697
2013-03-12,3.630390,1.659859,1.806946,-0.147088
2013-03-13,3.633128,1.672159,1.811755,-0.139596
2013-03-14,3.635866,1.675996,1.816557,-0.140561
2013-03-15,3.638604,1.673175,1.821353,-0.148178
2013-03-16,3.641342,1.671390,1.826142,-0.154752
2013-03-17,3.644079,1.672867,1.830925,-0.158058
2013-03-18,3.646817,1.678838,1.835700,-0.156863
2013-03-19,3.649555,1.734869,1.840469,-0.105600
2013-03-20,3.652293,1.786240,1.845231,-0.058991
2013-03-21,3.655031,1.836906,1.849986,-0.013081
2013-03-22,3.657769,1.855961,1.854735,0.001226
2013-03-23,3.660507,1.816868,1.859476,-0.042607
2013-03-24,3.663244,1.832560,1.864209,-0.031649
2013-03-25,3.665982,1.866273,1.868936,-0.002663
2013-03-26,3.668720,1.890223,1.873656,0.016567
2013-03-27,3.671458,1.932142,1.878368,0.053774
2013-03-28,3.674196,1.959178,1.883073,0.076105
2013-03-29,3.676934,1.954368,1.887770,0.066597
2013-03-30,3.679671,1.963442,1.892460,0.070982
2013-03-31,3.682409,1.970115,1.897143,0.072972
2013-04-01,3.685147,1.992136,1.901817,0.090319
2013-04-02,3.687885,2.031861,1.906485,0.125376
2013-04-03,3.690623,2.111272,1.911144,0.200128
2013-04-04,3.693361,2.121715,1.915796,0.205919
2013-04-05,3.696099,2.139084,1.920440,0.218644
2013-04-06,3.698836,2.151178,1.925076,0.226102
2013-04-07,3.701574,2.178715,1.929704,0.249011
2013-04-08,3.704312,2.256213,1.934324,0.321888
2013-04-09,3.707050,2.317469,1.938936,0.378533
2013-04-10,3.709788,2.350031,1.943541,0.406490
2013-04-11,3.712526,2.117035,1.948136,0.168899
2013-04-12,3.715264,1.930670,1.952724,-0.022054
2013-04-13,3.718001,2.022216,1.957303,0.064912
2013-04-14,3.720739,1.994289,1.961875,0.032414
2013-04-15,3.723477,1.966932,1.966437,0.000494
2013-04-16,3.726215,1.824986,1.970992,-0.146006
2013-04-17,3.728953,1.913535,1.975537,-0.062002
2013-04-18,3.731691,1.974856,1.980075,-0.005219
2013-04-19,3.734428,2.073350,1.984603,0.088747
2013-04-20,3.737166,2.081925,1.989123,0.092802
2013-04-21,3.739904,2.085891,1.993635,0.092256
2013-04-22,3.742642,2.085894,1.998137,0.087757
2013-04-23,3.745380,2.112492,2.002631,0.109861
2013-04-24,3.748118,2.167559,2.007116,0.160443
2013-04-25,3.750856,2.176710,2.011592,0.165118
2013-04-26,3.753593,2.128545,2.016059,0.112486
2013-04-27,3.756331,2.125928,2.020517,0.105411
2013-04-28,3.759069,2.123040,2.024966,0.098074
2013-04-29,3.761807,2.142263,2.029406,0.112857
2013-04-30,3.764545,2.148998,2.033836,0.115162
2013-05-01,3.767283,2.109281,2.038258,0.071024
2013-05-02,3.770021,2.047666,2.042670,0.004996
2013-05-03,3.772758,1.971569,2.047072,-0.075503
2013-05-04,3.775496,2.019742,2.051466,-0.031724
2013-05-05,3.778234,2.056979,2.055850,0.001129
2013-05-06,3.780972,2.075564,2.060224,0.015340
2013-05-07,3.783710,2.039265,2.064589,-0.025325
2013-05-08,3.786448,2.049035,2.068945,-0.019910
2013-05-09,3.789185,2.045887,2.073290,-0.027404
2013-05-10,3.791923,2.061862,2.077626,-0.015765
2013-05-11,3.794661,2.062631,2.081953,-0.019322
2013-05-12,3.797399,2.058353,2.086269,-0.027916
2013-05-13,3.800137,2.063746,2.090576,-0.026830
2013-05-14,3.802875,2.064967,2.094873,-0.029906
2013-05-15,3.805613,2.040066,2.099160,-0.059094
2013-05-16,3.808350,2.046087,2.103437,-0.057349
2013-05-17,3.811088,2.060618,2.107703,-0.047085
2013-05-18,3.813826,2.068248,2.111960,-0.043712
2013-05-19,3.816564,2.072031,2.116207,-0.044176
2013-05-20,3.819302,2.070062,2.120443,-0.050382
2013-05-21,3.822040,2.069797,2.124670,-0.054873
2013-05-22,3.824778,2.074274,2.128886,-0.054612
2013-05-23,3.827515,2.082609,2.133092,-0.050483
2013-05-24,3.830253,2.099819,2.137287,-0.037468
2013-05-25,3.832991,2.110398,2.141472,-0.031074
2013-05-26,3.835729,2.113806,2.145646,-0.031841
2013-05-27,3.838467,2.111853,2.149810,-0.037958
2013-05-28,3.841205,2.101288,2.153964,-0.052676
2013-05-29,3.843943,2.106416,2.158107,-0.051691
2013-05-30,3.846680,2.112905,2.162239,-0.049334
2013-05-31,3.849418,2.105936,2.166361,-0.060424
2013-06-01,3.852156,2.103678,2.170472,-0.066793
2013-06-02,3.854894,2.090000,2.174572,-0.084572
2013-06-03,3.857632,2.078748,2.178661,-0.099913
2013-06-04,3.860370,2.081914,2.182739,-0.100825
2013-06-05,3.863107,2.079505,2.186807,-0.107302
2013-06-06,3.865845,2.080447,2.190864,-0.110417
2013-06-07,3.868583,2.057808,2.194909,-0.137101
2013-06-08,3.871321,2.036427,2.198944,-0.162517
2013-06-09,3.874059,1.999691,2.202967,-0.203277
2013-06-10,3.876797,2.013737,2.206980,-0.193243
2013-06-11,3.879535,2.025963,2.210981,-0.185018
2013-06-12,3.882272,2.032435,2.214971,-0.182536
2013-06-13,3.885010,2.026558,2.218950,-0.192392
2013-06-14,3.887748,2.002352,2.222917,-0.220565
2013-06-15,3.890486,1.999133,2.226874,-0.227741
2013-06-16,3.893224,2.002719,2.230819,-0.228100
2013-06-17,3.895962,2.000642,2.234752,-0.234110
2013-06-18,3.898700,2.016834,2.238674,-0.221840
2013-06-19,3.901437,2.023395,2.242585,-0.219190
2013-06-20,3.904175,2.027342,2.246484,-0.219142
2013-06-21,3.906913,2.013279,2.250371,-0.237092
2013-06-22,3.909651,1.972999,2.254247,-0.281248
2013-06-23,3.912389,2.005379,2.258111,-0.252732
2013-06-24,3.915127,1.964425,2.261964,-0.297539
2013-06-25,3.917864,1.999184,2.265805,-0.266621
2013-06-26,3.920602,1.995907,2.269634,-0.273727
2013-06-27,3.923340,1.992719,2.273451,-0.280732
2013-06-28,3.926078,1.966961,2.277256,-0.310295
2013-06-29,3.928816,1.957064,2.281050,-0.323986
2013-06-30,3.931554,1.954858,2.284831,-0.329973
2013-07-01,3.934292,1.946948,2.288601,-0.341654
2013-07-02,3.937029,1.934897,2.292359,-0.357462
2013-07-03,3.939767,1.926711,2.296105,-0.369394
2013-07-04,3.942505,1.893758,2.299838,-0.406080
2013-07-05,3.945243,1.862849,2.303560,-0.440711
2013-07-06,3.947981,1.826147,2.307269,-0.481122
2013-07-07,3.950719,1.827956,2.310966,-0.483010
2013-07-08,3.953457,1.871650,2.314652,-0.443002
2013-07-09,3.956194,1.868089,2.318324,-0.450235
2013-07-10,3.958932,1.888144,2.321985,-0.433841
2013-07-11,3.961670,1.932493,2.325633,-0.393140
2013-07-12,3.964408,1.965417,2.329269,-0.363852
2013-07-13,3.967146,1.951394,2.332893,-0.381499
2013-07-14,3.969884,1.963092,2.336504,-0.373412
2013-07-15,3.972621,1.965914,2.340102,-0.374188
2013-07-16,3.975359,1.968262,2.343689,-0.375427
2013-07-17,3.978097,1.936536,2.347262,-0.410726
2013-07-18,3.980835,1.932376,2.350823,-0.418447
2013-07-19,3.983573,1.931785,2.354372,-0.422587
2013-07-20,3.986311,1.944068,2.357908,-0.413840
2013-07-21,3.989049,1.933853,2.361431,-0.427578
2013-07-22,3.991786,1.937875,2.364942,-0.427067
2013-07-23,3.994524,1.941898,2.368440,-0.426542
2013-07-24,3.997262,1.945964,2.371925,-0.425962
2013-07-25,4.000000,1.952085,2.375398,-0.423313
2013-07-26,4.002738,1.957461,2.378857,-0.421396
2013-07-27,4.005476,1.952350,2.382304,-0.429955
2013-07-28,4.008214,1.955780,2.385738,-0.429959
2013-07-29,4.010951,1.969590,2.389160,-0.419570
2013-07-30,4.013689,1.976160,2.392568,-0.416408
2013-07-31,4.016427,1.997319,2.395963,-0.398644
2013-08-01,4.019165,1.991942,2.399345,-0.407404
2013-08-02,4.021903,1.989908,2.402715,-0.412806
2013-08-03,4.024641,1.986658,2.406071,-0.419413
2013-08-04,4.027379,1.986879,2.409414,-0.422535
2013-08-05,4.030116,1.992253,2.412744,-0.420491
2013-08-06,4.032854,1.994124,2.416061,-0.421937
2013-08-07,4.035592,1.993186,2.419365,-0.426179
2013-08-08,4.038330,1.984313,2.422656,-0.438343
2013-08-09,4.041068,1.976726,2.425933,-0.449207
2013-08-10,4.043806,1.974776,2.429198,-0.454422
2013-08-11,4.046543,1.977461,2.432449,-0.454988
2013-08-12,4.049281,1.979393,2.435686,-0.456294
2013-08-13,4.052019,1.986622,2.438911,-0.452289
2013-08-14,4.054757,2.005329,2.442122,-0.436792
2013-08-15,4.057495,1.999375,2.445320,-0.445945
2013-08-16,4.060233,1.995960,2.448504,-0.452544
2013-08-17,4.062971,1.998288,2.451675,-0.453387
2013-08-18,4.065708,2.001791,2.454833,-0.453042
2013-08-19,4.068446,2.013454,2.457977,-0.444522
2013-08-20,4.071184,2.018911,2.461107,-0.442196
2013-08-21,4.073922,2.033677,2.464224,-0.430547
2013-08-22,4.076660,2.047984,2.467328,-0.419344
2013-08-23,4.079398,2.037760,2.470418,-0.432659
2013-08-24,4.082136,2.036952,2.473495,-0.436542
2013-08-25,4.084873,2.046863,2.476558,-0.429694
2013-08-26,4.087611,2.045042,2.479607,-0.434565
2013-08-27,4.090349,2.067257,2.482642,-0.415385
2013-08-28,4.093087,2.073010,2.485664,-0.412655
2013-08-29,4.095825,2.076626,2.488673,-0.412047
2013-08-30,4.098563,2.082010,2.491667,-0.409657
2013-08-31,4.101300,2.109709,2.494648,-0.384940
2013-09-01,4.104038,2.119427,2.497615,-0.378188
2013-09-02,4.106776,2.117273,2.500569,-0.383295
2013-09-03,4.109514,2.115605,2.503508,-0.387904
2013-09-04,4.112252,2.107214,2.506434,-0.399220
2013-09-05,4.114990,2.086382,2.509346,-0.422964
2013-09-06,4.117728,2.090711,2.512244,-0.421533
2013-09-07,4.120465,2.077430,2.515129,-0.437699
2013-09-08,4.123203,2.077260,2.517999,-0.440739
2013-09-09,4.125941,2.074542,2.520855,-0.446314
2013-09-10,4.128679,2.089019,2.523698,-0.434679
2013-09-11,4.131417,2.093145,2.526527,-0.433382
2013-09-12,4.134155,2.106758,2.529341,-0.422583
2013-09-13,4.136893,2.109483,2.532142,-0.422659
2013-09-14,4.139630,2.105122,2.534929,-0.429807
2013-09-15,4.142368,2.100123,2.537701,-0.437578
2013-09-16,4.145106,2.102802,2.540460,-0.437659
2013-09-17,4.147844,2.105848,2.543205,-0.437357
2013-09-18,4.150582,2.108826,2.545935,-0.437109
2013-09-19,4.153320,2.103681,2.548652,-0.444971
2013-09-20,4.156057,2.095797,2.551354,-0.455557
2013-09-21,4.158795,2.093280,2.554043,-0.460763
2013-09-22,4.161533,2.093360,2.556717,-0.463357
2013-09-23,4.164271,2.099135,2.559377,-0.460241
2013-09-24,4.167009,2.101775,2.562023,-0.460248
2013-09-25,4.169747,2.100848,2.564654,-0.463807
2013-09-26,4.172485,2.102664,2.567272,-0.464608
2013-09-27,4.175222,2.104182,2.569875,-0.465693
2013-09-28,4.177960,2.109273,2.572465,-0.463191
2013-09-29,4.180698,2.111011,2.575040,-0.464028
2013-09-30,4.183436,2.102157,2.577600,-0.475443
2013-10-01,4.186174,2.105959,2.580147,-0.474188
2013-10-02,4.188912,2.091609,2.582679,-0.491070
2013-10-03,4.191650,2.056881,2.585197,-0.528317
2013-10-04,4.194387,2.089653,2.587701,-0.498048
2013-10-05,4.197125,2.090274,2.590190,-0.499916
2013-10-06,4.199863,2.089362,2.592666,-0.503304
2013-10-07,4.202601,2.095334,2.595126,-0.499792
2013-10-08,4.205339,2.095874,2.597573,-0.501699
2013-10-09,4.208077,2.099638,2.600005,-0.500367
2013-10-10,4.210815,2.103319,2.602423,-0.499104
2013-10-11,4.213552,2.106142,2.604826,-0.498685
2013-10-12,4.216290,2.107137,2.607215,-0.500078
2013-10-13,4.219028,2.115285,2.609590,-0.494306
2013-10-14,4.221766,2.131499,2.611951,-0.480451
2013-10-15,4.224504,2.140187,2.614297,-0.474109
2013-10-16,4.227242,2.155490,2.616628,-0.461138
2013-10-17,4.229979,2.153127,2.618945,-0.465818
2013-10-18,4.232717,2.170553,2.621248,-0.450695
2013-10-19,4.235455,2.205857,2.623537,-0.417679
2013-10-20,4.238193,2.217927,2.625810,-0.407884
2013-10-21,4.240931,2.238786,2.628070,-0.389284
2013-10-22,4.243669,2.269016,2.630315,-0.361299
2013-10-23,4.246407,2.290401,2.632546,-0.342145
2013-10-24,4.249144,2.286895,2.634762,-0.347867
2013-10-25,4.251882,2.259524,2.636963,-0.377439
2013-10-26,4.254620,2.259167,2.639151,-0.379984
2013-10-27,4.257358,2.267296,2.641323,-0.374027
2013-10-28,4.260096,2.286604,2.643482,-0.356877
2013-10-29,4.262834,2.295534,2.645626,-0.350091
2013-10-30,4.265572,2.302943,2.647755,-0.344812
2013-10-31,4.268309,2.301384,2.649870,-0.348486
2013-11-01,4.271047,2.307613,2.651970,-0.344357
2013-11-02,4.273785,2.308948,2.654056,-0.345108
2013-11-03,4.276523,2.313154,2.656127,-0.342973
2013-11-04,4.279261,2.330706,2.658184,-0.327478
2013-11-05,4.281999,2.371789,2.660226,-0.288438
2013-11-06,4.284736,2.407285,2.662254,-0.254969
2013-11-07,4.287474,2.449556,2.664267,-0.214712
2013-11-08,4.290212,2.497774,2.666266,-0.168492
2013-11-09,4.292950,2.541520,2.668251,-0.126730
2013-11-10,4.295688,2.487630,2.670220,-0.182591
2013-11-11,4.298426,2.526126,2.672176,-0.146049
2013-11-12,4.301164,2.550510,2.674116,-0.123607
2013-11-13,4.303901,2.580410,2.676042,-0.095632
2013-11-14,4.306639,2.619872,2.677954,-0.058082
2013-11-15,4.309377,2.624273,2.679851,-0.055578
2013-11-16,4.312115,2.632234,2.681734,-0.049500
2013-11-17,4.314853,2.665365,2.683602,-0.018237
2013-11-18,4.317591,2.742893,2.685456,0.057437
2013-11-19,4.320329,2.802187,2.687295,0.114892
2013-11-20,4.323066,2.723446,2.689119,0.034327
2013-11-21,4.325804,2.812487,2.690929,0.121558
2013-11-22,4.328542,2.862292,2.692725,0.169567
2013-11-23,4.331280,2.917679,2.694506,0.223173
2013-11-24,4.334018,2.894514,2.696272,0.198242
2013-11-25,4.336756,2.902320,2.698024,0.204296
2013-11-26,4.339493,2.921371,2.699762,0.221609
2013-11-27,4.342231,2.966729,2.701485,0.265244
2013-11-28,4.344969,2.997494,2.703193,0.294301
2013-11-29,4.347707,3.028267,2.704887,0.323380
2013-11-30,4.350445,3.053408,2.706566,0.346841
2013-12-01,4.353183,2.997026,2.708231,0.288794
2013-12-02,4.355921,3.000993,2.709882,0.291111
2013-12-03,4.358658,3.018992,2.711518,0.307474
2013-12-04,4.361396,3.037147,2.713139,0.324007
2013-12-05,4.364134,3.014558,2.714747,0.299811
2013-12-06,4.366872,2.977117,2.716339,0.260778
2013-12-07,4.369610,2.875080,2.717917,0.157163
2013-12-08,4.372348,2.867571,2.719481,0.148090
2013-12-09,4.375086,2.940760,2.721030,0.219730
2013-12-10,4.377823,2.976225,2.722565,0.253660
2013-12-11,4.380561,2.962737,2.724085,0.238652
2013-12-12,4.383299,2.941740,2.725591,0.216149
2013-12-13,4.386037,2.950430,2.727083,0.223347
2013-12-14,4.388775,2.940821,2.728560,0.212261
2013-12-15,4.391513,2.919485,2.730023,0.189462
2013-12-16,4.394251,2.901002,2.731471,0.169531
2013-12-17,4.396988,2.843776,2.732905,0.110871
2013-12-18,4.399726,2.751863,2.734324,0.017538
2013-12-19,4.402464,2.794418,2.735730,0.058688
2013-12-20,4.405202,2.829244,2.737120,0.092123
2013-12-21,4.407940,2.790395,2.738497,0.051899
2013-12-22,4.410678,2.800271,2.739859,0.060413
2013-12-23,4.413415,2.807181,2.741207,0.065975
2013-12-24,4.416153,2.815888,2.742540,0.073348
2013-12-25,4.418891,2.819968,2.743859,0.076109
2013-12-26,4.421629,2.855880,2.745164,0.110716
2013-12-27,4.424367,2.865157,2.746455,0.118702
2013-12-28,4.427105,2.861062,2.747731,0.113331
2013-12-29,4.429843,2.857376,2.748993,0.108383
2013-12-30,4.432580,2.868125,2.750241,0.117884
2013-12-31,4.435318,2.864987,2.751474,0.113513
2014-01-01,4.438056,2.873465,2.752693,0.120772
2014-01-02,4.440794,2.882329,2.753898,0.128431
2014-01-03,4.443532,2.903068,2.755089,0.147978
2014-01-04,4.446270,2.909331,2.756266,0.153065
2014-01-05,4.449008,2.940105,2.757428,0.182677
2014-01-06,4.451745,2.973328,2.758576,0.214751
2014-01-07,4.454483,2.946604,2.759711,0.186893
2014-01-08,4.457221,2.914651,2.760831,0.153820
2014-01-09,4.459959,2.918569,2.761936,0.156633
2014-01-10,4.462697,2.920439,2.763028,0.157411
2014-01-11,4.465435,2.947177,2.764106,0.183072
2014-01-12,4.468172,2.941385,2.765169,0.176216
2014-01-13,4.470910,2.918726,2.766219,0.152507
2014-01-14,4.473648,2.919737,2.767254,0.152482
2014-01-15,4.476386,2.926610,2.768276,0.158335
2014-01-16,4.479124,2.923250,2.769283,0.153967
2014-01-17,4.481862,2.907814,2.770276,0.137537
2014-01-18,4.484600,2.911621,2.771256,0.140365
2014-01-19,4.487337,2.916105,2.772221,0.143884
2014-01-20,4.490075,2.922320,2.773173,0.149148
2014-01-21,4.492813,2.917982,2.774110,0.143871
2014-01-22,4.495551,2.915540,2.775034,0.140506
2014-01-23,4.498289,2.914775,2.775943,0.138831
2014-01-24,4.501027,2.903273,2.776839,0.126434
2014-01-25,4.503765,2.906510,2.777721,0.128789
2014-01-26,4.506502,2.911865,2.778589,0.133276
2014-01-27,4.509240,2.907773,2.779443,0.128329
2014-01-28,4.511978,2.898314,2.780284,0.118030
2014-01-29,4.514716,2.903607,2.781110,0.122496
2014-01-30,4.517454,2.902640,2.781923,0.120717
2014-01-31,4.520192,2.907094,2.782722,0.124372
2014-02-01,4.522930,2.912375,2.783508,0.128867
2014-02-02,4.525667,2.914553,2.784279,0.130273
2014-02-03,4.528405,2.911181,2.785037,0.126143
2014-02-04,4.531143,2.909844,2.785782,0.124062
2014-02-05,4.533881,2.906787,2.786512,0.120274
2014-02-06,4.536619,2.895158,2.787229,0.107928
2014-02-07,4.539357,2.861923,2.787933,0.073990
2014-02-08,4.542094,2.850215,2.788623,0.061592
2014-02-09,4.544832,2.845363,2.789299,0.056065
2014-02-10,4.547570,2.830869,2.789962,0.040908
2014-02-11,4.550308,2.841443,2.790611,0.050832
2014-02-12,4.553046,2.824553,2.791247,0.033306
2014-02-13,4.555784,2.809854,2.791869,0.017985
2014-02-14,4.558522,2.795823,2.792478,0.003346
2014-02-15,4.561259,2.811273,2.793073,0.018201
2014-02-16,4.563997,2.798351,2.793655,0.004696
2014-02-17,4.566735,2.797697,2.794223,0.003474
2014-02-18,4.569473,2.794924,2.794778,0.000145
2014-02-19,4.572211,2.790978,2.795320,-0.004343
2014-02-20,4.574949,2.768635,2.795849,-0.027214
2014-02-21,4.577687,2.744752,2.796364,-0.051612
2014-02-22,4.580424,2.756479,2.796866,-0.040387
2014-02-23,4.583162,2.783903,2.797355,-0.013452
2014-02-24,4.585900,2.751316,2.797830,-0.046514
2014-02-25,4.588638,2.694503,2.798293,-0.103790
2014-02-26,4.591376,2.759589,2.798742,-0.039152
2014-02-27,4.594114,2.766381,2.799178,-0.032797
2014-02-28,4.596851,2.757038,2.799601,-0.042563
2014-03-01,4.599589,2.752778,2.800011,-0.047233
2014-03-02,4.602327,2.754709,2.800407,-0.045699
2014-03-03,4.605065,2.787753,2.800791,-0.013038
2014-03-04,4.607803,2.829372,2.801162,0.028210
2014-03-05,4.610541,2.824199,2.801520,0.022680
2014-03-06,4.613279,2.824674,2.801865,0.022809
2014-03-07,4.616016,2.808594,2.802196,0.006398
2014-03-08,4.618754,2.795088,2.802515,-0.007428
2014-03-09,4.621492,2.798994,2.802822,-0.003828
2014-03-10,4.624230,2.799927,2.803115,-0.003188
2014-03-11,4.626968,2.797140,2.803395,-0.006255
2014-03-12,4.629706,2.804994,2.803663,0.001331
2014-03-13,4.632444,2.807700,2.803918,0.003782
2014-03-14,4.635181,2.803934,2.804160,-0.000227
2014-03-15,4.637919,2.803581,2.804390,-0.000809
2014-03-16,4.640657,2.804079,2.804607,-0.000527
2014-03-17,4.643395,2.798447,2.804811,-0.006364
2014-03-18,4.646133,2.789893,2.805003,-0.015110
2014-03-19,4.648871,2.789955,2.805182,-0.015227
2014-03-20,4.651608,2.777407,2.805348,-0.027942
2014-03-21,4.654346,2.766812,2.805502,-0.038690
2014-03-22,4.657084,2.751913,2.805644,-0.053731
2014-03-23,4.659822,2.753429,2.805773,-0.052344
2014-03-24,4.662560,2.752864,2.805890,-0.053025
2014-03-25,4.665298,2.763339,2.805994,-0.042655
2014-03-26,4.668036,2.764795,2.806086,-0.041291
2014-03-27,4.670773,2.737746,2.806166,-0.068420
2014-03-28,4.673511,2.707661,2.806233,-0.098572
2014-03-29,4.676249,2.700851,2.806288,-0.105438
2014-03-30,4.678987,2.673578,2.806331,-0.132753
2014-03-31,4.681725,2.662010,2.806362,-0.144351
2014-04-01,4.684463,2.679286,2.806380,-0.127094
2014-04-02,4.687201,2.667887,2.806386,-0.138499
2014-04-03,4.689938,2.641122,2.806381,-0.165258
2014-04-04,4.692676,2.649386,2.806363,-0.156977
2014-04-05,4.695414,2.656241,2.806333,-0.150092
2014-04-06,4.698152,2.661975,2.806291,-0.144316
2014-04-07,4.700890,2.659215,2.806238,-0.147023
2014-04-08,4.703628,2.658221,2.806172,-0.147951
2014-04-09,4.706366,2.653055,2.806094,-0.153039
2014-04-10,4.709103,2.612240,2.806005,-0.193765
2014-04-11,4.711841,2.604444,2.805903,-0.201459
2014-04-12,4.714579,2.632130,2.805790,-0.173661
2014-04-13,4.717317,2.620802,2.805666,-0.184864
2014-04-14,4.720055,2.648893,2.805529,-0.156636
2014-04-15,4.722793,2.690082,2.805381,-0.115299
2014-04-16,4.725530,2.713902,2.805221,-0.091319
2014-04-17,4.728268,2.704100,2.805050,-0.100949
2014-04-18,4.731006,2.689924,2.804867,-0.114942
2014-04-19,4.733744,2.694279,2.804672,-0.110393
2014-04-20,4.736482,2.703440,2.804466,-0.101026
2014-04-21,4.739220,2.700455,2.804248,-0.103793
2014-04-22,4.741958,2.695500,2.804019,-0.108519
2014-04-23,4.744695,2.690553,2.803779,-0.113226
2014-04-24,4.747433,2.690363,2.803527,-0.113164
2014-04-25,4.750171,2.667089,2.803264,-0.136176
2014-04-26,4.752909,2.663667,2.802990,-0.139323
2014-04-27,4.755647,2.655954,2.802705,-0.146750
2014-04-28,4.758385,2.641861,2.802408,-0.160547
2014-04-29,4.761123,2.646926,2.802100,-0.155173
2014-04-30,4.763860,2.648700,2.801781,-0.153080
2014-05-01,4.766598,2.658527,2.801451,-0.142924
2014-05-02,4.769336,2.654162,2.801110,-0.146948
2014-05-03,4.772074,2.644627,2.800757,-0.156131
2014-05-04,4.774812,2.638734,2.800394,-0.161660
2014-05-05,4.777550,2.636097,2.800020,-0.163923
2014-05-06,4.780287,2.632275,2.799635,-0.167361
2014-05-07,4.783025,2.641810,2.799240,-0.157429
2014-05-08,4.785763,2.646967,2.798833,-0.151866
2014-05-09,4.788501,2.650857,2.798416,-0.147558
2014-05-10,4.791239,2.654266,2.797987,-0.143722
2014-05-11,4.793977,2.646487,2.797549,-0.151062
2014-05-12,4.796715,2.642289,2.797099,-0.154811
2014-05-13,4.799452,2.641936,2.796639,-0.154703
2014-05-14,4.802190,2.646024,2.796168,-0.150145
2014-05-15,4.804928,2.649995,2.795687,-0.145693
2014-05-16,4.807666,2.650682,2.795196,-0.144514
2014-05-17,4.810404,2.651690,2.794694,-0.143004
2014-05-18,4.813142,2.649084,2.794181,-0.145097
2014-05-19,4.815880,2.647623,2.793658,-0.146035
2014-05-20,4.818617,2.668766,2.793125,-0.124359
2014-05-21,4.821355,2.690902,2.792582,-0.101680
2014-05-22,4.824093,2.706986,2.792028,-0.085042
2014-05-23,4.826831,2.721897,2.791464,-0.069567
2014-05-24,4.829569,2.714562,2.790890,-0.076328
2014-05-25,4.832307,2.746129,2.790306,-0.044176
2014-05-26,4.835044,2.763237,2.789711,-0.026474
2014-05-27,4.837782,2.758084,2.789107,-0.031023
2014-05-28,4.840520,2.758139,2.788493,-0.030354
2014-05-29,4.843258,2.755327,2.787869,-0.032541
2014-05-30,4.845996,2.777425,2.787235,-0.009810
2014-05-31,4.848734,2.793732,2.786591,0.007142
2014-06-01,4.851472,2.810302,2.785937,0.024365
2014-06-02,4.854209,2.805629,2.785274,0.020355
2014-06-03,4.856947,2.824628,2.784600,0.040028
2014-06-04,4.859685,2.809394,2.783917,0.025476
2014-06-05,4.862423,2.816489,2.783225,0.033264
2014-06-06,4.865161,2.818143,2.782523,0.035620
2014-06-07,4.867899,2.815093,2.781811,0.033282
2014-06-08,4.870637,2.817114,2.781090,0.036024
2014-06-09,4.873374,2.813449,2.780359,0.033090
2014-06-10,4.876112,2.814805,2.779619,0.035186
2014-06-11,4.878850,2.808177,2.778870,0.029307
2014-06-12,4.881588,2.792637,2.778111,0.014526
2014-06-13,4.884326,2.774439,2.777343,-0.002904
2014-06-14,4.887064,2.758952,2.776566,-0.017614
2014-06-15,4.889802,2.751953,2.775779,-0.023826
2014-06-16,4.892539,2.774356,2.774984,-0.000628
2014-06-17,4.895277,2.776096,2.774179,0.001916
2014-06-18,4.898015,2.784757,2.773366,0.011391
2014-06-19,4.900753,2.782871,2.772543,0.010328
2014-06-20,4.903491,2.773471,2.771711,0.001760
2014-06-21,4.906229,2.772436,2.770871,0.001565
2014-06-22,4.908966,2.780443,2.770021,0.010421
2014-06-23,4.911704,2.772441,2.769163,0.003278
2014-06-24,4.914442,2.770073,2.768296,0.001777
2014-06-25,4.917180,2.757391,2.767420,-0.010029
2014-06-26,4.919918,2.758110,2.766536,-0.008426
2014-06-27,4.922656,2.767788,2.765643,0.002145
2014-06-28,4.925394,2.777234,2.764741,0.012492
2014-06-29,4.928131,2.776052,2.763831,0.012221
2014-06-30,4.930869,2.795045,2.762912,0.032133
2014-07-01,4.933607,2.812448,2.761985,0.050463
2014-07-02,4.936345,2.811806,2.761050,0.050756
2014-07-03,4.939083,2.810673,2.760106,0.050567
2014-07-04,4.941821,2.804839,2.759154,0.045685
2014-07-05,4.944559,2.799638,2.758194,0.041445
2014-07-06,4.947296,2.803013,2.757225,0.045788
2014-07-07,4.950034,2.797644,2.756248,0.041396
2014-07-08,4.952772,2.793731,2.755264,0.038467
2014-07-09,4.955510,2.794369,2.754271,0.040099
2014-07-10,4.958248,2.790657,2.753270,0.037387
2014-07-11,4.960986,2.794208,2.752261,0.041947
2014-07-12,4.963723,2.800659,2.751244,0.049414
2014-07-13,4.966461,2.799261,2.750220,0.049041
2014-07-14,4.969199,2.794494,2.749187,0.045307
2014-07-15,4.971937,2.793599,2.748147,0.045452
2014-07-16,4.974675,2.792060,2.747099,0.044960
2014-07-17,4.977413,2.792528,2.746044,0.046484
2014-07-18,4.980151,2.795085,2.744981,0.050104
2014-07-19,4.982888,2.797380,2.743910,0.053470
2014-07-20,4.985626,2.795440,2.742832,0.052608
2014-07-21,4.988364,2.793852,2.741746,0.052106
2014-07-22,4.991102,2.792535,2.740653,0.051882
2014-07-23,4.993840,2.791923,2.739552,0.052371
2014-07-24,4.996578,2.784626,2.738445,0.046181
2014-07-25,4.999316,2.779069,2.737330,0.041740
2014-07-26,5.002053,2.774849,2.736207,0.038641
2014-07-27,5.004791,2.774680,2.735078,0.039602
2014-07-28,5.007529,2.766497,2.733941,0.032555
2014-07-29,5.010267,2.766226,2.732798,0.033428
2014-07-30,5.013005,2.759053,2.731647,0.027405
2014-07-31,5.015743,2.760247,2.730490,0.029757
2014-08-01,5.018480,2.769574,2.729325,0.040249
2014-08-02,5.021218,2.771664,2.728154,0.043510
2014-08-03,5.023956,2.767318,2.726976,0.040342
2014-08-04,5.026694,2.769783,2.725791,0.043992
2014-08-05,5.029432,2.766041,2.724599,0.041441
2014-08-06,5.032170,2.764562,2.723401,0.041161
2014-08-07,5.034908,2.766851,2.722196,0.044656
2014-08-08,5.037645,2.770857,2.720984,0.049873
2014-08-09,5.040383,2.768103,2.719767,0.048337
2014-08-10,5.043121,2.769649,2.718542,0.051107
2014-08-11,5.045859,2.765890,2.717311,0.048579
2014-08-12,5.048597,2.755627,2.716074,0.039552
2014-08-13,5.051335,2.742821,2.714831,0.027990
2014-08-14,5.054073,2.715799,2.713581,0.002218
2014-08-15,5.056810,2.707646,2.712325,-0.004679
2014-08-16,5.059548,2.704097,2.711063,-0.006966
2014-08-17,5.062286,2.704154,2.709795,-0.005641
2014-08-18,5.065024,2.680571,2.708521,-0.027950
2014-08-19,5.067762,2.682096,2.707241,-0.025145
2014-08-20,5.070500,2.694469,2.705955,-0.011485
2014-08-21,5.073238,2.717188,2.704663,0.012525
2014-08-22,5.075975,2.712903,2.703365,0.009538
2014-08-23,5.078713,2.704741,2.702062,0.002680
2014-08-24,5.081451,2.707688,2.700752,0.006936
2014-08-25,5.084189,2.702031,2.699437,0.002594
2014-08-26,5.086927,2.706524,2.698117,0.008407
2014-08-27,5.089665,2.713886,2.696791,0.017095
2014-08-28,5.092402,2.705303,2.695459,0.009844
2014-08-29,5.095140,2.708419,2.694122,0.014297
2014-08-30,5.097878,2.703933,2.692779,0.011153
2014-08-31,5.100616,2.692314,2.691432,0.000882
2014-09-01,5.103354,2.684060,2.690078,-0.006019
2014-09-02,5.106092,2.688287,2.688720,-0.000433
2014-09-03,5.108830,2.678281,2.687357,-0.009076
2014-09-04,5.111567,2.682119,2.685988,-0.003869
2014-09-05,5.114305,2.686188,2.684614,0.001574
2014-09-06,5.117043,2.691240,2.683235,0.008005
2014-09-07,5.119781,2.684865,2.681851,0.003013
2014-09-08,5.122519,2.676074,2.680463,-0.004388
2014-09-09,5.125257,2.671730,2.679069,-0.007339
2014-09-10,5.127995,2.680974,2.677670,0.003303
2014-09-11,5.130732,2.678408,2.676267,0.002141
2014-09-12,5.133470,2.675795,2.674859,0.000935
2014-09-13,5.136208,2.678239,2.673447,0.004792
2014-09-14,5.138946,2.681609,2.672029,0.009580
2014-09-15,5.141684,2.677053,2.670608,0.006445
2014-09-16,5.144422,2.675191,2.669181,0.006010
2014-09-17,5.147159,2.661446,2.667751,-0.006304
2014-09-18,5.149897,2.642562,2.666316,-0.023753
2014-09-19,5.152635,2.607920,2.664876,-0.056956
2014-09-20,5.155373,2.614567,2.663432,-0.048866
2014-09-21,5.158111,2.608440,2.661985,-0.053544
2014-09-22,5.160849,2.597676,2.660532,-0.062856
2014-09-23,5.163587,2.617001,2.659076,-0.042075
2014-09-24,5.166324,2.631558,2.657616,-0.026057
2014-09-25,5.169062,2.614520,2.656151,-0.041632
2014-09-26,5.171800,2.608714,2.654683,-0.045970
2014-09-27,5.174538,2.605204,2.653211,-0.048007
2014-09-28,5.177276,2.599656,2.651735,-0.052079
2014-09-29,5.180014,2.579999,2.650255,-0.070256
2014-09-30,5.182752,2.580857,2.648771,-0.067914
2014-10-01,5.185489,2.586697,2.647284,-0.060587
2014-10-02,5.188227,2.577836,2.645793,-0.067957
2014-10-03,5.190965,2.568580,2.644299,-0.075719
2014-10-04,5.193703,2.542154,2.642800,-0.100647
2014-10-05,5.196441,2.499398,2.641299,-0.141901
2014-10-06,5.199179,2.509458,2.639794,-0.130336
2014-10-07,5.201916,2.516981,2.638286,-0.121305
2014-10-08,5.204654,2.520925,2.636774,-0.115849
2014-10-09,5.207392,2.562533,2.635259,-0.072726
2014-10-10,5.210130,2.550093,2.633741,-0.083648
2014-10-11,5.212868,2.548302,2.632220,-0.083918
2014-10-12,5.215606,2.561022,2.630695,-0.069673
2014-10-13,5.218344,2.576099,2.629168,-0.053069
2014-10-14,5.221081,2.604443,2.627638,-0.023195
2014-10-15,5.223819,2.596306,2.626104,-0.029798
2014-10-16,5.226557,2.587685,2.624568,-0.036883
2014-10-17,5.229295,2.580051,2.623029,-0.042978
2014-10-18,5.232033,2.584056,2.621487,-0.037432
2014-10-19,5.234771,2.589831,2.619943,-0.030112
2014-10-20,5.237509,2.584017,2.618396,-0.034379
2014-10-21,5.240246,2.587802,2.616846,-0.029044
2014-10-22,5.242984,2.585200,2.615294,-0.030093
2014-10-23,5.245722,2.567294,2.613739,-0.046445
2014-10-24,5.248460,2.554691,2.612182,-0.057491
2014-10-25,5.251198,2.547825,2.610622,-0.062797
2014-10-26,5.253936,2.550777,2.609060,-0.058283
2014-10-27,5.256674,2.550673,2.607496,-0.056823
2014-10-28,5.259411,2.548447,2.605929,-0.057483
2014-10-29,5.262149,2.538968,2.604361,-0.065393
2014-10-30,5.264887,2.531258,2.602790,-0.071532
2014-10-31,5.267625,2.535533,2.601217,-0.065684
2014-11-01,5.270363,2.520078,2.599642,-0.079564
2014-11-02,5.273101,2.513071,2.598065,-0.084994
2014-11-03,5.275838,2.515407,2.596487,-0.081080
2014-11-04,5.278576,2.514534,2.594906,-0.080372
2014-11-05,5.281314,2.526745,2.593324,-0.066579
2014-11-06,5.284052,2.536351,2.591740,-0.055389
2014-11-07,5.286790,2.537680,2.590154,-0.052475
2014-11-08,5.289528,2.536340,2.588567,-0.052227
2014-11-09,5.292266,2.543362,2.586978,-0.043616
2014-11-10,5.295003,2.561810,2.585387,-0.023577
2014-11-11,5.297741,2.564777,2.583795,-0.019018
2014-11-12,5.300479,2.596346,2.582202,0.014144
2014-11-13,5.303217,2.627712,2.580607,0.047105
2014-11-14,5.305955,2.601989,2.579011,0.022977
2014-11-15,5.308693,2.588075,2.577414,0.010661
2014-11-16,5.311431,2.587831,2.575816,0.012015
2014-11-17,5.314168,2.599497,2.574216,0.025281
2014-11-18,5.316906,2.583220,2.572615,0.010605
2014-11-19,5.319644,2.579461,2.571014,0.008447
2014-11-20,5.322382,2.563512,2.569411,-0.005899
2014-11-21,5.325120,2.552079,2.567807,-0.015728
2014-11-22,5.327858,2.553111,2.566203,-0.013092
2014-11-23,5.330595,2.555163,2.564597,-0.009434
2014-11-24,5.333333,2.574722,2.562991,0.011731
2014-11-25,5.336071,2.583960,2.561384,0.022575
2014-11-26,5.338809,2.570627,2.559777,0.010850
2014-11-27,5.341547,2.570495,2.558169,0.012326
2014-11-28,5.344285,2.568622,2.556560,0.012062
2014-11-29,5.347023,2.578564,2.554951,0.023613
2014-11-30,5.349760,2.578708,2.553342,0.025366
2014-12-01,5.352498,2.571481,2.551732,0.019749
2014-12-02,5.355236,2.580276,2.550122,0.030154
2014-12-03,5.357974,2.578095,2.548511,0.029584
2014-12-04,5.360712,2.573512,2.546900,0.026612
2014-12-05,5.363450,2.571886,2.545289,0.026597
2014-12-06,5.366188,2.574531,2.543678,0.030853
2014-12-07,5.368925,2.573348,2.542067,0.031281
2014-12-08,5.371663,2.568138,2.540456,0.027682
2014-12-09,5.374401,2.548290,2.538845,0.009445
2014-12-10,5.377139,2.548941,2.537234,0.011707
2014-12-11,5.379877,2.547854,2.535623,0.012231
2014-12-12,5.382615,2.549938,2.534012,0.015926
2014-12-13,5.385352,2.544611,2.532402,0.012210
2014-12-14,5.388090,2.546096,2.530792,0.015305
2014-12-15,5.390828,2.542732,2.529182,0.013550
2014-12-16,5.393566,2.528583,2.527573,0.001010
2014-12-17,5.396304,2.512124,2.525964,-0.013840
2014-12-18,5.399042,2.504832,2.524355,-0.019524
2014-12-19,5.401780,2.499464,2.522747,-0.023284
2014-12-20,5.404517,2.512230,2.521140,-0.008910
2014-12-21,5.407255,2.511219,2.519534,-0.008315
2014-12-22,5.409993,2.514796,2.517928,-0.003132
2014-12-23,5.412731,2.522279,2.516323,0.005956
2014-12-24,5.415469,2.517713,2.514719,0.002994
2014-12-25,5.418207,2.504971,2.513115,-0.008144
2014-12-26,5.420945,2.509074,2.511513,-0.002439
2014-12-27,5.423682,2.504901,2.509912,-0.005011
2014-12-28,5.426420,2.501004,2.508311,-0.007307
2014-12-29,5.429158,2.500248,2.506712,-0.006464
2014-12-30,5.431896,2.496661,2.505114,-0.008453
2014-12-31,5.434634,2.497382,2.503517,-0.006135
2015-01-01,5.437372,2.500518,2.501921,-0.001403
2015-01-02,5.440110,2.499582,2.500327,-0.000745
2015-01-03,5.442847,2.482622,2.498734,-0.016112
2015-01-04,5.445585,2.441198,2.497142,-0.055945
2015-01-05,5.448323,2.436876,2.495552,-0.058676
2015-01-06,5.451061,2.442082,2.493964,-0.051881
2015-01-07,5.453799,2.460268,2.492376,-0.032108
2015-01-08,5.456537,2.465550,2.490791,-0.025241
2015-01-09,5.459274,2.460784,2.489207,-0.028423
2015-01-10,5.462012,2.450920,2.487625,-0.036705
2015-01-11,5.464750,2.439433,2.486045,-0.046611
2015-01-12,5.467488,2.432594,2.484466,-0.051872
2015-01-13,5.470226,2.387197,2.482889,-0.095692
2015-01-14,5.472964,2.295951,2.481315,-0.185363
2015-01-15,5.475702,2.315974,2.479742,-0.163767
2015-01-16,5.478439,2.326719,2.478171,-0.151452
2015-01-17,5.481177,2.304428,2.476602,-0.172174
2015-01-18,5.483915,2.317512,2.475036,-0.157523
2015-01-19,5.486653,2.327290,2.473471,-0.146181
2015-01-20,5.489391,2.325647,2.471909,-0.146262
2015-01-21,5.492129,2.335209,2.470349,-0.135140
2015-01-22,5.494867,2.363240,2.468791,-0.105552
2015-01-23,5.497604,2.362103,2.467236,-0.105133
2015-01-24,5.500342,2.377002,2.465683,-0.088681
2015-01-25,5.503080,2.397315,2.464133,-0.066817
2015-01-26,5.505818,2.448407,2.462585,-0.014178
2015-01-27,5.508556,2.417289,2.461039,-0.043751
2015-01-28,5.511294,2.405305,2.459497,-0.054192
2015-01-29,5.514031,2.369252,2.457957,-0.088705
2015-01-30,5.516769,2.368030,2.456419,-0.088389
2015-01-31,5.519507,2.361299,2.454885,-0.093586
2015-02-01,5.522245,2.345327,2.453353,-0.108026
2015-02-02,5.524983,2.357824,2.451824,-0.094000
2015-02-03,5.527721,2.376442,2.450298,-0.073857
2015-02-04,5.530459,2.358424,2.448775,-0.090351
2015-02-05,5.533196,2.346601,2.447255,-0.100654
2015-02-06,5.535934,2.342978,2.445738,-0.102760
2015-02-07,5.538672,2.352673,2.444224,-0.091552
2015-02-08,5.541410,2.353065,2.442714,-0.089649
2015-02-09,5.544148,2.344980,2.441206,-0.096226
2015-02-10,5.546886,2.340709,2.439702,-0.098993
2015-02-11,5.549624,2.343173,2.438201,-0.095028
2015-02-12,5.552361,2.343808,2.436703,-0.092896
2015-02-13,5.555099,2.365933,2.435209,-0.069277
2015-02-14,5.557837,2.389237,2.433719,-0.044481
2015-02-15,5.560575,2.396445,2.432231,-0.035786
2015-02-16,5.563313,2.372930,2.430748,-0.057818
2015-02-17,5.566051,2.378971,2.429267,-0.050297
2015-02-18,5.568789,2.379810,2.427791,-0.047981
2015-02-19,5.571526,2.378688,2.426318,-0.047630
2015-02-20,5.574264,2.386334,2.424849,-0.038515
2015-02-21,5.577002,2.387051,2.423384,-0.036332
2015-02-22,5.579740,2.383058,2.421922,-0.038864
2015-02-23,5.582478,2.374616,2.420465,-0.045849
2015-02-24,5.585216,2.378077,2.419011,-0.040934
2015-02-25,5.587953,2.377476,2.417561,-0.040085
2015-02-26,5.590691,2.375087,2.416115,-0.041028
2015-02-27,5.593429,2.396740,2.414674,-0.017934
2015-02-28,5.596167,2.401736,2.413236,-0.011500
2015-03-01,5.598905,2.401296,2.411803,-0.010506
2015-03-02,5.601643,2.419428,2.410373,0.009054
2015-03-03,5.604381,2.439185,2.408948,0.030236
2015-03-04,5.607118,2.446291,2.407528,0.038764
2015-03-05,5.609856,2.434955,2.406111,0.028844
2015-03-06,5.612594,2.435967,2.404699,0.031268
2015-03-07,5.615332,2.437084,2.403292,0.033793
2015-03-08,5.618070,2.440254,2.401888,0.038366
2015-03-09,5.620808,2.449794,2.400490,0.049304
2015-03-10,5.623546,2.465567,2.399096,0.066471
2015-03-11,5.626283,2.468112,2.397706,0.070405
2015-03-12,5.629021,2.469581,2.396321,0.073259
2015-03-13,5.631759,2.465338,2.394941,0.070397
2015-03-14,5.634497,2.459068,2.393566,0.065502
2015-03-15,5.637235,2.456194,2.392195,0.063999
2015-03-16,5.639973,2.465239,2.390829,0.074409
2015-03-17,5.642710,2.461979,2.389468,0.072511
2015-03-18,5.645448,2.438931,2.388112,0.050819
2015-03-19,5.648186,2.414503,2.386761,0.027741
2015-03-20,5.650924,2.419420,2.385415,0.034005
2015-03-21,5.653662,2.416530,2.384074,0.032456
2015-03-22,5.656400,2.419548,2.382738,0.036810
2015-03-23,5.659138,2.428098,2.381407,0.046691
2015-03-24,5.661875,2.410038,2.380082,0.029957
2015-03-25,5.664613,2.391341,2.378761,0.012580
2015-03-26,5.667351,2.399037,2.377446,0.021591
2015-03-27,5.670089,2.395364,2.376136,0.019228
2015-03-28,5.672827,2.401098,2.374831,0.026266
2015-03-29,5.675565,2.391571,2.373532,0.018039
2015-03-30,5.678303,2.392283,2.372239,0.020045
2015-03-31,5.681040,2.391452,2.370950,0.020502
2015-04-01,5.683778,2.387537,2.369667,0.017870
2015-04-02,5.686516,2.394325,2.368390,0.025935
2015-04-03,5.689254,2.402516,2.367119,0.035397
2015-04-04,5.691992,2.403113,2.365853,0.037260
2015-04-05,5.694730,2.408120,2.364592,0.043527
2015-04-06,5.697467,2.408835,2.363338,0.045498
2015-04-07,5.700205,2.403417,2.362089,0.041328
2015-04-08,5.702943,2.396442,2.360846,0.035597
2015-04-09,5.705681,2.389920,2.359608,0.030312
2015-04-10,5.708419,2.380030,2.358377,0.021653
2015-04-11,5.711157,2.376505,2.357152,0.019353
2015-04-12,5.713895,2.375829,2.355932,0.019897
2015-04-13,5.716632,2.366857,2.354719,0.012138
2015-04-14,5.719370,2.347349,2.353511,-0.006163
2015-04-15,5.722108,2.348433,2.352310,-0.003876
2015-04-16,5.724846,2.358132,2.351115,0.007017
2015-04-17,5.727584,2.353182,2.349926,0.003257
2015-04-18,5.730322,2.350355,2.348743,0.001612
2015-04-19,5.733060,2.352831,2.347566,0.005265
2015-04-20,5.735797,2.352534,2.346396,0.006139
2015-04-21,5.738535,2.355822,2.345232,0.010591
2015-04-22,5.741273,2.371273,2.344074,0.027199
2015-04-23,5.744011,2.370210,2.342922,0.027287
2015-04-24,5.746749,2.366602,2.341778,0.024824
2015-04-25,5.749487,2.360554,2.340639,0.019915
2015-04-26,5.752225,2.344876,2.339507,0.005369
2015-04-27,5.754962,2.348147,2.338382,0.009765
2015-04-28,5.757700,2.353998,2.337263,0.016735
2015-04-29,5.760438,2.353893,2.336151,0.017742
2015-04-30,5.763176,2.366095,2.335045,0.031049
2015-05-01,5.765914,2.372450,2.333946,0.038503
2015-05-02,5.768652,2.370954,2.332854,0.038099
2015-05-03,5.771389,2.379122,2.331769,0.047353
2015-05-04,5.774127,2.379530,2.330690,0.048839
2015-05-05,5.776865,2.371694,2.329619,0.042075
2015-05-06,5.779603,2.371481,2.328554,0.042927
2015-05-07,5.782341,2.367040,2.327496,0.039544
2015-05-08,5.785079,2.378638,2.326445,0.052193
2015-05-09,5.787817,2.384147,2.325401,0.058746
2015-05-10,5.790554,2.382295,2.324364,0.057931
2015-05-11,5.793292,2.383073,2.323334,0.059738
2015-05-12,5.796030,2.383374,2.322311,0.061063
2015-05-13,5.798768,2.384369,2.321296,0.063073
2015-05-14,5.801506,2.375905,2.320287,0.055617
2015-05-15,5.804244,2.377035,2.319286,0.057749
2015-05-16,5.806982,2.375505,2.318292,0.057213
2015-05-17,5.809719,2.374723,2.317305,0.057418
2015-05-18,5.812457,2.373399,2.316325,0.057074
2015-05-19,5.815195,2.368781,2.315353,0.053428
2015-05-20,5.817933,2.369142,2.314388,0.054754
2015-05-21,5.820671,2.371724,2.313431,0.058294
2015-05-22,5.823409,2.375237,2.312480,0.062756
2015-05-23,5.826146,2.379537,2.311538,0.067999
2015-05-24,5.828884,2.379179,2.310603,0.068576
2015-05-25,5.831622,2.377115,2.309675,0.067440
2015-05-26,5.834360,2.375153,2.308755,0.066398
2015-05-27,5.837098,2.375276,2.307843,0.067433
2015-05-28,5.839836,2.375025,2.306938,0.068087
2015-05-29,5.842574,2.374057,2.306041,0.068016
2015-05-30,5.845311,2.369794,2.305152,0.064643
2015-05-31,5.848049,2.367317,2.304270,0.063047
2015-06-01,5.850787,2.357767,2.303396,0.054371
2015-06-02,5.853525,2.353209,2.302530,0.050680
2015-06-03,5.856263,2.355513,2.301671,0.053841
2015-06-04,5.859001,2.355183,2.300821,0.054362
2015-06-05,5.861739,2.352855,2.299978,0.052877
2015-06-06,5.864476,2.352776,2.299144,0.053633
2015-06-07,5.867214,2.352024,2.298317,0.053707
2015-06-08,5.869952,2.355695,2.297498,0.058196
2015-06-09,5.872690,2.361476,2.296687,0.064788
2015-06-10,5.875428,2.360301,2.295885,0.064417
2015-06-11,5.878166,2.361602,2.295090,0.066512
2015-06-12,5.880903,2.362187,2.294303,0.067883
2015-06-13,5.883641,2.362953,2.293525,0.069428
2015-06-14,5.886379,2.366943,2.292755,0.074189
2015-06-15,5.889117,2.370636,2.291993,0.078643
2015-06-16,5.891855,2.383356,2.291239,0.092117
2015-06-17,5.894593,2.398441,2.290493,0.107948
2015-06-18,5.897331,2.395399,2.289755,0.105644
2015-06-19,5.900068,2.394024,2.289026,0.104997
2015-06-20,5.902806,2.387603,2.288306,0.099297
2015-06-21,5.905544,2.387243,2.287593,0.099650
2015-06-22,5.908282,2.390041,2.286889,0.103152
2015-06-23,5.911020,2.388949,2.286193,0.102755
2015-06-24,5.913758,2.384704,2.285506,0.099198
2015-06-25,5.916496,2.383841,2.284827,0.099014
2015-06-26,5.919233,2.384514,2.284157,0.100357
2015-06-27,5.921971,2.390378,2.283495,0.106883
2015-06-28,5.924709,2.395747,2.282842,0.112905
2015-06-29,5.927447,2.402443,2.282197,0.120246
2015-06-30,5.930185,2.419211,2.281561,0.137649
2015-07-01,5.932923,2.413808,2.280934,0.132874
2015-07-02,5.935661,2.409512,2.280315,0.129197
2015-07-03,5.938398,2.407026,2.279705,0.127321
2015-07-04,5.941136,2.408840,2.279103,0.129737
2015-07-05,5.943874,2.420409,2.278511,0.141898
2015-07-06,5.946612,2.432506,2.277927,0.154579
2015-07-07,5.949350,2.427164,2.277351,0.149812
2015-07-08,5.952088,2.428632,2.276785,0.151847
2015-07-09,5.954825,2.430757,2.276227,0.154530
2015-07-10,5.957563,2.449462,2.275678,0.173784
2015-07-11,5.960301,2.464386,2.275139,0.189248
2015-07-12,5.963039,2.482938,2.274607,0.208330
2015-07-13,5.965777,2.470046,2.274085,0.195960
2015-07-14,5.968515,2.465030,2.273572,0.191458
2015-07-15,5.971253,2.462994,2.273068,0.189926
2015-07-16,5.973990,2.450726,2.272573,0.178153
2015-07-17,5.976728,2.443808,2.272086,0.171721
2015-07-18,5.979466,2.444168,2.271609,0.172559
2015-07-19,5.982204,2.440781,2.271141,0.169640
2015-07-20,5.984942,2.442048,2.270682,0.171366
2015-07-21,5.987680,2.444996,2.270232,0.174764
2015-07-22,5.990418,2.441728,2.269791,0.171937
2015-07-23,5.993155,2.442429,2.269359,0.173070
2015-07-24,5.995893,2.452116,2.268937,0.183179
2015-07-25,5.998631,2.460381,2.268523,0.191857
2015-07-26,6.001369,2.463623,2.268119,0.195504
2015-07-27,6.004107,2.465445,2.267724,0.197721
2015-07-28,6.006845,2.468638,2.267338,0.201300
2015-07-29,6.009582,2.463374,2.266962,0.196412
2015-07-30,6.012320,2.459058,2.266595,0.192464
2015-07-31,6.015058,2.455567,2.266237,0.189330
2015-08-01,6.017796,2.450033,2.265888,0.184145
2015-08-02,6.020534,2.448167,2.265549,0.182618
2015-08-03,6.023272,2.452226,2.265219,0.187007
2015-08-04,6.026010,2.453900,2.264899,0.189001
2015-08-05,6.028747,2.452212,2.264588,0.187624
2015-08-06,6.031485,2.447654,2.264286,0.183369
2015-08-07,6.034223,2.445771,2.263994,0.181778
2015-08-08,6.036961,2.436999,2.263711,0.173288
2015-08-09,6.039699,2.421865,2.263437,0.158428
2015-08-10,6.042437,2.423611,2.263174,0.160438
2015-08-11,6.045175,2.426397,2.262919,0.163477
2015-08-12,6.047912,2.428903,2.262674,0.166229
2015-08-13,6.050650,2.423478,2.262439,0.161039
2015-08-14,6.053388,2.424364,2.262213,0.162151
2015-08-15,6.056126,2.424645,2.261997,0.162647
2015-08-16,6.058864,2.415144,2.261791,0.153353
2015-08-17,6.061602,2.413118,2.261594,0.151524
2015-08-18,6.064339,2.406105,2.261406,0.144699
2015-08-19,6.067077,2.366717,2.261229,0.105488
2015-08-20,6.069815,2.368562,2.261061,0.107502
2015-08-21,6.072553,2.369551,2.260902,0.108649
2015-08-22,6.075291,2.362791,2.260753,0.102038
2015-08-23,6.078029,2.361660,2.260614,0.101046
2015-08-24,6.080767,2.343674,2.260485,0.083189
2015-08-25,6.083504,2.335893,2.260366,0.075527
2015-08-26,6.086242,2.355471,2.260256,0.095216
2015-08-27,6.088980,2.355446,2.260156,0.095290
2015-08-28,6.091718,2.359174,2.260065,0.099109
2015-08-29,6.094456,2.363017,2.259985,0.103032
2015-08-30,6.097194,2.360110,2.259914,0.100196
2015-08-31,6.099932,2.360776,2.259853,0.100923
2015-09-01,6.102669,2.360457,2.259802,0.100655
2015-09-02,6.105407,2.359966,2.259761,0.100205
2015-09-03,6.108145,2.358557,2.259730,0.098827
2015-09-04,6.110883,2.361672,2.259708,0.101964
2015-09-05,6.113621,2.367487,2.259697,0.107790
2015-09-06,6.116359,2.381117,2.259695,0.121422
2015-09-07,6.119097,2.382536,2.259703,0.122833
2015-09-08,6.121834,2.387512,2.259721,0.127791
2015-09-09,6.124572,2.382080,2.259749,0.122331
2015-09-10,6.127310,2.379163,2.259787,0.119376
2015-09-11,6.130048,2.382247,2.259835,0.122413
2015-09-12,6.132786,2.380020,2.259892,0.120128
2015-09-13,6.135524,2.369785,2.259960,0.109825
2015-09-14,6.138261,2.365043,2.260038,0.105005
2015-09-15,6.140999,2.365524,2.260126,0.105399
2015-09-16,6.143737,2.361676,2.260223,0.101453
2015-09-17,6.146475,2.364446,2.260331,0.104115
2015-09-18,6.149213,2.369530,2.260449,0.109081
2015-09-19,6.151951,2.366877,2.260577,0.106301
2015-09-20,6.154689,2.366106,2.260714,0.105391
2015-09-21,6.157426,2.360134,2.260862,0.099272
2015-09-22,6.160164,2.361993,2.261020,0.100973
2015-09-23,6.162902,2.364842,2.261188,0.103654
2015-09-24,6.165640,2.367440,2.261366,0.106074
2015-09-25,6.168378,2.373202,2.261554,0.111648
2015-09-26,6.171116,2.371310,2.261752,0.109558
2015-09-27,6.173854,2.369558,2.261961,0.107597
2015-09-28,6.176591,2.376826,2.262179,0.114647
2015-09-29,6.179329,2.378012,2.262407,0.115605
2015-09-30,6.182067,2.375908,2.262646,0.113263
2015-10-01,6.184805,2.376479,2.262895,0.113584
2015-10-02,6.187543,2.377339,2.263153,0.114185
2015-10-03,6.190281,2.378533,2.263422,0.115110
2015-10-04,6.193018,2.379555,2.263701,0.115853
2015-10-05,6.195756,2.379503,2.263991,0.115513
2015-10-06,6.198494,2.386287,2.264290,0.121997
2015-10-07,6.201232,2.389688,2.264599,0.125089
2015-10-08,6.203970,2.387821,2.264919,0.122902
2015-10-09,6.206708,2.388745,2.265249,0.123496
2015-10-10,6.209446,2.389611,2.265589,0.124022
2015-10-11,6.212183,2.392050,2.265939,0.126111
2015-10-12,6.214921,2.392996,2.266299,0.126696
2015-10-13,6.217659,2.394580,2.266670,0.127910
2015-10-14,6.220397,2.400372,2.267051,0.133321
2015-10-15,6.223135,2.405699,2.267442,0.138257
2015-10-16,6.225873,2.414938,2.267843,0.147096
2015-10-17,6.228611,2.429882,2.268254,0.161628
2015-10-18,6.231348,2.426078,2.268675,0.157402
2015-10-19,6.234086,2.421840,2.269107,0.152733
2015-10-20,6.236824,2.427926,2.269549,0.158377
2015-10-21,6.239562,2.428464,2.270001,0.158463
2015-10-22,6.242300,2.434546,2.270463,0.164083
2015-10-23,6.245038,2.442398,2.270936,0.171462
2015-10-24,6.247775,2.446967,2.271419,0.175549
2015-10-25,6.250513,2.461136,2.271912,0.189224
2015-10-26,6.253251,2.454529,2.272415,0.182115
2015-10-27,6.255989,2.465353,2.272928,0.192425
2015-10-28,6.258727,2.477545,2.273452,0.204093
2015-10-29,6.261465,2.489406,2.273985,0.215421
2015-10-30,6.264203,2.510789,2.274529,0.236260
2015-10-31,6.266940,2.507829,2.275084,0.232746
2015-11-01,6.269678,2.502130,2.275648,0.226482
2015-11-02,6.272416,2.525397,2.276223,0.249174
2015-11-03,6.275154,2.580156,2.276808,0.303349
2015-11-04,6.277892,2.646659,2.277403,0.369256
2015-11-05,6.280630,2.602643,2.278008,0.324635
2015-11-06,6.283368,2.571639,2.278624,0.293015
2015-11-07,6.286105,2.584408,2.279249,0.305158
2015-11-08,6.288843,2.582447,2.279885,0.302562
2015-11-09,6.291581,2.574157,2.280531,0.293626
2015-11-10,6.294319,2.562945,2.281188,0.281757
2015-11-11,6.297057,2.501409,2.281854,0.219555
2015-11-12,6.299795,2.516864,2.282531,0.234333
2015-11-13,6.302533,2.525362,2.283218,0.242144
2015-11-14,6.305270,2.525969,2.283915,0.242054
2015-11-15,6.308008,2.518132,2.284623,0.233509
2015-11-16,6.310746,2.510537,2.285340,0.225197
2015-11-17,6.313484,2.525726,2.286068,0.239658
2015-11-18,6.316222,2.523600,2.286806,0.236794
2015-11-19,6.318960,2.519993,2.287554,0.232439
2015-11-20,6.321697,2.506482,2.288312,0.218169
2015-11-21,6.324435,2.512355,2.289081,0.223274
2015-11-22,6.327173,2.511719,2.289859,0.221859
2015-11-23,6.329911,2.510202,2.290648,0.219554
2015-11-24,6.332649,2.507188,2.291447,0.215741
2015-11-25,6.335387,2.510206,2.292256,0.217949
2015-11-26,6.338125,2.536342,2.293076,0.243266
2015-11-27,6.340862,2.552051,2.293905,0.258146
2015-11-28,6.343600,2.551499,2.294745,0.256754
2015-11-29,6.346338,2.557790,2.295594,0.262196
2015-11-30,6.349076,2.575881,2.296454,0.279427
2015-12-01,6.351814,2.565733,2.297324,0.268409
2015-12-02,6.354552,2.552807,2.298204,0.254603
2015-12-03,6.357290,2.560132,2.299094,0.261038
2015-12-04,6.360027,2.557934,2.299994,0.257939
2015-12-05,6.362765,2.573998,2.300905,0.273094
2015-12-06,6.365503,2.594461,2.301825,0.292635
2015-12-07,6.368241,2.594360,2.302756,0.291604
2015-12-08,6.370979,2.596559,2.303696,0.292863
2015-12-09,6.373717,2.619251,2.304647,0.314604
2015-12-10,6.376454,2.625330,2.305608,0.319723
2015-12-11,6.379192,2.635881,2.306578,0.329303
2015-12-12,6.381930,2.636339,2.307559,0.328779
2015-12-13,6.384668,2.638252,2.308550,0.329702
2015-12-14,6.387406,2.643656,2.309551,0.334105
2015-12-15,6.390144,2.657760,2.310562,0.347198
2015-12-16,6.392882,2.658480,2.311583,0.346897
2015-12-17,6.395619,2.656738,2.312613,0.344124
2015-12-18,6.398357,2.666574,2.313654,0.352920
2015-12-19,6.401095,2.664259,2.314705,0.349554
2015-12-20,6.403833,2.655794,2.315766,0.340028
2015-12-21,6.406571,2.641815,2.316836,0.324978
2015-12-22,6.409309,2.642312,2.317917,0.324395
2015-12-23,6.412047,2.644056,2.319008,0.325049
2015-12-24,6.414784,2.656992,2.320108,0.336884
2015-12-25,6.417522,2.658096,2.321219,0.336878
2015-12-26,6.420260,2.634343,2.322339,0.312004
2015-12-27,6.422998,2.622968,2.323469,0.299499
2015-12-28,6.425736,2.628535,2.324609,0.303926
2015-12-29,6.428474,2.629917,2.325759,0.304157
2015-12-30,6.431211,2.633341,2.326919,0.306422
2015-12-31,6.433949,2.630356,2.328089,0.302267
2016-01-01,6.436687,2.635803,2.329268,0.306535
2016-01-02,6.439425,2.637230,2.330457,0.306773
2016-01-03,6.442163,2.632620,2.331656,0.300964
2016-01-04,6.444901,2.634895,2.332865,0.302030
2016-01-05,6.447639,2.635734,2.334084,0.301650
2016-01-06,6.450376,2.633738,2.335312,0.298426
2016-01-07,6.453114,2.651345,2.336550,0.314795
2016-01-08,6.455852,2.658134,2.337798,0.320336
2016-01-09,6.458590,2.654087,2.339056,0.315031
2016-01-10,6.461328,2.648798,2.340323,0.308475
2016-01-11,6.464066,2.651181,2.341600,0.309581
2016-01-12,6.466804,2.650774,2.342887,0.307887
2016-01-13,6.469541,2.633835,2.344183,0.289652
2016-01-14,6.472279,2.635001,2.345489,0.289512
2016-01-15,6.475017,2.606390,2.346804,0.259586
2016-01-16,6.477755,2.570351,2.348130,0.222221
2016-01-17,6.480493,2.585519,2.349464,0.236055
2016-01-18,6.483231,2.584141,2.350809,0.233332
2016-01-19,6.485969,2.584615,2.352163,0.232452
2016-01-20,6.488706,2.595620,2.353526,0.242094
2016-01-21,6.491444,2.618551,2.354899,0.263652
2016-01-22,6.494182,2.595767,2.356282,0.239485
2016-01-23,6.496920,2.590259,2.357674,0.232585
2016-01-24,6.499658,2.598416,2.359076,0.239340
2016-01-25,6.502396,2.597683,2.360487,0.237197
2016-01-26,6.505133,2.595651,2.361907,0.233744
2016-01-27,6.507871,2.596660,2.363337,0.233323
2016-01-28,6.510609,2.584901,2.364776,0.220125
2016-01-29,6.513347,2.576211,2.366225,0.209986
2016-01-30,6.516085,2.578599,2.367683,0.210916
2016-01-31,6.518823,2.578169,2.369151,0.209018
2016-02-01,6.521561,2.573190,2.370627,0.202563
2016-02-02,6.524298,2.573547,2.372113,0.201434
2016-02-03,6.527036,2.570488,2.373609,0.196879
2016-02-04,6.529774,2.577800,2.375114,0.202687
2016-02-05,6.532512,2.587408,2.376628,0.210781
2016-02-06,6.535250,2.576527,2.378151,0.198376
2016-02-07,6.537988,2.576044,2.379683,0.196361
2016-02-08,6.540726,2.575595,2.381225,0.194370
2016-02-09,6.543463,2.573162,2.382776,0.190386
2016-02-10,6.546201,2.577994,2.384336,0.193658
2016-02-11,6.548939,2.578294,2.385905,0.192389
2016-02-12,6.551677,2.581443,2.387483,0.193959
2016-02-13,6.554415,2.589271,2.389071,0.200200
2016-02-14,6.557153,2.600513,2.390667,0.209846
2016-02-15,6.559890,2.604409,2.392273,0.212136
2016-02-16,6.562628,2.605702,2.393887,0.211814
2016-02-17,6.565366,2.616765,2.395511,0.221253
2016-02-18,6.568104,2.622909,2.397144,0.225765
2016-02-19,6.570842,2.623124,2.398785,0.224339
2016-02-20,6.573580,2.633094,2.400436,0.232658
2016-02-21,6.576318,2.640642,2.402096,0.238546
2016-02-22,6.579055,2.639167,2.403764,0.235403
2016-02-23,6.581793,2.630242,2.405441,0.224801
2016-02-24,6.584531,2.624083,2.407128,0.216956
2016-02-25,6.587269,2.626227,2.408823,0.217404
2016-02-26,6.590007,2.627194,2.410527,0.216668
2016-02-27,6.592745,2.635299,2.412239,0.223060
2016-02-28,6.595483,2.632460,2.413961,0.218499
2016-02-29,6.598220,2.639517,2.415691,0.223826
2016-03-01,6.600958,2.637506,2.417430,0.220076
2016-03-02,6.603696,2.635057,2.419178,0.215879
2016-03-03,6.606434,2.624597,2.420934,0.203663
2016-03-04,6.609172,2.622350,2.422699,0.199651
2016-03-05,6.611910,2.605164,2.424473,0.180691
2016-03-06,6.614648,2.605356,2.426255,0.179101
2016-03-07,6.617385,2.611626,2.428046,0.183580
2016-03-08,6.620123,2.614873,2.429845,0.185027
2016-03-09,6.622861,2.614703,2.431653,0.183050
2016-03-10,6.625599,2.616668,2.433470,0.183198
2016-03-11,6.628337,2.622834,2.435295,0.187539
2016-03-12,6.631075,2.616993,2.437128,0.179865
2016-03-13,6.633812,2.615801,2.438970,0.176831
2016-03-14,6.636550,2.617317,2.440820,0.176496
2016-03-15,6.639288,2.619228,2.442679,0.176549
2016-03-16,6.642026,2.619000,2.444546,0.174454
2016-03-17,6.644764,2.621950,2.446421,0.175529
2016-03-18,6.647502,2.616841,2.448305,0.168536
2016-03-19,6.650240,2.611781,2.450197,0.161584
2016-03-20,6.652977,2.614336,2.452097,0.162238
2016-03-21,6.655715,2.613548,2.454006,0.159542
2016-03-22,6.658453,2.619404,2.455922,0.163482
2016-03-23,6.661191,2.620925,2.457847,0.163077
2016-03-24,6.663929,2.619611,2.459780,0.159831
2016-03-25,6.666667,2.618949,2.461721,0.157228
2016-03-26,6.669405,2.619580,2.463671,0.155909
2016-03-27,6.672142,2.623458,2.465628,0.157830
2016-03-28,6.674880,2.627003,2.467593,0.159410
2016-03-29,6.677618,2.622000,2.469567,0.152434
2016-03-30,6.680356,2.616724,2.471548,0.145176
2016-03-31,6.683094,2.619239,2.473537,0.145702
2016-04-01,6.685832,2.619343,2.475534,0.143809
2016-04-02,6.688569,2.622690,2.477539,0.145151
2016-04-03,6.691307,2.622051,2.479552,0.142499
2016-04-04,6.694045,2.622581,2.481573,0.141008
2016-04-05,6.696783,2.625471,2.483602,0.141869
2016-04-06,6.699521,2.625837,2.485638,0.140199
2016-04-07,6.702259,2.624704,2.487682,0.137022
2016-04-08,6.704997,2.625079,2.489734,0.135345
2016-04-09,6.707734,2.621280,2.491794,0.129487
2016-04-10,6.710472,2.623978,2.493861,0.130116
2016-04-11,6.713210,2.624937,2.495936,0.129001
2016-04-12,6.715948,2.628518,2.498019,0.130499
2016-04-13,6.718686,2.628723,2.500109,0.128614
2016-04-14,6.721424,2.628126,2.502206,0.125920
2016-04-15,6.724162,2.631106,2.504311,0.126795
2016-04-16,6.726899,2.633936,2.506424,0.127512
2016-04-17,6.729637,2.631956,2.508544,0.123412
2016-04-18,6.732375,2.631771,2.510672,0.121100
2016-04-19,6.735113,2.633144,2.512806,0.120338
2016-04-20,6.737851,2.641577,2.514949,0.126629
2016-04-21,6.740589,2.647399,2.517098,0.130301
2016-04-22,6.743326,2.649878,2.519255,0.130622
2016-04-23,6.746064,2.650419,2.521419,0.129000
2016-04-24,6.748802,2.656950,2.523591,0.133359
2016-04-25,6.751540,2.661800,2.525769,0.136031
2016-04-26,6.754278,2.666196,2.527955,0.138241
2016-04-27,6.757016,2.662358,2.530148,0.132210
2016-04-28,6.759754,2.648800,2.532348,0.116451
2016-04-29,6.762491,2.653979,2.534555,0.119424
2016-04-30,6.765229,2.656025,2.536769,0.119256
2016-05-01,6.767967,2.654590,2.538991,0.115599
2016-05-02,6.770705,2.650437,2.541219,0.109218
2016-05-03,6.773443,2.650822,2.543454,0.107368
2016-05-04,6.776181,2.651699,2.545696,0.106003
2016-05-05,6.778919,2.651349,2.547945,0.103404
2016-05-06,6.781656,2.655627,2.550200,0.105427
2016-05-07,6.784394,2.661507,2.552463,0.109044
2016-05-08,6.787132,2.661007,2.554732,0.106275
2016-05-09,6.789870,2.662432,2.557008,0.105424
2016-05-10,6.792608,2.659941,2.559291,0.100650
2016-05-11,6.795346,2.656817,2.561581,0.095236
2016-05-12,6.798084,2.655340,2.563877,0.091463
2016-05-13,6.800821,2.658217,2.566180,0.092038
2016-05-14,6.803559,2.658972,2.568489,0.090483
2016-05-15,6.806297,2.659660,2.570805,0.088855
2016-05-16,6.809035,2.659624,2.573127,0.086497
2016-05-17,6.811773,2.657079,2.575456,0.081623
2016-05-18,6.814511,2.657590,2.577791,0.079798
2016-05-19,6.817248,2.652711,2.580133,0.072578
2016-05-20,6.819986,2.644648,2.582481,0.062166
2016-05-21,6.822724,2.645286,2.584836,0.060451
2016-05-22,6.825462,2.644962,2.587196,0.057766
2016-05-23,6.828200,2.645081,2.589563,0.055518
2016-05-24,6.830938,2.648453,2.591937,0.056517
2016-05-25,6.833676,2.651430,2.594316,0.057114
2016-05-26,6.836413,2.654125,2.596702,0.057423
2016-05-27,6.839151,2.672884,2.599094,0.073791
2016-05-28,6.841889,2.694673,2.601491,0.093181
2016-05-29,6.844627,2.717217,2.603895,0.113322
2016-05-30,6.847365,2.725166,2.606305,0.118860
2016-05-31,6.850103,2.727466,2.608721,0.118744
2016-06-01,6.852841,2.726729,2.611143,0.115586
2016-06-02,6.855578,2.731211,2.613571,0.117640
2016-06-03,6.858316,2.743207,2.616004,0.127202
2016-06-04,6.861054,2.758453,2.618444,0.140009
2016-06-05,6.863792,2.760345,2.620889,0.139456
2016-06-06,6.866530,2.764105,2.623340,0.140765
2016-06-07,6.869268,2.765016,2.625797,0.139219
2016-06-08,6.872005,2.762410,2.628260,0.134150
2016-06-09,6.874743,2.761712,2.630728,0.130984
2016-06-10,6.877481,2.760865,2.633202,0.127663
2016-06-11,6.880219,2.765872,2.635681,0.130191
2016-06-12,6.882957,2.805634,2.638166,0.167468
2016-06-13,6.885695,2.837355,2.640656,0.196698
2016-06-14,6.888433,2.836713,2.643152,0.193561
2016-06-15,6.891170,2.835086,2.645654,0.189432
2016-06-16,6.893908,2.867302,2.648160,0.219142
2016-06-17,6.896646,2.873414,2.650672,0.222742
2016-06-18,6.899384,2.875562,2.653190,0.222372
2016-06-19,6.902122,2.877587,2.655713,0.221875
2016-06-20,6.904860,2.873413,2.658240,0.215173
2016-06-21,6.907598,2.833143,2.660774,0.172369
2016-06-22,6.910335,2.813472,2.663312,0.150160
2016-06-23,6.913073,2.773533,2.665856,0.107678
2016-06-24,6.915811,2.818063,2.668404,0.149659
2016-06-25,6.918549,2.828023,2.670958,0.157065
2016-06-26,6.921287,2.807828,2.673516,0.134311
2016-06-27,6.924025,2.806853,2.676080,0.130773
2016-06-28,6.926762,2.814273,2.678649,0.135624
2016-06-29,6.929500,2.803194,2.681222,0.121972
2016-06-30,6.932238,2.815411,2.683801,0.131610
2016-07-01,6.934976,2.829628,2.686384,0.143244
2016-07-02,6.937714,2.836592,2.688972,0.147620
2016-07-03,6.940452,2.828646,2.691564,0.137082
2016-07-04,6.943190,2.825742,2.694162,0.131580
2016-07-05,6.945927,2.827660,2.696764,0.130896
2016-07-06,6.948665,2.827020,2.699371,0.127650
2016-07-07,6.951403,2.807352,2.701982,0.105370
2016-07-08,6.954141,2.810735,2.704598,0.106136
2016-07-09,6.956879,2.813730,2.707219,0.106511
2016-07-10,6.959617,2.810978,2.709843,0.101135
2016-07-11,6.962355,2.811727,2.712473,0.099254
2016-07-12,6.965092,2.818161,2.715107,0.103055
2016-07-13,6.967830,2.822386,2.717745,0.104641
2016-07-14,6.970568,2.817975,2.720387,0.097588
2016-07-15,6.973306,2.821669,2.723034,0.098635
2016-07-16,6.976044,2.822034,2.725685,0.096349
2016-07-17,6.978782,2.825918,2.728340,0.097578
2016-07-18,6.981520,2.830020,2.730999,0.099021
2016-07-19,6.984257,2.826435,2.733663,0.092772
2016-07-20,6.986995,2.825738,2.736330,0.089408
2016-07-21,6.989733,2.821673,2.739002,0.082671
2016-07-22,6.992471,2.819934,2.741677,0.078257
2016-07-23,6.995209,2.815522,2.744357,0.071165
2016-07-24,6.997947,2.817639,2.747040,0.070598
2016-07-25,7.000684,2.817211,2.749728,0.067483
2016-07-26,7.003422,2.814528,2.752419,0.062109
2016-07-27,7.006160,2.815453,2.755114,0.060339
2016-07-28,7.008898,2.816456,2.757813,0.058644
2016-07-29,7.011636,2.817229,2.760515,0.056714
2016-07-30,7.014374,2.816703,2.763221,0.053481
2016-07-31,7.017112,2.803736,2.765931,0.037805
2016-08-01,7.019849,2.792997,2.768644,0.024353
2016-08-02,7.022587,2.772960,2.771361,0.001598
2016-08-03,7.025325,2.741527,2.774082,-0.032555
2016-08-04,7.028063,2.758150,2.776806,-0.018656
2016-08-05,7.030801,2.757951,2.779533,-0.021582
2016-08-06,7.033539,2.760475,2.782264,-0.021789
2016-08-07,7.036277,2.771954,2.784998,-0.013044
2016-08-08,7.039014,2.771691,2.787736,-0.016044
2016-08-09,7.041752,2.769523,2.790476,-0.020953
2016-08-10,7.044490,2.772337,2.793220,-0.020883
2016-08-11,7.047228,2.773731,2.795967,-0.022236
2016-08-12,7.049966,2.769498,2.798718,-0.029220
2016-08-13,7.052704,2.769591,2.801471,-0.031880
2016-08-14,7.055441,2.761629,2.804227,-0.042599
2016-08-15,7.058179,2.756585,2.806987,-0.050402
2016-08-16,7.060917,2.758767,2.809749,-0.050982
2016-08-17,7.063655,2.760717,2.812515,-0.051798
2016-08-18,7.066393,2.760232,2.815283,-0.055052
2016-08-19,7.069131,2.761397,2.818054,-0.056658
2016-08-20,7.071869,2.762928,2.820828,-0.057900
2016-08-21,7.074606,2.765598,2.823605,-0.058007
2016-08-22,7.077344,2.768928,2.826385,-0.057457
2016-08-23,7.080082,2.767747,2.829167,-0.061420
2016-08-24,7.082820,2.765367,2.831952,-0.066585
2016-08-25,7.085558,2.761750,2.834739,-0.072989
2016-08-26,7.088296,2.762973,2.837529,-0.074556
2016-08-27,7.091034,2.759257,2.840322,-0.081065
2016-08-28,7.093771,2.758105,2.843117,-0.085012
2016-08-29,7.096509,2.759706,2.845914,-0.086209
2016-08-30,7.099247,2.763168,2.848714,-0.085547
2016-08-31,7.101985,2.759130,2.851516,-0.092386
2016-09-01,7.104723,2.758478,2.854321,-0.095843
2016-09-02,7.107461,2.758863,2.857128,-0.098265
2016-09-03,7.110198,2.763831,2.859937,-0.096106
2016-09-04,7.112936,2.780923,2.862748,-0.081825
2016-09-05,7.115674,2.782279,2.865562,-0.083283
2016-09-06,7.118412,2.783996,2.868377,-0.084382
2016-09-07,7.121150,2.786086,2.871195,-0.085109
2016-09-08,7.123888,2.793828,2.874015,-0.080187
2016-09-09,7.126626,2.794576,2.876836,-0.082261
2016-09-10,7.129363,2.795920,2.879660,-0.083740
2016-09-11,7.132101,2.793976,2.882486,-0.088509
2016-09-12,7.134839,2.785562,2.885313,-0.099751
2016-09-13,7.137577,2.786705,2.888142,-0.101437
2016-09-14,7.140315,2.787624,2.890973,-0.103349
2016-09-15,7.143053,2.786843,2.893806,-0.106963
2016-09-16,7.145791,2.785710,2.896640,-0.110930
2016-09-17,7.148528,2.784980,2.899476,-0.114496
2016-09-18,7.151266,2.785497,2.902314,-0.116816
2016-09-19,7.154004,2.786154,2.905153,-0.118999
2016-09-20,7.156742,2.785978,2.907994,-0.122016
2016-09-21,7.159480,2.779026,2.910836,-0.131810
2016-09-22,7.162218,2.777658,2.913680,-0.136022
2016-09-23,7.164956,2.778922,2.916525,-0.137603
2016-09-24,7.167693,2.781281,2.919371,-0.138090
2016-09-25,7.170431,2.780051,2.922219,-0.142168
2016-09-26,7.173169,2.783182,2.925068,-0.141886
2016-09-27,7.175907,2.783551,2.927918,-0.144367
2016-09-28,7.178645,2.783071,2.930770,-0.147699
2016-09-29,7.181383,2.783075,2.933622,-0.150547
2016-09-30,7.184120,2.782787,2.936476,-0.153689
2016-10-01,7.186858,2.787697,2.939331,-0.151634
2016-10-02,7.189596,2.786586,2.942186,-0.155600
2016-10-03,7.192334,2.786746,2.945043,-0.158297
2016-10-04,7.195072,2.785953,2.947901,-0.161948
2016-10-05,7.197810,2.787725,2.950760,-0.163034
2016-10-06,7.200548,2.787359,2.953619,-0.166260
2016-10-07,7.203285,2.789242,2.956479,-0.167237
2016-10-08,7.206023,2.791346,2.959340,-0.167994
2016-10-09,7.208761,2.790242,2.962202,-0.171960
2016-10-10,7.211499,2.790518,2.965064,-0.174546
2016-10-11,7.214237,2.800916,2.967928,-0.167012
2016-10-12,7.216975,2.804788,2.970791,-0.166003
2016-10-13,7.219713,2.804440,2.973655,-0.169215
2016-10-14,7.222450,2.804950,2.976520,-0.171570
2016-10-15,7.225188,2.806468,2.979385,-0.172917
2016-10-16,7.227926,2.807059,2.982251,-0.175192
2016-10-17,7.230664,2.806027,2.985117,-0.179090
2016-10-18,7.233402,2.804752,2.987984,-0.183232
2016-10-19,7.236140,2.801515,2.990850,-0.189335
2016-10-20,7.238877,2.799436,2.993717,-0.194282
2016-10-21,7.241615,2.800760,2.996585,-0.195825
2016-10-22,7.244353,2.808006,2.999452,-0.191446
2016-10-23,7.247091,2.815887,3.002319,-0.186432
2016-10-24,7.249829,2.813692,3.005187,-0.191495
2016-10-25,7.252567,2.816742,3.008055,-0.191313
2016-10-26,7.255305,2.823370,3.010923,-0.187552
2016-10-27,7.258042,2.833778,3.013790,-0.180012
2016-10-28,7.260780,2.836607,3.016658,-0.180051
2016-10-29,7.263518,2.849127,3.019525,-0.170399
2016-10-30,7.266256,2.847788,3.022393,-0.174605
2016-10-31,7.268994,2.845200,3.025260,-0.180060
2016-11-01,7.271732,2.858510,3.028127,-0.169617
2016-11-02,7.274470,2.861751,3.030994,-0.169243
2016-11-03,7.277207,2.860621,3.033860,-0.173239
2016-11-04,7.279945,2.845187,3.036726,-0.191539
2016-11-05,7.282683,2.847932,3.039592,-0.191660
2016-11-06,7.285421,2.851579,3.042457,-0.190878
2016-11-07,7.288159,2.849204,3.045322,-0.196117
2016-11-08,7.290897,2.850134,3.048186,-0.198052
2016-11-09,7.293634,2.861070,3.051049,-0.189980
2016-11-10,7.296372,2.855021,3.053912,-0.198891
2016-11-11,7.299110,2.855015,3.056775,-0.201760
2016-11-12,7.301848,2.851423,3.059636,-0.208213
2016-11-13,7.304586,2.843580,3.062497,-0.218917
2016-11-14,7.307324,2.847194,3.065357,-0.218164
2016-11-15,7.310062,2.852837,3.068217,-0.215380
2016-11-16,7.312799,2.861724,3.071075,-0.209351
2016-11-17,7.315537,2.871676,3.073933,-0.202257
2016-11-18,7.318275,2.871710,3.076790,-0.205079
2016-11-19,7.321013,2.875498,3.079645,-0.204148
2016-11-20,7.323751,2.870700,3.082500,-0.211800
2016-11-21,7.326489,2.866823,3.085354,-0.218531
2016-11-22,7.329227,2.871044,3.088206,-0.217163
2016-11-23,7.331964,2.871681,3.091058,-0.219377
2016-11-24,7.334702,2.869114,3.093908,-0.224794
2016-11-25,7.337440,2.867009,3.096757,-0.229748
2016-11-26,7.340178,2.866576,3.099605,-0.233029
2016-11-27,7.342916,2.865763,3.102451,-0.236688
2016-11-28,7.345654,2.871764,3.105297,-0.233533
2016-11-29,7.348392,2.865602,3.108140,-0.242539
2016-11-30,7.351129,2.869174,3.110983,-0.241808
2016-12-01,7.353867,2.874574,3.113824,-0.239250
2016-12-02,7.356605,2.885658,3.116663,-0.231005
2016-12-03,7.359343,2.884309,3.119501,-0.235192
2016-12-04,7.362081,2.883921,3.122337,-0.238416
2016-12-05,7.364819,2.878788,3.125172,-0.246384
2016-12-06,7.367556,2.879267,3.128005,-0.248738
2016-12-07,7.370294,2.882592,3.130836,-0.248244
2016-12-08,7.373032,2.885600,3.133666,-0.248066
2016-12-09,7.375770,2.886783,3.136494,-0.249711
2016-12-10,7.378508,2.889270,3.139320,-0.250049
2016-12-11,7.381246,2.886895,3.142144,-0.255248
2016-12-12,7.383984,2.890731,3.144966,-0.254235
2016-12-13,7.386721,2.891704,3.147786,-0.256083
2016-12-14,7.389459,2.891136,3.150605,-0.259468
2016-12-15,7.392197,2.891094,3.153421,-0.262327
2016-12-16,7.394935,2.892194,3.156235,-0.264041
2016-12-17,7.397673,2.896957,3.159047,-0.262091
2016-12-18,7.400411,2.897190,3.161857,-0.264668
2016-12-19,7.403149,2.897794,3.164665,-0.266871
2016-12-20,7.405886,2.898803,3.167471,-0.268667
2016-12-21,7.408624,2.910594,3.170274,-0.259680
2016-12-22,7.411362,2.932621,3.173075,-0.240455
2016-12-23,7.414100,2.953548,3.175874,-0.222326
2016-12-24,7.416838,2.955515,3.178671,-0.223155
2016-12-25,7.419576,2.943063,3.181465,-0.238401
2016-12-26,7.422313,2.954970,3.184256,-0.229286
2016-12-27,7.425051,2.963172,3.187045,-0.223873
2016-12-28,7.427789,2.980797,3.189832,-0.209035
2016-12-29,7.430527,2.986139,3.192616,-0.206477
2016-12-30,7.433265,2.979165,3.195397,-0.216232
2016-12-31,7.436003,2.981024,3.198176,-0.217152
2017-01-01,7.438741,2.989581,3.200952,-0.211372
2017-01-02,7.441478,3.006468,3.203726,-0.197258
2017-01-03,7.444216,3.009249,3.206496,-0.197248
2017-01-04,7.446954,3.033051,3.209264,-0.176213
2017-01-05,7.449692,3.019641,3.212029,-0.192389
2017-01-06,7.452430,2.969502,3.214792,-0.245289
2017-01-07,7.455168,2.939653,3.217551,-0.277898
2017-01-08,7.457906,2.960672,3.220307,-0.259636
2017-01-09,7.460643,2.950904,3.223061,-0.272157
2017-01-10,7.463381,2.955880,3.225811,-0.269931
2017-01-11,7.466119,2.927589,3.228558,-0.300970
2017-01-12,7.468857,2.895844,3.231303,-0.335459
2017-01-13,7.471595,2.907939,3.234044,-0.326105
2017-01-14,7.474333,2.918320,3.236782,-0.318461
2017-01-15,7.477070,2.913953,3.239517,-0.325564
2017-01-16,7.479808,2.919068,3.242248,-0.323180
2017-01-17,7.482546,2.943438,3.244976,-0.301538
2017-01-18,7.485284,2.947716,3.247701,-0.299986
2017-01-19,7.488022,2.951600,3.250423,-0.298823
2017-01-20,7.490760,2.952419,3.253141,-0.300723
2017-01-21,7.493498,2.962986,3.255856,-0.292870
2017-01-22,7.496235,2.965324,3.258568,-0.293243
2017-01-23,7.498973,2.964074,3.261275,-0.297201
2017-01-24,7.501711,2.957751,3.263980,-0.306229
2017-01-25,7.504449,2.952299,3.266681,-0.314382
2017-01-26,7.507187,2.957469,3.269378,-0.311909
2017-01-27,7.509925,2.962605,3.272072,-0.309466
2017-01-28,7.512663,2.963389,3.274761,-0.311373
2017-01-29,7.515400,2.963534,3.277448,-0.313914
2017-01-30,7.518138,2.963030,3.280130,-0.317100
2017-01-31,7.520876,2.973684,3.282809,-0.309125
2017-02-01,7.523614,2.987344,3.285484,-0.298140
2017-02-02,7.526352,2.996173,3.288155,-0.291982
2017-02-03,7.529090,3.005035,3.290822,-0.285787
2017-02-04,7.531828,3.007146,3.293485,-0.286340
2017-02-05,7.534565,3.008400,3.296145,-0.287745
2017-02-06,7.537303,3.008835,3.298800,-0.289965
2017-02-07,7.540041,3.016868,3.301451,-0.284583
2017-02-08,7.542779,3.022396,3.304099,-0.281702
2017-02-09,7.545517,3.009584,3.306742,-0.297158
2017-02-10,7.548255,2.990660,3.309381,-0.318721
2017-02-11,7.550992,3.003432,3.312016,-0.308584
2017-02-12,7.553730,3.002327,3.314647,-0.312319
2017-02-13,7.556468,2.999894,3.317273,-0.317379
2017-02-14,7.559206,3.003569,3.319895,-0.316327
2017-02-15,7.561944,3.004859,3.322513,-0.317654
2017-02-16,7.564682,3.011754,3.325127,-0.313373
2017-02-17,7.567420,3.019235,3.327736,-0.308502
2017-02-18,7.570157,3.025528,3.330341,-0.304813
2017-02-19,7.572895,3.022684,3.332941,-0.310258
2017-02-20,7.575633,3.024482,3.335537,-0.311055
2017-02-21,7.578371,3.040966,3.338129,-0.297163
2017-02-22,7.581109,3.049233,3.340716,-0.291483
2017-02-23,7.583847,3.058567,3.343298,-0.284732
2017-02-24,7.586585,3.072187,3.345876,-0.273689
2017-02-25,7.589322,3.066804,3.348449,-0.281645
2017-02-26,7.592060,3.064433,3.351018,-0.286585
2017-02-27,7.594798,3.072407,3.353582,-0.281175
2017-02-28,7.597536,3.074836,3.356141,-0.281305
2017-03-01,7.600274,3.080694,3.358695,-0.278001
2017-03-02,7.603012,3.091603,3.361245,-0.269642
2017-03-03,7.605749,3.104225,3.363790,-0.259565
2017-03-04,7.608487,3.103322,3.366330,-0.263008
2017-03-05,7.611225,3.100466,3.368865,-0.268399
2017-03-06,7.613963,3.104602,3.371395,-0.266793
2017-03-07,7.616701,3.097841,3.373920,-0.276079
2017-03-08,7.619439,3.077832,3.376441,-0.298608
2017-03-09,7.622177,3.070141,3.378956,-0.308815
2017-03-10,7.624914,3.079509,3.381466,-0.301957
2017-03-11,7.627652,3.068207,3.383971,-0.315764
2017-03-12,7.630390,3.078181,3.386471,-0.308291
2017-03-13,7.633128,3.090316,3.388966,-0.298651
2017-03-14,7.635866,3.093589,3.391456,-0.297867
2017-03-15,7.638604,3.096892,3.393941,-0.297049
2017-03-16,7.641342,3.086912,3.396420,-0.309508
2017-03-17,7.644079,3.053961,3.398894,-0.344933
2017-03-18,7.646817,3.014783,3.401363,-0.386580
2017-03-19,7.649555,3.007511,3.403827,-0.396315
2017-03-20,7.652293,3.016601,3.406285,-0.389684
2017-03-21,7.655031,3.036467,3.408738,-0.372271
2017-03-22,7.657769,3.024994,3.411185,-0.386191
2017-03-23,7.660507,3.019774,3.413627,-0.393853
2017-03-24,7.663244,2.998881,3.416064,-0.417183
2017-03-25,7.665982,2.971012,3.418495,-0.447482
2017-03-26,7.668720,2.988027,3.420920,-0.432893
2017-03-27,7.671458,3.001243,3.423340,-0.422097
2017-03-28,7.674196,3.017842,3.425755,-0.407913
2017-03-29,7.676934,3.013996,3.428164,-0.414168
2017-03-30,7.679671,3.014691,3.430567,-0.415876
2017-03-31,7.682409,3.023576,3.432964,-0.409389
2017-04-01,7.685147,3.033432,3.435356,-0.401925
2017-04-02,7.687885,3.035952,3.437742,-0.401791
2017-04-03,7.690623,3.053792,3.440123,-0.386331
2017-04-04,7.693361,3.057414,3.442498,-0.385084
2017-04-05,7.696099,3.053292,3.444866,-0.391575
2017-04-06,7.698836,3.066604,3.447229,-0.380625
2017-04-07,7.701574,3.074044,3.449587,-0.375543
2017-04-08,7.704312,3.073181,3.451938,-0.378757
2017-04-09,7.707050,3.076574,3.454283,-0.377709
2017-04-10,7.709788,3.081970,3.456623,-0.374653
2017-04-11,7.712526,3.084116,3.458956,-0.374840
2017-04-12,7.715264,3.086093,3.461284,-0.375191
2017-04-13,7.718001,3.075122,3.463605,-0.388483
2017-04-14,7.720739,3.073272,3.465921,-0.392649
2017-04-15,7.723477,3.074054,3.468230,-0.394176
2017-04-16,7.726215,3.073570,3.470534,-0.396964
2017-04-17,7.728953,3.074993,3.472831,-0.397838
2017-04-18,7.731691,3.083115,3.475122,-0.392007
2017-04-19,7.734428,3.083440,3.477407,-0.393967
2017-04-20,7.737166,3.089563,3.479686,-0.390122
2017-04-21,7.739904,3.097612,3.481958,-0.384346
2017-04-22,7.742642,3.096530,3.484225,-0.387695
2017-04-23,7.745380,3.097816,3.486485,-0.388668
2017-04-24,7.748118,3.099243,3.488738,-0.389496
2017-04-25,7.750856,3.106371,3.490986,-0.384614
2017-04-26,7.753593,3.115652,3.493227,-0.377575
2017-04-27,7.756331,3.123398,3.495461,-0.372063
2017-04-28,7.759069,3.125800,3.497690,-0.371889
2017-04-29,7.761807,3.126499,3.499912,-0.373412
2017-04-30,7.764545,3.126854,3.502127,-0.375273
2017-05-01,7.767283,3.143604,3.504336,-0.360732
2017-05-02,7.770021,3.160215,3.506539,-0.346324
2017-05-03,7.772758,3.168982,3.508735,-0.339753
2017-05-04,7.775496,3.188283,3.510924,-0.322641
2017-05-05,7.778234,3.193068,3.513107,-0.320039
2017-05-06,7.780972,3.191015,3.515283,-0.324268
2017-05-07,7.783710,3.191455,3.517453,-0.325998
2017-05-08,7.786448,3.206425,3.519616,-0.313191
2017-05-09,7.789185,3.233303,3.521773,-0.288469
2017-05-10,7.791923,3.240759,3.523922,-0.283163
2017-05-11,7.794661,3.260152,3.526066,-0.265913
2017-05-12,7.797399,3.249285,3.528202,-0.278917
2017-05-13,7.800137,3.233631,3.530332,-0.296701
2017-05-14,7.802875,3.251516,3.532454,-0.280939
2017-05-15,7.805613,3.240594,3.534571,-0.293976
2017-05-16,7.808350,3.237865,3.536680,-0.298815
2017-05-17,7.811088,3.255399,3.538782,-0.283383
2017-05-18,7.813826,3.264007,3.540878,-0.276871
2017-05-19,7.816564,3.285424,3.542967,-0.257543
2017-05-20,7.819302,3.296731,3.545049,-0.248318
2017-05-21,7.822040,3.307713,3.547124,-0.239410
2017-05-22,7.824778,3.327655,3.549192,-0.221537
2017-05-23,7.827515,3.344612,3.551253,-0.206641
2017-05-24,7.830253,3.374023,3.553307,-0.179284
2017-05-25,7.832991,3.410536,3.555355,-0.144819
2017-05-26,7.835729,3.380820,3.557395,-0.176574
2017-05-27,7.838467,3.319761,3.559428,-0.239667
2017-05-28,7.841205,3.340062,3.561454,-0.221392
2017-05-29,7.843943,3.347704,3.563473,-0.215770
2017-05-30,7.846680,3.357080,3.565485,-0.208405
2017-05-31,7.849418,3.351457,3.567490,-0.216033
2017-06-01,7.852156,3.375617,3.569488,-0.193871
2017-06-02,7.854894,3.384020,3.571478,-0.187459
2017-06-03,7.857632,3.399163,3.573462,-0.174299
2017-06-04,7.860370,3.401072,3.575438,-0.174366
2017-06-05,7.863107,3.413606,3.577407,-0.163802
2017-06-06,7.865845,3.448799,3.579369,-0.130570
2017-06-07,7.868583,3.446694,3.581324,-0.134629
2017-06-08,7.871321,3.438203,3.583271,-0.145069
2017-06-09,7.874059,3.449348,3.585211,-0.135863
2017-06-10,7.876797,3.452863,3.587144,-0.134282
2017-06-11,7.879535,3.461861,3.589070,-0.127209
2017-06-12,7.882272,3.448877,3.590988,-0.142111
2017-06-13,7.885010,3.434803,3.592899,-0.158096
2017-06-14,7.887748,3.425170,3.594803,-0.169633
2017-06-15,7.890486,3.379503,3.596699,-0.217196
2017-06-16,7.893224,3.394653,3.598588,-0.203935
2017-06-17,7.895962,3.411533,3.600469,-0.188936
2017-06-18,7.898700,3.413027,3.602343,-0.189316
2017-06-19,7.901437,3.411648,3.604210,-0.192561
2017-06-20,7.904175,3.422484,3.606069,-0.183585
2017-06-21,7.906913,3.430659,3.607921,-0.177262
2017-06-22,7.909651,3.428414,3.609765,-0.181350
2017-06-23,7.912389,3.434892,3.611601,-0.176710
2017-06-24,7.915127,3.427242,3.613431,-0.186189
2017-06-25,7.917864,3.413043,3.615252,-0.202210
2017-06-26,7.920602,3.394783,3.617067,-0.222284
2017-06-27,7.923340,3.384960,3.618873,-0.233913
2017-06-28,7.926078,3.404952,3.620672,-0.215720
2017-06-29,7.928816,3.409296,3.622464,-0.213167
2017-06-30,7.931554,3.403181,3.624247,-0.221067
2017-07-01,7.934292,3.393407,3.626024,-0.232617
2017-07-02,7.937029,3.389916,3.627792,-0.237876
2017-07-03,7.939767,3.402659,3.629553,-0.226895
2017-07-04,7.942505,3.415483,3.631307,-0.215823
2017-07-05,7.945243,3.414882,3.633052,-0.218170
2017-07-06,7.947981,3.415594,3.634790,-0.219197
2017-07-07,7.950719,3.407346,3.636521,-0.229175
2017-07-08,7.953457,3.402832,3.638243,-0.235412
2017-07-09,7.956194,3.406950,3.639958,-0.233008
2017-07-10,7.958932,3.392755,3.641665,-0.248911
2017-07-11,7.961670,3.372486,3.643365,-0.270878
2017-07-12,7.964408,3.371954,3.645056,-0.273103
2017-07-13,7.967146,3.375701,3.646740,-0.271039
2017-07-14,7.969884,3.359817,3.648417,-0.288600
2017-07-15,7.972621,3.320098,3.650085,-0.329987
2017-07-16,7.975359,3.289137,3.651746,-0.362608
2017-07-17,7.978097,3.314128,3.653398,-0.339270
2017-07-18,7.980835,3.357639,3.655043,-0.297404
2017-07-19,7.983573,3.365520,3.656680,-0.291160
2017-07-20,7.986311,3.396531,3.658310,-0.261779
2017-07-21,7.989049,3.433184,3.659931,-0.226747
2017-07-22,7.991786,3.442752,3.661545,-0.218793
2017-07-23,7.994524,3.440919,3.663150,-0.222232
2017-07-24,7.997262,3.438913,3.664748,-0.225835
2017-07-25,8.000000,3.419422,3.666338,-0.246916
2017-07-26,8.002738,3.399598,3.667920,-0.268322
2017-07-27,8.005476,3.410594,3.669495,-0.258900
2017-07-28,8.008214,3.436999,3.671061,-0.234062
2017-07-29,8.010951,3.434116,3.672619,-0.238503
2017-07-30,8.013689,3.429746,3.674169,-0.244424
2017-07-31,8.016427,3.440087,3.675712,-0.235625
2017-08-01,8.019165,3.441167,3.677246,-0.236080
2017-08-02,8.021903,3.433560,3.678773,-0.245213
2017-08-03,8.024641,3.437783,3.680292,-0.242508
2017-08-04,8.027379,3.449254,3.681802,-0.232548
2017-08-05,8.030116,3.496661,3.683305,-0.186644
2017-08-06,8.032854,3.507789,3.684799,-0.177011
2017-08-07,8.035592,3.518297,3.686286,-0.167989
2017-08-08,8.038330,3.532987,3.687765,-0.154777
2017-08-09,8.041068,3.522280,3.689235,-0.166956
2017-08-10,8.043806,3.531589,3.690698,-0.159108
2017-08-11,8.046543,3.546115,3.692152,-0.146038
2017-08-12,8.049281,3.574155,3.693599,-0.119444
2017-08-13,8.052019,3.605954,3.695037,-0.089084
2017-08-14,8.054757,3.620773,3.696468,-0.075695
2017-08-15,8.057495,3.623274,3.697890,-0.074617
2017-08-16,8.060233,3.620711,3.699305,-0.078594
2017-08-17,8.062971,3.639631,3.700711,-0.061080
2017-08-18,8.065708,3.627918,3.702109,-0.074192
2017-08-19,8.068446,3.613828,3.703499,-0.089672
2017-08-20,8.071184,3.615332,3.704882,-0.089549
2017-08-21,8.073922,3.609010,3.706256,-0.097245
2017-08-22,8.076660,3.597280,3.707621,-0.110341
2017-08-23,8.079398,3.619227,3.708979,-0.089753
2017-08-24,8.082136,3.624601,3.710329,-0.085728
2017-08-25,8.084873,3.639726,3.711671,-0.071945
2017-08-26,8.087611,3.636238,3.713004,-0.076766
2017-08-27,8.090349,3.638698,3.714330,-0.075632
2017-08-28,8.093087,3.635940,3.715647,-0.079707
2017-08-29,8.095825,3.650601,3.716956,-0.066355
2017-08-30,8.098563,3.661441,3.718257,-0.056816
2017-08-31,8.101300,3.669790,3.719550,-0.049760
2017-09-01,8.104038,3.681873,3.720835,-0.038962
2017-09-02,8.106776,3.672389,3.722112,-0.049722
2017-09-03,8.109514,3.664524,3.723380,-0.058856
2017-09-04,8.112252,3.649816,3.724641,-0.074825
2017-09-05,8.114990,3.635304,3.725893,-0.090590
2017-09-06,8.117728,3.661021,3.727137,-0.066116
2017-09-07,8.120465,3.664296,3.728373,-0.064077
2017-09-08,8.123203,3.654764,3.729601,-0.074838
2017-09-09,8.125941,3.638486,3.730821,-0.092336
2017-09-10,8.128679,3.628694,3.732033,-0.103339
2017-09-11,8.131417,3.629771,3.733236,-0.103466
2017-09-12,8.134155,3.631968,3.734432,-0.102464
2017-09-13,8.136893,3.599404,3.735619,-0.136214
2017-09-14,8.139630,3.562959,3.736798,-0.173839
2017-09-15,8.142368,3.537155,3.737969,-0.200814
2017-09-16,8.145106,3.574739,3.739132,-0.164392
2017-09-17,8.147844,3.567456,3.740286,-0.172830
2017-09-18,8.150582,3.598699,3.741433,-0.142734
2017-09-19,8.153320,3.600927,3.742571,-0.141644
2017-09-20,8.156057,3.597675,3.743701,-0.146026
2017-09-21,8.158795,3.581508,3.744823,-0.163315
2017-09-22,8.161533,3.561827,3.745937,-0.184110
2017-09-23,8.164271,3.571087,3.747043,-0.175955
2017-09-24,8.167009,3.569040,3.748140,-0.179101
2017-09-25,8.169747,3.583054,3.749230,-0.166176
2017-09-26,8.172485,3.593577,3.750311,-0.156734
2017-09-27,8.175222,3.606398,3.751384,-0.144986
2017-09-28,8.177960,3.622154,3.752450,-0.130296
2017-09-29,8.180698,3.617440,3.753506,-0.136066
2017-09-30,8.183436,3.630598,3.754555,-0.123957
2017-10-01,8.186174,3.634547,3.755596,-0.121048
2017-10-02,8.188912,3.643882,3.756628,-0.112747
2017-10-03,8.191650,3.635168,3.757653,-0.122485
2017-10-04,8.194387,3.627169,3.758669,-0.131500
2017-10-05,8.197125,3.629085,3.759677,-0.130593
2017-10-06,8.199863,3.638943,3.760677,-0.121735
2017-10-07,8.202601,3.638286,3.761669,-0.123383
2017-10-08,8.205339,3.652392,3.762653,-0.110262
2017-10-09,8.208077,3.666284,3.763629,-0.097345
2017-10-10,8.210815,3.681990,3.764597,-0.082607
2017-10-11,8.213552,3.679790,3.765556,-0.085766
2017-10-12,8.216290,3.707577,3.766508,-0.058931
2017-10-13,8.219028,3.746091,3.767451,-0.021360
2017-10-14,8.221766,3.751507,3.768386,-0.016879
2017-10-15,8.224504,3.748657,3.769313,-0.020656
2017-10-16,8.227242,3.752567,3.770233,-0.017666
2017-10-17,8.229979,3.749335,3.771144,-0.021808
2017-10-18,8.232717,3.734068,3.772047,-0.037979
2017-10-19,8.235455,3.751224,3.772942,-0.021718
2017-10-20,8.238193,3.761296,3.773829,-0.012532
2017-10-21,8.240931,3.781181,3.774707,0.006473
2017-10-22,8.243669,3.771875,3.775578,-0.003703
2017-10-23,8.246407,3.769269,3.776441,-0.007172
2017-10-24,8.249144,3.753830,3.777296,-0.023466
2017-10-25,8.251882,3.744462,3.778143,-0.033680
2017-10-26,8.254620,3.765460,3.778981,-0.013522
2017-10-27,8.257358,3.765778,3.779812,-0.014034
2017-10-28,8.260096,3.759969,3.780635,-0.020665
2017-10-29,8.262834,3.766876,3.781449,-0.014573
2017-10-30,8.265572,3.785070,3.782256,0.002814
2017-10-31,8.268309,3.793775,3.783055,0.010720
2017-11-01,8.271047,3.812666,3.783846,0.028820
2017-11-02,8.273785,3.842527,3.784629,0.057899
2017-11-03,8.276523,3.858729,3.785403,0.073325
2017-11-04,8.279261,3.859376,3.786170,0.073205
2017-11-05,8.281999,3.871410,3.786929,0.084481
2017-11-06,8.284736,3.860610,3.787680,0.072930
2017-11-07,8.287474,3.852783,3.788424,0.064360
2017-11-08,8.290212,3.866882,3.789159,0.077723
2017-11-09,8.292950,3.860168,3.789886,0.070282
2017-11-10,8.295688,3.841529,3.790606,0.050924
2017-11-11,8.298426,3.816211,3.791317,0.024894
2017-11-12,8.301164,3.785979,3.792021,-0.006041
2017-11-13,8.303901,3.803001,3.792717,0.010284
2017-11-14,8.306639,3.819455,3.793405,0.026050
2017-11-15,8.309377,3.847915,3.794085,0.053830
2017-11-16,8.312115,3.871800,3.794757,0.077043
2017-11-17,8.314853,3.892741,3.795421,0.097319
2017-11-18,8.317591,3.885750,3.796078,0.089672
2017-11-19,8.320329,3.892336,3.796727,0.095609
2017-11-20,8.323066,3.906984,3.797368,0.109616
2017-11-21,8.325804,3.910568,3.798001,0.112567
2017-11-22,8.328542,3.908334,3.798627,0.109707
2017-11-23,8.331280,3.911726,3.799244,0.112481
2017-11-24,8.334018,3.910393,3.799854,0.110539
2017-11-25,8.336756,3.926143,3.800457,0.125687
2017-11-26,8.339493,3.955054,3.801051,0.154003
2017-11-27,8.342231,3.980729,3.801638,0.179091
2017-11-28,8.344969,3.992430,3.802217,0.190213
2017-11-29,8.347707,4.019115,3.802788,0.216327
2017-11-30,8.350445,3.997870,3.803352,0.194518
2017-12-01,8.353183,4.009123,3.803908,0.205215
2017-12-02,8.355921,4.037755,3.804457,0.233298
2017-12-03,8.358658,4.052636,3.804998,0.247639
2017-12-04,8.361396,4.054383,3.805531,0.248852
2017-12-05,8.364134,4.068843,3.806056,0.262787
2017-12-06,8.366872,4.101875,3.806574,0.295301
2017-12-07,8.369610,4.178991,3.807085,0.371906
2017-12-08,8.372348,4.198565,3.807587,0.390978
2017-12-09,8.375086,4.182450,3.808083,0.374367
2017-12-10,8.377823,4.162491,3.808570,0.353920
2017-12-11,8.380561,4.216411,3.809051,0.407360
2017-12-12,8.383299,4.227694,3.809523,0.418171
2017-12-13,8.386037,4.220695,3.809989,0.410706
2017-12-14,8.388775,4.217270,3.810446,0.406824
2017-12-15,8.391513,4.240142,3.810896,0.429246
2017-12-16,8.394251,4.260689,3.811339,0.449350
2017-12-17,8.396988,4.287556,3.811775,0.475781
2017-12-18,8.399726,4.274715,3.812202,0.462513
2017-12-19,8.402464,4.265607,3.812623,0.452984
2017-12-20,8.405202,4.227337,3.813036,0.414301
2017-12-21,8.407940,4.211821,3.813442,0.398379
2017-12-22,8.410678,4.144560,3.813840,0.330720
2017-12-23,8.413415,4.175769,3.814231,0.361538
2017-12-24,8.416153,4.141228,3.814615,0.326613
2017-12-25,8.418891,4.149840,3.814991,0.334849
2017-12-26,8.421629,4.188761,3.815360,0.373400
2017-12-27,8.424367,4.198413,3.815722,0.382691
2017-12-28,8.427105,4.163139,3.816077,0.347062
2017-12-29,8.429843,4.166641,3.816424,0.350217
2017-12-30,8.432580,4.126147,3.816764,0.309383
2017-12-31,8.435318,4.128444,3.817097,0.311347
2018-01-01,8.438056,4.136617,3.817423,0.319195
2018-01-02,8.440794,4.149140,3.817741,0.331399
2018-01-03,8.443532,4.179004,3.818052,0.360952
2018-01-04,8.446270,4.174245,3.818357,0.355888
2018-01-05,8.449008,4.203697,3.818654,0.385044
2018-01-06,8.451745,4.226481,3.818944,0.407537
2018-01-07,8.454483,4.223769,3.819227,0.404542
2018-01-08,8.457221,4.192884,3.819502,0.373382
2018-01-09,8.459959,4.180180,3.819771,0.360408
2018-01-10,8.462697,4.157057,3.820033,0.337024
2018-01-11,8.465435,4.145370,3.820287,0.325083
2018-01-12,8.468172,4.140741,3.820535,0.320206
2018-01-13,8.470910,4.158096,3.820776,0.337320
2018-01-14,8.473648,4.144010,3.821010,0.323000
2018-01-15,8.476386,4.147128,3.821237,0.325891
2018-01-16,8.479124,4.093736,3.821457,0.272279
2018-01-17,8.481862,4.033519,3.821670,0.211849
2018-01-18,8.484600,4.065809,3.821876,0.243933
2018-01-19,8.487337,4.066990,3.822075,0.244915
2018-01-20,8.490075,4.101948,3.822267,0.279680
2018-01-21,8.492813,4.082222,3.822453,0.259769
2018-01-22,8.495551,4.054237,3.822632,0.231605
2018-01-23,8.498289,4.036150,3.822804,0.213346
2018-01-24,8.501027,4.047271,3.822969,0.224301
2018-01-25,8.503765,4.057646,3.823128,0.234518
2018-01-26,8.506502,4.047152,3.823280,0.223872
2018-01-27,8.509240,4.055179,3.823425,0.231754
2018-01-28,8.511978,4.065817,3.823564,0.242254
2018-01-29,8.514716,4.053753,3.823695,0.230057
2018-01-30,8.517454,4.031834,3.823821,0.208014
2018-01-31,8.520192,4.005808,3.823939,0.181868
2018-02-01,8.522930,3.983353,3.824051,0.159302
2018-02-02,8.525667,3.936475,3.824157,0.112318
2018-02-03,8.528405,3.955504,3.824256,0.131249
2018-02-04,8.531143,3.946668,3.824348,0.122320
2018-02-05,8.533881,3.885958,3.824434,0.061524
2018-02-06,8.536619,3.838811,3.824514,0.014297
2018-02-07,8.539357,3.901124,3.824587,0.076538
2018-02-08,8.542094,3.917600,3.824653,0.092947
2018-02-09,8.544832,3.919809,3.824713,0.095095
2018-02-10,8.547570,3.937123,3.824767,0.112356
2018-02-11,8.550308,3.915985,3.824814,0.091171
2018-02-12,8.553046,3.935438,3.824856,0.110583
2018-02-13,8.555784,3.937352,3.824890,0.112462
2018-02-14,8.558522,3.956479,3.824919,0.131560
2018-02-15,8.561259,3.990433,3.824941,0.165492
2018-02-16,8.563997,4.002496,3.824957,0.177539
2018-02-17,8.566735,4.029634,3.824967,0.204668
2018-02-18,8.569473,4.032167,3.824970,0.207197
2018-02-19,8.572211,4.037642,3.824968,0.212674
2018-02-20,8.574949,4.062873,3.824959,0.237914
2018-02-21,8.577687,4.036873,3.824944,0.211929
2018-02-22,8.580424,4.015293,3.824923,0.190371
2018-02-23,8.583162,4.003568,3.824896,0.178672
2018-02-24,8.585900,4.000518,3.824863,0.175655
2018-02-25,8.588638,3.985959,3.824824,0.161135
2018-02-26,8.591376,3.998358,3.824778,0.173580
2018-02-27,8.594114,4.025019,3.824727,0.200292
2018-02-28,8.596851,4.028361,3.824670,0.203691
2018-03-01,8.599589,4.027557,3.824607,0.202949
2018-03-02,8.602327,4.042312,3.824538,0.217774
2018-03-03,8.605065,4.055875,3.824464,0.231412
2018-03-04,8.607803,4.052571,3.824383,0.228188
2018-03-05,8.610541,4.058750,3.824297,0.234453
2018-03-06,8.613279,4.043563,3.824204,0.219358
2018-03-07,8.616016,4.021594,3.824106,0.197488
2018-03-08,8.618754,3.992072,3.824002,0.168070
2018-03-09,8.621492,3.955186,3.823893,0.131293
2018-03-10,8.624230,3.969045,3.823778,0.145267
2018-03-11,8.626968,3.960842,3.823657,0.137185
2018-03-12,8.629706,3.977772,3.823530,0.154242
2018-03-13,8.632444,3.964965,3.823398,0.141566
2018-03-14,8.635181,3.947925,3.823261,0.124665
2018-03-15,8.637919,3.913553,3.823117,0.090436
2018-03-16,8.640657,3.922031,3.822969,0.099062
2018-03-17,8.643395,3.910113,3.822814,0.087298
2018-03-18,8.646133,3.888447,3.822655,0.065792
2018-03-19,8.648871,3.923786,3.822489,0.101297
2018-03-20,8.651608,3.937770,3.822319,0.115451
2018-03-21,8.654346,3.956089,3.822143,0.133946
2018-03-22,8.657084,3.945866,3.821961,0.123905
2018-03-23,8.659822,3.933202,3.821774,0.111428
2018-03-24,8.662560,3.948879,3.821582,0.127297
2018-03-25,8.665298,3.934065,3.821385,0.112681
2018-03-26,8.668036,3.917810,3.821182,0.096628
2018-03-27,8.670773,3.904200,3.820974,0.083226
2018-03-28,8.673511,3.901632,3.820761,0.080870
2018-03-29,8.676249,3.885910,3.820543,0.065367
2018-03-30,8.678987,3.842651,3.820320,0.022331
2018-03-31,8.681725,3.848512,3.820091,0.028421
2018-04-01,8.684463,3.835788,3.819858,0.015931
2018-04-02,8.687201,3.847019,3.819619,0.027400
2018-04-03,8.689938,3.867159,3.819375,0.047783
2018-04-04,8.692676,3.852899,3.819127,0.033773
2018-04-05,8.695414,3.833153,3.818873,0.014280
2018-04-06,8.698152,3.825064,3.818614,0.006450
2018-04-07,8.700890,3.839591,3.818351,0.021240
2018-04-08,8.703628,3.845774,3.818082,0.027692
2018-04-09,8.706366,3.839948,3.817809,0.022139
2018-04-10,8.709103,3.832906,3.817531,0.015375
2018-04-11,8.711841,3.838657,3.817248,0.021409
2018-04-12,8.714579,3.866234,3.816960,0.049274
2018-04-13,8.717317,3.903558,3.816668,0.086890
2018-04-14,8.720055,3.904695,3.816371,0.088325
2018-04-15,8.722793,3.914840,3.816069,0.098771
2018-04-16,8.725530,3.908518,3.815762,0.092756
2018-04-17,8.728268,3.906457,3.815451,0.091006
2018-04-18,8.731006,3.907067,3.815135,0.091931
2018-04-19,8.733744,3.915171,3.814815,0.100356
2018-04-20,8.736482,3.926694,3.814490,0.112204
2018-04-21,8.739220,3.945169,3.814161,0.131008
2018-04-22,8.741958,3.949402,3.813827,0.135575
2018-04-23,8.744695,3.950380,3.813489,0.136891
2018-04-24,8.747433,3.967515,3.813146,0.154369
2018-04-25,8.750171,3.964067,3.812799,0.151268
2018-04-26,8.752909,3.949267,3.812448,0.136819
2018-04-27,8.755647,3.963910,3.812092,0.151818
2018-04-28,8.758385,3.964545,3.811732,0.152812
2018-04-29,8.761123,3.969726,3.811368,0.158358
2018-04-30,8.763860,3.967472,3.811000,0.156472
2018-05-01,8.766598,3.954166,3.810627,0.143539
2018-05-02,8.769336,3.959133,3.810250,0.148883
2018-05-03,8.772074,3.970952,3.809869,0.161083
2018-05-04,8.774812,3.984119,3.809484,0.174634
2018-05-05,8.777550,3.991053,3.809095,0.181958
2018-05-06,8.780287,3.982808,3.808702,0.174106
2018-05-07,8.783025,3.970860,3.808305,0.162555
2018-05-08,8.785763,3.967245,3.807904,0.159341
2018-05-09,8.788501,3.963886,3.807499,0.156387
2018-05-10,8.791239,3.967130,3.807090,0.160040
2018-05-11,8.793977,3.941233,3.806677,0.134556
2018-05-12,8.796715,3.927470,3.806260,0.121210
2018-05-13,8.799452,3.933711,3.805839,0.127871
2018-05-14,8.802190,3.934008,3.805415,0.128593
2018-05-15,8.804928,3.936292,3.804987,0.131305
2018-05-16,8.807666,3.918773,3.804555,0.114218
2018-05-17,8.810404,3.918156,3.804120,0.114036
2018-05-18,8.813142,3.909096,3.803681,0.105416
2018-05-19,8.815880,3.916787,3.803238,0.113549
2018-05-20,8.818617,3.922550,3.802791,0.119758
2018-05-21,8.821355,3.927222,3.802342,0.124880
2018-05-22,8.824093,3.915884,3.801888,0.113996
2018-05-23,8.826831,3.892500,3.801431,0.091069
2018-05-24,8.829569,3.878336,3.800971,0.077365
2018-05-25,8.832307,3.874548,3.800507,0.074041
2018-05-26,8.835044,3.874731,3.800040,0.074691
2018-05-27,8.837782,3.865497,3.799569,0.065928
2018-05-28,8.840520,3.861531,3.799095,0.062436
2018-05-29,8.843258,3.863980,3.798618,0.065362
2018-05-30,8.845996,3.872092,3.798137,0.073954
2018-05-31,8.848734,3.875456,3.797654,0.077802
2018-06-01,8.851472,3.874406,3.797167,0.077240
2018-06-02,8.854209,3.880916,3.796677,0.084239
2018-06-03,8.856947,3.885983,3.796183,0.089800
2018-06-04,8.859685,3.879248,3.795687,0.083561
2018-06-05,8.862423,3.874693,3.795188,0.079506
2018-06-06,8.865161,3.880978,3.794685,0.086293
2018-06-07,8.867899,3.885739,3.794180,0.091559
2018-06-08,8.870637,3.882650,3.793671,0.088979
2018-06-09,8.873374,3.882535,3.793160,0.089375
2018-06-10,8.876112,3.854327,3.792646,0.061681
2018-06-11,8.878850,3.830955,3.792129,0.038826
2018-06-12,8.881588,3.830517,3.791609,0.038908
2018-06-13,8.884326,3.810333,3.791086,0.019247
2018-06-14,8.887064,3.813831,3.790561,0.023270
2018-06-15,8.889802,3.817062,3.790032,0.027029
2018-06-16,8.892539,3.811778,3.789501,0.022277
2018-06-17,8.895277,3.814354,3.788968,0.025386
2018-06-18,8.898015,3.815567,3.788432,0.027135
2018-06-19,8.900753,3.827562,3.787893,0.039669
2018-06-20,8.903491,3.824810,3.787351,0.037459
2018-06-21,8.906229,3.827918,3.786807,0.041110
2018-06-22,8.908966,3.804088,3.786261,0.017827
2018-06-23,8.911704,3.789686,3.785712,0.003974
2018-06-24,8.914442,3.782109,3.785161,-0.003051
2018-06-25,8.917180,3.794144,3.784607,0.009537
2018-06-26,8.919918,3.793740,3.784051,0.009689
2018-06-27,8.922656,3.786307,3.783493,0.002814
2018-06-28,8.925394,3.784930,3.782932,0.001998
2018-06-29,8.928131,3.773440,3.782369,-0.008929
2018-06-30,8.930869,3.804745,3.781804,0.022941
2018-07-01,8.933607,3.803477,3.781237,0.022241
2018-07-02,8.936345,3.810414,3.780667,0.029747
2018-07-03,8.939083,3.819637,3.780096,0.039542
2018-07-04,8.941821,3.818321,3.779522,0.038799
2018-07-05,8.944559,3.819403,3.778946,0.040457
2018-07-06,8.947296,3.817117,3.778368,0.038749
2018-07-07,8.950034,3.819146,3.777789,0.041357
2018-07-08,8.952772,3.828851,3.777207,0.051644
2018-07-09,8.955510,3.827201,3.776623,0.050578
2018-07-10,8.958248,3.813359,3.776038,0.037321
2018-07-11,8.960986,3.804996,3.775451,0.029545
2018-07-12,8.963723,3.795192,3.774861,0.020331
2018-07-13,8.966461,3.795640,3.774270,0.021369
2018-07-14,8.969199,3.795045,3.773678,0.021367
2018-07-15,8.971937,3.800570,3.773083,0.027487
2018-07-16,8.974675,3.814069,3.772487,0.041582
2018-07-17,8.977413,3.836976,3.771890,0.065086
2018-07-18,8.980151,3.868939,3.771290,0.097648
2018-07-19,8.982888,3.868356,3.770690,0.097667
2018-07-20,8.985626,3.870325,3.770087,0.100238
2018-07-21,8.988364,3.866233,3.769483,0.096749
2018-07-22,8.991102,3.871826,3.768878,0.102948
2018-07-23,8.993840,3.884775,3.768271,0.116504
2018-07-24,8.996578,3.906642,3.767663,0.138979
2018-07-25,8.999316,3.915945,3.767054,0.148891
2018-07-26,9.002053,3.912926,3.766443,0.146483
2018-07-27,9.004791,3.903647,3.765831,0.137817
2018-07-28,9.007529,3.912149,3.765217,0.146932
2018-07-29,9.010267,3.913490,3.764603,0.148887
2018-07-30,9.013005,3.910013,3.763987,0.146026
2018-07-31,9.015743,3.898466,3.763370,0.135096
2018-08-01,9.018480,3.879615,3.762752,0.116863
2018-08-02,9.021218,3.880540,3.762133,0.118408
2018-08-03,9.023956,3.869213,3.761512,0.107701
2018-08-04,9.026694,3.860438,3.760891,0.099546
2018-08-05,9.029432,3.845253,3.760269,0.084984
2018-08-06,9.032170,3.844617,3.759646,0.084971
2018-08-07,9.034908,3.844489,3.759022,0.085467
2018-08-08,9.037645,3.809472,3.758397,0.051075
2018-08-09,9.040383,3.806268,3.757771,0.048497
2018-08-10,9.043121,3.805027,3.757145,0.047882
2018-08-11,9.045859,3.792635,3.756517,0.036118
2018-08-12,9.048597,3.800737,3.755889,0.044847
2018-08-13,9.051335,3.803271,3.755261,0.048010
2018-08-14,9.054073,3.783533,3.754631,0.028902
2018-08-15,9.056810,3.804210,3.754001,0.050209
2018-08-16,9.059548,3.802326,3.753370,0.048956
2018-08-17,9.062286,3.810532,3.752739,0.057793
2018-08-18,9.065024,3.809256,3.752108,0.057149
2018-08-19,9.067762,3.806218,3.751475,0.054743
2018-08-20,9.070500,3.809287,3.750843,0.058445
2018-08-21,9.073238,3.806449,3.750210,0.056240
2018-08-22,9.075975,3.817910,3.749576,0.068334
2018-08-23,9.078713,3.808652,3.748942,0.059709
2018-08-24,9.081451,3.816508,3.748308,0.068200
2018-08-25,9.084189,3.826835,3.747674,0.079162
2018-08-26,9.086927,3.823814,3.747039,0.076775
2018-08-27,9.089665,3.826567,3.746404,0.080163
2018-08-28,9.092402,3.843612,3.745769,0.097843
2018-08-29,9.095140,3.847562,3.745134,0.102428
2018-08-30,9.097878,3.840364,3.744499,0.095866
2018-08-31,9.100616,3.843285,3.743863,0.099422
2018-09-01,9.103354,3.850935,3.743228,0.107708
2018-09-02,9.106092,3.859164,3.742592,0.116571
2018-09-03,9.108830,3.860241,3.741957,0.118284
2018-09-04,9.111567,3.863977,3.741322,0.122656
2018-09-05,9.114305,3.852336,3.740686,0.111650
2018-09-06,9.117043,3.808712,3.740051,0.068661
2018-09-07,9.119781,3.810290,3.739416,0.070874
2018-09-08,9.122519,3.804704,3.738782,0.065923
2018-09-09,9.125257,3.800141,3.738147,0.061994
2018-09-10,9.127995,3.799870,3.737513,0.062358
2018-09-11,9.130732,3.799727,3.736879,0.062849
2018-09-12,9.133470,3.798187,3.736245,0.061942
2018-09-13,9.136208,3.809545,3.735612,0.073933
2018-09-14,9.138946,3.812801,3.734979,0.077822
2018-09-15,9.141684,3.813975,3.734347,0.079628
2018-09-16,9.144422,3.811881,3.733715,0.078166
2018-09-17,9.147159,3.806239,3.733084,0.073155
2018-09-18,9.149897,3.799577,3.732453,0.067125
2018-09-19,9.152635,3.802078,3.731822,0.070255
2018-09-20,9.155373,3.807107,3.731193,0.075914
2018-09-21,9.158111,3.823254,3.730564,0.092690
2018-09-22,9.160849,3.826344,3.729935,0.096409
2018-09-23,9.163587,3.826313,3.729308,0.097005
2018-09-24,9.166324,3.821799,3.728681,0.093118
2018-09-25,9.169062,3.807498,3.728055,0.079443
2018-09-26,9.171800,3.810687,3.727430,0.083258
2018-09-27,9.174538,3.814700,3.726805,0.087895
2018-09-28,9.177276,3.824011,3.726182,0.097829
2018-09-29,9.180014,3.816456,3.725559,0.090897
2018-09-30,9.182752,3.818832,3.724937,0.093895
2018-10-01,9.185489,3.818646,3.724317,0.094329
2018-10-02,9.188227,3.816743,3.723697,0.093046
2018-10-03,9.190965,3.810916,3.723078,0.087838
2018-10-04,9.193703,3.817060,3.722461,0.094599
2018-10-05,9.196441,3.817130,3.721844,0.095285
2018-10-06,9.199179,3.817599,3.721229,0.096370
2018-10-07,9.201916,3.816403,3.720615,0.095788
2018-10-08,9.204654,3.819775,3.720002,0.099772
2018-10-09,9.207392,3.819950,3.719391,0.100560
2018-10-10,9.210130,3.816135,3.718780,0.097355
2018-10-11,9.212868,3.796682,3.718171,0.078510
2018-10-12,9.215606,3.796094,3.717564,0.078530
2018-10-13,9.218344,3.796074,3.716957,0.079117
2018-10-14,9.221081,3.798298,3.716353,0.081946
2018-10-15,9.223819,3.810777,3.715749,0.095028
2018-10-16,9.226557,3.814394,3.715147,0.099247
2018-10-17,9.229295,3.814224,3.714547,0.099677
2018-10-18,9.232033,3.813312,3.713948,0.099364
2018-10-19,9.234771,3.809570,3.713351,0.096219
2018-10-20,9.237509,3.809882,3.712755,0.097127
2018-10-21,9.240246,3.812233,3.712161,0.100072
2018-10-22,9.242984,3.810267,3.711569,0.098698
2018-10-23,9.245722,3.809579,3.710978,0.098600
2018-10-24,9.248460,3.811414,3.710389,0.101025
2018-10-25,9.251198,3.809805,3.709802,0.100003
2018-10-26,9.253936,3.809656,3.709217,0.100439
2018-10-27,9.256674,3.809663,3.708634,0.101029
2018-10-28,9.259411,3.809191,3.708052,0.101139
2018-10-29,9.262149,3.804428,3.707472,0.096956
2018-10-30,9.264887,3.800000,3.706895,0.093106
2018-10-31,9.267625,3.800369,3.706319,0.094051
2018-11-01,9.270363,3.802453,3.705745,0.096708
2018-11-02,9.273101,3.805028,3.705173,0.099854
2018-11-03,9.275838,3.803538,3.704604,0.098934
2018-11-04,9.278576,3.805354,3.704036,0.101318
2018-11-05,9.281314,3.807768,3.703471,0.104297
2018-11-06,9.284052,3.808190,3.702908,0.105282
2018-11-07,9.286790,3.814249,3.702347,0.111902
2018-11-08,9.289528,3.810836,3.701788,0.109049
2018-11-09,9.292266,3.805822,3.701231,0.104591
2018-11-10,9.295003,3.805272,3.700677,0.104596
2018-11-11,9.297741,3.804072,3.700125,0.103947
2018-11-12,9.300479,3.804949,3.699575,0.105374
2018-11-13,9.303217,3.801948,3.699028,0.102920
2018-11-14,9.305955,3.784734,3.698483,0.086251
2018-11-15,9.308693,3.746176,3.697941,0.048235
2018-11-16,9.311431,3.748000,3.697401,0.050599
2018-11-17,9.314168,3.743912,3.696864,0.047048
2018-11-18,9.316906,3.747260,3.696329,0.050931
2018-11-19,9.319644,3.719681,3.695796,0.023885
2018-11-20,9.322382,3.661370,3.695267,-0.033897
2018-11-21,9.325120,3.653602,3.694740,-0.041137
2018-11-22,9.327858,3.654579,3.694215,-0.039636
2018-11-23,9.330595,3.633290,3.693693,-0.060404
2018-11-24,9.333333,3.628551,3.693174,-0.064624
2018-11-25,9.336071,3.580687,3.692658,-0.111971
2018-11-26,9.338809,3.590725,3.692145,-0.101420
2018-11-27,9.341547,3.573687,3.691634,-0.117947
2018-11-28,9.344285,3.612299,3.691126,-0.078827
2018-11-29,9.347023,3.628581,3.690621,-0.062041
2018-11-30,9.349760,3.613466,3.690119,-0.076654
2018-12-01,9.352498,3.613737,3.689620,-0.075883
2018-12-02,9.355236,3.618558,3.689124,-0.070566
2018-12-03,9.357974,3.597872,3.688631,-0.090759
2018-12-04,9.360712,3.595341,3.688141,-0.092800
2018-12-05,9.363450,3.584117,3.687654,-0.103536
2018-12-06,9.366188,3.571913,3.687169,-0.115257
2018-12-07,9.368925,3.530877,3.686689,-0.155811
2018-12-08,9.371663,3.533658,3.686211,-0.152553
2018-12-09,9.374401,3.544858,3.685736,-0.140878
2018-12-10,9.377139,3.544583,3.685265,-0.140682
2018-12-11,9.379877,3.531636,3.684796,-0.153160
2018-12-12,9.382615,3.535686,3.684332,-0.148646
2018-12-13,9.385352,3.530820,3.683870,-0.153049
2018-12-14,9.388090,3.514285,3.683411,-0.169127
2018-12-15,9.390828,3.506788,3.682956,-0.176168
2018-12-16,9.393566,3.511881,3.682505,-0.170623
2018-12-17,9.396304,3.527221,3.682056,-0.154835
2018-12-18,9.399042,3.548464,3.681612,-0.133147
2018-12-19,9.401780,3.576975,3.681170,-0.104195
2018-12-20,9.404517,3.596888,3.680732,-0.083844
2018-12-21,9.407255,3.602320,3.680298,-0.077978
2018-12-22,9.409993,3.589757,3.679867,-0.090110
2018-12-23,9.412731,3.603276,3.679440,-0.076163
2018-12-24,9.415469,3.618777,3.679016,-0.060239
2018-12-25,9.418207,3.580977,3.678596,-0.097619
2018-12-26,9.420945,3.582299,3.678179,-0.095880
2018-12-27,9.423682,3.575442,3.677767,-0.102324
2018-12-28,9.426420,3.573785,3.677357,-0.103573
2018-12-29,9.429158,3.592094,3.676952,-0.084858
2018-12-30,9.431896,3.583071,3.676550,-0.093479
2018-12-31,9.434634,3.579658,3.676153,-0.096494
2019-01-01,9.437372,3.573971,3.675759,-0.101787
2019-01-02,9.440110,3.587357,3.675368,-0.088011
2019-01-03,9.442847,3.587452,3.674982,-0.087530
2019-01-04,9.445585,3.582538,3.674599,-0.092061
2019-01-05,9.448323,3.587679,3.674221,-0.086542
2019-01-06,9.451061,3.591891,3.673846,-0.081955
2019-01-07,9.453799,3.607330,3.673476,-0.066146
2019-01-08,9.456537,3.605737,3.673109,-0.067372
2019-01-09,9.459274,3.606055,3.672746,-0.066692
2019-01-10,9.462012,3.582582,3.672388,-0.089806
2019-01-11,9.464750,3.564850,3.672033,-0.107184
2019-01-12,9.467488,3.563609,3.671683,-0.108074
2019-01-13,9.470226,3.558115,3.671337,-0.113221
2019-01-14,9.472964,3.557994,3.670994,-0.113000
2019-01-15,9.475702,3.564865,3.670656,-0.105792
2019-01-16,9.478439,3.560492,3.670323,-0.109831
2019-01-17,9.481177,3.560134,3.669993,-0.109859
2019-01-18,9.483915,3.561670,3.669668,-0.107998
2019-01-19,9.486653,3.568140,3.669347,-0.101207
2019-01-20,9.489391,3.560362,3.669030,-0.108668
2019-01-21,9.492129,3.551809,3.668717,-0.116908
2019-01-22,9.494867,3.553636,3.668409,-0.114774
2019-01-23,9.497604,3.555733,3.668106,-0.112373
2019-01-24,9.500342,3.553891,3.667806,-0.113915
2019-01-25,9.503080,3.554154,3.667511,-0.113358
2019-01-26,9.505818,3.556237,3.667221,-0.110984
2019-01-27,9.508556,3.552767,3.666935,-0.114168
2019-01-28,9.511294,3.539816,3.666653,-0.126838
2019-01-29,9.514031,3.534765,3.666376,-0.131611
2019-01-30,9.516769,3.537961,3.666104,-0.128143
2019-01-31,9.519507,3.538139,3.665836,-0.127697
2019-02-01,9.522245,3.537176,3.665573,-0.128396
2019-02-02,9.524983,3.539203,3.665314,-0.126111
2019-02-03,9.527721,3.538345,3.665060,-0.126715
2019-02-04,9.530459,3.537080,3.664811,-0.127730
2019-02-05,9.533196,3.537794,3.664566,-0.126772
2019-02-06,9.535934,3.532080,3.664326,-0.132245
2019-02-07,9.538672,3.531534,3.664090,-0.132556
2019-02-08,9.541410,3.542978,3.663860,-0.120882
2019-02-09,9.544148,3.561677,3.663634,-0.101957
2019-02-10,9.546886,3.560811,3.663413,-0.102602
2019-02-11,9.549624,3.559585,3.663197,-0.103611
2019-02-12,9.552361,3.557715,3.662985,-0.105271
2019-02-13,9.555099,3.558277,3.662779,-0.104502
2019-02-14,9.557837,3.556903,3.662577,-0.105674
2019-02-15,9.560575,3.557193,3.662380,-0.105187
2019-02-16,9.563313,3.559367,3.662189,-0.102822
2019-02-17,9.566051,3.558917,3.662002,-0.103085
2019-02-18,9.568789,3.578333,3.661820,-0.083487
2019-02-19,9.571526,3.593798,3.661643,-0.067844
2019-02-20,9.574264,3.595265,3.661471,-0.066206
2019-02-21,9.577002,3.595034,3.661304,-0.066270
2019-02-22,9.579740,3.596881,3.661142,-0.064261
2019-02-23,9.582478,3.602459,3.660985,-0.058526
2019-02-24,9.585216,3.603162,3.660834,-0.057672
2019-02-25,9.587953,3.582440,3.660687,-0.078247
2019-02-26,9.590691,3.583095,3.660545,-0.077450
2019-02-27,9.593429,3.582711,3.660409,-0.077698
2019-02-28,9.596167,3.584651,3.660278,-0.075627
2019-03-01,9.598905,3.584860,3.660152,-0.075292
2019-03-02,9.601643,3.583917,3.660031,-0.076114
2019-03-03,9.604381,3.583640,3.659916,-0.076275
2019-03-04,9.607118,3.575086,3.659805,-0.084719
2019-03-05,9.609856,3.579544,3.659700,-0.080156
2019-03-06,9.612594,3.587361,3.659600,-0.072240
2019-03-07,9.615332,3.589770,3.659506,-0.069736
2019-03-08,9.618070,3.591000,3.659417,-0.068417
2019-03-09,9.620808,3.593101,3.659333,-0.066232
2019-03-10,9.623546,3.593204,3.659255,-0.066051
2019-03-11,9.626283,3.590172,3.659182,-0.069010
2019-03-12,9.629021,3.588683,3.659114,-0.070430
2019-03-13,9.631759,3.589400,3.659052,-0.069652
2019-03-14,9.634497,3.588951,3.658995,-0.070044
2019-03-15,9.637235,3.592041,3.658943,-0.066902
2019-03-16,9.639973,3.602768,3.658898,-0.056130
2019-03-17,9.642710,3.601258,3.658857,-0.057599
2019-03-18,9.645448,3.601852,3.658822,-0.056970
2019-03-19,9.648186,3.602886,3.658793,-0.055907
2019-03-20,9.650924,3.604885,3.658769,-0.053884
2019-03-21,9.653662,3.605421,3.658751,-0.053329
2019-03-22,9.656400,3.602561,3.658738,-0.056176
2019-03-23,9.659138,3.602676,3.658731,-0.056055
2019-03-24,9.661875,3.601478,3.658729,-0.057251
2019-03-25,9.664613,3.599347,3.658733,-0.059386
2019-03-26,9.667351,3.594821,3.658743,-0.063922
2019-03-27,9.670089,3.603713,3.658758,-0.055045
2019-03-28,9.672827,3.605520,3.658779,-0.053259
2019-03-29,9.675565,3.610818,3.658806,-0.047988
2019-03-30,9.678303,3.613368,3.658838,-0.045471
2019-03-31,9.681040,3.613837,3.658877,-0.045040
2019-04-01,9.683778,3.617494,3.658920,-0.041426
2019-04-02,9.686516,3.668640,3.658970,0.009670
2019-04-03,9.689254,3.701572,3.659025,0.042546
2019-04-04,9.691992,3.697217,3.659087,0.038131
2019-04-05,9.694730,3.698430,3.659153,0.039277
2019-04-06,9.697467,3.703750,3.659226,0.044524
2019-04-07,9.700205,3.711216,3.659305,0.051911
2019-04-08,9.702943,3.720023,3.659389,0.060634
2019-04-09,9.705681,3.718774,3.659479,0.059294
2019-04-10,9.708419,3.722864,3.659576,0.063288
2019-04-11,9.711157,3.710745,3.659678,0.051067
2019-04-12,9.713895,3.704669,3.659785,0.044884
2019-04-13,9.716632,3.708006,3.659899,0.048106
2019-04-14,9.719370,3.707733,3.660019,0.047714
2019-04-15,9.722108,3.710894,3.660145,0.050750
2019-04-16,9.724846,3.709126,3.660276,0.048850
2019-04-17,9.727584,3.718793,3.660414,0.058379
2019-04-18,9.730322,3.722399,3.660557,0.061842
2019-04-19,9.733060,3.721959,3.660707,0.061252
2019-04-20,9.735797,3.726209,3.660862,0.065346
2019-04-21,9.738535,3.724331,3.661024,0.063307
2019-04-22,9.741273,3.726849,3.661191,0.065657
2019-04-23,9.744011,3.743700,3.661365,0.082335
2019-04-24,9.746749,3.740282,3.661544,0.078738
2019-04-25,9.749487,3.735519,3.661730,0.073789
2019-04-26,9.752225,3.717413,3.661922,0.055491
2019-04-27,9.754962,3.717996,3.662120,0.055876
2019-04-28,9.757700,3.719220,3.662324,0.056896
2019-04-29,9.760438,3.717797,3.662534,0.055263
2019-04-30,9.763176,3.720882,3.662750,0.058132
2019-05-01,9.765914,3.728478,3.662972,0.065507
2019-05-02,9.768652,3.733147,3.663200,0.069947
2019-05-03,9.771389,3.752907,3.663435,0.089472
2019-05-04,9.774127,3.758222,3.663676,0.094546
2019-05-05,9.776865,3.760854,3.663922,0.096932
2019-05-06,9.779603,3.756361,3.664175,0.092186
2019-05-07,9.782341,3.770939,3.664435,0.106505
2019-05-08,9.785079,3.769658,3.664700,0.104958
2019-05-09,9.787817,3.784046,3.664972,0.119074
2019-05-10,9.790554,3.800568,3.665250,0.135318
2019-05-11,9.793292,3.833065,3.665534,0.167531
2019-05-12,9.796030,3.853196,3.665824,0.187372
2019-05-13,9.798768,3.868802,3.666121,0.202681
2019-05-14,9.801506,3.901777,3.666423,0.235353
2019-05-15,9.804244,3.904801,3.666732,0.238069
2019-05-16,9.806982,3.901470,3.667048,0.234423
2019-05-17,9.809719,3.861578,3.667369,0.194209
2019-05-18,9.812457,3.865511,3.667697,0.197813
2019-05-19,9.815195,3.899062,3.668032,0.231031
2019-05-20,9.817933,3.896879,3.668372,0.228507
2019-05-21,9.820671,3.899569,3.668719,0.230850
2019-05-22,9.823409,3.896463,3.669072,0.227391
2019-05-23,9.826146,3.887073,3.669431,0.217642
2019-05-24,9.828884,3.901840,3.669797,0.232043
2019-05-25,9.831622,3.904377,3.670169,0.234208
2019-05-26,9.834360,3.908694,3.670548,0.238146
2019-05-27,9.837098,3.941121,3.670933,0.270188
2019-05-28,9.839836,3.939025,3.671324,0.267701
2019-05-29,9.842574,3.936203,3.671722,0.264482
2019-05-30,9.845311,3.935835,3.672126,0.263709
2019-05-31,9.848049,3.922296,3.672536,0.249760
2019-06-01,9.850787,3.931777,3.672953,0.258824
2019-06-02,9.853525,3.937885,3.673376,0.264509
2019-06-03,9.856263,3.930708,3.673805,0.256902
2019-06-04,9.859001,3.895611,3.674241,0.221369
2019-06-05,9.861739,3.891473,3.674684,0.216790
2019-06-06,9.864476,3.889898,3.675132,0.214766
2019-06-07,9.867214,3.900038,3.675587,0.224450
2019-06-08,9.869952,3.900169,3.676049,0.224120
2019-06-09,9.872690,3.892561,3.676517,0.216044
2019-06-10,9.875428,3.893704,3.676992,0.216712
2019-06-11,9.878166,3.897697,3.677473,0.220225
2019-06-12,9.880903,3.905338,3.677960,0.227378
2019-06-13,9.883641,3.912141,3.678454,0.233687
2019-06-14,9.886379,3.921790,3.678954,0.242836
2019-06-15,9.889117,3.940540,3.679461,0.261079
2019-06-16,9.891855,3.957429,3.679974,0.277455
2019-06-17,9.894593,3.964354,3.680493,0.283861
2019-06-18,9.897331,3.960795,3.681020,0.279775
2019-06-19,9.900068,3.961083,3.681552,0.279531
2019-06-20,9.902806,3.970595,3.682091,0.288504
2019-06-21,9.905544,3.990707,3.682637,0.308070
2019-06-22,9.908282,4.028790,3.683189,0.345601
2019-06-23,9.911020,4.030383,3.683747,0.346635
2019-06-24,9.913758,4.034689,3.684312,0.350377
2019-06-25,9.916496,4.052800,3.684884,0.367916
2019-06-26,9.919233,4.100075,3.685462,0.414613
2019-06-27,9.921971,4.071046,3.686046,0.385000
2019-06-28,9.924709,4.068253,3.686637,0.381616
2019-06-29,9.927447,4.074130,3.687234,0.386896
2019-06-30,9.930185,4.062194,3.687838,0.374356
2019-07-01,9.932923,4.029204,3.688449,0.340755
2019-07-02,9.935661,4.013509,3.689066,0.324444
2019-07-03,9.938398,4.054330,3.689689,0.364641
2019-07-04,9.941136,4.070129,3.690319,0.379811
2019-07-05,9.943874,4.046997,3.690955,0.356042
2019-07-06,9.946612,4.057648,3.691598,0.366050
2019-07-07,9.949350,4.053743,3.692248,0.361496
2019-07-08,9.952088,4.071420,3.692903,0.378517
2019-07-09,9.954825,4.096271,3.693566,0.402705
2019-07-10,9.957563,4.100900,3.694235,0.406665
2019-07-11,9.960301,4.063991,3.694910,0.369081
2019-07-12,9.963039,4.064100,3.695592,0.368508
2019-07-13,9.965777,4.057922,3.696280,0.361642
2019-07-14,9.968515,4.035636,3.696975,0.338661
2019-07-15,9.971253,4.018776,3.697677,0.321099
2019-07-16,9.973990,4.015691,3.698385,0.317306
2019-07-17,9.976728,3.981990,3.699099,0.282891
2019-07-18,9.979466,4.003072,3.699820,0.303252
2019-07-19,9.982204,4.020148,3.700547,0.319601
2019-07-20,9.984942,4.028759,3.701281,0.327478
2019-07-21,9.987680,4.024324,3.702022,0.322303
2019-07-22,9.990418,4.019318,3.702768,0.316549
2019-07-23,9.993155,4.003799,3.703522,0.300278
2019-07-24,9.995893,3.988010,3.704282,0.283729
2019-07-25,9.998631,4.001659,3.705048,0.296611
2019-07-26,10.001369,3.990906,3.705821,0.285086
2019-07-27,10.004107,3.988667,3.706600,0.282067
2019-07-28,10.006845,3.978435,3.707386,0.271049
2019-07-29,10.009582,3.980434,3.708178,0.272256
2019-07-30,10.012320,3.980444,3.708976,0.271468
2019-07-31,10.015058,3.994336,3.709781,0.284555
2019-08-01,10.017796,4.004029,3.710593,0.293436
2019-08-02,10.020534,4.020203,3.711411,0.308792
2019-08-03,10.023272,4.032782,3.712235,0.320547
2019-08-04,10.026010,4.034027,3.713066,0.320960
2019-08-05,10.028747,4.067122,3.713904,0.353219
2019-08-06,10.031485,4.069724,3.714747,0.354976
2019-08-07,10.034223,4.068511,3.715598,0.352913
2019-08-08,10.036961,4.072043,3.716454,0.355589
2019-08-09,10.039699,4.072801,3.717317,0.355484
2019-08-10,10.042437,4.063881,3.718187,0.345694
2019-08-11,10.045175,4.056436,3.719063,0.337373
2019-08-12,10.047912,4.056988,3.719945,0.337043
2019-08-13,10.050650,4.047209,3.720834,0.326375
2019-08-14,10.053388,4.019133,3.721729,0.297404
2019-08-15,10.056126,4.002010,3.722630,0.279380
2019-08-16,10.058864,4.011036,3.723538,0.287498
2019-08-17,10.061602,4.013645,3.724452,0.289193
2019-08-18,10.064339,4.013589,3.725373,0.288217
2019-08-19,10.067077,4.026635,3.726300,0.300336
2019-08-20,10.069815,4.032051,3.727233,0.304818
2019-08-21,10.072553,4.009026,3.728173,0.280854
2019-08-22,10.075291,4.003390,3.729119,0.274272
2019-08-23,10.078029,4.012521,3.730071,0.282450
2019-08-24,10.080767,4.007462,3.731030,0.276432
2019-08-25,10.083504,4.005444,3.731995,0.273450
2019-08-26,10.086242,4.015330,3.732966,0.282364
2019-08-27,10.088980,4.008344,3.733943,0.274400
2019-08-28,10.091718,4.003053,3.734927,0.268126
2019-08-29,10.094456,3.980398,3.735918,0.244481
2019-08-30,10.097194,3.981187,3.736914,0.244273
2019-08-31,10.099932,3.983553,3.737917,0.245636
2019-09-01,10.102669,3.984860,3.738926,0.245934
2019-09-02,10.105407,3.998705,3.739941,0.258764
2019-09-03,10.108145,4.022178,3.740962,0.281216
2019-09-04,10.110883,4.024250,3.741990,0.282260
2019-09-05,10.113621,4.024372,3.743024,0.281348
2019-09-06,10.116359,4.027763,3.744064,0.283699
2019-09-07,10.119097,4.018746,3.745111,0.273635
2019-09-08,10.121834,4.020175,3.746163,0.274011
2019-09-09,10.124572,4.013827,3.747222,0.266605
2019-09-10,10.127310,4.010377,3.748287,0.262090
2019-09-11,10.130048,4.003847,3.749358,0.254489
2019-09-12,10.132786,4.010570,3.750435,0.260135
2019-09-13,10.135524,4.014286,3.751519,0.262767
2019-09-14,10.138261,4.015250,3.752608,0.262641
2019-09-15,10.140999,4.014193,3.753704,0.260489
2019-09-16,10.143737,4.011559,3.754806,0.256753
2019-09-17,10.146475,4.010111,3.755914,0.254197
2019-09-18,10.149213,4.009094,3.757028,0.252066
2019-09-19,10.151951,4.000818,3.758148,0.242670
2019-09-20,10.154689,4.008555,3.759274,0.249281
2019-09-21,10.157426,4.002744,3.760406,0.242338
2019-09-22,10.160164,4.000305,3.761545,0.238760
2019-09-23,10.162902,3.995851,3.762689,0.233162
2019-09-24,10.165640,3.975332,3.763839,0.211493
2019-09-25,10.168378,3.929019,3.764995,0.164024
2019-09-26,10.171116,3.918086,3.766158,0.151928
2019-09-27,10.173854,3.907038,3.767326,0.139712
2019-09-28,10.176591,3.913483,3.768500,0.144982
2019-09-29,10.179329,3.908916,3.769681,0.139236
2019-09-30,10.182067,3.909024,3.770867,0.138157
2019-10-01,10.184805,3.924196,3.772059,0.152137
2019-10-02,10.187543,3.918710,3.773257,0.145453
2019-10-03,10.190281,3.917901,3.774461,0.143440
2019-10-04,10.193018,3.912803,3.775671,0.137132
2019-10-05,10.195756,3.910748,3.776887,0.133861
2019-10-06,10.198494,3.903764,3.778108,0.125655
2019-10-07,10.201232,3.907405,3.779336,0.128070
2019-10-08,10.203970,3.915510,3.780569,0.134941
2019-10-09,10.206708,3.921822,3.781808,0.140014
2019-10-10,10.209446,3.932984,3.783053,0.149931
2019-10-11,10.212183,3.925414,3.784304,0.141110
2019-10-12,10.214921,3.922333,3.785560,0.136773
2019-10-13,10.217659,3.923693,3.786822,0.136870
2019-10-14,10.220397,3.921024,3.788090,0.132934
2019-10-15,10.223135,3.918776,3.789364,0.129412
2019-10-16,10.225873,3.908174,3.790644,0.117530
2019-10-17,10.228611,3.906623,3.791929,0.114694
2019-10-18,10.231348,3.903011,3.793220,0.109791
2019-10-19,10.234086,3.903141,3.794516,0.108624
2019-10-20,10.236824,3.906471,3.795818,0.110653
2019-10-21,10.239562,3.916734,3.797126,0.119608
2019-10-22,10.242300,3.915487,3.798440,0.117047
2019-10-23,10.245038,3.891045,3.799759,0.091286
2019-10-24,10.247775,3.874713,3.801084,0.073630
2019-10-25,10.250513,3.899325,3.802414,0.096911
2019-10-26,10.253251,3.971129,3.803750,0.167379
2019-10-27,10.255989,3.974729,3.805091,0.169638
2019-10-28,10.258727,3.976731,3.806438,0.170293
2019-10-29,10.261465,3.972383,3.807790,0.164593
2019-10-30,10.264203,3.963790,3.809148,0.154642
2019-10-31,10.266940,3.963143,3.810511,0.152631
2019-11-01,10.269678,3.962648,3.811880,0.150768
2019-11-02,10.272416,3.968426,3.813254,0.155171
2019-11-03,10.275154,3.965459,3.814634,0.150825
2019-11-04,10.277892,3.967273,3.816019,0.151254
2019-11-05,10.280630,3.971059,3.817410,0.153650
2019-11-06,10.283368,3.970643,3.818805,0.151837
2019-11-07,10.286105,3.966225,3.820207,0.146019
2019-11-08,10.288843,3.954205,3.821613,0.132592
2019-11-09,10.291581,3.946381,3.823025,0.123356
2019-11-10,10.294319,3.950492,3.824442,0.126050
2019-11-11,10.297057,3.945849,3.825864,0.119985
2019-11-12,10.299795,3.942941,3.827292,0.115649
2019-11-13,10.302533,3.943861,3.828725,0.115136
2019-11-14,10.305270,3.939281,3.830163,0.109118
2019-11-15,10.308008,3.933419,3.831606,0.101813
2019-11-16,10.310746,3.930122,3.833055,0.097067
2019-11-17,10.313484,3.932258,3.834508,0.097750
2019-11-18,10.316222,3.925408,3.835967,0.089441
2019-11-19,10.318960,3.911816,3.837431,0.074385
2019-11-20,10.321697,3.910825,3.838900,0.071925
2019-11-21,10.324435,3.897360,3.840374,0.056987
2019-11-22,10.327173,3.868910,3.841853,0.027057
2019-11-23,10.329911,3.863463,3.843337,0.020126
2019-11-24,10.332649,3.857755,3.844826,0.012929
2019-11-25,10.335387,3.846667,3.846320,0.000346
2019-11-26,10.338125,3.856657,3.847819,0.008838
2019-11-27,10.340862,3.863448,3.849323,0.014125
2019-11-28,10.343600,3.878827,3.850832,0.027994
2019-11-29,10.346338,3.884264,3.852346,0.031918
2019-11-30,10.349076,3.886382,3.853865,0.032517
2019-12-01,10.351814,3.869258,3.855389,0.013869
2019-12-02,10.354552,3.866859,3.856917,0.009942
2019-12-03,10.357290,3.867344,3.858451,0.008894
2019-12-04,10.360027,3.864491,3.859989,0.004502
2019-12-05,10.362765,3.867541,3.861532,0.006009
2019-12-06,10.365503,3.872027,3.863080,0.008947
2019-12-07,10.368241,3.879368,3.864632,0.014736
2019-12-08,10.370979,3.877172,3.866189,0.010983
2019-12-09,10.373717,3.875234,3.867751,0.007483
2019-12-10,10.376454,3.865933,3.869317,-0.003385
2019-12-11,10.379192,3.860762,3.870889,-0.010127
2019-12-12,10.381930,3.858628,3.872464,-0.013836
2019-12-13,10.384668,3.861891,3.874045,-0.012154
2019-12-14,10.387406,3.857967,3.875630,-0.017662
2019-12-15,10.390144,3.853749,3.877219,-0.023470
2019-12-16,10.392882,3.850401,3.878813,-0.028412
2019-12-17,10.395619,3.835577,3.880412,-0.044835
2019-12-18,10.398357,3.834642,3.882015,-0.047373
2019-12-19,10.401095,3.857325,3.883622,-0.026298
2019-12-20,10.403833,3.857458,3.885234,-0.027776
2019-12-21,10.406571,3.857251,3.886851,-0.029600
2019-12-22,10.409309,3.862026,3.888471,-0.026446
2019-12-23,10.412047,3.877725,3.890097,-0.012372
2019-12-24,10.414784,3.865563,3.891726,-0.026163
2019-12-25,10.417522,3.860862,3.893360,-0.032497
2019-12-26,10.420260,3.861694,3.894998,-0.033304
2019-12-27,10.422998,3.859970,3.896640,-0.036670
2019-12-28,10.425736,3.866104,3.898287,-0.032182
2019-12-29,10.428474,3.868608,3.899938,-0.031330
2019-12-30,10.431211,3.865693,3.901593,-0.035900
2019-12-31,10.433949,3.860126,3.903252,-0.043126
2020-01-01,10.436687,3.860146,3.904915,-0.044769
2020-01-02,10.439425,3.852627,3.906583,-0.053956
2020-01-03,10.442163,3.861430,3.908254,-0.046824
2020-01-04,10.444901,3.866980,3.909930,-0.042950
2020-01-05,10.447639,3.873024,3.911609,-0.038585
2020-01-06,10.450376,3.878948,3.913293,-0.034345
2020-01-07,10.453114,3.900638,3.914981,-0.014342
2020-01-08,10.455852,3.916766,3.916672,0.000093
2020-01-09,10.458590,3.899276,3.918368,-0.019092
2020-01-10,10.461328,3.899215,3.920068,-0.020852
2020-01-11,10.464066,3.911140,3.921771,-0.010631
2020-01-12,10.466804,3.911181,3.923478,-0.012297
2020-01-13,10.469541,3.910741,3.925189,-0.014448
2020-01-14,10.472279,3.934754,3.926904,0.007850
2020-01-15,10.475017,3.942810,3.928623,0.014187
2020-01-16,10.477755,3.939513,3.930345,0.009168
2020-01-17,10.480493,3.948227,3.932072,0.016155
2020-01-18,10.483231,3.950191,3.933801,0.016389
2020-01-19,10.485969,3.948162,3.935535,0.012627
2020-01-20,10.488706,3.938381,3.937272,0.001109
2020-01-21,10.491444,3.938353,3.939013,-0.000660
2020-01-22,10.494182,3.939407,3.940757,-0.001351
2020-01-23,10.496920,3.927858,3.942505,-0.014648
2020-01-24,10.499658,3.925309,3.944257,-0.018948
2020-01-25,10.502396,3.922262,3.946012,-0.023750
2020-01-26,10.505133,3.927889,3.947771,-0.019882
2020-01-27,10.507871,3.942260,3.949533,-0.007272
2020-01-28,10.510609,3.957322,3.951298,0.006024
2020-01-29,10.513347,3.970361,3.953067,0.017294
2020-01-30,10.516085,3.972006,3.954839,0.017167
2020-01-31,10.518823,3.970811,3.956615,0.014196
2020-02-01,10.521561,3.972245,3.958394,0.013851
2020-02-02,10.524298,3.972441,3.960176,0.012265
2020-02-03,10.527036,3.970326,3.961961,0.008365
2020-02-04,10.529774,3.964562,3.963750,0.000812
2020-02-05,10.532512,3.973709,3.965542,0.008166
2020-02-06,10.535250,3.986344,3.967337,0.019007
2020-02-07,10.537988,3.990222,3.969135,0.021087
2020-02-08,10.540726,3.991780,3.970937,0.020843
2020-02-09,10.543463,4.003406,3.972741,0.030664
2020-02-10,10.546201,3.996305,3.974549,0.021757
2020-02-11,10.548939,3.998123,3.976359,0.021764
2020-02-12,10.551677,4.014601,3.978173,0.036428
2020-02-13,10.554415,4.012331,3.979989,0.032341
2020-02-14,10.557153,4.011186,3.981809,0.029378
2020-02-15,10.559890,4.005950,3.983631,0.022319
2020-02-16,10.562628,3.995951,3.985457,0.010494
2020-02-17,10.565366,3.987905,3.987285,0.000620
2020-02-18,10.568104,3.993504,3.989116,0.004388
2020-02-19,10.570842,4.003909,3.990950,0.012959
2020-02-20,10.573580,3.982672,3.992786,-0.010114
2020-02-21,10.576318,3.987526,3.994626,-0.007100
2020-02-22,10.579055,3.986440,3.996468,-0.010028
2020-02-23,10.581793,3.995447,3.998312,-0.002866
2020-02-24,10.584531,3.989045,4.000160,-0.011115
2020-02-25,10.587269,3.978504,4.002010,-0.023506
2020-02-26,10.590007,3.957779,4.003862,-0.046084
2020-02-27,10.592745,3.946498,4.005718,-0.059220
2020-02-28,10.595483,3.941671,4.007575,-0.065904
2020-02-29,10.598220,3.940922,4.009436,-0.068514
2020-03-01,10.600958,3.934683,4.011298,-0.076615
2020-03-02,10.603696,3.943769,4.013163,-0.069394
2020-03-03,10.606434,3.945905,4.015031,-0.069126
2020-03-04,10.609172,3.944576,4.016901,-0.072325
2020-03-05,10.611910,3.956982,4.018773,-0.061791
2020-03-06,10.614648,3.960725,4.020648,-0.059923
2020-03-07,10.617385,3.958529,4.022525,-0.063996
2020-03-08,10.620123,3.935121,4.024404,-0.089282
2020-03-09,10.622861,3.899794,4.026285,-0.126491
2020-03-10,10.625599,3.902948,4.028169,-0.125221
2020-03-11,10.628337,3.897637,4.030054,-0.132418
2020-03-12,10.631075,3.827013,4.031942,-0.204929
2020-03-13,10.633812,3.730788,4.033832,-0.303045
2020-03-14,10.636550,3.738572,4.035724,-0.297152
2020-03-15,10.639288,3.730423,4.037619,-0.307196
2020-03-16,10.642026,3.703631,4.039515,-0.335884
2020-03-17,10.644764,3.729759,4.041413,-0.311654
2020-03-18,10.647502,3.727064,4.043313,-0.316249
2020-03-19,10.650240,3.763621,4.045215,-0.281593
2020-03-20,10.652977,3.805735,4.047119,-0.241383
2020-03-21,10.655715,3.792161,4.049024,-0.256863
2020-03-22,10.658453,3.790259,4.050932,-0.260673
2020-03-23,10.661191,3.788899,4.052841,-0.263942
2020-03-24,10.663929,3.825261,4.054752,-0.229491
2020-03-25,10.666667,3.825500,4.056665,-0.231166
2020-03-26,10.669405,3.826105,4.058580,-0.232474
2020-03-27,10.672142,3.826992,4.060496,-0.233504
2020-03-28,10.674880,3.796421,4.062414,-0.265993
2020-03-29,10.677618,3.788433,4.064333,-0.275900
2020-03-30,10.680356,3.800135,4.066254,-0.266119
2020-03-31,10.683094,3.811973,4.068177,-0.256203
2020-04-01,10.685832,3.802350,4.070101,-0.267750
2020-04-02,10.688569,3.829218,4.072026,-0.242808
2020-04-03,10.691307,3.834625,4.073953,-0.239328
2020-04-04,10.694045,3.831960,4.075881,-0.243921
2020-04-05,10.696783,3.833397,4.077811,-0.244414
2020-04-06,10.699521,3.851373,4.079742,-0.228369
2020-04-07,10.702259,3.865015,4.081675,-0.216660
2020-04-08,10.704997,3.864318,4.083608,-0.219291
2020-04-09,10.707734,3.864259,4.085543,-0.221284
2020-04-10,10.710472,3.844505,4.087479,-0.242975
2020-04-11,10.713210,3.838469,4.089417,-0.250947
2020-04-12,10.715948,3.843480,4.091355,-0.247875
2020-04-13,10.718686,3.831419,4.093295,-0.261876
2020-04-14,10.721424,3.839920,4.095235,-0.255315
2020-04-15,10.724162,3.834853,4.097177,-0.262325
2020-04-16,10.726899,3.841661,4.099120,-0.257458
2020-04-17,10.729637,3.850628,4.101064,-0.250436
2020-04-18,10.732375,3.855007,4.103008,-0.248001
2020-04-19,10.735113,3.856158,4.104954,-0.248796
2020-04-20,10.737851,3.849099,4.106900,-0.257802
2020-04-21,10.740589,3.838170,4.108848,-0.270678
2020-04-22,10.743326,3.846322,4.110796,-0.264474
2020-04-23,10.746064,3.863487,4.112745,-0.249258
2020-04-24,10.748802,3.876377,4.114694,-0.238317
2020-04-25,10.751540,3.877664,4.116645,-0.238981
2020-04-26,10.754278,3.880881,4.118596,-0.237715
2020-04-27,10.757016,3.887325,4.120548,-0.233222
2020-04-28,10.759754,3.888371,4.122500,-0.234129
2020-04-29,10.762491,3.916406,4.124453,-0.208047
2020-04-30,10.765229,3.948740,4.126407,-0.177667
2020-05-01,10.767967,3.943770,4.128361,-0.184591
2020-05-02,10.770705,3.948311,4.130315,-0.182005
2020-05-03,10.773443,3.953219,4.132271,-0.179052
2020-05-04,10.776181,3.943151,4.134226,-0.191075
2020-05-05,10.778919,3.951006,4.136182,-0.185175
2020-05-06,10.781656,3.961867,4.138138,-0.176271
2020-05-07,10.784394,3.977118,4.140095,-0.162976
2020-05-08,10.787132,3.996309,4.142051,-0.145742
2020-05-09,10.789870,3.987673,4.144009,-0.156336
2020-05-10,10.792608,3.938609,4.145966,-0.207357
2020-05-11,10.795346,3.939975,4.147923,-0.207949
2020-05-12,10.798084,3.943585,4.149881,-0.206296
2020-05-13,10.800821,3.956465,4.151839,-0.195374
2020-05-14,10.803559,3.981409,4.153797,-0.172388
2020-05-15,10.806297,3.978470,4.155755,-0.177284
2020-05-16,10.809035,3.973245,4.157713,-0.184467
2020-05-17,10.811773,3.983321,4.159671,-0.176349
2020-05-18,10.814511,3.987385,4.161629,-0.174244
2020-05-19,10.817248,3.985330,4.163586,-0.178257
2020-05-20,10.819986,3.985380,4.165544,-0.180164
2020-05-21,10.822724,3.967473,4.167502,-0.200029
2020-05-22,10.825462,3.960358,4.169459,-0.209101
2020-05-23,10.828200,3.964247,4.171416,-0.207169
2020-05-24,10.830938,3.960287,4.173373,-0.213086
2020-05-25,10.833676,3.946088,4.175330,-0.229242
2020-05-26,10.836413,3.948149,4.177287,-0.229137
2020-05-27,10.839151,3.956195,4.179243,-0.223048
2020-05-28,10.841889,3.969492,4.181198,-0.211706
2020-05-29,10.844627,3.975510,4.183154,-0.207643
2020-05-30,10.847365,3.978070,4.185108,-0.207038
2020-05-31,10.850103,3.979649,4.187063,-0.207414
2020-06-01,10.852841,3.981373,4.189017,-0.207643
2020-06-02,10.855578,3.993559,4.190970,-0.197411
2020-06-03,10.858316,3.980136,4.192923,-0.212787
2020-06-04,10.861054,3.986716,4.194875,-0.208159
2020-06-05,10.863792,3.988442,4.196826,-0.208384
2020-06-06,10.866530,3.984013,4.198777,-0.214764
2020-06-07,10.869268,3.983281,4.200727,-0.217446
2020-06-08,10.872005,3.987829,4.202677,-0.214848
2020-06-09,10.874743,3.987267,4.204625,-0.217358
2020-06-10,10.877481,3.990674,4.206573,-0.215899
2020-06-11,10.880219,3.984047,4.208520,-0.224472
2020-06-12,10.882957,3.974030,4.210466,-0.236436
2020-06-13,10.885695,3.974697,4.212411,-0.237714
2020-06-14,10.888433,3.973761,4.214355,-0.240594
2020-06-15,10.891170,3.966501,4.216298,-0.249798
2020-06-16,10.893908,3.977928,4.218241,-0.240313
2020-06-17,10.896646,3.975535,4.220182,-0.244647
2020-06-18,10.899384,3.973744,4.222122,-0.248378
2020-06-19,10.902122,3.970300,4.224061,-0.253761
2020-06-20,10.904860,3.969241,4.225999,-0.256758
2020-06-21,10.907598,3.971514,4.227935,-0.256421
2020-06-22,10.910335,3.977381,4.229871,-0.252489
2020-06-23,10.913073,3.984144,4.231805,-0.247661
2020-06-24,10.915811,3.975222,4.233738,-0.258516
2020-06-25,10.918549,3.966169,4.235669,-0.269500
2020-06-26,10.921287,3.963766,4.237600,-0.273834
2020-06-27,10.924025,3.960296,4.239529,-0.279233
2020-06-28,10.926762,3.958308,4.241456,-0.283148
2020-06-29,10.929500,3.961004,4.243382,-0.282378
2020-06-30,10.932238,3.962183,4.245307,-0.283123
2020-07-01,10.934976,3.963939,4.247230,-0.283291
2020-07-02,10.937714,3.962770,4.249151,-0.286382
2020-07-03,10.940452,3.959604,4.251071,-0.291467
2020-07-04,10.943190,3.959560,4.252989,-0.293429
2020-07-05,10.945927,3.958105,4.254906,-0.296802
2020-07-06,10.948665,3.964888,4.256821,-0.291933
2020-07-07,10.951403,3.967233,4.258734,-0.291501
2020-07-08,10.954141,3.970917,4.260646,-0.289729
2020-07-09,10.956879,3.970100,4.262556,-0.292456
2020-07-10,10.959617,3.963980,4.264464,-0.300483
2020-07-11,10.962355,3.965934,4.266370,-0.300436
2020-07-12,10.965092,3.966450,4.268274,-0.301824
2020-07-13,10.967830,3.967753,4.270176,-0.302424
2020-07-14,10.970568,3.964983,4.272077,-0.307094
2020-07-15,10.973306,3.965094,4.273975,-0.308881
2020-07-16,10.976044,3.960935,4.275872,-0.314937
2020-07-17,10.978782,3.961155,4.277766,-0.316611
2020-07-18,10.981520,3.962443,4.279658,-0.317215
2020-07-19,10.984257,3.962120,4.281548,-0.319428
2020-07-20,10.986995,3.963168,4.283437,-0.320268
2020-07-21,10.989733,3.969199,4.285322,-0.316124
2020-07-22,10.992471,3.971796,4.287206,-0.315410
2020-07-23,10.995209,3.979775,4.289088,-0.309313
2020-07-24,10.997947,3.980515,4.290967,-0.310451
2020-07-25,11.000684,3.983355,4.292844,-0.309488
2020-07-26,11.003422,3.992732,4.294718,-0.301987
2020-07-27,11.006160,4.018824,4.296591,-0.277767
2020-07-28,11.008898,4.040706,4.298460,-0.257755
2020-07-29,11.011636,4.045313,4.300328,-0.255014
2020-07-30,11.014374,4.042860,4.302193,-0.259333
2020-07-31,11.017112,4.049164,4.304055,-0.254891
2020-08-01,11.019849,4.064812,4.305915,-0.241103
2020-08-02,11.022587,4.053662,4.307772,-0.254110
2020-08-03,11.025325,4.051238,4.309627,-0.258389
2020-08-04,11.028063,4.050851,4.311479,-0.260628
2020-08-05,11.030801,4.059485,4.313329,-0.253844
2020-08-06,11.033539,4.070070,4.315176,-0.245106
2020-08-07,11.036277,4.068624,4.317020,-0.248396
2020-08-08,11.039014,4.067611,4.318861,-0.251250
2020-08-09,11.041752,4.067124,4.320700,-0.253576
2020-08-10,11.044490,4.075228,4.322536,-0.247308
2020-08-11,11.047228,4.065355,4.324369,-0.259013
2020-08-12,11.049966,4.059379,4.326199,-0.266820
2020-08-13,11.052704,4.062682,4.328026,-0.265343
2020-08-14,11.055441,4.070299,4.329850,-0.259551
2020-08-15,11.058179,4.074595,4.331671,-0.257076
2020-08-16,11.060917,4.073628,4.333490,-0.259861
2020-08-17,11.063655,4.081472,4.335305,-0.253833
2020-08-18,11.066393,4.085070,4.337117,-0.252047
2020-08-19,11.069131,4.071826,4.338926,-0.267100
2020-08-20,11.071869,4.072011,4.340732,-0.268721
2020-08-21,11.074606,4.069916,4.342535,-0.272619
2020-08-22,11.077344,4.063125,4.344334,-0.281210
2020-08-23,11.080082,4.065456,4.346131,-0.280675
2020-08-24,11.082820,4.069654,4.347924,-0.278270
2020-08-25,11.085558,4.060987,4.349714,-0.288727
2020-08-26,11.088296,4.057270,4.351500,-0.294231
2020-08-27,11.091034,4.055072,4.353284,-0.298211
2020-08-28,11.093771,4.058741,4.355063,-0.296322
2020-08-29,11.096509,4.061160,4.356840,-0.295680
2020-08-30,11.099247,4.064549,4.358613,-0.294063
2020-08-31,11.101985,4.067802,4.360382,-0.292581
2020-09-01,11.104723,4.074710,4.362149,-0.287438
2020-09-02,11.107461,4.063654,4.363911,-0.300257
2020-09-03,11.110198,4.042902,4.365670,-0.322768
2020-09-04,11.112936,4.016763,4.367425,-0.350663
2020-09-05,11.115674,4.011507,4.369177,-0.357670
2020-09-06,11.118412,4.008927,4.370925,-0.361998
2020-09-07,11.121150,4.007079,4.372670,-0.365591
2020-09-08,11.123888,4.006496,4.374411,-0.367915
2020-09-09,11.126626,4.008290,4.376148,-0.367858
2020-09-10,11.129363,4.014723,4.377881,-0.363158
2020-09-11,11.132101,4.013169,4.379611,-0.366441
2020-09-12,11.134839,4.015990,4.381336,-0.365346
2020-09-13,11.137577,4.017016,4.383058,-0.366042
2020-09-14,11.140315,4.021820,4.384776,-0.362956
2020-09-15,11.143053,4.032605,4.386490,-0.353885
2020-09-16,11.145791,4.037587,4.388200,-0.350613
2020-09-17,11.148528,4.037346,4.389906,-0.352560
2020-09-18,11.151266,4.038653,4.391608,-0.352956
2020-09-19,11.154004,4.042210,4.393307,-0.351097
2020-09-20,11.156742,4.038287,4.395001,-0.356714
2020-09-21,11.159480,4.028576,4.396691,-0.368115
2020-09-22,11.162218,4.020137,4.398377,-0.378239
2020-09-23,11.164956,4.018623,4.400058,-0.381436
2020-09-24,11.167693,4.019213,4.401736,-0.382523
2020-09-25,11.170431,4.028446,4.403409,-0.374963
2020-09-26,11.173169,4.030364,4.405078,-0.374714
2020-09-27,11.175907,4.030320,4.406743,-0.376423
2020-09-28,11.178645,4.036783,4.408404,-0.371621
2020-09-29,11.181383,4.030843,4.410060,-0.379218
2020-09-30,11.184120,4.031310,4.411712,-0.380402
2020-10-01,11.186858,4.031871,4.413360,-0.381489
2020-10-02,11.189596,4.022577,4.415003,-0.392426
2020-10-03,11.192334,4.023540,4.416642,-0.393102
2020-10-04,11.195072,4.025785,4.418276,-0.392491
2020-10-05,11.197810,4.029812,4.419906,-0.390094
2020-10-06,11.200548,4.029508,4.421531,-0.392023
2020-10-07,11.203285,4.026284,4.423152,-0.396868
2020-10-08,11.206023,4.031004,4.424768,-0.393764
2020-10-09,11.208761,4.040967,4.426380,-0.385413
2020-10-10,11.211499,4.054547,4.427987,-0.373440
2020-10-11,11.214237,4.055574,4.429590,-0.374015
2020-10-12,11.216975,4.058828,4.431187,-0.372360
2020-10-13,11.219713,4.058911,4.432780,-0.373870
2020-10-14,11.222450,4.057286,4.434369,-0.377083
2020-10-15,11.225188,4.057591,4.435952,-0.378361
2020-10-16,11.227926,4.055685,4.437531,-0.381846
2020-10-17,11.230664,4.054903,4.439105,-0.384203
2020-10-18,11.233402,4.058308,4.440674,-0.382366
2020-10-19,11.236140,4.063857,4.442239,-0.378381
2020-10-20,11.238877,4.073674,4.443798,-0.370124
2020-10-21,11.241615,4.095724,4.445353,-0.349629
2020-10-22,11.244353,4.111693,4.446902,-0.335209
2020-10-23,11.247091,4.111709,4.448447,-0.336738
2020-10-24,11.249829,4.114895,4.449987,-0.335091
2020-10-25,11.252567,4.115717,4.451521,-0.335805
2020-10-26,11.255305,4.116124,4.453051,-0.336927
2020-10-27,11.258042,4.126065,4.454576,-0.328510
2020-10-28,11.260780,4.128453,4.456095,-0.327643
2020-10-29,11.263518,4.124785,4.457610,-0.332824
2020-10-30,11.266256,4.128173,4.459119,-0.330945
2020-10-31,11.268994,4.138058,4.460623,-0.322565
2020-11-01,11.271732,4.138844,4.462122,-0.323278
2020-11-02,11.274470,4.133312,4.463616,-0.330304
2020-11-03,11.277207,4.133815,4.465104,-0.331289
2020-11-04,11.279945,4.142909,4.466587,-0.323678
2020-11-05,11.282683,4.168269,4.468065,-0.299796
2020-11-06,11.285421,4.192459,4.469538,-0.277079
2020-11-07,11.288159,4.185690,4.471005,-0.285316
2020-11-08,11.290897,4.181920,4.472467,-0.290548
2020-11-09,11.293634,4.186927,4.473924,-0.286997
2020-11-10,11.296372,4.185361,4.475375,-0.290014
2020-11-11,11.299110,4.193010,4.476821,-0.283811
2020-11-12,11.301848,4.202228,4.478261,-0.276033
2020-11-13,11.304586,4.211870,4.479696,-0.267825
2020-11-14,11.307324,4.204795,4.481125,-0.276330
2020-11-15,11.310062,4.204006,4.482549,-0.278543
2020-11-16,11.312799,4.214085,4.483967,-0.269882
2020-11-17,11.315537,4.232540,4.485380,-0.252840
2020-11-18,11.318275,4.252206,4.486787,-0.234581
2020-11-19,11.321013,4.251411,4.488188,-0.236777
2020-11-20,11.323751,4.263380,4.489584,-0.226204
2020-11-21,11.326489,4.271986,4.490974,-0.218989
2020-11-22,11.329227,4.265250,4.492359,-0.227109
2020-11-23,11.331964,4.265836,4.493738,-0.227902
2020-11-24,11.334702,4.275535,4.495111,-0.219575
2020-11-25,11.337440,4.279878,4.496478,-0.216600
2020-11-26,11.340178,4.240005,4.497840,-0.257834
2020-11-27,11.342916,4.230329,4.499195,-0.268866
2020-11-28,11.345654,4.238527,4.500545,-0.262018
2020-11-29,11.348392,4.255155,4.501890,-0.246734
2020-11-30,11.351129,4.276810,4.503228,-0.226418
2020-12-01,11.353867,4.284539,4.504560,-0.220022
2020-12-02,11.356605,4.277755,4.505887,-0.228131
2020-12-03,11.359343,4.285354,4.507207,-0.221853
2020-12-04,11.362081,4.281391,4.508522,-0.227131
2020-12-05,11.364819,4.278664,4.509831,-0.231167
2020-12-06,11.367556,4.282150,4.511133,-0.228983
2020-12-07,11.370294,4.283371,4.512430,-0.229059
2020-12-08,11.373032,4.277295,4.513721,-0.236426
2020-12-09,11.375770,4.261592,4.515005,-0.253413
2020-12-10,11.378508,4.262570,4.516284,-0.253714
2020-12-11,11.381246,4.253802,4.517556,-0.263754
2020-12-12,11.383984,4.266513,4.518823,-0.252310
2020-12-13,11.386721,4.281487,4.520083,-0.238596
2020-12-14,11.389459,4.282500,4.521337,-0.238837
2020-12-15,11.392197,4.286727,4.522585,-0.235859
2020-12-16,11.394935,4.302832,4.523827,-0.220995
2020-12-17,11.397673,4.354220,4.525062,-0.170843
2020-12-18,11.400411,4.359402,4.526292,-0.166890
2020-12-19,11.403149,4.368389,4.527515,-0.159126
2020-12-20,11.405886,4.372769,4.528732,-0.155963
2020-12-21,11.408624,4.366377,4.529942,-0.163566
2020-12-22,11.411362,4.363565,4.531147,-0.167581
2020-12-23,11.414100,4.371612,4.532345,-0.160733
2020-12-24,11.416838,4.365870,4.533536,-0.167667
2020-12-25,11.419576,4.380542,4.534722,-0.154179
2020-12-26,11.422313,4.402528,4.535901,-0.133373
2020-12-27,11.425051,4.431698,4.537073,-0.105375
2020-12-28,11.427789,4.430667,4.538239,-0.107572
2020-12-29,11.430527,4.425993,4.539399,-0.113406
2020-12-30,11.433265,4.449320,4.540552,-0.091233
2020-12-31,11.436003,4.460095,4.541699,-0.081604
2021-01-01,11.438741,4.466368,4.542839,-0.076471
2021-01-02,11.441478,4.487847,4.543973,-0.056127
2021-01-03,11.444216,4.524441,4.545101,-0.020660
2021-01-04,11.446954,4.502748,4.546221,-0.043473
2021-01-05,11.449692,4.508447,4.547336,-0.038889
2021-01-06,11.452430,4.542411,4.548443,-0.006032
2021-01-07,11.455168,4.579901,4.549545,0.030357
2021-01-08,11.457906,4.599594,4.550639,0.048955
2021-01-09,11.460643,4.606101,4.551727,0.054374
2021-01-10,11.463381,4.598548,4.552809,0.045740
2021-01-11,11.466119,4.534328,4.553883,-0.019555
2021-01-12,11.468857,4.541879,4.554951,-0.013073
2021-01-13,11.471595,4.540167,4.556013,-0.015846
2021-01-14,11.474333,4.582925,4.557067,0.025857
2021-01-15,11.477070,4.577085,4.558115,0.018970
2021-01-16,11.479808,4.566482,4.559157,0.007325
2021-01-17,11.482546,4.553913,4.560191,-0.006278
2021-01-18,11.485284,4.558109,4.561219,-0.003110
2021-01-19,11.488022,4.566694,4.562240,0.004454
2021-01-20,11.490760,4.565323,4.563254,0.002069
2021-01-21,11.493498,4.517471,4.564262,-0.046791
2021-01-22,11.496235,4.508573,4.565263,-0.056690
2021-01-23,11.498973,4.510084,4.566256,-0.056172
2021-01-24,11.501711,4.607463,4.567243,0.040220
2021-01-25,11.504449,4.526052,4.568224,-0.042172
2021-01-26,11.507187,4.508072,4.569197,-0.061125
2021-01-27,11.509925,4.543682,4.570164,-0.026481
2021-01-28,11.512663,4.503096,4.571123,-0.068027
2021-01-29,11.515400,4.598074,4.572076,0.025998
2021-01-30,11.518138,4.532257,4.573022,-0.040765
2021-01-31,11.520876,4.524256,4.573960,-0.049704
2021-02-01,11.523614,4.521953,4.574892,-0.052940
2021-02-02,11.526352,4.540895,4.575817,-0.034922
2021-02-03,11.529090,4.563270,4.576735,-0.013466
2021-02-04,11.531828,4.574201,4.577647,-0.003445
2021-02-05,11.534565,4.575543,4.578551,-0.003008
2021-02-06,11.537303,4.600121,4.579448,0.020673
2021-02-07,11.540041,4.587500,4.580338,0.007163
2021-02-08,11.542779,4.615480,4.581221,0.034259
2021-02-09,11.545517,4.661343,4.582097,0.079246
2021-02-10,11.548255,4.645306,4.582966,0.062340
2021-02-11,11.550992,4.661224,4.583828,0.077396
2021-02-12,11.553730,4.677458,4.584683,0.092775
2021-02-13,11.556468,4.674471,4.585530,0.088941
2021-02-14,11.559206,4.686627,4.586371,0.100256
2021-02-15,11.561944,4.681965,4.587205,0.094761
2021-02-16,11.564682,4.691948,4.588031,0.103916
2021-02-17,11.567420,4.708099,4.588851,0.119248
2021-02-18,11.570157,4.715068,4.589663,0.125405
2021-02-19,11.572895,4.725034,4.590468,0.134566
2021-02-20,11.575633,4.746957,4.591266,0.155691
2021-02-21,11.578371,4.775743,4.592057,0.183687
2021-02-22,11.581109,4.760073,4.592840,0.167233
2021-02-23,11.583847,4.693482,4.593617,0.099865
2021-02-24,11.586585,4.697173,4.594386,0.102786
2021-02-25,11.589322,4.698737,4.595148,0.103588
2021-02-26,11.592060,4.694699,4.595903,0.098796
2021-02-27,11.594798,4.679962,4.596651,0.083311
2021-02-28,11.597536,4.651301,4.597392,0.053910
2021-03-01,11.600274,4.684194,4.598125,0.086069
2021-03-02,11.603012,4.686687,4.598851,0.087836
2021-03-03,11.605749,4.705529,4.599570,0.105960
2021-03-04,11.608487,4.697534,4.600281,0.097253
2021-03-05,11.611225,4.678825,4.600985,0.077839
2021-03-06,11.613963,4.684674,4.601682,0.082992
2021-03-07,11.616701,4.704034,4.602372,0.101662
2021-03-08,11.619439,4.708309,4.603055,0.105255
2021-03-09,11.622177,4.731381,4.603730,0.127651
2021-03-10,11.624914,4.741087,4.604398,0.136690
2021-03-11,11.627652,4.750515,4.605058,0.145456
2021-03-12,11.630390,4.754640,4.605712,0.148928
2021-03-13,11.633128,4.769461,4.606358,0.163104
2021-03-14,11.635866,4.781225,4.606996,0.174229
2021-03-15,11.638604,4.759449,4.607628,0.151822
2021-03-16,11.641342,4.742672,4.608252,0.134420
2021-03-17,11.644079,4.748231,4.608868,0.139363
2021-03-18,11.646817,4.766947,4.609478,0.157470
2021-03-19,11.649555,4.762524,4.610080,0.152445
2021-03-20,11.652293,4.770375,4.610674,0.159701
2021-03-21,11.655031,4.757898,4.611261,0.146637
2021-03-22,11.657769,4.757162,4.611841,0.145321
2021-03-23,11.660507,4.743847,4.612414,0.131433
2021-03-24,11.663244,4.741059,4.612979,0.128080
2021-03-25,11.665982,4.724997,4.613537,0.111460
2021-03-26,11.668720,4.726392,4.614087,0.112304
2021-03-27,11.671458,4.746467,4.614630,0.131837
2021-03-28,11.674196,4.746911,4.615166,0.131745
2021-03-29,11.676934,4.755485,4.615694,0.139791
2021-03-30,11.679671,4.767727,4.616215,0.151512
2021-03-31,11.682409,4.769716,4.616729,0.152987
2021-04-01,11.685147,4.769807,4.617235,0.152572
2021-04-02,11.687885,4.772780,4.617733,0.155047
2021-04-03,11.690623,4.770153,4.618225,0.151929
2021-04-04,11.693361,4.761272,4.618708,0.142564
2021-04-05,11.696099,4.764160,4.619185,0.144975
2021-04-06,11.698836,4.768663,4.619654,0.149009
2021-04-07,11.701574,4.758320,4.620116,0.138204
2021-04-08,11.704312,4.757333,4.620570,0.136763
2021-04-09,11.707050,4.764965,4.621016,0.143949
2021-04-10,11.709788,4.777239,4.621456,0.155783
2021-04-11,11.712526,4.776543,4.621888,0.154655
2021-04-12,11.715264,4.778769,4.622312,0.156457
2021-04-13,11.718001,4.778323,4.622729,0.155593
2021-04-14,11.720739,4.802192,4.623139,0.179053
2021-04-15,11.723477,4.798678,4.623541,0.175137
2021-04-16,11.726215,4.842791,4.623936,0.218855
2021-04-17,11.728953,4.763434,4.624323,0.139110
2021-04-18,11.731691,4.810941,4.624703,0.186237
2021-04-19,11.734428,4.751526,4.625076,0.126450
2021-04-20,11.737166,4.744521,4.625441,0.119080
2021-04-21,11.739904,4.743753,4.625799,0.117954
2021-04-22,11.742642,4.788421,4.626149,0.162272
2021-04-23,11.745380,4.697664,4.626492,0.071173
2021-04-24,11.748118,4.699819,4.626827,0.072992
2021-04-25,11.750856,4.699561,4.627155,0.072406
2021-04-26,11.753593,4.724763,4.627476,0.097287
2021-04-27,11.756331,4.784597,4.627789,0.156808
2021-04-28,11.759069,4.738777,4.628094,0.110683
2021-04-29,11.761807,4.746706,4.628393,0.118313
2021-04-30,11.764545,4.773274,4.628683,0.144591
2021-05-01,11.767283,4.761810,4.628967,0.132843
2021-05-02,11.770021,4.749248,4.629243,0.120005
2021-05-03,11.772758,4.762769,4.629511,0.133258
2021-05-04,11.775496,4.742357,4.629773,0.112584
2021-05-05,11.778234,4.738750,4.630026,0.108724
2021-05-06,11.780972,4.807406,4.630273,0.177133
2021-05-07,11.783710,4.754584,4.630512,0.124072
2021-05-08,11.786448,4.767461,4.630743,0.136718
2021-05-09,11.789185,4.763230,4.630967,0.132262
2021-05-10,11.791923,4.761528,4.631184,0.130344
2021-05-11,11.794661,4.801137,4.631394,0.169744
2021-05-12,11.797399,4.747689,4.631596,0.116093
2021-05-13,11.800137,4.697181,4.631790,0.065391
2021-05-14,11.802875,4.700720,4.631978,0.068743
2021-05-15,11.805613,4.688773,4.632157,0.056615
2021-05-16,11.808350,4.678567,4.632330,0.046237
2021-05-17,11.811088,4.647574,4.632495,0.015079
2021-05-18,11.813826,4.645304,4.632653,0.012651
2021-05-19,11.816564,4.603674,4.632803,-0.029129
2021-05-20,11.819302,4.675788,4.632946,0.042842
2021-05-21,11.822040,4.592113,4.633082,-0.040969
2021-05-22,11.824778,4.574440,4.633210,-0.058771
2021-05-23,11.827515,4.552403,4.633332,-0.080928
2021-05-24,11.830253,4.568902,4.633445,-0.064543
2021-05-25,11.832991,4.604928,4.633552,-0.028624
2021-05-26,11.835729,4.594144,4.633651,-0.039507
2021-05-27,11.838467,4.589117,4.633743,-0.044626
2021-05-28,11.841205,4.563489,4.633827,-0.070338
2021-05-29,11.843943,4.547386,4.633904,-0.086518
2021-05-30,11.846680,4.550091,4.633974,-0.083883
2021-05-31,11.849418,4.558284,4.634037,-0.075753
2021-06-01,11.852156,4.563297,4.634092,-0.070795
2021-06-02,11.854894,4.571549,4.634140,-0.062591
2021-06-03,11.857632,4.585880,4.634181,-0.048301
2021-06-04,11.860370,4.569240,4.634215,-0.064974
2021-06-05,11.863107,4.563073,4.634241,-0.071168
2021-06-06,11.865845,4.556017,4.634260,-0.078243
2021-06-07,11.868583,4.641068,4.634272,0.006796
2021-06-08,11.871321,4.517179,4.634277,-0.117098
2021-06-09,11.874059,4.542773,4.634274,-0.091501
2021-06-10,11.876797,4.568262,4.634264,-0.066002
2021-06-11,11.879535,4.568372,4.634247,-0.065875
2021-06-12,11.882272,4.553248,4.634223,-0.080975
2021-06-13,11.885010,4.561352,4.634192,-0.072840
2021-06-14,11.887748,4.598577,4.634153,-0.035576
2021-06-15,11.890486,4.604290,4.634108,-0.029818
2021-06-16,11.893224,4.670861,4.634055,0.036806
2021-06-17,11.895962,4.586904,4.633995,-0.047091
2021-06-18,11.898700,4.568530,4.633928,-0.065398
2021-06-19,11.901437,4.554366,4.633854,-0.079488
2021-06-20,11.904175,4.546020,4.633772,-0.087752
2021-06-21,11.906913,4.521159,4.633684,-0.112525
2021-06-22,11.909651,4.506678,4.633588,-0.126911
2021-06-23,11.912389,4.529168,4.633486,-0.104318
2021-06-24,11.915127,4.529080,4.633376,-0.104297
2021-06-25,11.917864,4.523443,4.633260,-0.109816
2021-06-26,11.920602,4.499113,4.633136,-0.134023
2021-06-27,11.923340,4.520130,4.633005,-0.112875
2021-06-28,11.926078,4.591604,4.632867,-0.041263
2021-06-29,11.928816,4.551412,4.632723,-0.081311
2021-06-30,11.931554,4.543641,4.632571,-0.088930
2021-07-01,11.934292,4.528234,4.632412,-0.104179
2021-07-02,11.937029,4.522901,4.632246,-0.109346
2021-07-03,11.939767,4.535903,4.632074,-0.096171
2021-07-04,11.942505,4.547851,4.631894,-0.084043
2021-07-05,11.945243,4.532804,4.631707,-0.098903
2021-07-06,11.947981,4.533846,4.631514,-0.097668
2021-07-07,11.950719,4.538784,4.631314,-0.092529
2021-07-08,11.953457,4.517542,4.631106,-0.113564
2021-07-09,11.956194,4.521617,4.630892,-0.109275
2021-07-10,11.958932,4.528423,4.630671,-0.102249
2021-07-11,11.961670,4.523422,4.630443,-0.107021
2021-07-12,11.964408,4.528162,4.630209,-0.102046
2021-07-13,11.967146,4.517644,4.629967,-0.112323
2021-07-14,11.969884,4.512811,4.629719,-0.116908
2021-07-15,11.972621,4.507752,4.629463,-0.121712
2021-07-16,11.975359,4.503264,4.629202,-0.125938
2021-07-17,11.978097,4.500836,4.628933,-0.128097
2021-07-18,11.980835,4.503384,4.628657,-0.125273
2021-07-19,11.983573,4.495326,4.628375,-0.133049
2021-07-20,11.986311,4.476361,4.628086,-0.151726
2021-07-21,11.989049,4.495713,4.627791,-0.132078
2021-07-22,11.991786,4.508152,4.627488,-0.119336
2021-07-23,11.994524,4.512757,4.627179,-0.114422
2021-07-24,11.997262,4.530413,4.626864,-0.096450
2021-07-25,12.000000,4.536796,4.626541,-0.089745
2021-07-26,12.002738,4.583605,4.626212,-0.042607
2021-07-27,12.005476,4.576603,4.625877,-0.049274
2021-07-28,12.008214,4.600715,4.625535,-0.024820
2021-07-29,12.010951,4.600688,4.625186,-0.024499
2021-07-30,12.013689,4.598350,4.624831,-0.026481
2021-07-31,12.016427,4.619409,4.624469,-0.005060
2021-08-01,12.019165,4.617690,4.624101,-0.006410
2021-08-02,12.021903,4.597892,4.623726,-0.025834
2021-08-03,12.024641,4.585474,4.623344,-0.037870
2021-08-04,12.027379,4.588413,4.622957,-0.034544
2021-08-05,12.030116,4.671107,4.622562,0.048544
2021-08-06,12.032854,4.616680,4.622162,-0.005481
2021-08-07,12.035592,4.639204,4.621754,0.017449
2021-08-08,12.038330,4.646742,4.621341,0.025401
2021-08-09,12.041068,4.652406,4.620921,0.031485
2021-08-10,12.043806,4.659080,4.620495,0.038586
2021-08-11,12.046543,4.663676,4.620062,0.043614
2021-08-12,12.049281,4.652525,4.619623,0.032902
2021-08-13,12.052019,4.664863,4.619178,0.045685
2021-08-14,12.054757,4.673113,4.618726,0.054387
2021-08-15,12.057495,4.666818,4.618268,0.048550
2021-08-16,12.060233,4.671308,4.617804,0.053504
2021-08-17,12.062971,4.662420,4.617334,0.045086
2021-08-18,12.065708,4.654831,4.616857,0.037974
2021-08-19,12.068446,4.655556,4.616375,0.039181
2021-08-20,12.071184,4.733867,4.615886,0.117981
2021-08-21,12.073922,4.690641,4.615391,0.075251
2021-08-22,12.076660,4.689218,4.614889,0.074329
2021-08-23,12.079398,4.697995,4.614382,0.083613
2021-08-24,12.082136,4.689276,4.613869,0.075408
2021-08-25,12.084873,4.683803,4.613349,0.070454
2021-08-26,12.087611,4.675541,4.612824,0.062718
2021-08-27,12.090349,4.679267,4.612292,0.066975
2021-08-28,12.093087,4.689295,4.611754,0.077540
2021-08-29,12.095825,4.687191,4.611211,0.075981
2021-08-30,12.098563,4.682122,4.610661,0.071461
2021-08-31,12.101300,4.675076,4.610106,0.064970
2021-09-01,12.104038,4.678568,4.609544,0.069024
2021-09-02,12.106776,4.696068,4.608977,0.087091
2021-09-03,12.109514,4.698210,4.608404,0.089806
2021-09-04,12.112252,4.699511,4.607825,0.091686
2021-09-05,12.114990,4.702165,4.607240,0.094925
2021-09-06,12.117728,4.714203,4.606649,0.107554
2021-09-07,12.120465,4.698458,4.606053,0.092405
2021-09-08,12.123203,4.666012,4.605451,0.060561
2021-09-09,12.125941,4.650047,4.604843,0.045204
2021-09-10,12.128679,4.662703,4.604229,0.058474
2021-09-11,12.131417,4.657619,4.603609,0.054010
2021-09-12,12.134155,4.659956,4.602984,0.056972
2021-09-13,12.136893,4.652425,4.602354,0.050072
2021-09-14,12.139630,4.664194,4.601717,0.062477
2021-09-15,12.142368,4.677952,4.601075,0.076877
2021-09-16,12.145106,4.680468,4.600428,0.080040
2021-09-17,12.147844,4.677748,4.599775,0.077974
2021-09-18,12.150582,4.683734,4.599116,0.084618
2021-09-19,12.153320,4.679186,4.598452,0.080734
2021-09-20,12.156057,4.650313,4.597782,0.052531
2021-09-21,12.158795,4.615179,4.597107,0.018072
2021-09-22,12.161533,4.630381,4.596427,0.033954
2021-09-23,12.164271,4.645634,4.595741,0.049894
2021-09-24,12.167009,4.621124,4.595049,0.026074
2021-09-25,12.169747,4.631317,4.594353,0.036965
2021-09-26,12.172485,4.633165,4.593651,0.039515
2021-09-27,12.175222,4.640091,4.592943,0.047148
2021-09-28,12.177960,4.624341,4.592231,0.032111
2021-09-29,12.180698,4.623382,4.591513,0.031869
2021-09-30,12.183436,4.637868,4.590790,0.047079
2021-10-01,12.186174,4.664713,4.590061,0.074651
2021-10-02,12.188912,4.680664,4.589328,0.091336
2021-10-03,12.191650,4.682226,4.588589,0.093636
2021-10-04,12.194387,4.683586,4.587846,0.095740
2021-10-05,12.197125,4.700393,4.587097,0.113296
2021-10-06,12.199863,4.724225,4.586343,0.137882
2021-10-07,12.202601,4.735464,4.585584,0.149880
2021-10-08,12.205339,4.736310,4.584820,0.151491
2021-10-09,12.208077,4.738660,4.584051,0.154609
2021-10-10,12.210815,4.742048,4.583277,0.158771
2021-10-11,12.213552,4.753942,4.582498,0.171445
2021-10-12,12.216290,4.753382,4.581714,0.171668
2021-10-13,12.219028,4.749056,4.580925,0.168131
2021-10-14,12.221766,4.761104,4.580132,0.180973
2021-10-15,12.224504,4.777676,4.579333,0.198343
2021-10-16,12.227242,4.787446,4.578530,0.208916
2021-10-17,12.229979,4.784555,4.577722,0.206833
2021-10-18,12.232717,4.791287,4.576909,0.214377
2021-10-19,12.235455,4.798094,4.576092,0.222002
2021-10-20,12.238193,4.805496,4.575270,0.230226
2021-10-21,12.240931,4.808194,4.574443,0.233751
2021-10-22,12.243669,4.793763,4.573612,0.220151
2021-10-23,12.246407,4.786070,4.572775,0.213294
2021-10-24,12.249144,4.791662,4.571935,0.219728
2021-10-25,12.251882,4.803344,4.571090,0.232254
2021-10-26,12.254620,4.794705,4.570240,0.224465
2021-10-27,12.257358,4.775079,4.569386,0.205693
2021-10-28,12.260096,4.780346,4.568527,0.211819
2021-10-29,12.262834,4.772178,4.567664,0.204514
2021-10-30,12.265572,4.789928,4.566797,0.223131
2021-10-31,12.268309,4.786334,4.565925,0.220409
2021-11-01,12.271047,4.787413,4.565049,0.222364
2021-11-02,12.273785,4.796505,4.564168,0.232337
2021-11-03,12.276523,4.798288,4.563283,0.235005
2021-11-04,12.279261,4.791544,4.562394,0.229150
2021-11-05,12.281999,4.789702,4.561501,0.228201
2021-11-06,12.284736,4.785859,4.560604,0.225256
2021-11-07,12.287474,4.793859,4.559702,0.234157
2021-11-08,12.290212,4.818243,4.558796,0.259447
2021-11-09,12.292950,4.829452,4.557886,0.271565
2021-11-10,12.295688,4.825085,4.556972,0.268113
2021-11-11,12.298426,4.813024,4.556054,0.256970
2021-11-12,12.301164,4.808149,4.555132,0.253017
2021-11-13,12.303901,4.807335,4.554206,0.253129
2021-11-14,12.306639,4.810532,4.553277,0.257256
2021-11-15,12.309377,4.814343,4.552343,0.262000
2021-11-16,12.312115,4.802161,4.551405,0.250756
2021-11-17,12.314853,4.779482,4.550463,0.229019
2021-11-18,12.317591,4.773056,4.549518,0.223538
2021-11-19,12.320329,4.759957,4.548569,0.211388
2021-11-20,12.323066,4.770923,4.547616,0.223307
2021-11-21,12.325804,4.774198,4.546659,0.227538
2021-11-22,12.328542,4.760942,4.545699,0.215243
2021-11-23,12.331280,4.757541,4.544735,0.212806
2021-11-24,12.334018,4.756163,4.543767,0.212395
2021-11-25,12.336756,4.767379,4.542796,0.224584
2021-11-26,12.339493,4.747963,4.541821,0.206142
2021-11-27,12.342231,4.740846,4.540843,0.200004
2021-11-28,12.344969,4.740670,4.539861,0.200809
2021-11-29,12.347707,4.762902,4.538876,0.224026
2021-11-30,12.350445,4.760332,4.537887,0.222445
2021-12-01,12.353183,4.760323,4.536895,0.223429
2021-12-02,12.355921,4.755542,4.535899,0.219643
2021-12-03,12.358658,4.749373,4.534900,0.214472
2021-12-04,12.361396,4.699803,4.533898,0.165906
2021-12-05,12.364134,4.695345,4.532892,0.162453
2021-12-06,12.366872,4.699112,4.531884,0.167228
2021-12-07,12.369610,4.750081,4.530872,0.219210
2021-12-08,12.372348,4.705095,4.529857,0.175238
2021-12-09,12.375086,4.694047,4.528838,0.165208
2021-12-10,12.377823,4.687217,4.527817,0.159399
2021-12-11,12.380561,4.689649,4.526793,0.162856
2021-12-12,12.383299,4.699275,4.525765,0.173509
2021-12-13,12.386037,4.686977,4.524735,0.162243
2021-12-14,12.388775,4.678076,4.523701,0.154374
2021-12-15,12.391513,4.686510,4.522665,0.163845
2021-12-16,12.394251,4.687365,4.521626,0.165740
2021-12-17,12.396988,4.673243,4.520584,0.152660
2021-12-18,12.399726,4.668920,4.519539,0.149381
2021-12-19,12.402464,4.674272,4.518491,0.155781
2021-12-20,12.405202,4.667276,4.517440,0.149835
2021-12-21,12.407940,4.685476,4.516387,0.169089
2021-12-22,12.410678,4.690373,4.515331,0.175042
2021-12-23,12.413415,4.691352,4.514272,0.177079
2021-12-24,12.416153,4.708128,4.513211,0.194917
2021-12-25,12.418891,4.710914,4.512147,0.198767
2021-12-26,12.421629,4.700861,4.511081,0.189781
2021-12-27,12.424367,4.708773,4.510012,0.198761
2021-12-28,12.427105,4.689759,4.508940,0.180818
2021-12-29,12.429843,4.678181,4.507866,0.170315
2021-12-30,12.432580,4.673396,4.506790,0.166605
2021-12-31,12.435318,4.675174,4.505711,0.169463
2022-01-01,12.438056,4.673905,4.504630,0.169275
2022-01-02,12.440794,4.674908,4.503547,0.171361
2022-01-03,12.443532,4.670978,4.502461,0.168516
2022-01-04,12.446270,4.667300,4.501374,0.165927
2022-01-05,12.449008,4.662051,4.500283,0.161768
2022-01-06,12.451745,4.635084,4.499191,0.135893
2022-01-07,12.454483,4.623830,4.498097,0.125733
2022-01-08,12.457221,4.689809,4.497000,0.192809
2022-01-09,12.459959,4.623298,4.495902,0.127397
2022-01-10,12.462697,4.620132,4.494801,0.125330
2022-01-11,12.465435,4.643067,4.493699,0.149368
2022-01-12,12.468172,4.636551,4.492594,0.143957
2022-01-13,12.470910,4.638768,4.491488,0.147281
2022-01-14,12.473648,4.632021,4.490379,0.141642
2022-01-15,12.476386,4.635858,4.489269,0.146589
2022-01-16,12.479124,4.635415,4.488157,0.147258
2022-01-17,12.481862,4.695074,4.487043,0.208031
2022-01-18,12.484600,4.623608,4.485928,0.137680
2022-01-19,12.487337,4.623490,4.484810,0.138679
2022-01-20,12.490075,4.626571,4.483692,0.142879
2022-01-21,12.492813,4.588453,4.482571,0.105882
2022-01-22,12.495551,4.552191,4.481449,0.070743
2022-01-23,12.498289,4.551560,4.480325,0.071235
2022-01-24,12.501027,4.547578,4.479200,0.068378
2022-01-25,12.503765,4.564319,4.478073,0.086246
2022-01-26,12.506502,4.576076,4.476945,0.099131
2022-01-27,12.509240,4.562540,4.475816,0.086725
2022-01-28,12.511978,4.570867,4.474685,0.096182
2022-01-29,12.514716,4.579819,4.473553,0.106267
2022-01-30,12.517454,4.580929,4.472419,0.108510
2022-01-31,12.520192,4.576314,4.471284,0.105030
2022-02-01,12.522930,4.587690,4.470148,0.117541
2022-02-02,12.525667,4.581683,4.469011,0.112672
2022-02-03,12.528405,4.567617,4.467873,0.099745
2022-02-04,12.531143,4.589035,4.466733,0.122302
2022-02-05,12.533881,4.619447,4.465593,0.153855
2022-02-06,12.536619,4.620194,4.464451,0.155744
2022-02-07,12.539357,4.635619,4.463308,0.172310
2022-02-08,12.542094,4.642910,4.462165,0.180746
2022-02-09,12.544832,4.643609,4.461020,0.182589
2022-02-10,12.547570,4.647368,4.459875,0.187493
2022-02-11,12.550308,4.636042,4.458729,0.177313
2022-02-12,12.553046,4.627786,4.457582,0.170204
2022-02-13,12.555784,4.628059,4.456434,0.171625
2022-02-14,12.558522,4.627048,4.455285,0.171763
2022-02-15,12.561259,4.643698,4.454136,0.189562
2022-02-16,12.563997,4.644482,4.452986,0.191496
2022-02-17,12.566735,4.638718,4.451835,0.186882
2022-02-18,12.569473,4.607911,4.450684,0.157226
2022-02-19,12.572211,4.604539,4.449533,0.155006
2022-02-20,12.574949,4.590218,4.448380,0.141837
2022-02-21,12.577687,4.587259,4.447228,0.140031
2022-02-22,12.580424,4.575273,4.446075,0.129199
2022-02-23,12.583162,4.584272,4.444921,0.139351
2022-02-24,12.585900,4.559981,4.443767,0.116214
2022-02-25,12.588638,4.591353,4.442613,0.148740
2022-02-26,12.591376,4.595549,4.441458,0.154090
2022-02-27,12.594114,4.589675,4.440304,0.149371
2022-02-28,12.596851,4.598146,4.439149,0.158998
2022-03-01,12.599589,4.642175,4.437994,0.204181
2022-03-02,12.602327,4.646711,4.436838,0.209873
2022-03-03,12.605065,4.637436,4.435683,0.201753
2022-03-04,12.607803,4.616334,4.434528,0.181806
2022-03-05,12.610541,4.596826,4.433372,0.163453
2022-03-06,12.613279,4.595797,4.432217,0.163580
2022-03-07,12.616016,4.587106,4.431061,0.156045
2022-03-08,12.618754,4.596529,4.429906,0.166623
2022-03-09,12.621492,4.621883,4.428751,0.193132
2022-03-10,12.624230,4.673802,4.427596,0.246206
2022-03-11,12.626968,4.594483,4.426441,0.168042
2022-03-12,12.629706,4.595865,4.425287,0.170578
2022-03-13,12.632444,4.593365,4.424133,0.169232
2022-03-14,12.635181,4.591901,4.422979,0.168923
2022-03-15,12.637919,4.594983,4.421825,0.173158
2022-03-16,12.640657,4.608218,4.420672,0.187546
2022-03-17,12.643395,4.615055,4.419519,0.195536
2022-03-18,12.646133,4.615429,4.418367,0.197062
2022-03-19,12.648871,4.624326,4.417215,0.207111
2022-03-20,12.651608,4.621573,4.416064,0.205509
2022-03-21,12.654346,4.616181,4.414914,0.201268
2022-03-22,12.657084,4.630041,4.413764,0.216277
2022-03-23,12.659822,4.628441,4.412615,0.215826
2022-03-24,12.662560,4.639325,4.411466,0.227859
2022-03-25,12.665298,4.648589,4.410318,0.238271
2022-03-26,12.668036,4.648829,4.409171,0.239658
2022-03-27,12.670773,4.655190,4.408025,0.247165
2022-03-28,12.673511,4.676687,4.406880,0.269807
2022-03-29,12.676249,4.678315,4.405735,0.272579
2022-03-30,12.678987,4.675398,4.404592,0.270806
2022-03-31,12.681725,4.670308,4.403449,0.266859
2022-04-01,12.684463,4.660193,4.402308,0.257885
2022-04-02,12.687201,4.669050,4.401167,0.267883
2022-04-03,12.689938,4.667880,4.400028,0.267852
2022-04-04,12.692676,4.665207,4.398890,0.266317
2022-04-05,12.695414,4.668179,4.397753,0.270427
2022-04-06,12.698152,4.652320,4.396617,0.255703
2022-04-07,12.700890,4.641714,4.395482,0.246231
2022-04-08,12.703628,4.640443,4.394349,0.246094
2022-04-09,12.706366,4.632239,4.393217,0.239022
2022-04-10,12.709103,4.635310,4.392086,0.243223
2022-04-11,12.711841,4.619179,4.390957,0.228222
2022-04-12,12.714579,4.606366,4.389829,0.216537
2022-04-13,12.717317,4.612349,4.388703,0.223646
2022-04-14,12.720055,4.614409,4.387578,0.226831
2022-04-15,12.722793,4.609748,4.386455,0.223294
2022-04-16,12.725530,4.680722,4.385333,0.295389
2022-04-17,12.728268,4.610507,4.384213,0.226295
2022-04-18,12.731006,4.604079,4.383094,0.220984
2022-04-19,12.733744,4.618972,4.381978,0.236994
2022-04-20,12.736482,4.623127,4.380863,0.242264
2022-04-21,12.739220,4.625380,4.379750,0.245630
2022-04-22,12.741958,4.609043,4.378638,0.230404
2022-04-23,12.744695,4.604620,4.377529,0.227091
2022-04-24,12.747433,4.604401,4.376421,0.227980
2022-04-25,12.750171,4.600282,4.375315,0.224966
2022-04-26,12.752909,4.604422,4.374212,0.230211
2022-04-27,12.755647,4.595735,4.373110,0.222625
2022-04-28,12.758385,4.603420,4.372010,0.231409
2022-04-29,12.761123,4.596353,4.370913,0.225440
2022-04-30,12.763860,4.590106,4.369817,0.220289
2022-05-01,12.766598,4.584920,4.368724,0.216196
2022-05-02,12.769336,4.676748,4.367633,0.309115
2022-05-03,12.772074,4.673581,4.366544,0.307037
2022-05-04,12.774812,4.593644,4.365457,0.228186
2022-05-05,12.777550,4.588691,4.364373,0.224318
2022-05-06,12.780287,4.563516,4.363291,0.200225
2022-05-07,12.783025,4.562491,4.362212,0.200280
2022-05-08,12.785763,4.547393,4.361134,0.186258
2022-05-09,12.788501,4.523197,4.360060,0.163138
2022-05-10,12.791239,4.505739,4.358988,0.146751
2022-05-11,12.793977,4.495120,4.357918,0.137202
2022-05-12,12.796715,4.464896,4.356851,0.108045
2022-05-13,12.799452,4.488534,4.355786,0.132748
2022-05-14,12.802190,4.475611,4.354725,0.120887
2022-05-15,12.804928,4.487265,4.353666,0.133599
2022-05-16,12.807666,4.482954,4.352609,0.130345
2022-05-17,12.810404,4.487442,4.351555,0.135887
2022-05-18,12.813142,4.477623,4.350505,0.127119
2022-05-19,12.815880,4.477321,4.349457,0.127865
2022-05-20,12.818617,4.480417,4.348411,0.132006
2022-05-21,12.821355,4.473607,4.347369,0.126238
2022-05-22,12.824093,4.480245,4.346330,0.133915
2022-05-23,12.826831,4.484404,4.345294,0.139111
2022-05-24,12.829569,4.473108,4.344260,0.128848
2022-05-25,12.832307,4.479382,4.343230,0.136152
2022-05-26,12.835044,4.474598,4.342203,0.132395
2022-05-27,12.837782,4.466068,4.341179,0.124889
2022-05-28,12.840520,4.465161,4.340158,0.125003
2022-05-29,12.843258,4.468302,4.339140,0.129161
2022-05-30,12.845996,4.489257,4.338126,0.151131
2022-05-31,12.848734,4.503408,4.337115,0.166294
2022-06-01,12.851472,4.494266,4.336107,0.158159
2022-06-02,12.854209,4.480544,4.335103,0.145441
2022-06-03,12.856947,4.480016,4.334101,0.145914
2022-06-04,12.859685,4.476310,4.333104,0.143206
2022-06-05,12.862423,4.478147,4.332110,0.146037
2022-06-06,12.865161,4.497916,4.331119,0.166797
2022-06-07,12.867899,4.480404,4.330132,0.150273
2022-06-08,12.870637,4.487019,4.329148,0.157871
2022-06-09,12.873374,4.484170,4.328168,0.156002
2022-06-10,12.876112,4.475627,4.327192,0.148436
2022-06-11,12.878850,4.464703,4.326219,0.138484
2022-06-12,12.881588,4.446132,4.325250,0.120883
2022-06-13,12.884326,4.389344,4.324285,0.065059
2022-06-14,12.887064,4.351301,4.323323,0.027978
2022-06-15,12.889802,4.335439,4.322365,0.013073
2022-06-16,12.892539,4.336641,4.321412,0.015229
2022-06-17,12.895277,4.321828,4.320462,0.001367
2022-06-18,12.898015,4.291961,4.319516,-0.027555
2022-06-19,12.900753,4.291904,4.318574,-0.026669
2022-06-20,12.903491,4.314012,4.317636,-0.003624
2022-06-21,12.906229,4.328879,4.316702,0.012177
2022-06-22,12.908966,4.313910,4.315772,-0.001862
2022-06-23,12.911704,4.319024,4.314846,0.004178
2022-06-24,12.914442,4.330486,4.313924,0.016562
2022-06-25,12.917180,4.333839,4.313007,0.020832
2022-06-26,12.919918,4.335947,4.312093,0.023854
2022-06-27,12.922656,4.329222,4.311184,0.018038
2022-06-28,12.925394,4.322117,4.310279,0.011838
2022-06-29,12.928131,4.310220,4.309379,0.000841
2022-06-30,12.930869,4.293747,4.308483,-0.014736
2022-07-01,12.933607,4.298264,4.307591,-0.009326
2022-07-02,12.936345,4.290768,4.306703,-0.015936
2022-07-03,12.939083,4.288712,4.305820,-0.017108
2022-07-04,12.941821,4.296895,4.304942,-0.008047
2022-07-05,12.944559,4.307317,4.304068,0.003249
2022-07-06,12.947296,4.311413,4.303199,0.008215
2022-07-07,12.950034,4.324261,4.302334,0.021927
2022-07-08,12.952772,4.344012,4.301473,0.042538
2022-07-09,12.955510,4.341058,4.300618,0.040440
2022-07-10,12.958248,4.331448,4.299767,0.031681
2022-07-11,12.960986,4.317795,4.298921,0.018874
2022-07-12,12.963723,4.302372,4.298079,0.004292
2022-07-13,12.966461,4.298887,4.297243,0.001644
2022-07-14,12.969199,4.311261,4.296411,0.014850
2022-07-15,12.971937,4.324062,4.295584,0.028478
2022-07-16,12.974675,4.325466,4.294762,0.030704
2022-07-17,12.977413,4.332070,4.293945,0.038125
2022-07-18,12.980151,4.344214,4.293132,0.051082
2022-07-19,12.982888,4.357428,4.292325,0.065103
2022-07-20,12.985626,4.376987,4.291523,0.085464
2022-07-21,12.988364,4.365302,4.290726,0.074576
2022-07-22,12.991102,4.369248,4.289934,0.079315
2022-07-23,12.993840,4.357507,4.289147,0.068361
2022-07-24,12.996578,4.360733,4.288365,0.072368
2022-07-25,12.999316,4.347479,4.287588,0.059891
2022-07-26,13.002053,4.329336,4.286817,0.042520
2022-07-27,13.004791,4.342034,4.286050,0.055983
2022-07-28,13.007529,4.373013,4.285289,0.087724
2022-07-29,13.010267,4.382286,4.284534,0.097753
2022-07-30,13.013005,4.384724,4.283783,0.100941
2022-07-31,13.015743,4.379464,4.283038,0.096425
2022-08-01,13.018480,4.370131,4.282299,0.087832
2022-08-02,13.021218,4.364990,4.281565,0.083425
2022-08-03,13.023956,4.369165,4.280836,0.088329
2022-08-04,13.026694,4.363252,4.280113,0.083139
2022-08-05,13.029432,4.367720,4.279395,0.088325
2022-08-06,13.032170,4.369551,4.278683,0.090868
2022-08-07,13.034908,4.367235,4.277976,0.089258
2022-08-08,13.037645,4.380358,4.277276,0.103083
2022-08-09,13.040383,4.373948,4.276580,0.097368
2022-08-10,13.043121,4.374292,4.275891,0.098402
2022-08-11,13.045859,4.390937,4.275207,0.115730
2022-08-12,13.048597,4.383837,4.274529,0.109309
2022-08-13,13.051335,4.393493,4.273856,0.119637
2022-08-14,13.054073,4.393069,4.273190,0.119879
2022-08-15,13.056810,4.388962,4.272529,0.116434
2022-08-16,13.059548,4.384104,4.271874,0.112230
2022-08-17,13.062286,4.379577,4.271225,0.108352
2022-08-18,13.065024,4.374730,4.270582,0.104148
2022-08-19,13.067762,4.344559,4.269945,0.074614
2022-08-20,13.070500,4.332065,4.269314,0.062751
2022-08-21,13.073238,4.336132,4.268688,0.067444
2022-08-22,13.075975,4.333960,4.268069,0.065891
2022-08-23,13.078713,4.336580,4.267456,0.069124
2022-08-24,13.081451,4.338146,4.266849,0.071297
2022-08-25,13.084189,4.340755,4.266248,0.074507
2022-08-26,13.086927,4.331964,4.265653,0.066310
2022-08-27,13.089665,4.310151,4.265065,0.045086
2022-08-28,13.092402,4.307381,4.264482,0.042898
2022-08-29,13.095140,4.307243,4.263906,0.043336
2022-08-30,13.097878,4.310685,4.263336,0.047349
2022-08-31,13.100616,4.312026,4.262773,0.049253
2022-09-01,13.103354,4.306871,4.262216,0.044655
2022-09-02,13.106092,4.309407,4.261665,0.047743
2022-09-03,13.108830,4.304000,4.261120,0.042880
2022-09-04,13.111567,4.303175,4.260582,0.042593
2022-09-05,13.114305,4.302968,4.260050,0.042918
2022-09-06,13.117043,4.298607,4.259525,0.039082
2022-09-07,13.119781,4.283262,4.259006,0.024256
2022-09-08,13.122519,4.291137,4.258494,0.032643
2022-09-09,13.125257,4.323109,4.257988,0.065121
2022-09-10,13.127995,4.336002,4.257489,0.078513
2022-09-11,13.130732,4.339945,4.256996,0.082949
2022-09-12,13.133470,4.350255,4.256510,0.093745
2022-09-13,13.136208,4.338046,4.256031,0.082015
2022-09-14,13.138946,4.311878,4.255558,0.056320
2022-09-15,13.141684,4.306974,4.255092,0.051882
2022-09-16,13.144422,4.301065,4.254633,0.046432
2022-09-17,13.147159,4.306397,4.254180,0.052217
2022-09-18,13.149897,4.304256,4.253734,0.050521
2022-09-19,13.152635,4.285642,4.253295,0.032346
2022-09-20,13.155373,4.289209,4.252863,0.036345
2022-09-21,13.158111,4.285561,4.252438,0.033123
2022-09-22,13.160849,4.285359,4.252019,0.033340
2022-09-23,13.163587,4.286539,4.251608,0.034932
2022-09-24,13.166324,4.286916,4.251203,0.035713
2022-09-25,13.169062,4.284767,4.250805,0.033962
2022-09-26,13.171800,4.286234,4.250414,0.035819
2022-09-27,13.174538,4.302266,4.250031,0.052235
2022-09-28,13.177276,4.288765,4.249654,0.039112
2022-09-29,13.180014,4.294689,4.249284,0.045405
2022-09-30,13.182752,4.297601,4.248921,0.048680
2022-10-01,13.185489,4.293432,4.248566,0.044866
2022-10-02,13.188227,4.291379,4.248217,0.043162
2022-10-03,13.190965,4.293464,4.247876,0.045588
2022-10-04,13.193703,4.307394,4.247542,0.059853
2022-10-05,13.196441,4.311294,4.247214,0.064079
2022-10-06,13.199179,4.312064,4.246895,0.065170
2022-10-07,13.201916,4.304438,4.246582,0.057856
2022-10-08,13.204654,4.299345,4.246277,0.053069
2022-10-09,13.207392,4.298962,4.245978,0.052983
2022-10-10,13.210130,4.296934,4.245688,0.051247
2022-10-11,13.212868,4.292130,4.245404,0.046726
2022-10-12,13.215606,4.293275,4.245128,0.048147
2022-10-13,13.218344,4.290597,4.244859,0.045738
2022-10-14,13.221081,4.296700,4.244597,0.052103
2022-10-15,13.223819,4.288285,4.244343,0.043941
2022-10-16,13.226557,4.288849,4.244097,0.044753
2022-10-17,13.229295,4.294059,4.243857,0.050202
2022-10-18,13.232033,4.295731,4.243626,0.052105
2022-10-19,13.234771,4.289633,4.243401,0.046232
2022-10-20,13.237509,4.286022,4.243185,0.042838
2022-10-21,13.240246,4.282494,4.242975,0.039519
2022-10-22,13.242984,4.284610,4.242773,0.041837
2022-10-23,13.245722,4.286758,4.242579,0.044178
2022-10-24,13.248460,4.289111,4.242393,0.046718
2022-10-25,13.251198,4.293680,4.242214,0.051467
2022-10-26,13.253936,4.313892,4.242042,0.071850
2022-10-27,13.256674,4.315274,4.241878,0.073395
2022-10-28,13.259411,4.310251,4.241722,0.068529
2022-10-29,13.262149,4.318424,4.241574,0.076850
2022-10-30,13.264887,4.317080,4.241433,0.075646
2022-10-31,13.267625,4.312627,4.241300,0.071327
2022-11-01,13.270363,4.312115,4.241175,0.070940
2022-11-02,13.273101,4.309994,4.241057,0.068936
2022-11-03,13.275838,4.307054,4.240947,0.066106
2022-11-04,13.278576,4.316680,4.240845,0.075835
2022-11-05,13.281314,4.329532,4.240751,0.088781
2022-11-06,13.284052,4.326862,4.240665,0.086197
2022-11-07,13.286790,4.317654,4.240586,0.077067
2022-11-08,13.289528,4.291588,4.240516,0.051072
2022-11-09,13.292266,4.244927,4.240453,0.004475
2022-11-10,13.295003,4.232546,4.240398,-0.007852
2022-11-11,13.297741,4.236018,4.240351,-0.004333
2022-11-12,13.300479,4.230171,4.240312,-0.010141
2022-11-13,13.303217,4.225693,4.240281,-0.014587
2022-11-14,13.305955,4.221365,4.240257,-0.018893
2022-11-15,13.308693,4.231517,4.240242,-0.008725
2022-11-16,13.311431,4.228052,4.240235,-0.012182
2022-11-17,13.314168,4.225812,4.240236,-0.014423
2022-11-18,13.316906,4.229119,4.240244,-0.011125
2022-11-19,13.319644,4.226679,4.240261,-0.013582
2022-11-20,13.322382,4.225030,4.240286,-0.015256
2022-11-21,13.325120,4.210534,4.240319,-0.029785
2022-11-22,13.327858,4.208680,4.240360,-0.031680
2022-11-23,13.330595,4.222938,4.240409,-0.017471
2022-11-24,13.333333,4.226219,4.240466,-0.014248
2022-11-25,13.336071,4.223374,4.240531,-0.017158
2022-11-26,13.338809,4.224976,4.240605,-0.015629
2022-11-27,13.341547,4.224575,4.240686,-0.016112
2022-11-28,13.344285,4.216039,4.240776,-0.024738
2022-11-29,13.347023,4.221470,4.240874,-0.019404
2022-11-30,13.349760,4.234462,4.240980,-0.006518
2022-12-01,13.352498,4.238180,4.241094,-0.002915
2022-12-02,13.355236,4.235850,4.241217,-0.005367
2022-12-03,13.357974,4.236204,4.241348,-0.005144
2022-12-04,13.360712,4.237352,4.241487,-0.004134
2022-12-05,13.363450,4.241380,4.241634,-0.000254
2022-12-06,13.366188,4.237047,4.241789,-0.004742
2022-12-07,13.368925,4.235119,4.241953,-0.006834
2022-12-08,13.371663,4.236491,4.242125,-0.005634
2022-12-09,13.374401,4.241933,4.242305,-0.000373
2022-12-10,13.377139,4.241347,4.242494,-0.001147
2022-12-11,13.379877,4.241255,4.242691,-0.001436
2022-12-12,13.382615,4.238000,4.242896,-0.004897
2022-12-13,13.385352,4.249046,4.243110,0.005936
2022-12-14,13.388090,4.258396,4.243332,0.015064
2022-12-15,13.390828,4.251567,4.243562,0.008005
2022-12-16,13.393566,4.240405,4.243801,-0.003396
2022-12-17,13.396304,4.231520,4.244048,-0.012528
2022-12-18,13.399042,4.232330,4.244304,-0.011974
2022-12-19,13.401780,4.231095,4.244568,-0.013473
2022-12-20,13.404517,4.233707,4.244840,-0.011133
2022-12-21,13.407255,4.234670,4.245121,-0.010450
2022-12-22,13.409993,4.232739,4.245410,-0.012671
2022-12-23,13.412731,4.232792,4.245707,-0.012916
2022-12-24,13.415469,4.232833,4.246014,-0.013180
2022-12-25,13.418207,4.232510,4.246328,-0.013819
2022-12-26,13.420945,4.233688,4.246651,-0.012963
2022-12-27,13.423682,4.233305,4.246982,-0.013677
2022-12-28,13.426420,4.229544,4.247322,-0.017778
2022-12-29,13.429158,4.228600,4.247671,-0.019070
2022-12-30,13.431896,4.227950,4.248028,-0.020078
2022-12-31,13.434634,4.228180,4.248393,-0.020213
2023-01-01,13.437372,4.228016,4.248767,-0.020751
2023-01-02,13.440110,4.230513,4.249149,-0.018637
2023-01-03,13.442847,4.230489,4.249540,-0.019052
2023-01-04,13.445585,4.233465,4.249940,-0.016475
2023-01-05,13.448323,4.233473,4.250348,-0.016875
2023-01-06,13.451061,4.233644,4.250764,-0.017120
2023-01-07,13.453799,4.236080,4.251190,-0.015110
2023-01-08,13.456537,4.236479,4.251623,-0.015145
2023-01-09,13.459274,4.243562,4.252065,-0.008504
2023-01-10,13.462012,4.247931,4.252516,-0.004585
2023-01-11,13.464750,4.251827,4.252976,-0.001149
2023-01-12,13.467488,4.272933,4.253443,0.019489
2023-01-13,13.470226,4.285775,4.253920,0.031855
2023-01-14,13.472964,4.321208,4.254405,0.066803
2023-01-15,13.475702,4.320602,4.254899,0.065703
2023-01-16,13.478439,4.327649,4.255401,0.072248
2023-01-17,13.481177,4.335113,4.255912,0.079202
2023-01-18,13.483915,4.329483,4.256431,0.073052
2023-01-19,13.486653,4.325516,4.256959,0.068556
2023-01-20,13.489391,4.336832,4.257496,0.079336
2023-01-21,13.492129,4.364248,4.258041,0.106207
2023-01-22,13.494867,4.362159,4.258595,0.103564
2023-01-23,13.497604,4.362673,4.259157,0.103516
2023-01-24,13.500342,4.365148,4.259728,0.105420
2023-01-25,13.503080,4.361718,4.260308,0.101409
2023-01-26,13.505818,4.367845,4.260896,0.106948
2023-01-27,13.508556,4.367138,4.261493,0.105645
2023-01-28,13.511294,4.367578,4.262099,0.105479
2023-01-29,13.514031,4.375061,4.262713,0.112348
2023-01-30,13.516769,4.373545,4.263336,0.110209
2023-01-31,13.519507,4.368225,4.263967,0.104258
2023-02-01,13.522245,4.371814,4.264607,0.107206
2023-02-02,13.524983,4.382137,4.265256,0.116882
2023-02-03,13.527721,4.376665,4.265913,0.110751
2023-02-04,13.530459,4.374470,4.266579,0.107891
2023-02-05,13.533196,4.371474,4.267254,0.104221
2023-02-06,13.535934,4.366697,4.267937,0.098760
2023-02-07,13.538672,4.368182,4.268629,0.099553
2023-02-08,13.541410,4.370331,4.269329,0.101002
2023-02-09,13.544148,4.361340,4.270038,0.091302
2023-02-10,13.546886,4.346015,4.270756,0.075259
2023-02-11,13.549624,4.344741,4.271482,0.073259
2023-02-12,13.552361,4.348823,4.272217,0.076607
2023-02-13,13.555099,4.345557,4.272960,0.072597
2023-02-14,13.557837,4.349294,4.273712,0.075581
2023-02-15,13.560575,4.363824,4.274473,0.089351
2023-02-16,13.563313,4.398715,4.275242,0.123472
2023-02-17,13.566051,4.389800,4.276020,0.113780
2023-02-18,13.568789,4.399464,4.276807,0.122657
2023-02-19,13.571526,4.399795,4.277602,0.122193
2023-02-20,13.574264,4.400015,4.278406,0.121609
2023-02-21,13.577002,4.400633,4.279218,0.121415
2023-02-22,13.579740,4.390110,4.280039,0.110071
2023-02-23,13.582478,4.391975,4.280868,0.111106
2023-02-24,13.585216,4.383904,4.281706,0.102198
2023-02-25,13.587953,4.373814,4.282553,0.091261
2023-02-26,13.590691,4.377339,4.283408,0.093931
2023-02-27,13.593429,4.380263,4.284272,0.095991
2023-02-28,13.596167,4.379223,4.285144,0.094078
2023-03-01,13.598905,4.382832,4.286025,0.096807
2023-03-02,13.601643,4.380286,4.286915,0.093372
2023-03-03,13.604381,4.362479,4.287813,0.074667
2023-03-04,13.607118,4.360803,4.288719,0.072084
2023-03-05,13.609856,4.362912,4.289634,0.073278
2023-03-06,13.612594,4.362883,4.290558,0.072325
2023-03-07,13.615332,4.360933,4.291490,0.069443
2023-03-08,13.618070,4.355415,4.292430,0.062984
2023-03-09,13.620808,4.343448,4.293380,0.050068
2023-03-10,13.623546,4.314741,4.294337,0.020403
2023-03-11,13.626283,4.323954,4.295303,0.028651
2023-03-12,13.629021,4.332985,4.296278,0.036708
2023-03-13,13.631759,4.374070,4.297261,0.076809
2023-03-14,13.634497,4.404503,4.298252,0.106251
2023-03-15,13.637235,4.403006,4.299252,0.103754
2023-03-16,13.639973,4.403821,4.300261,0.103560
2023-03-17,13.642710,4.427852,4.301278,0.126575
2023-03-18,13.645448,4.444703,4.302303,0.142400
2023-03-19,13.648186,4.447047,4.303337,0.143710
2023-03-20,13.650924,4.453536,4.304379,0.149157
2023-03-21,13.653662,4.454589,4.305429,0.149159
2023-03-22,13.656400,4.455689,4.306488,0.149200
2023-03-23,13.659138,4.451598,4.307555,0.144042
2023-03-24,13.661875,4.454623,4.308631,0.145992
2023-03-25,13.664613,4.448066,4.309715,0.138351
2023-03-26,13.667351,4.451316,4.310808,0.140508
2023-03-27,13.670089,4.448630,4.311908,0.136721
2023-03-28,13.672827,4.441498,4.313017,0.128481
2023-03-29,13.675565,4.456910,4.314135,0.142775
2023-03-30,13.678303,4.460891,4.315260,0.145631
2023-03-31,13.681040,4.458891,4.316394,0.142496
2023-04-01,13.683778,4.462156,4.317537,0.144619
2023-04-02,13.686516,4.459664,4.318687,0.140977
2023-04-03,13.689254,4.455359,4.319846,0.135513
2023-04-04,13.691992,4.456133,4.321013,0.135121
2023-04-05,13.694730,4.460033,4.322188,0.137844
2023-04-06,13.697467,4.455784,4.323372,0.132413
2023-04-07,13.700205,4.455211,4.324563,0.130648
2023-04-08,13.702943,4.455929,4.325763,0.130166
2023-04-09,13.705681,4.456604,4.326971,0.129633
2023-04-10,13.708419,4.464270,4.328187,0.136083
2023-04-11,13.711157,4.485883,4.329412,0.156472
2023-04-12,13.713895,4.484732,4.330644,0.154088
2023-04-13,13.716632,4.487252,4.331885,0.155367
2023-04-14,13.719370,4.493594,4.333133,0.160460
2023-04-15,13.722108,4.492071,4.334390,0.157681
2023-04-16,13.724846,4.490967,4.335655,0.155312
2023-04-17,13.727584,4.479209,4.336928,0.142281
2023-04-18,13.730322,4.479464,4.338209,0.141255
2023-04-19,13.733060,4.472631,4.339498,0.133133
2023-04-20,13.735797,4.458350,4.340795,0.117555
2023-04-21,13.738535,4.447275,4.342100,0.105175
2023-04-22,13.741273,4.439216,4.343413,0.095804
2023-04-23,13.744011,4.442299,4.344734,0.097565
2023-04-24,13.746749,4.440242,4.346063,0.094179
2023-04-25,13.749487,4.440173,4.347400,0.092774
2023-04-26,13.752225,4.460423,4.348744,0.111678
2023-04-27,13.754962,4.465588,4.350097,0.115491
2023-04-28,13.757700,4.468082,4.351457,0.116625
2023-04-29,13.760438,4.467860,4.352826,0.115035
2023-04-30,13.763176,4.468316,4.354202,0.114114
2023-05-01,13.765914,4.454951,4.355586,0.099365
2023-05-02,13.768652,4.453109,4.356978,0.096131
2023-05-03,13.771389,4.457577,4.358377,0.099200
2023-05-04,13.774127,4.463329,4.359784,0.103545
2023-05-05,13.776865,4.467668,4.361200,0.106468
2023-05-06,13.779603,4.465793,4.362622,0.103171
2023-05-07,13.782341,4.462895,4.364053,0.098843
2023-05-08,13.785079,4.447989,4.365491,0.082498
2023-05-09,13.787817,4.441764,4.366937,0.074827
2023-05-10,13.790554,4.443543,4.368390,0.075152
2023-05-11,13.793292,4.436726,4.369851,0.066874
2023-05-12,13.796030,4.424256,4.371320,0.052936
2023-05-13,13.798768,4.429322,4.372796,0.056525
2023-05-14,13.801506,4.429934,4.374280,0.055654
2023-05-15,13.804244,4.437786,4.375772,0.062015
2023-05-16,13.806982,4.433917,4.377270,0.056647
2023-05-17,13.809719,4.432527,4.378777,0.053750
2023-05-18,13.812457,4.434961,4.380291,0.054670
2023-05-19,13.815195,4.430933,4.381812,0.049121
2023-05-20,13.817933,4.431961,4.383341,0.048621
2023-05-21,13.820671,4.432741,4.384877,0.047864
2023-05-22,13.823409,4.430589,4.386420,0.044168
2023-05-23,13.826146,4.436725,4.387971,0.048754
2023-05-24,13.828884,4.427176,4.389529,0.037647
2023-05-25,13.831622,4.422391,4.391095,0.031296
2023-05-26,13.834360,4.426856,4.392667,0.034189
2023-05-27,13.837098,4.429383,4.394247,0.035136
2023-05-28,13.839836,4.438560,4.395835,0.042726
2023-05-29,13.842574,4.446711,4.397429,0.049282
2023-05-30,13.845311,4.445389,4.399031,0.046358
2023-05-31,13.848049,4.436517,4.400640,0.035877
2023-06-01,13.850787,4.431626,4.402256,0.029371
2023-06-02,13.853525,4.433784,4.403879,0.029906
2023-06-03,13.856263,4.435263,4.405509,0.029755
2023-06-04,13.859001,4.435687,4.407146,0.028541
2023-06-05,13.861739,4.424772,4.408790,0.015981
2023-06-06,13.864476,4.419367,4.410442,0.008926
2023-06-07,13.867214,4.428785,4.412100,0.016685
2023-06-08,13.869952,4.425733,4.413765,0.011968
2023-06-09,13.872690,4.426398,4.415437,0.010961
2023-06-10,13.875428,4.416032,4.417116,-0.001084
2023-06-11,13.878166,4.416436,4.418802,-0.002366
2023-06-12,13.880903,4.416875,4.420495,-0.003619
2023-06-13,13.883641,4.418303,4.422194,-0.003891
2023-06-14,13.886379,4.415706,4.423901,-0.008195
2023-06-15,13.889117,4.403969,4.425614,-0.021645
2023-06-16,13.891855,4.414465,4.427333,-0.012868
2023-06-17,13.894593,4.426300,4.429060,-0.002760
2023-06-18,13.897331,4.428400,4.430793,-0.002394
2023-06-19,13.900068,4.427665,4.432533,-0.004868
2023-06-20,13.902806,4.437961,4.434280,0.003681
2023-06-21,13.905544,4.469366,4.436033,0.033333
2023-06-22,13.908282,4.480471,4.437792,0.042679
2023-06-23,13.911020,4.484009,4.439558,0.044451
2023-06-24,13.913758,4.487724,4.441331,0.046393
2023-06-25,13.916496,4.487359,4.443110,0.044249
2023-06-26,13.919233,4.483127,4.444896,0.038232
2023-06-27,13.921971,4.486675,4.446688,0.039987
2023-06-28,13.924709,4.484148,4.448486,0.035662
2023-06-29,13.927447,4.485210,4.450291,0.034920
2023-06-30,13.930185,4.486937,4.452102,0.034836
2023-07-01,13.932923,4.485783,4.453919,0.031864
2023-07-02,13.935661,4.486192,4.455743,0.030450
2023-07-03,13.938398,4.489810,4.457572,0.032238
2023-07-04,13.941136,4.492069,4.459408,0.032660
2023-07-05,13.943874,4.486997,4.461250,0.025747
2023-07-06,13.946612,4.486032,4.463099,0.022933
2023-07-07,13.949350,4.481716,4.464953,0.016763
2023-07-08,13.952088,4.482000,4.466813,0.015187
2023-07-09,13.954825,4.482715,4.468680,0.014035
2023-07-10,13.957563,4.482471,4.470552,0.011919
2023-07-11,13.960301,4.485692,4.472431,0.013261
2023-07-12,13.963039,4.486736,4.474315,0.012421
2023-07-13,13.965777,4.488455,4.476205,0.012250
2023-07-14,13.968515,4.491738,4.478101,0.013637
2023-07-15,13.971253,4.482896,4.480003,0.002893
2023-07-16,13.973990,4.482685,4.481911,0.000774
2023-07-17,13.976728,4.481277,4.483824,-0.002547
2023-07-18,13.979466,4.478068,4.485743,-0.007675
2023-07-19,13.982204,4.478541,4.487668,-0.009127
2023-07-20,13.984942,4.478603,4.489599,-0.010996
2023-07-21,13.987680,4.476937,4.491535,-0.014597
2023-07-22,13.990418,4.477648,4.493476,-0.015828
2023-07-23,13.993155,4.478549,4.495424,-0.016875
2023-07-24,13.995893,4.471235,4.497376,-0.026141
2023-07-25,13.998631,4.468094,4.499335,-0.031241
2023-07-26,14.001369,4.469235,4.501298,-0.032064
2023-07-27,14.004107,4.470107,4.503267,-0.033160
2023-07-28,14.006845,4.468660,4.505242,-0.036582
2023-07-29,14.009582,4.469528,4.507221,-0.037694
2023-07-30,14.012320,4.469058,4.509206,-0.040149
2023-07-31,14.015058,4.469729,4.511197,-0.041468
2023-08-01,14.017796,4.465786,4.513192,-0.047406
2023-08-02,14.020534,4.471450,4.515193,-0.043743
2023-08-03,14.023272,4.468325,4.517199,-0.048873
2023-08-04,14.026010,4.468229,4.519210,-0.050981
2023-08-05,14.028747,4.466747,4.521226,-0.054479
2023-08-06,14.031485,4.466787,4.523247,-0.056460
2023-08-07,14.034223,4.467050,4.525273,-0.058223
2023-08-08,14.036961,4.472501,4.527304,-0.054803
2023-08-09,14.039699,4.475779,4.529340,-0.053561
2023-08-10,14.042437,4.473036,4.531380,-0.058345
2023-08-11,14.045175,4.471719,4.533426,-0.061708
2023-08-12,14.047912,4.471829,4.535476,-0.063647
2023-08-13,14.050650,4.471716,4.537532,-0.065815
2023-08-14,14.053388,4.471711,4.539591,-0.067880
2023-08-15,14.056126,4.471402,4.541656,-0.070254
2023-08-16,14.058864,4.468570,4.543725,-0.075156
2023-08-17,14.061602,4.455143,4.545799,-0.090656
2023-08-18,14.064339,4.427020,4.547877,-0.120857
2023-08-19,14.067077,4.422362,4.549960,-0.127598
2023-08-20,14.069815,4.423639,4.552047,-0.128409
2023-08-21,14.072553,4.422595,4.554139,-0.131544
2023-08-22,14.075291,4.421060,4.556235,-0.135175
2023-08-23,14.078029,4.424538,4.558336,-0.133798
2023-08-24,14.080767,4.425743,4.560441,-0.134698
2023-08-25,14.083504,4.421958,4.562550,-0.140592
2023-08-26,14.086242,4.421781,4.564663,-0.142882
2023-08-27,14.088980,4.422216,4.566780,-0.144564
2023-08-28,14.091718,4.421749,4.568902,-0.147153
2023-08-29,14.094456,4.432263,4.571028,-0.138765
2023-08-30,14.097194,4.441796,4.573158,-0.131362
2023-08-31,14.099932,4.434566,4.575291,-0.140726
2023-09-01,14.102669,4.420126,4.577429,-0.157303
2023-09-02,14.105407,4.418643,4.579571,-0.160928
2023-09-03,14.108145,4.419727,4.581716,-0.161989
2023-09-04,14.110883,4.419431,4.583866,-0.164435
2023-09-05,14.113621,4.416917,4.586019,-0.169102
2023-09-06,14.116359,4.416478,4.588176,-0.171698
2023-09-07,14.119097,4.417972,4.590337,-0.172365
2023-09-08,14.121834,4.420903,4.592501,-0.171599
2023-09-09,14.124572,4.418367,4.594669,-0.176302
2023-09-10,14.127310,4.417885,4.596841,-0.178955
2023-09-11,14.130048,4.412964,4.599016,-0.186051
2023-09-12,14.132786,4.419042,4.601194,-0.182153
2023-09-13,14.135524,4.422353,4.603376,-0.181024
2023-09-14,14.138261,4.427526,4.605562,-0.178036
2023-09-15,14.140999,4.428511,4.607751,-0.179239
2023-09-16,14.143737,4.429547,4.609943,-0.180396
2023-09-17,14.146475,4.428993,4.612138,-0.183145
2023-09-18,14.149213,4.434140,4.614337,-0.180197
2023-09-19,14.151951,4.437175,4.616538,-0.179363
2023-09-20,14.154689,4.438302,4.618743,-0.180441
2023-09-21,14.157426,4.433005,4.620951,-0.187946
2023-09-22,14.160164,4.430368,4.623162,-0.192794
2023-09-23,14.162902,4.429784,4.625376,-0.195593
2023-09-24,14.165640,4.429562,4.627593,-0.198031
2023-09-25,14.168378,4.423601,4.629813,-0.206212
2023-09-26,14.171116,4.424085,4.632036,-0.207950
2023-09-27,14.173854,4.425236,4.634261,-0.209025
2023-09-28,14.176591,4.431250,4.636490,-0.205240
2023-09-29,14.179329,4.435322,4.638721,-0.203399
2023-09-30,14.182067,4.435247,4.640954,-0.205707
2023-10-01,14.184805,4.438125,4.643190,-0.205066
2023-10-02,14.187543,4.451086,4.645429,-0.194343
2023-10-03,14.190281,4.443351,4.647671,-0.204320
2023-10-04,14.193018,4.443744,4.649914,-0.206171
2023-10-05,14.195756,4.445649,4.652161,-0.206511
2023-10-06,14.198494,4.446847,4.654409,-0.207562
2023-10-07,14.201232,4.450331,4.656660,-0.206329
2023-10-08,14.203970,4.450413,4.658913,-0.208500
2023-10-09,14.206708,4.446611,4.661169,-0.214558
2023-10-10,14.209446,4.444388,4.663426,-0.219038
2023-10-11,14.212183,4.436366,4.665686,-0.229320
2023-10-12,14.214921,4.432982,4.667948,-0.234966
2023-10-13,14.217659,4.433911,4.670212,-0.236301
2023-10-14,14.220397,4.434520,4.672478,-0.237958
2023-10-15,14.223135,4.435505,4.674745,-0.239241
2023-10-16,14.225873,4.450852,4.677015,-0.226163
2023-10-17,14.228611,4.457676,4.679287,-0.221611
2023-10-18,14.231348,4.458121,4.681560,-0.223438
2023-10-19,14.234086,4.459441,4.683835,-0.224394
2023-10-20,14.236824,4.472682,4.686112,-0.213429
2023-10-21,14.239562,4.477610,4.688390,-0.210780
2023-10-22,14.242300,4.479560,4.690670,-0.211110
2023-10-23,14.245038,4.493355,4.692951,-0.199596
2023-10-24,14.247775,4.534769,4.695234,-0.160466
2023-10-25,14.250513,4.538170,4.697519,-0.159348
2023-10-26,14.253251,4.538192,4.699804,-0.161613
2023-10-27,14.255989,4.533806,4.702092,-0.168286
2023-10-28,14.258727,4.535365,4.704380,-0.169015
2023-10-29,14.261465,4.537713,4.706670,-0.168957
2023-10-30,14.264203,4.539059,4.708960,-0.169901
2023-10-31,14.266940,4.538571,4.711252,-0.172681
2023-11-01,14.269678,4.541402,4.713545,-0.172143
2023-11-02,14.272416,4.547918,4.715839,-0.167921
2023-11-03,14.275154,4.540987,4.718134,-0.177147
2023-11-04,14.277892,4.543441,4.720430,-0.176989
2023-11-05,14.280630,4.545977,4.722727,-0.176750
2023-11-06,14.283368,4.545203,4.725024,-0.179821
2023-11-07,14.286105,4.545013,4.727323,-0.182310
2023-11-08,14.288843,4.550232,4.729622,-0.179389
2023-11-09,14.291581,4.564307,4.731922,-0.167614
2023-11-10,14.294319,4.568786,4.734222,-0.165435
2023-11-11,14.297057,4.571038,4.736523,-0.165484
2023-11-12,14.299795,4.570913,4.738824,-0.167912
2023-11-13,14.302533,4.568778,4.741126,-0.172348
2023-11-14,14.305270,4.561341,4.743428,-0.182088
2023-11-15,14.308008,4.561687,4.745731,-0.184044
2023-11-16,14.310746,4.568914,4.748033,-0.179119
2023-11-17,14.313484,4.563470,4.750336,-0.186866
2023-11-18,14.316222,4.565272,4.752640,-0.187368
2023-11-19,14.318960,4.566614,4.754943,-0.188329
2023-11-20,14.321697,4.573897,4.757246,-0.183349
2023-11-21,14.324435,4.572033,4.759550,-0.187517
2023-11-22,14.327173,4.567776,4.761853,-0.194077
2023-11-23,14.329911,4.574396,4.764157,-0.189761
2023-11-24,14.332649,4.578550,4.766460,-0.187909
2023-11-25,14.335387,4.579500,4.768763,-0.189262
2023-11-26,14.338125,4.577562,4.771065,-0.193504
2023-11-27,14.340862,4.572968,4.773368,-0.200400
2023-11-28,14.343600,4.576521,4.775670,-0.199149
2023-11-29,14.346338,4.581449,4.777971,-0.196523
2023-11-30,14.349076,4.580275,4.780273,-0.199998
2023-12-01,14.351814,4.587302,4.782573,-0.195271
2023-12-02,14.354552,4.592385,4.784873,-0.192488
2023-12-03,14.357290,4.598607,4.787173,-0.188566
2023-12-04,14.360027,4.618699,4.789471,-0.170772
2023-12-05,14.362765,4.629490,4.791769,-0.162279
2023-12-06,14.365503,4.645975,4.794066,-0.148092
2023-12-07,14.368241,4.641926,4.796363,-0.154437
2023-12-08,14.370979,4.643091,4.798658,-0.155567
2023-12-09,14.373717,4.646030,4.800953,-0.154922
2023-12-10,14.376454,4.644511,4.803246,-0.158735
2023-12-11,14.379192,4.625712,4.805538,-0.179826
2023-12-12,14.381930,4.622184,4.807829,-0.185645
2023-12-13,14.384668,4.623469,4.810119,-0.186650
2023-12-14,14.387406,4.635440,4.812408,-0.176968
2023-12-15,14.390144,4.631589,4.814695,-0.183107
2023-12-16,14.392882,4.629403,4.816982,-0.187579
2023-12-17,14.395619,4.625770,4.819266,-0.193496
2023-12-18,14.398357,4.620941,4.821549,-0.200608
2023-12-19,14.401095,4.633712,4.823831,-0.190119
2023-12-20,14.403833,4.638935,4.826111,-0.187176
2023-12-21,14.406571,4.643913,4.828389,-0.184476
2023-12-22,14.409309,4.644503,4.830666,-0.186163
2023-12-23,14.412047,4.643316,4.832941,-0.189625
2023-12-24,14.414784,4.642682,4.835214,-0.192532
2023-12-25,14.417522,4.640178,4.837485,-0.197307
2023-12-26,14.420260,4.633547,4.839755,-0.206208
2023-12-27,14.422998,4.635329,4.842022,-0.206693
2023-12-28,14.425736,4.635737,4.844287,-0.208551
2023-12-29,14.428474,4.630719,4.846550,-0.215831
2023-12-30,14.431211,4.627855,4.848811,-0.220957
2023-12-31,14.433949,4.631303,4.851070,-0.219767
2024-01-01,14.436687,4.635134,4.853327,-0.218193
2024-01-02,14.439425,4.658750,4.855581,-0.196831
2024-01-03,14.442163,4.646710,4.857833,-0.211123
2024-01-04,14.444901,4.643606,4.860082,-0.216477
2024-01-05,14.447639,4.645954,4.862329,-0.216375
2024-01-06,14.450376,4.646805,4.864573,-0.217768
2024-01-07,14.453114,4.649275,4.866815,-0.217540
2024-01-08,14.455852,4.657402,4.869054,-0.211652
2024-01-09,14.458590,4.673749,4.871290,-0.197542
2024-01-10,14.461328,4.665745,4.873524,-0.207778
2024-01-11,14.464066,4.672398,4.875754,-0.203357
2024-01-12,14.466804,4.658086,4.877982,-0.219896
2024-01-13,14.469541,4.636765,4.880207,-0.243442
2024-01-14,14.472279,4.636018,4.882428,-0.246410
2024-01-15,14.475017,4.633439,4.884647,-0.251208
2024-01-16,14.477755,4.636636,4.886863,-0.250227
2024-01-17,14.480493,4.634462,4.889075,-0.254613
2024-01-18,14.483231,4.629297,4.891284,-0.261987
2024-01-19,14.485969,4.620084,4.893490,-0.273406
2024-01-20,14.488706,4.623192,4.895692,-0.272500
2024-01-21,14.491444,4.624716,4.897891,-0.273175
2024-01-22,14.494182,4.615109,4.900086,-0.284977
2024-01-23,14.496920,4.602819,4.902278,-0.299459
2024-01-24,14.499658,4.607582,4.904466,-0.296884
2024-01-25,14.502396,4.607613,4.906651,-0.299038
2024-01-26,14.505133,4.616430,4.908832,-0.292402
2024-01-27,14.507871,4.625496,4.911009,-0.285513
2024-01-28,14.510609,4.629699,4.913182,-0.283483
2024-01-29,14.513347,4.631810,4.915352,-0.283541
2024-01-30,14.516085,4.641375,4.917517,-0.276142
2024-01-31,14.518823,4.636443,4.919678,-0.283235
2024-02-01,14.521561,4.632405,4.921836,-0.289431
2024-02-02,14.524298,4.637818,4.923989,-0.286171
2024-02-03,14.527036,4.638192,4.926138,-0.287946
2024-02-04,14.529774,4.635851,4.928282,-0.292431
2024-02-05,14.532512,4.635066,4.930423,-0.295357
2024-02-06,14.535250,4.636831,4.932559,-0.295727
2024-02-07,14.537988,4.640520,4.934690,-0.294170
2024-02-08,14.540726,4.655609,4.936817,-0.281208
2024-02-09,14.543463,4.673078,4.938940,-0.265862
2024-02-10,14.546201,4.678156,4.941058,-0.262902
2024-02-11,14.548939,4.684602,4.943171,-0.258569
2024-02-12,14.551677,4.690000,4.945279,-0.255279
2024-02-13,14.554415,4.696707,4.947383,-0.250676
2024-02-14,14.557153,4.707469,4.949482,-0.242013
2024-02-15,14.559890,4.716894,4.951576,-0.234682
2024-02-16,14.562628,4.716479,4.953665,-0.237186
2024-02-17,14.565366,4.712603,4.955748,-0.243146
2024-02-18,14.568104,4.714135,4.957827,-0.243692
2024-02-19,14.570842,4.717179,4.959901,-0.242722
2024-02-20,14.573580,4.714986,4.961970,-0.246983
2024-02-21,14.576318,4.711967,4.964033,-0.252065
2024-02-22,14.579055,4.712830,4.966091,-0.253260
2024-02-23,14.581793,4.708966,4.968143,-0.259177
2024-02-24,14.584531,4.710095,4.970190,-0.260095
2024-02-25,14.587269,4.713908,4.972232,-0.258323
2024-02-26,14.590007,4.720396,4.974268,-0.253872
2024-02-27,14.592745,4.752053,4.976298,-0.224246
2024-02-28,14.595483,4.773504,4.978323,-0.204819
2024-02-29,14.598220,4.792903,4.980342,-0.187439
2024-03-01,14.600958,4.791731,4.982355,-0.190624
2024-03-02,14.603696,4.792644,4.984362,-0.191718
2024-03-03,14.606434,4.795486,4.986364,-0.190877
2024-03-04,14.609172,4.816018,4.988359,-0.172341
2024-03-05,14.611910,4.820673,4.990348,-0.169676
2024-03-06,14.614648,4.819407,4.992331,-0.172925
2024-03-07,14.617385,4.825159,4.994309,-0.169150
2024-03-08,14.620123,4.831535,4.996279,-0.164744
2024-03-09,14.622861,4.835284,4.998244,-0.162960
2024-03-10,14.625599,4.841610,5.000202,-0.158592
2024-03-11,14.628337,4.851874,5.002154,-0.150280
2024-03-12,14.631075,4.856025,5.004100,-0.148075
2024-03-13,14.633812,4.862655,5.006038,-0.143384
2024-03-14,14.636550,4.859266,5.007971,-0.148704
2024-03-15,14.639288,4.837330,5.009896,-0.172566
2024-03-16,14.642026,4.835523,5.011815,-0.176293
2024-03-17,14.644764,4.828119,5.013728,-0.185608
2024-03-18,14.647502,4.832897,5.015633,-0.182736
2024-03-19,14.650240,4.810902,5.017532,-0.206629
2024-03-20,14.652977,4.807361,5.019423,-0.212062
2024-03-21,14.655715,4.825496,5.021308,-0.195812
2024-03-22,14.658453,4.811459,5.023185,-0.211726
2024-03-23,14.661191,4.811736,5.025056,-0.213320
2024-03-24,14.663929,4.816434,5.026919,-0.210485
2024-03-25,14.666667,4.836539,5.028775,-0.192236
2024-03-26,14.669405,4.848171,5.030624,-0.182453
2024-03-27,14.672142,4.844698,5.032465,-0.187768
2024-03-28,14.674880,4.848853,5.034299,-0.185446
2024-03-29,14.677618,4.846118,5.036126,-0.190008
2024-03-30,14.680356,4.846266,5.037945,-0.191679
2024-03-31,14.683094,4.849176,5.039756,-0.190580
2024-04-01,14.685832,4.844378,5.041560,-0.197182
2024-04-02,14.688569,4.823386,5.043356,-0.219970
2024-04-03,14.691307,4.821756,5.045144,-0.223388
2024-04-04,14.694045,4.827544,5.046925,-0.219381
2024-04-05,14.696783,4.831170,5.048698,-0.217528
2024-04-06,14.699521,4.834677,5.050462,-0.215786
2024-04-07,14.702259,4.842765,5.052219,-0.209454
2024-04-08,14.704997,4.853473,5.053968,-0.200494
2024-04-09,14.707734,4.846918,5.055708,-0.208790
2024-04-10,14.710472,4.841742,5.057440,-0.215698
2024-04-11,14.713210,4.849231,5.059165,-0.209934
2024-04-12,14.715948,4.842378,5.060880,-0.218502
2024-04-13,14.718686,4.825029,5.062588,-0.237559
2024-04-14,14.721424,4.811616,5.064287,-0.252670
2024-04-15,14.724162,4.816945,5.065978,-0.249032
2024-04-16,14.726899,4.804130,5.067660,-0.263529
2024-04-17,14.729637,4.799421,5.069333,-0.269912
2024-04-18,14.732375,4.799677,5.070998,-0.271321
2024-04-19,14.735113,4.809049,5.072654,-0.263605
2024-04-20,14.737851,4.811671,5.074301,-0.262630
2024-04-21,14.740589,4.816137,5.075940,-0.259803
2024-04-22,14.743326,4.823224,5.077570,-0.254345
2024-04-23,14.746064,4.826190,5.079190,-0.253001
2024-04-24,14.748802,4.820426,5.080802,-0.260376
2024-04-25,14.751540,4.811634,5.082405,-0.270771
2024-04-26,14.754278,4.811830,5.083999,-0.272169
2024-04-27,14.757016,4.804779,5.085583,-0.280804
2024-04-28,14.759754,4.807841,5.087158,-0.279317
2024-04-29,14.762491,4.802804,5.088724,-0.285920
2024-04-30,14.765229,4.796721,5.090281,-0.293560
2024-05-01,14.767967,4.772782,5.091828,-0.319046
2024-05-02,14.770705,4.772025,5.093366,-0.321340
2024-05-03,14.773443,4.787305,5.094894,-0.307589
2024-05-04,14.776181,4.806262,5.096412,-0.290150
2024-05-05,14.778919,4.808300,5.097922,-0.289621
2024-05-06,14.781656,4.808823,5.099421,-0.290598
2024-05-07,14.784394,4.805932,5.100910,-0.294978
2024-05-08,14.787132,4.797416,5.102390,-0.304974
2024-05-09,14.789870,4.795119,5.103860,-0.308741
2024-05-10,14.792608,4.797090,5.105320,-0.308230
2024-05-11,14.795346,4.789826,5.106770,-0.316945
2024-05-12,14.798084,4.792166,5.108210,-0.316044
2024-05-13,14.800821,4.798986,5.109640,-0.310654
2024-05-14,14.803559,4.796090,5.111060,-0.314970
2024-05-15,14.806297,4.808229,5.112470,-0.304241
2024-05-16,14.809035,4.821171,5.113869,-0.292697
2024-05-17,14.811773,4.824568,5.115258,-0.290690
2024-05-18,14.814511,4.828450,5.116637,-0.288187
2024-05-19,14.817248,4.828130,5.118005,-0.289875
2024-05-20,14.819986,4.833816,5.119363,-0.285546
2024-05-21,14.822724,4.849818,5.120710,-0.270891
2024-05-22,14.825462,4.845225,5.122046,-0.276822
2024-05-23,14.828200,4.837861,5.123372,-0.285511
2024-05-24,14.830938,4.834880,5.124688,-0.289807
2024-05-25,14.833676,4.841694,5.125992,-0.284298
2024-05-26,14.836413,4.841807,5.127286,-0.285479
2024-05-27,14.839151,4.843217,5.128569,-0.285352
2024-05-28,14.841889,4.837863,5.129841,-0.291978
2024-05-29,14.844627,4.835698,5.131101,-0.295404
2024-05-30,14.847365,4.837704,5.132351,-0.294647
2024-05-31,14.850103,4.836505,5.133590,-0.297085
2024-06-01,14.852841,4.835475,5.134818,-0.299342
2024-06-02,14.855578,4.836185,5.136034,-0.299849
2024-06-03,14.858316,4.842572,5.137239,-0.294667
2024-06-04,14.861054,4.846718,5.138433,-0.291716
2024-06-05,14.863792,4.854441,5.139616,-0.285174
2024-06-06,14.866530,4.854951,5.140787,-0.285836
2024-06-07,14.869268,4.852401,5.141946,-0.289545
2024-06-08,14.872005,4.848071,5.143094,-0.295023
2024-06-09,14.874743,4.848459,5.144231,-0.295772
2024-06-10,14.877481,4.848922,5.145355,-0.296434
2024-06-11,14.880219,4.836933,5.146468,-0.309536
2024-06-12,14.882957,4.841123,5.147570,-0.306446
2024-06-13,14.885695,4.836914,5.148659,-0.311746
2024-06-14,14.888433,4.830929,5.149737,-0.318809
2024-06-15,14.891170,4.828576,5.150803,-0.322227
2024-06-16,14.893908,4.830626,5.151857,-0.321230
2024-06-17,14.896646,4.827850,5.152898,-0.325048
2024-06-18,14.899384,4.821108,5.153928,-0.332820
2024-06-19,14.902122,4.819595,5.154946,-0.335350
2024-06-20,14.904860,4.817840,5.155951,-0.338111
2024-06-21,14.907598,4.810342,5.156944,-0.346602
2024-06-22,14.910335,4.813352,5.157925,-0.344573
2024-06-23,14.913073,4.813014,5.158894,-0.345880
2024-06-24,14.915811,4.792801,5.159850,-0.367048
2024-06-25,14.918549,4.792003,5.160793,-0.368791
2024-06-26,14.921287,4.792637,5.161725,-0.369088
2024-06-27,14.924025,4.791630,5.162643,-0.371014
2024-06-28,14.926762,4.789821,5.163549,-0.373729
2024-06-29,14.929500,4.788237,5.164443,-0.376205
2024-06-30,14.932238,4.792340,5.165323,-0.372983
2024-07-01,14.934976,4.802573,5.166191,-0.363619
2024-07-02,14.937714,4.798214,5.167046,-0.368833
2024-07-03,14.940452,4.784544,5.167889,-0.383345
2024-07-04,14.943190,4.767841,5.168718,-0.400877
2024-07-05,14.945927,4.748934,5.169534,-0.420601
2024-07-06,14.948665,4.760325,5.170338,-0.410013
2024-07-07,14.951403,4.760624,5.171128,-0.410504
2024-07-08,14.954141,4.752910,5.171905,-0.418995
2024-07-09,14.956879,4.761944,5.172669,-0.410725
2024-07-10,14.959617,4.767174,5.173420,-0.406246
2024-07-11,14.962355,4.766480,5.174157,-0.407678
2024-07-12,14.965092,4.763157,5.174882,-0.411724
2024-07-13,14.967830,4.769650,5.175593,-0.405942
2024-07-14,14.970568,4.781711,5.176290,-0.394579
2024-07-15,14.973306,4.801915,5.176974,-0.375059
2024-07-16,14.976044,4.809591,5.177644,-0.368054
2024-07-17,14.978782,4.814533,5.178301,-0.363768
2024-07-18,14.981520,4.810835,5.178944,-0.368109
2024-07-19,14.984257,4.816831,5.179574,-0.362743
2024-07-20,14.986995,4.827256,5.180190,-0.352934
2024-07-21,14.989733,4.829328,5.180792,-0.351463
2024-07-22,14.992471,4.831804,5.181380,-0.349576
2024-07-23,14.995209,4.826065,5.181954,-0.355890
2024-07-24,14.997947,4.821575,5.182515,-0.360939
2024-07-25,15.000684,4.813765,5.183061,-0.369297
2024-07-26,15.003422,4.829760,5.183594,-0.353834
2024-07-27,15.006160,4.835643,5.184112,-0.348469
2024-07-28,15.008898,4.833967,5.184617,-0.350649
2024-07-29,15.011636,4.837446,5.185107,-0.347661
2024-07-30,15.014374,4.823616,5.185583,-0.361967
2024-07-31,15.017112,4.821740,5.186045,-0.364304
2024-08-01,15.019849,4.809431,5.186492,-0.377061
2024-08-02,15.022587,4.806770,5.186925,-0.380155
2024-08-03,15.025325,4.789884,5.187344,-0.397460
2024-08-04,15.028063,4.780591,5.187748,-0.407157
2024-08-05,15.030801,4.734238,5.188138,-0.453900
2024-08-06,15.033539,4.750568,5.188513,-0.437945
2024-08-07,15.036277,4.753959,5.188874,-0.434915
2024-08-08,15.039014,4.768835,5.189220,-0.420385
2024-08-09,15.041752,4.785229,5.189551,-0.404322
2024-08-10,15.044490,4.786552,5.189868,-0.403316
2024-08-11,15.047228,4.782532,5.190170,-0.407638
2024-08-12,15.049966,4.773296,5.190457,-0.417161
2024-08-13,15.052704,4.779717,5.190729,-0.411011
2024-08-14,15.055441,4.781320,5.190986,-0.409666
2024-08-15,15.058179,4.768827,5.191229,-0.422402
2024-08-16,15.060917,4.769532,5.191456,-0.421924
2024-08-17,15.063655,4.775642,5.191668,-0.416026
2024-08-18,15.066393,4.778403,5.191865,-0.413462
2024-08-19,15.069131,4.770886,5.192048,-0.421162
2024-08-20,15.071869,4.780118,5.192215,-0.412097
2024-08-21,15.074606,4.781005,5.192366,-0.411362
2024-08-22,15.077344,4.784437,5.192503,-0.408066
2024-08-23,15.080082,4.793886,5.192624,-0.398738
2024-08-24,15.082820,4.807834,5.192730,-0.384896
2024-08-25,15.085558,4.808899,5.192820,-0.383922
2024-08-26,15.088296,4.805194,5.192895,-0.387702
2024-08-27,15.091034,4.795582,5.192955,-0.397374
2024-08-28,15.093771,4.774682,5.192999,-0.418317
2024-08-29,15.096509,4.778774,5.193028,-0.414253
2024-08-30,15.099247,4.773332,5.193041,-0.419709
2024-08-31,15.101985,4.774883,5.193038,-0.418154
2024-09-01,15.104723,4.767863,5.193019,-0.425157
2024-09-02,15.107461,4.768959,5.192985,-0.424026
2024-09-03,15.110198,4.769830,5.192935,-0.423105
2024-09-04,15.112936,4.759830,5.192870,-0.433040
2024-09-05,15.115674,4.757153,5.192788,-0.435635
2024-09-06,15.118412,4.744422,5.192691,-0.448269
2024-09-07,15.121150,4.739088,5.192577,-0.453489
2024-09-08,15.123888,4.740259,5.192448,-0.452189
2024-09-09,15.126626,4.749440,5.192302,-0.442862
2024-09-10,15.129363,4.759442,5.192141,-0.432699
2024-09-11,15.132101,4.758542,5.191963,-0.433422
2024-09-12,15.134839,4.767072,5.191770,-0.424698
2024-09-13,15.137577,4.773281,5.191560,-0.418279
2024-09-14,15.140315,4.781257,5.191334,-0.410077
2024-09-15,15.143053,4.780020,5.191092,-0.411071
2024-09-16,15.145791,4.768632,5.190833,-0.422201
2024-09-17,15.148528,4.777484,5.190558,-0.413074
2024-09-18,15.151266,4.782063,5.190267,-0.408203
2024-09-19,15.154004,4.799226,5.189959,-0.390732
2024-09-20,15.156742,4.803180,5.189635,-0.386455
2024-09-21,15.159480,4.802241,5.189294,-0.387054
2024-09-22,15.162218,4.801351,5.188937,-0.387586
2024-09-23,15.164956,4.804610,5.188563,-0.383954
2024-09-24,15.167693,4.804439,5.188173,-0.383734
2024-09-25,15.170431,4.806027,5.187766,-0.381739
2024-09-26,15.173169,4.809689,5.187342,-0.377653
2024-09-27,15.175907,4.818277,5.186902,-0.368625
2024-09-28,15.178645,4.819476,5.186445,-0.366969
2024-09-29,15.181383,4.819180,5.185971,-0.366791
2024-09-30,15.184120,4.807500,5.185480,-0.377981
2024-10-01,15.186858,4.798103,5.184973,-0.386869
2024-10-02,15.189596,4.788399,5.184448,-0.396050
2024-10-03,15.192334,4.784896,5.183907,-0.399011
2024-10-04,15.195072,4.791039,5.183349,-0.392310
2024-10-05,15.197810,4.794370,5.182774,-0.388403
2024-10-06,15.200548,4.795816,5.182181,-0.386365
2024-10-07,15.203285,4.802982,5.181572,-0.378590
2024-10-08,15.206023,4.796351,5.180945,-0.384594
2024-10-09,15.208761,4.792025,5.180302,-0.388277
2024-10-10,15.211499,4.783087,5.179641,-0.396553
2024-10-11,15.214237,4.790608,5.178963,-0.388355
2024-10-12,15.216975,4.800094,5.178268,-0.378174
2024-10-13,15.219713,4.798720,5.177555,-0.378835
2024-10-14,15.222450,4.813049,5.176825,-0.363776
2024-10-15,15.225188,4.821098,5.176078,-0.354980
2024-10-16,15.227926,4.829976,5.175314,-0.345337
2024-10-17,15.230664,4.828159,5.174532,-0.346373
2024-10-18,15.233402,4.833845,5.173732,-0.339887
2024-10-19,15.236140,4.834604,5.172916,-0.338312
2024-10-20,15.238877,4.835854,5.172081,-0.336227
2024-10-21,15.241615,4.833630,5.171229,-0.337600
2024-10-22,15.244353,4.828299,5.170360,-0.342061
2024-10-23,15.247091,4.823505,5.169473,-0.345968
2024-10-24,15.249829,4.829595,5.168568,-0.338973
2024-10-25,15.252567,4.830316,5.167646,-0.337330
2024-10-26,15.255305,4.826369,5.166706,-0.340337
2024-10-27,15.258042,4.829221,5.165749,-0.336528
2024-10-28,15.260780,4.837071,5.164773,-0.327702
2024-10-29,15.263518,4.855116,5.163780,-0.308664
2024-10-30,15.266256,4.858807,5.162769,-0.303962
2024-10-31,15.268994,4.853735,5.161740,-0.308005
2024-11-01,15.271732,4.843327,5.160694,-0.317366
2024-11-02,15.274470,4.842370,5.159629,-0.317259
2024-11-03,15.277207,4.835744,5.158547,-0.322802
2024-11-04,15.279945,4.835412,5.157446,-0.322034
2024-11-05,15.282683,4.839218,5.156328,-0.317110
2024-11-06,15.285421,4.870557,5.155191,-0.284634
2024-11-07,15.288159,4.877665,5.154037,-0.276372
2024-11-08,15.290897,4.882194,5.152864,-0.270670
2024-11-09,15.293634,4.883418,5.151674,-0.268256
2024-11-10,15.296372,4.898739,5.150465,-0.251726
2024-11-11,15.299110,4.920803,5.149238,-0.228436
2024-11-12,15.301848,4.944701,5.147993,-0.203292
2024-11-13,15.304586,4.949498,5.146730,-0.197232
2024-11-14,15.307324,4.952599,5.145449,-0.192850
2024-11-15,15.310062,4.950540,5.144149,-0.193610
2024-11-16,15.312799,4.958475,5.142831,-0.184357
2024-11-17,15.315537,4.955734,5.141495,-0.185761
2024-11-18,15.318275,4.958677,5.140141,-0.181464
2024-11-19,15.321013,4.963898,5.138768,-0.174870
2024-11-20,15.323751,4.970410,5.137377,-0.166967
2024-11-21,15.326489,4.987272,5.135967,-0.148695
2024-11-22,15.329227,4.994120,5.134539,-0.140419
2024-11-23,15.331964,4.991900,5.133093,-0.141193
2024-11-24,15.334702,4.988369,5.131628,-0.143259
2024-11-25,15.337440,4.984404,5.130144,-0.145741
2024-11-26,15.340178,4.969366,5.128643,-0.159277
2024-11-27,15.342916,4.974780,5.127122,-0.152342
2024-11-28,15.345654,4.979798,5.125583,-0.145785
2024-11-29,15.348392,4.985185,5.124026,-0.138840
2024-11-30,15.351129,4.983456,5.122449,-0.138993
2024-12-01,15.353867,4.985308,5.120855,-0.135547
2024-12-02,15.356605,4.982378,5.119241,-0.136864
2024-12-03,15.359343,4.979780,5.117609,-0.137829
2024-12-04,15.362081,4.984635,5.115959,-0.131323
2024-12-05,15.364819,5.004127,5.114289,-0.110163
2024-12-06,15.367556,4.995806,5.112601,-0.116795
2024-12-07,15.370294,4.999392,5.110894,-0.111502
2024-12-08,15.373032,4.999547,5.109168,-0.109622
2024-12-09,15.375770,4.993083,5.107424,-0.114341
2024-12-10,15.378508,4.986598,5.105661,-0.119063
2024-12-11,15.381246,4.995029,5.103879,-0.108850
2024-12-12,15.383984,5.003761,5.102078,-0.098317
2024-12-13,15.386721,5.001955,5.100258,-0.098303
2024-12-14,15.389459,5.006481,5.098419,-0.091938
2024-12-15,15.392197,5.011419,5.096562,-0.085142
2024-12-16,15.394935,5.022710,5.094685,-0.071975
2024-12-17,15.397673,5.027459,5.092790,-0.065331
2024-12-18,15.400411,5.015652,5.090876,-0.075224
2024-12-19,15.403149,5.000403,5.088943,-0.088539
2024-12-20,15.405886,4.987055,5.086990,-0.099936
2024-12-21,15.408624,4.990408,5.085019,-0.094611
2024-12-22,15.411362,4.983504,5.083029,-0.099525
2024-12-23,15.414100,4.976798,5.081020,-0.104222
2024-12-24,15.416838,4.984013,5.078991,-0.094978
2024-12-25,15.419576,4.993392,5.076944,-0.083551
2024-12-26,15.422313,4.986079,5.074877,-0.088798
2024-12-27,15.425051,4.981091,5.072792,-0.091701
2024-12-28,15.427789,4.977154,5.070687,-0.093534
2024-12-29,15.430527,4.975982,5.068563,-0.092582
2024-12-30,15.433265,4.970569,5.066421,-0.095852
2024-12-31,15.436003,4.972088,5.064259,-0.092171
2025-01-01,15.438741,4.972889,5.062077,-0.089188
2025-01-02,15.441478,4.983714,5.059877,-0.076163
2025-01-03,15.444216,4.988624,5.057658,-0.069034
2025-01-04,15.446954,4.991604,5.055419,-0.063815
2025-01-05,15.449692,4.991847,5.053161,-0.061314
2025-01-06,15.452430,5.000903,5.050884,-0.049981
2025-01-07,15.455168,4.998028,5.048587,-0.050560
2025-01-08,15.457906,4.979428,5.046272,-0.066843
2025-01-09,15.460643,4.970276,5.043937,-0.073660
2025-01-10,15.463381,4.974303,5.041583,-0.067279
2025-01-11,15.466119,4.975300,5.039209,-0.063909
2025-01-12,15.468857,4.976019,5.036816,-0.060798
2025-01-13,15.471595,4.968429,5.034404,-0.065976
2025-01-14,15.474333,4.982274,5.031973,-0.049699
2025-01-15,15.477070,4.991894,5.029523,-0.037629
2025-01-16,15.479808,4.996959,5.027053,-0.030093
2025-01-17,15.482546,5.012255,5.024563,-0.012308
2025-01-18,15.485284,5.016250,5.022055,-0.005805
2025-01-19,15.488022,5.019617,5.019527,0.000090
2025-01-20,15.490760,5.020855,5.016979,0.003876
2025-01-21,15.493498,5.016707,5.014413,0.002295
2025-01-22,15.496235,5.020987,5.011827,0.009160
2025-01-23,15.498973,5.014790,5.009221,0.005569
2025-01-24,15.501711,5.021671,5.006596,0.015075
2025-01-25,15.504449,5.020123,5.003952,0.016171
2025-01-26,15.507187,5.020622,5.001288,0.019333
2025-01-27,15.509925,5.001803,4.998605,0.003198
2025-01-28,15.512663,5.010974,4.995903,0.015071
2025-01-29,15.515400,5.011177,4.993181,0.017996
2025-01-30,15.518138,5.022044,4.990440,0.031604
2025-01-31,15.520876,5.017475,4.987679,0.029796
2025-02-01,15.523614,5.009057,4.984899,0.024159
2025-02-02,15.526352,4.998696,4.982099,0.016597
2025-02-03,15.529090,4.987400,4.979280,0.008120
2025-02-04,15.531828,4.999055,4.976441,0.022613
2025-02-05,15.534565,4.991455,4.973583,0.017872
2025-02-06,15.537303,4.990541,4.970706,0.019835
2025-02-07,15.540041,4.989316,4.967809,0.021507
2025-02-08,15.542779,4.984918,4.964893,0.020026
2025-02-09,15.545517,4.985051,4.961957,0.023094
2025-02-10,15.548255,4.988757,4.959002,0.029755
2025-02-11,15.550992,4.986814,4.956027,0.030787
2025-02-12,15.553730,4.983761,4.953033,0.030728
2025-02-13,15.556468,4.985044,4.950019,0.035025
2025-02-14,15.559206,4.987984,4.946986,0.040998
2025-02-15,15.561944,4.990126,4.943933,0.046193
2025-02-16,15.564682,4.988547,4.940861,0.047685
2025-02-17,15.567420,4.983745,4.937769,0.045975
2025-02-18,15.570157,4.979701,4.934658,0.045042
2025-02-19,15.572895,4.982923,4.931528,0.051395
2025-02-20,15.575633,4.989551,4.928378,0.061173
2025-02-21,15.578371,4.990885,4.925208,0.065676
2025-02-22,15.581109,4.985375,4.922020,0.063355
2025-02-23,15.583847,4.983567,4.918811,0.064756
2025-02-24,15.586585,4.977384,4.915583,0.061801
2025-02-25,15.589322,4.953561,4.912336,0.041225
2025-02-26,15.592060,4.940768,4.909069,0.031699
2025-02-27,15.594798,4.932148,4.905783,0.026366
2025-02-28,15.597536,4.914327,4.902477,0.011850
2025-03-01,15.600274,4.931639,4.899152,0.032487
2025-03-02,15.603012,4.947976,4.895807,0.052169
2025-03-03,15.605749,4.958694,4.892443,0.066251
2025-03-04,15.608487,4.929861,4.889060,0.040801
2025-03-05,15.611225,4.949573,4.885657,0.063916
2025-03-06,15.613963,4.958417,4.882235,0.076182
2025-03-07,15.616701,4.946021,4.878793,0.067228
2025-03-08,15.619439,4.937695,4.875332,0.062364
2025-03-09,15.622177,4.928638,4.871851,0.056787
2025-03-10,15.624914,4.910478,4.868351,0.042127
2025-03-11,15.627652,4.910447,4.864831,0.045616
2025-03-12,15.630390,4.918639,4.861293,0.057347
2025-03-13,15.633128,4.917427,4.857734,0.059692
2025-03-14,15.635866,4.922447,4.854157,0.068290
2025-03-15,15.638604,4.927263,4.850560,0.076703
2025-03-16,15.641342,4.924055,4.846943,0.077112
2025-03-17,15.644079,4.923805,4.843308,0.080498
2025-03-18,15.646817,4.918697,4.839653,0.079044
2025-03-19,15.649555,4.926103,4.835978,0.090125
2025-03-20,15.652293,4.932533,4.832284,0.100249
2025-03-21,15.655031,4.926852,4.828571,0.098281
2025-03-22,15.657769,4.926938,4.824839,0.102099
2025-03-23,15.660507,4.929190,4.821087,0.108102
2025-03-24,15.663244,4.942754,4.817316,0.125437
2025-03-25,15.665982,4.942892,4.813526,0.129366
2025-03-26,15.668720,4.942829,4.809716,0.133113
2025-03-27,15.671458,4.942063,4.805887,0.136176
2025-03-28,15.674196,4.932014,4.802039,0.129975
2025-03-29,15.676934,4.921539,4.798172,0.123367
2025-03-30,15.679671,4.920119,4.794285,0.125834
2025-03-31,15.682409,4.917475,4.790380,0.127096
2025-04-01,15.685147,4.926101,4.786455,0.139646
2025-04-02,15.687885,4.932312,4.782511,0.149801
2025-04-03,15.690623,4.918754,4.778547,0.140207
2025-04-04,15.693361,4.922385,4.774565,0.147820
2025-04-05,15.696099,4.921384,4.770563,0.150821
2025-04-06,15.698836,4.912008,4.766542,0.145466
2025-04-07,15.701574,4.892374,4.762502,0.129871
2025-04-08,15.704312,4.898151,4.758443,0.139708
2025-04-09,15.707050,4.896773,4.754365,0.142408
2025-04-10,15.709788,4.910256,4.750268,0.159988
2025-04-11,15.712526,4.915233,4.746151,0.169081
2025-04-12,15.715264,4.926175,4.742016,0.184159
2025-04-13,15.718001,4.927975,4.737862,0.190113
2025-04-14,15.720739,4.928984,4.733688,0.195296
2025-04-15,15.723477,4.931888,4.729496,0.202392
2025-04-16,15.726215,4.926211,4.725284,0.200926
2025-04-17,15.728953,4.928816,4.721054,0.207762
2025-04-18,15.731691,4.928908,4.716805,0.212103
2025-04-19,15.734428,4.931183,4.712536,0.218647
2025-04-20,15.737166,4.929915,4.708249,0.221665
2025-04-21,15.739904,4.941886,4.703943,0.237942
2025-04-22,15.742642,4.954379,4.699618,0.254760
2025-04-23,15.745380,4.972793,4.695274,0.277518
2025-04-24,15.748118,4.970139,4.690912,0.279227
2025-04-25,15.750856,4.975749,4.686530,0.289218
2025-04-26,15.753593,4.977151,4.682130,0.295021
2025-04-27,15.756331,4.975698,4.677711,0.297987
2025-04-28,15.759069,4.976478,4.673273,0.303204
2025-04-29,15.761807,4.978832,4.668817,0.310015
2025-04-30,15.764545,4.977285,4.664341,0.312943
2025-05-01,15.767283,4.983300,4.659847,0.323453
2025-05-02,15.770021,4.987968,4.655335,0.332633
2025-05-03,15.772758,4.985636,4.650803,0.334833
2025-05-04,15.775496,4.982785,4.646253,0.336532
2025-05-05,15.778234,4.977051,4.641685,0.335366
2025-05-06,15.780972,4.977651,4.637098,0.340554
2025-05-07,15.783710,4.987391,4.632492,0.354899
2025-05-08,15.786448,5.001272,4.627868,0.373404
2025-05-09,15.789185,5.014513,4.623225,0.391288
2025-05-10,15.791923,5.016017,4.618564,0.397454
2025-05-11,15.794661,5.018849,4.613884,0.404965
2025-05-12,15.797399,5.014648,4.609186,0.405462
2025-05-13,15.800137,5.015307,4.604469,0.410838
2025-05-14,15.802875,5.016391,4.599734,0.416658
2025-05-15,15.805613,5.013576,4.594980,0.418596
2025-05-16,15.808350,5.017736,4.590209,0.427527
2025-05-17,15.811088,5.015365,4.585419,0.429947
2025-05-18,15.813826,5.019007,4.580610,0.438397
2025-05-19,15.816564,5.018911,4.575784,0.443128
2025-05-20,15.819302,5.024819,4.570939,0.453881
2025-05-21,15.822040,5.032541,4.566076,0.466465
2025-05-22,15.824778,5.045025,4.561194,0.483830
2025-05-23,15.827515,5.041422,4.556295,0.485127
2025-05-24,15.830253,5.036909,4.551377,0.485532
2025-05-25,15.832991,5.033725,4.546442,0.487283
2025-05-26,15.835729,5.040787,4.541488,0.499299
2025-05-27,15.838467,5.040635,4.536516,0.504119
2025-05-28,15.841205,5.036263,4.531526,0.504737
2025-05-29,15.843943,5.031739,4.526518,0.505220
2025-05-30,15.846680,5.024288,4.521493,0.502795
2025-05-31,15.849418,5.019239,4.516449,0.502790
2025-06-01,15.852156,5.021350,4.511387,0.509963
2025-06-02,15.854894,5.021906,4.506308,0.515598
2025-06-03,15.857632,5.025984,4.501210,0.524774
2025-06-04,15.860370,5.024142,4.496095,0.528047
2025-06-05,15.863107,5.018462,4.490962,0.527500
2025-06-06,15.865845,5.017492,4.485812,0.531681
2025-06-07,15.868583,5.024155,4.480643,0.543512
2025-06-08,15.871321,5.025879,4.475457,0.550422
2025-06-09,15.874059,5.033530,4.470253,0.563276
2025-06-10,15.876797,5.039735,4.465032,0.574703
2025-06-11,15.879535,5.039935,4.459793,0.580142
2025-06-12,15.882272,5.031476,4.454537,0.576940
2025-06-13,15.885010,5.021650,4.449263,0.572387
2025-06-14,15.887748,5.022958,4.443971,0.578987
2025-06-15,15.890486,5.023878,4.438662,0.585215
2025-06-16,15.893224,5.030989,4.433336,0.597653
2025-06-17,15.895962,5.026206,4.427992,0.598213
2025-06-18,15.898700,5.022052,4.422631,0.599421
2025-06-19,15.901437,5.021516,4.417253,0.604264
2025-06-20,15.904175,5.021880,4.411857,0.610023
2025-06-21,15.906913,5.014797,4.406444,0.608353
2025-06-22,15.909651,5.006808,4.401014,0.605793
2025-06-23,15.912389,5.010264,4.395567,0.614697
2025-06-24,15.915127,5.024915,4.390102,0.634812
2025-06-25,15.917864,5.030688,4.384621,0.646067
2025-06-26,15.920602,5.032573,4.379122,0.653450
2025-06-27,15.923340,5.031945,4.373607,0.658338
2025-06-28,15.926078,5.032914,4.368074,0.664839
2025-06-29,15.928816,5.034421,4.362525,0.671896
2025-06-30,15.931554,5.034394,4.356958,0.677435
2025-07-01,15.934292,5.029260,4.351375,0.677885
2025-07-02,15.937029,5.034326,4.345775,0.688551
2025-07-03,15.939767,5.041024,4.340158,0.700866
2025-07-04,15.942505,5.037693,4.334524,0.703168
2025-07-05,15.945243,5.036441,4.328874,0.707567
2025-07-06,15.947981,5.037949,4.323207,0.714742
2025-07-07,15.950719,5.037451,4.317523,0.719928
2025-07-08,15.953457,5.037606,4.311823,0.725783
2025-07-09,15.956194,5.040708,4.306106,0.734602
2025-07-10,15.958932,5.050763,4.300373,0.750390
2025-07-11,15.961670,5.070305,4.294623,0.775682
2025-07-12,15.964408,5.070887,4.288857,0.782030
2025-07-13,15.967146,5.073086,4.283075,0.790011
2025-07-14,15.969884,5.082752,4.277276,0.805476
2025-07-15,15.972621,5.070574,4.271460,0.799114
2025-07-16,15.975359,5.074748,4.265629,0.809119
2025-07-17,15.978097,5.075183,4.259781,0.815401
2025-07-18,15.980835,5.075973,4.253917,0.822056
2025-07-19,15.983573,5.073230,4.248037,0.825193
2025-07-20,15.986311,5.072702,4.242141,0.830561
2025-07-21,15.989049,5.072802,4.236229,0.836573
2025-07-22,15.991786,5.074335,4.230301,0.844034
2025-07-23,15.994524,5.074421,4.224357,0.850064
2025-07-24,15.997262,5.075220,4.218397,0.856823
2025-07-25,16.000000,5.066844,4.212421,0.854423
2025-07-26,16.002738,5.071884,4.206430,0.865454
2025-07-27,16.005476,5.074443,4.200422,0.874021
2025-07-28,16.008214,5.074912,4.194399,0.880513
2025-07-29,16.010951,5.073573,4.188360,0.885213
2025-07-30,16.013689,5.072195,4.182306,0.889890
2025-07-31,16.016427,5.072729,4.176236,0.896493
2025-08-01,16.019165,5.061686,4.170150,0.891536
2025-08-02,16.021903,5.056071,4.164049,0.892022
2025-08-03,16.024641,5.057019,4.157932,0.899086
2025-08-04,16.027379,5.060497,4.151800,0.908697
2025-08-05,16.030116,5.058182,4.145653,0.912529
2025-08-06,16.032854,5.059423,4.139491,0.919932
2025-08-07,16.035592,5.064758,4.133313,0.931445
2025-08-08,16.038330,5.067527,4.127120,0.940407
2025-08-09,16.041068,5.067826,4.120911,0.946915
2025-08-10,16.043806,5.073055,4.114688,0.958367
2025-08-11,16.046543,5.081345,4.108450,0.972896
2025-08-12,16.049281,5.076962,4.102196,0.974766
2025-08-13,16.052019,5.082407,4.095928,0.986479
2025-08-14,16.054757,5.081413,4.089645,0.991768
2025-08-15,16.057495,5.074128,4.083347,0.990781
2025-08-16,16.060233,5.072173,4.077034,0.995140
2025-08-17,16.062971,5.073194,4.070706,1.002488
2025-08-18,16.065708,5.065465,4.064364,1.001101
2025-08-19,16.068446,5.060803,4.058007,1.002796
2025-08-20,16.071184,5.056933,4.051635,1.005298
2025-08-21,16.073922,5.055452,4.045249,1.010204
2025-08-22,16.076660,5.059457,4.038848,1.020609
2025-08-23,16.079398,5.063194,4.032433,1.030761
2025-08-24,16.082136,5.059291,4.026003,1.033288
2025-08-25,16.084873,5.050545,4.019560,1.030986
2025-08-26,16.087611,5.042876,4.013101,1.029774
2025-08-27,16.090349,5.047504,4.006629,1.040875
2025-08-28,16.093087,5.051405,4.000142,1.051263
2025-08-29,16.095825,5.040994,3.993642,1.047352
2025-08-30,16.098563,5.036682,3.987127,1.049555
2025-08-31,16.101300,5.038150,3.980598,1.057552
2025-09-01,16.104038,5.037411,3.974055,1.063356
2025-09-02,16.106776,5.044243,3.967499,1.076744
2025-09-03,16.109514,5.048729,3.960928,1.087801
2025-09-04,16.112252,5.045747,3.954344,1.091403
2025-09-05,16.114990,5.048839,3.947746,1.101093
2025-09-06,16.117728,5.045538,3.941134,1.104404
2025-09-07,16.120465,5.046758,3.934508,1.112249
2025-09-08,16.123203,5.049777,3.927869,1.121908
2025-09-09,16.125941,5.050143,3.921217,1.128926
2025-09-10,16.128679,5.053141,3.914551,1.138590
2025-09-11,16.131417,5.058438,3.907872,1.150566
2025-09-12,16.134155,5.063224,3.901179,1.162045
2025-09-13,16.136893,5.064455,3.894473,1.169982
2025-09-14,16.139630,5.064304,3.887754,1.176550
2025-09-15,16.142368,5.063277,3.881021,1.182256
2025-09-16,16.145106,5.065244,3.874276,1.190969
2025-09-17,16.147844,5.067303,3.867517,1.199786
2025-09-18,16.150582,5.070260,3.860745,1.209514
2025-09-19,16.153320,5.067362,3.853961,1.213401
2025-09-20,16.156057,5.065401,3.847163,1.218238
2025-09-21,16.158795,5.064751,3.840353,1.224398
2025-09-22,16.161533,5.055600,3.833530,1.222070
2025-09-23,16.164271,5.053010,3.826694,1.226316
2025-09-24,16.167009,5.054301,3.819846,1.234455
2025-09-25,16.169747,5.047900,3.812985,1.234915
2025-09-26,16.172485,5.040805,3.806111,1.234694
2025-09-27,16.175222,5.041373,3.799225,1.242147
2025-09-28,16.177960,5.043066,3.792327,1.250739
2025-09-29,16.180698,5.054090,3.785416,1.268674
2025-09-30,16.183436,5.057186,3.778493,1.278693
2025-10-01,16.186174,5.066025,3.771558,1.294467
2025-10-02,16.188912,5.077646,3.764610,1.313035
2025-10-03,16.191650,5.083740,3.757651,1.326089
2025-10-04,16.194387,5.087869,3.750679,1.337190
2025-10-05,16.197125,5.092546,3.743696,1.348850
2025-10-06,16.199863,5.095663,3.736700,1.358962
2025-10-07,16.202601,5.091935,3.729693,1.362242
2025-10-08,16.205339,5.089274,3.722674,1.366600
2025-10-09,16.208077,5.086925,3.715643,1.371282
2025-10-10,16.210815,5.078719,3.708601,1.370118
2025-10-11,16.213552,5.050185,3.701547,1.348638
2025-10-12,16.216290,5.052625,3.694481,1.358144
2025-10-13,16.219028,5.062414,3.687404,1.375010
2025-10-14,16.221766,5.053340,3.680315,1.373025
2025-10-15,16.224504,5.050753,3.673216,1.377537
2025-10-16,16.227242,5.043985,3.666104,1.377881
2025-10-17,16.229979,5.030842,3.658982,1.371860
2025-10-18,16.232717,5.031027,3.651849,1.379178
2025-10-19,16.235455,5.034947,3.644704,1.390243
2025-10-20,16.238193,5.045658,3.637548,1.408110
2025-10-21,16.240931,5.042278,3.630382,1.411896
2025-10-22,16.243669,5.035925,3.623205,1.412721
2025-10-23,16.246407,5.041114,3.616016,1.425098
2025-10-24,16.249144,5.046277,3.608817,1.437460
2025-10-25,16.251882,5.048715,3.601608,1.447107
2025-10-26,16.254620,5.053402,3.594387,1.459015
2025-10-27,16.257358,5.062225,3.587156,1.475069
2025-10-28,16.260096,5.059332,3.579915,1.479416
2025-10-29,16.262834,5.052450,3.572663,1.479786
2025-10-30,16.265572,5.039924,3.565401,1.474523
2025-10-31,16.268309,5.042016,3.558129,1.483888
2025-11-01,16.271047,5.043843,3.550846,1.492997
2025-11-02,16.273785,5.044863,3.543553,1.501310
2025-11-03,16.276523,5.034229,3.536250,1.497979
2025-11-04,16.279261,5.018830,3.528937,1.489893
2025-11-05,16.281999,5.013603,3.521615,1.491989
2025-11-06,16.284736,5.014437,3.514282,1.500156
2025-11-07,16.287474,5.009801,3.506939,1.502861
2025-11-08,16.290212,5.011758,3.499587,1.512171
2025-11-09,16.292950,5.013983,3.492225,1.521758
2025-11-10,16.295688,5.026362,3.484853,1.541509
2025-11-11,16.298426,5.021999,3.477472,1.544526
2025-11-12,16.301164,5.015841,3.470082,1.545760
2025-11-13,16.303901,5.009390,3.462682,1.546708
2025-11-14,16.306639,4.990254,3.455273,1.534981
2025-11-15,16.309377,4.985776,3.447854,1.537922
2025-11-16,16.312115,4.983391,3.440426,1.542964
2025-11-17,16.314853,4.979917,3.432989,1.546928
2025-11-18,16.317591,4.969667,3.425543,1.544123
2025-11-19,16.320329,4.966680,3.418089,1.548592
2025-11-20,16.323066,4.961646,3.410625,1.551022
2025-11-21,16.325804,4.933730,3.403152,1.530577
2025-11-22,16.328542,4.932330,3.395671,1.536659
2025-11-23,16.331280,4.941798,3.388181,1.553617
2025-11-24,16.334018,4.944833,3.380682,1.564151
2025-11-25,16.336756,4.946491,3.373175,1.573316
2025-11-26,16.339493,4.949626,3.365659,1.583966
2025-11-27,16.342231,4.964305,3.358135,1.606170
2025-11-28,16.344969,4.965913,3.350603,1.615310
2025-11-29,16.347707,4.963909,3.343062,1.620847
2025-11-30,16.350445,4.965340,3.335513,1.629826
2025-12-01,16.353183,4.941681,3.327956,1.613725
2025-12-02,16.355921,4.953072,3.320391,1.632681
2025-12-03,16.358658,4.971106,3.312818,1.658288
2025-12-04,16.361396,4.971834,3.305237,1.666597
2025-12-05,16.364134,4.963561,3.297649,1.665913
2025-12-06,16.366872,4.956532,3.290052,1.666480
2025-12-07,16.369610,4.957613,3.282448,1.675165
2025-12-08,16.372348,4.961834,3.274836,1.686998
2025-12-09,16.375086,4.962881,3.267217,1.695664
2025-12-10,16.377823,4.967952,3.259590,1.708362
2025-12-11,16.380561,4.959590,3.251956,1.707634
2025-12-12,16.383299,4.963923,3.244315,1.719608
2025-12-13,16.386037,4.957982,3.236666,1.721315
2025-12-14,16.388775,4.954248,3.229011,1.725237
2025-12-15,16.391513,4.947842,3.221348,1.726494
2025-12-16,16.394251,4.940902,3.213678,1.727224
2025-12-17,16.396988,4.941158,3.206001,1.735157
2025-12-18,16.399726,4.939995,3.198318,1.741678
2025-12-19,16.402464,4.943825,3.190627,1.753198
2025-12-20,16.405202,4.947282,3.182930,1.764352
2025-12-21,16.407940,4.947555,3.175226,1.772328
2025-12-22,16.410678,4.951747,3.167516,1.784231
2025-12-23,16.413415,4.945179,3.159799,1.785380
2025-12-24,16.416153,4.942225,3.152076,1.790149
2025-12-25,16.418891,4.944529,3.144347,1.800182
2025-12-26,16.421629,4.946211,3.136611,1.809600
2025-12-27,16.424367,4.943115,3.128869,1.814246
2025-12-28,16.427105,4.944299,3.121121,1.823177
2025-12-29,16.429843,4.946833,3.113367,1.833465
2025-12-30,16.432580,4.945093,3.105607,1.839486
2025-12-31,16.435318,4.946985,3.097842,1.849143
2026-01-01,16.438056,4.945231,3.090070,1.855161
2026-01-02,16.440794,4.952231,3.082293,1.869938
2026-01-03,16.443532,4.955569,3.074510,1.881059
2026-01-04,16.446270,4.961567,3.066721,1.894846
2026-01-05,16.449008,4.970572,3.058927,1.911645
2026-01-06,16.451745,4.971349,3.051128,1.920221
2026-01-07,16.454483,4.964910,3.043323,1.921587
2026-01-08,16.457221,4.958771,3.035514,1.923257
2026-01-09,16.459959,4.958973,3.027698,1.931274
2026-01-10,16.462697,4.958236,3.019878,1.938357
2026-01-11,16.465435,4.958462,3.012053,1.946409
2026-01-12,16.468172,4.961777,3.004223,1.957554
2026-01-13,16.470910,4.967615,2.996388,1.971226
2026-01-14,16.473648,4.982982,2.988548,1.994433
2026-01-15,16.476386,4.984894,2.980704,2.004190
2026-01-16,16.479124,4.980860,2.972855,2.008005
2026-01-17,16.481862,4.980354,2.965002,2.015353
2026-01-18,16.484600,4.979642,2.957144,2.022498
2026-01-19,16.487337,4.968791,2.949281,2.019510
2026-01-20,16.490075,4.959129,2.941414,2.017714
2026-01-21,16.492813,4.951837,2.933544,2.018293
2026-01-22,16.495551,4.953785,2.925669,2.028117
2026-01-23,16.498289,4.953090,2.917789,2.035300
2026-01-24,16.501027,4.952208,2.909906,2.042302
2026-01-25,16.503765,4.945908,2.902019,2.043889
2026-01-26,16.506502,4.943943,2.894129,2.049814
2026-01-27,16.509240,4.946763,2.886234,2.060529
2026-01-28,16.511978,4.951604,2.878336,2.073268
2026-01-29,16.514716,4.938864,2.870434,2.068429
2026-01-30,16.517454,4.919823,2.862529,2.057294
2026-01-31,16.520192,4.912943,2.854620,2.058323
2026-02-01,16.522930,4.892163,2.846708,2.045455
2026-02-02,16.525667,4.890380,2.838793,2.051587
2026-02-03,16.528405,4.889527,2.830874,2.058653
2026-02-04,16.531143,4.875922,2.822953,2.052969
2026-02-05,16.533881,4.839025,2.815028,2.023997
2026-02-06,16.536619,4.827341,2.807101,2.020241
2026-02-07,16.539357,4.841654,2.799170,2.042483
2026-02-08,16.542094,4.847434,2.791237,2.056197
2026-02-09,16.544832,4.847197,2.783301,2.063896
2026-02-10,16.547570,4.836710,2.775363,2.061348
2026-02-11,16.550308,4.828601,2.767422,2.061180
2026-02-12,16.553046,4.821160,2.759478,2.061682
2026-02-13,16.555784,4.838414,2.751532,2.086881
2026-02-14,16.558522,4.844632,2.743584,2.101048
2026-02-15,16.561259,4.838366,2.735634,2.102732
2026-02-16,16.563997,4.836256,2.727682,2.108574
2026-02-17,16.566735,4.829375,2.719727,2.109648
2026-02-18,16.569473,4.822136,2.711771,2.110365
2026-02-19,16.572211,4.825524,2.703812,2.121712
2026-02-20,16.574949,4.832777,2.695852,2.136925
2026-02-21,16.577687,4.832197,2.687890,2.144306
2026-02-22,16.580424,4.830294,2.679927,2.150367
2026-02-23,16.583162,4.811035,2.671962,2.139073
2026-02-24,16.585900,4.806953,2.663995,2.142957
2026-02-25,16.588638,4.835321,2.656028,2.179293
2026-02-26,16.591376,4.829688,2.648058,2.181630
2026-02-27,16.594114,4.816989,2.640088,2.176901
2026-02-28,16.596851,4.827277,2.632116,2.195161
2026-03-01,16.599589,4.814426,2.624144,2.190283
2026-03-02,16.602327,4.841287,2.616170,2.225116
2026-03-03,16.605065,4.834201,2.608196,2.226005
2026-03-04,16.607803,4.861653,2.600220,2.261432
2026-03-05,16.610541,4.852683,2.592244,2.260438
2026-03-06,16.613279,4.835141,2.584268,2.250873
2026-03-07,16.616016,4.827687,2.576291,2.251396
2026-03-08,16.618754,4.821144,2.568313,2.252831
2026-03-09,16.621492,4.836615,2.560335,2.276281
2026-03-10,16.624230,4.843279,2.552356,2.290922
2026-03-11,16.626968,4.847570,2.544378,2.303192
2026-03-12,16.629706,4.846144,2.536399,2.309745
2026-03-13,16.632444,4.849997,2.528420,2.321577
2026-03-14,16.635181,4.849565,2.520441,2.329124
2026-03-15,16.637919,4.862032,2.512462,2.349569
2026-03-16,16.640657,4.873422,2.504484,2.368938
2026-03-17,16.643395,4.871065,2.496505,2.374560
2026-03-18,16.646133,4.852093,2.488527,2.363565
2026-03-19,16.648871,4.846012,2.480550,2.365462
2026-03-20,16.651608,4.849917,2.472573,2.377344
2026-03-21,16.654346,4.846908,2.464596,2.382311
2026-03-22,16.657084,4.834401,2.456621,2.377780
2026-03-23,16.659822,4.849752,2.448646,2.401106
2026-03-24,16.662560,4.847126,2.440672,2.406454
2026-03-25,16.665298,4.853352,2.432698,2.420654
2026-03-26,16.668036,4.837754,2.424726,2.413028
2026-03-27,16.670773,4.819425,2.416755,2.402670
