date,years,excess,fit,residual
2010-07-26,1.002053,0.276323,0.307757,-0.031434
2010-07-27,1.004791,0.315149,0.308461,0.006688
2010-07-28,1.007529,0.303992,0.309160,-0.005169
2010-07-29,1.010267,0.325445,0.309856,0.015589
2010-07-30,1.013005,0.345279,0.310546,0.034732
2010-07-31,1.015743,0.317580,0.311233,0.006347
2010-08-01,1.018480,0.301491,0.311915,-0.010424
2010-08-02,1.021218,0.301592,0.312593,-0.011001
2010-08-03,1.023956,0.294410,0.313266,-0.018856
2010-08-04,1.026694,0.284264,0.313935,-0.029672
2010-08-05,1.029432,0.273498,0.314600,-0.041102
2010-08-06,1.032170,0.281307,0.315261,-0.033953
2010-08-07,1.034908,0.265214,0.315917,-0.050703
2010-08-08,1.037645,0.256204,0.316569,-0.060365
2010-08-09,1.040383,0.283963,0.317217,-0.033254
2010-08-10,1.043121,0.306183,0.317861,-0.011677
2010-08-11,1.045859,0.298874,0.318501,-0.019626
2010-08-12,1.048597,0.281971,0.319136,-0.037166
2010-08-13,1.051335,0.264601,0.319767,-0.055167
2010-08-14,1.054073,0.265159,0.320395,-0.055236
2010-08-15,1.056810,0.254009,0.321018,-0.067009
2010-08-16,1.059548,0.245009,0.321637,-0.076628
2010-08-17,1.062286,0.249150,0.322252,-0.073102
2010-08-18,1.065024,0.260214,0.322864,-0.062649
2010-08-19,1.067762,0.242071,0.323471,-0.081400
2010-08-20,1.070500,0.226819,0.324074,-0.097255
2010-08-21,1.073238,0.218457,0.324673,-0.106216
2010-08-22,1.075975,0.199242,0.325269,-0.126026
2010-08-23,1.078713,0.203339,0.325860,-0.122521
2010-08-24,1.081451,0.202656,0.326448,-0.123791
2010-08-25,1.084189,0.194553,0.327031,-0.132478
2010-08-26,1.086927,0.184551,0.327611,-0.143060
2010-08-27,1.089665,0.177080,0.328187,-0.151107
2010-08-28,1.092402,0.173726,0.328759,-0.155034
2010-08-29,1.095140,0.165991,0.329328,-0.163336
2010-08-30,1.097878,0.151148,0.329892,-0.178744
2010-08-31,1.100616,0.145303,0.330453,-0.185150
2010-09-01,1.103354,0.125300,0.331010,-0.205710
2010-09-02,1.106092,0.120912,0.331564,-0.210652
2010-09-03,1.108830,0.120190,0.332113,-0.211923
2010-09-04,1.111567,0.112637,0.332659,-0.220023
2010-09-05,1.114305,0.111057,0.333202,-0.222145
2010-09-06,1.117043,0.104057,0.333740,-0.229683
2010-09-07,1.119781,0.095476,0.334276,-0.238799
2010-09-08,1.122519,0.088694,0.334807,-0.246113
2010-09-09,1.125257,0.085451,0.335335,-0.249884
2010-09-10,1.127995,0.075368,0.335859,-0.260491
2010-09-11,1.130732,0.083336,0.336380,-0.253044
2010-09-12,1.133470,0.071163,0.336897,-0.265734
2010-09-13,1.136208,0.066174,0.337411,-0.271237
2010-09-14,1.138946,0.078084,0.337921,-0.259837
2010-09-15,1.141684,0.050936,0.338428,-0.287493
2010-09-16,1.144422,0.050516,0.338932,-0.288416
2010-09-17,1.147159,0.035881,0.339432,-0.303551
2010-09-18,1.149897,0.029138,0.339928,-0.310790
2010-09-19,1.152635,0.035001,0.340421,-0.305420
2010-09-20,1.155373,0.033832,0.340911,-0.307079
2010-09-21,1.158111,0.030962,0.341397,-0.310436
2010-09-22,1.160849,0.020723,0.341880,-0.321157
2010-09-23,1.163587,0.016453,0.342360,-0.325907
2010-09-24,1.166324,0.010825,0.342836,-0.332011
2010-09-25,1.169062,0.004280,0.343309,-0.339029
2010-09-26,1.171800,-0.000503,0.343779,-0.344282
2010-09-27,1.174538,-0.005572,0.344246,-0.349817
2010-09-28,1.177276,-0.011810,0.344709,-0.356519
2010-09-29,1.180014,-0.017717,0.345169,-0.362886
2010-09-30,1.182752,-0.023555,0.345626,-0.369181
2010-10-01,1.185489,-0.027254,0.346079,-0.373333
2010-10-02,1.188227,-0.035865,0.346530,-0.382395
2010-10-03,1.190965,-0.042328,0.346977,-0.389305
2010-10-04,1.193703,-0.048135,0.347421,-0.395557
2010-10-05,1.196441,-0.050704,0.347862,-0.398566
2010-10-06,1.199179,-0.047071,0.348300,-0.395372
2010-10-07,1.201916,-0.044306,0.348735,-0.393041
2010-10-08,1.204654,0.029280,0.349167,-0.319887
2010-10-09,1.207392,0.068829,0.349596,-0.280766
2010-10-10,1.210130,0.119719,0.350021,-0.230302
2010-10-11,1.212868,0.108789,0.350444,-0.241655
2010-10-12,1.215606,0.087080,0.350864,-0.263783
2010-10-13,1.218344,0.101025,0.351280,-0.250255
2010-10-14,1.221081,0.114591,0.351694,-0.237102
2010-10-15,1.223819,0.116723,0.352105,-0.235382
2010-10-16,1.226557,0.111843,0.352512,-0.240669
2010-10-17,1.229295,0.110909,0.352917,-0.242008
2010-10-18,1.232033,0.102225,0.353319,-0.251094
2010-10-19,1.234771,0.090195,0.353718,-0.263523
2010-10-20,1.237509,0.074806,0.354114,-0.279308
2010-10-21,1.240246,0.085489,0.354508,-0.269019
2010-10-22,1.242984,0.095722,0.354898,-0.259176
2010-10-23,1.245722,0.104897,0.355286,-0.250389
2010-10-24,1.248460,0.154877,0.355671,-0.200794
2010-10-25,1.251198,0.173780,0.356053,-0.182273
2010-10-26,1.253936,0.247708,0.356432,-0.108724
2010-10-27,1.256674,0.293468,0.356808,-0.063341
2010-10-28,1.259411,0.312396,0.357182,-0.044786
2010-10-29,1.262149,0.306655,0.357553,-0.050898
2010-10-30,1.264887,0.315893,0.357921,-0.042028
2010-10-31,1.267625,0.320483,0.358287,-0.037804
2010-11-01,1.270363,0.307537,0.358650,-0.051112
2010-11-02,1.273101,0.307113,0.359010,-0.051897
2010-11-03,1.275838,0.277616,0.359367,-0.081751
2010-11-04,1.278576,0.332622,0.359722,-0.027100
2010-11-05,1.281314,0.379538,0.360074,0.019464
2010-11-06,1.284052,0.439842,0.360424,0.079418
2010-11-07,1.286790,0.555587,0.360771,0.194816
2010-11-08,1.289528,0.497220,0.361115,0.136105
2010-11-09,1.292266,0.402200,0.361457,0.040743
2010-11-10,1.295003,0.284627,0.361797,-0.077170
2010-11-11,1.297741,0.334002,0.362133,-0.028131
2010-11-12,1.300479,0.365918,0.362468,0.003450
2010-11-13,1.303217,0.415250,0.362799,0.052451
2010-11-14,1.305955,0.411217,0.363129,0.048089
2010-11-15,1.308693,0.404500,0.363455,0.041044
2010-11-16,1.311431,0.359611,0.363780,-0.004169
2010-11-17,1.314168,0.349679,0.364102,-0.014423
2010-11-18,1.316906,0.349374,0.364421,-0.015047
2010-11-19,1.319644,0.376365,0.364738,0.011627
2010-11-20,1.322382,0.380921,0.365052,0.015868
2010-11-21,1.325120,0.375977,0.365365,0.010613
2010-11-22,1.327858,0.373618,0.365674,0.007943
2010-11-23,1.330595,0.373841,0.365982,0.007860
2010-11-24,1.333333,0.367718,0.366287,0.001431
2010-11-25,1.336071,0.362816,0.366590,-0.003773
2010-11-26,1.338809,0.359594,0.366890,-0.007296
2010-11-27,1.341547,0.357280,0.367188,-0.009908
2010-11-28,1.344285,0.345915,0.367484,-0.021569
2010-11-29,1.347023,0.306370,0.367777,-0.061407
2010-11-30,1.349760,0.225547,0.368068,-0.142521
2010-12-01,1.352498,0.226730,0.368357,-0.141627
2010-12-02,1.355236,0.256240,0.368644,-0.112404
2010-12-03,1.357974,0.272020,0.368929,-0.096908
2010-12-04,1.360712,0.255160,0.369211,-0.114051
2010-12-05,1.363450,0.195560,0.369491,-0.173931
2010-12-06,1.366188,0.163574,0.369769,-0.206195
2010-12-07,1.368925,0.180773,0.370044,-0.189272
2010-12-08,1.371663,0.219355,0.370318,-0.150963
2010-12-09,1.374401,0.164245,0.370589,-0.206344
2010-12-10,1.377139,0.134283,0.370859,-0.236576
2010-12-11,1.379877,0.185367,0.371126,-0.185758
2010-12-12,1.382615,0.174740,0.371391,-0.196651
2010-12-13,1.385352,0.177177,0.371654,-0.194477
2010-12-14,1.388090,0.188360,0.371914,-0.183554
2010-12-15,1.390828,0.208408,0.372173,-0.163765
2010-12-16,1.393566,0.199981,0.372430,-0.172449
2010-12-17,1.396304,0.206921,0.372684,-0.165763
2010-12-18,1.399042,0.204430,0.372937,-0.168507
2010-12-19,1.401780,0.196776,0.373188,-0.176411
2010-12-20,1.404517,0.210482,0.373436,-0.162954
2010-12-21,1.407255,0.210955,0.373683,-0.162728
2010-12-22,1.409993,0.189749,0.373927,-0.184178
2010-12-23,1.412731,0.185485,0.374170,-0.188685
2010-12-24,1.415469,0.182341,0.374410,-0.192070
2010-12-25,1.418207,0.178022,0.374649,-0.196627
2010-12-26,1.420945,0.184582,0.374886,-0.190304
2010-12-27,1.423682,0.184179,0.375121,-0.190942
2010-12-28,1.426420,0.200276,0.375354,-0.175077
2010-12-29,1.429158,0.226763,0.375585,-0.148821
2010-12-30,1.431896,0.230596,0.375814,-0.145218
2010-12-31,1.434634,0.228942,0.376041,-0.147099
2011-01-01,1.437372,0.224371,0.376266,-0.151895
2011-01-02,1.440110,0.220205,0.376490,-0.156285
2011-01-03,1.442847,0.211084,0.376712,-0.165628
2011-01-04,1.445585,0.208918,0.376932,-0.168013
2011-01-05,1.448323,0.205788,0.377150,-0.171361
2011-01-06,1.451061,0.203709,0.377366,-0.173657
2011-01-07,1.453799,0.222555,0.377580,-0.155025
2011-01-08,1.456537,0.221149,0.377793,-0.156644
2011-01-09,1.459274,0.227386,0.378004,-0.150618
2011-01-10,1.462012,0.227114,0.378213,-0.151099
2011-01-11,1.464750,0.223070,0.378420,-0.155351
2011-01-12,1.467488,0.227719,0.378626,-0.150907
2011-01-13,1.470226,0.266863,0.378830,-0.111967
2011-01-14,1.472964,0.270671,0.379032,-0.108362
2011-01-15,1.475702,0.286475,0.379233,-0.092758
2011-01-16,1.478439,0.284355,0.379432,-0.095077
2011-01-17,1.481177,0.263809,0.379629,-0.115820
2011-01-18,1.483915,0.205002,0.379824,-0.174822
2011-01-19,1.486653,0.170014,0.380018,-0.210004
2011-01-20,1.489391,0.206324,0.380210,-0.173887
2011-01-21,1.492129,0.262089,0.380401,-0.118312
2011-01-22,1.494867,0.288327,0.380590,-0.092263
2011-01-23,1.497604,0.301106,0.380777,-0.079671
2011-01-24,1.500342,0.269479,0.380963,-0.111484
2011-01-25,1.503080,0.271840,0.381147,-0.109307
2011-01-26,1.505818,0.261115,0.381330,-0.120215
2011-01-27,1.508556,0.262203,0.381511,-0.119308
2011-01-28,1.511294,0.275505,0.381690,-0.106185
2011-01-29,1.514031,0.280757,0.381868,-0.101111
2011-01-30,1.516769,0.297974,0.382045,-0.084070
2011-01-31,1.519507,0.329071,0.382219,-0.053148
2011-02-01,1.522245,0.454422,0.382393,0.072029
2011-02-02,1.524983,0.481502,0.382565,0.098937
2011-02-03,1.527721,0.469653,0.382735,0.086918
2011-02-04,1.530459,0.499996,0.382904,0.117092
2011-02-05,1.533196,0.550902,0.383071,0.167831
2011-02-06,1.535934,0.556209,0.383237,0.172972
2011-02-07,1.538672,0.541215,0.383401,0.157813
2011-02-08,1.541410,0.547695,0.383564,0.164130
2011-02-09,1.544148,0.560874,0.383726,0.177148
2011-02-10,1.546886,0.602760,0.383886,0.218873
2011-02-11,1.549624,0.576391,0.384045,0.192346
2011-02-12,1.552361,0.597540,0.384202,0.213337
2011-02-13,1.555099,0.595774,0.384358,0.211415
2011-02-14,1.557837,0.597775,0.384513,0.213263
2011-02-15,1.560575,0.590230,0.384666,0.205564
2011-02-16,1.563313,0.582016,0.384818,0.197199
2011-02-17,1.566051,0.580664,0.384968,0.195695
2011-02-18,1.568789,0.556802,0.385117,0.171684
2011-02-19,1.571526,0.522777,0.385265,0.137512
2011-02-20,1.574264,0.488214,0.385412,0.102803
2011-02-21,1.577002,0.475345,0.385557,0.089788
2011-02-22,1.579740,0.477775,0.385701,0.092074
2011-02-23,1.582478,0.495228,0.385843,0.109385
2011-02-24,1.585216,0.510005,0.385984,0.124021
2011-02-25,1.587953,0.515817,0.386124,0.129693
2011-02-26,1.590691,0.500649,0.386263,0.114386
2011-02-27,1.593429,0.495054,0.386401,0.108653
2011-02-28,1.596167,0.470240,0.386537,0.083703
2011-03-01,1.598905,0.478988,0.386672,0.092316
2011-03-02,1.601643,0.476717,0.386806,0.089911
2011-03-03,1.604381,0.475965,0.386938,0.089026
2011-03-04,1.607118,0.464788,0.387070,0.077718
2011-03-05,1.609856,0.456984,0.387200,0.069784
2011-03-06,1.612594,0.424113,0.387329,0.036784
2011-03-07,1.615332,0.433854,0.387456,0.046398
2011-03-08,1.618070,0.429040,0.387583,0.041457
2011-03-09,1.620808,0.418912,0.387708,0.031204
2011-03-10,1.623546,0.418583,0.387833,0.030751
2011-03-11,1.626283,0.428939,0.387956,0.040983
2011-03-12,1.629021,0.427214,0.388078,0.039136
2011-03-13,1.631759,0.424800,0.388198,0.036602
2011-03-14,1.634497,0.415359,0.388318,0.027041
2011-03-15,1.637235,0.408176,0.388437,0.019739
2011-03-16,1.639973,0.393488,0.388554,0.004934
2011-03-17,1.642710,0.378957,0.388671,-0.009713
2011-03-18,1.645448,0.359159,0.388786,-0.029627
2011-03-19,1.648186,0.329250,0.388900,-0.059650
2011-03-20,1.650924,0.330637,0.389013,-0.058376
2011-03-21,1.653662,0.316824,0.389125,-0.072302
2011-03-22,1.656400,0.327713,0.389236,-0.061523
2011-03-23,1.659138,0.352927,0.389346,-0.036419
2011-03-24,1.661875,0.360653,0.389455,-0.028803
2011-03-25,1.664613,0.368325,0.389563,-0.021238
2011-03-26,1.667351,0.360244,0.389670,-0.029426
2011-03-27,1.670089,0.345258,0.389776,-0.044518
2011-03-28,1.672827,0.321408,0.389881,-0.068473
2011-03-29,1.675565,0.307643,0.389985,-0.082342
2011-03-30,1.678303,0.302941,0.390088,-0.087147
2011-03-31,1.681040,0.300603,0.390190,-0.089586
2011-04-01,1.683778,0.292948,0.390291,-0.097343
2011-04-02,1.686516,0.292396,0.390391,-0.097994
2011-04-03,1.689254,0.285904,0.390490,-0.104585
2011-04-04,1.691992,0.230493,0.390588,-0.160095
2011-04-05,1.694730,0.203564,0.390685,-0.187121
2011-04-06,1.697467,0.236939,0.390781,-0.153842
2011-04-07,1.700205,0.255485,0.390876,-0.135392
2011-04-08,1.702943,0.258442,0.390971,-0.132529
2011-04-09,1.705681,0.245024,0.391064,-0.146040
2011-04-10,1.708419,0.237641,0.391157,-0.153516
2011-04-11,1.711157,0.244786,0.391249,-0.146463
2011-04-12,1.713895,0.284655,0.391339,-0.106684
2011-04-13,1.716632,0.320006,0.391429,-0.071423
2011-04-14,1.719370,0.323821,0.391518,-0.067697
2011-04-15,1.722108,0.355283,0.391606,-0.036323
2011-04-16,1.724846,0.359072,0.391694,-0.032622
2011-04-17,1.727584,0.363177,0.391780,-0.028604
2011-04-18,1.730322,0.398515,0.391866,0.006650
2011-04-19,1.733060,0.405497,0.391951,0.013546
2011-04-20,1.735797,0.398431,0.392035,0.006396
2011-04-21,1.738535,0.395296,0.392118,0.003178
2011-04-22,1.741273,0.429828,0.392200,0.037628
2011-04-23,1.744011,0.488116,0.392282,0.095834
2011-04-24,1.746749,0.543531,0.392362,0.151168
2011-04-25,1.749487,0.516613,0.392442,0.124171
2011-04-26,1.752225,0.524638,0.392521,0.132116
2011-04-27,1.754962,0.575776,0.392600,0.183176
2011-04-28,1.757700,0.604998,0.392677,0.212321
2011-04-29,1.760438,0.695978,0.392754,0.303224
2011-04-30,1.763176,0.794127,0.392830,0.401297
2011-05-01,1.765914,0.815904,0.392906,0.422998
2011-05-02,1.768652,0.793871,0.392980,0.400891
2011-05-03,1.771389,0.803420,0.393054,0.410366
2011-05-04,1.774127,0.814432,0.393127,0.421305
2011-05-05,1.776865,0.812794,0.393200,0.419594
2011-05-06,1.779603,0.817505,0.393271,0.424234
2011-05-07,1.782341,0.824693,0.393342,0.431351
2011-05-08,1.785079,0.844290,0.393413,0.450878
2011-05-09,1.787817,0.847191,0.393482,0.453709
2011-05-10,1.790554,0.931240,0.393551,0.537689
2011-05-11,1.793292,1.007114,0.393619,0.613495
2011-05-12,1.796030,1.006944,0.393687,0.613257
2011-05-13,1.798768,1.125205,0.393754,0.731451
2011-05-14,1.801506,1.165183,0.393820,0.771363
2011-05-15,1.804244,1.070661,0.393885,0.676776
2011-05-16,1.806982,1.128177,0.393950,0.734227
2011-05-17,1.809719,1.120841,0.394015,0.726827
2011-05-18,1.812457,1.089885,0.394078,0.695807
2011-05-19,1.815195,1.075605,0.394141,0.681463
2011-05-20,1.817933,1.050341,0.394204,0.656137
2011-05-21,1.820671,0.994977,0.394265,0.600711
2011-05-22,1.823409,1.025860,0.394326,0.631534
2011-05-23,1.826146,1.068374,0.394387,0.673987
2011-05-24,1.828884,1.065913,0.394447,0.671466
2011-05-25,1.831622,1.082018,0.394506,0.687512
2011-05-26,1.834360,1.139000,0.394565,0.744435
2011-05-27,1.837098,1.144660,0.394623,0.750037
2011-05-28,1.839836,1.129532,0.394681,0.734852
2011-05-29,1.842574,1.117087,0.394738,0.722349
2011-05-30,1.845311,1.129353,0.394794,0.734559
2011-05-31,1.848049,1.141086,0.394850,0.746236
2011-06-01,1.850787,1.144882,0.394905,0.749976
2011-06-02,1.853525,1.187510,0.394960,0.792549
2011-06-03,1.856263,1.286167,0.395014,0.891152
2011-06-04,1.859001,1.389739,0.395068,0.994671
2011-06-05,1.861739,1.417831,0.395121,1.022709
2011-06-06,1.864476,1.434261,0.395174,1.039087
2011-06-07,1.867214,1.448973,0.395226,1.053747
2011-06-08,1.869952,1.602165,0.395278,1.206888
2011-06-09,1.872690,1.633441,0.395329,1.238112
2011-06-10,1.875428,1.583629,0.395380,1.188249
2011-06-11,1.878166,1.455091,0.395430,1.059661
2011-06-12,1.880903,1.374129,0.395479,0.978649
2011-06-13,1.883641,1.469430,0.395528,1.073902
2011-06-14,1.886379,1.430060,0.395577,1.034483
2011-06-15,1.889117,1.439261,0.395625,1.043635
2011-06-16,1.891855,1.425236,0.395673,1.029563
2011-06-17,1.894593,1.334391,0.395720,0.938671
2011-06-18,1.897331,1.334351,0.395767,0.938584
2011-06-19,1.900068,1.378253,0.395813,0.982440
2011-06-20,1.902806,1.273712,0.395859,0.877853
2011-06-21,1.905544,1.303361,0.395905,0.907456
2011-06-22,1.908282,1.330704,0.395950,0.934754
2011-06-23,1.911020,1.360788,0.395994,0.964793
2011-06-24,1.913758,1.357849,0.396039,0.961811
2011-06-25,1.916496,1.354668,0.396082,0.958585
2011-06-26,1.919233,1.351739,0.396126,0.955613
2011-06-27,1.921971,1.335984,0.396168,0.939815
2011-06-28,1.924709,1.319595,0.396211,0.923384
2011-06-29,1.927447,1.303068,0.396253,0.906815
2011-06-30,1.930185,1.286120,0.396295,0.889825
2011-07-01,1.932923,1.268725,0.396336,0.872389
2011-07-02,1.935661,1.250852,0.396377,0.854475
2011-07-03,1.938398,1.235557,0.396418,0.839139
2011-07-04,1.941136,1.203770,0.396458,0.807313
2011-07-05,1.943874,1.187990,0.396497,0.791492
2011-07-06,1.946612,1.245621,0.396537,0.849084
2011-07-07,1.949350,1.226345,0.396576,0.829769
2011-07-08,1.952088,1.228878,0.396615,0.832264
2011-07-09,1.954825,1.228774,0.396653,0.832121
2011-07-10,1.957563,1.241157,0.396691,0.844466
2011-07-11,1.960301,1.207975,0.396729,0.811246
2011-07-12,1.963039,1.202019,0.396766,0.805253
2011-07-13,1.965777,1.198761,0.396803,0.801958
2011-07-14,1.968515,1.198936,0.396839,0.802097
2011-07-15,1.971253,1.204760,0.396876,0.807884
2011-07-16,1.973990,1.176176,0.396912,0.779264
2011-07-17,1.976728,1.171659,0.396947,0.774711
2011-07-18,1.979466,1.170260,0.396983,0.773277
2011-07-19,1.982204,1.171551,0.397018,0.774533
2011-07-20,1.984942,1.169985,0.397052,0.772932
2011-07-21,1.987680,1.171542,0.397087,0.774455
2011-07-22,1.990418,1.166804,0.397121,0.769683
2011-07-23,1.993155,1.159788,0.397155,0.762634
2011-07-24,1.995893,1.160992,0.397188,0.763804
2011-07-25,1.998631,1.167398,0.397222,0.770176
2011-07-26,2.001369,1.163993,0.397255,0.766738
2011-07-27,2.004107,1.157298,0.397287,0.760011
2011-07-28,2.006845,1.145672,0.397320,0.748352
2011-07-29,2.009582,1.138659,0.397352,0.741307
2011-07-30,2.012320,1.138698,0.397384,0.741314
2011-07-31,2.015058,1.128732,0.397416,0.731317
2011-08-01,2.017796,1.118679,0.397447,0.721232
2011-08-02,2.020534,1.096513,0.397478,0.699035
2011-08-03,2.023272,1.019197,0.397509,0.621688
2011-08-04,2.026010,1.018710,0.397540,0.621171
2011-08-05,2.028747,1.013159,0.397570,0.615589
2011-08-06,2.031485,0.931394,0.397600,0.533794
2011-08-07,2.034223,0.886160,0.397630,0.488530
2011-08-08,2.036961,0.879089,0.397660,0.481429
2011-08-09,2.039699,0.956264,0.397689,0.558575
2011-08-10,2.042437,0.973620,0.397719,0.575901
2011-08-11,2.045175,0.958292,0.397748,0.560544
2011-08-12,2.047912,0.936458,0.397777,0.538681
2011-08-13,2.050650,0.947715,0.397805,0.549910
2011-08-14,2.053388,0.975810,0.397834,0.577976
2011-08-15,2.056126,1.002006,0.397862,0.604144
2011-08-16,2.058864,0.995356,0.397890,0.597466
2011-08-17,2.061602,0.988091,0.397918,0.590173
2011-08-18,2.064339,0.984921,0.397945,0.586975
2011-08-19,2.067077,0.996996,0.397973,0.599023
2011-08-20,2.069815,1.000186,0.398000,0.602186
2011-08-21,2.072553,0.992871,0.398027,0.594844
2011-08-22,2.075291,0.980324,0.398054,0.582269
2011-08-23,2.078029,0.973859,0.398081,0.575778
2011-08-24,2.080767,0.967081,0.398107,0.568973
2011-08-25,2.083504,0.937259,0.398134,0.539125
2011-08-26,2.086242,0.924505,0.398160,0.526345
2011-08-27,2.088980,0.857737,0.398186,0.459551
2011-08-28,2.091718,0.862512,0.398212,0.464300
2011-08-29,2.094456,0.865036,0.398238,0.466798
2011-08-30,2.097194,0.856870,0.398263,0.458607
2011-08-31,2.099932,0.835508,0.398289,0.437219
2011-09-01,2.102669,0.820581,0.398314,0.422267
2011-09-02,2.105407,0.828766,0.398339,0.430426
2011-09-03,2.108145,0.830930,0.398364,0.432566
2011-09-04,2.110883,0.812597,0.398389,0.414207
2011-09-05,2.113621,0.778662,0.398414,0.380248
2011-09-06,2.116359,0.723815,0.398439,0.325377
2011-09-07,2.119097,0.737207,0.398463,0.338744
2011-09-08,2.121834,0.721892,0.398488,0.323404
2011-09-09,2.124572,0.608261,0.398512,0.209749
2011-09-10,2.127310,0.587557,0.398536,0.189021
2011-09-11,2.130048,0.638023,0.398560,0.239463
2011-09-12,2.132786,0.664562,0.398584,0.265978
2011-09-13,2.135524,0.649182,0.398608,0.250574
2011-09-14,2.138261,0.619032,0.398632,0.220401
2011-09-15,2.140999,0.579974,0.398655,0.181319
2011-09-16,2.143737,0.550200,0.398679,0.151521
2011-09-17,2.146475,0.550083,0.398702,0.151380
2011-09-18,2.149213,0.551435,0.398726,0.152709
2011-09-19,2.151951,0.559986,0.398749,0.161238
2011-09-20,2.154689,0.607663,0.398772,0.208891
2011-09-21,2.157426,0.603727,0.398795,0.204932
2011-09-22,2.160164,0.594319,0.398818,0.195501
2011-09-23,2.162902,0.593707,0.398841,0.194866
2011-09-24,2.165640,0.589809,0.398864,0.190946
2011-09-25,2.168378,0.595575,0.398887,0.196688
2011-09-26,2.171116,0.573674,0.398909,0.174765
2011-09-27,2.173854,0.521184,0.398932,0.122252
2011-09-28,2.176591,0.515044,0.398954,0.116090
2011-09-29,2.179329,0.505918,0.398977,0.106941
2011-09-30,2.182067,0.524413,0.398999,0.125414
2011-10-01,2.184805,0.518351,0.399022,0.119329
2011-10-02,2.187543,0.515118,0.399044,0.116074
2011-10-03,2.190281,0.504952,0.399066,0.105885
2011-10-04,2.193018,0.506724,0.399089,0.107636
2011-10-05,2.195756,0.512353,0.399111,0.113242
2011-10-06,2.198494,0.490209,0.399133,0.091076
2011-10-07,2.201232,0.461608,0.399155,0.062453
2011-10-08,2.203970,0.428228,0.399177,0.029051
2011-10-09,2.206708,0.402835,0.399199,0.003636
2011-10-10,2.209446,0.416385,0.399221,0.017164
2011-10-11,2.212183,0.418902,0.399243,0.019659
2011-10-12,2.214921,0.389001,0.399265,-0.010264
2011-10-13,2.217659,0.392940,0.399287,-0.006346
2011-10-14,2.220397,0.390700,0.399309,-0.008609
2011-10-15,2.223135,0.375990,0.399330,-0.023341
2011-10-16,2.225873,0.350226,0.399352,-0.049127
2011-10-17,2.228611,0.319274,0.399374,-0.080100
2011-10-18,2.231348,0.189541,0.399396,-0.209855
2011-10-19,2.234086,0.148188,0.399417,-0.251230
2011-10-20,2.236824,0.127186,0.399439,-0.272253
2011-10-21,2.239562,0.149933,0.399461,-0.249528
2011-10-22,2.242300,0.241211,0.399483,-0.158271
2011-10-23,2.245038,0.249740,0.399504,-0.149764
2011-10-24,2.247775,0.222894,0.399526,-0.176632
2011-10-25,2.250513,0.191169,0.399548,-0.208378
2011-10-26,2.253251,0.189838,0.399569,-0.209731
2011-10-27,2.255989,0.208012,0.399591,-0.191580
2011-10-28,2.258727,0.273136,0.399613,-0.126477
2011-10-29,2.261465,0.316541,0.399634,-0.083093
2011-10-30,2.264203,0.280955,0.399656,-0.118701
2011-10-31,2.266940,0.246934,0.399678,-0.152743
2011-11-01,2.269678,0.242817,0.399700,-0.156882
2011-11-02,2.272416,0.242684,0.399721,-0.157037
2011-11-03,2.275154,0.240708,0.399743,-0.159035
2011-11-04,2.277892,0.239716,0.399765,-0.160048
2011-11-05,2.280630,0.210383,0.399787,-0.189404
2011-11-06,2.283368,0.192626,0.399808,-0.207182
2011-11-07,2.286105,0.195200,0.399830,-0.204630
2011-11-08,2.288843,0.210918,0.399852,-0.188934
2011-11-09,2.291581,0.203645,0.399874,-0.196229
2011-11-10,2.294319,0.200527,0.399896,-0.199369
2011-11-11,2.297057,0.201394,0.399918,-0.198524
2011-11-12,2.299795,0.207601,0.399940,-0.192339
2011-11-13,2.302533,0.200749,0.399962,-0.199212
2011-11-14,2.305270,0.123827,0.399984,-0.276156
2011-11-15,2.308008,0.110585,0.400006,-0.289420
2011-11-16,2.310746,0.105817,0.400028,-0.294211
2011-11-17,2.313484,0.100461,0.400050,-0.299589
2011-11-18,2.316222,0.060773,0.400072,-0.339299
2011-11-19,2.318960,0.050837,0.400094,-0.349257
2011-11-20,2.321697,0.037736,0.400116,-0.362381
2011-11-21,2.324435,0.057365,0.400139,-0.342773
2011-11-22,2.327173,0.054083,0.400161,-0.346077
2011-11-23,2.329911,0.030347,0.400183,-0.369836
2011-11-24,2.332649,0.078910,0.400206,-0.321295
2011-11-25,2.335387,0.282123,0.400228,-0.118105
2011-11-26,2.338125,0.071220,0.400251,-0.329031
2011-11-27,2.340862,0.057838,0.400273,-0.342435
2011-11-28,2.343600,0.081459,0.400296,-0.318837
2011-11-29,2.346338,0.119808,0.400319,-0.280511
2011-11-30,2.349076,0.126197,0.400341,-0.274144
2011-12-01,2.351814,0.165552,0.400364,-0.234812
2011-12-02,2.354552,0.147709,0.400387,-0.252678
2011-12-03,2.357290,0.122758,0.400410,-0.277652
2011-12-04,2.360027,0.090744,0.400433,-0.309688
2011-12-05,2.362765,0.104263,0.400456,-0.296193
2011-12-06,2.365503,0.118719,0.400479,-0.281760
2011-12-07,2.368241,0.131675,0.400502,-0.268827
2011-12-08,2.370979,0.129213,0.400525,-0.271312
2011-12-09,2.373717,0.110869,0.400549,-0.289680
2011-12-10,2.376454,0.121159,0.400572,-0.279413
2011-12-11,2.379192,0.135804,0.400595,-0.264791
2011-12-12,2.381930,0.154437,0.400619,-0.246182
2011-12-13,2.384668,0.140108,0.400643,-0.260535
2011-12-14,2.387406,0.140203,0.400666,-0.260464
2011-12-15,2.390144,0.140318,0.400690,-0.260372
2011-12-16,2.392882,0.133896,0.400714,-0.266818
2011-12-17,2.395619,0.137681,0.400738,-0.263057
2011-12-18,2.398357,0.139052,0.400762,-0.261709
2011-12-19,2.401095,0.168958,0.400786,-0.231828
2011-12-20,2.403833,0.237696,0.400810,-0.163114
2011-12-21,2.406571,0.222648,0.400834,-0.178186
2011-12-22,2.409309,0.205539,0.400858,-0.195320
2011-12-23,2.412047,0.205975,0.400883,-0.194908
2011-12-24,2.414784,0.222638,0.400907,-0.178269
2011-12-25,2.417522,0.218172,0.400932,-0.182760
2011-12-26,2.420260,0.219647,0.400956,-0.181309
2011-12-27,2.422998,0.208361,0.400981,-0.192620
2011-12-28,2.425736,0.218086,0.401006,-0.182919
2011-12-29,2.428474,0.215592,0.401031,-0.185438
2011-12-30,2.431211,0.221136,0.401056,-0.179919
2011-12-31,2.433949,0.230404,0.401081,-0.170677
2012-01-01,2.436687,0.266522,0.401106,-0.134584
2012-01-02,2.439425,0.286195,0.401131,-0.114936
2012-01-03,2.442163,0.283231,0.401156,-0.117926
2012-01-04,2.444901,0.286139,0.401182,-0.115043
2012-01-05,2.447639,0.352848,0.401207,-0.048359
2012-01-06,2.450376,0.386352,0.401233,-0.014881
2012-01-07,2.453114,0.391873,0.401259,-0.009386
2012-01-08,2.455852,0.404441,0.401284,0.003156
2012-01-09,2.458590,0.382324,0.401310,-0.018987
2012-01-10,2.461328,0.367428,0.401336,-0.033909
2012-01-11,2.464066,0.390514,0.401362,-0.010848
2012-01-12,2.466804,0.387753,0.401389,-0.013635
2012-01-13,2.469541,0.375094,0.401415,-0.026321
2012-01-14,2.472279,0.358448,0.401441,-0.042993
2012-01-15,2.475017,0.387350,0.401468,-0.014118
2012-01-16,2.477755,0.370432,0.401495,-0.031063
2012-01-17,2.480493,0.351719,0.401521,-0.049802
2012-01-18,2.483231,0.318388,0.401548,-0.083160
2012-01-19,2.485969,0.325358,0.401575,-0.076217
2012-01-20,2.488706,0.351466,0.401602,-0.050136
2012-01-21,2.491444,0.333325,0.401629,-0.068304
2012-01-22,2.494182,0.329640,0.401656,-0.072016
2012-01-23,2.496920,0.325056,0.401684,-0.076628
2012-01-24,2.499658,0.326089,0.401711,-0.075622
2012-01-25,2.502396,0.315184,0.401739,-0.086555
2012-01-26,2.505133,0.284242,0.401766,-0.117525
2012-01-27,2.507871,0.242250,0.401794,-0.159545
2012-01-28,2.510609,0.225139,0.401822,-0.176683
2012-01-29,2.513347,0.253069,0.401850,-0.148781
2012-01-30,2.516085,0.247640,0.401878,-0.154238
2012-01-31,2.518823,0.253242,0.401906,-0.148664
2012-02-01,2.521561,0.259282,0.401935,-0.142653
2012-02-02,2.524298,0.284191,0.401963,-0.117772
2012-02-03,2.527036,0.282934,0.401992,-0.119058
2012-02-04,2.529774,0.273213,0.402020,-0.128807
2012-02-05,2.532512,0.250820,0.402049,-0.151229
2012-02-06,2.535250,0.233611,0.402078,-0.168467
2012-02-07,2.537988,0.236944,0.402107,-0.165163
2012-02-08,2.540726,0.231892,0.402136,-0.170244
2012-02-09,2.543463,0.240190,0.402165,-0.161976
2012-02-10,2.546201,0.249174,0.402195,-0.153021
2012-02-11,2.548939,0.234606,0.402224,-0.167618
2012-02-12,2.551677,0.227428,0.402254,-0.174825
2012-02-13,2.554415,0.217012,0.402283,-0.185272
2012-02-14,2.557153,0.163660,0.402313,-0.238653
2012-02-15,2.559890,0.150998,0.402343,-0.251345
2012-02-16,2.562628,0.119674,0.402373,-0.282699
2012-02-17,2.565366,0.129478,0.402403,-0.272925
2012-02-18,2.568104,0.103743,0.402433,-0.298690
2012-02-19,2.570842,0.093093,0.402464,-0.309371
2012-02-20,2.573580,0.103651,0.402494,-0.298843
2012-02-21,2.576318,0.098486,0.402525,-0.304039
2012-02-22,2.579055,0.102763,0.402555,-0.299792
2012-02-23,2.581793,0.131288,0.402586,-0.271298
2012-02-24,2.584531,0.148599,0.402617,-0.254018
2012-02-25,2.587269,0.141089,0.402648,-0.261559
2012-02-26,2.590007,0.133092,0.402679,-0.269587
2012-02-27,2.592745,0.138917,0.402711,-0.263793
2012-02-28,2.595483,0.131563,0.402742,-0.271179
2012-02-29,2.598220,0.126075,0.402773,-0.276698
2012-03-01,2.600958,0.127637,0.402805,-0.275168
2012-03-02,2.603696,0.107599,0.402837,-0.295238
2012-03-03,2.606434,0.102855,0.402869,-0.300014
2012-03-04,2.609172,0.103514,0.402901,-0.299387
2012-03-05,2.611910,0.114850,0.402933,-0.288083
2012-03-06,2.614648,0.118177,0.402965,-0.284788
2012-03-07,2.617385,0.116941,0.402997,-0.286056
2012-03-08,2.620123,0.109132,0.403030,-0.293897
2012-03-09,2.622861,0.108793,0.403062,-0.294270
2012-03-10,2.625599,0.099895,0.403095,-0.303200
2012-03-11,2.628337,0.099446,0.403128,-0.303682
2012-03-12,2.631075,0.099751,0.403161,-0.303409
2012-03-13,2.633812,0.111018,0.403194,-0.292175
2012-03-14,2.636550,0.131223,0.403227,-0.272004
2012-03-15,2.639288,0.126613,0.403260,-0.276647
2012-03-16,2.642026,0.123180,0.403293,-0.280113
2012-03-17,2.644764,0.124340,0.403327,-0.278987
2012-03-18,2.647502,0.117329,0.403360,-0.286031
2012-03-19,2.650240,0.095869,0.403394,-0.307525
2012-03-20,2.652977,0.074043,0.403428,-0.329385
2012-03-21,2.655715,0.074467,0.403462,-0.328995
2012-03-22,2.658453,0.067875,0.403496,-0.335621
2012-03-23,2.661191,0.057332,0.403530,-0.346199
2012-03-24,2.663929,0.052271,0.403564,-0.351293
2012-03-25,2.666667,0.042944,0.403599,-0.360655
2012-03-26,2.669405,0.040264,0.403633,-0.363370
2012-03-27,2.672142,0.046662,0.403668,-0.357006
2012-03-28,2.674880,0.052448,0.403703,-0.351255
2012-03-29,2.677618,0.049426,0.403737,-0.354311
2012-03-30,2.680356,0.048272,0.403772,-0.355500
2012-03-31,2.683094,0.053145,0.403808,-0.350663
2012-04-01,2.685832,0.044983,0.403843,-0.358860
2012-04-02,2.688569,0.049631,0.403878,-0.354247
2012-04-03,2.691307,0.050429,0.403913,-0.353484
2012-04-04,2.694045,0.047363,0.403949,-0.356586
2012-04-05,2.696783,0.045049,0.403985,-0.358935
2012-04-06,2.699521,0.043288,0.404020,-0.360732
2012-04-07,2.702259,0.031126,0.404056,-0.372930
2012-04-08,2.704997,0.021947,0.404092,-0.382145
2012-04-09,2.707734,0.022071,0.404128,-0.382058
2012-04-10,2.710472,0.024027,0.404164,-0.380137
2012-04-11,2.713210,0.022245,0.404201,-0.381955
2012-04-12,2.715948,0.024574,0.404237,-0.379663
2012-04-13,2.718686,0.022621,0.404274,-0.381653
2012-04-14,2.721424,0.025894,0.404310,-0.378416
2012-04-15,2.724162,0.022171,0.404347,-0.382176
2012-04-16,2.726899,0.021414,0.404384,-0.382970
2012-04-17,2.729637,0.020787,0.404421,-0.383634
2012-04-18,2.732375,0.030295,0.404458,-0.374163
2012-04-19,2.735113,0.031754,0.404495,-0.372741
2012-04-20,2.737851,0.034341,0.404532,-0.370191
2012-04-21,2.740589,0.038364,0.404569,-0.366206
2012-04-22,2.743326,0.029778,0.404607,-0.374829
2012-04-23,2.746064,0.024422,0.404644,-0.380222
2012-04-24,2.748802,0.015304,0.404682,-0.389378
2012-04-25,2.751540,0.014425,0.404720,-0.390295
2012-04-26,2.754278,0.010034,0.404758,-0.394724
2012-04-27,2.757016,0.017153,0.404796,-0.387643
2012-04-28,2.759754,-0.002489,0.404834,-0.407323
2012-04-29,2.762491,-0.009841,0.404872,-0.414713
2012-04-30,2.765229,-0.009219,0.404910,-0.414129
2012-05-01,2.767967,-0.010950,0.404949,-0.415899
2012-05-02,2.770705,-0.000002,0.404987,-0.404989
2012-05-03,2.773443,-0.004821,0.405026,-0.409847
2012-05-04,2.776181,-0.002449,0.405064,-0.407513
2012-05-05,2.778919,-0.007452,0.405103,-0.412555
2012-05-06,2.781656,-0.013466,0.405142,-0.418608
2012-05-07,2.784394,-0.017022,0.405181,-0.422203
2012-05-08,2.787132,-0.019366,0.405220,-0.424586
2012-05-09,2.789870,-0.016390,0.405259,-0.421649
2012-05-10,2.792608,-0.026566,0.405298,-0.431864
2012-05-11,2.795346,-0.029442,0.405338,-0.434780
2012-05-12,2.798084,-0.037457,0.405377,-0.442834
2012-05-13,2.800821,-0.039170,0.405417,-0.444587
2012-05-14,2.803559,-0.041907,0.405456,-0.447363
2012-05-15,2.806297,-0.042074,0.405496,-0.447570
2012-05-16,2.809035,-0.040884,0.405536,-0.446420
2012-05-17,2.811773,-0.041703,0.405576,-0.447279
2012-05-18,2.814511,-0.040642,0.405616,-0.446258
2012-05-19,2.817248,-0.040452,0.405656,-0.446108
2012-05-20,2.819986,-0.038558,0.405696,-0.444254
2012-05-21,2.822724,-0.045612,0.405736,-0.451348
2012-05-22,2.825462,-0.048475,0.405776,-0.454251
2012-05-23,2.828200,-0.047144,0.405817,-0.452961
2012-05-24,2.830938,-0.050261,0.405857,-0.456119
2012-05-25,2.833676,-0.052074,0.405898,-0.457972
2012-05-26,2.836413,-0.054986,0.405938,-0.460925
2012-05-27,2.839151,-0.054953,0.405979,-0.460932
2012-05-28,2.841889,-0.058925,0.406020,-0.464945
2012-05-29,2.844627,-0.061503,0.406061,-0.467564
2012-05-30,2.847365,-0.062376,0.406102,-0.468478
2012-05-31,2.850103,-0.063279,0.406143,-0.469422
2012-06-01,2.852841,-0.058894,0.406184,-0.465077
2012-06-02,2.855578,-0.061659,0.406225,-0.467885
2012-06-03,2.858316,-0.064446,0.406266,-0.470713
2012-06-04,2.861054,-0.066469,0.406308,-0.472776
2012-06-05,2.863792,-0.058589,0.406349,-0.464939
2012-06-06,2.866530,-0.053789,0.406391,-0.460179
2012-06-07,2.869268,-0.051065,0.406432,-0.457497
2012-06-08,2.872005,-0.044256,0.406474,-0.450730
2012-06-09,2.874743,-0.045300,0.406516,-0.451816
2012-06-10,2.877481,-0.054199,0.406558,-0.460756
2012-06-11,2.880219,-0.055909,0.406599,-0.462508
2012-06-12,2.882957,-0.049040,0.406641,-0.455682
2012-06-13,2.885695,-0.035179,0.406683,-0.441862
2012-06-14,2.888433,-0.033712,0.406725,-0.440438
2012-06-15,2.891170,-0.030426,0.406768,-0.437194
2012-06-16,2.893908,-0.005069,0.406810,-0.411879
2012-06-17,2.896646,-0.006396,0.406852,-0.413248
2012-06-18,2.899384,-0.014864,0.406894,-0.421759
2012-06-19,2.902122,-0.006108,0.406937,-0.413044
2012-06-20,2.904860,0.002139,0.406979,-0.404841
2012-06-21,2.907598,0.006444,0.407022,-0.400577
2012-06-22,2.910335,-0.001941,0.407064,-0.409005
2012-06-23,2.913073,-0.009725,0.407107,-0.416832
2012-06-24,2.915811,-0.020278,0.407150,-0.427428
2012-06-25,2.918549,-0.024615,0.407193,-0.431808
2012-06-26,2.921287,-0.026451,0.407235,-0.433686
2012-06-27,2.924025,-0.018251,0.407278,-0.425529
2012-06-28,2.926762,-0.019566,0.407321,-0.426887
2012-06-29,2.929500,-0.009021,0.407364,-0.416385
2012-06-30,2.932238,-0.018227,0.407407,-0.425634
2012-07-01,2.934976,-0.020541,0.407450,-0.427992
2012-07-02,2.937714,-0.010989,0.407493,-0.418483
2012-07-03,2.940452,-0.025284,0.407537,-0.432820
2012-07-04,2.943190,-0.030044,0.407580,-0.437624
2012-07-05,2.945927,-0.026206,0.407623,-0.433829
2012-07-06,2.948665,-0.030415,0.407666,-0.438081
2012-07-07,2.951403,-0.026729,0.407710,-0.434439
2012-07-08,2.954141,-0.026235,0.407753,-0.433988
2012-07-09,2.956879,-0.022574,0.407797,-0.430371
2012-07-10,2.959617,-0.003082,0.407840,-0.410922
2012-07-11,2.962355,-0.003101,0.407884,-0.410985
2012-07-12,2.965092,-0.004725,0.407927,-0.412652
2012-07-13,2.967830,0.015621,0.407971,-0.392350
2012-07-14,2.970568,0.012946,0.408015,-0.395068
2012-07-15,2.973306,0.020469,0.408058,-0.387590
2012-07-16,2.976044,0.023327,0.408102,-0.384775
2012-07-17,2.978782,0.046537,0.408146,-0.361609
2012-07-18,2.981520,0.074253,0.408190,-0.333937
2012-07-19,2.984257,0.079522,0.408234,-0.328712
2012-07-20,2.986995,0.041818,0.408277,-0.366459
2012-07-21,2.989733,0.057818,0.408321,-0.350503
2012-07-22,2.992471,0.052604,0.408365,-0.355762
2012-07-23,2.995209,0.051695,0.408409,-0.356714
2012-07-24,2.997947,0.048586,0.408453,-0.359868
2012-07-25,3.000684,0.040469,0.408497,-0.368029
2012-07-26,3.003422,0.046094,0.408541,-0.362447
2012-07-27,3.006160,0.052429,0.408585,-0.356156
2012-07-28,3.008898,0.052509,0.408630,-0.356120
2012-07-29,3.011636,0.046496,0.408674,-0.362178
2012-07-30,3.014374,0.047945,0.408718,-0.360773
2012-07-31,3.017112,0.061715,0.408762,-0.347047
2012-08-01,3.019849,0.072877,0.408806,-0.335929
2012-08-02,3.022587,0.084491,0.408850,-0.324359
2012-08-03,3.025325,0.118765,0.408895,-0.290130
2012-08-04,3.028063,0.133657,0.408939,-0.275282
2012-08-05,3.030801,0.112200,0.408983,-0.296784
2012-08-06,3.033539,0.122809,0.409027,-0.286218
2012-08-07,3.036277,0.122856,0.409072,-0.286216
2012-08-08,3.039014,0.127831,0.409116,-0.281285
2012-08-09,3.041752,0.132645,0.409160,-0.276516
2012-08-10,3.044490,0.131677,0.409205,-0.277528
2012-08-11,3.047228,0.136105,0.409249,-0.273144
2012-08-12,3.049966,0.138989,0.409293,-0.270305
2012-08-13,3.052704,0.142981,0.409338,-0.266356
2012-08-14,3.055441,0.152298,0.409382,-0.257084
2012-08-15,3.058179,0.169772,0.409426,-0.239654
2012-08-16,3.060917,0.192345,0.409471,-0.217126
2012-08-17,3.063655,0.207574,0.409515,-0.201941
2012-08-18,3.066393,0.143063,0.409559,-0.266497
2012-08-19,3.069131,0.054382,0.409604,-0.355222
2012-08-20,3.071869,0.043792,0.409648,-0.365856
2012-08-21,3.074606,0.065299,0.409692,-0.344394
2012-08-22,3.077344,0.058732,0.409737,-0.351005
2012-08-23,3.080082,0.056293,0.409781,-0.353489
2012-08-24,3.082820,0.062937,0.409825,-0.346888
2012-08-25,3.085558,0.073510,0.409870,-0.336359
2012-08-26,3.088296,0.073359,0.409914,-0.336555
2012-08-27,3.091034,0.097553,0.409958,-0.312405
2012-08-28,3.093771,0.086737,0.410003,-0.323265
2012-08-29,3.096509,0.077469,0.410047,-0.332578
2012-08-30,3.099247,0.073488,0.410091,-0.336603
2012-08-31,3.101985,0.057914,0.410135,-0.352221
2012-09-01,3.104723,0.039746,0.410180,-0.370433
2012-09-02,3.107461,0.036853,0.410224,-0.373371
2012-09-03,3.110198,0.044840,0.410268,-0.365428
2012-09-04,3.112936,0.045930,0.410312,-0.364383
2012-09-05,3.115674,0.049347,0.410356,-0.361009
2012-09-06,3.118412,0.064454,0.410400,-0.345947
2012-09-07,3.121150,0.074688,0.410445,-0.335757
2012-09-08,3.123888,0.065461,0.410489,-0.345027
2012-09-09,3.126626,0.065995,0.410533,-0.344538
2012-09-10,3.129363,0.061188,0.410577,-0.349389
2012-09-11,3.132101,0.061244,0.410621,-0.349376
2012-09-12,3.134839,0.064862,0.410665,-0.345803
2012-09-13,3.137577,0.065893,0.410709,-0.344815
2012-09-14,3.140315,0.074211,0.410752,-0.336541
2012-09-15,3.143053,0.073985,0.410796,-0.336811
2012-09-16,3.145791,0.081986,0.410840,-0.328854
2012-09-17,3.148528,0.078178,0.410884,-0.332706
2012-09-18,3.151266,0.081137,0.410928,-0.329790
2012-09-19,3.154004,0.092276,0.410971,-0.318696
2012-09-20,3.156742,0.099527,0.411015,-0.311489
2012-09-21,3.159480,0.088614,0.411059,-0.322444
2012-09-22,3.162218,0.083799,0.411102,-0.327304
2012-09-23,3.164956,0.075994,0.411146,-0.335151
2012-09-24,3.167693,0.071765,0.411189,-0.339425
2012-09-25,3.170431,0.069691,0.411233,-0.341542
2012-09-26,3.173169,0.071240,0.411276,-0.340036
2012-09-27,3.175907,0.074367,0.411320,-0.336952
2012-09-28,3.178645,0.074365,0.411363,-0.336998
2012-09-29,3.181383,0.074953,0.411406,-0.336453
2012-09-30,3.184120,0.071298,0.411449,-0.340151
2012-10-01,3.186858,0.067164,0.411492,-0.344329
2012-10-02,3.189596,0.073578,0.411536,-0.337957
2012-10-03,3.192334,0.083206,0.411579,-0.328373
2012-10-04,3.195072,0.081912,0.411622,-0.329710
2012-10-05,3.197810,0.074548,0.411664,-0.337116
2012-10-06,3.200548,0.069870,0.411707,-0.341837
2012-10-07,3.203285,0.052383,0.411750,-0.359367
2012-10-08,3.206023,0.023693,0.411793,-0.388100
2012-10-09,3.208761,0.039870,0.411836,-0.371966
2012-10-10,3.211499,0.043543,0.411878,-0.368335
2012-10-11,3.214237,0.041051,0.411921,-0.370870
2012-10-12,3.216975,0.039299,0.411963,-0.372665
2012-10-13,3.219713,0.035459,0.412006,-0.376547
2012-10-14,3.222450,0.030781,0.412048,-0.381267
2012-10-15,3.225188,0.019612,0.412090,-0.392478
2012-10-16,3.227926,0.021038,0.412132,-0.391095
2012-10-17,3.230664,0.022111,0.412174,-0.390064
2012-10-18,3.233402,0.021002,0.412216,-0.391214
2012-10-19,3.236140,0.017330,0.412258,-0.394928
2012-10-20,3.238877,0.010506,0.412300,-0.401794
2012-10-21,3.241615,0.006690,0.412342,-0.405652
2012-10-22,3.244353,0.003128,0.412384,-0.409255
2012-10-23,3.247091,0.004337,0.412425,-0.408088
2012-10-24,3.249829,-0.001063,0.412467,-0.413530
2012-10-25,3.252567,-0.021123,0.412508,-0.433631
2012-10-26,3.255305,-0.050514,0.412550,-0.463064
2012-10-27,3.258042,-0.060074,0.412591,-0.472665
2012-10-28,3.260780,-0.064373,0.412632,-0.477005
2012-10-29,3.263518,-0.051524,0.412673,-0.464197
2012-10-30,3.266256,-0.042793,0.412714,-0.455507
2012-10-31,3.268994,-0.038702,0.412755,-0.451457
2012-11-01,3.271732,-0.034947,0.412796,-0.447742
2012-11-02,3.274470,-0.047564,0.412837,-0.460401
2012-11-03,3.277207,-0.057693,0.412877,-0.470571
2012-11-04,3.279945,-0.064380,0.412918,-0.477298
2012-11-05,3.282683,-0.060289,0.412958,-0.473247
2012-11-06,3.285421,-0.060610,0.412998,-0.473608
2012-11-07,3.288159,-0.056362,0.413039,-0.469400
2012-11-08,3.290897,-0.059871,0.413079,-0.472950
2012-11-09,3.293634,-0.060224,0.413119,-0.473342
2012-11-10,3.296372,-0.062392,0.413159,-0.475550
2012-11-11,3.299110,-0.064821,0.413198,-0.478019
2012-11-12,3.301848,-0.060191,0.413238,-0.473429
2012-11-13,3.304586,-0.063629,0.413278,-0.476907
2012-11-14,3.307324,-0.065444,0.413317,-0.478761
2012-11-15,3.310062,-0.064832,0.413356,-0.478188
2012-11-16,3.312799,-0.052411,0.413396,-0.465807
2012-11-17,3.315537,-0.045156,0.413435,-0.458591
2012-11-18,3.318275,-0.045056,0.413474,-0.458529
2012-11-19,3.321013,-0.047035,0.413512,-0.460548
2012-11-20,3.323751,-0.048527,0.413551,-0.462078
2012-11-21,3.326489,-0.050435,0.413590,-0.464025
2012-11-22,3.329227,-0.043657,0.413628,-0.457285
2012-11-23,3.331964,-0.036243,0.413667,-0.449910
2012-11-24,3.334702,-0.028794,0.413705,-0.442499
2012-11-25,3.337440,-0.033067,0.413743,-0.446810
2012-11-26,3.340178,-0.033437,0.413781,-0.447218
2012-11-27,3.342916,-0.045313,0.413819,-0.459132
2012-11-28,3.345654,-0.041338,0.413857,-0.455195
2012-11-29,3.348392,-0.041599,0.413894,-0.455493
2012-11-30,3.351129,-0.038986,0.413932,-0.452918
2012-12-01,3.353867,-0.038398,0.413969,-0.452366
2012-12-02,3.356605,-0.040197,0.414006,-0.454203
2012-12-03,3.359343,-0.041175,0.414043,-0.455218
2012-12-04,3.362081,-0.033990,0.414080,-0.448070
2012-12-05,3.364819,-0.018930,0.414117,-0.433047
2012-12-06,3.367556,-0.017397,0.414153,-0.431551
2012-12-07,3.370294,-0.018676,0.414190,-0.432866
2012-12-08,3.373032,-0.020413,0.414226,-0.434640
2012-12-09,3.375770,-0.030516,0.414262,-0.444779
2012-12-10,3.378508,-0.026686,0.414299,-0.440985
2012-12-11,3.381246,-0.025544,0.414334,-0.439878
2012-12-12,3.383984,-0.024568,0.414370,-0.438939
2012-12-13,3.386721,-0.024991,0.414406,-0.439397
2012-12-14,3.389459,-0.023851,0.414441,-0.438292
2012-12-15,3.392197,-0.028243,0.414476,-0.442719
2012-12-16,3.394935,-0.034730,0.414512,-0.449241
2012-12-17,3.397673,-0.041885,0.414546,-0.456431
2012-12-18,3.400411,-0.046054,0.414581,-0.460636
2012-12-19,3.403149,-0.045584,0.414616,-0.460200
2012-12-20,3.405886,-0.046205,0.414650,-0.460855
2012-12-21,3.408624,-0.043303,0.414685,-0.457988
2012-12-22,3.411362,-0.047727,0.414719,-0.462446
2012-12-23,3.414100,-0.053891,0.414753,-0.468644
2012-12-24,3.416838,-0.054463,0.414787,-0.469249
2012-12-25,3.419576,-0.057270,0.414820,-0.472090
2012-12-26,3.422313,-0.060133,0.414854,-0.474987
2012-12-27,3.425051,-0.059478,0.414887,-0.474365
2012-12-28,3.427789,-0.060442,0.414920,-0.475362
2012-12-29,3.430527,-0.058840,0.414953,-0.473794
2012-12-30,3.433265,-0.062739,0.414986,-0.477725
2012-12-31,3.436003,-0.063876,0.415019,-0.478895
2013-01-01,3.438741,-0.066083,0.415051,-0.481134
2013-01-02,3.441478,-0.070407,0.415083,-0.485491
2013-01-03,3.444216,-0.070136,0.415115,-0.485251
2013-01-04,3.446954,-0.074778,0.415147,-0.489925
2013-01-05,3.449692,-0.074097,0.415179,-0.489277
2013-01-06,3.452430,-0.077682,0.415211,-0.492893
2013-01-07,3.455168,-0.077251,0.415242,-0.492493
2013-01-08,3.457906,-0.076642,0.415273,-0.491915
2013-01-09,3.460643,-0.070419,0.415304,-0.485723
2013-01-10,3.463381,-0.068153,0.415335,-0.483487
2013-01-11,3.466119,-0.060152,0.415365,-0.475517
2013-01-12,3.468857,-0.060156,0.415396,-0.475552
2013-01-13,3.471595,-0.064304,0.415426,-0.479730
2013-01-14,3.474333,-0.066258,0.415456,-0.481714
2013-01-15,3.477070,-0.062063,0.415486,-0.477549
2013-01-16,3.479808,-0.057032,0.415515,-0.472548
2013-01-17,3.482546,-0.043985,0.415545,-0.459529
2013-01-18,3.485284,-0.027048,0.415574,-0.442622
2013-01-19,3.488022,-0.033040,0.415603,-0.448643
2013-01-20,3.490760,-0.031094,0.415632,-0.446726
2013-01-21,3.493498,-0.014161,0.415661,-0.429822
2013-01-22,3.496235,0.003518,0.415689,-0.412171
2013-01-23,3.498973,0.009276,0.415717,-0.406442
2013-01-24,3.501711,0.025846,0.415745,-0.389900
2013-01-25,3.504449,-0.001383,0.415773,-0.417156
2013-01-26,3.507187,-0.001277,0.415800,-0.417078
2013-01-27,3.509925,0.006308,0.415828,-0.409520
2013-01-28,3.512663,0.031587,0.415855,-0.384268
2013-01-29,3.515400,0.040984,0.415882,-0.374898
2013-01-30,3.518138,0.044358,0.415909,-0.371551
2013-01-31,3.520876,0.063622,0.415935,-0.352313
2013-02-01,3.523614,0.069979,0.415961,-0.345983
2013-02-02,3.526352,0.056102,0.415987,-0.359885
2013-02-03,3.529090,0.055586,0.416013,-0.360427
2013-02-04,3.531828,0.061146,0.416039,-0.354893
2013-02-05,3.534565,0.059415,0.416064,-0.356650
2013-02-06,3.537303,0.066355,0.416089,-0.349735
2013-02-07,3.540041,0.075429,0.416114,-0.340685
2013-02-08,3.542779,0.092522,0.416139,-0.323617
2013-02-09,3.545517,0.110650,0.416163,-0.305514
2013-02-10,3.548255,0.105510,0.416188,-0.310677
2013-02-11,3.550992,0.115855,0.416212,-0.300357
2013-02-12,3.553730,0.134503,0.416235,-0.281732
2013-02-13,3.556468,0.141625,0.416259,-0.274634
2013-02-14,3.559206,0.144177,0.416282,-0.272105
2013-02-15,3.561944,0.164065,0.416305,-0.252240
2013-02-16,3.564682,0.165422,0.416328,-0.250906
2013-02-17,3.567420,0.158557,0.416351,-0.257794
2013-02-18,3.570157,0.153554,0.416373,-0.262819
2013-02-19,3.572895,0.172904,0.416395,-0.243491
2013-02-20,3.575633,0.193321,0.416417,-0.223096
2013-02-21,3.578371,0.195613,0.416439,-0.220825
2013-02-22,3.581109,0.204009,0.416460,-0.212451
2013-02-23,3.583847,0.185156,0.416481,-0.231325
2013-02-24,3.586585,0.189277,0.416502,-0.227225
2013-02-25,3.589322,0.191247,0.416523,-0.225276
2013-02-26,3.592060,0.201521,0.416543,-0.215023
2013-02-27,3.594798,0.208150,0.416563,-0.208414
2013-02-28,3.597536,0.227564,0.416583,-0.189019
2013-03-01,3.600274,0.239558,0.416603,-0.177045
2013-03-02,3.603012,0.238713,0.416622,-0.177910
2013-03-03,3.605749,0.233965,0.416641,-0.182676
2013-03-04,3.608487,0.249441,0.416660,-0.167219
2013-03-05,3.611225,0.294719,0.416679,-0.121959
2013-03-06,3.613963,0.358400,0.416697,-0.058297
2013-03-07,3.616701,0.323581,0.416715,-0.093135
2013-03-08,3.619439,0.331403,0.416733,-0.085330
2013-03-09,3.622177,0.346943,0.416750,-0.069807
2013-03-10,3.624914,0.369095,0.416768,-0.047673
2013-03-11,3.627652,0.373899,0.416785,-0.042885
2013-03-12,3.630390,0.349645,0.416801,-0.067156
2013-03-13,3.633128,0.360268,0.416818,-0.056550
2013-03-14,3.635866,0.362428,0.416834,-0.054406
2013-03-15,3.638604,0.357932,0.416850,-0.058918
2013-03-16,3.641342,0.354473,0.416866,-0.062393
2013-03-17,3.644079,0.354276,0.416881,-0.062605
2013-03-18,3.646817,0.358576,0.416896,-0.058320
2013-03-19,3.649555,0.412937,0.416911,-0.003974
2013-03-20,3.652293,0.462639,0.416925,0.045714
2013-03-21,3.655031,0.511637,0.416940,0.094697
2013-03-22,3.657769,0.529025,0.416954,0.112071
2013-03-23,3.660507,0.488268,0.416967,0.071300
2013-03-24,3.663244,0.502295,0.416981,0.085315
2013-03-25,3.665982,0.534346,0.416994,0.117352
2013-03-26,3.668720,0.556633,0.417007,0.139627
2013-03-27,3.671458,0.596893,0.417019,0.179874
2013-03-28,3.674196,0.622270,0.417032,0.205238
2013-03-29,3.676934,0.615801,0.417044,0.198758
2013-03-30,3.679671,0.623219,0.417055,0.206164
2013-03-31,3.682409,0.628236,0.417067,0.211170
2013-04-01,3.685147,0.648604,0.417078,0.231526
2013-04-02,3.687885,0.686676,0.417089,0.269587
2013-04-03,3.690623,0.764435,0.417099,0.347336
2013-04-04,3.693361,0.773228,0.417109,0.356118
2013-04-05,3.696099,0.788947,0.417119,0.371828
2013-04-06,3.698836,0.799393,0.417129,0.382264
2013-04-07,3.701574,0.825284,0.417138,0.408146
2013-04-08,3.704312,0.901136,0.417147,0.483988
2013-04-09,3.707050,0.960747,0.417156,0.543592
2013-04-10,3.709788,0.991666,0.417164,0.574502
2013-04-11,3.712526,0.757028,0.417172,0.339856
2013-04-12,3.715264,0.569023,0.417180,0.151843
2013-04-13,3.718001,0.658929,0.417188,0.241741
2013-04-14,3.720739,0.629364,0.417195,0.212169
2013-04-15,3.723477,0.600369,0.417202,0.183167
2013-04-16,3.726215,0.456787,0.417208,0.039579
2013-04-17,3.728953,0.543702,0.417215,0.126487
2013-04-18,3.731691,0.603389,0.417221,0.186169
2013-04-19,3.734428,0.700252,0.417226,0.283025
2013-04-20,3.737166,0.707195,0.417231,0.289964
2013-04-21,3.739904,0.709531,0.417236,0.292294
2013-04-22,3.742642,0.707905,0.417241,0.290664
2013-04-23,3.745380,0.732876,0.417246,0.315630
2013-04-24,3.748118,0.786317,0.417250,0.369067
2013-04-25,3.750856,0.793843,0.417253,0.376589
2013-04-26,3.753593,0.744053,0.417257,0.326797
2013-04-27,3.756331,0.739814,0.417260,0.322554
2013-04-28,3.759069,0.735304,0.417263,0.318042
2013-04-29,3.761807,0.752907,0.417265,0.335642
2013-04-30,3.764545,0.758022,0.417267,0.340755
2013-05-01,3.767283,0.716687,0.417269,0.299419
2013-05-02,3.770021,0.653455,0.417270,0.236185
2013-05-03,3.772758,0.575743,0.417271,0.158471
2013-05-04,3.775496,0.622301,0.417272,0.205029
2013-05-05,3.778234,0.657925,0.417273,0.240652
2013-05-06,3.780972,0.674898,0.417273,0.257625
2013-05-07,3.783710,0.636987,0.417273,0.219714
2013-05-08,3.786448,0.645147,0.417272,0.227875
2013-05-09,3.789185,0.640391,0.417271,0.223119
2013-05-10,3.791923,0.654758,0.417270,0.237488
2013-05-11,3.794661,0.653921,0.417268,0.236652
2013-05-12,3.797399,0.648038,0.417266,0.230771
2013-05-13,3.800137,0.651827,0.417264,0.234563
2013-05-14,3.802875,0.651444,0.417262,0.234183
2013-05-15,3.805613,0.624942,0.417259,0.207683
2013-05-16,3.808350,0.629362,0.417255,0.212107
2013-05-17,3.811088,0.642294,0.417252,0.225042
2013-05-18,3.813826,0.648326,0.417248,0.231078
2013-05-19,3.816564,0.650511,0.417243,0.233268
2013-05-20,3.819302,0.646946,0.417239,0.229707
2013-05-21,3.822040,0.645087,0.417234,0.227853
2013-05-22,3.824778,0.647970,0.417228,0.230741
2013-05-23,3.827515,0.654712,0.417223,0.237489
2013-05-24,3.830253,0.670330,0.417217,0.253114
2013-05-25,3.832991,0.679319,0.417210,0.262109
2013-05-26,3.835729,0.681138,0.417204,0.263934
2013-05-27,3.838467,0.677597,0.417196,0.260400
2013-05-28,3.841205,0.665445,0.417189,0.248256
2013-05-29,3.843943,0.668987,0.417181,0.251806
2013-05-30,3.846680,0.673892,0.417173,0.256719
2013-05-31,3.849418,0.665340,0.417164,0.248175
2013-06-01,3.852156,0.661499,0.417155,0.244344
2013-06-02,3.854894,0.646239,0.417146,0.229093
2013-06-03,3.857632,0.633407,0.417137,0.216270
2013-06-04,3.860370,0.634995,0.417127,0.217868
2013-06-05,3.863107,0.631007,0.417116,0.213891
2013-06-06,3.865845,0.630372,0.417105,0.213267
2013-06-07,3.868583,0.606158,0.417094,0.189063
2013-06-08,3.871321,0.583203,0.417083,0.166120
2013-06-09,3.874059,0.544893,0.417071,0.127821
2013-06-10,3.876797,0.557366,0.417059,0.140308
2013-06-11,3.879535,0.568021,0.417046,0.150974
2013-06-12,3.882272,0.572923,0.417033,0.155890
2013-06-13,3.885010,0.565477,0.417020,0.148457
2013-06-14,3.887748,0.539703,0.417006,0.122697
2013-06-15,3.890486,0.534917,0.416992,0.117925
2013-06-16,3.893224,0.536937,0.416978,0.119960
2013-06-17,3.895962,0.533296,0.416963,0.116333
2013-06-18,3.898700,0.547925,0.416948,0.130977
2013-06-19,3.901437,0.552923,0.416932,0.135991
2013-06-20,3.904175,0.555309,0.416916,0.138392
2013-06-21,3.906913,0.539686,0.416900,0.122786
2013-06-22,3.909651,0.497846,0.416883,0.080963
2013-06-23,3.912389,0.528668,0.416866,0.111802
2013-06-24,3.915127,0.486157,0.416849,0.069308
2013-06-25,3.917864,0.519361,0.416831,0.102530
2013-06-26,3.920602,0.514529,0.416813,0.097716
2013-06-27,3.923340,0.509787,0.416794,0.092993
2013-06-28,3.926078,0.482477,0.416775,0.065702
2013-06-29,3.928816,0.471028,0.416756,0.054273
2013-06-30,3.931554,0.467272,0.416736,0.050536
2013-07-01,3.934292,0.457812,0.416716,0.041096
2013-07-02,3.937029,0.444213,0.416695,0.027518
2013-07-03,3.939767,0.434480,0.416674,0.017806
2013-07-04,3.942505,0.399981,0.416653,-0.016672
2013-07-05,3.945243,0.367527,0.416631,-0.049104
2013-07-06,3.947981,0.329281,0.416609,-0.087328
2013-07-07,3.950719,0.329547,0.416586,-0.087040
2013-07-08,3.953457,0.371699,0.416564,-0.044865
2013-07-09,3.956194,0.366597,0.416540,-0.049943
2013-07-10,3.958932,0.385112,0.416517,-0.031405
2013-07-11,3.961670,0.427923,0.416492,0.011430
2013-07-12,3.964408,0.459309,0.416468,0.042841
2013-07-13,3.967146,0.443749,0.416443,0.027306
2013-07-14,3.969884,0.453912,0.416418,0.037494
2013-07-15,3.972621,0.455200,0.416392,0.038808
2013-07-16,3.975359,0.456014,0.416366,0.039648
2013-07-17,3.978097,0.422756,0.416339,0.006417
2013-07-18,3.980835,0.417065,0.416312,0.000753
2013-07-19,3.983573,0.414944,0.416285,-0.001342
2013-07-20,3.986311,0.425698,0.416257,0.009440
2013-07-21,3.989049,0.413955,0.416229,-0.002275
2013-07-22,3.991786,0.416450,0.416201,0.000249
2013-07-23,3.994524,0.418946,0.416172,0.002774
2013-07-24,3.997262,0.421487,0.416142,0.005345
2013-07-25,4.000000,0.426085,0.416113,0.009972
2013-07-26,4.002738,0.429938,0.416082,0.013856
2013-07-27,4.005476,0.423304,0.416052,0.007252
2013-07-28,4.008214,0.425214,0.416021,0.009193
2013-07-29,4.010951,0.437504,0.415989,0.021514
2013-07-30,4.013689,0.442555,0.415958,0.026598
2013-07-31,4.016427,0.462197,0.415925,0.046272
2013-08-01,4.019165,0.455303,0.415893,0.039410
2013-08-02,4.021903,0.451754,0.415860,0.035894
2013-08-03,4.024641,0.446989,0.415826,0.031163
2013-08-04,4.027379,0.445696,0.415792,0.029904
2013-08-05,4.030116,0.449558,0.415758,0.033800
2013-08-06,4.032854,0.449918,0.415723,0.034195
2013-08-07,4.035592,0.447469,0.415688,0.031781
2013-08-08,4.038330,0.437086,0.415652,0.021434
2013-08-09,4.041068,0.427992,0.415616,0.012375
2013-08-10,4.043806,0.424533,0.415580,0.008953
2013-08-11,4.046543,0.425712,0.415543,0.010169
2013-08-12,4.049281,0.426139,0.415506,0.010633
2013-08-13,4.052019,0.431864,0.415468,0.016396
2013-08-14,4.054757,0.449068,0.415430,0.033638
2013-08-15,4.057495,0.441611,0.415392,0.026219
2013-08-16,4.060233,0.436695,0.415353,0.021343
2013-08-17,4.062971,0.437523,0.415313,0.022210
2013-08-18,4.065708,0.439526,0.415273,0.024253
2013-08-19,4.068446,0.449691,0.415233,0.034458
2013-08-20,4.071184,0.453651,0.415192,0.038459
2013-08-21,4.073922,0.466921,0.415151,0.051770
2013-08-22,4.076660,0.479732,0.415110,0.064623
2013-08-23,4.079398,0.468014,0.415068,0.052946
2013-08-24,4.082136,0.465713,0.415025,0.050688
2013-08-25,4.084873,0.474132,0.414982,0.059149
2013-08-26,4.087611,0.470819,0.414939,0.055880
2013-08-27,4.090349,0.491545,0.414895,0.076649
2013-08-28,4.093087,0.495808,0.414851,0.080956
2013-08-29,4.095825,0.497936,0.414807,0.083129
2013-08-30,4.098563,0.501833,0.414762,0.087071
2013-08-31,4.101300,0.528045,0.414716,0.113329
2013-09-01,4.104038,0.536278,0.414670,0.121608
2013-09-02,4.106776,0.532640,0.414624,0.118016
2013-09-03,4.109514,0.529488,0.414577,0.114911
2013-09-04,4.112252,0.519616,0.414530,0.105085
2013-09-05,4.114990,0.497302,0.414483,0.082819
2013-09-06,4.117728,0.500151,0.414434,0.085717
2013-09-07,4.120465,0.485390,0.414386,0.071004
2013-09-08,4.123203,0.483742,0.414337,0.069405
2013-09-09,4.125941,0.479546,0.414288,0.065259
2013-09-10,4.128679,0.492547,0.414238,0.078309
2013-09-11,4.131417,0.495198,0.414187,0.081010
2013-09-12,4.134155,0.507337,0.414137,0.093200
2013-09-13,4.136893,0.508588,0.414085,0.094502
2013-09-14,4.139630,0.502754,0.414034,0.088721
2013-09-15,4.142368,0.496284,0.413982,0.082302
2013-09-16,4.145106,0.497492,0.413929,0.083563
2013-09-17,4.147844,0.499069,0.413876,0.085193
2013-09-18,4.150582,0.500578,0.413823,0.086755
2013-09-19,4.153320,0.493966,0.413769,0.080197
2013-09-20,4.156057,0.484615,0.413715,0.070900
2013-09-21,4.158795,0.480632,0.413660,0.066972
2013-09-22,4.161533,0.479247,0.413605,0.065643
2013-09-23,4.164271,0.483559,0.413549,0.070010
2013-09-24,4.167009,0.484736,0.413493,0.071243
2013-09-25,4.169747,0.482347,0.413436,0.068910
2013-09-26,4.172485,0.482702,0.413379,0.069323
2013-09-27,4.175222,0.482760,0.413322,0.069438
2013-09-28,4.177960,0.486392,0.413264,0.073128
2013-09-29,4.180698,0.486673,0.413206,0.073467
2013-09-30,4.183436,0.476361,0.413147,0.063214
2013-10-01,4.186174,0.478707,0.413088,0.065619
2013-10-02,4.188912,0.462902,0.413028,0.049874
2013-10-03,4.191650,0.426719,0.412968,0.013752
2013-10-04,4.194387,0.458038,0.412907,0.045131
2013-10-05,4.197125,0.457208,0.412846,0.044362
2013-10-06,4.199863,0.454844,0.412784,0.042060
2013-10-07,4.202601,0.459366,0.412722,0.046643
2013-10-08,4.205339,0.458456,0.412660,0.045796
2013-10-09,4.208077,0.460772,0.412597,0.048175
2013-10-10,4.210815,0.463004,0.412533,0.050471
2013-10-11,4.213552,0.464381,0.412470,0.051911
2013-10-12,4.216290,0.463931,0.412405,0.051526
2013-10-13,4.219028,0.470633,0.412340,0.058293
2013-10-14,4.221766,0.485404,0.412275,0.073129
2013-10-15,4.224504,0.492649,0.412210,0.080440
2013-10-16,4.227242,0.506510,0.412143,0.094367
2013-10-17,4.229979,0.502706,0.412077,0.090630
2013-10-18,4.232717,0.518692,0.412010,0.106682
2013-10-19,4.235455,0.552557,0.411942,0.140615
2013-10-20,4.238193,0.563188,0.411874,0.151314
2013-10-21,4.240931,0.582610,0.411806,0.170804
2013-10-22,4.243669,0.611404,0.411737,0.199667
2013-10-23,4.246407,0.631353,0.411667,0.219686
2013-10-24,4.249144,0.626412,0.411597,0.214815
2013-10-25,4.251882,0.597609,0.411527,0.186082
2013-10-26,4.254620,0.595819,0.411456,0.184362
2013-10-27,4.257358,0.602516,0.411385,0.191131
2013-10-28,4.260096,0.620393,0.411313,0.209080
2013-10-29,4.262834,0.627893,0.411241,0.216652
2013-10-30,4.265572,0.633873,0.411168,0.222705
2013-10-31,4.268309,0.630886,0.411095,0.219791
2013-11-01,4.271047,0.635688,0.411022,0.224667
2013-11-02,4.273785,0.635597,0.410948,0.224649
2013-11-03,4.276523,0.638377,0.410873,0.227504
2013-11-04,4.279261,0.654505,0.410798,0.243707
2013-11-05,4.281999,0.694164,0.410722,0.283441
2013-11-06,4.284736,0.728238,0.410647,0.317591
2013-11-07,4.287474,0.769087,0.410570,0.358517
2013-11-08,4.290212,0.815884,0.410493,0.405391
2013-11-09,4.292950,0.858211,0.410416,0.447795
2013-11-10,4.295688,0.802901,0.410338,0.392563
2013-11-11,4.298426,0.839979,0.410260,0.429720
2013-11-12,4.301164,0.862946,0.410181,0.452765
2013-11-13,4.303901,0.891430,0.410102,0.481328
2013-11-14,4.306639,0.929477,0.410022,0.519455
2013-11-15,4.309377,0.932463,0.409942,0.522521
2013-11-16,4.312115,0.939010,0.409861,0.529149
2013-11-17,4.314853,0.970729,0.409780,0.560949
2013-11-18,4.317591,1.046845,0.409698,0.637147
2013-11-19,4.320329,1.104728,0.409616,0.695112
2013-11-20,4.323066,1.024577,0.409534,0.615044
2013-11-21,4.325804,1.112210,0.409450,0.702759
2013-11-22,4.328542,1.160606,0.409367,0.751239
2013-11-23,4.331280,1.214585,0.409283,0.805302
2013-11-24,4.334018,1.190015,0.409198,0.780816
2013-11-25,4.336756,1.196415,0.409113,0.787301
2013-11-26,4.339493,1.214061,0.409028,0.805033
2013-11-27,4.342231,1.258015,0.408942,0.849073
2013-11-28,4.344969,1.287377,0.408856,0.878522
2013-11-29,4.347707,1.316748,0.408769,0.907980
2013-11-30,4.350445,1.340488,0.408682,0.931807
2013-12-01,4.353183,1.282706,0.408594,0.874112
2013-12-02,4.355921,1.285273,0.408505,0.876768
2013-12-03,4.358658,1.301874,0.408417,0.893457
2013-12-04,4.361396,1.318631,0.408327,0.910304
2013-12-05,4.364134,1.294646,0.408238,0.886408
2013-12-06,4.366872,1.255809,0.408147,0.847662
2013-12-07,4.369610,1.152377,0.408057,0.744320
2013-12-08,4.372348,1.143474,0.407966,0.735509
2013-12-09,4.375086,1.215270,0.407874,0.807396
2013-12-10,4.377823,1.249343,0.407782,0.841561
2013-12-11,4.380561,1.234464,0.407689,0.826774
2013-12-12,4.383299,1.212076,0.407596,0.804480
2013-12-13,4.386037,1.219376,0.407503,0.811873
2013-12-14,4.388775,1.208378,0.407408,0.800969
2013-12-15,4.391513,1.185653,0.407314,0.778339
2013-12-16,4.394251,1.165783,0.407219,0.758564
2013-12-17,4.396988,1.107172,0.407123,0.700048
2013-12-18,4.399726,1.013873,0.407027,0.606845
2013-12-19,4.402464,1.055043,0.406931,0.648112
2013-12-20,4.405202,1.088485,0.406834,0.681651
2013-12-21,4.407940,1.048254,0.406737,0.641518
2013-12-22,4.410678,1.056749,0.406639,0.650110
2013-12-23,4.413415,1.062277,0.406540,0.655737
2013-12-24,4.416153,1.069604,0.406442,0.663162
2013-12-25,4.418891,1.072305,0.406342,0.665962
2013-12-26,4.421629,1.106838,0.406242,0.700596
2013-12-27,4.424367,1.114737,0.406142,0.708595
2013-12-28,4.427105,1.109265,0.406041,0.703224
2013-12-29,4.429843,1.104203,0.405940,0.698263
2013-12-30,4.432580,1.113577,0.405838,0.707739
2013-12-31,4.435318,1.109065,0.405736,0.703329
2014-01-01,4.438056,1.116170,0.405633,0.710536
2014-01-02,4.440794,1.123661,0.405530,0.718131
2014-01-03,4.443532,1.143028,0.405426,0.737601
2014-01-04,4.446270,1.147920,0.405322,0.742598
2014-01-05,4.449008,1.177324,0.405217,0.772107
2014-01-06,4.451745,1.209178,0.405112,0.804065
2014-01-07,4.454483,1.181085,0.405007,0.776079
2014-01-08,4.457221,1.147765,0.404901,0.742864
2014-01-09,4.459959,1.150316,0.404794,0.745522
2014-01-10,4.462697,1.150821,0.404687,0.746134
2014-01-11,4.465435,1.176194,0.404579,0.771614
2014-01-12,4.468172,1.169038,0.404471,0.764566
2014-01-13,4.470910,1.145015,0.404363,0.740652
2014-01-14,4.473648,1.144663,0.404254,0.740409
2014-01-15,4.476386,1.150175,0.404144,0.746031
2014-01-16,4.479124,1.145453,0.404034,0.741419
2014-01-17,4.481862,1.128658,0.403924,0.724734
2014-01-18,4.484600,1.131105,0.403813,0.727292
2014-01-19,4.487337,1.134231,0.403701,0.730530
2014-01-20,4.490075,1.139089,0.403590,0.735499
2014-01-21,4.492813,1.133394,0.403477,0.729916
2014-01-22,4.495551,1.129596,0.403364,0.726231
2014-01-23,4.498289,1.127476,0.403251,0.724225
2014-01-24,4.501027,1.114620,0.403137,0.711483
2014-01-25,4.503765,1.116503,0.403023,0.713481
2014-01-26,4.506502,1.120506,0.402908,0.717598
2014-01-27,4.509240,1.115062,0.402793,0.712269
2014-01-28,4.511978,1.104252,0.402677,0.701575
2014-01-29,4.514716,1.108195,0.402561,0.705634
2014-01-30,4.517454,1.105879,0.402444,0.703436
2014-01-31,4.520192,1.108985,0.402327,0.706658
2014-02-01,4.522930,1.112918,0.402209,0.710709
2014-02-02,4.525667,1.113749,0.402091,0.711658
2014-02-03,4.528405,1.109031,0.401972,0.707059
2014-02-04,4.531143,1.106349,0.401853,0.704496
2014-02-05,4.533881,1.101947,0.401733,0.700214
2014-02-06,4.536619,1.088974,0.401613,0.687361
2014-02-07,4.539357,1.054397,0.401492,0.652905
2014-02-08,4.542094,1.041347,0.401371,0.639975
2014-02-09,4.544832,1.035154,0.401250,0.633905
2014-02-10,4.547570,1.019320,0.401128,0.618192
2014-02-11,4.550308,1.028553,0.401005,0.627548
2014-02-12,4.553046,1.010325,0.400882,0.609443
2014-02-13,4.555784,0.994288,0.400759,0.593529
2014-02-14,4.558522,0.978921,0.400635,0.578286
2014-02-15,4.561259,0.993034,0.400510,0.592524
2014-02-16,4.563997,0.978776,0.400385,0.578391
2014-02-17,4.566735,0.976788,0.400260,0.576528
2014-02-18,4.569473,0.972681,0.400134,0.572547
2014-02-19,4.572211,0.967401,0.400007,0.567394
2014-02-20,4.574949,0.943726,0.399880,0.543845
2014-02-21,4.577687,0.918511,0.399753,0.518758
2014-02-22,4.580424,0.928908,0.399625,0.529283
2014-02-23,4.583162,0.955002,0.399497,0.555505
2014-02-24,4.585900,0.921086,0.399368,0.521718
2014-02-25,4.588638,0.862944,0.399239,0.463706
2014-02-26,4.591376,0.926703,0.399109,0.527594
2014-02-27,4.594114,0.932168,0.398979,0.533190
2014-02-28,4.596851,0.921499,0.398848,0.522651
2014-03-01,4.599589,0.915914,0.398717,0.517197
2014-03-02,4.602327,0.916520,0.398585,0.517935
2014-03-03,4.605065,0.948241,0.398453,0.549788
2014-03-04,4.607803,0.988537,0.398320,0.590217
2014-03-05,4.610541,0.982042,0.398187,0.583855
2014-03-06,4.613279,0.981196,0.398053,0.583142
2014-03-07,4.616016,0.963796,0.397919,0.565876
2014-03-08,4.618754,0.948969,0.397785,0.551184
2014-03-09,4.621492,0.951557,0.397650,0.553907
2014-03-10,4.624230,0.951172,0.397514,0.553657
2014-03-11,4.626968,0.947067,0.397378,0.549689
2014-03-12,4.629706,0.953604,0.397242,0.556363
2014-03-13,4.632444,0.954995,0.397105,0.557891
2014-03-14,4.635181,0.949914,0.396967,0.552946
2014-03-15,4.637919,0.948247,0.396829,0.551417
2014-03-16,4.640657,0.947432,0.396691,0.550741
2014-03-17,4.643395,0.940486,0.396552,0.543934
2014-03-18,4.646133,0.930620,0.396413,0.534208
2014-03-19,4.648871,0.929372,0.396273,0.533099
2014-03-20,4.651608,0.915513,0.396133,0.519380
2014-03-21,4.654346,0.903609,0.395992,0.507617
2014-03-22,4.657084,0.887401,0.395851,0.491550
2014-03-23,4.659822,0.887609,0.395709,0.491900
2014-03-24,4.662560,0.885737,0.395567,0.490170
2014-03-25,4.665298,0.894905,0.395424,0.499481
2014-03-26,4.668036,0.895055,0.395281,0.499775
2014-03-27,4.670773,0.866701,0.395137,0.471564
2014-03-28,4.673511,0.835312,0.394993,0.440319
2014-03-29,4.676249,0.827198,0.394848,0.432349
2014-03-30,4.678987,0.798623,0.394703,0.403919
2014-03-31,4.681725,0.785753,0.394558,0.391195
2014-04-01,4.684463,0.801728,0.394412,0.407316
2014-04-02,4.687201,0.789029,0.394265,0.394763
2014-04-03,4.689938,0.760964,0.394118,0.366845
2014-04-04,4.692676,0.767929,0.393971,0.373958
2014-04-05,4.695414,0.773486,0.393823,0.379662
2014-04-06,4.698152,0.777922,0.393675,0.384247
2014-04-07,4.700890,0.773865,0.393526,0.380339
2014-04-08,4.703628,0.771576,0.393377,0.378199
2014-04-09,4.706366,0.765115,0.393227,0.371888
2014-04-10,4.709103,0.723005,0.393077,0.329928
2014-04-11,4.711841,0.713916,0.392926,0.320990
2014-04-12,4.714579,0.740308,0.392775,0.347534
2014-04-13,4.717317,0.727689,0.392623,0.335065
2014-04-14,4.720055,0.754488,0.392471,0.362017
2014-04-15,4.722793,0.794387,0.392319,0.402068
2014-04-16,4.725530,0.816917,0.392165,0.424752
2014-04-17,4.728268,0.805826,0.392012,0.413814
2014-04-18,4.731006,0.790362,0.391858,0.398504
2014-04-19,4.733744,0.793428,0.391704,0.401725
2014-04-20,4.736482,0.801303,0.391549,0.409754
2014-04-21,4.739220,0.797032,0.391393,0.405639
2014-04-22,4.741958,0.790792,0.391237,0.399554
2014-04-23,4.744695,0.784559,0.391081,0.393478
2014-04-24,4.747433,0.783085,0.390924,0.392161
2014-04-25,4.750171,0.758528,0.390767,0.367761
2014-04-26,4.752909,0.753824,0.390609,0.363215
2014-04-27,4.755647,0.744830,0.390451,0.354378
2014-04-28,4.758385,0.729455,0.390293,0.339162
2014-04-29,4.761123,0.733241,0.390134,0.343107
2014-04-30,4.763860,0.733735,0.389974,0.343761
2014-05-01,4.766598,0.742283,0.389814,0.352469
2014-05-02,4.769336,0.736639,0.389654,0.346986
2014-05-03,4.772074,0.725827,0.389493,0.336335
2014-05-04,4.774812,0.718658,0.389331,0.329327
2014-05-05,4.777550,0.714745,0.389169,0.325576
2014-05-06,4.780287,0.709648,0.389007,0.320640
2014-05-07,4.783025,0.717909,0.388844,0.329065
2014-05-08,4.785763,0.721792,0.388681,0.333111
2014-05-09,4.788501,0.724410,0.388518,0.335892
2014-05-10,4.791239,0.726546,0.388353,0.338193
2014-05-11,4.793977,0.717495,0.388189,0.329307
2014-05-12,4.796715,0.712027,0.388024,0.324003
2014-05-13,4.799452,0.710404,0.387858,0.322545
2014-05-14,4.802190,0.713223,0.387692,0.325530
2014-05-15,4.804928,0.715925,0.387526,0.328399
2014-05-16,4.807666,0.715344,0.387359,0.327985
2014-05-17,4.810404,0.715085,0.387192,0.327893
2014-05-18,4.813142,0.711213,0.387024,0.324189
2014-05-19,4.815880,0.708486,0.386856,0.321630
2014-05-20,4.818617,0.728364,0.386687,0.341677
2014-05-21,4.821355,0.749236,0.386518,0.362718
2014-05-22,4.824093,0.764056,0.386349,0.377708
2014-05-23,4.826831,0.777705,0.386179,0.391526
2014-05-24,4.829569,0.769108,0.386008,0.383100
2014-05-25,4.832307,0.799414,0.385837,0.413576
2014-05-26,4.835044,0.815261,0.385666,0.429595
2014-05-27,4.837782,0.808848,0.385494,0.423354
2014-05-28,4.840520,0.807643,0.385322,0.422322
2014-05-29,4.843258,0.803574,0.385149,0.418424
2014-05-30,4.845996,0.824413,0.384976,0.439437
2014-05-31,4.848734,0.839464,0.384802,0.454661
2014-06-01,4.851472,0.854777,0.384628,0.470148
2014-06-02,4.854209,0.848848,0.384454,0.464394
2014-06-03,4.856947,0.866592,0.384279,0.482313
2014-06-04,4.859685,0.850104,0.384104,0.466000
2014-06-05,4.862423,0.855945,0.383928,0.472017
2014-06-06,4.865161,0.856347,0.383752,0.472595
2014-06-07,4.867899,0.852044,0.383575,0.468469
2014-06-08,4.870637,0.852814,0.383398,0.469417
2014-06-09,4.873374,0.847898,0.383220,0.464678
2014-06-10,4.876112,0.848004,0.383042,0.464962
2014-06-11,4.878850,0.840127,0.382864,0.457263
2014-06-12,4.881588,0.823339,0.382685,0.440654
2014-06-13,4.884326,0.803893,0.382506,0.421387
2014-06-14,4.887064,0.787158,0.382326,0.404833
2014-06-15,4.889802,0.778913,0.382146,0.396767
2014-06-16,4.892539,0.800069,0.381965,0.418104
2014-06-17,4.895277,0.800564,0.381784,0.418780
2014-06-18,4.898015,0.807981,0.381602,0.426379
2014-06-19,4.900753,0.804851,0.381421,0.423431
2014-06-20,4.903491,0.794209,0.381238,0.412970
2014-06-21,4.906229,0.791931,0.381055,0.410876
2014-06-22,4.908966,0.798696,0.380872,0.417824
2014-06-23,4.911704,0.789454,0.380689,0.408765
2014-06-24,4.914442,0.785845,0.380504,0.405341
2014-06-25,4.917180,0.771924,0.380320,0.391604
2014-06-26,4.919918,0.771404,0.380135,0.391269
2014-06-27,4.922656,0.779844,0.379950,0.399894
2014-06-28,4.925394,0.788052,0.379764,0.408288
2014-06-29,4.928131,0.785633,0.379578,0.406056
2014-06-30,4.930869,0.803390,0.379391,0.423999
2014-07-01,4.933607,0.819558,0.379204,0.440354
2014-07-02,4.936345,0.817681,0.379017,0.438665
2014-07-03,4.939083,0.815314,0.378829,0.436486
2014-07-04,4.941821,0.808247,0.378640,0.429607
2014-07-05,4.944559,0.801813,0.378452,0.423362
2014-07-06,4.947296,0.803956,0.378262,0.425694
2014-07-07,4.950034,0.797356,0.378073,0.419283
2014-07-08,4.952772,0.792212,0.377883,0.414329
2014-07-09,4.955510,0.791620,0.377692,0.413928
2014-07-10,4.958248,0.786678,0.377501,0.409177
2014-07-11,4.960986,0.789001,0.377310,0.411691
2014-07-12,4.963723,0.794224,0.377118,0.417105
2014-07-13,4.966461,0.791598,0.376926,0.414672
2014-07-14,4.969199,0.785605,0.376734,0.408871
2014-07-15,4.971937,0.783484,0.376541,0.406943
2014-07-16,4.974675,0.780720,0.376348,0.404372
2014-07-17,4.977413,0.779963,0.376154,0.403809
2014-07-18,4.980151,0.781296,0.375960,0.405337
2014-07-19,4.982888,0.782368,0.375765,0.406603
2014-07-20,4.985626,0.779206,0.375570,0.403636
2014-07-21,4.988364,0.776396,0.375375,0.401021
2014-07-22,4.991102,0.773858,0.375179,0.398679
2014-07-23,4.993840,0.772025,0.374983,0.397043
2014-07-24,4.996578,0.763508,0.374786,0.388722
2014-07-25,4.999316,0.756732,0.374589,0.382143
2014-07-26,5.002053,0.751293,0.374392,0.376901
2014-07-27,5.004791,0.749906,0.374194,0.375712
2014-07-28,5.007529,0.740506,0.373996,0.366511
2014-07-29,5.010267,0.739019,0.373797,0.365222
2014-07-30,5.013005,0.730630,0.373598,0.357032
2014-07-31,5.015743,0.730608,0.373398,0.357210
2014-08-01,5.018480,0.738721,0.373199,0.365523
2014-08-02,5.021218,0.739597,0.372998,0.366599
2014-08-03,5.023956,0.734038,0.372798,0.361241
2014-08-04,5.026694,0.735290,0.372597,0.362694
2014-08-05,5.029432,0.730336,0.372395,0.357941
2014-08-06,5.032170,0.727646,0.372193,0.355453
2014-08-07,5.034908,0.728725,0.371991,0.356734
2014-08-08,5.037645,0.731521,0.371788,0.359732
2014-08-09,5.040383,0.727558,0.371585,0.355972
2014-08-10,5.043121,0.727895,0.371382,0.356513
2014-08-11,5.045859,0.722928,0.371178,0.351750
2014-08-12,5.048597,0.711457,0.370974,0.340483
2014-08-13,5.051335,0.697445,0.370769,0.326676
2014-08-14,5.054073,0.669217,0.370564,0.298653
2014-08-15,5.056810,0.659859,0.370359,0.289500
2014-08-16,5.059548,0.655106,0.370153,0.284952
2014-08-17,5.062286,0.653958,0.369947,0.284011
2014-08-18,5.065024,0.629171,0.369741,0.259431
2014-08-19,5.067762,0.629494,0.369534,0.259960
2014-08-20,5.070500,0.640665,0.369327,0.271339
2014-08-21,5.073238,0.662182,0.369119,0.293063
2014-08-22,5.075975,0.656697,0.368911,0.287786
2014-08-23,5.078713,0.647335,0.368702,0.278632
2014-08-24,5.081451,0.649082,0.368494,0.280588
2014-08-25,5.084189,0.642226,0.368284,0.273942
2014-08-26,5.086927,0.645521,0.368075,0.277446
2014-08-27,5.089665,0.651685,0.367865,0.283820
2014-08-28,5.092402,0.641906,0.367654,0.274251
2014-08-29,5.095140,0.643825,0.367444,0.276381
2014-08-30,5.097878,0.638143,0.367233,0.270911
2014-08-31,5.100616,0.625330,0.367021,0.258308
2014-09-01,5.103354,0.615881,0.366809,0.249072
2014-09-02,5.106092,0.618915,0.366597,0.252317
2014-09-03,5.108830,0.607715,0.366385,0.241330
2014-09-04,5.111567,0.610361,0.366172,0.244189
2014-09-05,5.114305,0.613239,0.365958,0.247280
2014-09-06,5.117043,0.617099,0.365745,0.251354
2014-09-07,5.119781,0.609533,0.365531,0.244002
2014-09-08,5.122519,0.599553,0.365316,0.234237
2014-09-09,5.125257,0.594019,0.365102,0.228918
2014-09-10,5.127995,0.602075,0.364886,0.237188
2014-09-11,5.130732,0.598321,0.364671,0.233650
2014-09-12,5.133470,0.594520,0.364455,0.230065
2014-09-13,5.136208,0.595778,0.364239,0.231539
2014-09-14,5.138946,0.597962,0.364022,0.233940
2014-09-15,5.141684,0.592220,0.363805,0.228415
2014-09-16,5.144422,0.589174,0.363588,0.225586
2014-09-17,5.147159,0.574245,0.363370,0.210874
2014-09-18,5.149897,0.554177,0.363152,0.191025
2014-09-19,5.152635,0.518352,0.362934,0.155418
2014-09-20,5.155373,0.523816,0.362715,0.161101
2014-09-21,5.158111,0.516508,0.362496,0.154012
2014-09-22,5.160849,0.504563,0.362277,0.142286
2014-09-23,5.163587,0.522708,0.362057,0.160651
2014-09-24,5.166324,0.536085,0.361837,0.174248
2014-09-25,5.169062,0.517867,0.361617,0.156251
2014-09-26,5.171800,0.510883,0.361396,0.149487
2014-09-27,5.174538,0.506195,0.361175,0.145021
2014-09-28,5.177276,0.499469,0.360953,0.138516
2014-09-29,5.180014,0.478636,0.360731,0.117905
2014-09-30,5.182752,0.478318,0.360509,0.117809
2014-10-01,5.185489,0.482983,0.360287,0.122697
2014-10-02,5.188227,0.472947,0.360064,0.112883
2014-10-03,5.190965,0.462516,0.359840,0.102676
2014-10-04,5.193703,0.434917,0.359617,0.075300
2014-10-05,5.196441,0.390988,0.359393,0.031595
2014-10-06,5.199179,0.399876,0.359169,0.040707
2014-10-07,5.201916,0.406227,0.358944,0.047283
2014-10-08,5.204654,0.409000,0.358719,0.050281
2014-10-09,5.207392,0.449438,0.358494,0.090944
2014-10-10,5.210130,0.435828,0.358269,0.077559
2014-10-11,5.212868,0.432868,0.358043,0.074825
2014-10-12,5.215606,0.444419,0.357816,0.086603
2014-10-13,5.218344,0.458328,0.357590,0.100738
2014-10-14,5.221081,0.485504,0.357363,0.128141
2014-10-15,5.223819,0.476201,0.357136,0.119065
2014-10-16,5.226557,0.466413,0.356908,0.109505
2014-10-17,5.229295,0.457614,0.356680,0.100934
2014-10-18,5.232033,0.460454,0.356452,0.104001
2014-10-19,5.234771,0.465065,0.356224,0.108841
2014-10-20,5.237509,0.458087,0.355995,0.102092
2014-10-21,5.240246,0.460709,0.355766,0.104943
2014-10-22,5.242984,0.456945,0.355536,0.101408
2014-10-23,5.245722,0.437877,0.355307,0.082570
2014-10-24,5.248460,0.424112,0.355077,0.069035
2014-10-25,5.251198,0.416085,0.354846,0.061239
2014-10-26,5.253936,0.417878,0.354615,0.063262
2014-10-27,5.256674,0.416614,0.354384,0.062230
2014-10-28,5.259411,0.413228,0.354153,0.059075
2014-10-29,5.262149,0.402591,0.353921,0.048670
2014-10-30,5.264887,0.393724,0.353689,0.040034
2014-10-31,5.267625,0.396842,0.353457,0.043385
2014-11-01,5.270363,0.380230,0.353225,0.027006
2014-11-02,5.273101,0.372067,0.352992,0.019076
2014-11-03,5.275838,0.373248,0.352758,0.020490
2014-11-04,5.278576,0.371220,0.352525,0.018696
2014-11-05,5.281314,0.382277,0.352291,0.029986
2014-11-06,5.284052,0.390730,0.352057,0.038673
2014-11-07,5.286790,0.390906,0.351823,0.039083
2014-11-08,5.289528,0.388413,0.351588,0.036825
2014-11-09,5.292266,0.394283,0.351353,0.042931
2014-11-10,5.295003,0.411581,0.351118,0.060463
2014-11-11,5.297741,0.413397,0.350882,0.062515
2014-11-12,5.300479,0.443816,0.350646,0.093170
2014-11-13,5.303217,0.474033,0.350410,0.123623
2014-11-14,5.305955,0.447161,0.350174,0.096987
2014-11-15,5.308693,0.432099,0.349937,0.082163
2014-11-16,5.311431,0.430707,0.349700,0.081008
2014-11-17,5.314168,0.441226,0.349462,0.091764
2014-11-18,5.316906,0.423804,0.349225,0.074579
2014-11-19,5.319644,0.418898,0.348987,0.069912
2014-11-20,5.322382,0.401804,0.348749,0.053056
2014-11-21,5.325120,0.389227,0.348510,0.040717
2014-11-22,5.327858,0.389115,0.348271,0.040843
2014-11-23,5.330595,0.390024,0.348032,0.041991
2014-11-24,5.333333,0.408440,0.347793,0.060647
2014-11-25,5.336071,0.416535,0.347553,0.068981
2014-11-26,5.338809,0.402060,0.347314,0.054747
2014-11-27,5.341547,0.400788,0.347073,0.053715
2014-11-28,5.344285,0.397774,0.346833,0.050941
2014-11-29,5.347023,0.406576,0.346592,0.059984
2014-11-30,5.349760,0.405581,0.346351,0.059229
2014-12-01,5.352498,0.397215,0.346110,0.051105
2014-12-02,5.355236,0.404872,0.345869,0.059003
2014-12-03,5.357974,0.401554,0.345627,0.055927
2014-12-04,5.360712,0.395834,0.345385,0.050449
2014-12-05,5.363450,0.393071,0.345142,0.047929
2014-12-06,5.366188,0.394580,0.344900,0.049680
2014-12-07,5.368925,0.392262,0.344657,0.047605
2014-12-08,5.371663,0.385918,0.344414,0.041504
2014-12-09,5.374401,0.364935,0.344171,0.020764
2014-12-10,5.377139,0.364453,0.343927,0.020526
2014-12-11,5.379877,0.362233,0.343683,0.018550
2014-12-12,5.382615,0.363185,0.343439,0.019746
2014-12-13,5.385352,0.356726,0.343194,0.013532
2014-12-14,5.388090,0.357080,0.342950,0.014130
2014-12-15,5.390828,0.352585,0.342705,0.009880
2014-12-16,5.393566,0.337306,0.342460,-0.005154
2014-12-17,5.396304,0.319717,0.342214,-0.022497
2014-12-18,5.399042,0.311296,0.341969,-0.030673
2014-12-19,5.401780,0.304800,0.341723,-0.036923
2014-12-20,5.404517,0.316438,0.341477,-0.025038
2014-12-21,5.407255,0.314300,0.341230,-0.026931
2014-12-22,5.409993,0.316750,0.340984,-0.024234
2014-12-23,5.412731,0.323108,0.340737,-0.017629
2014-12-24,5.415469,0.317416,0.340490,-0.023074
2014-12-25,5.418207,0.303549,0.340242,-0.036693
2014-12-26,5.420945,0.306527,0.339995,-0.033468
2014-12-27,5.423682,0.301231,0.339747,-0.038516
2014-12-28,5.426420,0.296211,0.339499,-0.043288
2014-12-29,5.429158,0.294332,0.339250,-0.044918
2014-12-30,5.431896,0.289622,0.339002,-0.049379
2014-12-31,5.434634,0.289222,0.338753,-0.049531
2015-01-01,5.437372,0.291237,0.338504,-0.047267
2015-01-02,5.440110,0.289181,0.338255,-0.049074
2015-01-03,5.442847,0.271101,0.338005,-0.066904
2015-01-04,5.445585,0.228558,0.337756,-0.109198
2015-01-05,5.448323,0.223118,0.337506,-0.114388
2015-01-06,5.451061,0.227205,0.337256,-0.110050
2015-01-07,5.453799,0.244273,0.337005,-0.092732
2015-01-08,5.456537,0.248439,0.336755,-0.088316
2015-01-09,5.459274,0.242556,0.336504,-0.093948
2015-01-10,5.462012,0.231576,0.336253,-0.104677
2015-01-11,5.464750,0.218974,0.336002,-0.117028
2015-01-12,5.467488,0.211020,0.335750,-0.124731
2015-01-13,5.470226,0.164509,0.335499,-0.170990
2015-01-14,5.472964,0.072149,0.335247,-0.263097
2015-01-15,5.475702,0.091059,0.334995,-0.243936
2015-01-16,5.478439,0.100691,0.334742,-0.234051
2015-01-17,5.481177,0.077288,0.334490,-0.257202
2015-01-18,5.483915,0.089261,0.334237,-0.244976
2015-01-19,5.486653,0.097928,0.333984,-0.236056
2015-01-20,5.489391,0.095175,0.333731,-0.238556
2015-01-21,5.492129,0.103627,0.333478,-0.229851
2015-01-22,5.494867,0.130548,0.333224,-0.202676
2015-01-23,5.497604,0.128303,0.332971,-0.204668
2015-01-24,5.500342,0.142094,0.332717,-0.190623
2015-01-25,5.503080,0.161300,0.332463,-0.171163
2015-01-26,5.505818,0.211284,0.332208,-0.120924
2015-01-27,5.508556,0.179060,0.331954,-0.152894
2015-01-28,5.511294,0.165970,0.331699,-0.165729
2015-01-29,5.514031,0.128811,0.331444,-0.202633
2015-01-30,5.516769,0.126485,0.331189,-0.204704
2015-01-31,5.519507,0.118649,0.330934,-0.212284
2015-02-01,5.522245,0.101574,0.330678,-0.229105
2015-02-02,5.524983,0.112968,0.330423,-0.217455
2015-02-03,5.527721,0.130483,0.330167,-0.199684
2015-02-04,5.530459,0.111363,0.329911,-0.218548
2015-02-05,5.533196,0.098439,0.329655,-0.231216
2015-02-06,5.535934,0.093715,0.329398,-0.235684
2015-02-07,5.538672,0.102308,0.329142,-0.226833
2015-02-08,5.541410,0.101601,0.328885,-0.227284
2015-02-09,5.544148,0.092417,0.328628,-0.236211
2015-02-10,5.546886,0.087047,0.328371,-0.241324
2015-02-11,5.549624,0.088413,0.328114,-0.239701
2015-02-12,5.552361,0.087950,0.327856,-0.239907
2015-02-13,5.555099,0.108977,0.327599,-0.218621
2015-02-14,5.557837,0.131185,0.327341,-0.196156
2015-02-15,5.560575,0.137297,0.327083,-0.189786
2015-02-16,5.563313,0.112686,0.326825,-0.214139
2015-02-17,5.566051,0.117632,0.326567,-0.208934
2015-02-18,5.568789,0.117377,0.326308,-0.208931
2015-02-19,5.571526,0.115161,0.326049,-0.210889
2015-02-20,5.574264,0.121713,0.325791,-0.204078
2015-02-21,5.577002,0.121338,0.325532,-0.204194
2015-02-22,5.579740,0.116253,0.325273,-0.209020
2015-02-23,5.582478,0.106718,0.325013,-0.218296
2015-02-24,5.585216,0.109088,0.324754,-0.215666
2015-02-25,5.587953,0.107396,0.324495,-0.217099
2015-02-26,5.590691,0.103917,0.324235,-0.220318
2015-02-27,5.593429,0.124480,0.323975,-0.199495
2015-02-28,5.596167,0.128388,0.323715,-0.195327
2015-03-01,5.598905,0.126859,0.323455,-0.196596
2015-03-02,5.601643,0.143902,0.323195,-0.179292
2015-03-03,5.604381,0.162572,0.322934,-0.160363
2015-03-04,5.607118,0.168591,0.322674,-0.154082
2015-03-05,5.609856,0.156169,0.322413,-0.166244
2015-03-06,5.612594,0.156095,0.322152,-0.166057
2015-03-07,5.615332,0.156127,0.321891,-0.165765
2015-03-08,5.618070,0.158211,0.321630,-0.163419
2015-03-09,5.620808,0.166667,0.321369,-0.154702
2015-03-10,5.623546,0.181356,0.321107,-0.139751
2015-03-11,5.626283,0.182817,0.320846,-0.138028
2015-03-12,5.629021,0.183204,0.320584,-0.137380
2015-03-13,5.631759,0.177879,0.320322,-0.142444
2015-03-14,5.634497,0.170527,0.320060,-0.149533
2015-03-15,5.637235,0.166572,0.319798,-0.153227
2015-03-16,5.639973,0.174536,0.319536,-0.145000
2015-03-17,5.642710,0.170196,0.319274,-0.149078
2015-03-18,5.645448,0.146068,0.319012,-0.172943
2015-03-19,5.648186,0.120561,0.318749,-0.198188
2015-03-20,5.650924,0.124400,0.318486,-0.194086
2015-03-21,5.653662,0.120432,0.318224,-0.197792
2015-03-22,5.656400,0.122372,0.317961,-0.195589
2015-03-23,5.659138,0.129846,0.317698,-0.187852
2015-03-24,5.661875,0.110709,0.317435,-0.206726
2015-03-25,5.664613,0.090935,0.317171,-0.226236
2015-03-26,5.667351,0.097556,0.316908,-0.219352
2015-03-27,5.670089,0.092809,0.316645,-0.223836
2015-03-28,5.672827,0.097468,0.316381,-0.218914
2015-03-29,5.675565,0.086867,0.316117,-0.229251
2015-03-30,5.678303,0.086506,0.315854,-0.229348
2015-03-31,5.681040,0.084602,0.315590,-0.230988
2015-04-01,5.683778,0.079615,0.315326,-0.235711
2015-04-02,5.686516,0.085331,0.315062,-0.229731
2015-04-03,5.689254,0.092450,0.314798,-0.222348
2015-04-04,5.691992,0.091976,0.314533,-0.222558
2015-04-05,5.694730,0.095913,0.314269,-0.218356
2015-04-06,5.697467,0.095558,0.314005,-0.218446
2015-04-07,5.700205,0.089071,0.313740,-0.224669
2015-04-08,5.702943,0.081028,0.313476,-0.232448
2015-04-09,5.705681,0.073437,0.313211,-0.239774
2015-04-10,5.708419,0.062479,0.312946,-0.250467
2015-04-11,5.711157,0.057887,0.312681,-0.254794
2015-04-12,5.713895,0.056144,0.312416,-0.256272
2015-04-13,5.716632,0.046106,0.312151,-0.266045
2015-04-14,5.719370,0.025532,0.311886,-0.286354
2015-04-15,5.722108,0.025552,0.311621,-0.286069
2015-04-16,5.724846,0.034186,0.311356,-0.277170
2015-04-17,5.727584,0.028172,0.311090,-0.282918
2015-04-18,5.730322,0.024281,0.310825,-0.286544
2015-04-19,5.733060,0.025694,0.310559,-0.284865
2015-04-20,5.735797,0.024334,0.310294,-0.285959
2015-04-21,5.738535,0.026560,0.310028,-0.283468
2015-04-22,5.741273,0.040949,0.309762,-0.268813
2015-04-23,5.744011,0.038825,0.309497,-0.270671
2015-04-24,5.746749,0.034157,0.309231,-0.275074
2015-04-25,5.749487,0.027049,0.308965,-0.281916
2015-04-26,5.752225,0.010311,0.308699,-0.298388
2015-04-27,5.754962,0.012523,0.308433,-0.295910
2015-04-28,5.757700,0.017315,0.308167,-0.290852
2015-04-29,5.760438,0.016153,0.307901,-0.291748
2015-04-30,5.763176,0.027297,0.307635,-0.280338
2015-05-01,5.765914,0.032595,0.307368,-0.274774
2015-05-02,5.768652,0.030042,0.307102,-0.277060
2015-05-03,5.771389,0.037154,0.306836,-0.269681
2015-05-04,5.774127,0.036506,0.306569,-0.270063
2015-05-05,5.776865,0.027615,0.306303,-0.278688
2015-05-06,5.779603,0.026348,0.306036,-0.279688
2015-05-07,5.782341,0.020853,0.305770,-0.284917
2015-05-08,5.785079,0.031397,0.305503,-0.274106
2015-05-09,5.787817,0.035853,0.305237,-0.269384
2015-05-10,5.790554,0.032948,0.304970,-0.272022
2015-05-11,5.793292,0.032674,0.304703,-0.272029
2015-05-12,5.796030,0.031924,0.304437,-0.272512
2015-05-13,5.798768,0.031868,0.304170,-0.272302
2015-05-14,5.801506,0.022353,0.303903,-0.281550
2015-05-15,5.804244,0.022433,0.303636,-0.281203
2015-05-16,5.806982,0.019853,0.303369,-0.283516
2015-05-17,5.809719,0.018022,0.303102,-0.285080
2015-05-18,5.812457,0.015650,0.302836,-0.287185
2015-05-19,5.815195,0.009984,0.302569,-0.292585
2015-05-20,5.817933,0.009297,0.302302,-0.293004
2015-05-21,5.820671,0.010832,0.302035,-0.291202
2015-05-22,5.823409,0.013298,0.301768,-0.288469
2015-05-23,5.826146,0.016552,0.301501,-0.284949
2015-05-24,5.828884,0.015149,0.301234,-0.286085
2015-05-25,5.831622,0.012039,0.300966,-0.288927
2015-05-26,5.834360,0.009033,0.300699,-0.291667
2015-05-27,5.837098,0.008111,0.300432,-0.292321
2015-05-28,5.839836,0.006817,0.300165,-0.293348
2015-05-29,5.842574,0.004806,0.299898,-0.295092
2015-05-30,5.845311,-0.000500,0.299631,-0.300131
2015-05-31,5.848049,-0.004019,0.299364,-0.303383
2015-06-01,5.850787,-0.014611,0.299097,-0.313708
2015-06-02,5.853525,-0.020210,0.298830,-0.319039
2015-06-03,5.856263,-0.018947,0.298563,-0.317510
2015-06-04,5.859001,-0.020317,0.298295,-0.318613
2015-06-05,5.861739,-0.023684,0.298028,-0.321713
2015-06-06,5.864476,-0.024803,0.297761,-0.322564
2015-06-07,5.867214,-0.026594,0.297494,-0.324088
2015-06-08,5.869952,-0.023962,0.297227,-0.321189
2015-06-09,5.872690,-0.019218,0.296960,-0.316178
2015-06-10,5.875428,-0.021430,0.296693,-0.318123
2015-06-11,5.878166,-0.021167,0.296426,-0.317592
2015-06-12,5.880903,-0.021618,0.296159,-0.317777
2015-06-13,5.883641,-0.021887,0.295892,-0.317779
2015-06-14,5.886379,-0.018933,0.295625,-0.314557
2015-06-15,5.889117,-0.016275,0.295358,-0.311633
2015-06-16,5.891855,-0.004589,0.295091,-0.299680
2015-06-17,5.894593,0.009461,0.294824,-0.285363
2015-06-18,5.897331,0.005386,0.294557,-0.289170
2015-06-19,5.900068,0.002978,0.294290,-0.291312
2015-06-20,5.902806,-0.004476,0.294023,-0.298499
2015-06-21,5.905544,-0.005867,0.293756,-0.299623
2015-06-22,5.908282,-0.004102,0.293489,-0.297591
2015-06-23,5.911020,-0.006225,0.293222,-0.299447
2015-06-24,5.913758,-0.011500,0.292956,-0.304455
2015-06-25,5.916496,-0.013393,0.292689,-0.306082
2015-06-26,5.919233,-0.013750,0.292422,-0.306172
2015-06-27,5.921971,-0.008915,0.292155,-0.301070
2015-06-28,5.924709,-0.004574,0.291889,-0.296463
2015-06-29,5.927447,0.001093,0.291622,-0.290529
2015-06-30,5.930185,0.016833,0.291356,-0.274523
2015-07-01,5.932923,0.010403,0.291089,-0.280686
2015-07-02,5.935661,0.005080,0.290823,-0.285743
2015-07-03,5.938398,0.001568,0.290556,-0.288989
2015-07-04,5.941136,0.002356,0.290290,-0.287934
2015-07-05,5.943874,0.012899,0.290024,-0.277125
2015-07-06,5.946612,0.023971,0.289757,-0.265786
2015-07-07,5.949350,0.017605,0.289491,-0.271887
2015-07-08,5.952088,0.018049,0.289225,-0.271176
2015-07-09,5.954825,0.019151,0.288959,-0.269808
2015-07-10,5.957563,0.036833,0.288693,-0.251860
2015-07-11,5.960301,0.050734,0.288427,-0.237693
2015-07-12,5.963039,0.068263,0.288161,-0.219898
2015-07-13,5.965777,0.054350,0.287895,-0.233545
2015-07-14,5.968515,0.048313,0.287630,-0.239316
2015-07-15,5.971253,0.045256,0.287364,-0.242108
2015-07-16,5.973990,0.031968,0.287098,-0.255130
2015-07-17,5.976728,0.024030,0.286833,-0.262803
2015-07-18,5.979466,0.023371,0.286567,-0.263196
2015-07-19,5.982204,0.018965,0.286302,-0.267337
2015-07-20,5.984942,0.019213,0.286036,-0.266823
2015-07-21,5.987680,0.021144,0.285771,-0.264627
2015-07-22,5.990418,0.016858,0.285506,-0.268648
2015-07-23,5.993155,0.016543,0.285241,-0.268698
2015-07-24,5.995893,0.025213,0.284976,-0.259763
2015-07-25,5.998631,0.032461,0.284711,-0.252249
2015-07-26,6.001369,0.034688,0.284446,-0.249758
2015-07-27,6.004107,0.035495,0.284181,-0.248686
2015-07-28,6.006845,0.037674,0.283917,-0.246243
2015-07-29,6.009582,0.031396,0.283652,-0.252256
2015-07-30,6.012320,0.026066,0.283387,-0.257322
2015-07-31,6.015058,0.021561,0.283123,-0.261562
2015-08-01,6.017796,0.015014,0.282859,-0.267844
2015-08-02,6.020534,0.012136,0.282595,-0.270459
2015-08-03,6.023272,0.015183,0.282330,-0.267147
2015-08-04,6.026010,0.015845,0.282066,-0.266221
2015-08-05,6.028747,0.013147,0.281803,-0.268656
2015-08-06,6.031485,0.007579,0.281539,-0.273960
2015-08-07,6.034223,0.004685,0.281275,-0.276590
2015-08-08,6.036961,-0.005096,0.281011,-0.286108
2015-08-09,6.039699,-0.021239,0.280748,-0.301987
2015-08-10,6.042437,-0.020502,0.280485,-0.300987
2015-08-11,6.045175,-0.018725,0.280221,-0.298946
2015-08-12,6.047912,-0.017226,0.279958,-0.297184
2015-08-13,6.050650,-0.023658,0.279695,-0.303354
2015-08-14,6.053388,-0.023779,0.279432,-0.303211
2015-08-15,6.056126,-0.024505,0.279169,-0.303675
2015-08-16,6.058864,-0.035012,0.278907,-0.313919
2015-08-17,6.061602,-0.038043,0.278644,-0.316688
2015-08-18,6.064339,-0.046061,0.278382,-0.324443
2015-08-19,6.067077,-0.086454,0.278120,-0.364574
2015-08-20,6.069815,-0.085613,0.277857,-0.363470
2015-08-21,6.072553,-0.085628,0.277595,-0.363223
2015-08-22,6.075291,-0.093391,0.277333,-0.370724
2015-08-23,6.078029,-0.095524,0.277072,-0.372596
2015-08-24,6.080767,-0.114513,0.276810,-0.391323
2015-08-25,6.083504,-0.123296,0.276548,-0.399845
2015-08-26,6.086242,-0.104719,0.276287,-0.381006
2015-08-27,6.088980,-0.105746,0.276026,-0.381771
2015-08-28,6.091718,-0.103018,0.275765,-0.378782
2015-08-29,6.094456,-0.100175,0.275504,-0.375679
2015-08-30,6.097194,-0.104081,0.275243,-0.379324
2015-08-31,6.099932,-0.104414,0.274982,-0.379397
2015-09-01,6.102669,-0.105732,0.274722,-0.380454
2015-09-02,6.105407,-0.107221,0.274461,-0.381683
2015-09-03,6.108145,-0.109628,0.274201,-0.383830
2015-09-04,6.110883,-0.107511,0.273941,-0.381452
2015-09-05,6.113621,-0.102693,0.273681,-0.376374
2015-09-06,6.116359,-0.090059,0.273421,-0.363481
2015-09-07,6.119097,-0.089637,0.273162,-0.362799
2015-09-08,6.121834,-0.085656,0.272902,-0.358558
2015-09-09,6.124572,-0.092083,0.272643,-0.364726
2015-09-10,6.127310,-0.095995,0.272384,-0.368378
2015-09-11,6.130048,-0.093905,0.272125,-0.366030
2015-09-12,6.132786,-0.097125,0.271866,-0.368992
2015-09-13,6.135524,-0.108354,0.271607,-0.379961
2015-09-14,6.138261,-0.114089,0.271349,-0.385438
2015-09-15,6.140999,-0.114600,0.271091,-0.385691
2015-09-16,6.143737,-0.119441,0.270833,-0.390273
2015-09-17,6.146475,-0.117662,0.270575,-0.388237
2015-09-18,6.149213,-0.113570,0.270317,-0.383887
2015-09-19,6.151951,-0.117213,0.270059,-0.387272
2015-09-20,6.154689,-0.118975,0.269802,-0.388776
2015-09-21,6.157426,-0.125936,0.269545,-0.395481
2015-09-22,6.160164,-0.125067,0.269287,-0.394355
2015-09-23,6.162902,-0.123207,0.269031,-0.392237
2015-09-24,6.165640,-0.121597,0.268774,-0.390371
2015-09-25,6.168378,-0.116824,0.268517,-0.385341
2015-09-26,6.171116,-0.119703,0.268261,-0.387964
2015-09-27,6.173854,-0.122443,0.268005,-0.390447
2015-09-28,6.176591,-0.116161,0.267749,-0.383910
2015-09-29,6.179329,-0.115961,0.267493,-0.383454
2015-09-30,6.182067,-0.119051,0.267238,-0.386288
2015-10-01,6.184805,-0.119466,0.266982,-0.386448
2015-10-02,6.187543,-0.119591,0.266727,-0.386318
2015-10-03,6.190281,-0.119382,0.266472,-0.385854
2015-10-04,6.193018,-0.119344,0.266217,-0.385561
2015-10-05,6.195756,-0.120379,0.265963,-0.386342
2015-10-06,6.198494,-0.114579,0.265709,-0.380287
2015-10-07,6.201232,-0.112160,0.265454,-0.377614
2015-10-08,6.203970,-0.115010,0.265200,-0.380210
2015-10-09,6.206708,-0.115068,0.264947,-0.380015
2015-10-10,6.209446,-0.115183,0.264693,-0.379877
2015-10-11,6.212183,-0.113725,0.264440,-0.378165
2015-10-12,6.214921,-0.113760,0.264187,-0.377947
2015-10-13,6.217659,-0.113156,0.263934,-0.377090
2015-10-14,6.220397,-0.108344,0.263681,-0.372025
2015-10-15,6.223135,-0.103997,0.263429,-0.367425
2015-10-16,6.225873,-0.095736,0.263177,-0.358913
2015-10-17,6.228611,-0.081771,0.262925,-0.344695
2015-10-18,6.231348,-0.086553,0.262673,-0.349226
2015-10-19,6.234086,-0.091769,0.262421,-0.354190
2015-10-20,6.236824,-0.086660,0.262170,-0.348830
2015-10-21,6.239562,-0.087099,0.261919,-0.349018
2015-10-22,6.242300,-0.081993,0.261668,-0.343661
2015-10-23,6.245038,-0.075117,0.261417,-0.336534
2015-10-24,6.247775,-0.071523,0.261167,-0.332690
2015-10-25,6.250513,-0.058330,0.260917,-0.319247
2015-10-26,6.253251,-0.065911,0.260667,-0.326578
2015-10-27,6.255989,-0.056062,0.260417,-0.316479
2015-10-28,6.258727,-0.044844,0.260168,-0.305012
2015-10-29,6.261465,-0.033956,0.259919,-0.293874
2015-10-30,6.264203,-0.013545,0.259670,-0.273215
2015-10-31,6.266940,-0.017478,0.259421,-0.276899
2015-11-01,6.269678,-0.024149,0.259173,-0.283322
2015-11-02,6.272416,-0.001854,0.258924,-0.260778
2015-11-03,6.275154,0.051934,0.258676,-0.206742
2015-11-04,6.277892,0.117465,0.258429,-0.140963
2015-11-05,6.280630,0.072479,0.258181,-0.185702
2015-11-06,6.283368,0.040505,0.257934,-0.217429
2015-11-07,6.286105,0.052304,0.257687,-0.205383
2015-11-08,6.288843,0.049375,0.257440,-0.208065
2015-11-09,6.291581,0.040116,0.257194,-0.217078
2015-11-10,6.294319,0.027936,0.256948,-0.229012
2015-11-11,6.297057,-0.034568,0.256702,-0.291270
2015-11-12,6.299795,-0.020081,0.256456,-0.276537
2015-11-13,6.302533,-0.012549,0.256211,-0.268760
2015-11-14,6.305270,-0.012909,0.255966,-0.268875
2015-11-15,6.308008,-0.021713,0.255721,-0.277434
2015-11-16,6.310746,-0.030273,0.255476,-0.285750
2015-11-17,6.313484,-0.016050,0.255232,-0.271282
2015-11-18,6.316222,-0.019141,0.254988,-0.274129
2015-11-19,6.318960,-0.023713,0.254744,-0.278457
2015-11-20,6.321697,-0.038188,0.254501,-0.292689
2015-11-21,6.324435,-0.033278,0.254258,-0.287536
2015-11-22,6.327173,-0.034878,0.254015,-0.288892
2015-11-23,6.329911,-0.037357,0.253772,-0.291129
2015-11-24,6.332649,-0.041333,0.253530,-0.294863
2015-11-25,6.335387,-0.039278,0.253288,-0.292566
2015-11-26,6.338125,-0.014104,0.253046,-0.267150
2015-11-27,6.340862,0.000644,0.252805,-0.252160
2015-11-28,6.343600,-0.000869,0.252563,-0.253432
2015-11-29,6.346338,0.004463,0.252322,-0.247860
2015-11-30,6.349076,0.021594,0.252082,-0.230488
2015-12-01,6.351814,0.010486,0.251842,-0.241355
2015-12-02,6.354552,-0.003399,0.251602,-0.255001
2015-12-03,6.357290,0.002967,0.251362,-0.248395
2015-12-04,6.360027,-0.000189,0.251122,-0.251312
2015-12-05,6.362765,0.014917,0.250883,-0.235966
2015-12-06,6.365503,0.034422,0.250645,-0.216223
2015-12-07,6.368241,0.033364,0.250406,-0.217042
2015-12-08,6.370979,0.034607,0.250168,-0.215561
2015-12-09,6.373717,0.056342,0.249930,-0.193588
2015-12-10,6.376454,0.061466,0.249692,-0.188227
2015-12-11,6.379192,0.071061,0.249455,-0.178394
2015-12-12,6.381930,0.070564,0.249218,-0.178655
2015-12-13,6.384668,0.071523,0.248982,-0.177459
2015-12-14,6.387406,0.075972,0.248745,-0.172773
2015-12-15,6.390144,0.089122,0.248509,-0.159387
2015-12-16,6.392882,0.088889,0.248274,-0.159385
2015-12-17,6.395619,0.086194,0.248038,-0.161844
2015-12-18,6.398357,0.095077,0.247803,-0.152726
2015-12-19,6.401095,0.091811,0.247569,-0.155758
2015-12-20,6.403833,0.082393,0.247334,-0.164941
2015-12-21,6.406571,0.067463,0.247100,-0.179637
2015-12-22,6.409309,0.067010,0.246866,-0.179857
2015-12-23,6.412047,0.067803,0.246633,-0.178830
2015-12-24,6.414784,0.079789,0.246400,-0.166611
2015-12-25,6.417522,0.079944,0.246167,-0.166224
2015-12-26,6.420260,0.055241,0.245935,-0.190694
2015-12-27,6.422998,0.042917,0.245703,-0.202786
2015-12-28,6.425736,0.047535,0.245471,-0.197936
2015-12-29,6.428474,0.047969,0.245240,-0.197271
2015-12-30,6.431211,0.050445,0.245009,-0.194563
2015-12-31,6.433949,0.046513,0.244778,-0.198265
2016-01-01,6.436687,0.051013,0.244548,-0.193534
2016-01-02,6.439425,0.051494,0.244318,-0.192823
2016-01-03,6.442163,0.045938,0.244088,-0.198150
2016-01-04,6.444901,0.047267,0.243859,-0.196592
2016-01-05,6.447639,0.047161,0.243630,-0.196469
2016-01-06,6.450376,0.044220,0.243401,-0.199181
2016-01-07,6.453114,0.060883,0.243173,-0.182290
2016-01-08,6.455852,0.066728,0.242945,-0.176217
2016-01-09,6.458590,0.061737,0.242718,-0.180981
2016-01-10,6.461328,0.055504,0.242490,-0.186986
2016-01-11,6.464066,0.056945,0.242264,-0.185319
2016-01-12,6.466804,0.055595,0.242037,-0.186442
2016-01-13,6.469541,0.037714,0.241811,-0.204097
2016-01-14,6.472279,0.037939,0.241585,-0.203647
2016-01-15,6.475017,0.008386,0.241360,-0.232974
2016-01-16,6.477755,-0.028594,0.241135,-0.269729
2016-01-17,6.480493,-0.014366,0.240910,-0.255276
2016-01-18,6.483231,-0.016685,0.240686,-0.257371
2016-01-19,6.485969,-0.017150,0.240462,-0.257612
2016-01-20,6.488706,-0.007084,0.240239,-0.247323
2016-01-21,6.491444,0.014908,0.240016,-0.225108
2016-01-22,6.494182,-0.008815,0.239793,-0.248608
2016-01-23,6.496920,-0.015261,0.239570,-0.254832
2016-01-24,6.499658,-0.008042,0.239348,-0.247390
2016-01-25,6.502396,-0.009711,0.239127,-0.248838
2016-01-26,6.505133,-0.012681,0.238906,-0.251586
2016-01-27,6.507871,-0.012609,0.238685,-0.251294
2016-01-28,6.510609,-0.025304,0.238464,-0.263768
2016-01-29,6.513347,-0.034929,0.238244,-0.273174
2016-01-30,6.516085,-0.033477,0.238025,-0.271501
2016-01-31,6.518823,-0.034842,0.237805,-0.272647
2016-02-01,6.521561,-0.040755,0.237586,-0.278342
2016-02-02,6.524298,-0.041332,0.237368,-0.278700
2016-02-03,6.527036,-0.045325,0.237150,-0.282475
2016-02-04,6.529774,-0.038946,0.236932,-0.275878
2016-02-05,6.532512,-0.030271,0.236715,-0.266986
2016-02-06,6.535250,-0.042085,0.236498,-0.278583
2016-02-07,6.537988,-0.043500,0.236281,-0.279782
2016-02-08,6.540726,-0.044881,0.236065,-0.280947
2016-02-09,6.543463,-0.048246,0.235850,-0.284095
2016-02-10,6.546201,-0.044344,0.235634,-0.279979
2016-02-11,6.548939,-0.044975,0.235420,-0.280395
2016-02-12,6.551677,-0.042757,0.235205,-0.277962
2016-02-13,6.554415,-0.035859,0.234991,-0.270850
2016-02-14,6.557153,-0.025545,0.234777,-0.260323
2016-02-15,6.559890,-0.022579,0.234564,-0.257143
2016-02-16,6.562628,-0.022215,0.234351,-0.256566
2016-02-17,6.565366,-0.012080,0.234139,-0.246219
2016-02-18,6.568104,-0.006864,0.233927,-0.240791
2016-02-19,6.570842,-0.007576,0.233715,-0.241291
2016-02-20,6.573580,0.001466,0.233504,-0.232038
2016-02-21,6.576318,0.008087,0.233293,-0.225206
2016-02-22,6.579055,0.005686,0.233083,-0.227397
2016-02-23,6.581793,-0.004164,0.232873,-0.237038
2016-02-24,6.584531,-0.011249,0.232664,-0.243913
2016-02-25,6.587269,-0.010031,0.232455,-0.242486
2016-02-26,6.590007,-0.009988,0.232246,-0.242234
2016-02-27,6.592745,-0.002808,0.232038,-0.234846
2016-02-28,6.595483,-0.006571,0.231830,-0.238402
2016-02-29,6.598220,-0.000438,0.231623,-0.232061
2016-03-01,6.600958,-0.003372,0.231416,-0.234788
2016-03-02,6.603696,-0.006744,0.231210,-0.237954
2016-03-03,6.606434,-0.018127,0.231004,-0.249130
2016-03-04,6.609172,-0.021296,0.230798,-0.252094
2016-03-05,6.611910,-0.039403,0.230593,-0.269997
2016-03-06,6.614648,-0.040133,0.230389,-0.270521
2016-03-07,6.617385,-0.034784,0.230184,-0.264969
2016-03-08,6.620123,-0.032458,0.229981,-0.262439
2016-03-09,6.622861,-0.033548,0.229777,-0.263325
2016-03-10,6.625599,-0.032503,0.229574,-0.262077
2016-03-11,6.628337,-0.027257,0.229372,-0.256629
2016-03-12,6.631075,-0.034016,0.229170,-0.263187
2016-03-13,6.633812,-0.036127,0.228969,-0.265096
2016-03-14,6.636550,-0.035530,0.228768,-0.264297
2016-03-15,6.639288,-0.034537,0.228567,-0.263104
2016-03-16,6.642026,-0.035682,0.228367,-0.264049
2016-03-17,6.644764,-0.033649,0.228167,-0.261816
2016-03-18,6.647502,-0.039675,0.227968,-0.267643
2016-03-19,6.650240,-0.045652,0.227769,-0.273421
2016-03-20,6.652977,-0.044013,0.227571,-0.271584
2016-03-21,6.655715,-0.045717,0.227373,-0.273090
2016-03-22,6.658453,-0.040775,0.227176,-0.267951
2016-03-23,6.661191,-0.040170,0.226979,-0.267149
2016-03-24,6.663929,-0.042398,0.226782,-0.269180
2016-03-25,6.666667,-0.043974,0.226586,-0.270561
2016-03-26,6.669405,-0.044257,0.226391,-0.270648
2016-03-27,6.672142,-0.041293,0.226196,-0.267489
2016-03-28,6.674880,-0.038661,0.226001,-0.264662
2016-03-29,6.677618,-0.044576,0.225807,-0.270384
2016-03-30,6.680356,-0.050765,0.225614,-0.276379
2016-03-31,6.683094,-0.049162,0.225421,-0.274583
2016-04-01,6.685832,-0.049969,0.225228,-0.275197
2016-04-02,6.688569,-0.047533,0.225036,-0.272569
2016-04-03,6.691307,-0.049083,0.224844,-0.273928
2016-04-04,6.694045,-0.049464,0.224653,-0.274117
2016-04-05,6.696783,-0.047484,0.224462,-0.271947
2016-04-06,6.699521,-0.048028,0.224272,-0.272300
2016-04-07,6.702259,-0.050070,0.224082,-0.274153
2016-04-08,6.704997,-0.050604,0.223893,-0.274497
2016-04-09,6.707734,-0.055311,0.223705,-0.279016
2016-04-10,6.710472,-0.053523,0.223516,-0.277039
2016-04-11,6.713210,-0.053471,0.223329,-0.276800
2016-04-12,6.715948,-0.050798,0.223141,-0.273939
2016-04-13,6.718686,-0.051500,0.222955,-0.274455
2016-04-14,6.721424,-0.053003,0.222768,-0.275772
2016-04-15,6.724162,-0.050930,0.222583,-0.273512
2016-04-16,6.726899,-0.049005,0.222397,-0.271403
2016-04-17,6.729637,-0.051891,0.222213,-0.274104
2016-04-18,6.732375,-0.052982,0.222028,-0.275010
2016-04-19,6.735113,-0.052513,0.221845,-0.274358
2016-04-20,6.737851,-0.044985,0.221661,-0.266646
2016-04-21,6.740589,-0.040068,0.221479,-0.261546
2016-04-22,6.743326,-0.038493,0.221296,-0.259789
2016-04-23,6.746064,-0.038855,0.221115,-0.259969
2016-04-24,6.748802,-0.033227,0.220934,-0.254161
2016-04-25,6.751540,-0.029279,0.220753,-0.250032
2016-04-26,6.754278,-0.025785,0.220573,-0.246358
2016-04-27,6.757016,-0.030526,0.220393,-0.250919
2016-04-28,6.759754,-0.044986,0.220214,-0.265200
2016-04-29,6.762491,-0.040707,0.220035,-0.260743
2016-04-30,6.765229,-0.039563,0.219857,-0.259420
2016-05-01,6.767967,-0.041898,0.219680,-0.261578
2016-05-02,6.770705,-0.046951,0.219503,-0.266454
2016-05-03,6.773443,-0.047466,0.219326,-0.266793
2016-05-04,6.776181,-0.047489,0.219150,-0.266639
2016-05-05,6.778919,-0.048738,0.218975,-0.267712
2016-05-06,6.781656,-0.045358,0.218800,-0.264158
2016-05-07,6.784394,-0.040377,0.218625,-0.259002
2016-05-08,6.787132,-0.041775,0.218451,-0.260226
2016-05-09,6.789870,-0.041247,0.218278,-0.259525
2016-05-10,6.792608,-0.044636,0.218105,-0.262741
2016-05-11,6.795346,-0.048656,0.217933,-0.266589
2016-05-12,6.798084,-0.051030,0.217761,-0.268792
2016-05-13,6.800821,-0.049049,0.217590,-0.266639
2016-05-14,6.803559,-0.049190,0.217419,-0.266609
2016-05-15,6.806297,-0.049397,0.217249,-0.266647
2016-05-16,6.809035,-0.050329,0.217080,-0.267408
2016-05-17,6.811773,-0.053768,0.216911,-0.270679
2016-05-18,6.814511,-0.054152,0.216742,-0.270894
2016-05-19,6.817248,-0.059925,0.216574,-0.276499
2016-05-20,6.819986,-0.068882,0.216407,-0.285288
2016-05-21,6.822724,-0.069136,0.216240,-0.285376
2016-05-22,6.825462,-0.070354,0.216074,-0.286427
2016-05-23,6.828200,-0.071127,0.215908,-0.287035
2016-05-24,6.830938,-0.068647,0.215743,-0.284390
2016-05-25,6.833676,-0.066562,0.215578,-0.282140
2016-05-26,6.836413,-0.064759,0.215414,-0.280172
2016-05-27,6.839151,-0.046890,0.215250,-0.262141
2016-05-28,6.841889,-0.025993,0.215087,-0.241080
2016-05-29,6.844627,-0.004339,0.214925,-0.219264
2016-05-30,6.847365,0.002719,0.214763,-0.212044
2016-05-31,6.850103,0.004130,0.214602,-0.210472
2016-06-01,6.852841,0.002504,0.214441,-0.211937
2016-06-02,6.855578,0.006096,0.214281,-0.208184
2016-06-03,6.858316,0.017203,0.214121,-0.196918
2016-06-04,6.861054,0.031561,0.213962,-0.182401
2016-06-05,6.863792,0.032566,0.213804,-0.181238
2016-06-06,6.866530,0.035438,0.213646,-0.178207
2016-06-07,6.869268,0.035462,0.213488,-0.178027
2016-06-08,6.872005,0.031969,0.213331,-0.181363
2016-06-09,6.874743,0.030384,0.213175,-0.182791
2016-06-10,6.877481,0.028651,0.213020,-0.184368
2016-06-11,6.880219,0.032772,0.212865,-0.180092
2016-06-12,6.882957,0.071649,0.212710,-0.141061
2016-06-13,6.885695,0.102484,0.212556,-0.110072
2016-06-14,6.888433,0.100958,0.212403,-0.111445
2016-06-15,6.891170,0.098446,0.212250,-0.113804
2016-06-16,6.893908,0.129778,0.212098,-0.082319
2016-06-17,6.896646,0.135007,0.211946,-0.076939
2016-06-18,6.899384,0.136271,0.211795,-0.075524
2016-06-19,6.902122,0.137414,0.211645,-0.074231
2016-06-20,6.904860,0.132357,0.211495,-0.079138
2016-06-21,6.907598,0.091204,0.211346,-0.120141
2016-06-22,6.910335,0.070652,0.211197,-0.140545
2016-06-23,6.913073,0.029831,0.211049,-0.181218
2016-06-24,6.915811,0.073479,0.210901,-0.137422
2016-06-25,6.918549,0.082558,0.210754,-0.128196
2016-06-26,6.921287,0.061483,0.210608,-0.149125
2016-06-27,6.924025,0.059628,0.210462,-0.150834
2016-06-28,6.926762,0.066168,0.210317,-0.144149
2016-06-29,6.929500,0.054209,0.210173,-0.155964
2016-06-30,6.932238,0.065547,0.210029,-0.144482
2016-07-01,6.934976,0.078885,0.209885,-0.131000
2016-07-02,6.937714,0.084971,0.209743,-0.124772
2016-07-03,6.940452,0.076147,0.209601,-0.133454
2016-07-04,6.943190,0.072364,0.209459,-0.137095
2016-07-05,6.945927,0.073405,0.209318,-0.135913
2016-07-06,6.948665,0.071889,0.209178,-0.137289
2016-07-07,6.951403,0.051343,0.209038,-0.157695
2016-07-08,6.954141,0.053850,0.208899,-0.155049
2016-07-09,6.956879,0.055969,0.208760,-0.152792
2016-07-10,6.959617,0.052342,0.208622,-0.156281
2016-07-11,6.962355,0.052215,0.208485,-0.156270
2016-07-12,6.965092,0.057774,0.208348,-0.150574
2016-07-13,6.967830,0.061124,0.208212,-0.147088
2016-07-14,6.970568,0.055839,0.208077,-0.152238
2016-07-15,6.973306,0.058659,0.207942,-0.149283
2016-07-16,6.976044,0.058150,0.207808,-0.149657
2016-07-17,6.978782,0.061161,0.207674,-0.146513
2016-07-18,6.981520,0.064390,0.207541,-0.143151
2016-07-19,6.984257,0.059932,0.207409,-0.147477
2016-07-20,6.986995,0.058363,0.207277,-0.148914
2016-07-21,6.989733,0.053426,0.207146,-0.153720
2016-07-22,6.992471,0.050816,0.207015,-0.156200
2016-07-23,6.995209,0.045533,0.206885,-0.161353
2016-07-24,6.997947,0.046778,0.206756,-0.159978
2016-07-25,7.000684,0.045480,0.206627,-0.161148
2016-07-26,7.003422,0.041927,0.206499,-0.164573
2016-07-27,7.006160,0.041981,0.206372,-0.164391
2016-07-28,7.008898,0.042115,0.206245,-0.164130
2016-07-29,7.011636,0.042018,0.206119,-0.164101
2016-07-30,7.014374,0.040623,0.205994,-0.165370
2016-07-31,7.017112,0.026789,0.205869,-0.179080
2016-08-01,7.019849,0.015181,0.205744,-0.190563
2016-08-02,7.022587,-0.005724,0.205621,-0.211345
2016-08-03,7.025325,-0.038024,0.205498,-0.243522
2016-08-04,7.028063,-0.022269,0.205375,-0.227644
2016-08-05,7.030801,-0.023335,0.205254,-0.228588
2016-08-06,7.033539,-0.021677,0.205133,-0.226810
2016-08-07,7.036277,-0.011064,0.205012,-0.216077
2016-08-08,7.039014,-0.012193,0.204892,-0.217085
2016-08-09,7.041752,-0.015227,0.204773,-0.220000
2016-08-10,7.044490,-0.013277,0.204655,-0.217932
2016-08-11,7.047228,-0.012748,0.204537,-0.217285
2016-08-12,7.049966,-0.017846,0.204420,-0.222266
2016-08-13,7.052704,-0.018617,0.204303,-0.222920
2016-08-14,7.055441,-0.027443,0.204187,-0.231630
2016-08-15,7.058179,-0.033351,0.204072,-0.237423
2016-08-16,7.060917,-0.032032,0.203957,-0.235989
2016-08-17,7.063655,-0.030944,0.203843,-0.234787
2016-08-18,7.066393,-0.032292,0.203730,-0.236022
2016-08-19,7.069131,-0.031989,0.203617,-0.235607
2016-08-20,7.071869,-0.031320,0.203505,-0.234825
2016-08-21,7.074606,-0.029511,0.203394,-0.232905
2016-08-22,7.077344,-0.027043,0.203283,-0.230326
2016-08-23,7.080082,-0.029084,0.203173,-0.232257
2016-08-24,7.082820,-0.032325,0.203063,-0.235388
2016-08-25,7.085558,-0.036802,0.202955,-0.239757
2016-08-26,7.088296,-0.036439,0.202847,-0.239285
2016-08-27,7.091034,-0.041015,0.202739,-0.243754
2016-08-28,7.093771,-0.043026,0.202632,-0.245658
2016-08-29,7.096509,-0.042284,0.202526,-0.244810
2016-08-30,7.099247,-0.039680,0.202421,-0.242101
2016-08-31,7.101985,-0.044576,0.202316,-0.246892
2016-09-01,7.104723,-0.046086,0.202212,-0.248297
2016-09-02,7.107461,-0.046559,0.202108,-0.248667
2016-09-03,7.110198,-0.042447,0.202005,-0.244452
2016-09-04,7.112936,-0.026212,0.201903,-0.228116
2016-09-05,7.115674,-0.025713,0.201802,-0.227514
2016-09-06,7.118412,-0.024853,0.201701,-0.226554
2016-09-07,7.121150,-0.023618,0.201601,-0.225219
2016-09-08,7.123888,-0.016731,0.201501,-0.218233
2016-09-09,7.126626,-0.016839,0.201403,-0.218242
2016-09-10,7.129363,-0.016350,0.201304,-0.217654
2016-09-11,7.132101,-0.019148,0.201207,-0.220355
2016-09-12,7.134839,-0.028416,0.201110,-0.229527
2016-09-13,7.137577,-0.028127,0.201014,-0.229141
2016-09-14,7.140315,-0.028062,0.200919,-0.228980
2016-09-15,7.143053,-0.029696,0.200824,-0.230520
2016-09-16,7.145791,-0.031682,0.200730,-0.232412
2016-09-17,7.148528,-0.033264,0.200636,-0.233901
2016-09-18,7.151266,-0.033599,0.200544,-0.234143
2016-09-19,7.154004,-0.033795,0.200452,-0.234246
2016-09-20,7.156742,-0.034822,0.200360,-0.235182
2016-09-21,7.159480,-0.042626,0.200270,-0.242895
2016-09-22,7.162218,-0.044844,0.200180,-0.245024
2016-09-23,7.164956,-0.044431,0.200090,-0.244521
2016-09-24,7.167693,-0.042922,0.200002,-0.242924
2016-09-25,7.170431,-0.045003,0.199914,-0.244916
2016-09-26,7.173169,-0.042721,0.199826,-0.242548
2016-09-27,7.175907,-0.043201,0.199740,-0.242941
2016-09-28,7.178645,-0.044531,0.199654,-0.244185
2016-09-29,7.181383,-0.045375,0.199569,-0.244944
2016-09-30,7.184120,-0.046511,0.199484,-0.245995
2016-10-01,7.186858,-0.042450,0.199401,-0.241850
2016-10-02,7.189596,-0.044408,0.199317,-0.243725
2016-10-03,7.192334,-0.045095,0.199235,-0.244330
2016-10-04,7.195072,-0.046736,0.199153,-0.245889
2016-10-05,7.197810,-0.045810,0.199072,-0.244882
2016-10-06,7.200548,-0.047023,0.198992,-0.246015
2016-10-07,7.203285,-0.045986,0.198912,-0.244898
2016-10-08,7.206023,-0.044728,0.198833,-0.243561
2016-10-09,7.208761,-0.046677,0.198755,-0.245432
2016-10-10,7.211499,-0.047246,0.198677,-0.245923
2016-10-11,7.214237,-0.037693,0.198601,-0.236294
2016-10-12,7.216975,-0.034665,0.198524,-0.233190
2016-10-13,7.219713,-0.035857,0.198449,-0.234306
2016-10-14,7.222450,-0.036191,0.198374,-0.234565
2016-10-15,7.225188,-0.035517,0.198300,-0.233817
2016-10-16,7.227926,-0.035770,0.198227,-0.233996
2016-10-17,7.230664,-0.037644,0.198154,-0.235798
2016-10-18,7.233402,-0.039762,0.198082,-0.237844
2016-10-19,7.236140,-0.043841,0.198011,-0.241852
2016-10-20,7.238877,-0.046762,0.197941,-0.244703
2016-10-21,7.241615,-0.046280,0.197871,-0.244150
2016-10-22,7.244353,-0.039875,0.197802,-0.237677
2016-10-23,7.247091,-0.032835,0.197733,-0.230568
2016-10-24,7.249829,-0.035870,0.197666,-0.233536
2016-10-25,7.252567,-0.033661,0.197599,-0.231260
2016-10-26,7.255305,-0.027872,0.197532,-0.225405
2016-10-27,7.258042,-0.018304,0.197467,-0.215771
2016-10-28,7.260780,-0.016315,0.197402,-0.213717
2016-10-29,7.263518,-0.004634,0.197338,-0.201972
2016-10-30,7.266256,-0.006812,0.197274,-0.204086
2016-10-31,7.268994,-0.010238,0.197212,-0.207450
2016-11-01,7.271732,0.002234,0.197150,-0.194916
2016-11-02,7.274470,0.004637,0.197088,-0.192452
2016-11-03,7.277207,0.002670,0.197028,-0.194358
2016-11-04,7.279945,-0.013602,0.196968,-0.210570
2016-11-05,7.282683,-0.011694,0.196909,-0.208603
2016-11-06,7.285421,-0.008883,0.196850,-0.205734
2016-11-07,7.288159,-0.012094,0.196793,-0.208887
2016-11-08,7.290897,-0.012001,0.196736,-0.208737
2016-11-09,7.293634,-0.001900,0.196680,-0.198580
2016-11-10,7.296372,-0.008784,0.196624,-0.205408
2016-11-11,7.299110,-0.009626,0.196569,-0.206195
2016-11-12,7.301848,-0.014052,0.196515,-0.210567
2016-11-13,7.304586,-0.022729,0.196462,-0.219191
2016-11-14,7.307324,-0.019950,0.196409,-0.216359
2016-11-15,7.310062,-0.015140,0.196357,-0.211498
2016-11-16,7.312799,-0.007086,0.196306,-0.203393
2016-11-17,7.315537,0.002032,0.196256,-0.194224
2016-11-18,7.318275,0.001234,0.196206,-0.194972
2016-11-19,7.321013,0.004189,0.196157,-0.191968
2016-11-20,7.323751,-0.001441,0.196109,-0.197550
2016-11-21,7.326489,-0.006150,0.196061,-0.202211
2016-11-22,7.329227,-0.002761,0.196014,-0.198775
2016-11-23,7.331964,-0.002955,0.195968,-0.198923
2016-11-24,7.334702,-0.006353,0.195923,-0.202276
2016-11-25,7.337440,-0.009288,0.195878,-0.205167
2016-11-26,7.340178,-0.010552,0.195835,-0.206386
2016-11-27,7.342916,-0.012194,0.195791,-0.207986
2016-11-28,7.345654,-0.007024,0.195749,-0.202773
2016-11-29,7.348392,-0.014015,0.195707,-0.209722
2016-11-30,7.351129,-0.011272,0.195666,-0.206938
2016-12-01,7.353867,-0.006701,0.195626,-0.202327
2016-12-02,7.356605,0.003555,0.195587,-0.192032
2016-12-03,7.359343,0.001377,0.195548,-0.194171
2016-12-04,7.362081,0.000162,0.195510,-0.195348
2016-12-05,7.364819,-0.005799,0.195473,-0.201272
2016-12-06,7.367556,-0.006147,0.195436,-0.201583
2016-12-07,7.370294,-0.003649,0.195401,-0.199050
2016-12-08,7.373032,-0.001467,0.195366,-0.196833
2016-12-09,7.375770,-0.001111,0.195331,-0.196442
2016-12-10,7.378508,0.000551,0.195298,-0.194747
2016-12-11,7.381246,-0.002650,0.195265,-0.197915
2016-12-12,7.383984,0.000360,0.195233,-0.194873
2016-12-13,7.386721,0.000508,0.195202,-0.194694
2016-12-14,7.389459,-0.000884,0.195171,-0.196055
2016-12-15,7.392197,-0.001751,0.195141,-0.196892
2016-12-16,7.394935,-0.001475,0.195112,-0.196587
2016-12-17,7.397673,0.002464,0.195084,-0.192620
2016-12-18,7.400411,0.001873,0.195056,-0.193183
2016-12-19,7.403149,0.001654,0.195029,-0.193375
2016-12-20,7.405886,0.001841,0.195003,-0.193163
2016-12-21,7.408624,0.012809,0.194978,-0.182169
2016-12-22,7.411362,0.034013,0.194953,-0.160940
2016-12-23,7.414100,0.054118,0.194929,-0.140811
2016-12-24,7.416838,0.055264,0.194906,-0.139642
2016-12-25,7.419576,0.041990,0.194884,-0.152894
2016-12-26,7.422313,0.053076,0.194862,-0.141786
2016-12-27,7.425051,0.060457,0.194841,-0.134384
2016-12-28,7.427789,0.077261,0.194821,-0.117560
2016-12-29,7.430527,0.081784,0.194802,-0.113018
2016-12-30,7.433265,0.073989,0.194783,-0.120794
2016-12-31,7.436003,0.075029,0.194765,-0.119737
2017-01-01,7.438741,0.082766,0.194748,-0.111982
2017-01-02,7.441478,0.098834,0.194732,-0.095898
2017-01-03,7.444216,0.100797,0.194716,-0.093920
2017-01-04,7.446954,0.123780,0.194702,-0.070921
2017-01-05,7.449692,0.109552,0.194688,-0.085136
2017-01-06,7.452430,0.058596,0.194674,-0.136078
2017-01-07,7.455168,0.027929,0.194662,-0.166733
2017-01-08,7.457906,0.048130,0.194650,-0.146520
2017-01-09,7.460643,0.037545,0.194639,-0.157093
2017-01-10,7.463381,0.041705,0.194629,-0.152923
2017-01-11,7.466119,0.012597,0.194619,-0.182022
2017-01-12,7.468857,-0.019963,0.194610,-0.214573
2017-01-13,7.471595,-0.008684,0.194602,-0.203286
2017-01-14,7.474333,0.000882,0.194595,-0.193713
2017-01-15,7.477070,-0.004301,0.194588,-0.198889
2017-01-16,7.479808,-0.000000,0.194583,-0.194583
2017-01-17,7.482546,0.023556,0.194578,-0.171022
2017-01-18,7.485284,0.027019,0.194573,-0.167555
2017-01-19,7.488022,0.030089,0.194570,-0.164481
2017-01-20,7.490760,0.030094,0.194567,-0.164473
2017-01-21,7.493498,0.039848,0.194565,-0.154717
2017-01-22,7.496235,0.041373,0.194564,-0.153191
2017-01-23,7.498973,0.039311,0.194564,-0.155253
2017-01-24,7.501711,0.032175,0.194564,-0.162389
2017-01-25,7.504449,0.025911,0.194565,-0.168654
2017-01-26,7.507187,0.030269,0.194567,-0.164298
2017-01-27,7.509925,0.034594,0.194570,-0.159976
2017-01-28,7.512663,0.034566,0.194573,-0.160007
2017-01-29,7.515400,0.033900,0.194577,-0.160677
2017-01-30,7.518138,0.032586,0.194582,-0.161997
2017-01-31,7.520876,0.042429,0.194588,-0.152159
2017-02-01,7.523614,0.055279,0.194595,-0.139315
2017-02-02,7.526352,0.063299,0.194602,-0.131303
2017-02-03,7.529090,0.071351,0.194610,-0.123259
2017-02-04,7.531828,0.072652,0.194619,-0.121966
2017-02-05,7.534565,0.073097,0.194628,-0.121531
2017-02-06,7.537303,0.072724,0.194638,-0.121915
2017-02-07,7.540041,0.079949,0.194650,-0.114701
2017-02-08,7.542779,0.084669,0.194661,-0.109992
2017-02-09,7.545517,0.071049,0.194674,-0.123625
2017-02-10,7.548255,0.051318,0.194687,-0.143370
2017-02-11,7.550992,0.063282,0.194702,-0.131419
2017-02-12,7.553730,0.061371,0.194717,-0.133345
2017-02-13,7.556468,0.058131,0.194732,-0.136601
2017-02-14,7.559206,0.061000,0.194749,-0.133749
2017-02-15,7.561944,0.061484,0.194766,-0.133282
2017-02-16,7.564682,0.067573,0.194784,-0.127211
2017-02-17,7.567420,0.074249,0.194803,-0.120554
2017-02-18,7.570157,0.079737,0.194822,-0.115085
2017-02-19,7.572895,0.076088,0.194843,-0.118755
2017-02-20,7.575633,0.077082,0.194864,-0.117782
2017-02-21,7.578371,0.092762,0.194886,-0.102124
2017-02-22,7.581109,0.100225,0.194908,-0.094683
2017-02-23,7.583847,0.108754,0.194932,-0.086177
2017-02-24,7.586585,0.121572,0.194956,-0.073384
2017-02-25,7.589322,0.115386,0.194981,-0.079595
2017-02-26,7.592060,0.112212,0.195007,-0.082795
2017-02-27,7.594798,0.119384,0.195033,-0.075650
2017-02-28,7.597536,0.121011,0.195060,-0.074050
2017-03-01,7.600274,0.126067,0.195089,-0.069022
2017-03-02,7.603012,0.136174,0.195117,-0.058944
2017-03-03,7.605749,0.147994,0.195147,-0.047153
2017-03-04,7.608487,0.146291,0.195177,-0.048887
2017-03-05,7.611225,0.142634,0.195209,-0.052575
2017-03-06,7.613963,0.145969,0.195241,-0.049272
2017-03-07,7.616701,0.138408,0.195273,-0.056865
2017-03-08,7.619439,0.117599,0.195307,-0.077707
2017-03-09,7.622177,0.109108,0.195341,-0.086233
2017-03-10,7.624914,0.117678,0.195376,-0.077699
2017-03-11,7.627652,0.105577,0.195412,-0.089835
2017-03-12,7.630390,0.114751,0.195449,-0.080698
2017-03-13,7.633128,0.126088,0.195486,-0.069398
2017-03-14,7.635866,0.128563,0.195524,-0.066961
2017-03-15,7.638604,0.131068,0.195563,-0.064495
2017-03-16,7.641342,0.120290,0.195603,-0.075313
2017-03-17,7.644079,0.086542,0.195643,-0.109101
2017-03-18,7.646817,0.046567,0.195685,-0.149117
2017-03-19,7.649555,0.038499,0.195727,-0.157228
2017-03-20,7.652293,0.046792,0.195770,-0.148978
2017-03-21,7.655031,0.065861,0.195813,-0.129952
2017-03-22,7.657769,0.053593,0.195858,-0.142265
2017-03-23,7.660507,0.047577,0.195903,-0.148325
2017-03-24,7.663244,0.025889,0.195949,-0.170060
2017-03-25,7.665982,-0.002775,0.195995,-0.198770
2017-03-26,7.668720,0.013445,0.196043,-0.182598
2017-03-27,7.671458,0.025867,0.196091,-0.170225
2017-03-28,7.674196,0.041671,0.196140,-0.154469
2017-03-29,7.676934,0.037031,0.196190,-0.159159
2017-03-30,7.679671,0.036933,0.196241,-0.159308
2017-03-31,7.682409,0.045025,0.196292,-0.151268
2017-04-01,7.685147,0.054087,0.196344,-0.142257
2017-04-02,7.687885,0.055815,0.196397,-0.140583
2017-04-03,7.690623,0.072863,0.196451,-0.123588
2017-04-04,7.693361,0.075692,0.196506,-0.120814
2017-04-05,7.696099,0.070778,0.196561,-0.125783
2017-04-06,7.698836,0.083299,0.196617,-0.113318
2017-04-07,7.701574,0.089947,0.196674,-0.106727
2017-04-08,7.704312,0.088294,0.196732,-0.108438
2017-04-09,7.707050,0.090896,0.196790,-0.105894
2017-04-10,7.709788,0.095501,0.196849,-0.101349
2017-04-11,7.712526,0.096857,0.196909,-0.100052
2017-04-12,7.715264,0.098044,0.196970,-0.098926
2017-04-13,7.718001,0.086284,0.197032,-0.110748
2017-04-14,7.720739,0.083643,0.197094,-0.113451
2017-04-15,7.723477,0.083637,0.197157,-0.113520
2017-04-16,7.726215,0.082364,0.197221,-0.114857
2017-04-17,7.728953,0.082998,0.197286,-0.114288
2017-04-18,7.731691,0.090332,0.197351,-0.107019
2017-04-19,7.734428,0.089869,0.197418,-0.107548
2017-04-20,7.737166,0.095205,0.197485,-0.102280
2017-04-21,7.739904,0.102466,0.197552,-0.095086
2017-04-22,7.742642,0.100597,0.197621,-0.097024
2017-04-23,7.745380,0.101097,0.197690,-0.096594
2017-04-24,7.748118,0.101736,0.197761,-0.096025
2017-04-25,7.750856,0.108078,0.197832,-0.089753
2017-04-26,7.753593,0.116573,0.197903,-0.081330
2017-04-27,7.756331,0.123533,0.197976,-0.074442
2017-04-28,7.759069,0.125150,0.198049,-0.072899
2017-04-29,7.761807,0.125064,0.198123,-0.073059
2017-04-30,7.764545,0.124634,0.198198,-0.073564
2017-05-01,7.767283,0.140599,0.198274,-0.057675
2017-05-02,7.770021,0.156426,0.198350,-0.041925
2017-05-03,7.772758,0.164408,0.198427,-0.034019
2017-05-04,7.775496,0.182926,0.198505,-0.015580
2017-05-05,7.778234,0.186928,0.198584,-0.011657
2017-05-06,7.780972,0.184091,0.198664,-0.014572
2017-05-07,7.783710,0.183748,0.198744,-0.014996
2017-05-08,7.786448,0.197936,0.198825,-0.000889
2017-05-09,7.789185,0.224031,0.198907,0.025124
2017-05-10,7.791923,0.230705,0.198990,0.031715
2017-05-11,7.794661,0.249316,0.199073,0.050243
2017-05-12,7.797399,0.237667,0.199157,0.038510
2017-05-13,7.800137,0.221232,0.199242,0.021989
2017-05-14,7.802875,0.238336,0.199328,0.039007
2017-05-15,7.805613,0.226633,0.199415,0.027218
2017-05-16,7.808350,0.223124,0.199502,0.023621
2017-05-17,7.811088,0.239877,0.199590,0.040287
2017-05-18,7.813826,0.247705,0.199679,0.048026
2017-05-19,7.816564,0.268342,0.199769,0.068573
2017-05-20,7.819302,0.278870,0.199859,0.079011
2017-05-21,7.822040,0.289073,0.199951,0.089123
2017-05-22,7.824778,0.308236,0.200043,0.108193
2017-05-23,7.827515,0.324415,0.200136,0.124279
2017-05-24,7.830253,0.353047,0.200229,0.152818
2017-05-25,7.832991,0.388782,0.200324,0.188458
2017-05-26,7.835729,0.358289,0.200419,0.157870
2017-05-27,7.838467,0.296452,0.200515,0.095937
2017-05-28,7.841205,0.315976,0.200611,0.115364
2017-05-29,7.843943,0.322840,0.200709,0.122131
2017-05-30,7.846680,0.331440,0.200807,0.130632
2017-05-31,7.849418,0.325041,0.200906,0.124134
2017-06-01,7.852156,0.348424,0.201006,0.147418
2017-06-02,7.854894,0.356051,0.201107,0.154944
2017-06-03,7.857632,0.370418,0.201208,0.169210
2017-06-04,7.860370,0.371553,0.201310,0.170242
2017-06-05,7.863107,0.383311,0.201413,0.181897
2017-06-06,7.865845,0.417730,0.201517,0.216213
2017-06-07,7.868583,0.414850,0.201622,0.213229
2017-06-08,7.871321,0.405584,0.201727,0.203857
2017-06-09,7.874059,0.415956,0.201833,0.214123
2017-06-10,7.876797,0.418697,0.201940,0.216757
2017-06-11,7.879535,0.426922,0.202047,0.224874
2017-06-12,7.882272,0.413164,0.202156,0.211009
2017-06-13,7.885010,0.398317,0.202265,0.196052
2017-06-14,7.887748,0.387912,0.202375,0.185537
2017-06-15,7.890486,0.341472,0.202486,0.138987
2017-06-16,7.893224,0.355850,0.202597,0.153253
2017-06-17,7.895962,0.371958,0.202709,0.169249
2017-06-18,7.898700,0.372681,0.202822,0.169858
2017-06-19,7.901437,0.370531,0.202936,0.167594
2017-06-20,7.904175,0.380595,0.203051,0.177545
2017-06-21,7.906913,0.387999,0.203166,0.184833
2017-06-22,7.909651,0.384984,0.203282,0.181702
2017-06-23,7.912389,0.390691,0.203399,0.187292
2017-06-24,7.915127,0.382272,0.203517,0.178755
2017-06-25,7.917864,0.367303,0.203636,0.163667
2017-06-26,7.920602,0.348273,0.203755,0.144518
2017-06-27,7.923340,0.337681,0.203875,0.133806
2017-06-28,7.926078,0.356905,0.203996,0.152909
2017-06-29,7.928816,0.360480,0.204117,0.156363
2017-06-30,7.931554,0.353596,0.204239,0.149356
2017-07-01,7.934292,0.343054,0.204363,0.138692
2017-07-02,7.937029,0.338795,0.204486,0.134309
2017-07-03,7.939767,0.350770,0.204611,0.146159
2017-07-04,7.942505,0.362828,0.204737,0.158091
2017-07-05,7.945243,0.361459,0.204863,0.156596
2017-07-06,7.947981,0.361404,0.204990,0.156415
2017-07-07,7.950719,0.352390,0.205117,0.147272
2017-07-08,7.953457,0.347109,0.205246,0.141863
2017-07-09,7.956194,0.350461,0.205375,0.145086
2017-07-10,7.958932,0.335500,0.205505,0.129995
2017-07-11,7.961670,0.314467,0.205636,0.108831
2017-07-12,7.964408,0.313169,0.205768,0.107401
2017-07-13,7.967146,0.316152,0.205900,0.110252
2017-07-14,7.969884,0.299502,0.206033,0.093469
2017-07-15,7.972621,0.259019,0.206167,0.052852
2017-07-16,7.975359,0.227294,0.206302,0.020992
2017-07-17,7.978097,0.251521,0.206437,0.045084
2017-07-18,7.980835,0.294269,0.206573,0.087695
2017-07-19,7.983573,0.301386,0.206710,0.094676
2017-07-20,7.986311,0.331634,0.206848,0.124786
2017-07-21,7.989049,0.367524,0.206986,0.160538
2017-07-22,7.991786,0.376329,0.207126,0.169204
2017-07-23,7.994524,0.373734,0.207266,0.166468
2017-07-24,7.997262,0.370966,0.207406,0.163559
2017-07-25,8.000000,0.350713,0.207548,0.143165
2017-07-26,8.002738,0.330128,0.207690,0.122438
2017-07-27,8.005476,0.340362,0.207833,0.132529
2017-07-28,8.008214,0.366006,0.207977,0.158029
2017-07-29,8.010951,0.362362,0.208122,0.154241
2017-07-30,8.013689,0.357232,0.208267,0.148965
2017-07-31,8.016427,0.366812,0.208413,0.158399
2017-08-01,8.019165,0.367132,0.208560,0.158572
2017-08-02,8.021903,0.358766,0.208708,0.150059
2017-08-03,8.024641,0.362230,0.208856,0.153374
2017-08-04,8.027379,0.372941,0.209005,0.163936
2017-08-05,8.030116,0.419589,0.209155,0.210434
2017-08-06,8.032854,0.429958,0.209306,0.220653
2017-08-07,8.035592,0.439708,0.209457,0.230251
2017-08-08,8.038330,0.453640,0.209609,0.244031
2017-08-09,8.041068,0.442175,0.209762,0.232412
2017-08-10,8.043806,0.450727,0.209916,0.240811
2017-08-11,8.046543,0.464495,0.210070,0.254424
2017-08-12,8.049281,0.491777,0.210225,0.281552
2017-08-13,8.052019,0.522819,0.210381,0.312438
2017-08-14,8.054757,0.536882,0.210538,0.326344
2017-08-15,8.057495,0.538627,0.210696,0.327931
2017-08-16,8.060233,0.535308,0.210854,0.324454
2017-08-17,8.062971,0.553471,0.211013,0.342459
2017-08-18,8.065708,0.541003,0.211172,0.329830
2017-08-19,8.068446,0.526158,0.211333,0.314825
2017-08-20,8.071184,0.526907,0.211494,0.315413
2017-08-21,8.073922,0.519830,0.211656,0.308174
2017-08-22,8.076660,0.507345,0.211819,0.295527
2017-08-23,8.079398,0.528538,0.211982,0.316555
2017-08-24,8.082136,0.533158,0.212146,0.321011
2017-08-25,8.084873,0.547529,0.212311,0.335217
2017-08-26,8.087611,0.543287,0.212477,0.330810
2017-08-27,8.090349,0.544994,0.212644,0.332351
2017-08-28,8.093087,0.541483,0.212811,0.328672
2017-08-29,8.095825,0.555391,0.212979,0.342412
2017-08-30,8.098563,0.565479,0.213147,0.352331
2017-08-31,8.101300,0.573076,0.213317,0.359759
2017-09-01,8.104038,0.584406,0.213487,0.370919
2017-09-02,8.106776,0.574171,0.213658,0.360513
2017-09-03,8.109514,0.565554,0.213830,0.351725
2017-09-04,8.112252,0.550095,0.214002,0.336093
2017-09-05,8.114990,0.534831,0.214175,0.320656
2017-09-06,8.117728,0.559799,0.214349,0.345449
2017-09-07,8.120465,0.562323,0.214524,0.347799
2017-09-08,8.123203,0.552040,0.214699,0.337341
2017-09-09,8.125941,0.535012,0.214875,0.320137
2017-09-10,8.128679,0.524471,0.215052,0.309418
2017-09-11,8.131417,0.524798,0.215230,0.309568
2017-09-12,8.134155,0.526246,0.215408,0.310838
2017-09-13,8.136893,0.492933,0.215587,0.277346
2017-09-14,8.139630,0.455739,0.215767,0.239972
2017-09-15,8.142368,0.429187,0.215947,0.213239
2017-09-16,8.145106,0.466023,0.216129,0.249894
2017-09-17,8.147844,0.457992,0.216311,0.241681
2017-09-18,8.150582,0.488486,0.216493,0.271993
2017-09-19,8.153320,0.489967,0.216677,0.273290
2017-09-20,8.156057,0.485968,0.216861,0.269106
2017-09-21,8.158795,0.469054,0.217046,0.252008
2017-09-22,8.161533,0.448626,0.217232,0.231394
2017-09-23,8.164271,0.457140,0.217418,0.239722
2017-09-24,8.167009,0.454346,0.217605,0.236741
2017-09-25,8.169747,0.467614,0.217793,0.249821
2017-09-26,8.172485,0.477392,0.217982,0.259410
2017-09-27,8.175222,0.489467,0.218171,0.271296
2017-09-28,8.177960,0.504478,0.218361,0.286117
2017-09-29,8.180698,0.499019,0.218552,0.280467
2017-09-30,8.183436,0.511432,0.218743,0.292689
2017-10-01,8.186174,0.514637,0.218936,0.295702
2017-10-02,8.188912,0.523227,0.219129,0.304099
2017-10-03,8.191650,0.513769,0.219322,0.294447
2017-10-04,8.194387,0.505027,0.219517,0.285510
2017-10-05,8.197125,0.506199,0.219712,0.286487
2017-10-06,8.199863,0.515314,0.219908,0.295406
2017-10-07,8.202601,0.513914,0.220104,0.293810
2017-10-08,8.205339,0.527277,0.220301,0.306975
2017-10-09,8.208077,0.540426,0.220499,0.319927
2017-10-10,8.210815,0.555390,0.220698,0.334692
2017-10-11,8.213552,0.552448,0.220898,0.331551
2017-10-12,8.216290,0.579493,0.221098,0.358395
2017-10-13,8.219028,0.617266,0.221299,0.395968
2017-10-14,8.221766,0.621941,0.221500,0.400441
2017-10-15,8.224504,0.618350,0.221702,0.396648
2017-10-16,8.227242,0.621519,0.221905,0.399613
2017-10-17,8.229979,0.617547,0.222109,0.395438
2017-10-18,8.232717,0.601539,0.222314,0.379226
2017-10-19,8.235455,0.617955,0.222519,0.395436
2017-10-20,8.238193,0.627288,0.222725,0.404563
2017-10-21,8.240931,0.646433,0.222931,0.423501
2017-10-22,8.243669,0.636388,0.223138,0.413250
2017-10-23,8.246407,0.633042,0.223346,0.409696
2017-10-24,8.249144,0.616865,0.223555,0.393310
2017-10-25,8.251882,0.606758,0.223765,0.382994
2017-10-26,8.254620,0.627017,0.223975,0.403043
2017-10-27,8.257358,0.626598,0.224185,0.402412
2017-10-28,8.260096,0.620051,0.224397,0.395654
2017-10-29,8.262834,0.626221,0.224609,0.401611
2017-10-30,8.265572,0.643677,0.224822,0.418855
2017-10-31,8.268309,0.651645,0.225036,0.426610
2017-11-01,8.271047,0.669799,0.225250,0.444549
2017-11-02,8.273785,0.698924,0.225465,0.473459
2017-11-03,8.276523,0.714389,0.225681,0.488708
2017-11-04,8.279261,0.714300,0.225897,0.488402
2017-11-05,8.281999,0.725598,0.226114,0.499484
2017-11-06,8.284736,0.714062,0.226332,0.487730
2017-11-07,8.287474,0.705500,0.226551,0.478950
2017-11-08,8.290212,0.718864,0.226770,0.492094
2017-11-09,8.292950,0.711415,0.226990,0.484426
2017-11-10,8.295688,0.692042,0.227210,0.464832
2017-11-11,8.298426,0.665989,0.227431,0.438558
2017-11-12,8.301164,0.635023,0.227653,0.407370
2017-11-13,8.303901,0.651311,0.227876,0.423435
2017-11-14,8.306639,0.667031,0.228099,0.438931
2017-11-15,8.309377,0.694757,0.228323,0.466434
2017-11-16,8.312115,0.717910,0.228548,0.489362
2017-11-17,8.314853,0.738117,0.228774,0.509344
2017-11-18,8.317591,0.730394,0.229000,0.501394
2017-11-19,8.320329,0.736247,0.229226,0.507021
2017-11-20,8.323066,0.750163,0.229454,0.520709
2017-11-21,8.325804,0.753015,0.229682,0.523333
2017-11-22,8.328542,0.750049,0.229911,0.520138
2017-11-23,8.331280,0.752709,0.230140,0.522569
2017-11-24,8.334018,0.750646,0.230371,0.520275
2017-11-25,8.336756,0.765665,0.230601,0.535063
2017-11-26,8.339493,0.793845,0.230833,0.563012
2017-11-27,8.342231,0.818789,0.231065,0.587724
2017-11-28,8.344969,0.829759,0.231298,0.598461
2017-11-29,8.347707,0.855715,0.231532,0.624183
2017-11-30,8.350445,0.833740,0.231766,0.601974
2017-12-01,8.353183,0.844264,0.232001,0.612263
2017-12-02,8.355921,0.872166,0.232236,0.639930
2017-12-03,8.358658,0.886318,0.232473,0.653845
2017-12-04,8.361396,0.887336,0.232710,0.654626
2017-12-05,8.364134,0.901067,0.232947,0.668120
2017-12-06,8.366872,0.933371,0.233185,0.700185
2017-12-07,8.369610,1.009758,0.233424,0.776334
2017-12-08,8.372348,1.028605,0.233664,0.794941
2017-12-09,8.375086,1.011762,0.233904,0.777858
2017-12-10,8.377823,0.991075,0.234145,0.756930
2017-12-11,8.380561,1.044268,0.234387,0.809882
2017-12-12,8.383299,1.054824,0.234629,0.820196
2017-12-13,8.386037,1.047098,0.234872,0.812227
2017-12-14,8.388775,1.042947,0.235115,0.807832
2017-12-15,8.391513,1.065093,0.235360,0.829733
2017-12-16,8.394251,1.084914,0.235604,0.849309
2017-12-17,8.396988,1.111055,0.235850,0.875205
2017-12-18,8.399726,1.097489,0.236096,0.861392
2017-12-19,8.402464,1.087655,0.236343,0.851312
2017-12-20,8.405202,1.048660,0.236591,0.812070
2017-12-21,8.407940,1.032419,0.236839,0.795580
2017-12-22,8.410678,0.964434,0.237088,0.727346
2017-12-23,8.413415,0.994918,0.237337,0.757581
2017-12-24,8.416153,0.959653,0.237587,0.722066
2017-12-25,8.418891,0.967541,0.237838,0.729704
2017-12-26,8.421629,1.005738,0.238089,0.767649
2017-12-27,8.424367,1.014667,0.238341,0.776326
2017-12-28,8.427105,0.978670,0.238594,0.740076
2017-12-29,8.429843,0.981449,0.238847,0.742601
2017-12-30,8.432580,0.940232,0.239101,0.701130
2017-12-31,8.435318,0.941806,0.239356,0.702451
2018-01-01,8.438056,0.949258,0.239611,0.709646
2018-01-02,8.440794,0.961058,0.239867,0.721191
2018-01-03,8.443532,0.990201,0.240124,0.750077
2018-01-04,8.446270,0.984720,0.240381,0.744339
2018-01-05,8.449008,1.013451,0.240639,0.772812
2018-01-06,8.451745,1.035514,0.240897,0.794617
2018-01-07,8.454483,1.032080,0.241156,0.790924
2018-01-08,8.457221,1.000475,0.241416,0.759059
2018-01-09,8.459959,0.987050,0.241676,0.745374
2018-01-10,8.462697,0.963207,0.241937,0.721270
2018-01-11,8.465435,0.950801,0.242199,0.708602
2018-01-12,8.468172,0.945452,0.242461,0.702991
2018-01-13,8.470910,0.962087,0.242724,0.719363
2018-01-14,8.473648,0.947282,0.242987,0.704295
2018-01-15,8.476386,0.949681,0.243251,0.706429
2018-01-16,8.479124,0.895570,0.243516,0.652054
2018-01-17,8.481862,0.834635,0.243782,0.590853
2018-01-18,8.484600,0.866207,0.244048,0.622159
2018-01-19,8.487337,0.866670,0.244314,0.622355
2018-01-20,8.490075,0.900910,0.244581,0.656328
2018-01-21,8.492813,0.880466,0.244849,0.635617
2018-01-22,8.495551,0.851764,0.245118,0.606646
2018-01-23,8.498289,0.832960,0.245387,0.587573
2018-01-24,8.501027,0.843363,0.245656,0.597707
2018-01-25,8.503765,0.853022,0.245927,0.607096
2018-01-26,8.506502,0.841811,0.246198,0.595614
2018-01-27,8.509240,0.849122,0.246469,0.602653
2018-01-28,8.511978,0.859044,0.246741,0.612303
2018-01-29,8.514716,0.846264,0.247014,0.599251
2018-01-30,8.517454,0.823630,0.247287,0.576343
2018-01-31,8.520192,0.796888,0.247561,0.549327
2018-02-01,8.522930,0.773719,0.247836,0.525883
2018-02-02,8.525667,0.726126,0.248111,0.478015
2018-02-03,8.528405,0.744441,0.248387,0.496054
2018-02-04,8.531143,0.734890,0.248663,0.486227
2018-02-05,8.533881,0.673465,0.248940,0.424525
2018-02-06,8.536619,0.625604,0.249217,0.376387
2018-02-07,8.539357,0.687204,0.249496,0.437709
2018-02-08,8.542094,0.702967,0.249774,0.453193
2018-02-09,8.544832,0.704462,0.250054,0.454408
2018-02-10,8.547570,0.721063,0.250333,0.470730
2018-02-11,8.550308,0.699213,0.250614,0.448599
2018-02-12,8.553046,0.717953,0.250895,0.467058
2018-02-13,8.555784,0.719155,0.251177,0.467978
2018-02-14,8.558522,0.737569,0.251459,0.486110
2018-02-15,8.561259,0.770811,0.251742,0.519070
2018-02-16,8.563997,0.782163,0.252025,0.530137
2018-02-17,8.566735,0.808590,0.252309,0.556281
2018-02-18,8.569473,0.810412,0.252594,0.557818
2018-02-19,8.572211,0.815175,0.252879,0.562296
2018-02-20,8.574949,0.839696,0.253165,0.586531
2018-02-21,8.577687,0.812985,0.253451,0.559534
2018-02-22,8.580424,0.790695,0.253738,0.536957
2018-02-23,8.583162,0.778260,0.254026,0.524235
2018-02-24,8.585900,0.774500,0.254314,0.520186
2018-02-25,8.588638,0.759231,0.254602,0.504629
2018-02-26,8.591376,0.770921,0.254892,0.516029
2018-02-27,8.594114,0.796873,0.255181,0.541692
2018-02-28,8.596851,0.799506,0.255472,0.544034
2018-03-01,8.599589,0.797993,0.255763,0.542230
2018-03-02,8.602327,0.812040,0.256054,0.555986
2018-03-03,8.605065,0.824895,0.256346,0.568549
2018-03-04,8.607803,0.820882,0.256639,0.564243
2018-03-05,8.610541,0.826354,0.256932,0.569422
2018-03-06,8.613279,0.810459,0.257226,0.553233
2018-03-07,8.616016,0.787783,0.257520,0.530263
2018-03-08,8.618754,0.757554,0.257815,0.499739
2018-03-09,8.621492,0.719961,0.258110,0.461851
2018-03-10,8.624230,0.733113,0.258406,0.474707
2018-03-11,8.626968,0.724204,0.258703,0.465501
2018-03-12,8.629706,0.740428,0.259000,0.481428
2018-03-13,8.632444,0.726914,0.259298,0.467617
2018-03-14,8.635181,0.709169,0.259596,0.449573
2018-03-15,8.637919,0.674092,0.259894,0.414197
2018-03-16,8.640657,0.681864,0.260194,0.421670
2018-03-17,8.643395,0.669241,0.260494,0.408747
2018-03-18,8.646133,0.646869,0.260794,0.386076
2018-03-19,8.648871,0.681505,0.261095,0.420410
2018-03-20,8.651608,0.694784,0.261396,0.433388
2018-03-21,8.654346,0.712398,0.261698,0.450700
2018-03-22,8.657084,0.701472,0.262001,0.439471
2018-03-23,8.659822,0.688104,0.262304,0.425800
2018-03-24,8.662560,0.703078,0.262607,0.440470
2018-03-25,8.665298,0.687560,0.262912,0.424649
2018-03-26,8.668036,0.670602,0.263216,0.407386
2018-03-27,8.670773,0.656289,0.263521,0.392768
2018-03-28,8.673511,0.653018,0.263827,0.389191
2018-03-29,8.676249,0.636594,0.264133,0.372460
2018-03-30,8.678987,0.592632,0.264440,0.328192
2018-03-31,8.681725,0.597792,0.264747,0.333044
2018-04-01,8.684463,0.584366,0.265055,0.319311
2018-04-02,8.687201,0.594895,0.265364,0.329532
2018-04-03,8.689938,0.614334,0.265673,0.348661
2018-04-04,8.692676,0.599373,0.265982,0.333391
2018-04-05,8.695414,0.578926,0.266292,0.312634
2018-04-06,8.698152,0.570137,0.266602,0.303535
2018-04-07,8.700890,0.583963,0.266913,0.317050
2018-04-08,8.703628,0.589446,0.267225,0.322221
2018-04-09,8.706366,0.582920,0.267537,0.315383
2018-04-10,8.709103,0.575178,0.267849,0.307329
2018-04-11,8.711841,0.580229,0.268162,0.312067
2018-04-12,8.714579,0.607107,0.268476,0.338632
2018-04-13,8.717317,0.643732,0.268790,0.374943
2018-04-14,8.720055,0.644170,0.269104,0.375066
2018-04-15,8.722793,0.653616,0.269419,0.384197
2018-04-16,8.725530,0.646596,0.269735,0.376861
2018-04-17,8.728268,0.643837,0.270051,0.373786
2018-04-18,8.731006,0.643748,0.270367,0.373381
2018-04-19,8.733744,0.651155,0.270684,0.380471
2018-04-20,8.736482,0.661981,0.271002,0.390979
2018-04-21,8.739220,0.679758,0.271319,0.408438
2018-04-22,8.741958,0.683294,0.271638,0.411656
2018-04-23,8.744695,0.683575,0.271957,0.411618
2018-04-24,8.747433,0.700013,0.272276,0.427737
2018-04-25,8.750171,0.695869,0.272596,0.423272
2018-04-26,8.752909,0.680372,0.272917,0.407455
2018-04-27,8.755647,0.694320,0.273238,0.421082
2018-04-28,8.758385,0.694258,0.273559,0.420699
2018-04-29,8.761123,0.698744,0.273881,0.424863
2018-04-30,8.763860,0.695794,0.274203,0.421591
2018-05-01,8.766598,0.681793,0.274526,0.407267
2018-05-02,8.769336,0.686066,0.274849,0.411216
2018-05-03,8.772074,0.697190,0.275173,0.422016
2018-05-04,8.774812,0.709662,0.275497,0.434164
2018-05-05,8.777550,0.715902,0.275822,0.440080
2018-05-06,8.780287,0.706963,0.276147,0.430815
2018-05-07,8.783025,0.694321,0.276473,0.417848
2018-05-08,8.785763,0.690012,0.276799,0.413213
2018-05-09,8.788501,0.685959,0.277126,0.408834
2018-05-10,8.791239,0.688510,0.277453,0.411057
2018-05-11,8.793977,0.661920,0.277780,0.384139
2018-05-12,8.796715,0.647465,0.278108,0.369356
2018-05-13,8.799452,0.653012,0.278437,0.374576
2018-05-14,8.802190,0.652618,0.278766,0.373852
2018-05-15,8.804928,0.654209,0.279095,0.375114
2018-05-16,8.807666,0.635999,0.279425,0.356574
2018-05-17,8.810404,0.634690,0.279755,0.354934
2018-05-18,8.813142,0.624938,0.280086,0.344852
2018-05-19,8.815880,0.631938,0.280417,0.351521
2018-05-20,8.818617,0.637009,0.280749,0.356261
2018-05-21,8.821355,0.640991,0.281081,0.359910
2018-05-22,8.824093,0.628962,0.281413,0.347549
2018-05-23,8.826831,0.604887,0.281746,0.323141
2018-05-24,8.829569,0.590033,0.282080,0.307953
2018-05-25,8.832307,0.585555,0.282413,0.303142
2018-05-26,8.835044,0.585049,0.282748,0.302301
2018-05-27,8.837782,0.575125,0.283082,0.292043
2018-05-28,8.840520,0.570470,0.283417,0.287053
2018-05-29,8.843258,0.572230,0.283753,0.288476
2018-05-30,8.845996,0.579652,0.284089,0.295563
2018-05-31,8.848734,0.582328,0.284425,0.297902
2018-06-01,8.851472,0.580589,0.284762,0.295827
2018-06-02,8.854209,0.586411,0.285100,0.301311
2018-06-03,8.856947,0.590790,0.285437,0.305353
2018-06-04,8.859685,0.583367,0.285775,0.297591
2018-06-05,8.862423,0.578125,0.286114,0.292011
2018-06-06,8.865161,0.583722,0.286453,0.297269
2018-06-07,8.867899,0.587795,0.286792,0.301003
2018-06-08,8.870637,0.584020,0.287132,0.296888
2018-06-09,8.873374,0.583218,0.287472,0.295746
2018-06-10,8.876112,0.554323,0.287813,0.266510
2018-06-11,8.878850,0.530265,0.288154,0.242111
2018-06-12,8.881588,0.529140,0.288495,0.240645
2018-06-13,8.884326,0.508270,0.288837,0.219433
2018-06-14,8.887064,0.511083,0.289179,0.221903
2018-06-15,8.889802,0.513628,0.289522,0.224106
2018-06-16,8.892539,0.507659,0.289865,0.217794
2018-06-17,8.895277,0.509550,0.290209,0.219341
2018-06-18,8.898015,0.510078,0.290552,0.219525
2018-06-19,8.900753,0.521388,0.290897,0.230491
2018-06-20,8.903491,0.517952,0.291241,0.226710
2018-06-21,8.906229,0.520375,0.291586,0.228789
2018-06-22,8.908966,0.495861,0.291932,0.203929
2018-06-23,8.911704,0.480775,0.292278,0.188498
2018-06-24,8.914442,0.472515,0.292624,0.179891
2018-06-25,8.917180,0.483866,0.292970,0.190896
2018-06-26,8.919918,0.482779,0.293317,0.189461
2018-06-27,8.922656,0.474663,0.293665,0.180998
2018-06-28,8.925394,0.472603,0.294013,0.178591
2018-06-29,8.928131,0.460431,0.294361,0.166070
2018-06-30,8.930869,0.491053,0.294709,0.196344
2018-07-01,8.933607,0.489103,0.295058,0.194045
2018-07-02,8.936345,0.495358,0.295407,0.199950
2018-07-03,8.939083,0.503899,0.295757,0.208142
2018-07-04,8.941821,0.501901,0.296107,0.205795
2018-07-05,8.944559,0.502302,0.296457,0.205845
2018-07-06,8.947296,0.499335,0.296808,0.202527
2018-07-07,8.950034,0.500683,0.297159,0.203524
2018-07-08,8.952772,0.509707,0.297510,0.212197
2018-07-09,8.955510,0.507377,0.297862,0.209515
2018-07-10,8.958248,0.492855,0.298214,0.194640
2018-07-11,8.960986,0.483811,0.298567,0.185244
2018-07-12,8.963723,0.473328,0.298920,0.174408
2018-07-13,8.966461,0.473096,0.299273,0.173822
2018-07-14,8.969199,0.471822,0.299627,0.172195
2018-07-15,8.971937,0.476667,0.299981,0.176687
2018-07-16,8.974675,0.489487,0.300335,0.189152
2018-07-17,8.977413,0.511715,0.300690,0.211025
2018-07-18,8.980151,0.542999,0.301045,0.241955
2018-07-19,8.982888,0.541738,0.301400,0.240338
2018-07-20,8.985626,0.543029,0.301755,0.241274
2018-07-21,8.988364,0.538259,0.302111,0.236147
2018-07-22,8.991102,0.543174,0.302468,0.240706
2018-07-23,8.993840,0.555446,0.302825,0.252621
2018-07-24,8.996578,0.576635,0.303182,0.273453
2018-07-25,8.999316,0.585261,0.303539,0.281722
2018-07-26,9.002053,0.581564,0.303897,0.277668
2018-07-27,9.004791,0.571609,0.304255,0.267355
2018-07-28,9.007529,0.579435,0.304613,0.274822
2018-07-29,9.010267,0.580099,0.304971,0.275127
2018-07-30,9.013005,0.575946,0.305330,0.270615
2018-07-31,9.015743,0.563722,0.305690,0.258033
2018-08-01,9.018480,0.544196,0.306049,0.238147
2018-08-02,9.021218,0.544446,0.306409,0.238036
2018-08-03,9.023956,0.532443,0.306770,0.225674
2018-08-04,9.026694,0.522993,0.307130,0.215862
2018-08-05,9.029432,0.507133,0.307491,0.199642
2018-08-06,9.032170,0.505822,0.307852,0.197970
2018-08-07,9.034908,0.505020,0.308214,0.196806
2018-08-08,9.037645,0.469328,0.308575,0.160753
2018-08-09,9.040383,0.465450,0.308937,0.156513
2018-08-10,9.043121,0.463535,0.309300,0.154235
2018-08-11,9.045859,0.450470,0.309663,0.140807
2018-08-12,9.048597,0.457898,0.310026,0.147872
2018-08-13,9.051335,0.459759,0.310389,0.149370
2018-08-14,9.054073,0.439347,0.310752,0.128595
2018-08-15,9.056810,0.459352,0.311116,0.148236
2018-08-16,9.059548,0.456795,0.311480,0.145315
2018-08-17,9.062286,0.464328,0.311845,0.152483
2018-08-18,9.065024,0.462381,0.312210,0.150171
2018-08-19,9.067762,0.458670,0.312575,0.146095
2018-08-20,9.070500,0.461067,0.312940,0.148127
2018-08-21,9.073238,0.457558,0.313306,0.144252
2018-08-22,9.075975,0.468347,0.313671,0.154675
2018-08-23,9.078713,0.458417,0.314038,0.144380
2018-08-24,9.081451,0.465602,0.314404,0.151198
2018-08-25,9.084189,0.475259,0.314771,0.160488
2018-08-26,9.086927,0.471567,0.315138,0.156429
2018-08-27,9.089665,0.473650,0.315505,0.158145
2018-08-28,9.092402,0.490024,0.315872,0.174151
2018-08-29,9.095140,0.493304,0.316240,0.177064
2018-08-30,9.097878,0.485436,0.316608,0.168828
2018-08-31,9.100616,0.487688,0.316977,0.170711
2018-09-01,9.103354,0.494669,0.317345,0.177323
2018-09-02,9.106092,0.502227,0.317714,0.184514
2018-09-03,9.108830,0.502636,0.318083,0.184553
2018-09-04,9.111567,0.505703,0.318452,0.187251
2018-09-05,9.114305,0.493394,0.318822,0.174572
2018-09-06,9.117043,0.449101,0.319192,0.129909
2018-09-07,9.119781,0.450010,0.319562,0.130449
2018-09-08,9.122519,0.443757,0.319932,0.123825
2018-09-09,9.125257,0.438526,0.320303,0.118223
2018-09-10,9.127995,0.437587,0.320673,0.116914
2018-09-11,9.130732,0.436777,0.321044,0.115733
2018-09-12,9.133470,0.434570,0.321416,0.113154
2018-09-13,9.136208,0.445260,0.321787,0.123472
2018-09-14,9.138946,0.447849,0.322159,0.125690
2018-09-15,9.141684,0.448356,0.322531,0.125825
2018-09-16,9.144422,0.445596,0.322903,0.122693
2018-09-17,9.147159,0.439288,0.323276,0.116012
2018-09-18,9.149897,0.431960,0.323648,0.108312
2018-09-19,9.152635,0.433794,0.324021,0.109773
2018-09-20,9.155373,0.438158,0.324394,0.113764
2018-09-21,9.158111,0.453640,0.324768,0.128872
2018-09-22,9.160849,0.456065,0.325141,0.130924
2018-09-23,9.163587,0.455368,0.325515,0.129853
2018-09-24,9.166324,0.450190,0.325889,0.124301
2018-09-25,9.169062,0.435224,0.326263,0.108961
2018-09-26,9.171800,0.437749,0.326637,0.111111
2018-09-27,9.174538,0.441098,0.327012,0.114086
2018-09-28,9.177276,0.449744,0.327387,0.122357
2018-09-29,9.180014,0.441525,0.327762,0.113763
2018-09-30,9.182752,0.443238,0.328137,0.115101
2018-10-01,9.185489,0.442388,0.328512,0.113875
2018-10-02,9.188227,0.439821,0.328888,0.110933
2018-10-03,9.190965,0.433332,0.329264,0.104068
2018-10-04,9.193703,0.438813,0.329640,0.109173
2018-10-05,9.196441,0.438220,0.330016,0.108203
2018-10-06,9.199179,0.438026,0.330393,0.107634
2018-10-07,9.201916,0.436168,0.330769,0.105399
2018-10-08,9.204654,0.438878,0.331146,0.107732
2018-10-09,9.207392,0.438392,0.331523,0.106869
2018-10-10,9.210130,0.433915,0.331900,0.102015
2018-10-11,9.212868,0.413800,0.332277,0.081523
2018-10-12,9.215606,0.412551,0.332655,0.079896
2018-10-13,9.218344,0.411870,0.333032,0.078837
2018-10-14,9.221081,0.413433,0.333410,0.080023
2018-10-15,9.223819,0.425251,0.333788,0.091463
2018-10-16,9.226557,0.428208,0.334166,0.094041
2018-10-17,9.229295,0.427377,0.334545,0.092832
2018-10-18,9.232033,0.425805,0.334923,0.090882
2018-10-19,9.234771,0.421403,0.335302,0.086101
2018-10-20,9.237509,0.421055,0.335681,0.085375
2018-10-21,9.240246,0.422747,0.336060,0.086687
2018-10-22,9.242984,0.420121,0.336439,0.083682
2018-10-23,9.245722,0.418774,0.336818,0.081956
2018-10-24,9.248460,0.419950,0.337198,0.082753
2018-10-25,9.251198,0.417683,0.337577,0.080106
2018-10-26,9.253936,0.416874,0.337957,0.078917
2018-10-27,9.256674,0.416223,0.338337,0.077886
2018-10-28,9.259411,0.415093,0.338717,0.076376
2018-10-29,9.262149,0.409673,0.339097,0.070576
2018-10-30,9.264887,0.404587,0.339477,0.065109
2018-10-31,9.267625,0.404298,0.339858,0.064440
2018-11-01,9.270363,0.405724,0.340238,0.065486
2018-11-02,9.273101,0.407642,0.340619,0.067023
2018-11-03,9.275838,0.405495,0.341000,0.064495
2018-11-04,9.278576,0.406655,0.341381,0.065274
2018-11-05,9.281314,0.408412,0.341762,0.066650
2018-11-06,9.284052,0.408177,0.342143,0.066034
2018-11-07,9.286790,0.413580,0.342525,0.071055
2018-11-08,9.289528,0.409512,0.342906,0.066605
2018-11-09,9.292266,0.403841,0.343288,0.060553
2018-11-10,9.295003,0.402636,0.343670,0.058966
2018-11-11,9.297741,0.400780,0.344052,0.056728
2018-11-12,9.300479,0.401002,0.344433,0.056568
2018-11-13,9.303217,0.397346,0.344816,0.052530
2018-11-14,9.305955,0.379477,0.345198,0.034279
2018-11-15,9.308693,0.340264,0.345580,-0.005316
2018-11-16,9.311431,0.341434,0.345962,-0.004528
2018-11-17,9.314168,0.336691,0.346345,-0.009654
2018-11-18,9.316906,0.339385,0.346728,-0.007342
2018-11-19,9.319644,0.311152,0.347110,-0.035958
2018-11-20,9.322382,0.252187,0.347493,-0.095306
2018-11-21,9.325120,0.243766,0.347876,-0.104110
2018-11-22,9.327858,0.244090,0.348259,-0.104169
2018-11-23,9.330595,0.222147,0.348642,-0.126495
2018-11-24,9.333333,0.216755,0.349025,-0.132270
2018-11-25,9.336071,0.168238,0.349408,-0.181170
2018-11-26,9.338809,0.177624,0.349792,-0.172167
2018-11-27,9.341547,0.159934,0.350175,-0.190241
2018-11-28,9.344285,0.197894,0.350559,-0.152665
2018-11-29,9.347023,0.213523,0.350942,-0.137419
2018-11-30,9.349760,0.197756,0.351326,-0.153569
2018-12-01,9.352498,0.197376,0.351709,-0.154334
2018-12-02,9.355236,0.201545,0.352093,-0.150548
2018-12-03,9.357974,0.180208,0.352477,-0.172269
2018-12-04,9.360712,0.177026,0.352861,-0.175835
2018-12-05,9.363450,0.165151,0.353245,-0.188094
2018-12-06,9.366188,0.152296,0.353629,-0.201333
2018-12-07,9.368925,0.110610,0.354013,-0.243403
2018-12-08,9.371663,0.112741,0.354397,-0.241657
2018-12-09,9.374401,0.123291,0.354781,-0.231491
2018-12-10,9.377139,0.122366,0.355166,-0.232800
2018-12-11,9.379877,0.108769,0.355550,-0.246781
2018-12-12,9.382615,0.112170,0.355934,-0.243765
2018-12-13,9.385352,0.106655,0.356319,-0.249664
2018-12-14,9.388090,0.089470,0.356703,-0.267233
2018-12-15,9.390828,0.081325,0.357088,-0.275763
2018-12-16,9.393566,0.085769,0.357472,-0.271704
2018-12-17,9.396304,0.100460,0.357857,-0.257397
2018-12-18,9.399042,0.121055,0.358242,-0.237187
2018-12-19,9.401780,0.148917,0.358626,-0.209709
2018-12-20,9.404517,0.168182,0.359011,-0.190829
2018-12-21,9.407255,0.172966,0.359396,-0.186429
2018-12-22,9.409993,0.159756,0.359780,-0.200025
2018-12-23,9.412731,0.172627,0.360165,-0.187538
2018-12-24,9.415469,0.187481,0.360550,-0.173069
2018-12-25,9.418207,0.149033,0.360935,-0.211901
2018-12-26,9.420945,0.149709,0.361320,-0.211610
2018-12-27,9.423682,0.142205,0.361704,-0.219499
2018-12-28,9.426420,0.139901,0.362089,-0.222188
2018-12-29,9.429158,0.157564,0.362474,-0.204910
2018-12-30,9.431896,0.147895,0.362859,-0.214963
2018-12-31,9.434634,0.143837,0.363244,-0.219407
2019-01-01,9.437372,0.137504,0.363629,-0.226125
2019-01-02,9.440110,0.150244,0.364014,-0.213770
2019-01-03,9.442847,0.149694,0.364399,-0.214705
2019-01-04,9.445585,0.144134,0.364783,-0.220649
2019-01-05,9.448323,0.148630,0.365168,-0.216539
2019-01-06,9.451061,0.152198,0.365553,-0.213356
2019-01-07,9.453799,0.166992,0.365938,-0.198946
2019-01-08,9.456537,0.164754,0.366323,-0.201569
2019-01-09,9.459274,0.164428,0.366708,-0.202280
2019-01-10,9.462012,0.140311,0.367093,-0.226782
2019-01-11,9.464750,0.121935,0.367478,-0.245543
2019-01-12,9.467488,0.120051,0.367862,-0.247812
2019-01-13,9.470226,0.113913,0.368247,-0.254334
2019-01-14,9.472964,0.113148,0.368632,-0.255484
2019-01-15,9.475702,0.119376,0.369017,-0.249641
2019-01-16,9.478439,0.114360,0.369401,-0.255041
2019-01-17,9.481177,0.113360,0.369786,-0.256427
2019-01-18,9.483915,0.114253,0.370171,-0.255918
2019-01-19,9.486653,0.120080,0.370555,-0.250475
2019-01-20,9.489391,0.111660,0.370940,-0.259280
2019-01-21,9.492129,0.102465,0.371325,-0.268859
2019-01-22,9.494867,0.103650,0.371709,-0.268059
2019-01-23,9.497604,0.105105,0.372094,-0.266988
2019-01-24,9.500342,0.102622,0.372478,-0.269856
2019-01-25,9.503080,0.102243,0.372862,-0.270619
2019-01-26,9.505818,0.103686,0.373247,-0.269561
2019-01-27,9.508556,0.099575,0.373631,-0.274056
2019-01-28,9.511294,0.085982,0.374015,-0.288033
2019-01-29,9.514031,0.080291,0.374399,-0.294108
2019-01-30,9.516769,0.082847,0.374783,-0.291936
2019-01-31,9.519507,0.082385,0.375167,-0.292783
2019-02-01,9.522245,0.080782,0.375551,-0.294769
2019-02-02,9.524983,0.082169,0.375935,-0.293767
2019-02-03,9.527721,0.080671,0.376319,-0.295648
2019-02-04,9.530459,0.078767,0.376703,-0.297936
2019-02-05,9.533196,0.078841,0.377087,-0.298246
2019-02-06,9.535934,0.072489,0.377470,-0.304982
2019-02-07,9.538672,0.071304,0.377854,-0.306550
2019-02-08,9.541410,0.082109,0.378237,-0.296129
2019-02-09,9.544148,0.100169,0.378621,-0.278452
2019-02-10,9.546886,0.098664,0.379004,-0.280340
2019-02-11,9.549624,0.096801,0.379387,-0.282586
2019-02-12,9.552361,0.094292,0.379771,-0.285478
2019-02-13,9.555099,0.094217,0.380154,-0.285937
2019-02-14,9.557837,0.092206,0.380537,-0.288331
2019-02-15,9.560575,0.091858,0.380919,-0.289061
2019-02-16,9.563313,0.093394,0.381302,-0.287908
2019-02-17,9.566051,0.092307,0.381685,-0.289377
2019-02-18,9.568789,0.111086,0.382068,-0.270981
2019-02-19,9.571526,0.125915,0.382450,-0.256535
2019-02-20,9.574264,0.126745,0.382832,-0.256087
2019-02-21,9.577002,0.125878,0.383215,-0.257337
2019-02-22,9.579740,0.127089,0.383597,-0.256508
2019-02-23,9.582478,0.132031,0.383979,-0.251948
2019-02-24,9.585216,0.132098,0.384361,-0.252263
2019-02-25,9.587953,0.110740,0.384743,-0.274002
2019-02-26,9.590691,0.110760,0.385124,-0.274364
2019-02-27,9.593429,0.109741,0.385506,-0.275765
2019-02-28,9.596167,0.111046,0.385887,-0.274842
2019-03-01,9.598905,0.110620,0.386269,-0.275649
2019-03-02,9.601643,0.109042,0.386650,-0.277608
2019-03-03,9.604381,0.108131,0.387031,-0.278900
2019-03-04,9.607118,0.098942,0.387412,-0.288470
2019-03-05,9.609856,0.102766,0.387793,-0.285026
2019-03-06,9.612594,0.109948,0.388173,-0.278225
2019-03-07,9.615332,0.111724,0.388554,-0.276830
2019-03-08,9.618070,0.112321,0.388934,-0.276614
2019-03-09,9.620808,0.113788,0.389315,-0.275526
2019-03-10,9.623546,0.113257,0.389695,-0.276437
2019-03-11,9.626283,0.109592,0.390075,-0.280482
2019-03-12,9.629021,0.107471,0.390455,-0.282983
2019-03-13,9.631759,0.107555,0.390834,-0.283280
2019-03-14,9.634497,0.106473,0.391214,-0.284741
2019-03-15,9.637235,0.108931,0.391593,-0.282662
2019-03-16,9.639973,0.119026,0.391972,-0.272947
2019-03-17,9.642710,0.116884,0.392351,-0.275468
2019-03-18,9.645448,0.116846,0.392730,-0.275884
2019-03-19,9.648186,0.117248,0.393109,-0.275861
2019-03-20,9.650924,0.118616,0.393487,-0.274872
2019-03-21,9.653662,0.118521,0.393866,-0.275345
2019-03-22,9.656400,0.115030,0.394244,-0.279214
2019-03-23,9.659138,0.114513,0.394622,-0.280109
2019-03-24,9.661875,0.112685,0.395000,-0.282315
2019-03-25,9.664613,0.109923,0.395378,-0.285454
2019-03-26,9.667351,0.104766,0.395755,-0.290989
2019-03-27,9.670089,0.113029,0.396132,-0.283104
2019-03-28,9.672827,0.114206,0.396509,-0.282304
2019-03-29,9.675565,0.118874,0.396886,-0.278013
2019-03-30,9.678303,0.120793,0.397263,-0.276470
2019-03-31,9.681040,0.120633,0.397640,-0.277007
2019-04-01,9.683778,0.123661,0.398016,-0.274355
2019-04-02,9.686516,0.174178,0.398392,-0.224214
2019-04-03,9.689254,0.206480,0.398768,-0.192288
2019-04-04,9.691992,0.201497,0.399144,-0.197647
2019-04-05,9.694730,0.202082,0.399519,-0.197438
2019-04-06,9.697467,0.206773,0.399895,-0.193122
2019-04-07,9.700205,0.213610,0.400270,-0.186660
2019-04-08,9.702943,0.221790,0.400645,-0.178855
2019-04-09,9.705681,0.219913,0.401020,-0.181107
2019-04-10,9.708419,0.223375,0.401394,-0.178019
2019-04-11,9.711157,0.210628,0.401768,-0.191141
2019-04-12,9.713895,0.203925,0.402142,-0.198218
2019-04-13,9.716632,0.206634,0.402516,-0.195882
2019-04-14,9.719370,0.205734,0.402890,-0.197156
2019-04-15,9.722108,0.208269,0.403263,-0.194994
2019-04-16,9.724846,0.205874,0.403637,-0.197763
2019-04-17,9.727584,0.214915,0.404009,-0.189095
2019-04-18,9.730322,0.217894,0.404382,-0.186488
2019-04-19,9.733060,0.216828,0.404755,-0.187927
2019-04-20,9.735797,0.220452,0.405127,-0.184675
2019-04-21,9.738535,0.217948,0.405499,-0.187551
2019-04-22,9.741273,0.219840,0.405871,-0.186030
2019-04-23,9.744011,0.236066,0.406242,-0.170176
2019-04-24,9.746749,0.232023,0.406613,-0.174590
2019-04-25,9.749487,0.226635,0.406984,-0.180349
2019-04-26,9.752225,0.207904,0.407355,-0.199452
2019-04-27,9.754962,0.207862,0.407726,-0.199864
2019-04-28,9.757700,0.208462,0.408096,-0.199634
2019-04-29,9.760438,0.206414,0.408466,-0.202052
2019-04-30,9.763176,0.208875,0.408836,-0.199961
2019-05-01,9.765914,0.215847,0.409205,-0.193358
2019-05-02,9.768652,0.219893,0.409574,-0.189682
2019-05-03,9.771389,0.239028,0.409943,-0.170915
2019-05-04,9.774127,0.243720,0.410312,-0.166592
2019-05-05,9.776865,0.245729,0.410681,-0.164952
2019-05-06,9.779603,0.240613,0.411049,-0.170436
2019-05-07,9.782341,0.254568,0.411417,-0.156849
2019-05-08,9.785079,0.252663,0.411784,-0.159121
2019-05-09,9.787817,0.266429,0.412151,-0.145723
2019-05-10,9.790554,0.282328,0.412518,-0.130190
2019-05-11,9.793292,0.314203,0.412885,-0.098682
2019-05-12,9.796030,0.333712,0.413252,-0.079540
2019-05-13,9.798768,0.348696,0.413618,-0.064922
2019-05-14,9.801506,0.381049,0.413984,-0.032935
2019-05-15,9.804244,0.383452,0.414349,-0.030897
2019-05-16,9.806982,0.379500,0.414715,-0.035215
2019-05-17,9.809719,0.338986,0.415080,-0.076093
2019-05-18,9.812457,0.342298,0.415444,-0.073147
2019-05-19,9.815195,0.375228,0.415809,-0.040581
2019-05-20,9.817933,0.372424,0.416173,-0.043749
2019-05-21,9.820671,0.374494,0.416536,-0.042043
2019-05-22,9.823409,0.370767,0.416900,-0.046133
2019-05-23,9.826146,0.360757,0.417263,-0.056506
2019-05-24,9.828884,0.374904,0.417626,-0.042722
2019-05-25,9.831622,0.376821,0.417988,-0.041167
2019-05-26,9.834360,0.380519,0.418351,-0.037832
2019-05-27,9.837098,0.412326,0.418713,-0.006387
2019-05-28,9.839836,0.409610,0.419074,-0.009464
2019-05-29,9.842574,0.406170,0.419435,-0.013266
2019-05-30,9.845311,0.405182,0.419796,-0.014614
2019-05-31,9.848049,0.391024,0.420157,-0.029132
2019-06-01,9.850787,0.399887,0.420517,-0.020631
2019-06-02,9.853525,0.405376,0.420877,-0.015501
2019-06-03,9.856263,0.397581,0.421237,-0.023656
2019-06-04,9.859001,0.361865,0.421596,-0.059730
2019-06-05,9.861739,0.357110,0.421955,-0.064845
2019-06-06,9.864476,0.354917,0.422313,-0.067396
2019-06-07,9.867214,0.364439,0.422672,-0.058232
2019-06-08,9.869952,0.363953,0.423030,-0.059076
2019-06-09,9.872690,0.355728,0.423387,-0.067659
2019-06-10,9.875428,0.356254,0.423744,-0.067491
2019-06-11,9.878166,0.359630,0.424101,-0.064471
2019-06-12,9.880903,0.366654,0.424458,-0.057804
2019-06-13,9.883641,0.372840,0.424814,-0.051973
2019-06-14,9.886379,0.381873,0.425169,-0.043296
2019-06-15,9.889117,0.400006,0.425525,-0.025518
2019-06-16,9.891855,0.416279,0.425880,-0.009600
2019-06-17,9.894593,0.422589,0.426234,-0.003646
2019-06-18,9.897331,0.418414,0.426589,-0.008175
2019-06-19,9.900068,0.418086,0.426943,-0.008857
2019-06-20,9.902806,0.426983,0.427296,-0.000314
2019-06-21,9.905544,0.446479,0.427649,0.018830
2019-06-22,9.908282,0.483947,0.428002,0.055945
2019-06-23,9.911020,0.484925,0.428355,0.056571
2019-06-24,9.913758,0.488617,0.428707,0.059910
2019-06-25,9.916496,0.506113,0.429058,0.077055
2019-06-26,9.919233,0.552774,0.429409,0.123364
2019-06-27,9.921971,0.523131,0.429760,0.093371
2019-06-28,9.924709,0.519724,0.430111,0.089613
2019-06-29,9.927447,0.524987,0.430461,0.094526
2019-06-30,9.930185,0.512437,0.430811,0.081626
2019-07-01,9.932923,0.478833,0.431160,0.047673
2019-07-02,9.935661,0.462525,0.431509,0.031016
2019-07-03,9.938398,0.502733,0.431857,0.070876
2019-07-04,9.941136,0.517919,0.432205,0.085714
2019-07-05,9.943874,0.494174,0.432553,0.061621
2019-07-06,9.946612,0.504212,0.432900,0.071312
2019-07-07,9.949350,0.499695,0.433247,0.066448
2019-07-08,9.952088,0.516760,0.433594,0.083166
2019-07-09,9.954825,0.540998,0.433940,0.107058
2019-07-10,9.957563,0.545015,0.434285,0.110730
2019-07-11,9.960301,0.507494,0.434630,0.072864
2019-07-12,9.963039,0.506992,0.434975,0.072017
2019-07-13,9.965777,0.500202,0.435320,0.064883
2019-07-14,9.968515,0.477304,0.435663,0.041641
2019-07-15,9.971253,0.459833,0.436007,0.023826
2019-07-16,9.973990,0.456137,0.436350,0.019787
2019-07-17,9.976728,0.421826,0.436693,-0.014867
2019-07-18,9.979466,0.442297,0.437035,0.005262
2019-07-19,9.982204,0.458762,0.437377,0.021386
2019-07-20,9.984942,0.466763,0.437718,0.029045
2019-07-21,9.987680,0.461718,0.438059,0.023660
2019-07-22,9.990418,0.456102,0.438399,0.017702
2019-07-23,9.993155,0.439973,0.438739,0.001234
2019-07-24,9.995893,0.423575,0.439079,-0.015504
2019-07-25,9.998631,0.436613,0.439418,-0.002804
2019-07-26,10.001369,0.425252,0.439756,-0.014505
2019-07-27,10.004107,0.422403,0.440095,-0.017692
2019-07-28,10.006845,0.411562,0.440432,-0.028870
2019-07-29,10.009582,0.412952,0.440770,-0.027818
2019-07-30,10.012320,0.412354,0.441106,-0.028753
2019-07-31,10.015058,0.425637,0.441443,-0.015805
2019-08-01,10.017796,0.434722,0.441779,-0.007057
2019-08-02,10.020534,0.450288,0.442114,0.008174
2019-08-03,10.023272,0.462259,0.442449,0.019810
2019-08-04,10.026010,0.462895,0.442783,0.020112
2019-08-05,10.028747,0.495383,0.443117,0.052266
2019-08-06,10.031485,0.497377,0.443451,0.053927
2019-08-07,10.034223,0.495557,0.443784,0.051773
2019-08-08,10.036961,0.498482,0.444116,0.054366
2019-08-09,10.039699,0.498633,0.444448,0.054185
2019-08-10,10.042437,0.489106,0.444780,0.044326
2019-08-11,10.045175,0.481054,0.445111,0.035943
2019-08-12,10.047912,0.480999,0.445442,0.035558
2019-08-13,10.050650,0.470614,0.445772,0.024842
2019-08-14,10.053388,0.441932,0.446101,-0.004170
2019-08-15,10.056126,0.424203,0.446431,-0.022228
2019-08-16,10.058864,0.432624,0.446759,-0.014135
2019-08-17,10.061602,0.434626,0.447087,-0.012461
2019-08-18,10.064339,0.433965,0.447415,-0.013449
2019-08-19,10.067077,0.446406,0.447742,-0.001336
2019-08-20,10.069815,0.451216,0.448069,0.003147
2019-08-21,10.072553,0.427587,0.448395,-0.020808
2019-08-22,10.075291,0.421346,0.448720,-0.027374
2019-08-23,10.078029,0.429872,0.449045,-0.019174
2019-08-24,10.080767,0.424208,0.449370,-0.025162
2019-08-25,10.083504,0.421586,0.449694,-0.028108
2019-08-26,10.086242,0.430867,0.450017,-0.019150
2019-08-27,10.088980,0.423277,0.450340,-0.027063
2019-08-28,10.091718,0.417383,0.450663,-0.033280
2019-08-29,10.094456,0.394124,0.450985,-0.056861
2019-08-30,10.097194,0.394309,0.451306,-0.056997
2019-08-31,10.099932,0.396072,0.451627,-0.055555
2019-09-01,10.102669,0.396775,0.451948,-0.055172
2019-09-02,10.105407,0.410018,0.452267,-0.042249
2019-09-03,10.108145,0.432888,0.452587,-0.019699
2019-09-04,10.110883,0.434357,0.452905,-0.018549
2019-09-05,10.113621,0.433877,0.453224,-0.019347
2019-09-06,10.116359,0.436665,0.453541,-0.016876
2019-09-07,10.119097,0.427046,0.453858,-0.026813
2019-09-08,10.121834,0.427872,0.454175,-0.026303
2019-09-09,10.124572,0.420923,0.454491,-0.033568
2019-09-10,10.127310,0.416871,0.454806,-0.037935
2019-09-11,10.130048,0.409739,0.455121,-0.045382
2019-09-12,10.132786,0.415861,0.455436,-0.039574
2019-09-13,10.135524,0.418975,0.455750,-0.036774
2019-09-14,10.138261,0.419338,0.456063,-0.036725
2019-09-15,10.140999,0.417681,0.456375,-0.038695
2019-09-16,10.143737,0.414446,0.456688,-0.042242
2019-09-17,10.146475,0.412397,0.456999,-0.044602
2019-09-18,10.149213,0.410780,0.457310,-0.046531
2019-09-19,10.151951,0.401903,0.457621,-0.055717
2019-09-20,10.154689,0.409040,0.457930,-0.048890
2019-09-21,10.157426,0.402629,0.458240,-0.055610
2019-09-22,10.160164,0.399590,0.458548,-0.058958
2019-09-23,10.162902,0.394537,0.458856,-0.064320
2019-09-24,10.165640,0.373418,0.459164,-0.085746
2019-09-25,10.168378,0.326506,0.459471,-0.132965
2019-09-26,10.171116,0.314973,0.459777,-0.144804
2019-09-27,10.173854,0.303327,0.460083,-0.156756
2019-09-28,10.176591,0.309172,0.460388,-0.151216
2019-09-29,10.179329,0.304007,0.460693,-0.156685
2019-09-30,10.182067,0.303517,0.460997,-0.157480
2019-10-01,10.184805,0.318091,0.461300,-0.143210
2019-10-02,10.187543,0.312006,0.461603,-0.149597
2019-10-03,10.190281,0.310599,0.461905,-0.151306
2019-10-04,10.193018,0.304903,0.462207,-0.157304
2019-10-05,10.195756,0.302250,0.462508,-0.160258
2019-10-06,10.198494,0.294668,0.462808,-0.168140
2019-10-07,10.201232,0.297713,0.463108,-0.165396
2019-10-08,10.203970,0.305220,0.463407,-0.158187
2019-10-09,10.206708,0.310935,0.463706,-0.152771
2019-10-10,10.209446,0.321500,0.464004,-0.142504
2019-10-11,10.212183,0.313333,0.464301,-0.150968
2019-10-12,10.214921,0.309656,0.464598,-0.154942
2019-10-13,10.217659,0.310419,0.464894,-0.154475
2019-10-14,10.220397,0.307154,0.465190,-0.158035
2019-10-15,10.223135,0.304310,0.465484,-0.161175
2019-10-16,10.225873,0.293112,0.465779,-0.172667
2019-10-17,10.228611,0.290965,0.466072,-0.175108
2019-10-18,10.231348,0.286757,0.466365,-0.179608
2019-10-19,10.234086,0.286291,0.466658,-0.180366
2019-10-20,10.236824,0.289027,0.466949,-0.177923
2019-10-21,10.239562,0.298694,0.467240,-0.168546
2019-10-22,10.242300,0.296853,0.467531,-0.170678
2019-10-23,10.245038,0.271815,0.467821,-0.196006
2019-10-24,10.247775,0.254889,0.468110,-0.213221
2019-10-25,10.250513,0.278906,0.468398,-0.189492
2019-10-26,10.253251,0.350116,0.468686,-0.118570
2019-10-27,10.255989,0.353121,0.468974,-0.115852
2019-10-28,10.258727,0.354529,0.469260,-0.114731
2019-10-29,10.261465,0.349588,0.469546,-0.119958
2019-10-30,10.264203,0.340400,0.469831,-0.129431
2019-10-31,10.266940,0.339160,0.470116,-0.130956
2019-11-01,10.269678,0.338072,0.470400,-0.132328
2019-11-02,10.272416,0.343256,0.470683,-0.127427
2019-11-03,10.275154,0.339697,0.470966,-0.131269
2019-11-04,10.277892,0.340917,0.471248,-0.130330
2019-11-05,10.280630,0.344111,0.471529,-0.127418
2019-11-06,10.283368,0.343102,0.471810,-0.128708
2019-11-07,10.286105,0.338092,0.472090,-0.133998
2019-11-08,10.288843,0.325479,0.472369,-0.146890
2019-11-09,10.291581,0.317063,0.472648,-0.155585
2019-11-10,10.294319,0.320582,0.472926,-0.152344
2019-11-11,10.297057,0.315347,0.473203,-0.157856
2019-11-12,10.299795,0.311847,0.473479,-0.161632
2019-11-13,10.302533,0.312176,0.473755,-0.161579
2019-11-14,10.305270,0.307005,0.474031,-0.167026
2019-11-15,10.308008,0.300552,0.474305,-0.173754
2019-11-16,10.310746,0.296663,0.474579,-0.177916
2019-11-17,10.313484,0.298209,0.474852,-0.176643
2019-11-18,10.316222,0.290767,0.475125,-0.184357
2019-11-19,10.318960,0.276585,0.475396,-0.198811
2019-11-20,10.321697,0.275004,0.475667,-0.200664
2019-11-21,10.324435,0.260949,0.475938,-0.214989
2019-11-22,10.327173,0.231908,0.476208,-0.244299
2019-11-23,10.329911,0.225872,0.476477,-0.250605
2019-11-24,10.332649,0.219573,0.476745,-0.257171
2019-11-25,10.335387,0.207895,0.477012,-0.269117
2019-11-26,10.338125,0.217296,0.477279,-0.259983
2019-11-27,10.340862,0.223498,0.477545,-0.254047
2019-11-28,10.343600,0.238287,0.477811,-0.239524
2019-11-29,10.346338,0.243136,0.478076,-0.234940
2019-11-30,10.349076,0.244665,0.478340,-0.233675
2019-12-01,10.351814,0.226952,0.478603,-0.251651
2019-12-02,10.354552,0.223965,0.478866,-0.254901
2019-12-03,10.357290,0.223861,0.479127,-0.255266
2019-12-04,10.360027,0.220420,0.479389,-0.258969
2019-12-05,10.362765,0.222882,0.479649,-0.256767
2019-12-06,10.365503,0.226779,0.479909,-0.253129
2019-12-07,10.368241,0.233533,0.480168,-0.246635
2019-12-08,10.370979,0.230749,0.480426,-0.249677
2019-12-09,10.373717,0.228224,0.480684,-0.252459
2019-12-10,10.376454,0.218335,0.480940,-0.262605
2019-12-11,10.379192,0.212577,0.481196,-0.268619
2019-12-12,10.381930,0.209857,0.481452,-0.271595
2019-12-13,10.384668,0.212533,0.481706,-0.269174
2019-12-14,10.387406,0.208022,0.481960,-0.273938
2019-12-15,10.390144,0.203217,0.482213,-0.278996
2019-12-16,10.392882,0.199283,0.482466,-0.283183
2019-12-17,10.395619,0.183872,0.482717,-0.298845
2019-12-18,10.398357,0.182352,0.482968,-0.300616
2019-12-19,10.401095,0.204448,0.483218,-0.278770
2019-12-20,10.403833,0.203996,0.483468,-0.279471
2019-12-21,10.406571,0.203203,0.483716,-0.280513
2019-12-22,10.409309,0.207392,0.483964,-0.276572
2019-12-23,10.412047,0.222507,0.484211,-0.261705
2019-12-24,10.414784,0.209759,0.484457,-0.274698
2019-12-25,10.417522,0.204474,0.484703,-0.280229
2019-12-26,10.420260,0.204720,0.484948,-0.280228
2019-12-27,10.422998,0.202412,0.485192,-0.282780
2019-12-28,10.425736,0.207962,0.485435,-0.277473
2019-12-29,10.428474,0.209881,0.485678,-0.275797
2019-12-30,10.431211,0.206382,0.485919,-0.279538
2019-12-31,10.433949,0.200230,0.486160,-0.285930
2020-01-01,10.436687,0.199667,0.486401,-0.286734
2020-01-02,10.439425,0.191564,0.486640,-0.295076
2020-01-03,10.442163,0.199783,0.486879,-0.287096
2020-01-04,10.444901,0.204749,0.487116,-0.282367
2020-01-05,10.447639,0.210211,0.487354,-0.277143
2020-01-06,10.450376,0.215551,0.487590,-0.272039
2020-01-07,10.453114,0.236659,0.487825,-0.251167
2020-01-08,10.455852,0.252203,0.488060,-0.235857
2020-01-09,10.458590,0.234131,0.488294,-0.254163
2020-01-10,10.461328,0.233487,0.488527,-0.255040
2020-01-11,10.464066,0.244830,0.488760,-0.243930
2020-01-12,10.466804,0.244288,0.488991,-0.244703
2020-01-13,10.469541,0.243266,0.489222,-0.245956
2020-01-14,10.472279,0.266698,0.489452,-0.222754
2020-01-15,10.475017,0.274171,0.489681,-0.215510
2020-01-16,10.477755,0.270293,0.489910,-0.219616
2020-01-17,10.480493,0.278425,0.490137,-0.211712
2020-01-18,10.483231,0.279808,0.490364,-0.210556
2020-01-19,10.485969,0.277198,0.490590,-0.213392
2020-01-20,10.488706,0.266836,0.490815,-0.223979
2020-01-21,10.491444,0.266227,0.491039,-0.224812
2020-01-22,10.494182,0.266700,0.491263,-0.224563
2020-01-23,10.496920,0.254570,0.491486,-0.236915
2020-01-24,10.499658,0.251441,0.491708,-0.240267
2020-01-25,10.502396,0.247814,0.491929,-0.244115
2020-01-26,10.505133,0.252860,0.492149,-0.239289
2020-01-27,10.507871,0.266652,0.492369,-0.225716
2020-01-28,10.510609,0.281134,0.492587,-0.211453
2020-01-29,10.513347,0.293594,0.492805,-0.199211
2020-01-30,10.516085,0.294659,0.493022,-0.198363
2020-01-31,10.518823,0.292884,0.493238,-0.200354
2020-02-01,10.521561,0.293739,0.493454,-0.199714
2020-02-02,10.524298,0.293356,0.493668,-0.200312
2020-02-03,10.527036,0.290662,0.493882,-0.203220
2020-02-04,10.529774,0.284319,0.494095,-0.209775
2020-02-05,10.532512,0.292887,0.494307,-0.201419
2020-02-06,10.535250,0.304944,0.494518,-0.189574
2020-02-07,10.537988,0.308245,0.494728,-0.186484
2020-02-08,10.540726,0.309224,0.494938,-0.185714
2020-02-09,10.543463,0.320272,0.495147,-0.174875
2020-02-10,10.546201,0.312593,0.495354,-0.182761
2020-02-11,10.548939,0.313834,0.495561,-0.181728
2020-02-12,10.551677,0.329734,0.495768,-0.166034
2020-02-13,10.554415,0.326886,0.495973,-0.169087
2020-02-14,10.557153,0.325165,0.496177,-0.171013
2020-02-15,10.559890,0.319351,0.496381,-0.177030
2020-02-16,10.562628,0.308775,0.496584,-0.187809
2020-02-17,10.565366,0.300152,0.496786,-0.196634
2020-02-18,10.568104,0.305174,0.496987,-0.191813
2020-02-19,10.570842,0.315003,0.497187,-0.182184
2020-02-20,10.573580,0.293190,0.497386,-0.204196
2020-02-21,10.576318,0.297467,0.497585,-0.200117
2020-02-22,10.579055,0.295805,0.497782,-0.201977
2020-02-23,10.581793,0.304236,0.497979,-0.193743
2020-02-24,10.584531,0.297258,0.498175,-0.200916
2020-02-25,10.587269,0.286142,0.498370,-0.212228
2020-02-26,10.590007,0.264841,0.498564,-0.233723
2020-02-27,10.592745,0.252985,0.498757,-0.245772
2020-02-28,10.595483,0.247583,0.498950,-0.251367
2020-02-29,10.598220,0.246259,0.499141,-0.252883
2020-03-01,10.600958,0.239445,0.499332,-0.259887
2020-03-02,10.603696,0.247957,0.499522,-0.251565
2020-03-03,10.606434,0.249517,0.499711,-0.250193
2020-03-04,10.609172,0.247614,0.499899,-0.252285
2020-03-05,10.611910,0.259446,0.500086,-0.240640
2020-03-06,10.614648,0.262615,0.500272,-0.237657
2020-03-07,10.617385,0.259845,0.500458,-0.240613
2020-03-08,10.620123,0.235863,0.500642,-0.264779
2020-03-09,10.622861,0.199962,0.500826,-0.300863
2020-03-10,10.625599,0.202543,0.501008,-0.298465
2020-03-11,10.628337,0.196658,0.501190,-0.304532
2020-03-12,10.631075,0.125461,0.501371,-0.375910
2020-03-13,10.633812,0.028663,0.501551,-0.472889
2020-03-14,10.636550,0.035874,0.501730,-0.465856
2020-03-15,10.639288,0.027152,0.501909,-0.474757
2020-03-16,10.642026,-0.000213,0.502086,-0.502299
2020-03-17,10.644764,0.025343,0.502262,-0.476920
2020-03-18,10.647502,0.022076,0.502438,-0.480362
2020-03-19,10.650240,0.058061,0.502613,-0.444552
2020-03-20,10.652977,0.099603,0.502786,-0.403184
2020-03-21,10.655715,0.085457,0.502959,-0.417502
2020-03-22,10.658453,0.082983,0.503131,-0.420149
2020-03-23,10.661191,0.081051,0.503302,-0.422251
2020-03-24,10.663929,0.116842,0.503473,-0.386631
2020-03-25,10.666667,0.116509,0.503642,-0.387133
2020-03-26,10.669405,0.116543,0.503810,-0.387267
2020-03-27,10.672142,0.116859,0.503977,-0.387118
2020-03-28,10.674880,0.085717,0.504144,-0.418427
2020-03-29,10.677618,0.077159,0.504310,-0.427151
2020-03-30,10.680356,0.088290,0.504474,-0.416184
2020-03-31,10.683094,0.099558,0.504638,-0.405080
2020-04-01,10.685832,0.089364,0.504801,-0.415436
2020-04-02,10.688569,0.115662,0.504963,-0.389301
2020-04-03,10.691307,0.120499,0.505124,-0.384625
2020-04-04,10.694045,0.117264,0.505284,-0.388020
2020-04-05,10.696783,0.118132,0.505443,-0.387311
2020-04-06,10.699521,0.135538,0.505601,-0.370063
2020-04-07,10.702259,0.148610,0.505758,-0.357148
2020-04-08,10.704997,0.147343,0.505915,-0.358571
2020-04-09,10.707734,0.146716,0.506070,-0.359354
2020-04-10,10.710472,0.126392,0.506225,-0.379832
2020-04-11,10.713210,0.119788,0.506378,-0.386590
2020-04-12,10.715948,0.124230,0.506531,-0.382300
2020-04-13,10.718686,0.111601,0.506682,-0.395082
2020-04-14,10.721424,0.119533,0.506833,-0.387300
2020-04-15,10.724162,0.113897,0.506983,-0.393085
2020-04-16,10.726899,0.120138,0.507132,-0.386994
2020-04-17,10.729637,0.128537,0.507280,-0.378743
2020-04-18,10.732375,0.132348,0.507427,-0.375079
2020-04-19,10.735113,0.132931,0.507573,-0.374641
2020-04-20,10.737851,0.125304,0.507718,-0.382413
2020-04-21,10.740589,0.113808,0.507862,-0.394054
2020-04-22,10.743326,0.121393,0.508005,-0.386612
2020-04-23,10.746064,0.137991,0.508147,-0.370156
2020-04-24,10.748802,0.150314,0.508288,-0.357974
2020-04-25,10.751540,0.151034,0.508429,-0.357394
2020-04-26,10.754278,0.153684,0.508568,-0.354884
2020-04-27,10.757016,0.159562,0.508707,-0.349144
2020-04-28,10.759754,0.160041,0.508844,-0.348803
2020-04-29,10.762491,0.187511,0.508981,-0.321470
2020-04-30,10.765229,0.219278,0.509116,-0.289838
2020-05-01,10.767967,0.213742,0.509251,-0.295508
2020-05-02,10.770705,0.217717,0.509384,-0.291667
2020-05-03,10.773443,0.222060,0.509517,-0.287457
2020-05-04,10.776181,0.211426,0.509649,-0.298223
2020-05-05,10.778919,0.218716,0.509779,-0.291063
2020-05-06,10.781656,0.229012,0.509909,-0.280898
2020-05-07,10.784394,0.243698,0.510038,-0.266340
2020-05-08,10.787132,0.262324,0.510166,-0.247842
2020-05-09,10.789870,0.253122,0.510293,-0.257170
2020-05-10,10.792608,0.203494,0.510418,-0.306925
2020-05-11,10.795346,0.204295,0.510543,-0.306248
2020-05-12,10.798084,0.207341,0.510667,-0.303327
2020-05-13,10.800821,0.219657,0.510790,-0.291134
2020-05-14,10.803559,0.244036,0.510912,-0.266876
2020-05-15,10.806297,0.240534,0.511033,-0.270499
2020-05-16,10.809035,0.234745,0.511153,-0.276408
2020-05-17,10.811773,0.244257,0.511272,-0.267015
2020-05-18,10.814511,0.247758,0.511390,-0.263633
2020-05-19,10.817248,0.245139,0.511507,-0.266368
2020-05-20,10.819986,0.244626,0.511624,-0.266997
2020-05-21,10.822724,0.226156,0.511739,-0.285583
2020-05-22,10.825462,0.218478,0.511853,-0.293374
2020-05-23,10.828200,0.221805,0.511966,-0.290161
2020-05-24,10.830938,0.217282,0.512078,-0.294796
2020-05-25,10.833676,0.202520,0.512189,-0.309669
2020-05-26,10.836413,0.204019,0.512299,-0.308281
2020-05-27,10.839151,0.211502,0.512409,-0.300906
2020-05-28,10.841889,0.224238,0.512517,-0.288279
2020-05-29,10.844627,0.229694,0.512624,-0.282930
2020-05-30,10.847365,0.231692,0.512730,-0.281038
2020-05-31,10.850103,0.232709,0.512835,-0.280126
2020-06-01,10.852841,0.233872,0.512939,-0.279068
2020-06-02,10.855578,0.245496,0.513043,-0.267547
2020-06-03,10.858316,0.231512,0.513145,-0.281633
2020-06-04,10.861054,0.237530,0.513246,-0.275716
2020-06-05,10.863792,0.238696,0.513346,-0.274651
2020-06-06,10.866530,0.233706,0.513445,-0.279739
2020-06-07,10.869268,0.232413,0.513544,-0.281130
2020-06-08,10.872005,0.236400,0.513641,-0.277241
2020-06-09,10.874743,0.235278,0.513737,-0.278459
2020-06-10,10.877481,0.238124,0.513832,-0.275708
2020-06-11,10.880219,0.230938,0.513926,-0.282988
2020-06-12,10.882957,0.220361,0.514020,-0.293658
2020-06-13,10.885695,0.220468,0.514112,-0.293644
2020-06-14,10.888433,0.218972,0.514203,-0.295231
2020-06-15,10.891170,0.211152,0.514293,-0.303140
2020-06-16,10.893908,0.222020,0.514382,-0.292362
2020-06-17,10.896646,0.219068,0.514470,-0.295402
2020-06-18,10.899384,0.216718,0.514557,-0.297839
2020-06-19,10.902122,0.212714,0.514643,-0.301929
2020-06-20,10.904860,0.211097,0.514728,-0.303631
2020-06-21,10.907598,0.212811,0.514812,-0.302001
2020-06-22,10.910335,0.218120,0.514895,-0.296775
2020-06-23,10.913073,0.224324,0.514977,-0.290653
2020-06-24,10.915811,0.214844,0.515058,-0.300214
2020-06-25,10.918549,0.205233,0.515138,-0.309906
2020-06-26,10.921287,0.202271,0.515217,-0.312946
2020-06-27,10.924025,0.198243,0.515295,-0.317052
2020-06-28,10.926762,0.195698,0.515372,-0.319674
2020-06-29,10.929500,0.197836,0.515448,-0.317612
2020-06-30,10.932238,0.198458,0.515523,-0.317064
2020-07-01,10.934976,0.199656,0.515596,-0.315940
2020-07-02,10.937714,0.197930,0.515669,-0.317739
2020-07-03,10.940452,0.194207,0.515741,-0.321534
2020-07-04,10.943190,0.193607,0.515811,-0.322205
2020-07-05,10.945927,0.191594,0.515881,-0.324287
2020-07-06,10.948665,0.197821,0.515950,-0.318129
2020-07-07,10.951403,0.199610,0.516017,-0.316407
2020-07-08,10.954141,0.202737,0.516084,-0.313347
2020-07-09,10.956879,0.201364,0.516149,-0.314786
2020-07-10,10.959617,0.194688,0.516214,-0.321526
2020-07-11,10.962355,0.196086,0.516277,-0.320191
2020-07-12,10.965092,0.196046,0.516340,-0.320293
2020-07-13,10.967830,0.196793,0.516401,-0.319608
2020-07-14,10.970568,0.193468,0.516462,-0.322994
2020-07-15,10.973306,0.193024,0.516521,-0.323497
2020-07-16,10.976044,0.188309,0.516579,-0.328270
2020-07-17,10.978782,0.187975,0.516636,-0.328662
2020-07-18,10.981520,0.188707,0.516692,-0.327985
2020-07-19,10.984257,0.187830,0.516748,-0.328918
2020-07-20,10.986995,0.188323,0.516802,-0.328478
2020-07-21,10.989733,0.193799,0.516855,-0.323055
2020-07-22,10.992471,0.195842,0.516907,-0.321064
2020-07-23,10.995209,0.203267,0.516958,-0.313691
2020-07-24,10.997947,0.203453,0.517008,-0.313554
2020-07-25,11.000684,0.205739,0.517056,-0.311317
2020-07-26,11.003422,0.214561,0.517104,-0.302543
2020-07-27,11.006160,0.240100,0.517151,-0.277051
2020-07-28,11.008898,0.261428,0.517197,-0.255768
2020-07-29,11.011636,0.265483,0.517241,-0.251759
2020-07-30,11.014374,0.262475,0.517285,-0.254809
2020-07-31,11.017112,0.268227,0.517327,-0.249101
2020-08-01,11.019849,0.283322,0.517369,-0.234047
2020-08-02,11.022587,0.271619,0.517409,-0.245790
2020-08-03,11.025325,0.268642,0.517449,-0.248807
2020-08-04,11.028063,0.267702,0.517487,-0.249784
2020-08-05,11.030801,0.275784,0.517524,-0.241740
2020-08-06,11.033539,0.285816,0.517560,-0.231744
2020-08-07,11.036277,0.283818,0.517595,-0.233777
2020-08-08,11.039014,0.282254,0.517630,-0.235376
2020-08-09,11.041752,0.281214,0.517663,-0.236448
2020-08-10,11.044490,0.288766,0.517695,-0.228928
2020-08-11,11.047228,0.278342,0.517725,-0.239383
2020-08-12,11.049966,0.271814,0.517755,-0.245941
2020-08-13,11.052704,0.274566,0.517784,-0.243218
2020-08-14,11.055441,0.281631,0.517812,-0.236180
2020-08-15,11.058179,0.285377,0.517838,-0.232462
2020-08-16,11.060917,0.283859,0.517864,-0.234005
2020-08-17,11.063655,0.291152,0.517888,-0.226737
2020-08-18,11.066393,0.294199,0.517912,-0.223713
2020-08-19,11.069131,0.280404,0.517934,-0.237530
2020-08-20,11.071869,0.280039,0.517956,-0.237916
2020-08-21,11.074606,0.277394,0.517976,-0.240582
2020-08-22,11.077344,0.270052,0.517995,-0.247943
2020-08-23,11.080082,0.271833,0.518013,-0.246180
2020-08-24,11.082820,0.275481,0.518030,-0.242549
2020-08-25,11.085558,0.266265,0.518046,-0.251781
2020-08-26,11.088296,0.261998,0.518061,-0.256063
2020-08-27,11.091034,0.259251,0.518075,-0.258824
2020-08-28,11.093771,0.262370,0.518088,-0.255717
2020-08-29,11.096509,0.264241,0.518099,-0.253859
2020-08-30,11.099247,0.267081,0.518110,-0.251029
2020-08-31,11.101985,0.269784,0.518119,-0.248335
2020-09-01,11.104723,0.276144,0.518128,-0.241984
2020-09-02,11.107461,0.264539,0.518135,-0.253597
2020-09-03,11.110198,0.243238,0.518141,-0.274903
2020-09-04,11.112936,0.216551,0.518147,-0.301596
2020-09-05,11.115674,0.210747,0.518151,-0.307404
2020-09-06,11.118412,0.207619,0.518154,-0.310535
2020-09-07,11.121150,0.205223,0.518156,-0.312933
2020-09-08,11.123888,0.204091,0.518157,-0.314066
2020-09-09,11.126626,0.205338,0.518157,-0.312819
2020-09-10,11.129363,0.211224,0.518155,-0.306932
2020-09-11,11.132101,0.209122,0.518153,-0.309031
2020-09-12,11.134839,0.211396,0.518150,-0.306754
2020-09-13,11.137577,0.211875,0.518145,-0.306270
2020-09-14,11.140315,0.216131,0.518140,-0.302009
2020-09-15,11.143053,0.226370,0.518133,-0.291763
2020-09-16,11.145791,0.230805,0.518125,-0.287320
2020-09-17,11.148528,0.230017,0.518116,-0.288099
2020-09-18,11.151266,0.230777,0.518106,-0.287329
2020-09-19,11.154004,0.233788,0.518095,-0.284307
2020-09-20,11.156742,0.229319,0.518083,-0.288764
2020-09-21,11.159480,0.219061,0.518070,-0.299009
2020-09-22,11.162218,0.210077,0.518056,-0.307979
2020-09-23,11.164956,0.208017,0.518041,-0.310024
2020-09-24,11.167693,0.208061,0.518024,-0.309963
2020-09-25,11.170431,0.216749,0.518007,-0.301258
2020-09-26,11.173169,0.218122,0.517988,-0.299867
2020-09-27,11.175907,0.217532,0.517969,-0.300437
2020-09-28,11.178645,0.223450,0.517948,-0.294498
2020-09-29,11.181383,0.216964,0.517926,-0.300962
2020-09-30,11.184120,0.216887,0.517903,-0.301016
2020-10-01,11.186858,0.216903,0.517879,-0.300976
2020-10-02,11.189596,0.207065,0.517854,-0.310789
2020-10-03,11.192334,0.207483,0.517828,-0.310345
2020-10-04,11.195072,0.209184,0.517800,-0.308617
2020-10-05,11.197810,0.212667,0.517772,-0.305105
2020-10-06,11.200548,0.211818,0.517743,-0.305924
2020-10-07,11.203285,0.208050,0.517712,-0.309662
2020-10-08,11.206023,0.212227,0.517680,-0.305454
2020-10-09,11.208761,0.221645,0.517648,-0.296002
2020-10-10,11.211499,0.234682,0.517614,-0.282932
2020-10-11,11.214237,0.235166,0.517579,-0.282413
2020-10-12,11.216975,0.237876,0.517543,-0.279667
2020-10-13,11.219713,0.237416,0.517506,-0.280090
2020-10-14,11.222450,0.235248,0.517468,-0.282219
2020-10-15,11.225188,0.235010,0.517428,-0.282418
2020-10-16,11.227926,0.232562,0.517388,-0.284826
2020-10-17,11.230664,0.231237,0.517346,-0.286110
2020-10-18,11.233402,0.234099,0.517304,-0.283205
2020-10-19,11.236140,0.239106,0.517260,-0.278154
2020-10-20,11.238877,0.248381,0.517215,-0.268834
2020-10-21,11.241615,0.269888,0.517170,-0.247281
2020-10-22,11.244353,0.285316,0.517123,-0.231807
2020-10-23,11.247091,0.284790,0.517075,-0.232285
2020-10-24,11.249829,0.287435,0.517025,-0.229591
2020-10-25,11.252567,0.287714,0.516975,-0.229261
2020-10-26,11.255305,0.287580,0.516924,-0.229344
2020-10-27,11.258042,0.296980,0.516871,-0.219892
2020-10-28,11.260780,0.298826,0.516818,-0.217992
2020-10-29,11.263518,0.294618,0.516763,-0.222145
2020-10-30,11.266256,0.297465,0.516708,-0.219243
2020-10-31,11.268994,0.306809,0.516651,-0.209842
2020-11-01,11.271732,0.307054,0.516593,-0.209539
2020-11-02,11.274470,0.300981,0.516534,-0.215553
2020-11-03,11.277207,0.300944,0.516474,-0.215530
2020-11-04,11.279945,0.309498,0.516413,-0.206915
2020-11-05,11.282683,0.334318,0.516350,-0.182033
2020-11-06,11.285421,0.357968,0.516287,-0.158319
2020-11-07,11.288159,0.350658,0.516223,-0.165564
2020-11-08,11.290897,0.346349,0.516157,-0.169808
2020-11-09,11.293634,0.350817,0.516090,-0.165274
2020-11-10,11.296372,0.348711,0.516023,-0.167312
2020-11-11,11.299110,0.355820,0.515954,-0.160133
2020-11-12,11.301848,0.364499,0.515884,-0.151385
2020-11-13,11.304586,0.373603,0.515813,-0.142210
2020-11-14,11.307324,0.365988,0.515741,-0.149752
2020-11-15,11.310062,0.364660,0.515667,-0.151007
2020-11-16,11.312799,0.374201,0.515593,-0.141392
2020-11-17,11.315537,0.392117,0.515517,-0.123400
2020-11-18,11.318275,0.411245,0.515441,-0.104196
2020-11-19,11.321013,0.409912,0.515363,-0.105452
2020-11-20,11.323751,0.421342,0.515285,-0.093942
2020-11-21,11.326489,0.429410,0.515205,-0.085795
2020-11-22,11.329227,0.422137,0.515124,-0.092987
2020-11-23,11.331964,0.422185,0.515042,-0.092857
2020-11-24,11.334702,0.431346,0.514959,-0.083613
2020-11-25,11.337440,0.435151,0.514874,-0.079723
2020-11-26,11.340178,0.394741,0.514789,-0.120048
2020-11-27,11.342916,0.384528,0.514703,-0.130175
2020-11-28,11.345654,0.392189,0.514615,-0.122427
2020-11-29,11.348392,0.408280,0.514527,-0.106247
2020-11-30,11.351129,0.429398,0.514437,-0.085039
2020-12-01,11.353867,0.436590,0.514346,-0.077756
2020-12-02,11.356605,0.429270,0.514254,-0.084985
2020-12-03,11.359343,0.436332,0.514161,-0.077829
2020-12-04,11.362081,0.431832,0.514067,-0.082235
2020-12-05,11.364819,0.428569,0.513972,-0.085403
2020-12-06,11.367556,0.431519,0.513875,-0.082356
2020-12-07,11.370294,0.432204,0.513778,-0.081574
2020-12-08,11.373032,0.425592,0.513680,-0.088087
2020-12-09,11.375770,0.409354,0.513580,-0.104226
2020-12-10,11.378508,0.409795,0.513479,-0.103684
2020-12-11,11.381246,0.400493,0.513378,-0.112885
2020-12-12,11.383984,0.412668,0.513275,-0.100607
2020-12-13,11.386721,0.427106,0.513171,-0.086064
2020-12-14,11.389459,0.427585,0.513066,-0.085481
2020-12-15,11.392197,0.431276,0.512960,-0.081683
2020-12-16,11.394935,0.446847,0.512852,-0.066006
2020-12-17,11.397673,0.497700,0.512744,-0.015044
2020-12-18,11.400411,0.502348,0.512635,-0.010287
2020-12-19,11.403149,0.510801,0.512524,-0.001723
2020-12-20,11.405886,0.514646,0.512412,0.002233
2020-12-21,11.408624,0.507720,0.512300,-0.004580
2020-12-22,11.411362,0.504374,0.512186,-0.007812
2020-12-23,11.414100,0.511887,0.512071,-0.000184
2020-12-24,11.416838,0.505611,0.511955,-0.006344
2020-12-25,11.419576,0.519750,0.511838,0.007912
2020-12-26,11.422313,0.541202,0.511720,0.029482
2020-12-27,11.425051,0.569839,0.511600,0.058239
2020-12-28,11.427789,0.568274,0.511480,0.056794
2020-12-29,11.430527,0.563067,0.511359,0.051709
2020-12-30,11.433265,0.585860,0.511236,0.074625
2020-12-31,11.436003,0.596103,0.511112,0.084991
2021-01-01,11.438741,0.601843,0.510988,0.090856
2021-01-02,11.441478,0.622789,0.510862,0.111928
2021-01-03,11.444216,0.658851,0.510735,0.148116
2021-01-04,11.446954,0.636626,0.510607,0.126019
2021-01-05,11.449692,0.641792,0.510478,0.131315
2021-01-06,11.452430,0.675225,0.510348,0.164877
2021-01-07,11.455168,0.712183,0.510216,0.201966
2021-01-08,11.457906,0.731343,0.510084,0.221259
2021-01-09,11.460643,0.737319,0.509950,0.227368
2021-01-10,11.463381,0.729234,0.509816,0.219418
2021-01-11,11.466119,0.664483,0.509680,0.154803
2021-01-12,11.468857,0.671502,0.509544,0.161958
2021-01-13,11.471595,0.669259,0.509406,0.159853
2021-01-14,11.474333,0.711486,0.509267,0.202219
2021-01-15,11.477070,0.705115,0.509127,0.195988
2021-01-16,11.479808,0.693981,0.508986,0.184995
2021-01-17,11.482546,0.680882,0.508844,0.172038
2021-01-18,11.485284,0.684547,0.508701,0.175846
2021-01-19,11.488022,0.692601,0.508556,0.184045
2021-01-20,11.490760,0.690700,0.508411,0.182289
2021-01-21,11.493498,0.642317,0.508264,0.134053
2021-01-22,11.496235,0.632889,0.508117,0.124773
2021-01-23,11.498973,0.633870,0.507968,0.125902
2021-01-24,11.501711,0.730720,0.507818,0.222901
2021-01-25,11.504449,0.648779,0.507668,0.141111
2021-01-26,11.507187,0.630270,0.507516,0.122754
2021-01-27,11.509925,0.665350,0.507363,0.157987
2021-01-28,11.512663,0.624234,0.507209,0.117025
2021-01-29,11.515400,0.718683,0.507054,0.211630
2021-01-30,11.518138,0.652337,0.506897,0.145439
2021-01-31,11.520876,0.643807,0.506740,0.137067
2021-02-01,11.523614,0.640975,0.506582,0.134393
2021-02-02,11.526352,0.659389,0.506422,0.152966
2021-02-03,11.529090,0.681235,0.506262,0.174973
2021-02-04,11.531828,0.691638,0.506100,0.185538
2021-02-05,11.534565,0.692451,0.505938,0.186513
2021-02-06,11.537303,0.716500,0.505774,0.210727
2021-02-07,11.540041,0.703352,0.505609,0.197743
2021-02-08,11.542779,0.730804,0.505443,0.225361
2021-02-09,11.545517,0.776139,0.505276,0.270863
2021-02-10,11.548255,0.759574,0.505108,0.254466
2021-02-11,11.550992,0.774965,0.504939,0.270026
2021-02-12,11.553730,0.790671,0.504769,0.285902
2021-02-13,11.556468,0.787157,0.504598,0.282560
2021-02-14,11.559206,0.798785,0.504425,0.294360
2021-02-15,11.561944,0.793597,0.504252,0.289345
2021-02-16,11.564682,0.803052,0.504077,0.298975
2021-02-17,11.567420,0.818676,0.503902,0.314775
2021-02-18,11.570157,0.825119,0.503725,0.321394
2021-02-19,11.572895,0.834558,0.503548,0.331010
2021-02-20,11.575633,0.855955,0.503369,0.352586
2021-02-21,11.578371,0.884215,0.503189,0.381026
2021-02-22,11.581109,0.868019,0.503008,0.365011
2021-02-23,11.583847,0.800902,0.502826,0.298075
2021-02-24,11.586585,0.804066,0.502643,0.301423
2021-02-25,11.589322,0.805104,0.502459,0.302645
2021-02-26,11.592060,0.800541,0.502274,0.298267
2021-02-27,11.594798,0.785279,0.502088,0.283190
2021-02-28,11.597536,0.756092,0.501901,0.254191
2021-03-01,11.600274,0.788459,0.501713,0.286746
2021-03-02,11.603012,0.790427,0.501523,0.288904
2021-03-03,11.605749,0.808744,0.501333,0.307411
2021-03-04,11.608487,0.800224,0.501141,0.299083
2021-03-05,11.611225,0.780990,0.500949,0.280041
2021-03-06,11.613963,0.786315,0.500755,0.285559
2021-03-07,11.616701,0.805150,0.500561,0.304589
2021-03-08,11.619439,0.808901,0.500365,0.308536
2021-03-09,11.622177,0.831448,0.500168,0.331279
2021-03-10,11.624914,0.840630,0.499971,0.340660
2021-03-11,11.627652,0.849533,0.499772,0.349762
2021-03-12,11.630390,0.853134,0.499572,0.353562
2021-03-13,11.633128,0.867432,0.499371,0.368061
2021-03-14,11.635866,0.878672,0.499169,0.379503
2021-03-15,11.638604,0.856373,0.498966,0.357407
2021-03-16,11.641342,0.839072,0.498762,0.340310
2021-03-17,11.644079,0.844108,0.498557,0.345551
2021-03-18,11.646817,0.862301,0.498351,0.363950
2021-03-19,11.649555,0.857354,0.498143,0.359211
2021-03-20,11.652293,0.864682,0.497935,0.366747
2021-03-21,11.655031,0.851682,0.497726,0.353956
2021-03-22,11.657769,0.850423,0.497515,0.352908
2021-03-23,11.660507,0.836586,0.497304,0.339282
2021-03-24,11.663244,0.833276,0.497092,0.336184
2021-03-25,11.665982,0.816690,0.496878,0.319812
2021-03-26,11.668720,0.817563,0.496664,0.320900
2021-03-27,11.671458,0.837116,0.496448,0.340668
2021-03-28,11.674196,0.837038,0.496232,0.340806
2021-03-29,11.676934,0.845091,0.496014,0.349077
2021-03-30,11.679671,0.856811,0.495795,0.361015
2021-03-31,11.682409,0.858278,0.495576,0.362702
2021-04-01,11.685147,0.857847,0.495355,0.362492
2021-04-02,11.687885,0.860299,0.495133,0.365166
2021-04-03,11.690623,0.857151,0.494911,0.362241
2021-04-04,11.693361,0.847749,0.494687,0.353062
2021-04-05,11.696099,0.850115,0.494462,0.355653
2021-04-06,11.698836,0.854097,0.494236,0.359861
2021-04-07,11.701574,0.843234,0.494009,0.349224
2021-04-08,11.704312,0.841726,0.493781,0.347944
2021-04-09,11.707050,0.848838,0.493553,0.355285
2021-04-10,11.709788,0.860591,0.493323,0.367268
2021-04-11,11.712526,0.859375,0.493092,0.366283
2021-04-12,11.715264,0.861081,0.492860,0.368221
2021-04-13,11.718001,0.860114,0.492627,0.367488
2021-04-14,11.720739,0.883463,0.492393,0.391071
2021-04-15,11.723477,0.879430,0.492158,0.387273
2021-04-16,11.726215,0.923024,0.491922,0.431102
2021-04-17,11.728953,0.843146,0.491685,0.351462
2021-04-18,11.731691,0.890134,0.491447,0.398687
2021-04-19,11.734428,0.830200,0.491207,0.338992
2021-04-20,11.737166,0.822675,0.490967,0.331708
2021-04-21,11.739904,0.821388,0.490726,0.330662
2021-04-22,11.742642,0.865538,0.490484,0.375054
2021-04-23,11.745380,0.774262,0.490241,0.284021
2021-04-24,11.748118,0.775898,0.489997,0.285901
2021-04-25,11.750856,0.775121,0.489752,0.285369
2021-04-26,11.753593,0.799804,0.489506,0.310299
2021-04-27,11.756331,0.859120,0.489259,0.369862
2021-04-28,11.759069,0.812782,0.489010,0.323772
2021-04-29,11.761807,0.820193,0.488761,0.331431
2021-04-30,11.764545,0.846243,0.488511,0.357732
2021-05-01,11.767283,0.834261,0.488260,0.346001
2021-05-02,11.770021,0.821181,0.488008,0.333173
2021-05-03,11.772758,0.834185,0.487755,0.346430
2021-05-04,11.775496,0.813255,0.487501,0.325754
2021-05-05,11.778234,0.809131,0.487246,0.321885
2021-05-06,11.780972,0.877269,0.486990,0.390279
2021-05-07,11.783710,0.823930,0.486732,0.337198
2021-05-08,11.786448,0.836291,0.486474,0.349816
2021-05-09,11.789185,0.831542,0.486215,0.345327
2021-05-10,11.791923,0.829324,0.485955,0.343369
2021-05-11,11.794661,0.868416,0.485694,0.382722
2021-05-12,11.797399,0.814451,0.485432,0.329018
2021-05-13,11.800137,0.763427,0.485169,0.278257
2021-05-14,11.802875,0.766449,0.484905,0.281544
2021-05-15,11.805613,0.753986,0.484640,0.269345
2021-05-16,11.808350,0.743264,0.484374,0.258889
2021-05-17,11.811088,0.711755,0.484108,0.227648
2021-05-18,11.813826,0.708969,0.483840,0.225129
2021-05-19,11.816564,0.666823,0.483571,0.183253
2021-05-20,11.819302,0.738422,0.483301,0.255121
2021-05-21,11.822040,0.654232,0.483030,0.171202
2021-05-22,11.824778,0.636043,0.482758,0.153284
2021-05-23,11.827515,0.613491,0.482486,0.131005
2021-05-24,11.830253,0.629475,0.482212,0.147263
2021-05-25,11.832991,0.664986,0.481937,0.183048
2021-05-26,11.835729,0.653687,0.481662,0.172025
2021-05-27,11.838467,0.648145,0.481385,0.166760
2021-05-28,11.841205,0.622002,0.481108,0.140894
2021-05-29,11.843943,0.605385,0.480829,0.124556
2021-05-30,11.846680,0.607575,0.480550,0.127026
2021-05-31,11.849418,0.615254,0.480269,0.134985
2021-06-01,11.852156,0.619753,0.479988,0.139765
2021-06-02,11.854894,0.627491,0.479705,0.147786
2021-06-03,11.857632,0.641308,0.479422,0.161886
2021-06-04,11.860370,0.624154,0.479138,0.145016
2021-06-05,11.863107,0.617473,0.478853,0.138620
2021-06-06,11.865845,0.609904,0.478567,0.131337
2021-06-07,11.868583,0.694441,0.478280,0.216161
2021-06-08,11.871321,0.570039,0.477992,0.092047
2021-06-09,11.874059,0.595119,0.477703,0.117417
2021-06-10,11.876797,0.620096,0.477413,0.142683
2021-06-11,11.879535,0.619693,0.477122,0.142571
2021-06-12,11.882272,0.604056,0.476830,0.127225
2021-06-13,11.885010,0.611646,0.476537,0.135109
2021-06-14,11.887748,0.648359,0.476244,0.172115
2021-06-15,11.890486,0.653560,0.475949,0.177610
2021-06-16,11.893224,0.719618,0.475654,0.243964
2021-06-17,11.895962,0.635149,0.475357,0.159791
2021-06-18,11.898700,0.616263,0.475060,0.141203
2021-06-19,11.901437,0.601587,0.474762,0.126825
2021-06-20,11.904175,0.592729,0.474463,0.118267
2021-06-21,11.906913,0.567356,0.474162,0.093193
2021-06-22,11.909651,0.552363,0.473861,0.078501
2021-06-23,11.912389,0.574342,0.473559,0.100782
2021-06-24,11.915127,0.573742,0.473257,0.100485
2021-06-25,11.917864,0.567594,0.472953,0.094641
2021-06-26,11.920602,0.542753,0.472648,0.070105
2021-06-27,11.923340,0.563258,0.472342,0.090916
2021-06-28,11.926078,0.634222,0.472036,0.162186
2021-06-29,11.928816,0.593518,0.471728,0.121790
2021-06-30,11.931554,0.585237,0.471420,0.113817
2021-07-01,11.934292,0.569319,0.471111,0.098208
2021-07-02,11.937029,0.563475,0.470801,0.092675
2021-07-03,11.939767,0.575967,0.470490,0.105477
2021-07-04,11.942505,0.587405,0.470178,0.117227
2021-07-05,11.945243,0.571848,0.469865,0.101983
2021-07-06,11.947981,0.572379,0.469551,0.102828
2021-07-07,11.950719,0.576808,0.469236,0.107572
2021-07-08,11.953457,0.555056,0.468921,0.086135
2021-07-09,11.956194,0.558621,0.468604,0.090017
2021-07-10,11.958932,0.564917,0.468287,0.096630
2021-07-11,11.961670,0.559407,0.467969,0.091438
2021-07-12,11.964408,0.563638,0.467650,0.095988
2021-07-13,11.967146,0.552610,0.467330,0.085280
2021-07-14,11.969884,0.547268,0.467009,0.080259
2021-07-15,11.972621,0.541700,0.466687,0.075013
2021-07-16,11.975359,0.536703,0.466365,0.070339
2021-07-17,11.978097,0.533767,0.466041,0.067726
2021-07-18,11.980835,0.535806,0.465717,0.070090
2021-07-19,11.983573,0.527240,0.465392,0.061848
2021-07-20,11.986311,0.507766,0.465065,0.042700
2021-07-21,11.989049,0.526610,0.464738,0.061871
2021-07-22,11.991786,0.538541,0.464411,0.074130
2021-07-23,11.994524,0.542637,0.464082,0.078555
2021-07-24,11.997262,0.559786,0.463752,0.096033
2021-07-25,12.000000,0.565661,0.463422,0.102239
2021-07-26,12.002738,0.611962,0.463091,0.148872
2021-07-27,12.005476,0.604452,0.462759,0.141694
2021-07-28,12.008214,0.628057,0.462426,0.165631
2021-07-29,12.010951,0.627522,0.462092,0.165430
2021-07-30,12.013689,0.624677,0.461757,0.162920
2021-07-31,12.016427,0.645228,0.461421,0.183807
2021-08-01,12.019165,0.643003,0.461085,0.181918
2021-08-02,12.021903,0.622698,0.460748,0.161950
2021-08-03,12.024641,0.609773,0.460410,0.149364
2021-08-04,12.027379,0.612205,0.460071,0.152135
2021-08-05,12.030116,0.694392,0.459731,0.234661
2021-08-06,12.032854,0.639460,0.459390,0.180069
2021-08-07,12.035592,0.661477,0.459049,0.202428
2021-08-08,12.038330,0.668508,0.458707,0.209802
2021-08-09,12.041068,0.673667,0.458364,0.215303
2021-08-10,12.043806,0.679835,0.458020,0.221815
2021-08-11,12.046543,0.683925,0.457675,0.226250
2021-08-12,12.049281,0.672268,0.457329,0.214939
2021-08-13,12.052019,0.684100,0.456983,0.227117
2021-08-14,12.054757,0.691845,0.456636,0.235209
2021-08-15,12.057495,0.685044,0.456288,0.228757
2021-08-16,12.060233,0.689029,0.455939,0.233090
2021-08-17,12.062971,0.679636,0.455589,0.224046
2021-08-18,12.065708,0.671542,0.455239,0.216303
2021-08-19,12.068446,0.671761,0.454888,0.216874
2021-08-20,12.071184,0.749568,0.454535,0.295033
2021-08-21,12.073922,0.705838,0.454183,0.251655
2021-08-22,12.076660,0.703910,0.453829,0.250081
2021-08-23,12.079398,0.712182,0.453474,0.258708
2021-08-24,12.082136,0.702959,0.453119,0.249840
2021-08-25,12.084873,0.696982,0.452763,0.244219
2021-08-26,12.087611,0.688215,0.452406,0.235809
2021-08-27,12.090349,0.691437,0.452048,0.239389
2021-08-28,12.093087,0.700961,0.451690,0.249271
2021-08-29,12.095825,0.698354,0.451331,0.247023
2021-08-30,12.098563,0.692781,0.450971,0.241810
2021-08-31,12.101300,0.685231,0.450610,0.234621
2021-09-01,12.104038,0.688220,0.450248,0.237971
2021-09-02,12.106776,0.705216,0.449886,0.255330
2021-09-03,12.109514,0.706855,0.449523,0.257332
2021-09-04,12.112252,0.707653,0.449159,0.258494
2021-09-05,12.114990,0.709804,0.448794,0.261009
2021-09-06,12.117728,0.721339,0.448429,0.272911
2021-09-07,12.120465,0.705091,0.448063,0.257029
2021-09-08,12.123203,0.672142,0.447696,0.224447
2021-09-09,12.125941,0.655675,0.447328,0.208347
2021-09-10,12.128679,0.667828,0.446959,0.220869
2021-09-11,12.131417,0.662242,0.446590,0.215652
2021-09-12,12.134155,0.664077,0.446220,0.217857
2021-09-13,12.136893,0.656044,0.445849,0.210195
2021-09-14,12.139630,0.667311,0.445478,0.221833
2021-09-15,12.142368,0.680567,0.445105,0.235462
2021-09-16,12.145106,0.682581,0.444732,0.237848
2021-09-17,12.147844,0.679359,0.444359,0.235001
2021-09-18,12.150582,0.684844,0.443984,0.240859
2021-09-19,12.153320,0.679794,0.443609,0.236185
2021-09-20,12.156057,0.650420,0.443233,0.207187
2021-09-21,12.158795,0.614785,0.442856,0.171929
2021-09-22,12.161533,0.629485,0.442479,0.187006
2021-09-23,12.164271,0.644238,0.442101,0.202137
2021-09-24,12.167009,0.619227,0.441722,0.177505
2021-09-25,12.169747,0.628919,0.441342,0.187577
2021-09-26,12.172485,0.630267,0.440962,0.189305
2021-09-27,12.175222,0.636692,0.440581,0.196111
2021-09-28,12.177960,0.620442,0.440199,0.180242
2021-09-29,12.180698,0.618982,0.439817,0.179165
2021-09-30,12.183436,0.632968,0.439433,0.193535
2021-10-01,12.186174,0.659313,0.439050,0.220263
2021-10-02,12.188912,0.674764,0.438665,0.236099
2021-10-03,12.191650,0.675826,0.438280,0.237546
2021-10-04,12.194387,0.676686,0.437894,0.238792
2021-10-05,12.197125,0.692993,0.437507,0.255486
2021-10-06,12.199863,0.716326,0.437120,0.279207
2021-10-07,12.202601,0.727065,0.436731,0.290334
2021-10-08,12.205339,0.727413,0.436343,0.291070
2021-10-09,12.208077,0.729263,0.435953,0.293310
2021-10-10,12.210815,0.732152,0.435563,0.296589
2021-10-11,12.213552,0.743547,0.435172,0.308375
2021-10-12,12.216290,0.742488,0.434781,0.307708
2021-10-13,12.219028,0.737664,0.434388,0.303275
2021-10-14,12.221766,0.749213,0.433996,0.315217
2021-10-15,12.224504,0.765287,0.433602,0.331684
2021-10-16,12.227242,0.774558,0.433208,0.341350
2021-10-17,12.229979,0.771169,0.432813,0.338356
2021-10-18,12.232717,0.777402,0.432417,0.344985
2021-10-19,12.235455,0.783711,0.432021,0.351690
2021-10-20,12.238193,0.790616,0.431624,0.358991
2021-10-21,12.240931,0.792815,0.431227,0.361588
2021-10-22,12.243669,0.777887,0.430829,0.347058
2021-10-23,12.246407,0.769696,0.430430,0.339266
2021-10-24,12.249144,0.774791,0.430030,0.344761
2021-10-25,12.251882,0.785975,0.429630,0.356345
2021-10-26,12.254620,0.776839,0.429229,0.347609
2021-10-27,12.257358,0.756716,0.428828,0.327888
2021-10-28,12.260096,0.761486,0.428426,0.333060
2021-10-29,12.262834,0.752821,0.428023,0.324797
2021-10-30,12.265572,0.770074,0.427620,0.342454
2021-10-31,12.268309,0.765983,0.427216,0.338767
2021-11-01,12.271047,0.766565,0.426811,0.339754
2021-11-02,12.273785,0.775161,0.426406,0.348754
2021-11-03,12.276523,0.776447,0.426000,0.350447
2021-11-04,12.279261,0.769207,0.425594,0.343613
2021-11-05,12.281999,0.766869,0.425187,0.341682
2021-11-06,12.284736,0.762530,0.424779,0.337751
2021-11-07,12.287474,0.770034,0.424371,0.345663
2021-11-08,12.290212,0.793922,0.423962,0.369960
2021-11-09,12.292950,0.804635,0.423553,0.381082
2021-11-10,12.295688,0.799773,0.423143,0.376630
2021-11-11,12.298426,0.787217,0.422732,0.364485
2021-11-12,12.301164,0.781846,0.422321,0.359525
2021-11-13,12.303901,0.780537,0.421909,0.358628
2021-11-14,12.306639,0.783239,0.421496,0.361742
2021-11-15,12.309377,0.786554,0.421083,0.365471
2021-11-16,12.312115,0.773878,0.420670,0.353208
2021-11-17,12.314853,0.750703,0.420255,0.330448
2021-11-18,12.317591,0.743783,0.419841,0.323942
2021-11-19,12.320329,0.730189,0.419425,0.310764
2021-11-20,12.323066,0.740660,0.419009,0.321651
2021-11-21,12.325804,0.743441,0.418593,0.324848
2021-11-22,12.328542,0.729691,0.418176,0.311515
2021-11-23,12.331280,0.725796,0.417758,0.308038
2021-11-24,12.334018,0.723923,0.417340,0.306583
2021-11-25,12.336756,0.734646,0.416921,0.317725
2021-11-26,12.339493,0.714735,0.416502,0.298233
2021-11-27,12.342231,0.707125,0.416082,0.291043
2021-11-28,12.344969,0.706455,0.415661,0.290794
2021-11-29,12.347707,0.728193,0.415240,0.312953
2021-11-30,12.350445,0.725130,0.414819,0.310311
2021-12-01,12.353183,0.724628,0.414397,0.310231
2021-12-02,12.355921,0.719354,0.413974,0.305380
2021-12-03,12.358658,0.712691,0.413551,0.299140
2021-12-04,12.361396,0.662629,0.413127,0.249501
2021-12-05,12.364134,0.657678,0.412703,0.244974
2021-12-06,12.366872,0.660951,0.412279,0.248673
2021-12-07,12.369610,0.711428,0.411853,0.299575
2021-12-08,12.372348,0.665949,0.411428,0.254522
2021-12-09,12.375086,0.654409,0.411001,0.243408
2021-12-10,12.377823,0.647086,0.410575,0.236512
2021-12-11,12.380561,0.649026,0.410147,0.238879
2021-12-12,12.383299,0.658160,0.409719,0.248440
2021-12-13,12.386037,0.645371,0.409291,0.236080
2021-12-14,12.388775,0.635977,0.408862,0.227115
2021-12-15,12.391513,0.643920,0.408433,0.235487
2021-12-16,12.394251,0.644283,0.408003,0.236280
2021-12-17,12.396988,0.629669,0.407573,0.222097
2021-12-18,12.399726,0.624855,0.407142,0.217712
2021-12-19,12.402464,0.629715,0.406711,0.223005
2021-12-20,12.405202,0.622228,0.406279,0.215949
2021-12-21,12.407940,0.639937,0.405847,0.234091
2021-12-22,12.410678,0.644343,0.405414,0.238928
2021-12-23,12.413415,0.644831,0.404981,0.239850
2021-12-24,12.416153,0.661116,0.404547,0.256569
2021-12-25,12.418891,0.663412,0.404113,0.259298
2021-12-26,12.421629,0.652868,0.403679,0.249190
2021-12-27,12.424367,0.660289,0.403244,0.257046
2021-12-28,12.427105,0.640785,0.402808,0.237976
2021-12-29,12.429843,0.628717,0.402372,0.226345
2021-12-30,12.432580,0.623441,0.401936,0.221505
2021-12-31,12.435318,0.624729,0.401499,0.223231
2022-01-01,12.438056,0.622971,0.401062,0.221909
2022-01-02,12.440794,0.623484,0.400624,0.222860
2022-01-03,12.443532,0.619064,0.400186,0.218878
2022-01-04,12.446270,0.614897,0.399747,0.215150
2022-01-05,12.449008,0.609158,0.399308,0.209850
2022-01-06,12.451745,0.581701,0.398868,0.182833
2022-01-07,12.454483,0.569958,0.398429,0.171529
2022-01-08,12.457221,0.635448,0.397988,0.237460
2022-01-09,12.459959,0.568448,0.397548,0.170901
2022-01-10,12.462697,0.564792,0.397106,0.167686
2022-01-11,12.465435,0.587238,0.396665,0.190574
2022-01-12,12.468172,0.580234,0.396223,0.184012
2022-01-13,12.470910,0.581963,0.395780,0.186182
2022-01-14,12.473648,0.574727,0.395338,0.179389
2022-01-15,12.476386,0.578075,0.394894,0.183181
2022-01-16,12.479124,0.577144,0.394451,0.182693
2022-01-17,12.481862,0.636314,0.394007,0.242308
2022-01-18,12.484600,0.564360,0.393563,0.170798
2022-01-19,12.487337,0.563754,0.393118,0.170637
2022-01-20,12.490075,0.566348,0.392673,0.173675
2022-01-21,12.492813,0.527741,0.392227,0.135514
2022-01-22,12.495551,0.490993,0.391781,0.099211
2022-01-23,12.498289,0.489873,0.391335,0.098538
2022-01-24,12.501027,0.485404,0.390888,0.094515
2022-01-25,12.503765,0.501658,0.390441,0.111216
2022-01-26,12.506502,0.512928,0.389994,0.122934
2022-01-27,12.509240,0.498905,0.389546,0.109358
2022-01-28,12.511978,0.506744,0.389098,0.117646
2022-01-29,12.514716,0.515210,0.388650,0.126560
2022-01-30,12.517454,0.515832,0.388201,0.127631
2022-01-31,12.520192,0.510731,0.387752,0.122979
2022-02-01,12.522930,0.521619,0.387302,0.134317
2022-02-02,12.525667,0.515126,0.386853,0.128273
2022-02-03,12.528405,0.500574,0.386402,0.114172
2022-02-04,12.531143,0.521506,0.385952,0.135554
2022-02-05,12.533881,0.551432,0.385501,0.165930
2022-02-06,12.536619,0.551693,0.385050,0.166643
2022-02-07,12.539357,0.566631,0.384599,0.182032
2022-02-08,12.542094,0.573437,0.384147,0.189290
2022-02-09,12.544832,0.573650,0.383695,0.189955
2022-02-10,12.547570,0.576923,0.383242,0.193681
2022-02-11,12.550308,0.565111,0.382790,0.182321
2022-02-12,12.553046,0.556370,0.382337,0.174033
2022-02-13,12.555784,0.556157,0.381883,0.174274
2022-02-14,12.558522,0.554661,0.381430,0.173231
2022-02-15,12.561259,0.570826,0.380976,0.189850
2022-02-16,12.563997,0.571125,0.380522,0.190604
2022-02-17,12.566735,0.564876,0.380067,0.184809
2022-02-18,12.569473,0.533584,0.379613,0.153971
2022-02-19,12.572211,0.529727,0.379158,0.150570
2022-02-20,12.574949,0.514922,0.378702,0.136219
2022-02-21,12.577687,0.511478,0.378247,0.133231
2022-02-22,12.580424,0.499008,0.377791,0.121218
2022-02-23,12.583162,0.507523,0.377335,0.130188
2022-02-24,12.585900,0.482748,0.376878,0.105869
2022-02-25,12.588638,0.513636,0.376422,0.137214
2022-02-26,12.591376,0.517347,0.375965,0.141382
2022-02-27,12.594114,0.510989,0.375508,0.135481
2022-02-28,12.596851,0.518977,0.375050,0.143927
2022-03-01,12.599589,0.562522,0.374593,0.187929
2022-03-02,12.602327,0.566574,0.374135,0.192440
2022-03-03,12.605065,0.556816,0.373677,0.183139
2022-03-04,12.607803,0.535230,0.373218,0.162012
2022-03-05,12.610541,0.515239,0.372760,0.142479
2022-03-06,12.613279,0.513727,0.372301,0.141426
2022-03-07,12.616016,0.504553,0.371842,0.132711
2022-03-08,12.618754,0.513493,0.371383,0.142110
2022-03-09,12.621492,0.538364,0.370923,0.167441
2022-03-10,12.624230,0.589801,0.370464,0.219337
2022-03-11,12.626968,0.509999,0.370004,0.139995
2022-03-12,12.629706,0.510898,0.369544,0.141355
2022-03-13,12.632444,0.507916,0.369083,0.138832
2022-03-14,12.635181,0.505970,0.368623,0.137347
2022-03-15,12.637919,0.508570,0.368162,0.140407
2022-03-16,12.640657,0.521322,0.367701,0.153621
2022-03-17,12.643395,0.527677,0.367240,0.160437
2022-03-18,12.646133,0.527569,0.366779,0.160790
2022-03-19,12.648871,0.535985,0.366318,0.169667
2022-03-20,12.651608,0.532750,0.365856,0.166894
2022-03-21,12.654346,0.526877,0.365395,0.161482
2022-03-22,12.657084,0.540255,0.364933,0.175322
2022-03-23,12.659822,0.538173,0.364471,0.173703
2022-03-24,12.662560,0.548577,0.364008,0.184568
2022-03-25,12.665298,0.557359,0.363546,0.193813
2022-03-26,12.668036,0.557118,0.363083,0.194034
2022-03-27,12.670773,0.562998,0.362621,0.200377
2022-03-28,12.673511,0.584014,0.362158,0.221856
2022-03-29,12.676249,0.585161,0.361695,0.223466
2022-03-30,12.678987,0.581764,0.361232,0.220532
2022-03-31,12.681725,0.576193,0.360769,0.215424
2022-04-01,12.684463,0.565598,0.360305,0.205293
2022-04-02,12.687201,0.573974,0.359842,0.214132
2022-04-03,12.689938,0.572324,0.359378,0.212946
2022-04-04,12.692676,0.569171,0.358915,0.210257
2022-04-05,12.695414,0.571663,0.358451,0.213213
2022-04-06,12.698152,0.555324,0.357987,0.197337
2022-04-07,12.700890,0.544238,0.357523,0.186715
2022-04-08,12.703628,0.542487,0.357059,0.185429
2022-04-09,12.706366,0.533803,0.356594,0.177209
2022-04-10,12.709103,0.536395,0.356130,0.180265
2022-04-11,12.711841,0.519785,0.355665,0.164120
2022-04-12,12.714579,0.506493,0.355201,0.151292
2022-04-13,12.717317,0.511996,0.354736,0.157260
2022-04-14,12.720055,0.513577,0.354272,0.159306
2022-04-15,12.722793,0.508438,0.353807,0.154631
2022-04-16,12.725530,0.578932,0.353342,0.225590
2022-04-17,12.728268,0.508239,0.352877,0.155362
2022-04-18,12.731006,0.501332,0.352412,0.148920
2022-04-19,12.733744,0.515746,0.351947,0.163799
2022-04-20,12.736482,0.519423,0.351482,0.167941
2022-04-21,12.739220,0.521198,0.351017,0.170181
2022-04-22,12.741958,0.504382,0.350552,0.153830
2022-04-23,12.744695,0.499481,0.350087,0.149394
2022-04-24,12.747433,0.498784,0.349621,0.149163
2022-04-25,12.750171,0.494187,0.349156,0.145031
2022-04-26,12.752909,0.497850,0.348691,0.149159
2022-04-27,12.755647,0.488685,0.348225,0.140459
2022-04-28,12.758385,0.495891,0.347760,0.148132
2022-04-29,12.761123,0.488347,0.347294,0.141053
2022-04-30,12.763860,0.481623,0.346829,0.134794
2022-05-01,12.766598,0.475959,0.346364,0.129595
2022-05-02,12.769336,0.567310,0.345898,0.221412
2022-05-03,12.772074,0.563666,0.345433,0.218234
2022-05-04,12.774812,0.483252,0.344967,0.138284
2022-05-05,12.777550,0.477822,0.344502,0.133321
2022-05-06,12.780287,0.452170,0.344036,0.108134
2022-05-07,12.783025,0.450669,0.343571,0.107098
2022-05-08,12.785763,0.435094,0.343105,0.091988
2022-05-09,12.788501,0.410422,0.342640,0.067782
2022-05-10,12.791239,0.392487,0.342175,0.050312
2022-05-11,12.793977,0.381392,0.341709,0.039683
2022-05-12,12.796715,0.350692,0.341244,0.009448
2022-05-13,12.799452,0.373854,0.340779,0.033075
2022-05-14,12.802190,0.360455,0.340313,0.020141
2022-05-15,12.804928,0.371632,0.339848,0.031784
2022-05-16,12.807666,0.366846,0.339383,0.027463
2022-05-17,12.810404,0.370858,0.338918,0.031940
2022-05-18,12.813142,0.360563,0.338453,0.022110
2022-05-19,12.815880,0.359786,0.337988,0.021798
2022-05-20,12.818617,0.362407,0.337523,0.024883
2022-05-21,12.821355,0.355121,0.337058,0.018063
2022-05-22,12.824093,0.361284,0.336593,0.024690
2022-05-23,12.826831,0.364968,0.336129,0.028839
2022-05-24,12.829569,0.353197,0.335664,0.017533
2022-05-25,12.832307,0.358995,0.335199,0.023796
2022-05-26,12.835044,0.353736,0.334735,0.019001
2022-05-27,12.837782,0.344732,0.334271,0.010461
2022-05-28,12.840520,0.343351,0.333806,0.009545
2022-05-29,12.843258,0.346017,0.333342,0.012674
2022-05-30,12.845996,0.366497,0.332878,0.033619
2022-05-31,12.848734,0.380175,0.332414,0.047761
2022-06-01,12.851472,0.370558,0.331950,0.038608
2022-06-02,12.854209,0.356362,0.331487,0.024875
2022-06-03,12.856947,0.355360,0.331023,0.024337
2022-06-04,12.859685,0.351180,0.330559,0.020620
2022-06-05,12.862423,0.352543,0.330096,0.022447
2022-06-06,12.865161,0.371839,0.329633,0.042206
2022-06-07,12.867899,0.353853,0.329170,0.024683
2022-06-08,12.870637,0.359994,0.328707,0.031288
2022-06-09,12.873374,0.356672,0.328244,0.028428
2022-06-10,12.876112,0.347656,0.327781,0.019875
2022-06-11,12.878850,0.336258,0.327319,0.008939
2022-06-12,12.881588,0.317215,0.326857,-0.009642
2022-06-13,12.884326,0.259954,0.326394,-0.066441
2022-06-14,12.887064,0.221437,0.325932,-0.104495
2022-06-15,12.889802,0.205103,0.325470,-0.120368
2022-06-16,12.892539,0.205832,0.325009,-0.119177
2022-06-17,12.895277,0.190547,0.324547,-0.134000
2022-06-18,12.898015,0.160207,0.324086,-0.163879
2022-06-19,12.900753,0.159678,0.323625,-0.163947
2022-06-20,12.903491,0.181313,0.323164,-0.141851
2022-06-21,12.906229,0.195708,0.322703,-0.126995
2022-06-22,12.908966,0.180267,0.322243,-0.141976
2022-06-23,12.911704,0.184909,0.321782,-0.136873
2022-06-24,12.914442,0.195899,0.321322,-0.125423
2022-06-25,12.917180,0.198780,0.320862,-0.122082
2022-06-26,12.919918,0.200417,0.320403,-0.119985
2022-06-27,12.922656,0.193220,0.319943,-0.126723
2022-06-28,12.925394,0.185644,0.319484,-0.133840
2022-06-29,12.928131,0.173275,0.319025,-0.145750
2022-06-30,12.930869,0.156331,0.318566,-0.162235
2022-07-01,12.933607,0.160377,0.318107,-0.157730
2022-07-02,12.936345,0.152409,0.317649,-0.165240
2022-07-03,12.939083,0.149883,0.317191,-0.167308
2022-07-04,12.941821,0.157595,0.316733,-0.159138
2022-07-05,12.944559,0.167546,0.316276,-0.148730
2022-07-06,12.947296,0.171171,0.315818,-0.144647
2022-07-07,12.950034,0.183549,0.315361,-0.131812
2022-07-08,12.952772,0.202829,0.314904,-0.112076
2022-07-09,12.955510,0.199405,0.314448,-0.115043
2022-07-10,12.958248,0.189325,0.313992,-0.124667
2022-07-11,12.960986,0.175201,0.313536,-0.138334
2022-07-12,12.963723,0.159308,0.313080,-0.153772
2022-07-13,12.966461,0.155354,0.312625,-0.157271
2022-07-14,12.969199,0.167258,0.312170,-0.144912
2022-07-15,12.971937,0.179589,0.311715,-0.132126
2022-07-16,12.974675,0.180523,0.311260,-0.130737
2022-07-17,12.977413,0.186657,0.310806,-0.124149
2022-07-18,12.980151,0.198332,0.310352,-0.112020
2022-07-19,12.982888,0.211077,0.309899,-0.098822
2022-07-20,12.985626,0.230166,0.309445,-0.079279
2022-07-21,12.988364,0.218012,0.308992,-0.090981
2022-07-22,12.991102,0.221489,0.308540,-0.087051
2022-07-23,12.993840,0.209279,0.308088,-0.098809
2022-07-24,12.996578,0.212036,0.307636,-0.095600
2022-07-25,12.999316,0.198314,0.307184,-0.108871
2022-07-26,13.002053,0.179702,0.306733,-0.127031
2022-07-27,13.004791,0.191931,0.306282,-0.114351
2022-07-28,13.007529,0.222442,0.305831,-0.083390
2022-07-29,13.010267,0.231246,0.305381,-0.074135
2022-07-30,13.013005,0.233216,0.304931,-0.071716
2022-07-31,13.015743,0.227487,0.304482,-0.076995
2022-08-01,13.018480,0.217686,0.304033,-0.086347
2022-08-02,13.021218,0.212077,0.303584,-0.091507
2022-08-03,13.023956,0.215785,0.303136,-0.087351
2022-08-04,13.026694,0.209404,0.302688,-0.093284
2022-08-05,13.029432,0.213403,0.302240,-0.088837
2022-08-06,13.032170,0.214767,0.301793,-0.087026
2022-08-07,13.034908,0.211983,0.301346,-0.089363
2022-08-08,13.037645,0.224640,0.300900,-0.076260
2022-08-09,13.040383,0.217762,0.300454,-0.082692
2022-08-10,13.043121,0.217639,0.300008,-0.082369
2022-08-11,13.045859,0.233817,0.299563,-0.065746
2022-08-12,13.048597,0.226250,0.299118,-0.072868
2022-08-13,13.051335,0.235439,0.298674,-0.063235
2022-08-14,13.054073,0.234548,0.298230,-0.063682
2022-08-15,13.056810,0.229974,0.297787,-0.067812
2022-08-16,13.059548,0.224649,0.297344,-0.072695
2022-08-17,13.062286,0.219656,0.296901,-0.077245
2022-08-18,13.065024,0.214342,0.296459,-0.082117
2022-08-19,13.067762,0.183705,0.296017,-0.112312
2022-08-20,13.070500,0.170744,0.295576,-0.124831
2022-08-21,13.073238,0.174345,0.295135,-0.120790
2022-08-22,13.075975,0.171708,0.294695,-0.122987
2022-08-23,13.078713,0.173862,0.294255,-0.120393
2022-08-24,13.081451,0.174961,0.293815,-0.118854
2022-08-25,13.084189,0.177105,0.293376,-0.116271
2022-08-26,13.086927,0.167848,0.292938,-0.125090
2022-08-27,13.089665,0.145570,0.292500,-0.146930
2022-08-28,13.092402,0.142334,0.292063,-0.149729
2022-08-29,13.095140,0.141730,0.291626,-0.149895
2022-08-30,13.097878,0.144708,0.291189,-0.146481
2022-08-31,13.100616,0.145584,0.290753,-0.145169
2022-09-01,13.103354,0.139963,0.290318,-0.150354
2022-09-02,13.106092,0.142035,0.289883,-0.147848
2022-09-03,13.108830,0.136163,0.289448,-0.153285
2022-09-04,13.111567,0.134873,0.289014,-0.154141
2022-09-05,13.114305,0.134201,0.288581,-0.154380
2022-09-06,13.117043,0.129375,0.288148,-0.158773
2022-09-07,13.119781,0.113566,0.287716,-0.174149
2022-09-08,13.122519,0.120976,0.287284,-0.166307
2022-09-09,13.125257,0.152484,0.286852,-0.134368
2022-09-10,13.127995,0.164913,0.286422,-0.121509
2022-09-11,13.130732,0.168392,0.285991,-0.117600
2022-09-12,13.133470,0.178238,0.285562,-0.107324
2022-09-13,13.136208,0.165565,0.285133,-0.119568
2022-09-14,13.138946,0.138933,0.284704,-0.145771
2022-09-15,13.141684,0.133565,0.284276,-0.150711
2022-09-16,13.144422,0.127192,0.283849,-0.156656
2022-09-17,13.147159,0.132061,0.283422,-0.151361
2022-09-18,13.149897,0.129456,0.282996,-0.153540
2022-09-19,13.152635,0.110379,0.282570,-0.172191
2022-09-20,13.155373,0.113483,0.282145,-0.168662
2022-09-21,13.158111,0.109372,0.281721,-0.172349
2022-09-22,13.160849,0.108707,0.281297,-0.172590
2022-09-23,13.163587,0.109424,0.280873,-0.171449
2022-09-24,13.166324,0.109338,0.280451,-0.171113
2022-09-25,13.169062,0.106726,0.280029,-0.173303
2022-09-26,13.171800,0.107730,0.279607,-0.171877
2022-09-27,13.174538,0.123300,0.279186,-0.155887
2022-09-28,13.177276,0.109337,0.278766,-0.169429
2022-09-29,13.180014,0.114798,0.278347,-0.163548
2022-09-30,13.182752,0.117248,0.277928,-0.160680
2022-10-01,13.185489,0.112617,0.277509,-0.164893
2022-10-02,13.188227,0.110102,0.277092,-0.166990
2022-10-03,13.190965,0.111724,0.276675,-0.164951
2022-10-04,13.193703,0.125193,0.276258,-0.151065
2022-10-05,13.196441,0.128631,0.275843,-0.147212
2022-10-06,13.199179,0.128939,0.275428,-0.146488
2022-10-07,13.201916,0.120852,0.275013,-0.154161
2022-10-08,13.204654,0.115298,0.274600,-0.159302
2022-10-09,13.207392,0.114452,0.274187,-0.159734
2022-10-10,13.210130,0.111963,0.273774,-0.161811
2022-10-11,13.212868,0.106698,0.273363,-0.166664
2022-10-12,13.215606,0.107382,0.272952,-0.165570
2022-10-13,13.218344,0.104243,0.272541,-0.168299
2022-10-14,13.221081,0.109885,0.272132,-0.162246
2022-10-15,13.223819,0.101009,0.271723,-0.170714
2022-10-16,13.226557,0.101113,0.271315,-0.170202
2022-10-17,13.229295,0.105862,0.270907,-0.165045
2022-10-18,13.232033,0.107073,0.270500,-0.163427
2022-10-19,13.234771,0.100515,0.270094,-0.169579
2022-10-20,13.237509,0.096444,0.269689,-0.173245
2022-10-21,13.240246,0.092456,0.269284,-0.176829
2022-10-22,13.242984,0.094111,0.268880,-0.174769
2022-10-23,13.245722,0.095798,0.268477,-0.172679
2022-10-24,13.248460,0.097692,0.268075,-0.170383
2022-10-25,13.251198,0.101801,0.267673,-0.165872
2022-10-26,13.253936,0.121553,0.267272,-0.145719
2022-10-27,13.256674,0.122475,0.266872,-0.144397
2022-10-28,13.259411,0.116993,0.266473,-0.149480
2022-10-29,13.262149,0.124706,0.266074,-0.141367
2022-10-30,13.264887,0.122903,0.265676,-0.142773
2022-10-31,13.267625,0.117990,0.265279,-0.147289
2022-11-01,13.270363,0.117019,0.264883,-0.147863
2022-11-02,13.273101,0.114439,0.264487,-0.150048
2022-11-03,13.275838,0.111040,0.264092,-0.153052
2022-11-04,13.278576,0.120207,0.263698,-0.143491
2022-11-05,13.281314,0.132601,0.263305,-0.130704
2022-11-06,13.284052,0.129471,0.262913,-0.133441
2022-11-07,13.286790,0.119805,0.262521,-0.142716
2022-11-08,13.289528,0.093281,0.262130,-0.168850
2022-11-09,13.292266,0.046161,0.261740,-0.215579
2022-11-10,13.295003,0.033322,0.261351,-0.228029
2022-11-11,13.297741,0.036335,0.260963,-0.224627
2022-11-12,13.300479,0.030030,0.260575,-0.230545
2022-11-13,13.303217,0.025094,0.260188,-0.235094
2022-11-14,13.305955,0.020308,0.259803,-0.239495
2022-11-15,13.308693,0.030003,0.259418,-0.229415
2022-11-16,13.311431,0.026080,0.259033,-0.232954
2022-11-17,13.314168,0.023382,0.258650,-0.235268
2022-11-18,13.316906,0.026231,0.258267,-0.232037
2022-11-19,13.319644,0.023334,0.257886,-0.234552
2022-11-20,13.322382,0.021227,0.257505,-0.236278
2022-11-21,13.325120,0.006274,0.257125,-0.250851
2022-11-22,13.327858,0.003962,0.256746,-0.252784
2022-11-23,13.330595,0.017763,0.256368,-0.238605
2022-11-24,13.333333,0.020587,0.255991,-0.235404
2022-11-25,13.336071,0.017285,0.255614,-0.238329
2022-11-26,13.338809,0.018430,0.255239,-0.236808
2022-11-27,13.341547,0.017572,0.254864,-0.237292
2022-11-28,13.344285,0.008579,0.254490,-0.245911
2022-11-29,13.347023,0.013554,0.254117,-0.240563
2022-11-30,13.349760,0.026090,0.253745,-0.227655
2022-12-01,13.352498,0.029351,0.253374,-0.224023
2022-12-02,13.355236,0.026565,0.253004,-0.226439
2022-12-03,13.357974,0.026463,0.252635,-0.226172
2022-12-04,13.360712,0.027155,0.252267,-0.225112
2022-12-05,13.363450,0.030726,0.251899,-0.221173
2022-12-06,13.366188,0.025938,0.251533,-0.225595
2022-12-07,13.368925,0.023554,0.251167,-0.227613
2022-12-08,13.371663,0.024470,0.250803,-0.226333
2022-12-09,13.374401,0.029456,0.250439,-0.220983
2022-12-10,13.377139,0.028415,0.250077,-0.221661
2022-12-11,13.379877,0.027867,0.249715,-0.221847
2022-12-12,13.382615,0.024157,0.249354,-0.225197
2022-12-13,13.385352,0.034748,0.248994,-0.214246
2022-12-14,13.388090,0.043643,0.248635,-0.204992
2022-12-15,13.390828,0.036359,0.248277,-0.211919
2022-12-16,13.393566,0.024741,0.247921,-0.223179
2022-12-17,13.396304,0.015402,0.247565,-0.232163
2022-12-18,13.399042,0.015756,0.247210,-0.231453
2022-12-19,13.401780,0.014067,0.246856,-0.232789
2022-12-20,13.404517,0.016224,0.246503,-0.230278
2022-12-21,13.407255,0.016733,0.246151,-0.229418
2022-12-22,13.409993,0.014347,0.245800,-0.231453
2022-12-23,13.412731,0.013946,0.245450,-0.231504
2022-12-24,13.415469,0.013533,0.245101,-0.231568
2022-12-25,13.418207,0.012755,0.244753,-0.231998
2022-12-26,13.420945,0.013479,0.244406,-0.230927
2022-12-27,13.423682,0.012643,0.244060,-0.231417
2022-12-28,13.426420,0.008428,0.243715,-0.235287
2022-12-29,13.429158,0.007030,0.243371,-0.236341
2022-12-30,13.431896,0.005926,0.243029,-0.237103
2022-12-31,13.434634,0.005702,0.242687,-0.236985
2023-01-01,13.437372,0.005085,0.242346,-0.237261
2023-01-02,13.440110,0.007128,0.242006,-0.234878
2023-01-03,13.442847,0.006651,0.241668,-0.235017
2023-01-04,13.445585,0.009174,0.241330,-0.232156
2023-01-05,13.448323,0.008728,0.240994,-0.232265
2023-01-06,13.451061,0.008447,0.240658,-0.232211
2023-01-07,13.453799,0.010430,0.240324,-0.229894
2023-01-08,13.456537,0.010376,0.239990,-0.229615
2023-01-09,13.459274,0.017006,0.239658,-0.222652
2023-01-10,13.462012,0.020923,0.239327,-0.218404
2023-01-11,13.464750,0.024366,0.238997,-0.214631
2023-01-12,13.467488,0.045019,0.238668,-0.193649
2023-01-13,13.470226,0.057409,0.238340,-0.180931
2023-01-14,13.472964,0.092389,0.238013,-0.145624
2023-01-15,13.475702,0.091331,0.237687,-0.146356
2023-01-16,13.478439,0.097926,0.237363,-0.139437
2023-01-17,13.481177,0.104939,0.237039,-0.132101
2023-01-18,13.483915,0.098856,0.236717,-0.137861
2023-01-19,13.486653,0.094437,0.236396,-0.141959
2023-01-20,13.489391,0.105302,0.236076,-0.130774
2023-01-21,13.492129,0.132266,0.235757,-0.103491
2023-01-22,13.494867,0.129726,0.235439,-0.105713
2023-01-23,13.497604,0.129788,0.235122,-0.105334
2023-01-24,13.500342,0.131811,0.234807,-0.102995
2023-01-25,13.503080,0.127930,0.234492,-0.106562
2023-01-26,13.505818,0.133606,0.234179,-0.100573
2023-01-27,13.508556,0.132448,0.233867,-0.101419
2023-01-28,13.511294,0.132437,0.233556,-0.101119
2023-01-29,13.514031,0.139469,0.233246,-0.093777
2023-01-30,13.516769,0.137502,0.232937,-0.095436
2023-01-31,13.519507,0.131731,0.232630,-0.100899
2023-02-01,13.522245,0.134869,0.232324,-0.097454
2023-02-02,13.524983,0.144742,0.232019,-0.087276
2023-02-03,13.527721,0.138819,0.231715,-0.092896
2023-02-04,13.530459,0.136174,0.231412,-0.095238
2023-02-05,13.533196,0.132728,0.231110,-0.098382
2023-02-06,13.535934,0.127501,0.230810,-0.103309
2023-02-07,13.538672,0.128535,0.230511,-0.101976
2023-02-08,13.541410,0.130234,0.230213,-0.099979
2023-02-09,13.544148,0.120793,0.229916,-0.109123
2023-02-10,13.546886,0.105018,0.229621,-0.124602
2023-02-11,13.549624,0.103295,0.229326,-0.126032
2023-02-12,13.552361,0.106927,0.229033,-0.122106
2023-02-13,13.555099,0.103212,0.228741,-0.125529
2023-02-14,13.557837,0.106499,0.228451,-0.121952
2023-02-15,13.560575,0.120580,0.228161,-0.107582
2023-02-16,13.563313,0.155021,0.227873,-0.072852
2023-02-17,13.566051,0.145657,0.227586,-0.081929
2023-02-18,13.568789,0.154872,0.227301,-0.072429
2023-02-19,13.571526,0.154754,0.227016,-0.072262
2023-02-20,13.574264,0.154525,0.226733,-0.072208
2023-02-21,13.577002,0.154694,0.226451,-0.071758
2023-02-22,13.579740,0.143723,0.226171,-0.082448
2023-02-23,13.582478,0.145138,0.225891,-0.080753
2023-02-24,13.585216,0.136619,0.225613,-0.088994
2023-02-25,13.587953,0.126081,0.225336,-0.099255
2023-02-26,13.590691,0.129157,0.225061,-0.095903
2023-02-27,13.593429,0.131633,0.224786,-0.093154
2023-02-28,13.596167,0.130144,0.224513,-0.094369
2023-03-01,13.598905,0.133306,0.224242,-0.090936
2023-03-02,13.601643,0.130312,0.223971,-0.093660
2023-03-03,13.604381,0.112057,0.223702,-0.111645
2023-03-04,13.607118,0.109932,0.223434,-0.113502
2023-03-05,13.609856,0.111594,0.223168,-0.111574
2023-03-06,13.612594,0.111117,0.222903,-0.111786
2023-03-07,13.615332,0.108719,0.222639,-0.113920
2023-03-08,13.618070,0.102754,0.222376,-0.119623
2023-03-09,13.620808,0.090339,0.222115,-0.131776
2023-03-10,13.623546,0.061185,0.221855,-0.160670
2023-03-11,13.626283,0.069951,0.221597,-0.151645
2023-03-12,13.629021,0.078535,0.221340,-0.142804
2023-03-13,13.631759,0.119173,0.221084,-0.101910
2023-03-14,13.634497,0.149159,0.220829,-0.071670
2023-03-15,13.637235,0.147215,0.220576,-0.073361
2023-03-16,13.639973,0.147583,0.220324,-0.072741
2023-03-17,13.642710,0.171168,0.220074,-0.048906
2023-03-18,13.645448,0.187572,0.219825,-0.032252
2023-03-19,13.648186,0.189469,0.219577,-0.030107
2023-03-20,13.650924,0.195512,0.219330,-0.023818
2023-03-21,13.653662,0.196118,0.219085,-0.022967
2023-03-22,13.656400,0.196772,0.218842,-0.022070
2023-03-23,13.659138,0.192235,0.218599,-0.026365
2023-03-24,13.661875,0.194814,0.218359,-0.023544
2023-03-25,13.664613,0.187812,0.218119,-0.030307
2023-03-26,13.667351,0.190615,0.217881,-0.027266
2023-03-27,13.670089,0.187483,0.217644,-0.030161
2023-03-28,13.672827,0.179906,0.217409,-0.037503
2023-03-29,13.675565,0.194872,0.217175,-0.022303
2023-03-30,13.678303,0.198408,0.216943,-0.018534
2023-03-31,13.681040,0.195962,0.216711,-0.020749
2023-04-01,13.683778,0.198782,0.216482,-0.017700
2023-04-02,13.686516,0.195845,0.216253,-0.020409
2023-04-03,13.689254,0.191094,0.216027,-0.024932
2023-04-04,13.691992,0.191424,0.215801,-0.024377
2023-04-05,13.694730,0.194878,0.215577,-0.020699
2023-04-06,13.697467,0.190185,0.215355,-0.025170
2023-04-07,13.700205,0.189167,0.215134,-0.025966
2023-04-08,13.702943,0.189440,0.214914,-0.025474
2023-04-09,13.705681,0.189670,0.214696,-0.025026
2023-04-10,13.708419,0.196892,0.214479,-0.017587
2023-04-11,13.711157,0.218060,0.214264,0.003797
2023-04-12,13.713895,0.216465,0.214050,0.002415
2023-04-13,13.716632,0.218541,0.213837,0.004704
2023-04-14,13.719370,0.224438,0.213626,0.010812
2023-04-15,13.722108,0.222472,0.213417,0.009055
2023-04-16,13.724846,0.220923,0.213209,0.007715
2023-04-17,13.727584,0.208722,0.213002,-0.004280
2023-04-18,13.730322,0.208533,0.212797,-0.004264
2023-04-19,13.733060,0.201256,0.212594,-0.011338
2023-04-20,13.735797,0.186531,0.212391,-0.025860
2023-04-21,13.738535,0.175012,0.212191,-0.037178
2023-04-22,13.741273,0.166510,0.211992,-0.045481
2023-04-23,13.744011,0.169149,0.211794,-0.042645
2023-04-24,13.746749,0.166649,0.211598,-0.044949
2023-04-25,13.749487,0.166137,0.211403,-0.045266
2023-04-26,13.752225,0.185943,0.211210,-0.025267
2023-04-27,13.754962,0.190666,0.211019,-0.020353
2023-04-28,13.757700,0.192717,0.210829,-0.018111
2023-04-29,13.760438,0.192052,0.210640,-0.018588
2023-04-30,13.763176,0.192065,0.210453,-0.018388
2023-05-01,13.765914,0.178257,0.210267,-0.032010
2023-05-02,13.768652,0.175973,0.210083,-0.034111
2023-05-03,13.771389,0.179998,0.209901,-0.029903
2023-05-04,13.774127,0.185308,0.209720,-0.024412
2023-05-05,13.776865,0.189204,0.209541,-0.020336
2023-05-06,13.779603,0.186887,0.209363,-0.022475
2023-05-07,13.782341,0.183548,0.209187,-0.025639
2023-05-08,13.785079,0.168199,0.209012,-0.040812
2023-05-09,13.787817,0.161532,0.208839,-0.047306
2023-05-10,13.790554,0.162869,0.208667,-0.045798
2023-05-11,13.793292,0.155610,0.208497,-0.052887
2023-05-12,13.796030,0.142699,0.208328,-0.065630
2023-05-13,13.798768,0.147323,0.208161,-0.060839
2023-05-14,13.801506,0.147494,0.207996,-0.060502
2023-05-15,13.804244,0.154904,0.207832,-0.052928
2023-05-16,13.806982,0.150594,0.207670,-0.057076
2023-05-17,13.809719,0.148762,0.207509,-0.058747
2023-05-18,13.812457,0.150755,0.207350,-0.056595
2023-05-19,13.815195,0.146286,0.207193,-0.060907
2023-05-20,13.817933,0.146873,0.207037,-0.060164
2023-05-21,13.820671,0.147212,0.206883,-0.059671
2023-05-22,13.823409,0.144619,0.206730,-0.062111
2023-05-23,13.826146,0.150314,0.206579,-0.056265
2023-05-24,13.828884,0.140325,0.206430,-0.066104
2023-05-25,13.831622,0.135099,0.206282,-0.071182
2023-05-26,13.834360,0.139124,0.206135,-0.067011
2023-05-27,13.837098,0.141211,0.205991,-0.064780
2023-05-28,13.839836,0.149947,0.205848,-0.055900
2023-05-29,13.842574,0.157658,0.205706,-0.048048
2023-05-30,13.845311,0.155895,0.205567,-0.049671
2023-05-31,13.848049,0.146583,0.205428,-0.058845
2023-06-01,13.850787,0.141253,0.205292,-0.064039
2023-06-02,13.853525,0.142971,0.205157,-0.062186
2023-06-03,13.856263,0.144010,0.205024,-0.061014
2023-06-04,13.859001,0.143994,0.204892,-0.060899
2023-06-05,13.861739,0.132639,0.204762,-0.072123
2023-06-06,13.864476,0.126795,0.204634,-0.077839
2023-06-07,13.867214,0.135773,0.204507,-0.068734
2023-06-08,13.869952,0.132282,0.204382,-0.072101
2023-06-09,13.872690,0.132508,0.204259,-0.071751
2023-06-10,13.875428,0.121702,0.204137,-0.082435
2023-06-11,13.878166,0.121668,0.204017,-0.082350
2023-06-12,13.880903,0.121668,0.203899,-0.082231
2023-06-13,13.883641,0.122656,0.203782,-0.081126
2023-06-14,13.886379,0.119620,0.203667,-0.084047
2023-06-15,13.889117,0.107445,0.203554,-0.096109
2023-06-16,13.891855,0.117502,0.203442,-0.085940
2023-06-17,13.894593,0.128898,0.203332,-0.074434
2023-06-18,13.897331,0.130560,0.203224,-0.072664
2023-06-19,13.900068,0.129387,0.203117,-0.073731
2023-06-20,13.902806,0.139244,0.203012,-0.063768
2023-06-21,13.905544,0.170211,0.202909,-0.032699
2023-06-22,13.908282,0.180878,0.202808,-0.021930
2023-06-23,13.911020,0.183978,0.202708,-0.018730
2023-06-24,13.913758,0.187254,0.202610,-0.015355
2023-06-25,13.916496,0.186452,0.202513,-0.016062
2023-06-26,13.919233,0.181782,0.202419,-0.020636
2023-06-27,13.921971,0.184892,0.202326,-0.017433
2023-06-28,13.924709,0.181928,0.202234,-0.020307
2023-06-29,13.927447,0.182552,0.202145,-0.019592
2023-06-30,13.930185,0.183842,0.202057,-0.018215
2023-07-01,13.932923,0.182250,0.201971,-0.019720
2023-07-02,13.935661,0.182222,0.201886,-0.019664
2023-07-03,13.938398,0.185403,0.201804,-0.016401
2023-07-04,13.941136,0.187224,0.201723,-0.014499
2023-07-05,13.943874,0.181716,0.201644,-0.019928
2023-07-06,13.946612,0.180314,0.201566,-0.021253
2023-07-07,13.949350,0.175561,0.201490,-0.025930
2023-07-08,13.952088,0.175408,0.201416,-0.026009
2023-07-09,13.954825,0.175686,0.201344,-0.025658
2023-07-10,13.957563,0.175006,0.201274,-0.026268
2023-07-11,13.960301,0.177790,0.201205,-0.023415
2023-07-12,13.963039,0.178397,0.201138,-0.022741
2023-07-13,13.965777,0.179680,0.201073,-0.021392
2023-07-14,13.968515,0.182527,0.201009,-0.018482
2023-07-15,13.971253,0.173248,0.200948,-0.027699
2023-07-16,13.973990,0.172602,0.200888,-0.028286
2023-07-17,13.976728,0.170758,0.200830,-0.030072
2023-07-18,13.979466,0.167113,0.200773,-0.033660
2023-07-19,13.982204,0.167150,0.200719,-0.033569
2023-07-20,13.984942,0.166776,0.200666,-0.033890
2023-07-21,13.987680,0.164675,0.200615,-0.035940
2023-07-22,13.990418,0.164950,0.200565,-0.035615
2023-07-23,13.993155,0.165415,0.200518,-0.035103
2023-07-24,13.995893,0.157666,0.200472,-0.042806
2023-07-25,13.998631,0.154090,0.200428,-0.046339
2023-07-26,14.001369,0.154795,0.200386,-0.045591
2023-07-27,14.004107,0.155232,0.200346,-0.045113
2023-07-28,14.006845,0.153350,0.200307,-0.046957
2023-07-29,14.009582,0.153783,0.200270,-0.046488
2023-07-30,14.012320,0.152878,0.200235,-0.047357
2023-07-31,14.015058,0.153114,0.200202,-0.047088
2023-08-01,14.017796,0.148737,0.200171,-0.051434
2023-08-02,14.020534,0.153966,0.200141,-0.046175
2023-08-03,14.023272,0.150407,0.200114,-0.049707
2023-08-04,14.026010,0.149876,0.200088,-0.050212
2023-08-05,14.028747,0.147959,0.200064,-0.052104
2023-08-06,14.031485,0.147565,0.200041,-0.052477
2023-08-07,14.034223,0.147394,0.200021,-0.052627
2023-08-08,14.036961,0.152410,0.200002,-0.047592
2023-08-09,14.039699,0.155255,0.199985,-0.044731
2023-08-10,14.042437,0.152078,0.199970,-0.047893
2023-08-11,14.045175,0.150326,0.199957,-0.049631
2023-08-12,14.047912,0.150003,0.199946,-0.049943
2023-08-13,14.050650,0.149457,0.199936,-0.050480
2023-08-14,14.053388,0.149018,0.199929,-0.050911
2023-08-15,14.056126,0.148275,0.199923,-0.051648
2023-08-16,14.058864,0.145009,0.199919,-0.054910
2023-08-17,14.061602,0.131149,0.199917,-0.068767
2023-08-18,14.064339,0.102593,0.199916,-0.097324
2023-08-19,14.067077,0.097501,0.199918,-0.102417
2023-08-20,14.069815,0.098345,0.199921,-0.101576
2023-08-21,14.072553,0.096869,0.199927,-0.103058
2023-08-22,14.075291,0.094901,0.199934,-0.105033
2023-08-23,14.078029,0.097945,0.199943,-0.101997
2023-08-24,14.080767,0.098718,0.199953,-0.101236
2023-08-25,14.083504,0.094500,0.199966,-0.105466
2023-08-26,14.086242,0.093890,0.199981,-0.106090
2023-08-27,14.088980,0.093893,0.199997,-0.106104
2023-08-28,14.091718,0.092993,0.200015,-0.107022
2023-08-29,14.094456,0.103075,0.200035,-0.096960
2023-08-30,14.097194,0.112176,0.200057,-0.087881
2023-08-31,14.099932,0.104513,0.200081,-0.095568
2023-09-01,14.102669,0.089641,0.200107,-0.110466
2023-09-02,14.105407,0.087727,0.200134,-0.112408
2023-09-03,14.108145,0.088379,0.200164,-0.111785
2023-09-04,14.110883,0.087651,0.200195,-0.112545
2023-09-05,14.113621,0.084705,0.200228,-0.115524
2023-09-06,14.116359,0.083834,0.200264,-0.116429
2023-09-07,14.119097,0.084896,0.200301,-0.115404
2023-09-08,14.121834,0.087396,0.200339,-0.112944
2023-09-09,14.124572,0.084429,0.200380,-0.115952
2023-09-10,14.127310,0.083515,0.200423,-0.116907
2023-09-11,14.130048,0.078163,0.200467,-0.122304
2023-09-12,14.132786,0.083810,0.200514,-0.116704
2023-09-13,14.135524,0.086689,0.200562,-0.113873
2023-09-14,14.138261,0.091431,0.200612,-0.109181
2023-09-15,14.140999,0.091986,0.200664,-0.108679
2023-09-16,14.143737,0.092591,0.200718,-0.108128
2023-09-17,14.146475,0.091606,0.200774,-0.109169
2023-09-18,14.149213,0.096322,0.200832,-0.104510
2023-09-19,14.151951,0.098927,0.200892,-0.101965
2023-09-20,14.154689,0.099623,0.200953,-0.101330
2023-09-21,14.157426,0.093896,0.201017,-0.107121
2023-09-22,14.160164,0.090829,0.201082,-0.110254
2023-09-23,14.162902,0.089814,0.201150,-0.111336
2023-09-24,14.165640,0.089162,0.201219,-0.112057
2023-09-25,14.168378,0.082771,0.201290,-0.118519
2023-09-26,14.171116,0.082825,0.201363,-0.118538
2023-09-27,14.173854,0.083546,0.201438,-0.117892
2023-09-28,14.176591,0.089129,0.201515,-0.112386
2023-09-29,14.179329,0.092772,0.201594,-0.108822
2023-09-30,14.182067,0.092267,0.201675,-0.109407
2023-10-01,14.184805,0.094715,0.201757,-0.107042
2023-10-02,14.187543,0.107248,0.201842,-0.094594
2023-10-03,14.190281,0.099083,0.201928,-0.102846
2023-10-04,14.193018,0.099046,0.202017,-0.102971
2023-10-05,14.195756,0.100522,0.202107,-0.101585
2023-10-06,14.198494,0.101291,0.202199,-0.100908
2023-10-07,14.201232,0.104346,0.202294,-0.097948
2023-10-08,14.203970,0.103999,0.202390,-0.098391
2023-10-09,14.206708,0.099767,0.202488,-0.102720
2023-10-10,14.209446,0.097116,0.202588,-0.105471
2023-10-11,14.212183,0.088665,0.202690,-0.114024
2023-10-12,14.214921,0.084852,0.202793,-0.117941
2023-10-13,14.217659,0.085353,0.202899,-0.117547
2023-10-14,14.220397,0.085533,0.203007,-0.117474
2023-10-15,14.223135,0.086089,0.203116,-0.117027
2023-10-16,14.225873,0.101008,0.203228,-0.102220
2023-10-17,14.228611,0.107404,0.203342,-0.095938
2023-10-18,14.231348,0.107421,0.203457,-0.096036
2023-10-19,14.234086,0.108312,0.203574,-0.095262
2023-10-20,14.236824,0.121126,0.203694,-0.082568
2023-10-21,14.239562,0.125626,0.203815,-0.078189
2023-10-22,14.242300,0.127148,0.203938,-0.076791
2023-10-23,14.245038,0.140515,0.204063,-0.063548
2023-10-24,14.247775,0.181501,0.204190,-0.022689
2023-10-25,14.250513,0.184475,0.204319,-0.019844
2023-10-26,14.253251,0.184069,0.204450,-0.020382
2023-10-27,14.255989,0.179256,0.204583,-0.025328
2023-10-28,14.258727,0.180387,0.204718,-0.024331
2023-10-29,14.261465,0.182308,0.204855,-0.022547
2023-10-30,14.264203,0.183227,0.204994,-0.021767
2023-10-31,14.266940,0.182311,0.205135,-0.022823
2023-11-01,14.269678,0.184715,0.205277,-0.020562
2023-11-02,14.272416,0.190804,0.205422,-0.014618
2023-11-03,14.275154,0.183447,0.205568,-0.022121
2023-11-04,14.277892,0.185474,0.205717,-0.020243
2023-11-05,14.280630,0.187583,0.205867,-0.018285
2023-11-06,14.283368,0.186382,0.206020,-0.019637
2023-11-07,14.286105,0.185766,0.206174,-0.020408
2023-11-08,14.288843,0.190559,0.206330,-0.015772
2023-11-09,14.291581,0.204207,0.206489,-0.002281
2023-11-10,14.294319,0.208260,0.206649,0.001611
2023-11-11,14.297057,0.210085,0.206811,0.003274
2023-11-12,14.299795,0.209534,0.206975,0.002558
2023-11-13,14.302533,0.206973,0.207141,-0.000169
2023-11-14,14.305270,0.199109,0.207309,-0.008200
2023-11-15,14.308008,0.199030,0.207479,-0.008450
2023-11-16,14.310746,0.205832,0.207651,-0.001820
2023-11-17,14.313484,0.199962,0.207825,-0.007863
2023-11-18,14.316222,0.201338,0.208001,-0.006663
2023-11-19,14.318960,0.202255,0.208179,-0.005924
2023-11-20,14.321697,0.209112,0.208358,0.000754
2023-11-21,14.324435,0.206822,0.208540,-0.001718
2023-11-22,14.327173,0.202140,0.208724,-0.006584
2023-11-23,14.329911,0.208334,0.208909,-0.000575
2023-11-24,14.332649,0.212064,0.209097,0.002967
2023-11-25,14.335387,0.212589,0.209287,0.003302
2023-11-26,14.338125,0.210225,0.209478,0.000747
2023-11-27,14.340862,0.205206,0.209671,-0.004465
2023-11-28,14.343600,0.208334,0.209867,-0.001533
2023-11-29,14.346338,0.212837,0.210064,0.002773
2023-11-30,14.349076,0.211239,0.210264,0.000975
2023-12-01,14.351814,0.217842,0.210465,0.007377
2023-12-02,14.354552,0.222500,0.210668,0.011832
2023-12-03,14.357290,0.228297,0.210873,0.017424
2023-12-04,14.360027,0.247965,0.211080,0.036885
2023-12-05,14.362765,0.258332,0.211289,0.047043
2023-12-06,14.365503,0.274392,0.211500,0.062892
2023-12-07,14.368241,0.269919,0.211713,0.058205
2023-12-08,14.370979,0.270660,0.211928,0.058732
2023-12-09,14.373717,0.273176,0.212145,0.061031
2023-12-10,14.376454,0.271232,0.212364,0.058868
2023-12-11,14.379192,0.252010,0.212585,0.039425
2023-12-12,14.381930,0.248058,0.212808,0.035250
2023-12-13,14.384668,0.248919,0.213032,0.035887
2023-12-14,14.387406,0.260467,0.213259,0.047208
2023-12-15,14.390144,0.256192,0.213487,0.042704
2023-12-16,14.392882,0.253583,0.213718,0.039865
2023-12-17,14.395619,0.249527,0.213950,0.035576
2023-12-18,14.398357,0.244274,0.214185,0.030089
2023-12-19,14.401095,0.256622,0.214421,0.042201
2023-12-20,14.403833,0.261422,0.214660,0.046762
2023-12-21,14.406571,0.265977,0.214900,0.051077
2023-12-22,14.409309,0.266144,0.215142,0.051001
2023-12-23,14.412047,0.264534,0.215386,0.049148
2023-12-24,14.414784,0.263478,0.215632,0.047845
2023-12-25,14.417522,0.260551,0.215880,0.044671
2023-12-26,14.420260,0.253497,0.216130,0.037367
2023-12-27,14.422998,0.254857,0.216382,0.038474
2023-12-28,14.425736,0.254842,0.216636,0.038205
2023-12-29,14.428474,0.249402,0.216892,0.032510
2023-12-30,14.431211,0.246115,0.217150,0.028965
2023-12-31,14.433949,0.249141,0.217409,0.031732
2024-01-01,14.436687,0.252550,0.217671,0.034879
2024-01-02,14.439425,0.275744,0.217935,0.057809
2024-01-03,14.442163,0.263282,0.218200,0.045082
2024-01-04,14.444901,0.259756,0.218468,0.041288
2024-01-05,14.447639,0.261683,0.218737,0.042946
2024-01-06,14.450376,0.262112,0.219008,0.043104
2024-01-07,14.453114,0.264160,0.219281,0.044879
2024-01-08,14.455852,0.271865,0.219556,0.052309
2024-01-09,14.458590,0.287791,0.219834,0.067957
2024-01-10,14.461328,0.279366,0.220113,0.059253
2024-01-11,14.464066,0.285597,0.220393,0.065203
2024-01-12,14.466804,0.270864,0.220676,0.050187
2024-01-13,14.469541,0.249122,0.220961,0.028161
2024-01-14,14.472279,0.247954,0.221248,0.026706
2024-01-15,14.475017,0.244953,0.221536,0.023417
2024-01-16,14.477755,0.247729,0.221827,0.025902
2024-01-17,14.480493,0.245134,0.222119,0.023015
2024-01-18,14.483231,0.239549,0.222414,0.017135
2024-01-19,14.485969,0.229915,0.222710,0.007205
2024-01-20,14.488706,0.232603,0.223008,0.009595
2024-01-21,14.491444,0.233706,0.223308,0.010398
2024-01-22,14.494182,0.223679,0.223610,0.000069
2024-01-23,14.496920,0.210969,0.223914,-0.012945
2024-01-24,14.499658,0.215312,0.224220,-0.008908
2024-01-25,14.502396,0.214922,0.224527,-0.009606
2024-01-26,14.505133,0.223319,0.224837,-0.001518
2024-01-27,14.507871,0.231965,0.225149,0.006816
2024-01-28,14.510609,0.235748,0.225462,0.010286
2024-01-29,14.513347,0.237439,0.225777,0.011662
2024-01-30,14.516085,0.246584,0.226094,0.020490
2024-01-31,14.518823,0.241232,0.226413,0.014819
2024-02-01,14.521561,0.236774,0.226734,0.010040
2024-02-02,14.524298,0.241768,0.227057,0.014711
2024-02-03,14.527036,0.241722,0.227382,0.014340
2024-02-04,14.529774,0.238962,0.227709,0.011253
2024-02-05,14.532512,0.237758,0.228037,0.009721
2024-02-06,14.535250,0.239104,0.228367,0.010737
2024-02-07,14.537988,0.242373,0.228700,0.013673
2024-02-08,14.540726,0.257043,0.229034,0.028009
2024-02-09,14.543463,0.274093,0.229370,0.044723
2024-02-10,14.546201,0.278752,0.229708,0.049044
2024-02-11,14.548939,0.284779,0.230047,0.054732
2024-02-12,14.551677,0.289759,0.230389,0.059370
2024-02-13,14.554415,0.296047,0.230732,0.065314
2024-02-14,14.557153,0.306390,0.231078,0.075312
2024-02-15,14.559890,0.315396,0.231425,0.083971
2024-02-16,14.562628,0.314563,0.231774,0.082789
2024-02-17,14.565366,0.310269,0.232125,0.078144
2024-02-18,14.568104,0.311383,0.232478,0.078906
2024-02-19,14.570842,0.314009,0.232832,0.081176
2024-02-20,14.573580,0.311397,0.233188,0.078209
2024-02-21,14.576318,0.307960,0.233547,0.074414
2024-02-22,14.579055,0.308406,0.233907,0.074499
2024-02-23,14.581793,0.304123,0.234269,0.069854
2024-02-24,14.584531,0.304835,0.234633,0.070202
2024-02-25,14.587269,0.308230,0.234998,0.073232
2024-02-26,14.590007,0.314300,0.235366,0.078934
2024-02-27,14.592745,0.345539,0.235735,0.109804
2024-02-28,14.595483,0.366573,0.236106,0.130467
2024-02-29,14.598220,0.385554,0.236479,0.149075
2024-03-01,14.600958,0.383965,0.236853,0.147111
2024-03-02,14.603696,0.384461,0.237230,0.147231
2024-03-03,14.606434,0.386886,0.237608,0.149278
2024-03-04,14.609172,0.407000,0.237988,0.169012
2024-03-05,14.611910,0.411238,0.238370,0.172868
2024-03-06,14.614648,0.409555,0.238754,0.170801
2024-03-07,14.617385,0.414890,0.239140,0.175751
2024-03-08,14.620123,0.420850,0.239527,0.181323
2024-03-09,14.622861,0.424182,0.239916,0.184265
2024-03-10,14.625599,0.430092,0.240307,0.189784
2024-03-11,14.628337,0.439939,0.240700,0.199239
2024-03-12,14.631075,0.443673,0.241094,0.202579
2024-03-13,14.633812,0.449886,0.241490,0.208396
2024-03-14,14.636550,0.446081,0.241889,0.204193
2024-03-15,14.639288,0.423729,0.242288,0.181441
2024-03-16,14.642026,0.421505,0.242690,0.178816
2024-03-17,14.644764,0.413686,0.243093,0.170593
2024-03-18,14.647502,0.418048,0.243498,0.174549
2024-03-19,14.650240,0.395637,0.243905,0.151732
2024-03-20,14.652977,0.391680,0.244314,0.147366
2024-03-21,14.655715,0.409399,0.244724,0.164675
2024-03-22,14.658453,0.394946,0.245136,0.149810
2024-03-23,14.661191,0.394807,0.245550,0.149257
2024-03-24,14.663929,0.399090,0.245966,0.153124
2024-03-25,14.666667,0.418779,0.246383,0.172396
2024-03-26,14.669405,0.429996,0.246802,0.183194
2024-03-27,14.672142,0.426107,0.247223,0.178885
2024-03-28,14.674880,0.429848,0.247645,0.182203
2024-03-29,14.677618,0.426697,0.248069,0.178628
2024-03-30,14.680356,0.426430,0.248495,0.177935
2024-03-31,14.683094,0.428925,0.248923,0.180003
2024-04-01,14.685832,0.423712,0.249352,0.174360
2024-04-02,14.688569,0.402305,0.249783,0.152522
2024-04-03,14.691307,0.400261,0.250216,0.150045
2024-04-04,14.694045,0.405634,0.250650,0.154984
2024-04-05,14.696783,0.408845,0.251086,0.157758
2024-04-06,14.699521,0.411937,0.251524,0.160413
2024-04-07,14.702259,0.419611,0.251964,0.167647
2024-04-08,14.704997,0.429905,0.252405,0.177500
2024-04-09,14.707734,0.422935,0.252847,0.170088
2024-04-10,14.710472,0.417345,0.253292,0.164053
2024-04-11,14.713210,0.424419,0.253738,0.170681
2024-04-12,14.715948,0.417153,0.254186,0.162967
2024-04-13,14.718686,0.399390,0.254635,0.144754
2024-04-14,14.721424,0.385563,0.255086,0.130477
2024-04-15,14.724162,0.390478,0.255539,0.134939
2024-04-16,14.726899,0.377249,0.255993,0.121255
2024-04-17,14.729637,0.372126,0.256449,0.115676
2024-04-18,14.732375,0.371968,0.256907,0.115061
2024-04-19,14.735113,0.380927,0.257366,0.123560
2024-04-20,14.737851,0.383136,0.257827,0.125308
2024-04-21,14.740589,0.387188,0.258290,0.128898
2024-04-22,14.743326,0.393862,0.258754,0.135108
2024-04-23,14.746064,0.396414,0.259219,0.137195
2024-04-24,14.748802,0.390237,0.259687,0.130550
2024-04-25,14.751540,0.381032,0.260156,0.120876
2024-04-26,14.754278,0.380815,0.260626,0.120189
2024-04-27,14.757016,0.373351,0.261098,0.112253
2024-04-28,14.759754,0.376000,0.261572,0.114428
2024-04-29,14.762491,0.370550,0.262047,0.108504
2024-04-30,14.765229,0.364054,0.262524,0.101531
2024-05-01,14.767967,0.339703,0.263002,0.076701
2024-05-02,14.770705,0.338533,0.263482,0.075052
2024-05-03,14.773443,0.353401,0.263963,0.089438
2024-05-04,14.776181,0.371945,0.264446,0.107499
2024-05-05,14.778919,0.373571,0.264931,0.108641
2024-05-06,14.781656,0.373682,0.265417,0.108265
2024-05-07,14.784394,0.370379,0.265904,0.104474
2024-05-08,14.787132,0.361450,0.266393,0.095057
2024-05-09,14.789870,0.358742,0.266884,0.091858
2024-05-10,14.792608,0.360301,0.267376,0.092925
2024-05-11,14.795346,0.352624,0.267870,0.084755
2024-05-12,14.798084,0.354553,0.268365,0.086188
2024-05-13,14.800821,0.360961,0.268861,0.092100
2024-05-14,14.803559,0.357653,0.269359,0.088293
2024-05-15,14.806297,0.369380,0.269859,0.099521
2024-05-16,14.809035,0.381912,0.270360,0.111552
2024-05-17,14.811773,0.384897,0.270863,0.114034
2024-05-18,14.814511,0.388367,0.271367,0.117001
2024-05-19,14.817248,0.387636,0.271872,0.115764
2024-05-20,14.819986,0.392911,0.272379,0.120532
2024-05-21,14.822724,0.408502,0.272887,0.135615
2024-05-22,14.825462,0.403497,0.273397,0.130100
2024-05-23,14.828200,0.395723,0.273908,0.121815
2024-05-24,14.830938,0.392331,0.274421,0.117911
2024-05-25,14.833676,0.398734,0.274935,0.123800
2024-05-26,14.836413,0.398436,0.275450,0.122986
2024-05-27,14.839151,0.399435,0.275967,0.123468
2024-05-28,14.841889,0.393671,0.276485,0.117186
2024-05-29,14.844627,0.391095,0.277005,0.114090
2024-05-30,14.847365,0.392691,0.277526,0.115166
2024-05-31,14.850103,0.391081,0.278048,0.113033
2024-06-01,14.852841,0.389642,0.278572,0.111070
2024-06-02,14.855578,0.389941,0.279097,0.110844
2024-06-03,14.858316,0.395918,0.279624,0.116295
2024-06-04,14.861054,0.399654,0.280151,0.119502
2024-06-05,14.863792,0.406967,0.280681,0.126287
2024-06-06,14.866530,0.407067,0.281211,0.125856
2024-06-07,14.869268,0.404107,0.281743,0.122364
2024-06-08,14.872005,0.399368,0.282276,0.117092
2024-06-09,14.874743,0.399346,0.282811,0.116535
2024-06-10,14.877481,0.399399,0.283346,0.116052
2024-06-11,14.880219,0.387000,0.283883,0.103117
2024-06-12,14.882957,0.390782,0.284422,0.106360
2024-06-13,14.885695,0.386162,0.284961,0.101201
2024-06-14,14.888433,0.379768,0.285502,0.094265
2024-06-15,14.891170,0.377006,0.286045,0.090962
2024-06-16,14.893908,0.378647,0.286588,0.092059
2024-06-17,14.896646,0.375462,0.287133,0.088329
2024-06-18,14.899384,0.368311,0.287679,0.080632
2024-06-19,14.902122,0.366389,0.288226,0.078163
2024-06-20,14.904860,0.364225,0.288774,0.075450
2024-06-21,14.907598,0.356318,0.289324,0.066994
2024-06-22,14.910335,0.358920,0.289875,0.069045
2024-06-23,14.913073,0.358173,0.290427,0.067746
2024-06-24,14.915811,0.337552,0.290980,0.046572
2024-06-25,14.918549,0.336344,0.291535,0.044810
2024-06-26,14.921287,0.336570,0.292090,0.044480
2024-06-27,14.924025,0.335155,0.292647,0.042507
2024-06-28,14.926762,0.332938,0.293205,0.039732
2024-06-29,14.929500,0.330946,0.293764,0.037181
2024-06-30,14.932238,0.334641,0.294325,0.040316
2024-07-01,14.934976,0.344465,0.294886,0.049579
2024-07-02,14.937714,0.339698,0.295449,0.044249
2024-07-03,14.940452,0.325620,0.296013,0.029608
2024-07-04,14.943190,0.308510,0.296577,0.011933
2024-07-05,14.945927,0.289195,0.297143,-0.007949
2024-07-06,14.948665,0.300178,0.297710,0.002468
2024-07-07,14.951403,0.300070,0.298279,0.001791
2024-07-08,14.954141,0.291948,0.298848,-0.006899
2024-07-09,14.956879,0.300575,0.299418,0.001157
2024-07-10,14.959617,0.305398,0.299989,0.005408
2024-07-11,14.962355,0.304296,0.300562,0.003734
2024-07-12,14.965092,0.300566,0.301135,-0.000569
2024-07-13,14.967830,0.306652,0.301710,0.004942
2024-07-14,14.970568,0.318306,0.302285,0.016020
2024-07-15,14.973306,0.338102,0.302862,0.035240
2024-07-16,14.976044,0.345371,0.303440,0.041932
2024-07-17,14.978782,0.349907,0.304018,0.045889
2024-07-18,14.981520,0.345802,0.304598,0.041205
2024-07-19,14.984257,0.351392,0.305178,0.046213
2024-07-20,14.986995,0.361410,0.305760,0.055650
2024-07-21,14.989733,0.363076,0.306342,0.056734
2024-07-22,14.992471,0.365145,0.306926,0.058220
2024-07-23,14.995209,0.358999,0.307510,0.051489
2024-07-24,14.997947,0.354104,0.308095,0.046008
2024-07-25,15.000684,0.345887,0.308682,0.037205
2024-07-26,15.003422,0.361475,0.309269,0.052207
2024-07-27,15.006160,0.366953,0.309857,0.057096
2024-07-28,15.008898,0.364871,0.310446,0.054425
2024-07-29,15.011636,0.367943,0.311036,0.056907
2024-07-30,15.014374,0.353708,0.311627,0.042081
2024-07-31,15.017112,0.351426,0.312218,0.039208
2024-08-01,15.019849,0.338711,0.312811,0.025900
2024-08-02,15.022587,0.335645,0.313404,0.022241
2024-08-03,15.025325,0.318353,0.313998,0.004355
2024-08-04,15.028063,0.308654,0.314593,-0.005939
2024-08-05,15.030801,0.261896,0.315189,-0.053293
2024-08-06,15.033539,0.277820,0.315786,-0.037965
2024-08-07,15.036277,0.280806,0.316383,-0.035577
2024-08-08,15.039014,0.295277,0.316981,-0.021704
2024-08-09,15.041752,0.311266,0.317580,-0.006314
2024-08-10,15.044490,0.312184,0.318180,-0.005996
2024-08-11,15.047228,0.307758,0.318781,-0.011022
2024-08-12,15.049966,0.298118,0.319382,-0.021264
2024-08-13,15.052704,0.304135,0.319984,-0.015849
2024-08-14,15.055441,0.305333,0.320587,-0.015254
2024-08-15,15.058179,0.292435,0.321190,-0.028756
2024-08-16,15.060917,0.292735,0.321794,-0.029059
2024-08-17,15.063655,0.298441,0.322399,-0.023959
2024-08-18,15.066393,0.300797,0.323005,-0.022208
2024-08-19,15.069131,0.292875,0.323611,-0.030735
2024-08-20,15.071869,0.301703,0.324218,-0.022515
2024-08-21,15.074606,0.302186,0.324825,-0.022640
2024-08-22,15.077344,0.305214,0.325433,-0.020220
2024-08-23,15.080082,0.314258,0.326042,-0.011784
2024-08-24,15.082820,0.327803,0.326652,0.001151
2024-08-25,15.085558,0.328463,0.327262,0.001202
2024-08-26,15.088296,0.324354,0.327872,-0.003518
2024-08-27,15.091034,0.314338,0.328483,-0.014145
2024-08-28,15.093771,0.293035,0.329095,-0.036060
2024-08-29,15.096509,0.296724,0.329707,-0.032983
2024-08-30,15.099247,0.290878,0.330320,-0.039442
2024-08-31,15.101985,0.292026,0.330933,-0.038908
2024-09-01,15.104723,0.284602,0.331547,-0.046946
2024-09-02,15.107461,0.285295,0.332162,-0.046867
2024-09-03,15.110198,0.285762,0.332777,-0.047014
2024-09-04,15.112936,0.275359,0.333392,-0.058033
2024-09-05,15.115674,0.272278,0.334008,-0.061730
2024-09-06,15.118412,0.259144,0.334624,-0.075480
2024-09-07,15.121150,0.253408,0.335241,-0.081833
2024-09-08,15.123888,0.254176,0.335858,-0.081682
2024-09-09,15.126626,0.262954,0.336476,-0.073522
2024-09-10,15.129363,0.272554,0.337094,-0.064540
2024-09-11,15.132101,0.271250,0.337712,-0.066462
2024-09-12,15.134839,0.279378,0.338331,-0.058953
2024-09-13,15.137577,0.285184,0.338950,-0.053766
2024-09-14,15.140315,0.292758,0.339570,-0.046812
2024-09-15,15.143053,0.291118,0.340190,-0.049071
2024-09-16,15.145791,0.279327,0.340810,-0.061483
2024-09-17,15.148528,0.287778,0.341431,-0.053653
2024-09-18,15.151266,0.291955,0.342052,-0.050097
2024-09-19,15.154004,0.308716,0.342673,-0.033957
2024-09-20,15.156742,0.312267,0.343294,-0.031027
2024-09-21,15.159480,0.310926,0.343916,-0.032990
2024-09-22,15.162218,0.309634,0.344538,-0.034904
2024-09-23,15.164956,0.312491,0.345160,-0.032669
2024-09-24,15.167693,0.311919,0.345783,-0.033864
2024-09-25,15.170431,0.313105,0.346406,-0.033300
2024-09-26,15.173169,0.316365,0.347029,-0.030663
2024-09-27,15.175907,0.324552,0.347652,-0.023100
2024-09-28,15.178645,0.325349,0.348275,-0.022926
2024-09-29,15.181383,0.324652,0.348899,-0.024246
2024-09-30,15.184120,0.312570,0.349522,-0.036952
2024-10-01,15.186858,0.302773,0.350146,-0.047373
2024-10-02,15.189596,0.292667,0.350770,-0.058103
2024-10-03,15.192334,0.288763,0.351394,-0.062631
2024-10-04,15.195072,0.294505,0.352018,-0.057513
2024-10-05,15.197810,0.297435,0.352642,-0.055207
2024-10-06,15.200548,0.298480,0.353267,-0.054786
2024-10-07,15.203285,0.305245,0.353891,-0.048646
2024-10-08,15.206023,0.298213,0.354515,-0.056302
2024-10-09,15.208761,0.293486,0.355140,-0.061653
2024-10-10,15.211499,0.284148,0.355764,-0.071616
2024-10-11,15.214237,0.291269,0.356388,-0.065120
2024-10-12,15.216975,0.300354,0.357013,-0.056659
2024-10-13,15.219713,0.298579,0.357637,-0.059058
2024-10-14,15.222450,0.312508,0.358262,-0.045753
2024-10-15,15.225188,0.320157,0.358886,-0.038729
2024-10-16,15.227926,0.328635,0.359510,-0.030875
2024-10-17,15.230664,0.326417,0.360134,-0.033717
2024-10-18,15.233402,0.331704,0.360758,-0.029054
2024-10-19,15.236140,0.332063,0.361382,-0.029320
2024-10-20,15.238877,0.332913,0.362006,-0.029093
2024-10-21,15.241615,0.330289,0.362630,-0.032341
2024-10-22,15.244353,0.324558,0.363253,-0.038695
2024-10-23,15.247091,0.319365,0.363876,-0.044512
2024-10-24,15.249829,0.325055,0.364499,-0.039444
2024-10-25,15.252567,0.325376,0.365122,-0.039746
2024-10-26,15.255305,0.321030,0.365745,-0.044715
2024-10-27,15.258042,0.323482,0.366367,-0.042885
2024-10-28,15.260780,0.330933,0.366990,-0.036056
2024-10-29,15.263518,0.348578,0.367611,-0.019033
2024-10-30,15.266256,0.351871,0.368233,-0.016362
2024-10-31,15.268994,0.346399,0.368854,-0.022455
2024-11-01,15.271732,0.335593,0.369475,-0.033883
2024-11-02,15.274470,0.334237,0.370096,-0.035859
2024-11-03,15.277207,0.327212,0.370716,-0.043505
2024-11-04,15.279945,0.326481,0.371336,-0.044855
2024-11-05,15.282683,0.329888,0.371956,-0.042068
2024-11-06,15.285421,0.360828,0.372575,-0.011747
2024-11-07,15.288159,0.367537,0.373194,-0.005657
2024-11-08,15.290897,0.371669,0.373812,-0.002144
2024-11-09,15.293634,0.372493,0.374430,-0.001937
2024-11-10,15.296372,0.387416,0.375048,0.012369
2024-11-11,15.299110,0.409082,0.375665,0.033417
2024-11-12,15.301848,0.432582,0.376281,0.056301
2024-11-13,15.304586,0.436981,0.376897,0.060084
2024-11-14,15.307324,0.439683,0.377513,0.062171
2024-11-15,15.310062,0.437226,0.378128,0.059099
2024-11-16,15.312799,0.444763,0.378742,0.066021
2024-11-17,15.315537,0.441625,0.379356,0.062269
2024-11-18,15.318275,0.444170,0.379969,0.064201
2024-11-19,15.321013,0.448993,0.380581,0.068411
2024-11-20,15.323751,0.455107,0.381193,0.073914
2024-11-21,15.326489,0.471572,0.381805,0.089767
2024-11-22,15.329227,0.478022,0.382415,0.095607
2024-11-23,15.331964,0.475404,0.383025,0.092379
2024-11-24,15.334702,0.471476,0.383634,0.087842
2024-11-25,15.337440,0.467114,0.384243,0.082871
2024-11-26,15.340178,0.451678,0.384851,0.066828
2024-11-27,15.342916,0.456696,0.385458,0.071238
2024-11-28,15.345654,0.461316,0.386064,0.075252
2024-11-29,15.348392,0.466307,0.386670,0.079637
2024-11-30,15.351129,0.464180,0.387274,0.076906
2024-12-01,15.353867,0.465635,0.387878,0.077757
2024-12-02,15.356605,0.462308,0.388481,0.073827
2024-12-03,15.359343,0.459314,0.389084,0.070230
2024-12-04,15.362081,0.463772,0.389685,0.074087
2024-12-05,15.364819,0.482867,0.390285,0.092582
2024-12-06,15.367556,0.474150,0.390885,0.083265
2024-12-07,15.370294,0.477339,0.391483,0.085856
2024-12-08,15.373032,0.477098,0.392081,0.085017
2024-12-09,15.375770,0.470237,0.392678,0.077560
2024-12-10,15.378508,0.463356,0.393273,0.070083
2024-12-11,15.381246,0.471391,0.393868,0.077523
2024-12-12,15.383984,0.479727,0.394462,0.085265
2024-12-13,15.386721,0.477525,0.395054,0.082471
2024-12-14,15.389459,0.481655,0.395646,0.086009
2024-12-15,15.392197,0.486198,0.396236,0.089961
2024-12-16,15.394935,0.497092,0.396826,0.100267
2024-12-17,15.397673,0.501446,0.397414,0.104032
2024-12-18,15.400411,0.489242,0.398001,0.091241
2024-12-19,15.403149,0.473598,0.398587,0.075011
2024-12-20,15.405886,0.459854,0.399172,0.060682
2024-12-21,15.408624,0.462812,0.399755,0.063057
2024-12-22,15.411362,0.455513,0.400338,0.055175
2024-12-23,15.414100,0.448411,0.400919,0.047492
2024-12-24,15.416838,0.455231,0.401499,0.053732
2024-12-25,15.419576,0.464215,0.402077,0.062138
2024-12-26,15.422313,0.456507,0.402655,0.053852
2024-12-27,15.425051,0.451124,0.403231,0.047893
2024-12-28,15.427789,0.446791,0.403805,0.042986
2024-12-29,15.430527,0.445225,0.404379,0.040846
2024-12-30,15.433265,0.439416,0.404951,0.034466
2024-12-31,15.436003,0.440541,0.405521,0.035020
2025-01-01,15.438741,0.440947,0.406090,0.034857
2025-01-02,15.441478,0.451377,0.406658,0.044719
2025-01-03,15.444216,0.455893,0.407224,0.048669
2025-01-04,15.446954,0.458479,0.407789,0.050690
2025-01-05,15.449692,0.458327,0.408352,0.049975
2025-01-06,15.452430,0.466988,0.408914,0.058074
2025-01-07,15.455168,0.463719,0.409474,0.054245
2025-01-08,15.457906,0.444725,0.410033,0.034692
2025-01-09,15.460643,0.435179,0.410590,0.024589
2025-01-10,15.463381,0.438812,0.411146,0.027667
2025-01-11,15.466119,0.439415,0.411699,0.027716
2025-01-12,15.468857,0.439740,0.412252,0.027488
2025-01-13,15.471595,0.431756,0.412802,0.018954
2025-01-14,15.474333,0.445207,0.413351,0.031856
2025-01-15,15.477070,0.454433,0.413898,0.040535
2025-01-16,15.479808,0.459105,0.414444,0.044661
2025-01-17,15.482546,0.474007,0.414987,0.059020
2025-01-18,15.485284,0.477608,0.415529,0.062079
2025-01-19,15.488022,0.480582,0.416069,0.064513
2025-01-20,15.490760,0.481427,0.416608,0.064819
2025-01-21,15.493498,0.476886,0.417144,0.059742
2025-01-22,15.496235,0.480772,0.417679,0.063093
2025-01-23,15.498973,0.474182,0.418211,0.055971
2025-01-24,15.501711,0.480670,0.418742,0.061928
2025-01-25,15.504449,0.478729,0.419271,0.059457
2025-01-26,15.507187,0.478835,0.419798,0.059036
2025-01-27,15.509925,0.459623,0.420323,0.039300
2025-01-28,15.512663,0.468401,0.420846,0.047555
2025-01-29,15.515400,0.468211,0.421367,0.046844
2025-01-30,15.518138,0.478685,0.421886,0.056800
2025-01-31,15.520876,0.473724,0.422403,0.051321
2025-02-01,15.523614,0.464914,0.422918,0.041996
2025-02-02,15.526352,0.454160,0.423430,0.030729
2025-02-03,15.529090,0.442472,0.423941,0.018531
2025-02-04,15.531828,0.453734,0.424449,0.029285
2025-02-05,15.534565,0.445742,0.424955,0.020787
2025-02-06,15.537303,0.444436,0.425459,0.018976
2025-02-07,15.540041,0.442818,0.425961,0.016857
2025-02-08,15.542779,0.438029,0.426461,0.011568
2025-02-09,15.545517,0.437770,0.426958,0.010812
2025-02-10,15.548255,0.441083,0.427453,0.013630
2025-02-11,15.550992,0.438748,0.427945,0.010803
2025-02-12,15.553730,0.435303,0.428436,0.006868
2025-02-13,15.556468,0.436195,0.428924,0.007271
2025-02-14,15.559206,0.438743,0.429409,0.009334
2025-02-15,15.561944,0.440493,0.429892,0.010601
2025-02-16,15.564682,0.438523,0.430373,0.008150
2025-02-17,15.567420,0.433329,0.430851,0.002478
2025-02-18,15.570157,0.428894,0.431327,-0.002433
2025-02-19,15.572895,0.431725,0.431800,-0.000075
2025-02-20,15.575633,0.437962,0.432271,0.005691
2025-02-21,15.578371,0.438904,0.432739,0.006165
2025-02-22,15.581109,0.433003,0.433205,-0.000201
2025-02-23,15.583847,0.430804,0.433667,-0.002863
2025-02-24,15.586585,0.424231,0.434128,-0.009897
2025-02-25,15.589322,0.400017,0.434585,-0.034569
2025-02-26,15.592060,0.386832,0.435040,-0.048208
2025-02-27,15.594798,0.377822,0.435493,-0.057670
2025-02-28,15.597536,0.359610,0.435942,-0.076332
2025-03-01,15.600274,0.376531,0.436389,-0.059858
2025-03-02,15.603012,0.392478,0.436833,-0.044354
2025-03-03,15.605749,0.402806,0.437274,-0.034468
2025-03-04,15.608487,0.373582,0.437712,-0.064130
2025-03-05,15.611225,0.392904,0.438148,-0.045244
2025-03-06,15.613963,0.401357,0.438580,-0.037223
2025-03-07,15.616701,0.388571,0.439010,-0.050439
2025-03-08,15.619439,0.379855,0.439436,-0.059581
2025-03-09,15.622177,0.370408,0.439860,-0.069452
2025-03-10,15.624914,0.351858,0.440281,-0.088423
2025-03-11,15.627652,0.351437,0.440698,-0.089261
2025-03-12,15.630390,0.359239,0.441113,-0.081874
2025-03-13,15.633128,0.357637,0.441525,-0.083888
2025-03-14,15.635866,0.362267,0.441933,-0.079666
2025-03-15,15.638604,0.366694,0.442338,-0.075645
2025-03-16,15.641342,0.363096,0.442741,-0.079644
2025-03-17,15.644079,0.362457,0.443140,-0.080683
2025-03-18,15.646817,0.356959,0.443535,-0.086577
2025-03-19,15.649555,0.363976,0.443928,-0.079952
2025-03-20,15.652293,0.370016,0.444317,-0.074301
2025-03-21,15.655031,0.363946,0.444703,-0.080757
2025-03-22,15.657769,0.363643,0.445086,-0.081443
2025-03-23,15.660507,0.365505,0.445465,-0.079960
2025-03-24,15.663244,0.378680,0.445841,-0.067161
2025-03-25,15.665982,0.378430,0.446214,-0.067784
2025-03-26,15.668720,0.377978,0.446583,-0.068605
2025-03-27,15.671458,0.376823,0.446949,-0.070125
2025-03-28,15.674196,0.366385,0.447311,-0.080926
2025-03-29,15.676934,0.355521,0.447669,-0.092148
2025-03-30,15.679671,0.353713,0.448025,-0.094312
2025-03-31,15.682409,0.350680,0.448376,-0.097696
2025-04-01,15.685147,0.358917,0.448724,-0.089807
2025-04-02,15.687885,0.364740,0.449069,-0.084328
2025-04-03,15.690623,0.350794,0.449409,-0.098616
2025-04-04,15.693361,0.354036,0.449746,-0.095710
2025-04-05,15.696099,0.352647,0.450080,-0.097433
2025-04-06,15.698836,0.342883,0.450409,-0.107526
2025-04-07,15.701574,0.322860,0.450735,-0.127874
2025-04-08,15.704312,0.328250,0.451057,-0.122807
2025-04-09,15.707050,0.326483,0.451375,-0.124892
2025-04-10,15.709788,0.339578,0.451689,-0.112111
2025-04-11,15.712526,0.344168,0.452000,-0.107832
2025-04-12,15.715264,0.354722,0.452306,-0.097584
2025-04-13,15.718001,0.356134,0.452609,-0.096475
2025-04-14,15.720739,0.356756,0.452908,-0.096152
2025-04-15,15.723477,0.359272,0.453202,-0.093930
2025-04-16,15.726215,0.353207,0.453493,-0.100285
2025-04-17,15.728953,0.355426,0.453779,-0.098353
2025-04-18,15.731691,0.355130,0.454062,-0.098932
2025-04-19,15.734428,0.357018,0.454340,-0.097322
2025-04-20,15.737166,0.355362,0.454614,-0.099252
2025-04-21,15.739904,0.366946,0.454884,-0.087938
2025-04-22,15.742642,0.379052,0.455150,-0.076098
2025-04-23,15.745380,0.397079,0.455411,-0.058332
2025-04-24,15.748118,0.394038,0.455668,-0.061630
2025-04-25,15.750856,0.399261,0.455921,-0.056660
2025-04-26,15.753593,0.400277,0.456170,-0.055893
2025-04-27,15.756331,0.398436,0.456414,-0.057978
2025-04-28,15.759069,0.398830,0.456654,-0.057824
2025-04-29,15.761807,0.400797,0.456889,-0.056092
2025-04-30,15.764545,0.398863,0.457120,-0.058257
2025-05-01,15.767283,0.404492,0.457346,-0.052854
2025-05-02,15.770021,0.408774,0.457568,-0.048795
2025-05-03,15.772758,0.406056,0.457786,-0.051730
2025-05-04,15.775496,0.402819,0.457998,-0.055180
2025-05-05,15.778234,0.396698,0.458207,-0.061508
2025-05-06,15.780972,0.396912,0.458410,-0.061498
2025-05-07,15.783710,0.406266,0.458609,-0.052343
2025-05-08,15.786448,0.419760,0.458803,-0.039043
2025-05-09,15.789185,0.432615,0.458992,-0.026377
2025-05-10,15.791923,0.433734,0.459177,-0.025442
2025-05-11,15.794661,0.436180,0.459356,-0.023176
2025-05-12,15.797399,0.431593,0.459531,-0.027938
2025-05-13,15.800137,0.431867,0.459701,-0.027835
2025-05-14,15.802875,0.432565,0.459866,-0.027301
2025-05-15,15.805613,0.429365,0.460027,-0.030662
2025-05-16,15.808350,0.433139,0.460182,-0.027043
2025-05-17,15.811088,0.430383,0.460332,-0.029949
2025-05-18,15.813826,0.433639,0.460477,-0.026838
2025-05-19,15.816564,0.433158,0.460617,-0.027459
2025-05-20,15.819302,0.438681,0.460752,-0.022071
2025-05-21,15.822040,0.446017,0.460882,-0.014864
2025-05-22,15.824778,0.458116,0.461006,-0.002890
2025-05-23,15.827515,0.454129,0.461126,-0.006997
2025-05-24,15.830253,0.449231,0.461240,-0.012009
2025-05-25,15.832991,0.445661,0.461349,-0.015688
2025-05-26,15.835729,0.452338,0.461452,-0.009114
2025-05-27,15.838467,0.451802,0.461551,-0.009749
2025-05-28,15.841205,0.447045,0.461643,-0.014598
2025-05-29,15.843943,0.442136,0.461731,-0.019594
2025-05-30,15.846680,0.434301,0.461813,-0.027512
2025-05-31,15.849418,0.428868,0.461889,-0.033021
2025-06-01,15.852156,0.430594,0.461960,-0.031366
2025-06-02,15.854894,0.430766,0.462026,-0.031260
2025-06-03,15.857632,0.434460,0.462085,-0.027626
2025-06-04,15.860370,0.432234,0.462140,-0.029906
2025-06-05,15.863107,0.426169,0.462188,-0.036019
2025-06-06,15.865845,0.424815,0.462231,-0.037416
2025-06-07,15.868583,0.431094,0.462268,-0.031174
2025-06-08,15.871321,0.432434,0.462299,-0.029866
2025-06-09,15.874059,0.439700,0.462325,-0.022625
2025-06-10,15.876797,0.445523,0.462345,-0.016822
2025-06-11,15.879535,0.445338,0.462359,-0.017020
2025-06-12,15.882272,0.436496,0.462367,-0.025871
2025-06-13,15.885010,0.426286,0.462369,-0.036083
2025-06-14,15.887748,0.427211,0.462365,-0.035154
2025-06-15,15.890486,0.427747,0.462355,-0.034608
2025-06-16,15.893224,0.434474,0.462338,-0.027864
2025-06-17,15.895962,0.429308,0.462316,-0.033009
2025-06-18,15.898700,0.424771,0.462288,-0.037517
2025-06-19,15.901437,0.423852,0.462254,-0.038402
2025-06-20,15.904175,0.423832,0.462213,-0.038381
2025-06-21,15.906913,0.416367,0.462166,-0.045799
2025-06-22,15.909651,0.407994,0.462113,-0.054119
2025-06-23,15.912389,0.411068,0.462053,-0.050986
2025-06-24,15.915127,0.425335,0.461988,-0.036653
2025-06-25,15.917864,0.430726,0.461915,-0.031190
2025-06-26,15.920602,0.432227,0.461837,-0.029610
2025-06-27,15.923340,0.431217,0.461752,-0.030534
2025-06-28,15.926078,0.431803,0.461660,-0.029857
2025-06-29,15.928816,0.432928,0.461562,-0.028635
2025-06-30,15.931554,0.432518,0.461457,-0.028940
2025-07-01,15.934292,0.427002,0.461346,-0.034344
2025-07-02,15.937029,0.431685,0.461228,-0.029543
2025-07-03,15.939767,0.438002,0.461104,-0.023102
2025-07-04,15.942505,0.434288,0.460972,-0.026684
2025-07-05,15.945243,0.432654,0.460834,-0.028180
2025-07-06,15.947981,0.433780,0.460689,-0.026909
2025-07-07,15.950719,0.432900,0.460537,-0.027638
2025-07-08,15.953457,0.432673,0.460379,-0.027706
2025-07-09,15.956194,0.435393,0.460213,-0.024820
2025-07-10,15.958932,0.445066,0.460040,-0.014974
2025-07-11,15.961670,0.464226,0.459861,0.004365
2025-07-12,15.964408,0.464426,0.459674,0.004752
2025-07-13,15.967146,0.466243,0.459481,0.006763
2025-07-14,15.969884,0.475528,0.459280,0.016248
2025-07-15,15.972621,0.462969,0.459072,0.003897
2025-07-16,15.975359,0.466761,0.458857,0.007904
2025-07-17,15.978097,0.466814,0.458634,0.008180
2025-07-18,15.980835,0.467224,0.458405,0.008819
2025-07-19,15.983573,0.464099,0.458168,0.005932
2025-07-20,15.986311,0.463190,0.457923,0.005267
2025-07-21,15.989049,0.462909,0.457672,0.005237
2025-07-22,15.991786,0.464061,0.457412,0.006648
2025-07-23,15.994524,0.463766,0.457146,0.006620
2025-07-24,15.997262,0.464184,0.456872,0.007312
2025-07-25,16.000000,0.455427,0.456590,-0.001163
2025-07-26,16.002738,0.460086,0.456300,0.003785
2025-07-27,16.005476,0.462264,0.456003,0.006261
2025-07-28,16.008214,0.462352,0.455699,0.006653
2025-07-29,16.010951,0.460633,0.455386,0.005246
2025-07-30,16.013689,0.458875,0.455066,0.003809
2025-07-31,16.016427,0.459028,0.454738,0.004290
2025-08-01,16.019165,0.447605,0.454402,-0.006797
2025-08-02,16.021903,0.441609,0.454058,-0.012450
2025-08-03,16.024641,0.442176,0.453707,-0.011530
2025-08-04,16.027379,0.445275,0.453347,-0.008072
2025-08-05,16.030116,0.442580,0.452979,-0.010400
2025-08-06,16.032854,0.443440,0.452604,-0.009163
2025-08-07,16.035592,0.448395,0.452220,-0.003824
2025-08-08,16.038330,0.450784,0.451828,-0.001043
2025-08-09,16.041068,0.450704,0.451427,-0.000724
2025-08-10,16.043806,0.455552,0.451019,0.004533
2025-08-11,16.046543,0.463463,0.450602,0.012861
2025-08-12,16.049281,0.458700,0.450177,0.008523
2025-08-13,16.052019,0.463765,0.449744,0.014022
2025-08-14,16.054757,0.462392,0.449302,0.013090
2025-08-15,16.057495,0.454727,0.448851,0.005876
2025-08-16,16.060233,0.452393,0.448393,0.004001
2025-08-17,16.062971,0.453035,0.447925,0.005110
2025-08-18,16.065708,0.444926,0.447449,-0.002524
2025-08-19,16.068446,0.439884,0.446965,-0.007080
2025-08-20,16.071184,0.435636,0.446472,-0.010836
2025-08-21,16.073922,0.433776,0.445970,-0.012194
2025-08-22,16.076660,0.437402,0.445459,-0.008057
2025-08-23,16.079398,0.440759,0.444939,-0.004180
2025-08-24,16.082136,0.436478,0.444411,-0.007933
2025-08-25,16.084873,0.427353,0.443874,-0.016521
2025-08-26,16.087611,0.419305,0.443327,-0.024023
2025-08-27,16.090349,0.423554,0.442772,-0.019218
2025-08-28,16.093087,0.427077,0.442208,-0.015131
2025-08-29,16.095825,0.416287,0.441635,-0.025348
2025-08-30,16.098563,0.411596,0.441052,-0.029456
2025-08-31,16.101300,0.412686,0.440461,-0.027774
2025-09-01,16.104038,0.411569,0.439860,-0.028291
2025-09-02,16.106776,0.418022,0.439250,-0.021228
2025-09-03,16.109514,0.422130,0.438630,-0.016500
2025-09-04,16.112252,0.418770,0.438002,-0.019232
2025-09-05,16.114990,0.421483,0.437363,-0.015880
2025-09-06,16.117728,0.417804,0.436716,-0.018911
2025-09-07,16.120465,0.418646,0.436059,-0.017413
2025-09-08,16.123203,0.421288,0.435392,-0.014104
2025-09-09,16.125941,0.421276,0.434716,-0.013440
2025-09-10,16.128679,0.423896,0.434030,-0.010134
2025-09-11,16.131417,0.428815,0.433334,-0.004520
2025-09-12,16.134155,0.433223,0.432629,0.000594
2025-09-13,16.136893,0.434077,0.431914,0.002163
2025-09-14,16.139630,0.433548,0.431189,0.002359
2025-09-15,16.142368,0.432143,0.430454,0.001689
2025-09-16,16.145106,0.433733,0.429710,0.004024
2025-09-17,16.147844,0.435415,0.428955,0.006460
2025-09-18,16.150582,0.437994,0.428190,0.009804
2025-09-19,16.153320,0.434719,0.427415,0.007303
2025-09-20,16.156057,0.432381,0.426631,0.005751
2025-09-21,16.158795,0.431354,0.425836,0.005518
2025-09-22,16.161533,0.421826,0.425030,-0.003205
2025-09-23,16.164271,0.418859,0.424215,-0.005356
2025-09-24,16.167009,0.419772,0.423389,-0.003617
2025-09-25,16.169747,0.412994,0.422553,-0.009559
2025-09-26,16.172485,0.405523,0.421706,-0.016184
2025-09-27,16.175222,0.405714,0.420849,-0.015136
2025-09-28,16.177960,0.407031,0.419982,-0.012951
2025-09-29,16.180698,0.417678,0.419104,-0.001425
2025-09-30,16.183436,0.420397,0.418215,0.002182
2025-10-01,16.186174,0.428859,0.417316,0.011544
2025-10-02,16.188912,0.440104,0.416406,0.023699
2025-10-03,16.191650,0.445822,0.415485,0.030337
2025-10-04,16.194387,0.449575,0.414553,0.035022
2025-10-05,16.197125,0.453875,0.413611,0.040264
2025-10-06,16.199863,0.456616,0.412657,0.043959
2025-10-07,16.202601,0.452512,0.411693,0.040819
2025-10-08,16.205339,0.449475,0.410718,0.038758
2025-10-09,16.208077,0.446750,0.409731,0.037019
2025-10-10,16.210815,0.438168,0.408734,0.029434
2025-10-11,16.213552,0.409258,0.407725,0.001533
2025-10-12,16.216290,0.411322,0.406705,0.004617
2025-10-13,16.219028,0.420735,0.405674,0.015062
2025-10-14,16.221766,0.411286,0.404631,0.006655
2025-10-15,16.224504,0.408323,0.403577,0.004746
2025-10-16,16.227242,0.401180,0.402512,-0.001332
2025-10-17,16.229979,0.387662,0.401435,-0.013774
2025-10-18,16.232717,0.387471,0.400347,-0.012876
2025-10-19,16.235455,0.391016,0.399247,-0.008231
2025-10-20,16.238193,0.401352,0.398136,0.003216
2025-10-21,16.240931,0.397596,0.397013,0.000584
2025-10-22,16.243669,0.390868,0.395878,-0.005009
2025-10-23,16.246407,0.395682,0.394731,0.000951
2025-10-24,16.249144,0.400470,0.393572,0.006898
2025-10-25,16.251882,0.402533,0.392402,0.010131
2025-10-26,16.254620,0.406845,0.391219,0.015626
2025-10-27,16.257358,0.415294,0.390025,0.025269
2025-10-28,16.260096,0.412025,0.388819,0.023206
2025-10-29,16.262834,0.404768,0.387600,0.017168
2025-10-30,16.265572,0.391868,0.386369,0.005499
2025-10-31,16.268309,0.393586,0.385126,0.008460
2025-11-01,16.271047,0.395037,0.383871,0.011167
2025-11-02,16.273785,0.395684,0.382603,0.013081
2025-11-03,16.276523,0.384675,0.381323,0.003352
2025-11-04,16.279261,0.368902,0.380031,-0.011129
2025-11-05,16.281999,0.363301,0.378726,-0.015425
2025-11-06,16.284736,0.363761,0.377409,-0.013648
2025-11-07,16.287474,0.358750,0.376079,-0.017329
2025-11-08,16.290212,0.360333,0.374736,-0.014403
2025-11-09,16.292950,0.362184,0.373380,-0.011196
2025-11-10,16.295688,0.374189,0.372012,0.002177
2025-11-11,16.298426,0.369452,0.370631,-0.001179
2025-11-12,16.301164,0.362921,0.369237,-0.006317
2025-11-13,16.303901,0.356096,0.367830,-0.011735
2025-11-14,16.306639,0.336586,0.366410,-0.029825
2025-11-15,16.309377,0.331734,0.364977,-0.033243
2025-11-16,16.312115,0.328975,0.363531,-0.034556
2025-11-17,16.314853,0.325128,0.362072,-0.036944
2025-11-18,16.317591,0.314504,0.360600,-0.046095
2025-11-19,16.320329,0.311144,0.359114,-0.047970
2025-11-20,16.323066,0.305737,0.357615,-0.051878
2025-11-21,16.325804,0.277447,0.356103,-0.078655
2025-11-22,16.328542,0.275675,0.354577,-0.078902
2025-11-23,16.331280,0.284769,0.353037,-0.068268
2025-11-24,16.334018,0.287431,0.351484,-0.064053
2025-11-25,16.336756,0.288716,0.349918,-0.061202
2025-11-26,16.339493,0.291478,0.348337,-0.056860
2025-11-27,16.342231,0.305784,0.346743,-0.040959
2025-11-28,16.344969,0.307019,0.345135,-0.038116
2025-11-29,16.347707,0.304643,0.343514,-0.038871
2025-11-30,16.350445,0.305700,0.341878,-0.036178
2025-12-01,16.353183,0.281670,0.340228,-0.058559
2025-12-02,16.355921,0.292688,0.338565,-0.045877
2025-12-03,16.358658,0.310349,0.336887,-0.026538
2025-12-04,16.361396,0.310705,0.335195,-0.024490
2025-12-05,16.364134,0.302060,0.333489,-0.031429
2025-12-06,16.366872,0.294658,0.331769,-0.037110
2025-12-07,16.369610,0.295367,0.330034,-0.034667
2025-12-08,16.372348,0.299216,0.328285,-0.029069
2025-12-09,16.375086,0.299890,0.326521,-0.026631
2025-12-10,16.377823,0.304590,0.324743,-0.020153
2025-12-11,16.380561,0.295855,0.322950,-0.027095
2025-12-12,16.383299,0.299816,0.321143,-0.021327
2025-12-13,16.386037,0.293503,0.319321,-0.025818
2025-12-14,16.388775,0.289397,0.317484,-0.028087
2025-12-15,16.391513,0.282620,0.315633,-0.033013
2025-12-16,16.394251,0.275308,0.313766,-0.038458
2025-12-17,16.396988,0.275192,0.311885,-0.036693
2025-12-18,16.399726,0.273658,0.309988,-0.036330
2025-12-19,16.402464,0.277116,0.308077,-0.030961
2025-12-20,16.405202,0.280202,0.306150,-0.025948
2025-12-21,16.407940,0.280103,0.304208,-0.024105
2025-12-22,16.410678,0.283924,0.302251,-0.018327
2025-12-23,16.413415,0.276985,0.300279,-0.023294
2025-12-24,16.416153,0.273659,0.298291,-0.024631
2025-12-25,16.418891,0.275592,0.296288,-0.020696
2025-12-26,16.421629,0.276903,0.294269,-0.017366
2025-12-27,16.424367,0.273436,0.292235,-0.018799
2025-12-28,16.427105,0.274249,0.290185,-0.015936
2025-12-29,16.429843,0.276412,0.288119,-0.011707
2025-12-30,16.432580,0.274301,0.286038,-0.011736
2025-12-31,16.435318,0.275822,0.283940,-0.008118
2026-01-01,16.438056,0.273698,0.281827,-0.008130
2026-01-02,16.440794,0.280327,0.279698,0.000629
2026-01-03,16.443532,0.283295,0.277553,0.005742
2026-01-04,16.446270,0.288922,0.275392,0.013530
2026-01-05,16.449008,0.297557,0.273214,0.024342
2026-01-06,16.451745,0.297963,0.271021,0.026942
2026-01-07,16.454483,0.291154,0.268811,0.022343
2026-01-08,16.457221,0.284644,0.266585,0.018059
2026-01-09,16.459959,0.284476,0.264342,0.020134
2026-01-10,16.462697,0.283369,0.262083,0.021285
2026-01-11,16.465435,0.283225,0.259808,0.023417
2026-01-12,16.468172,0.286170,0.257516,0.028654
2026-01-13,16.470910,0.291637,0.255207,0.036431
2026-01-14,16.473648,0.306635,0.252881,0.053754
2026-01-15,16.476386,0.308177,0.250539,0.057638
2026-01-16,16.479124,0.303774,0.248180,0.055594
2026-01-17,16.481862,0.302898,0.245803,0.057095
2026-01-18,16.484600,0.301816,0.243410,0.058406
2026-01-19,16.487337,0.290595,0.241000,0.049595
2026-01-20,16.490075,0.280564,0.238573,0.041991
2026-01-21,16.492813,0.272902,0.236128,0.036774
2026-01-22,16.495551,0.274481,0.233666,0.040815
2026-01-23,16.498289,0.273416,0.231187,0.042229
2026-01-24,16.501027,0.272165,0.228690,0.043475
2026-01-25,16.503765,0.265496,0.226176,0.039320
2026-01-26,16.506502,0.263161,0.223645,0.039516
2026-01-27,16.509240,0.265613,0.221096,0.044517
2026-01-28,16.511978,0.270085,0.218529,0.051556
2026-01-29,16.514716,0.256975,0.215944,0.041031
2026-01-30,16.517454,0.237566,0.213341,0.024224
2026-01-31,16.520192,0.230317,0.210721,0.019596
2026-02-01,16.522930,0.209168,0.208083,0.001085
2026-02-02,16.525667,0.207016,0.205426,0.001590
2026-02-03,16.528405,0.205795,0.202752,0.003043
2026-02-04,16.531143,0.191820,0.200059,-0.008239
2026-02-05,16.533881,0.154555,0.197349,-0.042793
2026-02-06,16.536619,0.142503,0.194619,-0.052117
2026-02-07,16.539357,0.156447,0.191872,-0.035425
2026-02-08,16.542094,0.161859,0.189106,-0.027247
2026-02-09,16.544832,0.161254,0.186321,-0.025068
2026-02-10,16.547570,0.150398,0.183518,-0.033120
2026-02-11,16.550308,0.141921,0.180697,-0.038775
2026-02-12,16.553046,0.134112,0.177856,-0.043745
2026-02-13,16.555784,0.150997,0.174997,-0.024000
2026-02-14,16.558522,0.156848,0.172119,-0.015271
2026-02-15,16.561259,0.150214,0.169222,-0.019008
2026-02-16,16.563997,0.147736,0.166306,-0.018570
2026-02-17,16.566735,0.140487,0.163371,-0.022884
2026-02-18,16.569473,0.132880,0.160416,-0.027537
2026-02-19,16.572211,0.135901,0.157443,-0.021542
2026-02-20,16.574949,0.142786,0.154450,-0.011664
2026-02-21,16.577687,0.141838,0.151438,-0.009600
2026-02-22,16.580424,0.139567,0.148406,-0.008839
2026-02-23,16.583162,0.119941,0.145355,-0.025414
2026-02-24,16.585900,0.115491,0.142284,-0.026793
2026-02-25,16.588638,0.143492,0.139193,0.004299
2026-02-26,16.591376,0.137492,0.136083,0.001409
2026-02-27,16.594114,0.124425,0.132953,-0.008528
2026-02-28,16.596851,0.134347,0.129803,0.004544
2026-03-01,16.599589,0.121129,0.126633,-0.005504
2026-03-02,16.602327,0.147622,0.123443,0.024179
2026-03-03,16.605065,0.140169,0.120233,0.019936
2026-03-04,16.607803,0.167254,0.117003,0.050251
2026-03-05,16.610541,0.157917,0.113753,0.044165
2026-03-06,16.613279,0.140009,0.110482,0.029527
2026-03-07,16.616016,0.132188,0.107190,0.024997
2026-03-08,16.618754,0.125278,0.103879,0.021400
2026-03-09,16.621492,0.140383,0.100546,0.039837
2026-03-10,16.624230,0.146680,0.097193,0.049486
2026-03-11,16.626968,0.150605,0.093820,0.056785
2026-03-12,16.629706,0.148812,0.090425,0.058387
2026-03-13,16.632444,0.152299,0.087010,0.065289
2026-03-14,16.635181,0.151501,0.083574,0.067927
2026-03-15,16.637919,0.163601,0.080116,0.083485
2026-03-16,16.640657,0.174625,0.076638,0.097987
2026-03-17,16.643395,0.171902,0.073138,0.098764
2026-03-18,16.646133,0.152563,0.069617,0.082946
2026-03-19,16.648871,0.146117,0.066075,0.080042
2026-03-20,16.651608,0.149656,0.062511,0.087144
2026-03-21,16.654346,0.146280,0.058926,0.087354
2026-03-22,16.657084,0.133408,0.055320,0.078088
2026-03-23,16.659822,0.148393,0.051691,0.096702
2026-03-24,16.662560,0.145401,0.048041,0.097360
2026-03-25,16.665298,0.151262,0.044369,0.106892
2026-03-26,16.668036,0.135299,0.040676,0.094623
2026-03-27,16.670773,0.116604,0.036960,0.079644
