date,years,excess,fit,residual
2010-07-26,1.002053,0.276323,0.515078,-0.238755
2010-07-27,1.004791,0.315149,0.514548,-0.199399
2010-07-28,1.007529,0.303992,0.514014,-0.210023
2010-07-29,1.010267,0.325445,0.513478,-0.188033
2010-07-30,1.013005,0.345279,0.512937,-0.167659
2010-07-31,1.015743,0.317580,0.512394,-0.194814
2010-08-01,1.018480,0.301491,0.511847,-0.210356
2010-08-02,1.021218,0.301592,0.511297,-0.209706
2010-08-03,1.023956,0.294410,0.510744,-0.216334
2010-08-04,1.026694,0.284264,0.510188,-0.225924
2010-08-05,1.029432,0.273498,0.509628,-0.236130
2010-08-06,1.032170,0.281307,0.509066,-0.227758
2010-08-07,1.034908,0.265214,0.508500,-0.243286
2010-08-08,1.037645,0.256204,0.507930,-0.251727
2010-08-09,1.040383,0.283963,0.507358,-0.223395
2010-08-10,1.043121,0.306183,0.506783,-0.200599
2010-08-11,1.045859,0.298874,0.506204,-0.207330
2010-08-12,1.048597,0.281971,0.505622,-0.223652
2010-08-13,1.051335,0.264601,0.505037,-0.240437
2010-08-14,1.054073,0.265159,0.504449,-0.239290
2010-08-15,1.056810,0.254009,0.503858,-0.249850
2010-08-16,1.059548,0.245009,0.503264,-0.258255
2010-08-17,1.062286,0.249150,0.502667,-0.253517
2010-08-18,1.065024,0.260214,0.502067,-0.241852
2010-08-19,1.067762,0.242071,0.501464,-0.259393
2010-08-20,1.070500,0.226819,0.500857,-0.274039
2010-08-21,1.073238,0.218457,0.500248,-0.281791
2010-08-22,1.075975,0.199242,0.499636,-0.300393
2010-08-23,1.078713,0.203339,0.499020,-0.295682
2010-08-24,1.081451,0.202656,0.498402,-0.295746
2010-08-25,1.084189,0.194553,0.497781,-0.303228
2010-08-26,1.086927,0.184551,0.497157,-0.312606
2010-08-27,1.089665,0.177080,0.496530,-0.319450
2010-08-28,1.092402,0.173726,0.495900,-0.322174
2010-08-29,1.095140,0.165991,0.495267,-0.329276
2010-08-30,1.097878,0.151148,0.494631,-0.343483
2010-08-31,1.100616,0.145303,0.493992,-0.348689
2010-09-01,1.103354,0.125300,0.493351,-0.368051
2010-09-02,1.106092,0.120912,0.492706,-0.371795
2010-09-03,1.108830,0.120190,0.492059,-0.371869
2010-09-04,1.111567,0.112637,0.491409,-0.378773
2010-09-05,1.114305,0.111057,0.490756,-0.379700
2010-09-06,1.117043,0.104057,0.490101,-0.386043
2010-09-07,1.119781,0.095476,0.489442,-0.393966
2010-09-08,1.122519,0.088694,0.488781,-0.400087
2010-09-09,1.125257,0.085451,0.488117,-0.402666
2010-09-10,1.127995,0.075368,0.487451,-0.412083
2010-09-11,1.130732,0.083336,0.486782,-0.403445
2010-09-12,1.133470,0.071163,0.486110,-0.414946
2010-09-13,1.136208,0.066174,0.485435,-0.419261
2010-09-14,1.138946,0.078084,0.484757,-0.406673
2010-09-15,1.141684,0.050936,0.484077,-0.433142
2010-09-16,1.144422,0.050516,0.483395,-0.432879
2010-09-17,1.147159,0.035881,0.482709,-0.446829
2010-09-18,1.149897,0.029138,0.482022,-0.452884
2010-09-19,1.152635,0.035001,0.481331,-0.446330
2010-09-20,1.155373,0.033832,0.480638,-0.446806
2010-09-21,1.158111,0.030962,0.479942,-0.448981
2010-09-22,1.160849,0.020723,0.479244,-0.458521
2010-09-23,1.163587,0.016453,0.478543,-0.462091
2010-09-24,1.166324,0.010825,0.477840,-0.467015
2010-09-25,1.169062,0.004280,0.477134,-0.472855
2010-09-26,1.171800,-0.000503,0.476426,-0.476929
2010-09-27,1.174538,-0.005572,0.475715,-0.481287
2010-09-28,1.177276,-0.011810,0.475002,-0.486812
2010-09-29,1.180014,-0.017717,0.474287,-0.492004
2010-09-30,1.182752,-0.023555,0.473569,-0.497123
2010-10-01,1.185489,-0.027254,0.472848,-0.500102
2010-10-02,1.188227,-0.035865,0.472125,-0.507990
2010-10-03,1.190965,-0.042328,0.471400,-0.513728
2010-10-04,1.193703,-0.048135,0.470672,-0.518808
2010-10-05,1.196441,-0.050704,0.469942,-0.520646
2010-10-06,1.199179,-0.047071,0.469210,-0.516282
2010-10-07,1.201916,-0.044306,0.468476,-0.512781
2010-10-08,1.204654,0.029280,0.467739,-0.438458
2010-10-09,1.207392,0.068829,0.466999,-0.398170
2010-10-10,1.210130,0.119719,0.466258,-0.346539
2010-10-11,1.212868,0.108789,0.465514,-0.356725
2010-10-12,1.215606,0.087080,0.464768,-0.377688
2010-10-13,1.218344,0.101025,0.464020,-0.362995
2010-10-14,1.221081,0.114591,0.463270,-0.348678
2010-10-15,1.223819,0.116723,0.462517,-0.345795
2010-10-16,1.226557,0.111843,0.461762,-0.349919
2010-10-17,1.229295,0.110909,0.461006,-0.350097
2010-10-18,1.232033,0.102225,0.460247,-0.358022
2010-10-19,1.234771,0.090195,0.459485,-0.369290
2010-10-20,1.237509,0.074806,0.458722,-0.383916
2010-10-21,1.240246,0.085489,0.457957,-0.372468
2010-10-22,1.242984,0.095722,0.457189,-0.361467
2010-10-23,1.245722,0.104897,0.456420,-0.351523
2010-10-24,1.248460,0.154877,0.455648,-0.300771
2010-10-25,1.251198,0.173780,0.454875,-0.281095
2010-10-26,1.253936,0.247708,0.454099,-0.206391
2010-10-27,1.256674,0.293468,0.453322,-0.159854
2010-10-28,1.259411,0.312396,0.452542,-0.140146
2010-10-29,1.262149,0.306655,0.451761,-0.145106
2010-10-30,1.264887,0.315893,0.450977,-0.135084
2010-10-31,1.267625,0.320483,0.450192,-0.129709
2010-11-01,1.270363,0.307537,0.449405,-0.141868
2010-11-02,1.273101,0.307113,0.448616,-0.141503
2010-11-03,1.275838,0.277616,0.447825,-0.170208
2010-11-04,1.278576,0.332622,0.447032,-0.114410
2010-11-05,1.281314,0.379538,0.446237,-0.066699
2010-11-06,1.284052,0.439842,0.445441,-0.005598
2010-11-07,1.286790,0.555587,0.444643,0.110944
2010-11-08,1.289528,0.497220,0.443842,0.053378
2010-11-09,1.292266,0.402200,0.443041,-0.040840
2010-11-10,1.295003,0.284627,0.442237,-0.157610
2010-11-11,1.297741,0.334002,0.441432,-0.107429
2010-11-12,1.300479,0.365918,0.440625,-0.074707
2010-11-13,1.303217,0.415250,0.439816,-0.024565
2010-11-14,1.305955,0.411217,0.439006,-0.027788
2010-11-15,1.308693,0.404500,0.438193,-0.033694
2010-11-16,1.311431,0.359611,0.437380,-0.077769
2010-11-17,1.314168,0.349679,0.436564,-0.086886
2010-11-18,1.316906,0.349374,0.435747,-0.086373
2010-11-19,1.319644,0.376365,0.434929,-0.058564
2010-11-20,1.322382,0.380921,0.434109,-0.053188
2010-11-21,1.325120,0.375977,0.433287,-0.057310
2010-11-22,1.327858,0.373618,0.432464,-0.058846
2010-11-23,1.330595,0.373841,0.431639,-0.057798
2010-11-24,1.333333,0.367718,0.430813,-0.063095
2010-11-25,1.336071,0.362816,0.429985,-0.067169
2010-11-26,1.338809,0.359594,0.429156,-0.069562
2010-11-27,1.341547,0.357280,0.428325,-0.071045
2010-11-28,1.344285,0.345915,0.427493,-0.081579
2010-11-29,1.347023,0.306370,0.426660,-0.120290
2010-11-30,1.349760,0.225547,0.425825,-0.200278
2010-12-01,1.352498,0.226730,0.424989,-0.198258
2010-12-02,1.355236,0.256240,0.424151,-0.167912
2010-12-03,1.357974,0.272020,0.423312,-0.151292
2010-12-04,1.360712,0.255160,0.422472,-0.167312
2010-12-05,1.363450,0.195560,0.421630,-0.226070
2010-12-06,1.366188,0.163574,0.420788,-0.257214
2010-12-07,1.368925,0.180773,0.419943,-0.239171
2010-12-08,1.371663,0.219355,0.419098,-0.199743
2010-12-09,1.374401,0.164245,0.418251,-0.254006
2010-12-10,1.377139,0.134283,0.417404,-0.283121
2010-12-11,1.379877,0.185367,0.416555,-0.231187
2010-12-12,1.382615,0.174740,0.415704,-0.240964
2010-12-13,1.385352,0.177177,0.414853,-0.237676
2010-12-14,1.388090,0.188360,0.414001,-0.225640
2010-12-15,1.390828,0.208408,0.413147,-0.204739
2010-12-16,1.393566,0.199981,0.412292,-0.212311
2010-12-17,1.396304,0.206921,0.411437,-0.204515
2010-12-18,1.399042,0.204430,0.410580,-0.206150
2010-12-19,1.401780,0.196776,0.409722,-0.212945
2010-12-20,1.404517,0.210482,0.408863,-0.198381
2010-12-21,1.407255,0.210955,0.408003,-0.197048
2010-12-22,1.409993,0.189749,0.407142,-0.217393
2010-12-23,1.412731,0.185485,0.406280,-0.220795
2010-12-24,1.415469,0.182341,0.405417,-0.223076
2010-12-25,1.418207,0.178022,0.404553,-0.226531
2010-12-26,1.420945,0.184582,0.403689,-0.219107
2010-12-27,1.423682,0.184179,0.402823,-0.218644
2010-12-28,1.426420,0.200276,0.401957,-0.201680
2010-12-29,1.429158,0.226763,0.401089,-0.174326
2010-12-30,1.431896,0.230596,0.400221,-0.169625
2010-12-31,1.434634,0.228942,0.399352,-0.170410
2011-01-01,1.437372,0.224371,0.398482,-0.174111
2011-01-02,1.440110,0.220205,0.397612,-0.177407
2011-01-03,1.442847,0.211084,0.396740,-0.185656
2011-01-04,1.445585,0.208918,0.395868,-0.186950
2011-01-05,1.448323,0.205788,0.394995,-0.189207
2011-01-06,1.451061,0.203709,0.394122,-0.190413
2011-01-07,1.453799,0.222555,0.393248,-0.170692
2011-01-08,1.456537,0.221149,0.392373,-0.171224
2011-01-09,1.459274,0.227386,0.391497,-0.164111
2011-01-10,1.462012,0.227114,0.390621,-0.163507
2011-01-11,1.464750,0.223070,0.389744,-0.166675
2011-01-12,1.467488,0.227719,0.388867,-0.161147
2011-01-13,1.470226,0.266863,0.387989,-0.121125
2011-01-14,1.472964,0.270671,0.387110,-0.116440
2011-01-15,1.475702,0.286475,0.386231,-0.099756
2011-01-16,1.478439,0.284355,0.385351,-0.100996
2011-01-17,1.481177,0.263809,0.384471,-0.120662
2011-01-18,1.483915,0.205002,0.383591,-0.178589
2011-01-19,1.486653,0.170014,0.382710,-0.212696
2011-01-20,1.489391,0.206324,0.381828,-0.175504
2011-01-21,1.492129,0.262089,0.380946,-0.118858
2011-01-22,1.494867,0.288327,0.380064,-0.091737
2011-01-23,1.497604,0.301106,0.379181,-0.078075
2011-01-24,1.500342,0.269479,0.378298,-0.108819
2011-01-25,1.503080,0.271840,0.377415,-0.105574
2011-01-26,1.505818,0.261115,0.376531,-0.115416
2011-01-27,1.508556,0.262203,0.375647,-0.113444
2011-01-28,1.511294,0.275505,0.374763,-0.099257
2011-01-29,1.514031,0.280757,0.373878,-0.093121
2011-01-30,1.516769,0.297974,0.372993,-0.075019
2011-01-31,1.519507,0.329071,0.372108,-0.043037
2011-02-01,1.522245,0.454422,0.371223,0.083199
2011-02-02,1.524983,0.481502,0.370337,0.111164
2011-02-03,1.527721,0.469653,0.369452,0.100201
2011-02-04,1.530459,0.499996,0.368566,0.131430
2011-02-05,1.533196,0.550902,0.367680,0.183222
2011-02-06,1.535934,0.556209,0.366794,0.189415
2011-02-07,1.538672,0.541215,0.365907,0.175307
2011-02-08,1.541410,0.547695,0.365021,0.182673
2011-02-09,1.544148,0.560874,0.364135,0.196739
2011-02-10,1.546886,0.602760,0.363248,0.239511
2011-02-11,1.549624,0.576391,0.362362,0.214029
2011-02-12,1.552361,0.597540,0.361476,0.236064
2011-02-13,1.555099,0.595774,0.360589,0.235184
2011-02-14,1.557837,0.597775,0.359703,0.238072
2011-02-15,1.560575,0.590230,0.358817,0.231413
2011-02-16,1.563313,0.582016,0.357930,0.224086
2011-02-17,1.566051,0.580664,0.357044,0.223619
2011-02-18,1.568789,0.556802,0.356158,0.200644
2011-02-19,1.571526,0.522777,0.355272,0.167505
2011-02-20,1.574264,0.488214,0.354387,0.133828
2011-02-21,1.577002,0.475345,0.353501,0.121844
2011-02-22,1.579740,0.477775,0.352616,0.125159
2011-02-23,1.582478,0.495228,0.351730,0.143498
2011-02-24,1.585216,0.510005,0.350845,0.159160
2011-02-25,1.587953,0.515817,0.349961,0.165856
2011-02-26,1.590691,0.500649,0.349076,0.151573
2011-02-27,1.593429,0.495054,0.348192,0.146862
2011-02-28,1.596167,0.470240,0.347308,0.122931
2011-03-01,1.598905,0.478988,0.346425,0.132563
2011-03-02,1.601643,0.476717,0.345542,0.131175
2011-03-03,1.604381,0.475965,0.344659,0.131306
2011-03-04,1.607118,0.464788,0.343777,0.121011
2011-03-05,1.609856,0.456984,0.342895,0.114090
2011-03-06,1.612594,0.424113,0.342013,0.082100
2011-03-07,1.615332,0.433854,0.341132,0.092722
2011-03-08,1.618070,0.429040,0.340251,0.088788
2011-03-09,1.620808,0.418912,0.339371,0.079542
2011-03-10,1.623546,0.418583,0.338491,0.080092
2011-03-11,1.626283,0.428939,0.337612,0.091327
2011-03-12,1.629021,0.427214,0.336733,0.090480
2011-03-13,1.631759,0.424800,0.335855,0.088945
2011-03-14,1.634497,0.415359,0.334978,0.080381
2011-03-15,1.637235,0.408176,0.334101,0.074075
2011-03-16,1.639973,0.393488,0.333224,0.060264
2011-03-17,1.642710,0.378957,0.332349,0.046609
2011-03-18,1.645448,0.359159,0.331474,0.027686
2011-03-19,1.648186,0.329250,0.330599,-0.001349
2011-03-20,1.650924,0.330637,0.329726,0.000912
2011-03-21,1.653662,0.316824,0.328853,-0.012029
2011-03-22,1.656400,0.327713,0.327980,-0.000267
2011-03-23,1.659138,0.352927,0.327109,0.025819
2011-03-24,1.661875,0.360653,0.326238,0.034415
2011-03-25,1.664613,0.368325,0.325368,0.042957
2011-03-26,1.667351,0.360244,0.324499,0.035745
2011-03-27,1.670089,0.345258,0.323631,0.021627
2011-03-28,1.672827,0.321408,0.322763,-0.001355
2011-03-29,1.675565,0.307643,0.321896,-0.014253
2011-03-30,1.678303,0.302941,0.321031,-0.018090
2011-03-31,1.681040,0.300603,0.320166,-0.019562
2011-04-01,1.683778,0.292948,0.319302,-0.026354
2011-04-02,1.686516,0.292396,0.318439,-0.026042
2011-04-03,1.689254,0.285904,0.317577,-0.031672
2011-04-04,1.691992,0.230493,0.316716,-0.086223
2011-04-05,1.694730,0.203564,0.315856,-0.112292
2011-04-06,1.697467,0.236939,0.314997,-0.078057
2011-04-07,1.700205,0.255485,0.314139,-0.058654
2011-04-08,1.702943,0.258442,0.313282,-0.054839
2011-04-09,1.705681,0.245024,0.312426,-0.067401
2011-04-10,1.708419,0.237641,0.311571,-0.073930
2011-04-11,1.711157,0.244786,0.310717,-0.065931
2011-04-12,1.713895,0.284655,0.309864,-0.025209
2011-04-13,1.716632,0.320006,0.309013,0.010993
2011-04-14,1.719370,0.323821,0.308163,0.015658
2011-04-15,1.722108,0.355283,0.307313,0.047970
2011-04-16,1.724846,0.359072,0.306465,0.052606
2011-04-17,1.727584,0.363177,0.305619,0.057558
2011-04-18,1.730322,0.398515,0.304773,0.093742
2011-04-19,1.733060,0.405497,0.303929,0.101568
2011-04-20,1.735797,0.398431,0.303086,0.095344
2011-04-21,1.738535,0.395296,0.302244,0.093051
2011-04-22,1.741273,0.429828,0.301404,0.128424
2011-04-23,1.744011,0.488116,0.300565,0.187550
2011-04-24,1.746749,0.543531,0.299727,0.243803
2011-04-25,1.749487,0.516613,0.298891,0.217722
2011-04-26,1.752225,0.524638,0.298056,0.226581
2011-04-27,1.754962,0.575776,0.297223,0.278554
2011-04-28,1.757700,0.604998,0.296390,0.308608
2011-04-29,1.760438,0.695978,0.295560,0.400419
2011-04-30,1.763176,0.794127,0.294731,0.499397
2011-05-01,1.765914,0.815904,0.293903,0.522001
2011-05-02,1.768652,0.793871,0.293077,0.500794
2011-05-03,1.771389,0.803420,0.292252,0.511168
2011-05-04,1.774127,0.814432,0.291429,0.523004
2011-05-05,1.776865,0.812794,0.290607,0.522187
2011-05-06,1.779603,0.817505,0.289787,0.527718
2011-05-07,1.782341,0.824693,0.288968,0.535725
2011-05-08,1.785079,0.844290,0.288151,0.556139
2011-05-09,1.787817,0.847191,0.287336,0.559855
2011-05-10,1.790554,0.931240,0.286522,0.644718
2011-05-11,1.793292,1.007114,0.285710,0.721403
2011-05-12,1.796030,1.006944,0.284900,0.722044
2011-05-13,1.798768,1.125205,0.284092,0.841113
2011-05-14,1.801506,1.165183,0.283285,0.881899
2011-05-15,1.804244,1.070661,0.282479,0.788182
2011-05-16,1.806982,1.128177,0.281676,0.846501
2011-05-17,1.809719,1.120841,0.280874,0.839967
2011-05-18,1.812457,1.089885,0.280074,0.809811
2011-05-19,1.815195,1.075605,0.279276,0.796328
2011-05-20,1.817933,1.050341,0.278480,0.771861
2011-05-21,1.820671,0.994977,0.277686,0.717291
2011-05-22,1.823409,1.025860,0.276893,0.748967
2011-05-23,1.826146,1.068374,0.276102,0.792272
2011-05-24,1.828884,1.065913,0.275313,0.790600
2011-05-25,1.831622,1.082018,0.274526,0.807492
2011-05-26,1.834360,1.139000,0.273741,0.865258
2011-05-27,1.837098,1.144660,0.272958,0.871701
2011-05-28,1.839836,1.129532,0.272177,0.857355
2011-05-29,1.842574,1.117087,0.271398,0.845689
2011-05-30,1.845311,1.129353,0.270621,0.858732
2011-05-31,1.848049,1.141086,0.269846,0.871240
2011-06-01,1.850787,1.144882,0.269073,0.875809
2011-06-02,1.853525,1.187510,0.268302,0.919208
2011-06-03,1.856263,1.286167,0.267533,1.018634
2011-06-04,1.859001,1.389739,0.266766,1.122973
2011-06-05,1.861739,1.417831,0.266001,1.151830
2011-06-06,1.864476,1.434261,0.265238,1.169023
2011-06-07,1.867214,1.448973,0.264478,1.184495
2011-06-08,1.869952,1.602165,0.263719,1.338446
2011-06-09,1.872690,1.633441,0.262963,1.370478
2011-06-10,1.875428,1.583629,0.262209,1.321420
2011-06-11,1.878166,1.455091,0.261457,1.193634
2011-06-12,1.880903,1.374129,0.260707,1.113422
2011-06-13,1.883641,1.469430,0.259960,1.209471
2011-06-14,1.886379,1.430060,0.259214,1.170845
2011-06-15,1.889117,1.439261,0.258471,1.180789
2011-06-16,1.891855,1.425236,0.257731,1.167506
2011-06-17,1.894593,1.334391,0.256992,1.077398
2011-06-18,1.897331,1.334351,0.256256,1.078094
2011-06-19,1.900068,1.378253,0.255523,1.122730
2011-06-20,1.902806,1.273712,0.254791,1.018921
2011-06-21,1.905544,1.303361,0.254062,1.049299
2011-06-22,1.908282,1.330704,0.253336,1.077368
2011-06-23,1.911020,1.360788,0.252611,1.108176
2011-06-24,1.913758,1.357849,0.251890,1.105960
2011-06-25,1.916496,1.354668,0.251170,1.103497
2011-06-26,1.919233,1.351739,0.250453,1.101286
2011-06-27,1.921971,1.335984,0.249739,1.086245
2011-06-28,1.924709,1.319595,0.249027,1.070569
2011-06-29,1.927447,1.303068,0.248317,1.054751
2011-06-30,1.930185,1.286120,0.247610,1.038510
2011-07-01,1.932923,1.268725,0.246906,1.021819
2011-07-02,1.935661,1.250852,0.246204,1.004648
2011-07-03,1.938398,1.235557,0.245504,0.990052
2011-07-04,1.941136,1.203770,0.244808,0.958963
2011-07-05,1.943874,1.187990,0.244113,0.943876
2011-07-06,1.946612,1.245621,0.243422,1.002199
2011-07-07,1.949350,1.226345,0.242733,0.983612
2011-07-08,1.952088,1.228878,0.242046,0.986832
2011-07-09,1.954825,1.228774,0.241363,0.987411
2011-07-10,1.957563,1.241157,0.240682,1.000475
2011-07-11,1.960301,1.207975,0.240003,0.967972
2011-07-12,1.963039,1.202019,0.239328,0.962691
2011-07-13,1.965777,1.198761,0.238655,0.960106
2011-07-14,1.968515,1.198936,0.237984,0.960951
2011-07-15,1.971253,1.204760,0.237317,0.967443
2011-07-16,1.973990,1.176176,0.236652,0.939523
2011-07-17,1.976728,1.171659,0.235990,0.935668
2011-07-18,1.979466,1.170260,0.235331,0.934929
2011-07-19,1.982204,1.171551,0.234675,0.936876
2011-07-20,1.984942,1.169985,0.234021,0.935963
2011-07-21,1.987680,1.171542,0.233371,0.938171
2011-07-22,1.990418,1.166804,0.232723,0.934081
2011-07-23,1.993155,1.159788,0.232078,0.927711
2011-07-24,1.995893,1.160992,0.231436,0.929557
2011-07-25,1.998631,1.167398,0.230797,0.936601
2011-07-26,2.001369,1.163993,0.230160,0.933833
2011-07-27,2.004107,1.157298,0.229527,0.927771
2011-07-28,2.006845,1.145672,0.228896,0.916776
2011-07-29,2.009582,1.138659,0.228269,0.910390
2011-07-30,2.012320,1.138698,0.227644,0.911054
2011-07-31,2.015058,1.128732,0.227023,0.901709
2011-08-01,2.017796,1.118679,0.226404,0.892274
2011-08-02,2.020534,1.096513,0.225789,0.870724
2011-08-03,2.023272,1.019197,0.225176,0.794021
2011-08-04,2.026010,1.018710,0.224567,0.794143
2011-08-05,2.028747,1.013159,0.223961,0.789199
2011-08-06,2.031485,0.931394,0.223357,0.708037
2011-08-07,2.034223,0.886160,0.222757,0.663404
2011-08-08,2.036961,0.879089,0.222160,0.656929
2011-08-09,2.039699,0.956264,0.221566,0.734698
2011-08-10,2.042437,0.973620,0.220975,0.752645
2011-08-11,2.045175,0.958292,0.220387,0.737905
2011-08-12,2.047912,0.936458,0.219802,0.716656
2011-08-13,2.050650,0.947715,0.219221,0.728494
2011-08-14,2.053388,0.975810,0.218643,0.757167
2011-08-15,2.056126,1.002006,0.218067,0.783938
2011-08-16,2.058864,0.995356,0.217496,0.777860
2011-08-17,2.061602,0.988091,0.216927,0.771164
2011-08-18,2.064339,0.984921,0.216361,0.768559
2011-08-19,2.067077,0.996996,0.215799,0.781197
2011-08-20,2.069815,1.000186,0.215240,0.784946
2011-08-21,2.072553,0.992871,0.214685,0.778187
2011-08-22,2.075291,0.980324,0.214132,0.766191
2011-08-23,2.078029,0.973859,0.213583,0.760276
2011-08-24,2.080767,0.967081,0.213037,0.754043
2011-08-25,2.083504,0.937259,0.212495,0.724764
2011-08-26,2.086242,0.924505,0.211956,0.712549
2011-08-27,2.088980,0.857737,0.211420,0.646317
2011-08-28,2.091718,0.862512,0.210887,0.651625
2011-08-29,2.094456,0.865036,0.210358,0.654678
2011-08-30,2.097194,0.856870,0.209833,0.647037
2011-08-31,2.099932,0.835508,0.209310,0.626197
2011-09-01,2.102669,0.820581,0.208792,0.611789
2011-09-02,2.105407,0.828766,0.208276,0.620489
2011-09-03,2.108145,0.830930,0.207764,0.623166
2011-09-04,2.110883,0.812597,0.207256,0.605341
2011-09-05,2.113621,0.778662,0.206751,0.571911
2011-09-06,2.116359,0.723815,0.206249,0.517566
2011-09-07,2.119097,0.737207,0.205751,0.531456
2011-09-08,2.121834,0.721892,0.205256,0.516636
2011-09-09,2.124572,0.608261,0.204765,0.403496
2011-09-10,2.127310,0.587557,0.204277,0.383279
2011-09-11,2.130048,0.638023,0.203793,0.434230
2011-09-12,2.132786,0.664562,0.203313,0.461249
2011-09-13,2.135524,0.649182,0.202836,0.446346
2011-09-14,2.138261,0.619032,0.202363,0.416670
2011-09-15,2.140999,0.579974,0.201893,0.378082
2011-09-16,2.143737,0.550200,0.201426,0.348774
2011-09-17,2.146475,0.550083,0.200964,0.349119
2011-09-18,2.149213,0.551435,0.200505,0.350930
2011-09-19,2.151951,0.559986,0.200049,0.359937
2011-09-20,2.154689,0.607663,0.199598,0.408065
2011-09-21,2.157426,0.603727,0.199150,0.404578
2011-09-22,2.160164,0.594319,0.198705,0.395614
2011-09-23,2.162902,0.593707,0.198264,0.395442
2011-09-24,2.165640,0.589809,0.197827,0.391982
2011-09-25,2.168378,0.595575,0.197394,0.398181
2011-09-26,2.171116,0.573674,0.196964,0.376710
2011-09-27,2.173854,0.521184,0.196538,0.324646
2011-09-28,2.176591,0.515044,0.196116,0.318928
2011-09-29,2.179329,0.505918,0.195697,0.310221
2011-09-30,2.182067,0.524413,0.195282,0.329131
2011-10-01,2.184805,0.518351,0.194871,0.323480
2011-10-02,2.187543,0.515118,0.194464,0.320654
2011-10-03,2.190281,0.504952,0.194060,0.310891
2011-10-04,2.193018,0.506724,0.193661,0.313063
2011-10-05,2.195756,0.512353,0.193265,0.319088
2011-10-06,2.198494,0.490209,0.192873,0.297336
2011-10-07,2.201232,0.461608,0.192484,0.269124
2011-10-08,2.203970,0.428228,0.192100,0.236128
2011-10-09,2.206708,0.402835,0.191719,0.211116
2011-10-10,2.209446,0.416385,0.191342,0.225043
2011-10-11,2.212183,0.418902,0.190969,0.227932
2011-10-12,2.214921,0.389001,0.190600,0.198401
2011-10-13,2.217659,0.392940,0.190235,0.202706
2011-10-14,2.220397,0.390700,0.189874,0.200826
2011-10-15,2.223135,0.375990,0.189516,0.186474
2011-10-16,2.225873,0.350226,0.189163,0.161063
2011-10-17,2.228611,0.319274,0.188813,0.130461
2011-10-18,2.231348,0.189541,0.188467,0.001074
2011-10-19,2.234086,0.148188,0.188125,-0.039938
2011-10-20,2.236824,0.127186,0.187787,-0.060601
2011-10-21,2.239562,0.149933,0.187453,-0.037520
2011-10-22,2.242300,0.241211,0.187123,0.054088
2011-10-23,2.245038,0.249740,0.186797,0.062943
2011-10-24,2.247775,0.222894,0.186475,0.036418
2011-10-25,2.250513,0.191169,0.186157,0.005012
2011-10-26,2.253251,0.189838,0.185843,0.003995
2011-10-27,2.255989,0.208012,0.185533,0.022478
2011-10-28,2.258727,0.273136,0.185227,0.087909
2011-10-29,2.261465,0.316541,0.184925,0.131616
2011-10-30,2.264203,0.280955,0.184627,0.096328
2011-10-31,2.266940,0.246934,0.184333,0.062601
2011-11-01,2.269678,0.242817,0.184043,0.058774
2011-11-02,2.272416,0.242684,0.183757,0.058927
2011-11-03,2.275154,0.240708,0.183475,0.057233
2011-11-04,2.277892,0.239716,0.183197,0.056519
2011-11-05,2.280630,0.210383,0.182924,0.027459
2011-11-06,2.283368,0.192626,0.182654,0.009972
2011-11-07,2.286105,0.195200,0.182388,0.012812
2011-11-08,2.288843,0.210918,0.182127,0.028791
2011-11-09,2.291581,0.203645,0.181869,0.021775
2011-11-10,2.294319,0.200527,0.181616,0.018911
2011-11-11,2.297057,0.201394,0.181367,0.020027
2011-11-12,2.299795,0.207601,0.181122,0.026479
2011-11-13,2.302533,0.200749,0.180881,0.019868
2011-11-14,2.305270,0.123827,0.180644,-0.056817
2011-11-15,2.308008,0.110585,0.180411,-0.069826
2011-11-16,2.310746,0.105817,0.180183,-0.074366
2011-11-17,2.313484,0.100461,0.179958,-0.079498
2011-11-18,2.316222,0.060773,0.179738,-0.118966
2011-11-19,2.318960,0.050837,0.179522,-0.128685
2011-11-20,2.321697,0.037736,0.179310,-0.141575
2011-11-21,2.324435,0.057365,0.179103,-0.121737
2011-11-22,2.327173,0.054083,0.178899,-0.124816
2011-11-23,2.329911,0.030347,0.178700,-0.148353
2011-11-24,2.332649,0.078910,0.178505,-0.099594
2011-11-25,2.335387,0.282123,0.178314,0.103809
2011-11-26,2.338125,0.071220,0.178127,-0.106907
2011-11-27,2.340862,0.057838,0.177945,-0.120107
2011-11-28,2.343600,0.081459,0.177766,-0.096307
2011-11-29,2.346338,0.119808,0.177592,-0.057785
2011-11-30,2.349076,0.126197,0.177423,-0.051226
2011-12-01,2.351814,0.165552,0.177257,-0.011705
2011-12-02,2.354552,0.147709,0.177096,-0.029387
2011-12-03,2.357290,0.122758,0.176939,-0.054181
2011-12-04,2.360027,0.090744,0.176786,-0.086042
2011-12-05,2.362765,0.104263,0.176637,-0.072374
2011-12-06,2.365503,0.118719,0.176493,-0.057774
2011-12-07,2.368241,0.131675,0.176353,-0.044678
2011-12-08,2.370979,0.129213,0.176217,-0.047004
2011-12-09,2.373717,0.110869,0.176086,-0.065217
2011-12-10,2.376454,0.121159,0.175959,-0.054800
2011-12-11,2.379192,0.135804,0.175836,-0.040032
2011-12-12,2.381930,0.154437,0.175717,-0.021280
2011-12-13,2.384668,0.140108,0.175603,-0.035495
2011-12-14,2.387406,0.140203,0.175493,-0.035291
2011-12-15,2.390144,0.140318,0.175387,-0.035069
2011-12-16,2.392882,0.133896,0.175286,-0.041390
2011-12-17,2.395619,0.137681,0.175189,-0.037508
2011-12-18,2.398357,0.139052,0.175096,-0.036044
2011-12-19,2.401095,0.168958,0.175008,-0.006050
2011-12-20,2.403833,0.237696,0.174924,0.062772
2011-12-21,2.406571,0.222648,0.174844,0.047804
2011-12-22,2.409309,0.205539,0.174769,0.030770
2011-12-23,2.412047,0.205975,0.174698,0.031277
2011-12-24,2.414784,0.222638,0.174631,0.048007
2011-12-25,2.417522,0.218172,0.174569,0.043603
2011-12-26,2.420260,0.219647,0.174511,0.045136
2011-12-27,2.422998,0.208361,0.174457,0.033904
2011-12-28,2.425736,0.218086,0.174408,0.043678
2011-12-29,2.428474,0.215592,0.174363,0.041229
2011-12-30,2.431211,0.221136,0.174323,0.046814
2011-12-31,2.433949,0.230404,0.174286,0.056118
2012-01-01,2.436687,0.266522,0.174255,0.092267
2012-01-02,2.439425,0.286195,0.174227,0.111967
2012-01-03,2.442163,0.283231,0.174204,0.109027
2012-01-04,2.444901,0.286139,0.174185,0.111954
2012-01-05,2.447639,0.352848,0.174171,0.178677
2012-01-06,2.450376,0.386352,0.174161,0.212191
2012-01-07,2.453114,0.391873,0.174156,0.217717
2012-01-08,2.455852,0.404441,0.174154,0.230286
2012-01-09,2.458590,0.382324,0.174158,0.208166
2012-01-10,2.461328,0.367428,0.174165,0.193262
2012-01-11,2.464066,0.390514,0.174177,0.216337
2012-01-12,2.466804,0.387753,0.174194,0.213560
2012-01-13,2.469541,0.375094,0.174215,0.200879
2012-01-14,2.472279,0.358448,0.174240,0.184208
2012-01-15,2.475017,0.387350,0.174269,0.213081
2012-01-16,2.477755,0.370432,0.174304,0.196128
2012-01-17,2.480493,0.351719,0.174342,0.177377
2012-01-18,2.483231,0.318388,0.174385,0.144003
2012-01-19,2.485969,0.325358,0.174432,0.150926
2012-01-20,2.488706,0.351466,0.174484,0.176982
2012-01-21,2.491444,0.333325,0.174540,0.158785
2012-01-22,2.494182,0.329640,0.174600,0.155040
2012-01-23,2.496920,0.325056,0.174665,0.150391
2012-01-24,2.499658,0.326089,0.174735,0.151355
2012-01-25,2.502396,0.315184,0.174808,0.140376
2012-01-26,2.505133,0.284242,0.174886,0.109355
2012-01-27,2.507871,0.242250,0.174969,0.067281
2012-01-28,2.510609,0.225139,0.175056,0.050083
2012-01-29,2.513347,0.253069,0.175147,0.077922
2012-01-30,2.516085,0.247640,0.175243,0.072397
2012-01-31,2.518823,0.253242,0.175343,0.077899
2012-02-01,2.521561,0.259282,0.175448,0.083834
2012-02-02,2.524298,0.284191,0.175557,0.108634
2012-02-03,2.527036,0.282934,0.175671,0.107263
2012-02-04,2.529774,0.273213,0.175789,0.097425
2012-02-05,2.532512,0.250820,0.175911,0.074909
2012-02-06,2.535250,0.233611,0.176038,0.057573
2012-02-07,2.537988,0.236944,0.176169,0.060775
2012-02-08,2.540726,0.231892,0.176304,0.055587
2012-02-09,2.543463,0.240190,0.176444,0.063745
2012-02-10,2.546201,0.249174,0.176589,0.072585
2012-02-11,2.548939,0.234606,0.176738,0.057868
2012-02-12,2.551677,0.227428,0.176891,0.050537
2012-02-13,2.554415,0.217012,0.177048,0.039963
2012-02-14,2.557153,0.163660,0.177211,-0.013550
2012-02-15,2.559890,0.150998,0.177377,-0.026379
2012-02-16,2.562628,0.119674,0.177548,-0.057874
2012-02-17,2.565366,0.129478,0.177723,-0.048246
2012-02-18,2.568104,0.103743,0.177903,-0.074160
2012-02-19,2.570842,0.093093,0.178087,-0.084994
2012-02-20,2.573580,0.103651,0.178276,-0.074625
2012-02-21,2.576318,0.098486,0.178469,-0.079983
2012-02-22,2.579055,0.102763,0.178666,-0.075903
2012-02-23,2.581793,0.131288,0.178868,-0.047580
2012-02-24,2.584531,0.148599,0.179074,-0.030475
2012-02-25,2.587269,0.141089,0.179284,-0.038195
2012-02-26,2.590007,0.133092,0.179499,-0.046407
2012-02-27,2.592745,0.138917,0.179718,-0.040801
2012-02-28,2.595483,0.131563,0.179942,-0.048379
2012-02-29,2.598220,0.126075,0.180170,-0.054095
2012-03-01,2.600958,0.127637,0.180403,-0.052766
2012-03-02,2.603696,0.107599,0.180640,-0.073041
2012-03-03,2.606434,0.102855,0.180881,-0.078026
2012-03-04,2.609172,0.103514,0.181126,-0.077613
2012-03-05,2.611910,0.114850,0.181376,-0.066526
2012-03-06,2.614648,0.118177,0.181631,-0.063454
2012-03-07,2.617385,0.116941,0.181890,-0.064949
2012-03-08,2.620123,0.109132,0.182153,-0.073020
2012-03-09,2.622861,0.108793,0.182420,-0.073628
2012-03-10,2.625599,0.099895,0.182692,-0.082797
2012-03-11,2.628337,0.099446,0.182968,-0.083523
2012-03-12,2.631075,0.099751,0.183249,-0.083497
2012-03-13,2.633812,0.111018,0.183534,-0.072515
2012-03-14,2.636550,0.131223,0.183823,-0.052600
2012-03-15,2.639288,0.126613,0.184116,-0.057504
2012-03-16,2.642026,0.123180,0.184414,-0.061234
2012-03-17,2.644764,0.124340,0.184717,-0.060377
2012-03-18,2.647502,0.117329,0.185023,-0.067694
2012-03-19,2.650240,0.095869,0.185334,-0.089465
2012-03-20,2.652977,0.074043,0.185649,-0.111606
2012-03-21,2.655715,0.074467,0.185969,-0.111502
2012-03-22,2.658453,0.067875,0.186293,-0.118418
2012-03-23,2.661191,0.057332,0.186621,-0.129290
2012-03-24,2.663929,0.052271,0.186954,-0.134682
2012-03-25,2.666667,0.042944,0.187291,-0.144347
2012-03-26,2.669405,0.040264,0.187632,-0.147368
2012-03-27,2.672142,0.046662,0.187977,-0.141315
2012-03-28,2.674880,0.052448,0.188327,-0.135879
2012-03-29,2.677618,0.049426,0.188681,-0.139255
2012-03-30,2.680356,0.048272,0.189039,-0.140767
2012-03-31,2.683094,0.053145,0.189402,-0.136257
2012-04-01,2.685832,0.044983,0.189768,-0.144786
2012-04-02,2.688569,0.049631,0.190139,-0.140508
2012-04-03,2.691307,0.050429,0.190515,-0.140086
2012-04-04,2.694045,0.047363,0.190894,-0.143532
2012-04-05,2.696783,0.045049,0.191278,-0.146229
2012-04-06,2.699521,0.043288,0.191666,-0.148378
2012-04-07,2.702259,0.031126,0.192059,-0.160932
2012-04-08,2.704997,0.021947,0.192455,-0.170509
2012-04-09,2.707734,0.022071,0.192856,-0.170785
2012-04-10,2.710472,0.024027,0.193261,-0.169234
2012-04-11,2.713210,0.022245,0.193670,-0.171425
2012-04-12,2.715948,0.024574,0.194084,-0.169509
2012-04-13,2.718686,0.022621,0.194501,-0.171880
2012-04-14,2.721424,0.025894,0.194923,-0.169029
2012-04-15,2.724162,0.022171,0.195349,-0.173178
2012-04-16,2.726899,0.021414,0.195779,-0.174366
2012-04-17,2.729637,0.020787,0.196214,-0.175427
2012-04-18,2.732375,0.030295,0.196652,-0.166357
2012-04-19,2.735113,0.031754,0.197095,-0.165341
2012-04-20,2.737851,0.034341,0.197542,-0.163201
2012-04-21,2.740589,0.038364,0.197993,-0.159629
2012-04-22,2.743326,0.029778,0.198448,-0.168670
2012-04-23,2.746064,0.024422,0.198907,-0.174485
2012-04-24,2.748802,0.015304,0.199371,-0.184067
2012-04-25,2.751540,0.014425,0.199838,-0.185414
2012-04-26,2.754278,0.010034,0.200310,-0.190276
2012-04-27,2.757016,0.017153,0.200786,-0.183633
2012-04-28,2.759754,-0.002489,0.201266,-0.203755
2012-04-29,2.762491,-0.009841,0.201750,-0.211591
2012-04-30,2.765229,-0.009219,0.202238,-0.211457
2012-05-01,2.767967,-0.010950,0.202730,-0.213680
2012-05-02,2.770705,-0.000002,0.203226,-0.203229
2012-05-03,2.773443,-0.004821,0.203727,-0.208548
2012-05-04,2.776181,-0.002449,0.204231,-0.206680
2012-05-05,2.778919,-0.007452,0.204739,-0.212191
2012-05-06,2.781656,-0.013466,0.205252,-0.218717
2012-05-07,2.784394,-0.017022,0.205768,-0.222790
2012-05-08,2.787132,-0.019366,0.206289,-0.225654
2012-05-09,2.789870,-0.016390,0.206813,-0.223203
2012-05-10,2.792608,-0.026566,0.207342,-0.233908
2012-05-11,2.795346,-0.029442,0.207874,-0.237316
2012-05-12,2.798084,-0.037457,0.208411,-0.245868
2012-05-13,2.800821,-0.039170,0.208951,-0.248121
2012-05-14,2.803559,-0.041907,0.209496,-0.251403
2012-05-15,2.806297,-0.042074,0.210044,-0.252118
2012-05-16,2.809035,-0.040884,0.210597,-0.251481
2012-05-17,2.811773,-0.041703,0.211153,-0.252856
2012-05-18,2.814511,-0.040642,0.211713,-0.252355
2012-05-19,2.817248,-0.040452,0.212277,-0.252730
2012-05-20,2.819986,-0.038558,0.212845,-0.251404
2012-05-21,2.822724,-0.045612,0.213417,-0.259029
2012-05-22,2.825462,-0.048475,0.213993,-0.262469
2012-05-23,2.828200,-0.047144,0.214573,-0.261718
2012-05-24,2.830938,-0.050261,0.215157,-0.265418
2012-05-25,2.833676,-0.052074,0.215745,-0.267818
2012-05-26,2.836413,-0.054986,0.216336,-0.271322
2012-05-27,2.839151,-0.054953,0.216931,-0.271884
2012-05-28,2.841889,-0.058925,0.217530,-0.276456
2012-05-29,2.844627,-0.061503,0.218133,-0.279636
2012-05-30,2.847365,-0.062376,0.218740,-0.281117
2012-05-31,2.850103,-0.063279,0.219351,-0.282630
2012-06-01,2.852841,-0.058894,0.219965,-0.278859
2012-06-02,2.855578,-0.061659,0.220583,-0.282243
2012-06-03,2.858316,-0.064446,0.221205,-0.285651
2012-06-04,2.861054,-0.066469,0.221831,-0.288300
2012-06-05,2.863792,-0.058589,0.222461,-0.281050
2012-06-06,2.866530,-0.053789,0.223094,-0.276882
2012-06-07,2.869268,-0.051065,0.223731,-0.274795
2012-06-08,2.872005,-0.044256,0.224372,-0.268627
2012-06-09,2.874743,-0.045300,0.225016,-0.270316
2012-06-10,2.877481,-0.054199,0.225664,-0.279863
2012-06-11,2.880219,-0.055909,0.226316,-0.282225
2012-06-12,2.882957,-0.049040,0.226972,-0.276012
2012-06-13,2.885695,-0.035179,0.227631,-0.262810
2012-06-14,2.888433,-0.033712,0.228294,-0.262006
2012-06-15,2.891170,-0.030426,0.228960,-0.259387
2012-06-16,2.893908,-0.005069,0.229631,-0.234700
2012-06-17,2.896646,-0.006396,0.230304,-0.236701
2012-06-18,2.899384,-0.014864,0.230982,-0.245846
2012-06-19,2.902122,-0.006108,0.231663,-0.237770
2012-06-20,2.904860,0.002139,0.232348,-0.230209
2012-06-21,2.907598,0.006444,0.233036,-0.226591
2012-06-22,2.910335,-0.001941,0.233728,-0.235669
2012-06-23,2.913073,-0.009725,0.234423,-0.244148
2012-06-24,2.915811,-0.020278,0.235122,-0.255400
2012-06-25,2.918549,-0.024615,0.235824,-0.260439
2012-06-26,2.921287,-0.026451,0.236530,-0.262981
2012-06-27,2.924025,-0.018251,0.237240,-0.255490
2012-06-28,2.926762,-0.019566,0.237953,-0.257519
2012-06-29,2.929500,-0.009021,0.238669,-0.247690
2012-06-30,2.932238,-0.018227,0.239389,-0.257617
2012-07-01,2.934976,-0.020541,0.240113,-0.260654
2012-07-02,2.937714,-0.010989,0.240840,-0.251829
2012-07-03,2.940452,-0.025284,0.241570,-0.266854
2012-07-04,2.943190,-0.030044,0.242304,-0.272348
2012-07-05,2.945927,-0.026206,0.243041,-0.269247
2012-07-06,2.948665,-0.030415,0.243781,-0.274196
2012-07-07,2.951403,-0.026729,0.244525,-0.271254
2012-07-08,2.954141,-0.026235,0.245273,-0.271508
2012-07-09,2.956879,-0.022574,0.246023,-0.268597
2012-07-10,2.959617,-0.003082,0.246777,-0.249859
2012-07-11,2.962355,-0.003101,0.247535,-0.250636
2012-07-12,2.965092,-0.004725,0.248296,-0.253021
2012-07-13,2.967830,0.015621,0.249060,-0.233439
2012-07-14,2.970568,0.012946,0.249827,-0.236881
2012-07-15,2.973306,0.020469,0.250597,-0.230129
2012-07-16,2.976044,0.023327,0.251371,-0.228044
2012-07-17,2.978782,0.046537,0.252148,-0.205612
2012-07-18,2.981520,0.074253,0.252929,-0.178676
2012-07-19,2.984257,0.079522,0.253712,-0.174191
2012-07-20,2.986995,0.041818,0.254499,-0.212681
2012-07-21,2.989733,0.057818,0.255289,-0.197471
2012-07-22,2.992471,0.052604,0.256082,-0.203479
2012-07-23,2.995209,0.051695,0.256879,-0.205183
2012-07-24,2.997947,0.048586,0.257678,-0.209093
2012-07-25,3.000684,0.040469,0.258481,-0.218013
2012-07-26,3.003422,0.046094,0.259287,-0.213192
2012-07-27,3.006160,0.052429,0.260096,-0.207667
2012-07-28,3.008898,0.052509,0.260908,-0.208398
2012-07-29,3.011636,0.046496,0.261723,-0.215227
2012-07-30,3.014374,0.047945,0.262541,-0.214597
2012-07-31,3.017112,0.061715,0.263362,-0.201648
2012-08-01,3.019849,0.072877,0.264187,-0.191310
2012-08-02,3.022587,0.084491,0.265014,-0.180523
2012-08-03,3.025325,0.118765,0.265844,-0.147080
2012-08-04,3.028063,0.133657,0.266678,-0.133021
2012-08-05,3.030801,0.112200,0.267514,-0.155315
2012-08-06,3.033539,0.122809,0.268353,-0.145544
2012-08-07,3.036277,0.122856,0.269196,-0.146340
2012-08-08,3.039014,0.127831,0.270041,-0.142210
2012-08-09,3.041752,0.132645,0.270889,-0.138245
2012-08-10,3.044490,0.131677,0.271740,-0.140064
2012-08-11,3.047228,0.136105,0.272594,-0.136490
2012-08-12,3.049966,0.138989,0.273451,-0.134462
2012-08-13,3.052704,0.142981,0.274311,-0.131329
2012-08-14,3.055441,0.152298,0.275173,-0.122875
2012-08-15,3.058179,0.169772,0.276039,-0.106267
2012-08-16,3.060917,0.192345,0.276907,-0.084562
2012-08-17,3.063655,0.207574,0.277778,-0.070204
2012-08-18,3.066393,0.143063,0.278652,-0.135589
2012-08-19,3.069131,0.054382,0.279528,-0.225146
2012-08-20,3.071869,0.043792,0.280408,-0.236615
2012-08-21,3.074606,0.065299,0.281290,-0.215991
2012-08-22,3.077344,0.058732,0.282175,-0.223443
2012-08-23,3.080082,0.056293,0.283062,-0.226770
2012-08-24,3.082820,0.062937,0.283952,-0.221015
2012-08-25,3.085558,0.073510,0.284845,-0.211335
2012-08-26,3.088296,0.073359,0.285741,-0.212382
2012-08-27,3.091034,0.097553,0.286639,-0.189086
2012-08-28,3.093771,0.086737,0.287540,-0.200802
2012-08-29,3.096509,0.077469,0.288443,-0.210974
2012-08-30,3.099247,0.073488,0.289349,-0.215862
2012-08-31,3.101985,0.057914,0.290258,-0.232344
2012-09-01,3.104723,0.039746,0.291169,-0.251423
2012-09-02,3.107461,0.036853,0.292083,-0.255230
2012-09-03,3.110198,0.044840,0.292999,-0.248159
2012-09-04,3.112936,0.045930,0.293918,-0.247988
2012-09-05,3.115674,0.049347,0.294839,-0.245492
2012-09-06,3.118412,0.064454,0.295763,-0.231309
2012-09-07,3.121150,0.074688,0.296689,-0.222002
2012-09-08,3.123888,0.065461,0.297618,-0.232157
2012-09-09,3.126626,0.065995,0.298549,-0.232554
2012-09-10,3.129363,0.061188,0.299483,-0.238295
2012-09-11,3.132101,0.061244,0.300419,-0.239174
2012-09-12,3.134839,0.064862,0.301357,-0.236495
2012-09-13,3.137577,0.065893,0.302298,-0.236404
2012-09-14,3.140315,0.074211,0.303241,-0.229029
2012-09-15,3.143053,0.073985,0.304186,-0.230201
2012-09-16,3.145791,0.081986,0.305134,-0.223148
2012-09-17,3.148528,0.078178,0.306084,-0.227906
2012-09-18,3.151266,0.081137,0.307036,-0.225899
2012-09-19,3.154004,0.092276,0.307990,-0.215715
2012-09-20,3.156742,0.099527,0.308947,-0.209421
2012-09-21,3.159480,0.088614,0.309906,-0.221292
2012-09-22,3.162218,0.083799,0.310867,-0.227069
2012-09-23,3.164956,0.075994,0.311831,-0.235836
2012-09-24,3.167693,0.071765,0.312796,-0.241031
2012-09-25,3.170431,0.069691,0.313764,-0.244073
2012-09-26,3.173169,0.071240,0.314734,-0.243493
2012-09-27,3.175907,0.074367,0.315706,-0.241338
2012-09-28,3.178645,0.074365,0.316680,-0.242315
2012-09-29,3.181383,0.074953,0.317656,-0.242703
2012-09-30,3.184120,0.071298,0.318634,-0.247336
2012-10-01,3.186858,0.067164,0.319614,-0.252451
2012-10-02,3.189596,0.073578,0.320597,-0.247018
2012-10-03,3.192334,0.083206,0.321581,-0.238375
2012-10-04,3.195072,0.081912,0.322567,-0.240655
2012-10-05,3.197810,0.074548,0.323555,-0.249007
2012-10-06,3.200548,0.069870,0.324546,-0.254676
2012-10-07,3.203285,0.052383,0.325538,-0.273155
2012-10-08,3.206023,0.023693,0.326532,-0.302839
2012-10-09,3.208761,0.039870,0.327528,-0.287658
2012-10-10,3.211499,0.043543,0.328526,-0.284983
2012-10-11,3.214237,0.041051,0.329526,-0.288475
2012-10-12,3.216975,0.039299,0.330527,-0.291229
2012-10-13,3.219713,0.035459,0.331531,-0.296072
2012-10-14,3.222450,0.030781,0.332536,-0.301755
2012-10-15,3.225188,0.019612,0.333543,-0.313931
2012-10-16,3.227926,0.021038,0.334552,-0.313514
2012-10-17,3.230664,0.022111,0.335562,-0.313451
2012-10-18,3.233402,0.021002,0.336574,-0.315572
2012-10-19,3.236140,0.017330,0.337588,-0.320259
2012-10-20,3.238877,0.010506,0.338604,-0.328098
2012-10-21,3.241615,0.006690,0.339622,-0.332931
2012-10-22,3.244353,0.003128,0.340641,-0.337512
2012-10-23,3.247091,0.004337,0.341661,-0.337324
2012-10-24,3.249829,-0.001063,0.342684,-0.343747
2012-10-25,3.252567,-0.021123,0.343708,-0.364831
2012-10-26,3.255305,-0.050514,0.344733,-0.395247
2012-10-27,3.258042,-0.060074,0.345760,-0.405834
2012-10-28,3.260780,-0.064373,0.346789,-0.411161
2012-10-29,3.263518,-0.051524,0.347819,-0.399343
2012-10-30,3.266256,-0.042793,0.348850,-0.391643
2012-10-31,3.268994,-0.038702,0.349884,-0.388585
2012-11-01,3.271732,-0.034947,0.350918,-0.385865
2012-11-02,3.274470,-0.047564,0.351954,-0.399518
2012-11-03,3.277207,-0.057693,0.352992,-0.410685
2012-11-04,3.279945,-0.064380,0.354031,-0.418411
2012-11-05,3.282683,-0.060289,0.355071,-0.415360
2012-11-06,3.285421,-0.060610,0.356113,-0.416723
2012-11-07,3.288159,-0.056362,0.357156,-0.413517
2012-11-08,3.290897,-0.059871,0.358200,-0.418071
2012-11-09,3.293634,-0.060224,0.359246,-0.419469
2012-11-10,3.296372,-0.062392,0.360293,-0.422684
2012-11-11,3.299110,-0.064821,0.361341,-0.426161
2012-11-12,3.301848,-0.060191,0.362390,-0.422581
2012-11-13,3.304586,-0.063629,0.363441,-0.427070
2012-11-14,3.307324,-0.065444,0.364493,-0.429937
2012-11-15,3.310062,-0.064832,0.365546,-0.430378
2012-11-16,3.312799,-0.052411,0.366600,-0.419012
2012-11-17,3.315537,-0.045156,0.367656,-0.412812
2012-11-18,3.318275,-0.045056,0.368713,-0.413768
2012-11-19,3.321013,-0.047035,0.369770,-0.416806
2012-11-20,3.323751,-0.048527,0.370829,-0.419356
2012-11-21,3.326489,-0.050435,0.371889,-0.422324
2012-11-22,3.329227,-0.043657,0.372950,-0.416607
2012-11-23,3.331964,-0.036243,0.374012,-0.410255
2012-11-24,3.334702,-0.028794,0.375075,-0.403869
2012-11-25,3.337440,-0.033067,0.376139,-0.409206
2012-11-26,3.340178,-0.033437,0.377204,-0.410641
2012-11-27,3.342916,-0.045313,0.378270,-0.423583
2012-11-28,3.345654,-0.041338,0.379337,-0.420675
2012-11-29,3.348392,-0.041599,0.380405,-0.422004
2012-11-30,3.351129,-0.038986,0.381473,-0.420460
2012-12-01,3.353867,-0.038398,0.382543,-0.420940
2012-12-02,3.356605,-0.040197,0.383613,-0.423810
2012-12-03,3.359343,-0.041175,0.384685,-0.425860
2012-12-04,3.362081,-0.033990,0.385757,-0.419747
2012-12-05,3.364819,-0.018930,0.386830,-0.405759
2012-12-06,3.367556,-0.017397,0.387903,-0.405300
2012-12-07,3.370294,-0.018676,0.388978,-0.407654
2012-12-08,3.373032,-0.020413,0.390053,-0.410466
2012-12-09,3.375770,-0.030516,0.391129,-0.421645
2012-12-10,3.378508,-0.026686,0.392205,-0.418892
2012-12-11,3.381246,-0.025544,0.393282,-0.418826
2012-12-12,3.383984,-0.024568,0.394360,-0.418929
2012-12-13,3.386721,-0.024991,0.395439,-0.420430
2012-12-14,3.389459,-0.023851,0.396518,-0.420369
2012-12-15,3.392197,-0.028243,0.397598,-0.425840
2012-12-16,3.394935,-0.034730,0.398678,-0.433408
2012-12-17,3.397673,-0.041885,0.399759,-0.441644
2012-12-18,3.400411,-0.046054,0.400840,-0.446895
2012-12-19,3.403149,-0.045584,0.401922,-0.447506
2012-12-20,3.405886,-0.046205,0.403005,-0.449210
2012-12-21,3.408624,-0.043303,0.404087,-0.447390
2012-12-22,3.411362,-0.047727,0.405171,-0.452898
2012-12-23,3.414100,-0.053891,0.406254,-0.460145
2012-12-24,3.416838,-0.054463,0.407338,-0.461801
2012-12-25,3.419576,-0.057270,0.408423,-0.465693
2012-12-26,3.422313,-0.060133,0.409508,-0.469641
2012-12-27,3.425051,-0.059478,0.410593,-0.470071
2012-12-28,3.427789,-0.060442,0.411679,-0.472121
2012-12-29,3.430527,-0.058840,0.412764,-0.471605
2012-12-30,3.433265,-0.062739,0.413851,-0.476589
2012-12-31,3.436003,-0.063876,0.414937,-0.478813
2013-01-01,3.438741,-0.066083,0.416024,-0.482106
2013-01-02,3.441478,-0.070407,0.417111,-0.487518
2013-01-03,3.444216,-0.070136,0.418198,-0.488334
2013-01-04,3.446954,-0.074778,0.419285,-0.494062
2013-01-05,3.449692,-0.074097,0.420372,-0.494470
2013-01-06,3.452430,-0.077682,0.421460,-0.499142
2013-01-07,3.455168,-0.077251,0.422547,-0.499799
2013-01-08,3.457906,-0.076642,0.423635,-0.500277
2013-01-09,3.460643,-0.070419,0.424723,-0.495142
2013-01-10,3.463381,-0.068153,0.425811,-0.493963
2013-01-11,3.466119,-0.060152,0.426899,-0.487050
2013-01-12,3.468857,-0.060156,0.427987,-0.488143
2013-01-13,3.471595,-0.064304,0.429074,-0.493378
2013-01-14,3.474333,-0.066258,0.430162,-0.496420
2013-01-15,3.477070,-0.062063,0.431250,-0.493313
2013-01-16,3.479808,-0.057032,0.432338,-0.489370
2013-01-17,3.482546,-0.043985,0.433426,-0.477410
2013-01-18,3.485284,-0.027048,0.434513,-0.461561
2013-01-19,3.488022,-0.033040,0.435600,-0.468641
2013-01-20,3.490760,-0.031094,0.436688,-0.467782
2013-01-21,3.493498,-0.014161,0.437775,-0.451936
2013-01-22,3.496235,0.003518,0.438862,-0.435343
2013-01-23,3.498973,0.009276,0.439948,-0.430673
2013-01-24,3.501711,0.025846,0.441035,-0.415189
2013-01-25,3.504449,-0.001383,0.442121,-0.443504
2013-01-26,3.507187,-0.001277,0.443207,-0.444484
2013-01-27,3.509925,0.006308,0.444292,-0.437985
2013-01-28,3.512663,0.031587,0.445377,-0.413791
2013-01-29,3.515400,0.040984,0.446462,-0.405478
2013-01-30,3.518138,0.044358,0.447547,-0.403189
2013-01-31,3.520876,0.063622,0.448631,-0.385009
2013-02-01,3.523614,0.069979,0.449715,-0.379736
2013-02-02,3.526352,0.056102,0.450798,-0.394696
2013-02-03,3.529090,0.055586,0.451881,-0.396295
2013-02-04,3.531828,0.061146,0.452963,-0.391817
2013-02-05,3.534565,0.059415,0.454045,-0.394631
2013-02-06,3.537303,0.066355,0.455127,-0.388772
2013-02-07,3.540041,0.075429,0.456207,-0.380779
2013-02-08,3.542779,0.092522,0.457288,-0.364766
2013-02-09,3.545517,0.110650,0.458367,-0.347718
2013-02-10,3.548255,0.105510,0.459446,-0.353936
2013-02-11,3.550992,0.115855,0.460525,-0.344670
2013-02-12,3.553730,0.134503,0.461603,-0.327099
2013-02-13,3.556468,0.141625,0.462680,-0.321055
2013-02-14,3.559206,0.144177,0.463757,-0.319580
2013-02-15,3.561944,0.164065,0.464832,-0.300767
2013-02-16,3.564682,0.165422,0.465907,-0.300485
2013-02-17,3.567420,0.158557,0.466982,-0.308425
2013-02-18,3.570157,0.153554,0.468055,-0.314501
2013-02-19,3.572895,0.172904,0.469128,-0.296224
2013-02-20,3.575633,0.193321,0.470200,-0.276879
2013-02-21,3.578371,0.195613,0.471271,-0.275658
2013-02-22,3.581109,0.204009,0.472342,-0.268333
2013-02-23,3.583847,0.185156,0.473411,-0.288255
2013-02-24,3.586585,0.189277,0.474479,-0.285202
2013-02-25,3.589322,0.191247,0.475547,-0.284300
2013-02-26,3.592060,0.201521,0.476614,-0.275093
2013-02-27,3.594798,0.208150,0.477680,-0.269530
2013-02-28,3.597536,0.227564,0.478744,-0.251181
2013-03-01,3.600274,0.239558,0.479808,-0.240250
2013-03-02,3.603012,0.238713,0.480871,-0.242158
2013-03-03,3.605749,0.233965,0.481933,-0.247967
2013-03-04,3.608487,0.249441,0.482993,-0.233552
2013-03-05,3.611225,0.294719,0.484053,-0.189333
2013-03-06,3.613963,0.358400,0.485111,-0.126711
2013-03-07,3.616701,0.323581,0.486169,-0.162588
2013-03-08,3.619439,0.331403,0.487225,-0.155821
2013-03-09,3.622177,0.346943,0.488280,-0.141337
2013-03-10,3.624914,0.369095,0.489334,-0.120239
2013-03-11,3.627652,0.373899,0.490386,-0.116487
2013-03-12,3.630390,0.349645,0.491438,-0.141793
2013-03-13,3.633128,0.360268,0.492488,-0.132220
2013-03-14,3.635866,0.362428,0.493537,-0.131109
2013-03-15,3.638604,0.357932,0.494585,-0.136653
2013-03-16,3.641342,0.354473,0.495631,-0.141158
2013-03-17,3.644079,0.354276,0.496676,-0.142400
2013-03-18,3.646817,0.358576,0.497720,-0.139144
2013-03-19,3.649555,0.412937,0.498762,-0.085824
2013-03-20,3.652293,0.462639,0.499803,-0.037164
2013-03-21,3.655031,0.511637,0.500842,0.010795
2013-03-22,3.657769,0.529025,0.501880,0.027145
2013-03-23,3.660507,0.488268,0.502917,-0.014649
2013-03-24,3.663244,0.502295,0.503952,-0.001657
2013-03-25,3.665982,0.534346,0.504986,0.029360
2013-03-26,3.668720,0.556633,0.506018,0.050616
2013-03-27,3.671458,0.596893,0.507048,0.089845
2013-03-28,3.674196,0.622270,0.508077,0.114192
2013-03-29,3.676934,0.615801,0.509105,0.106696
2013-03-30,3.679671,0.623219,0.510131,0.113089
2013-03-31,3.682409,0.628236,0.511155,0.117081
2013-04-01,3.685147,0.648604,0.512177,0.136427
2013-04-02,3.687885,0.686676,0.513198,0.173477
2013-04-03,3.690623,0.764435,0.514218,0.250218
2013-04-04,3.693361,0.773228,0.515235,0.257993
2013-04-05,3.696099,0.788947,0.516251,0.272696
2013-04-06,3.698836,0.799393,0.517265,0.282128
2013-04-07,3.701574,0.825284,0.518277,0.307006
2013-04-08,3.704312,0.901136,0.519288,0.381848
2013-04-09,3.707050,0.960747,0.520297,0.440451
2013-04-10,3.709788,0.991666,0.521304,0.470362
2013-04-11,3.712526,0.757028,0.522309,0.234720
2013-04-12,3.715264,0.569023,0.523312,0.045711
2013-04-13,3.718001,0.658929,0.524313,0.134615
2013-04-14,3.720739,0.629364,0.525313,0.104051
2013-04-15,3.723477,0.600369,0.526310,0.074059
2013-04-16,3.726215,0.456787,0.527306,-0.070519
2013-04-17,3.728953,0.543702,0.528300,0.015402
2013-04-18,3.731691,0.603389,0.529291,0.074098
2013-04-19,3.734428,0.700252,0.530281,0.169971
2013-04-20,3.737166,0.707195,0.531269,0.175927
2013-04-21,3.739904,0.709531,0.532254,0.177277
2013-04-22,3.742642,0.707905,0.533238,0.174668
2013-04-23,3.745380,0.732876,0.534219,0.198656
2013-04-24,3.748118,0.786317,0.535199,0.251118
2013-04-25,3.750856,0.793843,0.536176,0.257667
2013-04-26,3.753593,0.744053,0.537151,0.206902
2013-04-27,3.756331,0.739814,0.538124,0.201690
2013-04-28,3.759069,0.735304,0.539095,0.196210
2013-04-29,3.761807,0.752907,0.540063,0.212843
2013-04-30,3.764545,0.758022,0.541030,0.216993
2013-05-01,3.767283,0.716687,0.541994,0.174694
2013-05-02,3.770021,0.653455,0.542956,0.110500
2013-05-03,3.772758,0.575743,0.543915,0.031828
2013-05-04,3.775496,0.622301,0.544873,0.077429
2013-05-05,3.778234,0.657925,0.545827,0.112097
2013-05-06,3.780972,0.674898,0.546780,0.128118
2013-05-07,3.783710,0.636987,0.547730,0.089257
2013-05-08,3.786448,0.645147,0.548678,0.096469
2013-05-09,3.789185,0.640391,0.549624,0.090767
2013-05-10,3.791923,0.654758,0.550567,0.104191
2013-05-11,3.794661,0.653921,0.551508,0.102413
2013-05-12,3.797399,0.648038,0.552446,0.095592
2013-05-13,3.800137,0.651827,0.553382,0.098445
2013-05-14,3.802875,0.651444,0.554315,0.097129
2013-05-15,3.805613,0.624942,0.555246,0.069696
2013-05-16,3.808350,0.629362,0.556174,0.073189
2013-05-17,3.811088,0.642294,0.557099,0.085195
2013-05-18,3.813826,0.648326,0.558023,0.090303
2013-05-19,3.816564,0.650511,0.558943,0.091568
2013-05-20,3.819302,0.646946,0.559861,0.087085
2013-05-21,3.822040,0.645087,0.560776,0.084310
2013-05-22,3.824778,0.647970,0.561689,0.086281
2013-05-23,3.827515,0.654712,0.562599,0.092113
2013-05-24,3.830253,0.670330,0.563506,0.106824
2013-05-25,3.832991,0.679319,0.564411,0.114908
2013-05-26,3.835729,0.681138,0.565313,0.115825
2013-05-27,3.838467,0.677597,0.566212,0.111385
2013-05-28,3.841205,0.665445,0.567109,0.098337
2013-05-29,3.843943,0.668987,0.568002,0.100985
2013-05-30,3.846680,0.673892,0.568893,0.104999
2013-05-31,3.849418,0.665340,0.569781,0.095558
2013-06-01,3.852156,0.661499,0.570666,0.090833
2013-06-02,3.854894,0.646239,0.571549,0.074690
2013-06-03,3.857632,0.633407,0.572428,0.060979
2013-06-04,3.860370,0.634995,0.573305,0.061690
2013-06-05,3.863107,0.631007,0.574179,0.056829
2013-06-06,3.865845,0.630372,0.575050,0.055323
2013-06-07,3.868583,0.606158,0.575917,0.030240
2013-06-08,3.871321,0.583203,0.576782,0.006420
2013-06-09,3.874059,0.544893,0.577644,-0.032752
2013-06-10,3.876797,0.557366,0.578503,-0.021137
2013-06-11,3.879535,0.568021,0.579359,-0.011339
2013-06-12,3.882272,0.572923,0.580212,-0.007289
2013-06-13,3.885010,0.565477,0.581062,-0.015585
2013-06-14,3.887748,0.539703,0.581909,-0.042206
2013-06-15,3.890486,0.534917,0.582753,-0.047835
2013-06-16,3.893224,0.536937,0.583593,-0.046656
2013-06-17,3.895962,0.533296,0.584431,-0.051135
2013-06-18,3.898700,0.547925,0.585265,-0.037341
2013-06-19,3.901437,0.552923,0.586097,-0.033174
2013-06-20,3.904175,0.555309,0.586925,-0.031616
2013-06-21,3.906913,0.539686,0.587750,-0.048064
2013-06-22,3.909651,0.497846,0.588571,-0.090725
2013-06-23,3.912389,0.528668,0.589390,-0.060721
2013-06-24,3.915127,0.486157,0.590205,-0.104048
2013-06-25,3.917864,0.519361,0.591017,-0.071657
2013-06-26,3.920602,0.514529,0.591826,-0.077297
2013-06-27,3.923340,0.509787,0.592631,-0.082844
2013-06-28,3.926078,0.482477,0.593434,-0.110957
2013-06-29,3.928816,0.471028,0.594232,-0.123204
2013-06-30,3.931554,0.467272,0.595028,-0.127756
2013-07-01,3.934292,0.457812,0.595820,-0.138008
2013-07-02,3.937029,0.444213,0.596609,-0.152396
2013-07-03,3.939767,0.434480,0.597394,-0.162914
2013-07-04,3.942505,0.399981,0.598176,-0.198195
2013-07-05,3.945243,0.367527,0.598955,-0.231428
2013-07-06,3.947981,0.329281,0.599730,-0.270449
2013-07-07,3.950719,0.329547,0.600501,-0.270955
2013-07-08,3.953457,0.371699,0.601270,-0.229571
2013-07-09,3.956194,0.366597,0.602034,-0.235437
2013-07-10,3.958932,0.385112,0.602795,-0.217684
2013-07-11,3.961670,0.427923,0.603553,-0.175630
2013-07-12,3.964408,0.459309,0.604307,-0.144998
2013-07-13,3.967146,0.443749,0.605058,-0.161309
2013-07-14,3.969884,0.453912,0.605805,-0.151893
2013-07-15,3.972621,0.455200,0.606548,-0.151348
2013-07-16,3.975359,0.456014,0.607288,-0.151274
2013-07-17,3.978097,0.422756,0.608024,-0.185268
2013-07-18,3.980835,0.417065,0.608757,-0.191692
2013-07-19,3.983573,0.414944,0.609486,-0.194542
2013-07-20,3.986311,0.425698,0.610211,-0.184513
2013-07-21,3.989049,0.413955,0.610932,-0.196978
2013-07-22,3.991786,0.416450,0.611650,-0.195201
2013-07-23,3.994524,0.418946,0.612365,-0.193418
2013-07-24,3.997262,0.421487,0.613075,-0.191588
2013-07-25,4.000000,0.426085,0.613782,-0.187697
2013-07-26,4.002738,0.429938,0.614485,-0.184546
2013-07-27,4.005476,0.423304,0.615184,-0.191879
2013-07-28,4.008214,0.425214,0.615879,-0.190666
2013-07-29,4.010951,0.437504,0.616571,-0.179067
2013-07-30,4.013689,0.442555,0.617258,-0.174703
2013-07-31,4.016427,0.462197,0.617942,-0.155745
2013-08-01,4.019165,0.455303,0.618622,-0.163319
2013-08-02,4.021903,0.451754,0.619298,-0.167545
2013-08-03,4.024641,0.446989,0.619971,-0.172982
2013-08-04,4.027379,0.445696,0.620639,-0.174943
2013-08-05,4.030116,0.449558,0.621304,-0.171745
2013-08-06,4.032854,0.449918,0.621964,-0.172046
2013-08-07,4.035592,0.447469,0.622621,-0.175152
2013-08-08,4.038330,0.437086,0.623274,-0.186187
2013-08-09,4.041068,0.427992,0.623922,-0.195931
2013-08-10,4.043806,0.424533,0.624567,-0.200034
2013-08-11,4.046543,0.425712,0.625208,-0.199495
2013-08-12,4.049281,0.426139,0.625844,-0.199706
2013-08-13,4.052019,0.431864,0.626477,-0.194613
2013-08-14,4.054757,0.449068,0.627106,-0.178038
2013-08-15,4.057495,0.441611,0.627730,-0.186120
2013-08-16,4.060233,0.436695,0.628351,-0.191656
2013-08-17,4.062971,0.437523,0.628967,-0.191445
2013-08-18,4.065708,0.439526,0.629580,-0.190054
2013-08-19,4.068446,0.449691,0.630188,-0.180497
2013-08-20,4.071184,0.453651,0.630792,-0.177141
2013-08-21,4.073922,0.466921,0.631392,-0.164471
2013-08-22,4.076660,0.479732,0.631988,-0.152256
2013-08-23,4.079398,0.468014,0.632580,-0.164566
2013-08-24,4.082136,0.465713,0.633167,-0.167454
2013-08-25,4.084873,0.474132,0.633750,-0.159619
2013-08-26,4.087611,0.470819,0.634329,-0.163510
2013-08-27,4.090349,0.491545,0.634904,-0.143360
2013-08-28,4.093087,0.495808,0.635475,-0.139667
2013-08-29,4.095825,0.497936,0.636041,-0.138106
2013-08-30,4.098563,0.501833,0.636604,-0.134771
2013-08-31,4.101300,0.528045,0.637161,-0.109117
2013-09-01,4.104038,0.536278,0.637715,-0.101437
2013-09-02,4.106776,0.532640,0.638264,-0.105624
2013-09-03,4.109514,0.529488,0.638809,-0.109321
2013-09-04,4.112252,0.519616,0.639350,-0.119734
2013-09-05,4.114990,0.497302,0.639886,-0.142584
2013-09-06,4.117728,0.500151,0.640418,-0.140267
2013-09-07,4.120465,0.485390,0.640946,-0.155556
2013-09-08,4.123203,0.483742,0.641469,-0.157727
2013-09-09,4.125941,0.479546,0.641988,-0.162442
2013-09-10,4.128679,0.492547,0.642502,-0.149955
2013-09-11,4.131417,0.495198,0.643012,-0.147815
2013-09-12,4.134155,0.507337,0.643518,-0.136182
2013-09-13,4.136893,0.508588,0.644019,-0.135432
2013-09-14,4.139630,0.502754,0.644516,-0.141762
2013-09-15,4.142368,0.496284,0.645008,-0.148724
2013-09-16,4.145106,0.497492,0.645496,-0.148004
2013-09-17,4.147844,0.499069,0.645980,-0.146911
2013-09-18,4.150582,0.500578,0.646458,-0.145880
2013-09-19,4.153320,0.493966,0.646933,-0.152967
2013-09-20,4.156057,0.484615,0.647403,-0.162788
2013-09-21,4.158795,0.480632,0.647868,-0.167236
2013-09-22,4.161533,0.479247,0.648329,-0.169081
2013-09-23,4.164271,0.483559,0.648785,-0.165226
2013-09-24,4.167009,0.484736,0.649237,-0.164501
2013-09-25,4.169747,0.482347,0.649684,-0.167337
2013-09-26,4.172485,0.482702,0.650126,-0.167424
2013-09-27,4.175222,0.482760,0.650564,-0.167804
2013-09-28,4.177960,0.486392,0.650997,-0.164605
2013-09-29,4.180698,0.486673,0.651426,-0.164754
2013-09-30,4.183436,0.476361,0.651850,-0.175489
2013-10-01,4.186174,0.478707,0.652270,-0.173563
2013-10-02,4.188912,0.462902,0.652684,-0.189782
2013-10-03,4.191650,0.426719,0.653095,-0.226375
2013-10-04,4.194387,0.458038,0.653500,-0.195462
2013-10-05,4.197125,0.457208,0.653901,-0.196693
2013-10-06,4.199863,0.454844,0.654297,-0.199453
2013-10-07,4.202601,0.459366,0.654688,-0.195323
2013-10-08,4.205339,0.458456,0.655075,-0.196619
2013-10-09,4.208077,0.460772,0.655457,-0.194685
2013-10-10,4.210815,0.463004,0.655834,-0.192830
2013-10-11,4.213552,0.464381,0.656207,-0.191826
2013-10-12,4.216290,0.463931,0.656575,-0.192644
2013-10-13,4.219028,0.470633,0.656938,-0.186304
2013-10-14,4.221766,0.485404,0.657296,-0.171892
2013-10-15,4.224504,0.492649,0.657649,-0.165000
2013-10-16,4.227242,0.506510,0.657998,-0.151488
2013-10-17,4.229979,0.502706,0.658342,-0.155635
2013-10-18,4.232717,0.518692,0.658681,-0.139989
2013-10-19,4.235455,0.552557,0.659015,-0.106458
2013-10-20,4.238193,0.563188,0.659345,-0.096156
2013-10-21,4.240931,0.582610,0.659669,-0.077059
2013-10-22,4.243669,0.611404,0.659989,-0.048585
2013-10-23,4.246407,0.631353,0.660304,-0.028951
2013-10-24,4.249144,0.626412,0.660614,-0.034201
2013-10-25,4.251882,0.597609,0.660919,-0.063310
2013-10-26,4.254620,0.595819,0.661219,-0.065401
2013-10-27,4.257358,0.602516,0.661515,-0.058998
2013-10-28,4.260096,0.620393,0.661805,-0.041412
2013-10-29,4.262834,0.627893,0.662091,-0.034198
2013-10-30,4.265572,0.633873,0.662372,-0.028499
2013-10-31,4.268309,0.630886,0.662647,-0.031762
2013-11-01,4.271047,0.635688,0.662918,-0.027230
2013-11-02,4.273785,0.635597,0.663184,-0.027587
2013-11-03,4.276523,0.638377,0.663445,-0.025068
2013-11-04,4.279261,0.654505,0.663701,-0.009197
2013-11-05,4.281999,0.694164,0.663952,0.030211
2013-11-06,4.284736,0.728238,0.664199,0.064039
2013-11-07,4.287474,0.769087,0.664440,0.104647
2013-11-08,4.290212,0.815884,0.664676,0.151208
2013-11-09,4.292950,0.858211,0.664907,0.193303
2013-11-10,4.295688,0.802901,0.665133,0.137768
2013-11-11,4.298426,0.839979,0.665355,0.174625
2013-11-12,4.301164,0.862946,0.665571,0.197375
2013-11-13,4.303901,0.891430,0.665782,0.225648
2013-11-14,4.306639,0.929477,0.665988,0.263489
2013-11-15,4.309377,0.932463,0.666189,0.266274
2013-11-16,4.312115,0.939010,0.666385,0.272625
2013-11-17,4.314853,0.970729,0.666576,0.304153
2013-11-18,4.317591,1.046845,0.666762,0.380083
2013-11-19,4.320329,1.104728,0.666943,0.437785
2013-11-20,4.323066,1.024577,0.667119,0.357458
2013-11-21,4.325804,1.112210,0.667290,0.444920
2013-11-22,4.328542,1.160606,0.667456,0.493150
2013-11-23,4.331280,1.214585,0.667616,0.546969
2013-11-24,4.334018,1.190015,0.667772,0.522243
2013-11-25,4.336756,1.196415,0.667922,0.528492
2013-11-26,4.339493,1.214061,0.668068,0.545993
2013-11-27,4.342231,1.258015,0.668208,0.589807
2013-11-28,4.344969,1.287377,0.668343,0.619034
2013-11-29,4.347707,1.316748,0.668473,0.648275
2013-11-30,4.350445,1.340488,0.668598,0.671890
2013-12-01,4.353183,1.282706,0.668718,0.613988
2013-12-02,4.355921,1.285273,0.668832,0.616441
2013-12-03,4.358658,1.301874,0.668942,0.632932
2013-12-04,4.361396,1.318631,0.669046,0.649585
2013-12-05,4.364134,1.294646,0.669146,0.625500
2013-12-06,4.366872,1.255809,0.669240,0.586570
2013-12-07,4.369610,1.152377,0.669329,0.483049
2013-12-08,4.372348,1.143474,0.669412,0.474062
2013-12-09,4.375086,1.215270,0.669491,0.545779
2013-12-10,4.377823,1.249343,0.669564,0.579779
2013-12-11,4.380561,1.234464,0.669633,0.564831
2013-12-12,4.383299,1.212076,0.669696,0.542380
2013-12-13,4.386037,1.219376,0.669753,0.549622
2013-12-14,4.388775,1.208378,0.669806,0.538572
2013-12-15,4.391513,1.185653,0.669854,0.515800
2013-12-16,4.394251,1.165783,0.669896,0.495887
2013-12-17,4.396988,1.107172,0.669933,0.437239
2013-12-18,4.399726,1.013873,0.669965,0.343908
2013-12-19,4.402464,1.055043,0.669992,0.385051
2013-12-20,4.405202,1.088485,0.670013,0.418472
2013-12-21,4.407940,1.048254,0.670029,0.378225
2013-12-22,4.410678,1.056749,0.670040,0.386708
2013-12-23,4.413415,1.062277,0.670046,0.392231
2013-12-24,4.416153,1.069604,0.670047,0.399557
2013-12-25,4.418891,1.072305,0.670042,0.402263
2013-12-26,4.421629,1.106838,0.670032,0.436806
2013-12-27,4.424367,1.114737,0.670017,0.444720
2013-12-28,4.427105,1.109265,0.669997,0.439269
2013-12-29,4.429843,1.104203,0.669971,0.434232
2013-12-30,4.432580,1.113577,0.669940,0.443637
2013-12-31,4.435318,1.109065,0.669904,0.439161
2014-01-01,4.438056,1.116170,0.669863,0.446307
2014-01-02,4.440794,1.123661,0.669816,0.453845
2014-01-03,4.443532,1.143028,0.669764,0.473263
2014-01-04,4.446270,1.147920,0.669707,0.478213
2014-01-05,4.449008,1.177324,0.669645,0.507680
2014-01-06,4.451745,1.209178,0.669577,0.539601
2014-01-07,4.454483,1.181085,0.669504,0.511581
2014-01-08,4.457221,1.147765,0.669426,0.478339
2014-01-09,4.459959,1.150316,0.669342,0.480974
2014-01-10,4.462697,1.150821,0.669254,0.481567
2014-01-11,4.465435,1.176194,0.669160,0.507034
2014-01-12,4.468172,1.169038,0.669060,0.499977
2014-01-13,4.470910,1.145015,0.668956,0.476059
2014-01-14,4.473648,1.144663,0.668846,0.475817
2014-01-15,4.476386,1.150175,0.668731,0.481444
2014-01-16,4.479124,1.145453,0.668611,0.476843
2014-01-17,4.481862,1.128658,0.668485,0.460173
2014-01-18,4.484600,1.131105,0.668354,0.462751
2014-01-19,4.487337,1.134231,0.668218,0.466013
2014-01-20,4.490075,1.139089,0.668076,0.471013
2014-01-21,4.492813,1.133394,0.667929,0.465464
2014-01-22,4.495551,1.129596,0.667777,0.461818
2014-01-23,4.498289,1.127476,0.667620,0.459856
2014-01-24,4.501027,1.114620,0.667457,0.447163
2014-01-25,4.503765,1.116503,0.667289,0.449214
2014-01-26,4.506502,1.120506,0.667116,0.453390
2014-01-27,4.509240,1.115062,0.666938,0.448124
2014-01-28,4.511978,1.104252,0.666754,0.437498
2014-01-29,4.514716,1.108195,0.666565,0.441630
2014-01-30,4.517454,1.105879,0.666370,0.439509
2014-01-31,4.520192,1.108985,0.666171,0.442814
2014-02-01,4.522930,1.112918,0.665966,0.446952
2014-02-02,4.525667,1.113749,0.665756,0.447993
2014-02-03,4.528405,1.109031,0.665540,0.443491
2014-02-04,4.531143,1.106349,0.665319,0.441030
2014-02-05,4.533881,1.101947,0.665093,0.436854
2014-02-06,4.536619,1.088974,0.664862,0.424112
2014-02-07,4.539357,1.054397,0.664625,0.389772
2014-02-08,4.542094,1.041347,0.664383,0.376963
2014-02-09,4.544832,1.035154,0.664136,0.371018
2014-02-10,4.547570,1.019320,0.663884,0.355436
2014-02-11,4.550308,1.028553,0.663626,0.364928
2014-02-12,4.553046,1.010325,0.663363,0.346962
2014-02-13,4.555784,0.994288,0.663095,0.331193
2014-02-14,4.558522,0.978921,0.662821,0.316100
2014-02-15,4.561259,0.993034,0.662542,0.330492
2014-02-16,4.563997,0.978776,0.662258,0.316518
2014-02-17,4.566735,0.976788,0.661969,0.314819
2014-02-18,4.569473,0.972681,0.661674,0.311007
2014-02-19,4.572211,0.967401,0.661374,0.306027
2014-02-20,4.574949,0.943726,0.661069,0.282657
2014-02-21,4.577687,0.918511,0.660758,0.257753
2014-02-22,4.580424,0.928908,0.660443,0.268465
2014-02-23,4.583162,0.955002,0.660122,0.294880
2014-02-24,4.585900,0.921086,0.659795,0.261290
2014-02-25,4.588638,0.862944,0.659464,0.203480
2014-02-26,4.591376,0.926703,0.659127,0.267576
2014-02-27,4.594114,0.932168,0.658785,0.273383
2014-02-28,4.596851,0.921499,0.658438,0.263061
2014-03-01,4.599589,0.915914,0.658086,0.257828
2014-03-02,4.602327,0.916520,0.657728,0.258792
2014-03-03,4.605065,0.948241,0.657365,0.290876
2014-03-04,4.607803,0.988537,0.656997,0.331541
2014-03-05,4.610541,0.982042,0.656623,0.325419
2014-03-06,4.613279,0.981196,0.656245,0.324951
2014-03-07,4.616016,0.963796,0.655861,0.307935
2014-03-08,4.618754,0.948969,0.655472,0.293497
2014-03-09,4.621492,0.951557,0.655078,0.296479
2014-03-10,4.624230,0.951172,0.654678,0.296493
2014-03-11,4.626968,0.947067,0.654274,0.292794
2014-03-12,4.629706,0.953604,0.653864,0.299741
2014-03-13,4.632444,0.954995,0.653449,0.301547
2014-03-14,4.635181,0.949914,0.653028,0.296885
2014-03-15,4.637919,0.948247,0.652603,0.295644
2014-03-16,4.640657,0.947432,0.652172,0.295259
2014-03-17,4.643395,0.940486,0.651736,0.288750
2014-03-18,4.646133,0.930620,0.651295,0.279325
2014-03-19,4.648871,0.929372,0.650849,0.278522
2014-03-20,4.651608,0.915513,0.650398,0.265115
2014-03-21,4.654346,0.903609,0.649941,0.253667
2014-03-22,4.657084,0.887401,0.649480,0.237921
2014-03-23,4.659822,0.887609,0.649013,0.238596
2014-03-24,4.662560,0.885737,0.648541,0.237196
2014-03-25,4.665298,0.894905,0.648064,0.246841
2014-03-26,4.668036,0.895055,0.647582,0.247474
2014-03-27,4.670773,0.866701,0.647094,0.219606
2014-03-28,4.673511,0.835312,0.646602,0.188710
2014-03-29,4.676249,0.827198,0.646104,0.181094
2014-03-30,4.678987,0.798623,0.645601,0.153021
2014-03-31,4.681725,0.785753,0.645094,0.140659
2014-04-01,4.684463,0.801728,0.644581,0.157147
2014-04-02,4.687201,0.789029,0.644063,0.144966
2014-04-03,4.689938,0.760964,0.643539,0.117424
2014-04-04,4.692676,0.767929,0.643011,0.124918
2014-04-05,4.695414,0.773486,0.642478,0.131008
2014-04-06,4.698152,0.777922,0.641939,0.135983
2014-04-07,4.700890,0.773865,0.641396,0.132469
2014-04-08,4.703628,0.771576,0.640847,0.130728
2014-04-09,4.706366,0.765115,0.640294,0.124821
2014-04-10,4.709103,0.723005,0.639735,0.083269
2014-04-11,4.711841,0.713916,0.639172,0.074744
2014-04-12,4.714579,0.740308,0.638603,0.101706
2014-04-13,4.717317,0.727689,0.638029,0.089659
2014-04-14,4.720055,0.754488,0.637450,0.117038
2014-04-15,4.722793,0.794387,0.636867,0.157520
2014-04-16,4.725530,0.816917,0.636278,0.180639
2014-04-17,4.728268,0.805826,0.635684,0.170142
2014-04-18,4.731006,0.790362,0.635085,0.155276
2014-04-19,4.733744,0.793428,0.634482,0.158947
2014-04-20,4.736482,0.801303,0.633873,0.167430
2014-04-21,4.739220,0.797032,0.633259,0.163773
2014-04-22,4.741958,0.790792,0.632641,0.158151
2014-04-23,4.744695,0.784559,0.632017,0.152543
2014-04-24,4.747433,0.783085,0.631388,0.151697
2014-04-25,4.750171,0.758528,0.630755,0.127773
2014-04-26,4.752909,0.753824,0.630116,0.123708
2014-04-27,4.755647,0.744830,0.629473,0.115356
2014-04-28,4.758385,0.729455,0.628825,0.100630
2014-04-29,4.761123,0.733241,0.628172,0.105069
2014-04-30,4.763860,0.733735,0.627514,0.106222
2014-05-01,4.766598,0.742283,0.626851,0.115432
2014-05-02,4.769336,0.736639,0.626183,0.110457
2014-05-03,4.772074,0.725827,0.625510,0.100317
2014-05-04,4.774812,0.718658,0.624832,0.093826
2014-05-05,4.777550,0.714745,0.624150,0.090595
2014-05-06,4.780287,0.709648,0.623463,0.086185
2014-05-07,4.783025,0.717909,0.622771,0.095139
2014-05-08,4.785763,0.721792,0.622074,0.099718
2014-05-09,4.788501,0.724410,0.621372,0.103038
2014-05-10,4.791239,0.726546,0.620665,0.105881
2014-05-11,4.793977,0.717495,0.619954,0.097542
2014-05-12,4.796715,0.712027,0.619238,0.092789
2014-05-13,4.799452,0.710404,0.618517,0.091887
2014-05-14,4.802190,0.713223,0.617791,0.095432
2014-05-15,4.804928,0.715925,0.617061,0.098864
2014-05-16,4.807666,0.715344,0.616325,0.099019
2014-05-17,4.810404,0.715085,0.615585,0.099500
2014-05-18,4.813142,0.711213,0.614841,0.096373
2014-05-19,4.815880,0.708486,0.614091,0.094395
2014-05-20,4.818617,0.728364,0.613337,0.115027
2014-05-21,4.821355,0.749236,0.612578,0.136658
2014-05-22,4.824093,0.764056,0.611815,0.152242
2014-05-23,4.826831,0.777705,0.611046,0.166658
2014-05-24,4.829569,0.769108,0.610274,0.158834
2014-05-25,4.832307,0.799414,0.609496,0.189918
2014-05-26,4.835044,0.815261,0.608714,0.206547
2014-05-27,4.837782,0.808848,0.607927,0.200921
2014-05-28,4.840520,0.807643,0.607135,0.200508
2014-05-29,4.843258,0.803574,0.606339,0.197234
2014-05-30,4.845996,0.824413,0.605539,0.218875
2014-05-31,4.848734,0.839464,0.604733,0.234730
2014-06-01,4.851472,0.854777,0.603923,0.250853
2014-06-02,4.854209,0.848848,0.603109,0.245739
2014-06-03,4.856947,0.866592,0.602290,0.264302
2014-06-04,4.859685,0.850104,0.601466,0.248637
2014-06-05,4.862423,0.855945,0.600638,0.255307
2014-06-06,4.865161,0.856347,0.599806,0.256541
2014-06-07,4.867899,0.852044,0.598968,0.253076
2014-06-08,4.870637,0.852814,0.598127,0.254688
2014-06-09,4.873374,0.847898,0.597281,0.250618
2014-06-10,4.876112,0.848004,0.596430,0.251574
2014-06-11,4.878850,0.840127,0.595575,0.244552
2014-06-12,4.881588,0.823339,0.594715,0.228624
2014-06-13,4.884326,0.803893,0.593851,0.210042
2014-06-14,4.887064,0.787158,0.592983,0.194176
2014-06-15,4.889802,0.778913,0.592110,0.186803
2014-06-16,4.892539,0.800069,0.591233,0.208837
2014-06-17,4.895277,0.800564,0.590351,0.210213
2014-06-18,4.898015,0.807981,0.589465,0.218516
2014-06-19,4.900753,0.804851,0.588575,0.216277
2014-06-20,4.903491,0.794209,0.587680,0.206529
2014-06-21,4.906229,0.791931,0.586781,0.205151
2014-06-22,4.908966,0.798696,0.585877,0.212819
2014-06-23,4.911704,0.789454,0.584969,0.204484
2014-06-24,4.914442,0.785845,0.584057,0.201788
2014-06-25,4.917180,0.771924,0.583141,0.188783
2014-06-26,4.919918,0.771404,0.582220,0.189184
2014-06-27,4.922656,0.779844,0.581295,0.198549
2014-06-28,4.925394,0.788052,0.580366,0.207686
2014-06-29,4.928131,0.785633,0.579433,0.206201
2014-06-30,4.930869,0.803390,0.578495,0.224895
2014-07-01,4.933607,0.819558,0.577553,0.242005
2014-07-02,4.936345,0.817681,0.576607,0.241074
2014-07-03,4.939083,0.815314,0.575657,0.239657
2014-07-04,4.941821,0.808247,0.574702,0.233545
2014-07-05,4.944559,0.801813,0.573744,0.228070
2014-07-06,4.947296,0.803956,0.572781,0.231175
2014-07-07,4.950034,0.797356,0.571814,0.225542
2014-07-08,4.952772,0.792212,0.570843,0.221369
2014-07-09,4.955510,0.791620,0.569868,0.221752
2014-07-10,4.958248,0.786678,0.568889,0.217789
2014-07-11,4.960986,0.789001,0.567905,0.221096
2014-07-12,4.963723,0.794224,0.566918,0.227305
2014-07-13,4.966461,0.791598,0.565927,0.225672
2014-07-14,4.969199,0.785605,0.564931,0.220674
2014-07-15,4.971937,0.783484,0.563932,0.219552
2014-07-16,4.974675,0.780720,0.562928,0.217791
2014-07-17,4.977413,0.779963,0.561921,0.218042
2014-07-18,4.980151,0.781296,0.560910,0.220387
2014-07-19,4.982888,0.782368,0.559894,0.222474
2014-07-20,4.985626,0.779206,0.558875,0.220331
2014-07-21,4.988364,0.776396,0.557852,0.218544
2014-07-22,4.991102,0.773858,0.556825,0.217033
2014-07-23,4.993840,0.772025,0.555794,0.216232
2014-07-24,4.996578,0.763508,0.554759,0.208749
2014-07-25,4.999316,0.756732,0.553720,0.203012
2014-07-26,5.002053,0.751293,0.552677,0.198616
2014-07-27,5.004791,0.749906,0.551631,0.198275
2014-07-28,5.007529,0.740506,0.550580,0.189926
2014-07-29,5.010267,0.739019,0.549526,0.189492
2014-07-30,5.013005,0.730630,0.548468,0.182161
2014-07-31,5.015743,0.730608,0.547407,0.183202
2014-08-01,5.018480,0.738721,0.546341,0.192380
2014-08-02,5.021218,0.739597,0.545272,0.194325
2014-08-03,5.023956,0.734038,0.544199,0.189839
2014-08-04,5.026694,0.735290,0.543122,0.192168
2014-08-05,5.029432,0.730336,0.542042,0.188294
2014-08-06,5.032170,0.727646,0.540958,0.186688
2014-08-07,5.034908,0.728725,0.539870,0.188855
2014-08-08,5.037645,0.731521,0.538779,0.192742
2014-08-09,5.040383,0.727558,0.537684,0.189874
2014-08-10,5.043121,0.727895,0.536586,0.191310
2014-08-11,5.045859,0.722928,0.535483,0.187445
2014-08-12,5.048597,0.711457,0.534378,0.177080
2014-08-13,5.051335,0.697445,0.533268,0.164177
2014-08-14,5.054073,0.669217,0.532155,0.137062
2014-08-15,5.056810,0.659859,0.531039,0.128820
2014-08-16,5.059548,0.655106,0.529919,0.125186
2014-08-17,5.062286,0.653958,0.528796,0.125162
2014-08-18,5.065024,0.629171,0.527669,0.101502
2014-08-19,5.067762,0.629494,0.526538,0.102955
2014-08-20,5.070500,0.640665,0.525405,0.115261
2014-08-21,5.073238,0.662182,0.524267,0.137915
2014-08-22,5.075975,0.656697,0.523127,0.133570
2014-08-23,5.078713,0.647335,0.521983,0.125352
2014-08-24,5.081451,0.649082,0.520835,0.128247
2014-08-25,5.084189,0.642226,0.519684,0.122542
2014-08-26,5.086927,0.645521,0.518530,0.126991
2014-08-27,5.089665,0.651685,0.517373,0.134313
2014-08-28,5.092402,0.641906,0.516212,0.125694
2014-08-29,5.095140,0.643825,0.515048,0.128777
2014-08-30,5.097878,0.638143,0.513881,0.124263
2014-08-31,5.100616,0.625330,0.512710,0.112620
2014-09-01,5.103354,0.615881,0.511536,0.104345
2014-09-02,5.106092,0.618915,0.510359,0.108556
2014-09-03,5.108830,0.607715,0.509179,0.098536
2014-09-04,5.111567,0.610361,0.507995,0.102365
2014-09-05,5.114305,0.613239,0.506809,0.106430
2014-09-06,5.117043,0.617099,0.505619,0.111480
2014-09-07,5.119781,0.609533,0.504426,0.105107
2014-09-08,5.122519,0.599553,0.503230,0.096323
2014-09-09,5.125257,0.594019,0.502031,0.091989
2014-09-10,5.127995,0.602075,0.500828,0.101246
2014-09-11,5.130732,0.598321,0.499623,0.098698
2014-09-12,5.133470,0.594520,0.498415,0.096106
2014-09-13,5.136208,0.595778,0.497203,0.098574
2014-09-14,5.138946,0.597962,0.495989,0.101973
2014-09-15,5.141684,0.592220,0.494772,0.097448
2014-09-16,5.144422,0.589174,0.493552,0.095622
2014-09-17,5.147159,0.574245,0.492328,0.081917
2014-09-18,5.149897,0.554177,0.491102,0.063075
2014-09-19,5.152635,0.518352,0.489873,0.028479
2014-09-20,5.155373,0.523816,0.488641,0.035175
2014-09-21,5.158111,0.516508,0.487406,0.029102
2014-09-22,5.160849,0.504563,0.486168,0.018395
2014-09-23,5.163587,0.522708,0.484928,0.037780
2014-09-24,5.166324,0.536085,0.483684,0.052401
2014-09-25,5.169062,0.517867,0.482438,0.035429
2014-09-26,5.171800,0.510883,0.481189,0.029693
2014-09-27,5.174538,0.506195,0.479938,0.026258
2014-09-28,5.177276,0.499469,0.478683,0.020786
2014-09-29,5.180014,0.478636,0.477426,0.001210
2014-09-30,5.182752,0.478318,0.476166,0.002152
2014-10-01,5.185489,0.482983,0.474904,0.008079
2014-10-02,5.188227,0.472947,0.473638,-0.000691
2014-10-03,5.190965,0.462516,0.472371,-0.009854
2014-10-04,5.193703,0.434917,0.471100,-0.036183
2014-10-05,5.196441,0.390988,0.469827,-0.078838
2014-10-06,5.199179,0.399876,0.468551,-0.068675
2014-10-07,5.201916,0.406227,0.467273,-0.061046
2014-10-08,5.204654,0.409000,0.465992,-0.056992
2014-10-09,5.207392,0.449438,0.464709,-0.015271
2014-10-10,5.210130,0.435828,0.463423,-0.027595
2014-10-11,5.212868,0.432868,0.462135,-0.029267
2014-10-12,5.215606,0.444419,0.460844,-0.016425
2014-10-13,5.218344,0.458328,0.459551,-0.001223
2014-10-14,5.221081,0.485504,0.458255,0.027249
2014-10-15,5.223819,0.476201,0.456957,0.019244
2014-10-16,5.226557,0.466413,0.455657,0.010757
2014-10-17,5.229295,0.457614,0.454354,0.003260
2014-10-18,5.232033,0.460454,0.453049,0.007405
2014-10-19,5.234771,0.465065,0.451741,0.013324
2014-10-20,5.237509,0.458087,0.450431,0.007656
2014-10-21,5.240246,0.460709,0.449119,0.011590
2014-10-22,5.242984,0.456945,0.447805,0.009140
2014-10-23,5.245722,0.437877,0.446488,-0.008612
2014-10-24,5.248460,0.424112,0.445169,-0.021058
2014-10-25,5.251198,0.416085,0.443848,-0.027763
2014-10-26,5.253936,0.417878,0.442525,-0.024648
2014-10-27,5.256674,0.416614,0.441200,-0.024586
2014-10-28,5.259411,0.413228,0.439872,-0.026644
2014-10-29,5.262149,0.402591,0.438543,-0.035951
2014-10-30,5.264887,0.393724,0.437211,-0.043487
2014-10-31,5.267625,0.396842,0.435877,-0.039035
2014-11-01,5.270363,0.380230,0.434541,-0.054311
2014-11-02,5.273101,0.372067,0.433203,-0.061136
2014-11-03,5.275838,0.373248,0.431863,-0.058615
2014-11-04,5.278576,0.371220,0.430521,-0.059301
2014-11-05,5.281314,0.382277,0.429177,-0.046901
2014-11-06,5.284052,0.390730,0.427832,-0.037102
2014-11-07,5.286790,0.390906,0.426484,-0.035578
2014-11-08,5.289528,0.388413,0.425134,-0.036721
2014-11-09,5.292266,0.394283,0.423782,-0.029499
2014-11-10,5.295003,0.411581,0.422429,-0.010848
2014-11-11,5.297741,0.413397,0.421074,-0.007676
2014-11-12,5.300479,0.443816,0.419716,0.024100
2014-11-13,5.303217,0.474033,0.418357,0.055676
2014-11-14,5.305955,0.447161,0.416997,0.030164
2014-11-15,5.308693,0.432099,0.415634,0.016465
2014-11-16,5.311431,0.430707,0.414270,0.016438
2014-11-17,5.314168,0.441226,0.412904,0.028323
2014-11-18,5.316906,0.423804,0.411536,0.012268
2014-11-19,5.319644,0.418898,0.410167,0.008732
2014-11-20,5.322382,0.401804,0.408796,-0.006991
2014-11-21,5.325120,0.389227,0.407423,-0.018196
2014-11-22,5.327858,0.389115,0.406049,-0.016934
2014-11-23,5.330595,0.390024,0.404673,-0.014649
2014-11-24,5.333333,0.408440,0.403295,0.005145
2014-11-25,5.336071,0.416535,0.401916,0.014619
2014-11-26,5.338809,0.402060,0.400536,0.001525
2014-11-27,5.341547,0.400788,0.399153,0.001635
2014-11-28,5.344285,0.397774,0.397770,0.000004
2014-11-29,5.347023,0.406576,0.396385,0.010191
2014-11-30,5.349760,0.405581,0.394998,0.010582
2014-12-01,5.352498,0.397215,0.393610,0.003605
2014-12-02,5.355236,0.404872,0.392221,0.012651
2014-12-03,5.357974,0.401554,0.390830,0.010723
2014-12-04,5.360712,0.395834,0.389438,0.006395
2014-12-05,5.363450,0.393071,0.388045,0.005026
2014-12-06,5.366188,0.394580,0.386650,0.007930
2014-12-07,5.368925,0.392262,0.385254,0.007008
2014-12-08,5.371663,0.385918,0.383857,0.002061
2014-12-09,5.374401,0.364935,0.382458,-0.017524
2014-12-10,5.377139,0.364453,0.381059,-0.016606
2014-12-11,5.379877,0.362233,0.379658,-0.017425
2014-12-12,5.382615,0.363185,0.378256,-0.015071
2014-12-13,5.385352,0.356726,0.376852,-0.020126
2014-12-14,5.388090,0.357080,0.375448,-0.018368
2014-12-15,5.390828,0.352585,0.374042,-0.021457
2014-12-16,5.393566,0.337306,0.372636,-0.035330
2014-12-17,5.396304,0.319717,0.371228,-0.051511
2014-12-18,5.399042,0.311296,0.369819,-0.058523
2014-12-19,5.401780,0.304800,0.368409,-0.063609
2014-12-20,5.404517,0.316438,0.366999,-0.050560
2014-12-21,5.407255,0.314300,0.365587,-0.051287
2014-12-22,5.409993,0.316750,0.364174,-0.047424
2014-12-23,5.412731,0.323108,0.362760,-0.039653
2014-12-24,5.415469,0.317416,0.361346,-0.043930
2014-12-25,5.418207,0.303549,0.359930,-0.056381
2014-12-26,5.420945,0.306527,0.358514,-0.051987
2014-12-27,5.423682,0.301231,0.357097,-0.055866
2014-12-28,5.426420,0.296211,0.355678,-0.059468
2014-12-29,5.429158,0.294332,0.354260,-0.059927
2014-12-30,5.431896,0.289622,0.352840,-0.063217
2014-12-31,5.434634,0.289222,0.351420,-0.062197
2015-01-01,5.437372,0.291237,0.349998,-0.058761
2015-01-02,5.440110,0.289181,0.348576,-0.059395
2015-01-03,5.442847,0.271101,0.347154,-0.076053
2015-01-04,5.445585,0.228558,0.345731,-0.117173
2015-01-05,5.448323,0.223118,0.344307,-0.121189
2015-01-06,5.451061,0.227205,0.342882,-0.115677
2015-01-07,5.453799,0.244273,0.341457,-0.097184
2015-01-08,5.456537,0.248439,0.340031,-0.091593
2015-01-09,5.459274,0.242556,0.338605,-0.096049
2015-01-10,5.462012,0.231576,0.337178,-0.105602
2015-01-11,5.464750,0.218974,0.335751,-0.116777
2015-01-12,5.467488,0.211020,0.334323,-0.123303
2015-01-13,5.470226,0.164509,0.332895,-0.168386
2015-01-14,5.472964,0.072149,0.331466,-0.259317
2015-01-15,5.475702,0.091059,0.330037,-0.238978
2015-01-16,5.478439,0.100691,0.328607,-0.227916
2015-01-17,5.481177,0.077288,0.327177,-0.249889
2015-01-18,5.483915,0.089261,0.325747,-0.236486
2015-01-19,5.486653,0.097928,0.324316,-0.226388
2015-01-20,5.489391,0.095175,0.322885,-0.227711
2015-01-21,5.492129,0.103627,0.321454,-0.217827
2015-01-22,5.494867,0.130548,0.320023,-0.189474
2015-01-23,5.497604,0.128303,0.318591,-0.190288
2015-01-24,5.500342,0.142094,0.317159,-0.175065
2015-01-25,5.503080,0.161300,0.315727,-0.154427
2015-01-26,5.505818,0.211284,0.314294,-0.103010
2015-01-27,5.508556,0.179060,0.312862,-0.133802
2015-01-28,5.511294,0.165970,0.311429,-0.145459
2015-01-29,5.514031,0.128811,0.309996,-0.181185
2015-01-30,5.516769,0.126485,0.308563,-0.182078
2015-01-31,5.519507,0.118649,0.307131,-0.188481
2015-02-01,5.522245,0.101574,0.305698,-0.204124
2015-02-02,5.524983,0.112968,0.304265,-0.191297
2015-02-03,5.527721,0.130483,0.302832,-0.172349
2015-02-04,5.530459,0.111363,0.301399,-0.190035
2015-02-05,5.533196,0.098439,0.299966,-0.201527
2015-02-06,5.535934,0.093715,0.298533,-0.204818
2015-02-07,5.538672,0.102308,0.297100,-0.194792
2015-02-08,5.541410,0.101601,0.295667,-0.194066
2015-02-09,5.544148,0.092417,0.294235,-0.201818
2015-02-10,5.546886,0.087047,0.292803,-0.205756
2015-02-11,5.549624,0.088413,0.291370,-0.202958
2015-02-12,5.552361,0.087950,0.289939,-0.201989
2015-02-13,5.555099,0.108977,0.288507,-0.179529
2015-02-14,5.557837,0.131185,0.287075,-0.155890
2015-02-15,5.560575,0.137297,0.285644,-0.148347
2015-02-16,5.563313,0.112686,0.284213,-0.171527
2015-02-17,5.566051,0.117632,0.282783,-0.165151
2015-02-18,5.568789,0.117377,0.281352,-0.163975
2015-02-19,5.571526,0.115161,0.279923,-0.164762
2015-02-20,5.574264,0.121713,0.278493,-0.156780
2015-02-21,5.577002,0.121338,0.277064,-0.155726
2015-02-22,5.579740,0.116253,0.275635,-0.159383
2015-02-23,5.582478,0.106718,0.274207,-0.167489
2015-02-24,5.585216,0.109088,0.272780,-0.163691
2015-02-25,5.587953,0.107396,0.271352,-0.163956
2015-02-26,5.590691,0.103917,0.269926,-0.166008
2015-02-27,5.593429,0.124480,0.268499,-0.144019
2015-02-28,5.596167,0.128388,0.267074,-0.138686
2015-03-01,5.598905,0.126859,0.265649,-0.138790
2015-03-02,5.601643,0.143902,0.264225,-0.120322
2015-03-03,5.604381,0.162572,0.262801,-0.100229
2015-03-04,5.607118,0.168591,0.261378,-0.092786
2015-03-05,5.609856,0.156169,0.259955,-0.103787
2015-03-06,5.612594,0.156095,0.258534,-0.102439
2015-03-07,5.615332,0.156127,0.257113,-0.100986
2015-03-08,5.618070,0.158211,0.255692,-0.097481
2015-03-09,5.620808,0.166667,0.254273,-0.087606
2015-03-10,5.623546,0.181356,0.252854,-0.071498
2015-03-11,5.626283,0.182817,0.251436,-0.068619
2015-03-12,5.629021,0.183204,0.250019,-0.066816
2015-03-13,5.631759,0.177879,0.248603,-0.070725
2015-03-14,5.634497,0.170527,0.247188,-0.076661
2015-03-15,5.637235,0.166572,0.245774,-0.079202
2015-03-16,5.639973,0.174536,0.244360,-0.069824
2015-03-17,5.642710,0.170196,0.242948,-0.072752
2015-03-18,5.645448,0.146068,0.241536,-0.095468
2015-03-19,5.648186,0.120561,0.240126,-0.119565
2015-03-20,5.650924,0.124400,0.238716,-0.114316
2015-03-21,5.653662,0.120432,0.237308,-0.116876
2015-03-22,5.656400,0.122372,0.235900,-0.113528
2015-03-23,5.659138,0.129846,0.234494,-0.104648
2015-03-24,5.661875,0.110709,0.233089,-0.122380
2015-03-25,5.664613,0.090935,0.231685,-0.140749
2015-03-26,5.667351,0.097556,0.230282,-0.132726
2015-03-27,5.670089,0.092809,0.228880,-0.136071
2015-03-28,5.672827,0.097468,0.227479,-0.130012
2015-03-29,5.675565,0.086867,0.226080,-0.139213
2015-03-30,5.678303,0.086506,0.224682,-0.138176
2015-03-31,5.681040,0.084602,0.223285,-0.138683
2015-04-01,5.683778,0.079615,0.221889,-0.142275
2015-04-02,5.686516,0.085331,0.220495,-0.135164
2015-04-03,5.689254,0.092450,0.219102,-0.126652
2015-04-04,5.691992,0.091976,0.217710,-0.125734
2015-04-05,5.694730,0.095913,0.216320,-0.120407
2015-04-06,5.697467,0.095558,0.214931,-0.119373
2015-04-07,5.700205,0.089071,0.213544,-0.124473
2015-04-08,5.702943,0.081028,0.212158,-0.131130
2015-04-09,5.705681,0.073437,0.210773,-0.137336
2015-04-10,5.708419,0.062479,0.209390,-0.146911
2015-04-11,5.711157,0.057887,0.208009,-0.150122
2015-04-12,5.713895,0.056144,0.206629,-0.150484
2015-04-13,5.716632,0.046106,0.205250,-0.159144
2015-04-14,5.719370,0.025532,0.203873,-0.178341
2015-04-15,5.722108,0.025552,0.202498,-0.176946
2015-04-16,5.724846,0.034186,0.201124,-0.166938
2015-04-17,5.727584,0.028172,0.199752,-0.171580
2015-04-18,5.730322,0.024281,0.198381,-0.174100
2015-04-19,5.733060,0.025694,0.197013,-0.171319
2015-04-20,5.735797,0.024334,0.195645,-0.171311
2015-04-21,5.738535,0.026560,0.194280,-0.167720
2015-04-22,5.741273,0.040949,0.192916,-0.151967
2015-04-23,5.744011,0.038825,0.191555,-0.152729
2015-04-24,5.746749,0.034157,0.190194,-0.156038
2015-04-25,5.749487,0.027049,0.188836,-0.161787
2015-04-26,5.752225,0.010311,0.187480,-0.177168
2015-04-27,5.754962,0.012523,0.186125,-0.173602
2015-04-28,5.757700,0.017315,0.184772,-0.167457
2015-04-29,5.760438,0.016153,0.183421,-0.167269
2015-04-30,5.763176,0.027297,0.182072,-0.154776
2015-05-01,5.765914,0.032595,0.180725,-0.148131
2015-05-02,5.768652,0.030042,0.179380,-0.149339
2015-05-03,5.771389,0.037154,0.178037,-0.140883
2015-05-04,5.774127,0.036506,0.176696,-0.140190
2015-05-05,5.776865,0.027615,0.175357,-0.147742
2015-05-06,5.779603,0.026348,0.174020,-0.147672
2015-05-07,5.782341,0.020853,0.172685,-0.151832
2015-05-08,5.785079,0.031397,0.171352,-0.139955
2015-05-09,5.787817,0.035853,0.170021,-0.134168
2015-05-10,5.790554,0.032948,0.168693,-0.135744
2015-05-11,5.793292,0.032674,0.167366,-0.134692
2015-05-12,5.796030,0.031924,0.166042,-0.134117
2015-05-13,5.798768,0.031868,0.164719,-0.132852
2015-05-14,5.801506,0.022353,0.163399,-0.141046
2015-05-15,5.804244,0.022433,0.162082,-0.139649
2015-05-16,5.806982,0.019853,0.160766,-0.140913
2015-05-17,5.809719,0.018022,0.159453,-0.141430
2015-05-18,5.812457,0.015650,0.158142,-0.142491
2015-05-19,5.815195,0.009984,0.156833,-0.146850
2015-05-20,5.817933,0.009297,0.155527,-0.146230
2015-05-21,5.820671,0.010832,0.154223,-0.143391
2015-05-22,5.823409,0.013298,0.152921,-0.139623
2015-05-23,5.826146,0.016552,0.151622,-0.135070
2015-05-24,5.828884,0.015149,0.150325,-0.135176
2015-05-25,5.831622,0.012039,0.149031,-0.136991
2015-05-26,5.834360,0.009033,0.147739,-0.138706
2015-05-27,5.837098,0.008111,0.146449,-0.138338
2015-05-28,5.839836,0.006817,0.145162,-0.138345
2015-05-29,5.842574,0.004806,0.143878,-0.139071
2015-05-30,5.845311,-0.000500,0.142596,-0.143095
2015-05-31,5.848049,-0.004019,0.141316,-0.145335
2015-06-01,5.850787,-0.014611,0.140040,-0.154651
2015-06-02,5.853525,-0.020210,0.138765,-0.158975
2015-06-03,5.856263,-0.018947,0.137494,-0.156441
2015-06-04,5.859001,-0.020317,0.136225,-0.156542
2015-06-05,5.861739,-0.023684,0.134958,-0.158643
2015-06-06,5.864476,-0.024803,0.133695,-0.158497
2015-06-07,5.867214,-0.026594,0.132434,-0.159028
2015-06-08,5.869952,-0.023962,0.131175,-0.155137
2015-06-09,5.872690,-0.019218,0.129920,-0.149138
2015-06-10,5.875428,-0.021430,0.128667,-0.150097
2015-06-11,5.878166,-0.021167,0.127417,-0.148584
2015-06-12,5.880903,-0.021618,0.126170,-0.147788
2015-06-13,5.883641,-0.021887,0.124925,-0.146813
2015-06-14,5.886379,-0.018933,0.123684,-0.142617
2015-06-15,5.889117,-0.016275,0.122445,-0.138720
2015-06-16,5.891855,-0.004589,0.121209,-0.125799
2015-06-17,5.894593,0.009461,0.119976,-0.110515
2015-06-18,5.897331,0.005386,0.118746,-0.113360
2015-06-19,5.900068,0.002978,0.117519,-0.114541
2015-06-20,5.902806,-0.004476,0.116295,-0.120771
2015-06-21,5.905544,-0.005867,0.115073,-0.120941
2015-06-22,5.908282,-0.004102,0.113855,-0.117957
2015-06-23,5.911020,-0.006225,0.112640,-0.118865
2015-06-24,5.913758,-0.011500,0.111428,-0.122928
2015-06-25,5.916496,-0.013393,0.110218,-0.123611
2015-06-26,5.919233,-0.013750,0.109012,-0.122762
2015-06-27,5.921971,-0.008915,0.107809,-0.116724
2015-06-28,5.924709,-0.004574,0.106609,-0.111184
2015-06-29,5.927447,0.001093,0.105412,-0.104319
2015-06-30,5.930185,0.016833,0.104219,-0.087386
2015-07-01,5.932923,0.010403,0.103028,-0.092625
2015-07-02,5.935661,0.005080,0.101841,-0.096761
2015-07-03,5.938398,0.001568,0.100656,-0.099089
2015-07-04,5.941136,0.002356,0.099475,-0.097119
2015-07-05,5.943874,0.012899,0.098297,-0.085398
2015-07-06,5.946612,0.023971,0.097123,-0.073152
2015-07-07,5.949350,0.017605,0.095952,-0.078347
2015-07-08,5.952088,0.018049,0.094784,-0.076734
2015-07-09,5.954825,0.019151,0.093619,-0.074468
2015-07-10,5.957563,0.036833,0.092457,-0.055625
2015-07-11,5.960301,0.050734,0.091299,-0.040565
2015-07-12,5.963039,0.068263,0.090145,-0.021881
2015-07-13,5.965777,0.054350,0.088993,-0.034643
2015-07-14,5.968515,0.048313,0.087845,-0.039532
2015-07-15,5.971253,0.045256,0.086701,-0.041444
2015-07-16,5.973990,0.031968,0.085560,-0.053592
2015-07-17,5.976728,0.024030,0.084422,-0.060392
2015-07-18,5.979466,0.023371,0.083288,-0.059916
2015-07-19,5.982204,0.018965,0.082157,-0.063192
2015-07-20,5.984942,0.019213,0.081029,-0.061816
2015-07-21,5.987680,0.021144,0.079906,-0.058762
2015-07-22,5.990418,0.016858,0.078785,-0.061927
2015-07-23,5.993155,0.016543,0.077669,-0.061126
2015-07-24,5.995893,0.025213,0.076556,-0.051343
2015-07-25,5.998631,0.032461,0.075446,-0.042985
2015-07-26,6.001369,0.034688,0.074340,-0.039652
2015-07-27,6.004107,0.035495,0.073238,-0.037743
2015-07-28,6.006845,0.037674,0.072139,-0.034465
2015-07-29,6.009582,0.031396,0.071044,-0.039648
2015-07-30,6.012320,0.026066,0.069953,-0.043887
2015-07-31,6.015058,0.021561,0.068865,-0.047304
2015-08-01,6.017796,0.015014,0.067781,-0.052766
2015-08-02,6.020534,0.012136,0.066700,-0.054565
2015-08-03,6.023272,0.015183,0.065624,-0.050440
2015-08-04,6.026010,0.015845,0.064551,-0.048706
2015-08-05,6.028747,0.013147,0.063482,-0.050335
2015-08-06,6.031485,0.007579,0.062417,-0.054838
2015-08-07,6.034223,0.004685,0.061355,-0.056670
2015-08-08,6.036961,-0.005096,0.060297,-0.065394
2015-08-09,6.039699,-0.021239,0.059244,-0.080483
2015-08-10,6.042437,-0.020502,0.058194,-0.078696
2015-08-11,6.045175,-0.018725,0.057147,-0.075872
2015-08-12,6.047912,-0.017226,0.056105,-0.073331
2015-08-13,6.050650,-0.023658,0.055067,-0.078725
2015-08-14,6.053388,-0.023779,0.054032,-0.077811
2015-08-15,6.056126,-0.024505,0.053002,-0.077507
2015-08-16,6.058864,-0.035012,0.051975,-0.086987
2015-08-17,6.061602,-0.038043,0.050953,-0.088996
2015-08-18,6.064339,-0.046061,0.049934,-0.095995
2015-08-19,6.067077,-0.086454,0.048919,-0.135374
2015-08-20,6.069815,-0.085613,0.047909,-0.133521
2015-08-21,6.072553,-0.085628,0.046902,-0.132530
2015-08-22,6.075291,-0.093391,0.045899,-0.139290
2015-08-23,6.078029,-0.095524,0.044901,-0.140425
2015-08-24,6.080767,-0.114513,0.043906,-0.158419
2015-08-25,6.083504,-0.123296,0.042916,-0.166212
2015-08-26,6.086242,-0.104719,0.041929,-0.146648
2015-08-27,6.088980,-0.105746,0.040947,-0.146693
2015-08-28,6.091718,-0.103018,0.039969,-0.142987
2015-08-29,6.094456,-0.100175,0.038995,-0.139170
2015-08-30,6.097194,-0.104081,0.038025,-0.142107
2015-08-31,6.099932,-0.104414,0.037060,-0.141474
2015-09-01,6.102669,-0.105732,0.036098,-0.141830
2015-09-02,6.105407,-0.107221,0.035141,-0.142362
2015-09-03,6.108145,-0.109628,0.034188,-0.143816
2015-09-04,6.110883,-0.107511,0.033239,-0.140750
2015-09-05,6.113621,-0.102693,0.032294,-0.134988
2015-09-06,6.116359,-0.090059,0.031354,-0.121413
2015-09-07,6.119097,-0.089637,0.030418,-0.120055
2015-09-08,6.121834,-0.085656,0.029486,-0.115142
2015-09-09,6.124572,-0.092083,0.028559,-0.120642
2015-09-10,6.127310,-0.095995,0.027636,-0.123630
2015-09-11,6.130048,-0.093905,0.026717,-0.120621
2015-09-12,6.132786,-0.097125,0.025802,-0.122928
2015-09-13,6.135524,-0.108354,0.024892,-0.133246
2015-09-14,6.138261,-0.114089,0.023986,-0.138075
2015-09-15,6.140999,-0.114600,0.023085,-0.137685
2015-09-16,6.143737,-0.119441,0.022188,-0.141629
2015-09-17,6.146475,-0.117662,0.021295,-0.138958
2015-09-18,6.149213,-0.113570,0.020407,-0.133977
2015-09-19,6.151951,-0.117213,0.019523,-0.136736
2015-09-20,6.154689,-0.118975,0.018644,-0.137619
2015-09-21,6.157426,-0.125936,0.017769,-0.143705
2015-09-22,6.160164,-0.125067,0.016899,-0.141966
2015-09-23,6.162902,-0.123207,0.016033,-0.139240
2015-09-24,6.165640,-0.121597,0.015171,-0.136769
2015-09-25,6.168378,-0.116824,0.014315,-0.131138
2015-09-26,6.171116,-0.119703,0.013462,-0.133165
2015-09-27,6.173854,-0.122443,0.012614,-0.135057
2015-09-28,6.176591,-0.116161,0.011771,-0.127932
2015-09-29,6.179329,-0.115961,0.010932,-0.126894
2015-09-30,6.182067,-0.119051,0.010098,-0.129149
2015-10-01,6.184805,-0.119466,0.009269,-0.128735
2015-10-02,6.187543,-0.119591,0.008444,-0.128035
2015-10-03,6.190281,-0.119382,0.007624,-0.127005
2015-10-04,6.193018,-0.119344,0.006808,-0.126151
2015-10-05,6.195756,-0.120379,0.005997,-0.126376
2015-10-06,6.198494,-0.114579,0.005190,-0.119769
2015-10-07,6.201232,-0.112160,0.004389,-0.116548
2015-10-08,6.203970,-0.115010,0.003591,-0.118601
2015-10-09,6.206708,-0.115068,0.002799,-0.117867
2015-10-10,6.209446,-0.115183,0.002011,-0.117195
2015-10-11,6.212183,-0.113725,0.001228,-0.114954
2015-10-12,6.214921,-0.113760,0.000450,-0.114210
2015-10-13,6.217659,-0.113156,-0.000324,-0.112833
2015-10-14,6.220397,-0.108344,-0.001092,-0.107252
2015-10-15,6.223135,-0.103997,-0.001856,-0.102140
2015-10-16,6.225873,-0.095736,-0.002616,-0.093120
2015-10-17,6.228611,-0.081771,-0.003370,-0.078400
2015-10-18,6.231348,-0.086553,-0.004120,-0.082433
2015-10-19,6.234086,-0.091769,-0.004865,-0.086904
2015-10-20,6.236824,-0.086660,-0.005605,-0.081055
2015-10-21,6.239562,-0.087099,-0.006340,-0.080758
2015-10-22,6.242300,-0.081993,-0.007071,-0.074922
2015-10-23,6.245038,-0.075117,-0.007797,-0.067320
2015-10-24,6.247775,-0.071523,-0.008517,-0.063006
2015-10-25,6.250513,-0.058330,-0.009233,-0.049096
2015-10-26,6.253251,-0.065911,-0.009945,-0.055967
2015-10-27,6.255989,-0.056062,-0.010651,-0.045411
2015-10-28,6.258727,-0.044844,-0.011352,-0.033492
2015-10-29,6.261465,-0.033956,-0.012048,-0.021907
2015-10-30,6.264203,-0.013545,-0.012740,-0.000805
2015-10-31,6.266940,-0.017478,-0.013427,-0.004051
2015-11-01,6.269678,-0.024149,-0.014108,-0.010041
2015-11-02,6.272416,-0.001854,-0.014785,0.012931
2015-11-03,6.275154,0.051934,-0.015457,0.067391
2015-11-04,6.277892,0.117465,-0.016124,0.133589
2015-11-05,6.280630,0.072479,-0.016785,0.089265
2015-11-06,6.283368,0.040505,-0.017442,0.057948
2015-11-07,6.286105,0.052304,-0.018094,0.070399
2015-11-08,6.288843,0.049375,-0.018741,0.068116
2015-11-09,6.291581,0.040116,-0.019383,0.059499
2015-11-10,6.294319,0.027936,-0.020020,0.047955
2015-11-11,6.297057,-0.034568,-0.020652,-0.013916
2015-11-12,6.299795,-0.020081,-0.021279,0.001198
2015-11-13,6.302533,-0.012549,-0.021900,0.009351
2015-11-14,6.305270,-0.012909,-0.022517,0.009608
2015-11-15,6.308008,-0.021713,-0.023129,0.001416
2015-11-16,6.310746,-0.030273,-0.023735,-0.006538
2015-11-17,6.313484,-0.016050,-0.024337,0.008287
2015-11-18,6.316222,-0.019141,-0.024933,0.005793
2015-11-19,6.318960,-0.023713,-0.025525,0.001812
2015-11-20,6.321697,-0.038188,-0.026111,-0.012077
2015-11-21,6.324435,-0.033278,-0.026692,-0.006586
2015-11-22,6.327173,-0.034878,-0.027268,-0.007609
2015-11-23,6.329911,-0.037357,-0.027839,-0.009518
2015-11-24,6.332649,-0.041333,-0.028405,-0.012928
2015-11-25,6.335387,-0.039278,-0.028966,-0.010312
2015-11-26,6.338125,-0.014104,-0.029521,0.015418
2015-11-27,6.340862,0.000644,-0.030072,0.030716
2015-11-28,6.343600,-0.000869,-0.030617,0.029748
2015-11-29,6.346338,0.004463,-0.031157,0.035619
2015-11-30,6.349076,0.021594,-0.031692,0.053285
2015-12-01,6.351814,0.010486,-0.032221,0.042707
2015-12-02,6.354552,-0.003399,-0.032746,0.029347
2015-12-03,6.357290,0.002967,-0.033265,0.036232
2015-12-04,6.360027,-0.000189,-0.033779,0.033590
2015-12-05,6.362765,0.014917,-0.034288,0.049205
2015-12-06,6.365503,0.034422,-0.034792,0.069214
2015-12-07,6.368241,0.033364,-0.035290,0.068655
2015-12-08,6.370979,0.034607,-0.035783,0.070390
2015-12-09,6.373717,0.056342,-0.036271,0.092614
2015-12-10,6.376454,0.061466,-0.036754,0.098220
2015-12-11,6.379192,0.071061,-0.037232,0.108293
2015-12-12,6.381930,0.070564,-0.037704,0.108268
2015-12-13,6.384668,0.071523,-0.038171,0.109694
2015-12-14,6.387406,0.075972,-0.038632,0.114604
2015-12-15,6.390144,0.089122,-0.039089,0.128211
2015-12-16,6.392882,0.088889,-0.039540,0.128429
2015-12-17,6.395619,0.086194,-0.039986,0.126180
2015-12-18,6.398357,0.095077,-0.040426,0.135504
2015-12-19,6.401095,0.091811,-0.040862,0.132672
2015-12-20,6.403833,0.082393,-0.041292,0.123685
2015-12-21,6.406571,0.067463,-0.041716,0.109179
2015-12-22,6.409309,0.067010,-0.042136,0.109145
2015-12-23,6.412047,0.067803,-0.042550,0.110353
2015-12-24,6.414784,0.079789,-0.042958,0.122748
2015-12-25,6.417522,0.079944,-0.043362,0.123305
2015-12-26,6.420260,0.055241,-0.043760,0.099001
2015-12-27,6.422998,0.042917,-0.044153,0.087069
2015-12-28,6.425736,0.047535,-0.044540,0.092075
2015-12-29,6.428474,0.047969,-0.044922,0.092891
2015-12-30,6.431211,0.050445,-0.045299,0.095744
2015-12-31,6.433949,0.046513,-0.045670,0.092183
2016-01-01,6.436687,0.051013,-0.046036,0.097049
2016-01-02,6.439425,0.051494,-0.046397,0.097891
2016-01-03,6.442163,0.045938,-0.046752,0.092690
2016-01-04,6.444901,0.047267,-0.047102,0.094369
2016-01-05,6.447639,0.047161,-0.047446,0.094607
2016-01-06,6.450376,0.044220,-0.047785,0.092006
2016-01-07,6.453114,0.060883,-0.048119,0.109002
2016-01-08,6.455852,0.066728,-0.048447,0.115175
2016-01-09,6.458590,0.061737,-0.048770,0.110507
2016-01-10,6.461328,0.055504,-0.049088,0.104592
2016-01-11,6.464066,0.056945,-0.049400,0.106345
2016-01-12,6.466804,0.055595,-0.049707,0.105302
2016-01-13,6.469541,0.037714,-0.050008,0.087723
2016-01-14,6.472279,0.037939,-0.050304,0.088243
2016-01-15,6.475017,0.008386,-0.050595,0.058981
2016-01-16,6.477755,-0.028594,-0.050880,0.022286
2016-01-17,6.480493,-0.014366,-0.051159,0.036793
2016-01-18,6.483231,-0.016685,-0.051434,0.034749
2016-01-19,6.485969,-0.017150,-0.051703,0.034552
2016-01-20,6.488706,-0.007084,-0.051966,0.044882
2016-01-21,6.491444,0.014908,-0.052224,0.067132
2016-01-22,6.494182,-0.008815,-0.052477,0.043662
2016-01-23,6.496920,-0.015261,-0.052724,0.037463
2016-01-24,6.499658,-0.008042,-0.052966,0.044924
2016-01-25,6.502396,-0.009711,-0.053202,0.043490
2016-01-26,6.505133,-0.012681,-0.053433,0.040752
2016-01-27,6.507871,-0.012609,-0.053658,0.041049
2016-01-28,6.510609,-0.025304,-0.053878,0.028574
2016-01-29,6.513347,-0.034929,-0.054093,0.019163
2016-01-30,6.516085,-0.033477,-0.054302,0.020825
2016-01-31,6.518823,-0.034842,-0.054505,0.019664
2016-02-01,6.521561,-0.040755,-0.054703,0.013948
2016-02-02,6.524298,-0.041332,-0.054896,0.013564
2016-02-03,6.527036,-0.045325,-0.055083,0.009758
2016-02-04,6.529774,-0.038946,-0.055265,0.016319
2016-02-05,6.532512,-0.030271,-0.055442,0.025170
2016-02-06,6.535250,-0.042085,-0.055613,0.013528
2016-02-07,6.537988,-0.043500,-0.055778,0.012278
2016-02-08,6.540726,-0.044881,-0.055938,0.011057
2016-02-09,6.543463,-0.048246,-0.056093,0.007847
2016-02-10,6.546201,-0.044344,-0.056242,0.011897
2016-02-11,6.548939,-0.044975,-0.056385,0.011410
2016-02-12,6.551677,-0.042757,-0.056523,0.013767
2016-02-13,6.554415,-0.035859,-0.056656,0.020798
2016-02-14,6.557153,-0.025545,-0.056783,0.031238
2016-02-15,6.559890,-0.022579,-0.056905,0.034326
2016-02-16,6.562628,-0.022215,-0.057022,0.034807
2016-02-17,6.565366,-0.012080,-0.057132,0.045052
2016-02-18,6.568104,-0.006864,-0.057238,0.050374
2016-02-19,6.570842,-0.007576,-0.057338,0.049762
2016-02-20,6.573580,0.001466,-0.057432,0.058899
2016-02-21,6.576318,0.008087,-0.057521,0.065609
2016-02-22,6.579055,0.005686,-0.057605,0.063291
2016-02-23,6.581793,-0.004164,-0.057683,0.053519
2016-02-24,6.584531,-0.011249,-0.057756,0.046507
2016-02-25,6.587269,-0.010031,-0.057823,0.047792
2016-02-26,6.590007,-0.009988,-0.057885,0.047897
2016-02-27,6.592745,-0.002808,-0.057941,0.055133
2016-02-28,6.595483,-0.006571,-0.057992,0.051421
2016-02-29,6.598220,-0.000438,-0.058037,0.057599
2016-03-01,6.600958,-0.003372,-0.058077,0.054705
2016-03-02,6.603696,-0.006744,-0.058112,0.051368
2016-03-03,6.606434,-0.018127,-0.058141,0.040014
2016-03-04,6.609172,-0.021296,-0.058165,0.036869
2016-03-05,6.611910,-0.039403,-0.058183,0.018779
2016-03-06,6.614648,-0.040133,-0.058196,0.018063
2016-03-07,6.617385,-0.034784,-0.058203,0.023419
2016-03-08,6.620123,-0.032458,-0.058205,0.025747
2016-03-09,6.622861,-0.033548,-0.058201,0.024653
2016-03-10,6.625599,-0.032503,-0.058192,0.025689
2016-03-11,6.628337,-0.027257,-0.058178,0.030921
2016-03-12,6.631075,-0.034016,-0.058158,0.024141
2016-03-13,6.633812,-0.036127,-0.058132,0.022005
2016-03-14,6.636550,-0.035530,-0.058102,0.022572
2016-03-15,6.639288,-0.034537,-0.058066,0.023529
2016-03-16,6.642026,-0.035682,-0.058024,0.022342
2016-03-17,6.644764,-0.033649,-0.057977,0.024328
2016-03-18,6.647502,-0.039675,-0.057925,0.018250
2016-03-19,6.650240,-0.045652,-0.057867,0.012215
2016-03-20,6.652977,-0.044013,-0.057804,0.013790
2016-03-21,6.655715,-0.045717,-0.057735,0.012018
2016-03-22,6.658453,-0.040775,-0.057661,0.016886
2016-03-23,6.661191,-0.040170,-0.057581,0.017411
2016-03-24,6.663929,-0.042398,-0.057497,0.015099
2016-03-25,6.666667,-0.043974,-0.057406,0.013432
2016-03-26,6.669405,-0.044257,-0.057311,0.013053
2016-03-27,6.672142,-0.041293,-0.057210,0.015917
2016-03-28,6.674880,-0.038661,-0.057103,0.018442
2016-03-29,6.677618,-0.044576,-0.056992,0.012415
2016-03-30,6.680356,-0.050765,-0.056874,0.006110
2016-03-31,6.683094,-0.049162,-0.056752,0.007590
2016-04-01,6.685832,-0.049969,-0.056624,0.006655
2016-04-02,6.688569,-0.047533,-0.056491,0.008957
2016-04-03,6.691307,-0.049083,-0.056352,0.007269
2016-04-04,6.694045,-0.049464,-0.056208,0.006745
2016-04-05,6.696783,-0.047484,-0.056059,0.008575
2016-04-06,6.699521,-0.048028,-0.055904,0.007877
2016-04-07,6.702259,-0.050070,-0.055744,0.005674
2016-04-08,6.704997,-0.050604,-0.055579,0.004975
2016-04-09,6.707734,-0.055311,-0.055408,0.000097
2016-04-10,6.710472,-0.053523,-0.055232,0.001710
2016-04-11,6.713210,-0.053471,-0.055051,0.001580
2016-04-12,6.715948,-0.050798,-0.054865,0.004067
2016-04-13,6.718686,-0.051500,-0.054673,0.003173
2016-04-14,6.721424,-0.053003,-0.054475,0.001472
2016-04-15,6.724162,-0.050930,-0.054273,0.003343
2016-04-16,6.726899,-0.049005,-0.054065,0.005060
2016-04-17,6.729637,-0.051891,-0.053852,0.001961
2016-04-18,6.732375,-0.052982,-0.053634,0.000652
2016-04-19,6.735113,-0.052513,-0.053410,0.000897
2016-04-20,6.737851,-0.044985,-0.053181,0.008196
2016-04-21,6.740589,-0.040068,-0.052947,0.012879
2016-04-22,6.743326,-0.038493,-0.052707,0.014215
2016-04-23,6.746064,-0.038855,-0.052463,0.013608
2016-04-24,6.748802,-0.033227,-0.052213,0.018985
2016-04-25,6.751540,-0.029279,-0.051958,0.022678
2016-04-26,6.754278,-0.025785,-0.051697,0.025912
2016-04-27,6.757016,-0.030526,-0.051431,0.020906
2016-04-28,6.759754,-0.044986,-0.051161,0.006175
2016-04-29,6.762491,-0.040707,-0.050884,0.010177
2016-04-30,6.765229,-0.039563,-0.050603,0.011040
2016-05-01,6.767967,-0.041898,-0.050317,0.008418
2016-05-02,6.770705,-0.046951,-0.050025,0.003073
2016-05-03,6.773443,-0.047466,-0.049728,0.002262
2016-05-04,6.776181,-0.047489,-0.049426,0.001937
2016-05-05,6.778919,-0.048738,-0.049119,0.000381
2016-05-06,6.781656,-0.045358,-0.048806,0.003448
2016-05-07,6.784394,-0.040377,-0.048489,0.008112
2016-05-08,6.787132,-0.041775,-0.048166,0.006391
2016-05-09,6.789870,-0.041247,-0.047838,0.006591
2016-05-10,6.792608,-0.044636,-0.047505,0.002869
2016-05-11,6.795346,-0.048656,-0.047167,-0.001489
2016-05-12,6.798084,-0.051030,-0.046824,-0.004207
2016-05-13,6.800821,-0.049049,-0.046475,-0.002574
2016-05-14,6.803559,-0.049190,-0.046122,-0.003068
2016-05-15,6.806297,-0.049397,-0.045763,-0.003634
2016-05-16,6.809035,-0.050329,-0.045400,-0.004929
2016-05-17,6.811773,-0.053768,-0.045031,-0.008738
2016-05-18,6.814511,-0.054152,-0.044657,-0.009495
2016-05-19,6.817248,-0.059925,-0.044278,-0.015647
2016-05-20,6.819986,-0.068882,-0.043894,-0.024987
2016-05-21,6.822724,-0.069136,-0.043505,-0.025631
2016-05-22,6.825462,-0.070354,-0.043111,-0.027243
2016-05-23,6.828200,-0.071127,-0.042712,-0.028415
2016-05-24,6.830938,-0.068647,-0.042308,-0.026339
2016-05-25,6.833676,-0.066562,-0.041899,-0.024663
2016-05-26,6.836413,-0.064759,-0.041485,-0.023274
2016-05-27,6.839151,-0.046890,-0.041066,-0.005825
2016-05-28,6.841889,-0.025993,-0.040642,0.014649
2016-05-29,6.844627,-0.004339,-0.040212,0.035873
2016-05-30,6.847365,0.002719,-0.039778,0.042498
2016-05-31,6.850103,0.004130,-0.039339,0.043469
2016-06-01,6.852841,0.002504,-0.038895,0.041399
2016-06-02,6.855578,0.006096,-0.038447,0.044543
2016-06-03,6.858316,0.017203,-0.037993,0.055196
2016-06-04,6.861054,0.031561,-0.037534,0.069095
2016-06-05,6.863792,0.032566,-0.037070,0.069636
2016-06-06,6.866530,0.035438,-0.036602,0.072040
2016-06-07,6.869268,0.035462,-0.036128,0.071590
2016-06-08,6.872005,0.031969,-0.035650,0.067619
2016-06-09,6.874743,0.030384,-0.035167,0.065551
2016-06-10,6.877481,0.028651,-0.034679,0.063330
2016-06-11,6.880219,0.032772,-0.034186,0.066958
2016-06-12,6.882957,0.071649,-0.033688,0.105337
2016-06-13,6.885695,0.102484,-0.033186,0.135670
2016-06-14,6.888433,0.100958,-0.032678,0.133636
2016-06-15,6.891170,0.098446,-0.032166,0.130612
2016-06-16,6.893908,0.129778,-0.031649,0.161427
2016-06-17,6.896646,0.135007,-0.031127,0.166134
2016-06-18,6.899384,0.136271,-0.030600,0.166872
2016-06-19,6.902122,0.137414,-0.030069,0.167483
2016-06-20,6.904860,0.132357,-0.029533,0.161890
2016-06-21,6.907598,0.091204,-0.028992,0.120197
2016-06-22,6.910335,0.070652,-0.028447,0.099098
2016-06-23,6.913073,0.029831,-0.027896,0.057727
2016-06-24,6.915811,0.073479,-0.027341,0.100820
2016-06-25,6.918549,0.082558,-0.026782,0.109340
2016-06-26,6.921287,0.061483,-0.026217,0.087700
2016-06-27,6.924025,0.059628,-0.025648,0.085276
2016-06-28,6.926762,0.066168,-0.025074,0.091242
2016-06-29,6.929500,0.054209,-0.024496,0.078705
2016-06-30,6.932238,0.065547,-0.023913,0.089460
2016-07-01,6.934976,0.078885,-0.023325,0.102211
2016-07-02,6.937714,0.084971,-0.022733,0.107703
2016-07-03,6.940452,0.076147,-0.022136,0.098283
2016-07-04,6.943190,0.072364,-0.021534,0.093899
2016-07-05,6.945927,0.073405,-0.020928,0.094333
2016-07-06,6.948665,0.071889,-0.020318,0.092206
2016-07-07,6.951403,0.051343,-0.019702,0.071046
2016-07-08,6.954141,0.053850,-0.019083,0.072932
2016-07-09,6.956879,0.055969,-0.018458,0.074427
2016-07-10,6.959617,0.052342,-0.017830,0.070171
2016-07-11,6.962355,0.052215,-0.017196,0.069411
2016-07-12,6.965092,0.057774,-0.016558,0.074333
2016-07-13,6.967830,0.061124,-0.015916,0.077040
2016-07-14,6.970568,0.055839,-0.015269,0.071108
2016-07-15,6.973306,0.058659,-0.014618,0.073277
2016-07-16,6.976044,0.058150,-0.013962,0.072113
2016-07-17,6.978782,0.061161,-0.013302,0.074463
2016-07-18,6.981520,0.064390,-0.012638,0.077028
2016-07-19,6.984257,0.059932,-0.011969,0.071901
2016-07-20,6.986995,0.058363,-0.011295,0.069659
2016-07-21,6.989733,0.053426,-0.010618,0.064044
2016-07-22,6.992471,0.050816,-0.009936,0.060751
2016-07-23,6.995209,0.045533,-0.009249,0.054782
2016-07-24,6.997947,0.046778,-0.008558,0.055336
2016-07-25,7.000684,0.045480,-0.007863,0.053343
2016-07-26,7.003422,0.041927,-0.007164,0.049090
2016-07-27,7.006160,0.041981,-0.006460,0.048441
2016-07-28,7.008898,0.042115,-0.005752,0.047867
2016-07-29,7.011636,0.042018,-0.005040,0.047058
2016-07-30,7.014374,0.040623,-0.004323,0.044947
2016-07-31,7.017112,0.026789,-0.003602,0.030391
2016-08-01,7.019849,0.015181,-0.002877,0.018059
2016-08-02,7.022587,-0.005724,-0.002148,-0.003576
2016-08-03,7.025325,-0.038024,-0.001415,-0.036609
2016-08-04,7.028063,-0.022269,-0.000677,-0.021592
2016-08-05,7.030801,-0.023335,0.000065,-0.023399
2016-08-06,7.033539,-0.021677,0.000811,-0.022488
2016-08-07,7.036277,-0.011064,0.001561,-0.012625
2016-08-08,7.039014,-0.012193,0.002315,-0.014508
2016-08-09,7.041752,-0.015227,0.003073,-0.018300
2016-08-10,7.044490,-0.013277,0.003836,-0.017113
2016-08-11,7.047228,-0.012748,0.004602,-0.017351
2016-08-12,7.049966,-0.017846,0.005373,-0.023219
2016-08-13,7.052704,-0.018617,0.006148,-0.024765
2016-08-14,7.055441,-0.027443,0.006926,-0.034370
2016-08-15,7.058179,-0.033351,0.007709,-0.041060
2016-08-16,7.060917,-0.032032,0.008496,-0.040527
2016-08-17,7.063655,-0.030944,0.009287,-0.040231
2016-08-18,7.066393,-0.032292,0.010081,-0.042374
2016-08-19,7.069131,-0.031989,0.010880,-0.042869
2016-08-20,7.071869,-0.031320,0.011683,-0.043003
2016-08-21,7.074606,-0.029511,0.012489,-0.042000
2016-08-22,7.077344,-0.027043,0.013300,-0.040342
2016-08-23,7.080082,-0.029084,0.014114,-0.043199
2016-08-24,7.082820,-0.032325,0.014932,-0.047257
2016-08-25,7.085558,-0.036802,0.015755,-0.052557
2016-08-26,7.088296,-0.036439,0.016581,-0.053020
2016-08-27,7.091034,-0.041015,0.017411,-0.058425
2016-08-28,7.093771,-0.043026,0.018244,-0.061270
2016-08-29,7.096509,-0.042284,0.019082,-0.061365
2016-08-30,7.099247,-0.039680,0.019923,-0.059603
2016-08-31,7.101985,-0.044576,0.020768,-0.065344
2016-09-01,7.104723,-0.046086,0.021617,-0.067703
2016-09-02,7.107461,-0.046559,0.022470,-0.069028
2016-09-03,7.110198,-0.042447,0.023326,-0.065773
2016-09-04,7.112936,-0.026212,0.024186,-0.050399
2016-09-05,7.115674,-0.025713,0.025050,-0.050762
2016-09-06,7.118412,-0.024853,0.025917,-0.050770
2016-09-07,7.121150,-0.023618,0.026788,-0.050406
2016-09-08,7.123888,-0.016731,0.027663,-0.044395
2016-09-09,7.126626,-0.016839,0.028542,-0.045381
2016-09-10,7.129363,-0.016350,0.029424,-0.045773
2016-09-11,7.132101,-0.019148,0.030309,-0.049457
2016-09-12,7.134839,-0.028416,0.031198,-0.059615
2016-09-13,7.137577,-0.028127,0.032091,-0.060218
2016-09-14,7.140315,-0.028062,0.032987,-0.061049
2016-09-15,7.143053,-0.029696,0.033887,-0.063583
2016-09-16,7.145791,-0.031682,0.034791,-0.066473
2016-09-17,7.148528,-0.033264,0.035698,-0.068962
2016-09-18,7.151266,-0.033599,0.036608,-0.070207
2016-09-19,7.154004,-0.033795,0.037522,-0.071317
2016-09-20,7.156742,-0.034822,0.038439,-0.073261
2016-09-21,7.159480,-0.042626,0.039360,-0.081985
2016-09-22,7.162218,-0.044844,0.040284,-0.085128
2016-09-23,7.164956,-0.044431,0.041211,-0.085642
2016-09-24,7.167693,-0.042922,0.042142,-0.085065
2016-09-25,7.170431,-0.045003,0.043077,-0.088079
2016-09-26,7.173169,-0.042721,0.044014,-0.086735
2016-09-27,7.175907,-0.043201,0.044955,-0.088156
2016-09-28,7.178645,-0.044531,0.045899,-0.090430
2016-09-29,7.181383,-0.045375,0.046847,-0.092222
2016-09-30,7.184120,-0.046511,0.047798,-0.094309
2016-10-01,7.186858,-0.042450,0.048752,-0.091202
2016-10-02,7.189596,-0.044408,0.049709,-0.094117
2016-10-03,7.192334,-0.045095,0.050670,-0.095765
2016-10-04,7.195072,-0.046736,0.051634,-0.098370
2016-10-05,7.197810,-0.045810,0.052601,-0.098411
2016-10-06,7.200548,-0.047023,0.053571,-0.100594
2016-10-07,7.203285,-0.045986,0.054544,-0.100530
2016-10-08,7.206023,-0.044728,0.055520,-0.100248
2016-10-09,7.208761,-0.046677,0.056500,-0.103177
2016-10-10,7.211499,-0.047246,0.057483,-0.104729
2016-10-11,7.214237,-0.037693,0.058468,-0.096162
2016-10-12,7.216975,-0.034665,0.059457,-0.094122
2016-10-13,7.219713,-0.035857,0.060449,-0.096306
2016-10-14,7.222450,-0.036191,0.061444,-0.097635
2016-10-15,7.225188,-0.035517,0.062442,-0.097959
2016-10-16,7.227926,-0.035770,0.063443,-0.099212
2016-10-17,7.230664,-0.037644,0.064446,-0.102090
2016-10-18,7.233402,-0.039762,0.065453,-0.105215
2016-10-19,7.236140,-0.043841,0.066463,-0.110304
2016-10-20,7.238877,-0.046762,0.067475,-0.114238
2016-10-21,7.241615,-0.046280,0.068491,-0.114771
2016-10-22,7.244353,-0.039875,0.069509,-0.109384
2016-10-23,7.247091,-0.032835,0.070531,-0.103365
2016-10-24,7.249829,-0.035870,0.071555,-0.107425
2016-10-25,7.252567,-0.033661,0.072582,-0.106243
2016-10-26,7.255305,-0.027872,0.073611,-0.101484
2016-10-27,7.258042,-0.018304,0.074644,-0.092948
2016-10-28,7.260780,-0.016315,0.075679,-0.091994
2016-10-29,7.263518,-0.004634,0.076717,-0.081352
2016-10-30,7.266256,-0.006812,0.077758,-0.084570
2016-10-31,7.268994,-0.010238,0.078802,-0.089040
2016-11-01,7.271732,0.002234,0.079848,-0.077614
2016-11-02,7.274470,0.004637,0.080897,-0.076260
2016-11-03,7.277207,0.002670,0.081948,-0.079279
2016-11-04,7.279945,-0.013602,0.083002,-0.096604
2016-11-05,7.282683,-0.011694,0.084059,-0.095753
2016-11-06,7.285421,-0.008883,0.085118,-0.094001
2016-11-07,7.288159,-0.012094,0.086180,-0.098275
2016-11-08,7.290897,-0.012001,0.087245,-0.099246
2016-11-09,7.293634,-0.001900,0.088312,-0.090212
2016-11-10,7.296372,-0.008784,0.089381,-0.098165
2016-11-11,7.299110,-0.009626,0.090453,-0.100079
2016-11-12,7.301848,-0.014052,0.091528,-0.105580
2016-11-13,7.304586,-0.022729,0.092605,-0.115334
2016-11-14,7.307324,-0.019950,0.093684,-0.113634
2016-11-15,7.310062,-0.015140,0.094766,-0.109906
2016-11-16,7.312799,-0.007086,0.095850,-0.102937
2016-11-17,7.315537,0.002032,0.096937,-0.094905
2016-11-18,7.318275,0.001234,0.098026,-0.096792
2016-11-19,7.321013,0.004189,0.099117,-0.094929
2016-11-20,7.323751,-0.001441,0.100211,-0.101652
2016-11-21,7.326489,-0.006150,0.101307,-0.107457
2016-11-22,7.329227,-0.002761,0.102405,-0.105166
2016-11-23,7.331964,-0.002955,0.103506,-0.106460
2016-11-24,7.334702,-0.006353,0.104609,-0.110962
2016-11-25,7.337440,-0.009288,0.105714,-0.115002
2016-11-26,7.340178,-0.010552,0.106821,-0.117373
2016-11-27,7.342916,-0.012194,0.107930,-0.120125
2016-11-28,7.345654,-0.007024,0.109042,-0.116065
2016-11-29,7.348392,-0.014015,0.110156,-0.124171
2016-11-30,7.351129,-0.011272,0.111271,-0.122543
2016-12-01,7.353867,-0.006701,0.112389,-0.119090
2016-12-02,7.356605,0.003555,0.113509,-0.109954
2016-12-03,7.359343,0.001377,0.114632,-0.113254
2016-12-04,7.362081,0.000162,0.115756,-0.115594
2016-12-05,7.364819,-0.005799,0.116882,-0.122681
2016-12-06,7.367556,-0.006147,0.118010,-0.124157
2016-12-07,7.370294,-0.003649,0.119140,-0.122789
2016-12-08,7.373032,-0.001467,0.120272,-0.121740
2016-12-09,7.375770,-0.001111,0.121406,-0.122517
2016-12-10,7.378508,0.000551,0.122542,-0.121992
2016-12-11,7.381246,-0.002650,0.123680,-0.126330
2016-12-12,7.383984,0.000360,0.124820,-0.124460
2016-12-13,7.386721,0.000508,0.125962,-0.125454
2016-12-14,7.389459,-0.000884,0.127105,-0.127990
2016-12-15,7.392197,-0.001751,0.128251,-0.130002
2016-12-16,7.394935,-0.001475,0.129398,-0.130873
2016-12-17,7.397673,0.002464,0.130547,-0.128083
2016-12-18,7.400411,0.001873,0.131697,-0.129824
2016-12-19,7.403149,0.001654,0.132850,-0.131195
2016-12-20,7.405886,0.001841,0.134004,-0.132164
2016-12-21,7.408624,0.012809,0.135160,-0.122351
2016-12-22,7.411362,0.034013,0.136317,-0.102305
2016-12-23,7.414100,0.054118,0.137477,-0.083358
2016-12-24,7.416838,0.055264,0.138638,-0.083374
2016-12-25,7.419576,0.041990,0.139800,-0.097810
2016-12-26,7.422313,0.053076,0.140964,-0.087888
2016-12-27,7.425051,0.060457,0.142130,-0.081673
2016-12-28,7.427789,0.077261,0.143297,-0.066036
2016-12-29,7.430527,0.081784,0.144466,-0.062682
2016-12-30,7.433265,0.073989,0.145636,-0.071647
2016-12-31,7.436003,0.075029,0.146808,-0.071779
2017-01-01,7.438741,0.082766,0.147981,-0.065215
2017-01-02,7.441478,0.098834,0.149156,-0.050322
2017-01-03,7.444216,0.100797,0.150332,-0.049535
2017-01-04,7.446954,0.123780,0.151509,-0.027729
2017-01-05,7.449692,0.109552,0.152688,-0.043136
2017-01-06,7.452430,0.058596,0.153869,-0.095273
2017-01-07,7.455168,0.027929,0.155050,-0.127121
2017-01-08,7.457906,0.048130,0.156233,-0.108103
2017-01-09,7.460643,0.037545,0.157418,-0.119872
2017-01-10,7.463381,0.041705,0.158603,-0.116898
2017-01-11,7.466119,0.012597,0.159790,-0.147193
2017-01-12,7.468857,-0.019963,0.160978,-0.180941
2017-01-13,7.471595,-0.008684,0.162168,-0.170851
2017-01-14,7.474333,0.000882,0.163358,-0.162476
2017-01-15,7.477070,-0.004301,0.164550,-0.168851
2017-01-16,7.479808,-0.000000,0.165743,-0.165743
2017-01-17,7.482546,0.023556,0.166937,-0.143381
2017-01-18,7.485284,0.027019,0.168132,-0.141113
2017-01-19,7.488022,0.030089,0.169328,-0.139239
2017-01-20,7.490760,0.030094,0.170526,-0.140432
2017-01-21,7.493498,0.039848,0.171724,-0.131876
2017-01-22,7.496235,0.041373,0.172924,-0.131550
2017-01-23,7.498973,0.039311,0.174124,-0.134814
2017-01-24,7.501711,0.032175,0.175326,-0.143151
2017-01-25,7.504449,0.025911,0.176528,-0.150617
2017-01-26,7.507187,0.030269,0.177732,-0.147463
2017-01-27,7.509925,0.034594,0.178936,-0.144342
2017-01-28,7.512663,0.034566,0.180141,-0.145575
2017-01-29,7.515400,0.033900,0.181348,-0.147447
2017-01-30,7.518138,0.032586,0.182555,-0.149969
2017-01-31,7.520876,0.042429,0.183763,-0.141333
2017-02-01,7.523614,0.055279,0.184971,-0.129692
2017-02-02,7.526352,0.063299,0.186181,-0.122882
2017-02-03,7.529090,0.071351,0.187391,-0.116040
2017-02-04,7.531828,0.072652,0.188602,-0.115950
2017-02-05,7.534565,0.073097,0.189814,-0.116717
2017-02-06,7.537303,0.072724,0.191027,-0.118303
2017-02-07,7.540041,0.079949,0.192240,-0.112291
2017-02-08,7.542779,0.084669,0.193454,-0.108785
2017-02-09,7.545517,0.071049,0.194669,-0.123619
2017-02-10,7.548255,0.051318,0.195884,-0.144566
2017-02-11,7.550992,0.063282,0.197100,-0.133818
2017-02-12,7.553730,0.061371,0.198317,-0.136945
2017-02-13,7.556468,0.058131,0.199534,-0.141402
2017-02-14,7.559206,0.061000,0.200751,-0.139752
2017-02-15,7.561944,0.061484,0.201970,-0.140486
2017-02-16,7.564682,0.067573,0.203188,-0.135615
2017-02-17,7.567420,0.074249,0.204407,-0.130159
2017-02-18,7.570157,0.079737,0.205627,-0.125890
2017-02-19,7.572895,0.076088,0.206847,-0.130759
2017-02-20,7.575633,0.077082,0.208068,-0.130986
2017-02-21,7.578371,0.092762,0.209289,-0.116527
2017-02-22,7.581109,0.100225,0.210510,-0.110285
2017-02-23,7.583847,0.108754,0.211732,-0.102978
2017-02-24,7.586585,0.121572,0.212954,-0.091382
2017-02-25,7.589322,0.115386,0.214177,-0.098791
2017-02-26,7.592060,0.112212,0.215399,-0.103188
2017-02-27,7.594798,0.119384,0.216623,-0.097239
2017-02-28,7.597536,0.121011,0.217846,-0.096835
2017-03-01,7.600274,0.126067,0.219069,-0.093003
2017-03-02,7.603012,0.136174,0.220293,-0.084119
2017-03-03,7.605749,0.147994,0.221517,-0.073523
2017-03-04,7.608487,0.146291,0.222741,-0.076451
2017-03-05,7.611225,0.142634,0.223966,-0.081332
2017-03-06,7.613963,0.145969,0.225190,-0.079221
2017-03-07,7.616701,0.138408,0.226415,-0.088007
2017-03-08,7.619439,0.117599,0.227640,-0.110040
2017-03-09,7.622177,0.109108,0.228864,-0.119756
2017-03-10,7.624914,0.117678,0.230089,-0.112411
2017-03-11,7.627652,0.105577,0.231314,-0.125737
2017-03-12,7.630390,0.114751,0.232539,-0.117788
2017-03-13,7.633128,0.126088,0.233764,-0.107676
2017-03-14,7.635866,0.128563,0.234989,-0.106426
2017-03-15,7.638604,0.131068,0.236214,-0.105146
2017-03-16,7.641342,0.120290,0.237438,-0.117148
2017-03-17,7.644079,0.086542,0.238663,-0.152121
2017-03-18,7.646817,0.046567,0.239888,-0.193320
2017-03-19,7.649555,0.038499,0.241112,-0.202613
2017-03-20,7.652293,0.046792,0.242336,-0.195545
2017-03-21,7.655031,0.065861,0.243560,-0.177699
2017-03-22,7.657769,0.053593,0.244784,-0.191192
2017-03-23,7.660507,0.047577,0.246008,-0.198431
2017-03-24,7.663244,0.025889,0.247232,-0.221343
2017-03-25,7.665982,-0.002775,0.248455,-0.251230
2017-03-26,7.668720,0.013445,0.249678,-0.236232
2017-03-27,7.671458,0.025867,0.250901,-0.225034
2017-03-28,7.674196,0.041671,0.252123,-0.210452
2017-03-29,7.676934,0.037031,0.253345,-0.216314
2017-03-30,7.679671,0.036933,0.254567,-0.217634
2017-03-31,7.682409,0.045025,0.255788,-0.210763
2017-04-01,7.685147,0.054087,0.257009,-0.202922
2017-04-02,7.687885,0.055815,0.258229,-0.202415
2017-04-03,7.690623,0.072863,0.259449,-0.186587
2017-04-04,7.693361,0.075692,0.260669,-0.184977
2017-04-05,7.696099,0.070778,0.261888,-0.191110
2017-04-06,7.698836,0.083299,0.263107,-0.179808
2017-04-07,7.701574,0.089947,0.264325,-0.174378
2017-04-08,7.704312,0.088294,0.265543,-0.177249
2017-04-09,7.707050,0.090896,0.266760,-0.175864
2017-04-10,7.709788,0.095501,0.267976,-0.172475
2017-04-11,7.712526,0.096857,0.269192,-0.172335
2017-04-12,7.715264,0.098044,0.270407,-0.172363
2017-04-13,7.718001,0.086284,0.271622,-0.185338
2017-04-14,7.720739,0.083643,0.272836,-0.189192
2017-04-15,7.723477,0.083637,0.274049,-0.190412
2017-04-16,7.726215,0.082364,0.275261,-0.192897
2017-04-17,7.728953,0.082998,0.276473,-0.193475
2017-04-18,7.731691,0.090332,0.277684,-0.187352
2017-04-19,7.734428,0.089869,0.278895,-0.189026
2017-04-20,7.737166,0.095205,0.280104,-0.184900
2017-04-21,7.739904,0.102466,0.281313,-0.178847
2017-04-22,7.742642,0.100597,0.282521,-0.181924
2017-04-23,7.745380,0.101097,0.283728,-0.182632
2017-04-24,7.748118,0.101736,0.284934,-0.183198
2017-04-25,7.750856,0.108078,0.286140,-0.178061
2017-04-26,7.753593,0.116573,0.287344,-0.170771
2017-04-27,7.756331,0.123533,0.288548,-0.165014
2017-04-28,7.759069,0.125150,0.289750,-0.164600
2017-04-29,7.761807,0.125064,0.290952,-0.165888
2017-04-30,7.764545,0.124634,0.292153,-0.167519
2017-05-01,7.767283,0.140599,0.293352,-0.152754
2017-05-02,7.770021,0.156426,0.294551,-0.138125
2017-05-03,7.772758,0.164408,0.295749,-0.131340
2017-05-04,7.775496,0.182926,0.296945,-0.114019
2017-05-05,7.778234,0.186928,0.298141,-0.111213
2017-05-06,7.780972,0.184091,0.299335,-0.115244
2017-05-07,7.783710,0.183748,0.300528,-0.116781
2017-05-08,7.786448,0.197936,0.301720,-0.103785
2017-05-09,7.789185,0.224031,0.302911,-0.078880
2017-05-10,7.791923,0.230705,0.304101,-0.073397
2017-05-11,7.794661,0.249316,0.305290,-0.055974
2017-05-12,7.797399,0.237667,0.306477,-0.068810
2017-05-13,7.800137,0.221232,0.307663,-0.086432
2017-05-14,7.802875,0.238336,0.308848,-0.070513
2017-05-15,7.805613,0.226633,0.310032,-0.083399
2017-05-16,7.808350,0.223124,0.311214,-0.088091
2017-05-17,7.811088,0.239877,0.312395,-0.072518
2017-05-18,7.813826,0.247705,0.313575,-0.065870
2017-05-19,7.816564,0.268342,0.314753,-0.046411
2017-05-20,7.819302,0.278870,0.315930,-0.037060
2017-05-21,7.822040,0.289073,0.317106,-0.028033
2017-05-22,7.824778,0.308236,0.318280,-0.010044
2017-05-23,7.827515,0.324415,0.319453,0.004962
2017-05-24,7.830253,0.353047,0.320624,0.032423
2017-05-25,7.832991,0.388782,0.321794,0.066988
2017-05-26,7.835729,0.358289,0.322963,0.035326
2017-05-27,7.838467,0.296452,0.324130,-0.027678
2017-05-28,7.841205,0.315976,0.325295,-0.009319
2017-05-29,7.843943,0.322840,0.326459,-0.003619
2017-05-30,7.846680,0.331440,0.327621,0.003819
2017-05-31,7.849418,0.325041,0.328782,-0.003741
2017-06-01,7.852156,0.348424,0.329941,0.018483
2017-06-02,7.854894,0.356051,0.331098,0.024953
2017-06-03,7.857632,0.370418,0.332254,0.038164
2017-06-04,7.860370,0.371553,0.333408,0.038144
2017-06-05,7.863107,0.383311,0.334561,0.048750
2017-06-06,7.865845,0.417730,0.335712,0.082018
2017-06-07,7.868583,0.414850,0.336861,0.077989
2017-06-08,7.871321,0.405584,0.338008,0.067576
2017-06-09,7.874059,0.415956,0.339154,0.076802
2017-06-10,7.876797,0.418697,0.340298,0.078398
2017-06-11,7.879535,0.426922,0.341440,0.085481
2017-06-12,7.882272,0.413164,0.342581,0.070584
2017-06-13,7.885010,0.398317,0.343719,0.054598
2017-06-14,7.887748,0.387912,0.344856,0.043056
2017-06-15,7.890486,0.341472,0.345991,-0.004519
2017-06-16,7.893224,0.355850,0.347124,0.008726
2017-06-17,7.895962,0.371958,0.348255,0.023703
2017-06-18,7.898700,0.372681,0.349384,0.023297
2017-06-19,7.901437,0.370531,0.350511,0.020019
2017-06-20,7.904175,0.380595,0.351637,0.028959
2017-06-21,7.906913,0.387999,0.352760,0.035239
2017-06-22,7.909651,0.384984,0.353882,0.031103
2017-06-23,7.912389,0.390691,0.355001,0.035690
2017-06-24,7.915127,0.382272,0.356119,0.026153
2017-06-25,7.917864,0.367303,0.357234,0.010069
2017-06-26,7.920602,0.348273,0.358347,-0.010074
2017-06-27,7.923340,0.337681,0.359459,-0.021777
2017-06-28,7.926078,0.356905,0.360568,-0.003663
2017-06-29,7.928816,0.360480,0.361675,-0.001195
2017-06-30,7.931554,0.353596,0.362780,-0.009184
2017-07-01,7.934292,0.343054,0.363883,-0.020829
2017-07-02,7.937029,0.338795,0.364983,-0.026188
2017-07-03,7.939767,0.350770,0.366082,-0.015312
2017-07-04,7.942505,0.362828,0.367178,-0.004351
2017-07-05,7.945243,0.361459,0.368273,-0.006813
2017-07-06,7.947981,0.361404,0.369364,-0.007960
2017-07-07,7.950719,0.352390,0.370454,-0.018064
2017-07-08,7.953457,0.347109,0.371542,-0.024432
2017-07-09,7.956194,0.350461,0.372627,-0.022165
2017-07-10,7.958932,0.335500,0.373710,-0.038209
2017-07-11,7.961670,0.314467,0.374790,-0.060324
2017-07-12,7.964408,0.313169,0.375869,-0.062700
2017-07-13,7.967146,0.316152,0.376945,-0.060793
2017-07-14,7.969884,0.299502,0.378018,-0.078516
2017-07-15,7.972621,0.259019,0.379089,-0.120070
2017-07-16,7.975359,0.227294,0.380158,-0.152864
2017-07-17,7.978097,0.251521,0.381225,-0.129703
2017-07-18,7.980835,0.294269,0.382289,-0.088020
2017-07-19,7.983573,0.301386,0.383350,-0.081964
2017-07-20,7.986311,0.331634,0.384409,-0.052776
2017-07-21,7.989049,0.367524,0.385466,-0.017942
2017-07-22,7.991786,0.376329,0.386520,-0.010191
2017-07-23,7.994524,0.373734,0.387572,-0.013838
2017-07-24,7.997262,0.370966,0.388621,-0.017655
2017-07-25,8.000000,0.350713,0.389668,-0.038954
2017-07-26,8.002738,0.330128,0.390712,-0.060584
2017-07-27,8.005476,0.340362,0.391753,-0.051391
2017-07-28,8.008214,0.366006,0.392792,-0.026786
2017-07-29,8.010951,0.362362,0.393829,-0.031466
2017-07-30,8.013689,0.357232,0.394863,-0.037631
2017-07-31,8.016427,0.366812,0.395894,-0.029081
2017-08-01,8.019165,0.367132,0.396922,-0.029790
2017-08-02,8.021903,0.358766,0.397948,-0.039182
2017-08-03,8.024641,0.362230,0.398971,-0.036742
2017-08-04,8.027379,0.372941,0.399992,-0.027050
2017-08-05,8.030116,0.419589,0.401009,0.018579
2017-08-06,8.032854,0.429958,0.402024,0.027934
2017-08-07,8.035592,0.439708,0.403037,0.036671
2017-08-08,8.038330,0.453640,0.404046,0.049594
2017-08-09,8.041068,0.442175,0.405053,0.037121
2017-08-10,8.043806,0.450727,0.406057,0.044670
2017-08-11,8.046543,0.464495,0.407058,0.057436
2017-08-12,8.049281,0.491777,0.408057,0.083721
2017-08-13,8.052019,0.522819,0.409052,0.113767
2017-08-14,8.054757,0.536882,0.410045,0.126837
2017-08-15,8.057495,0.538627,0.411035,0.127592
2017-08-16,8.060233,0.535308,0.412022,0.123286
2017-08-17,8.062971,0.553471,0.413006,0.140465
2017-08-18,8.065708,0.541003,0.413988,0.127015
2017-08-19,8.068446,0.526158,0.414966,0.111192
2017-08-20,8.071184,0.526907,0.415941,0.110966
2017-08-21,8.073922,0.519830,0.416914,0.102917
2017-08-22,8.076660,0.507345,0.417883,0.089462
2017-08-23,8.079398,0.528538,0.418850,0.109688
2017-08-24,8.082136,0.533158,0.419813,0.113344
2017-08-25,8.084873,0.547529,0.420774,0.126755
2017-08-26,8.087611,0.543287,0.421732,0.121556
2017-08-27,8.090349,0.544994,0.422686,0.122308
2017-08-28,8.093087,0.541483,0.423638,0.117845
2017-08-29,8.095825,0.555391,0.424586,0.130805
2017-08-30,8.098563,0.565479,0.425532,0.139947
2017-08-31,8.101300,0.573076,0.426474,0.146602
2017-09-01,8.104038,0.584406,0.427413,0.156993
2017-09-02,8.106776,0.574171,0.428349,0.145822
2017-09-03,8.109514,0.565554,0.429282,0.136272
2017-09-04,8.112252,0.550095,0.430212,0.119883
2017-09-05,8.114990,0.534831,0.431139,0.103693
2017-09-06,8.117728,0.559799,0.432062,0.127736
2017-09-07,8.120465,0.562323,0.432983,0.129340
2017-09-08,8.123203,0.552040,0.433900,0.118140
2017-09-09,8.125941,0.535012,0.434814,0.100198
2017-09-10,8.128679,0.524471,0.435725,0.088746
2017-09-11,8.131417,0.524798,0.436632,0.088166
2017-09-12,8.134155,0.526246,0.437536,0.088709
2017-09-13,8.136893,0.492933,0.438438,0.054496
2017-09-14,8.139630,0.455739,0.439335,0.016404
2017-09-15,8.142368,0.429187,0.440230,-0.011043
2017-09-16,8.145106,0.466023,0.441121,0.024902
2017-09-17,8.147844,0.457992,0.442009,0.015983
2017-09-18,8.150582,0.488486,0.442894,0.045593
2017-09-19,8.153320,0.489967,0.443775,0.046192
2017-09-20,8.156057,0.485968,0.444653,0.041315
2017-09-21,8.158795,0.469054,0.445527,0.023526
2017-09-22,8.161533,0.448626,0.446399,0.002228
2017-09-23,8.164271,0.457140,0.447267,0.009874
2017-09-24,8.167009,0.454346,0.448131,0.006215
2017-09-25,8.169747,0.467614,0.448992,0.018622
2017-09-26,8.172485,0.477392,0.449850,0.027542
2017-09-27,8.175222,0.489467,0.450704,0.038763
2017-09-28,8.177960,0.504478,0.451555,0.052923
2017-09-29,8.180698,0.499019,0.452402,0.046617
2017-09-30,8.183436,0.511432,0.453246,0.058186
2017-10-01,8.186174,0.514637,0.454086,0.060551
2017-10-02,8.188912,0.523227,0.454923,0.068304
2017-10-03,8.191650,0.513769,0.455757,0.058013
2017-10-04,8.194387,0.505027,0.456587,0.048440
2017-10-05,8.197125,0.506199,0.457413,0.048786
2017-10-06,8.199863,0.515314,0.458236,0.057077
2017-10-07,8.202601,0.513914,0.459056,0.054858
2017-10-08,8.205339,0.527277,0.459871,0.067406
2017-10-09,8.208077,0.540426,0.460684,0.079743
2017-10-10,8.210815,0.555390,0.461492,0.093898
2017-10-11,8.213552,0.552448,0.462297,0.090151
2017-10-12,8.216290,0.579493,0.463099,0.116394
2017-10-13,8.219028,0.617266,0.463897,0.153370
2017-10-14,8.221766,0.621941,0.464691,0.157250
2017-10-15,8.224504,0.618350,0.465482,0.152868
2017-10-16,8.227242,0.621519,0.466269,0.155250
2017-10-17,8.229979,0.617547,0.467052,0.150495
2017-10-18,8.232717,0.601539,0.467832,0.133707
2017-10-19,8.235455,0.617955,0.468608,0.149347
2017-10-20,8.238193,0.627288,0.469381,0.157907
2017-10-21,8.240931,0.646433,0.470149,0.176283
2017-10-22,8.243669,0.636388,0.470914,0.165474
2017-10-23,8.246407,0.633042,0.471676,0.161367
2017-10-24,8.249144,0.616865,0.472433,0.144431
2017-10-25,8.251882,0.606758,0.473187,0.133571
2017-10-26,8.254620,0.627017,0.473937,0.153080
2017-10-27,8.257358,0.626598,0.474684,0.151914
2017-10-28,8.260096,0.620051,0.475426,0.144625
2017-10-29,8.262834,0.626221,0.476165,0.150055
2017-10-30,8.265572,0.643677,0.476900,0.166777
2017-10-31,8.268309,0.651645,0.477632,0.174013
2017-11-01,8.271047,0.669799,0.478359,0.191439
2017-11-02,8.273785,0.698924,0.479083,0.219841
2017-11-03,8.276523,0.714389,0.479803,0.234586
2017-11-04,8.279261,0.714300,0.480519,0.233780
2017-11-05,8.281999,0.725598,0.481232,0.244367
2017-11-06,8.284736,0.714062,0.481940,0.232122
2017-11-07,8.287474,0.705500,0.482645,0.222856
2017-11-08,8.290212,0.718864,0.483346,0.235518
2017-11-09,8.292950,0.711415,0.484042,0.227373
2017-11-10,8.295688,0.692042,0.484736,0.207306
2017-11-11,8.298426,0.665989,0.485425,0.180565
2017-11-12,8.301164,0.635023,0.486110,0.148913
2017-11-13,8.303901,0.651311,0.486791,0.164519
2017-11-14,8.306639,0.667031,0.487469,0.179562
2017-11-15,8.309377,0.694757,0.488143,0.206615
2017-11-16,8.312115,0.717910,0.488812,0.229098
2017-11-17,8.314853,0.738117,0.489478,0.248639
2017-11-18,8.317591,0.730394,0.490140,0.240254
2017-11-19,8.320329,0.736247,0.490798,0.245449
2017-11-20,8.323066,0.750163,0.491452,0.258711
2017-11-21,8.325804,0.753015,0.492102,0.260913
2017-11-22,8.328542,0.750049,0.492748,0.257301
2017-11-23,8.331280,0.752709,0.493390,0.259320
2017-11-24,8.334018,0.750646,0.494028,0.256618
2017-11-25,8.336756,0.765665,0.494662,0.271003
2017-11-26,8.339493,0.793845,0.495292,0.298553
2017-11-27,8.342231,0.818789,0.495918,0.322871
2017-11-28,8.344969,0.829759,0.496540,0.333219
2017-11-29,8.347707,0.855715,0.497158,0.358557
2017-11-30,8.350445,0.833740,0.497772,0.335967
2017-12-01,8.353183,0.844264,0.498382,0.345881
2017-12-02,8.355921,0.872166,0.498988,0.373177
2017-12-03,8.358658,0.886318,0.499590,0.386727
2017-12-04,8.361396,0.887336,0.500188,0.387147
2017-12-05,8.364134,0.901067,0.500782,0.400285
2017-12-06,8.366872,0.933371,0.501372,0.431999
2017-12-07,8.369610,1.009758,0.501958,0.507801
2017-12-08,8.372348,1.028605,0.502539,0.526066
2017-12-09,8.375086,1.011762,0.503117,0.508645
2017-12-10,8.377823,0.991075,0.503691,0.487385
2017-12-11,8.380561,1.044268,0.504260,0.540008
2017-12-12,8.383299,1.054824,0.504825,0.549999
2017-12-13,8.386037,1.047098,0.505386,0.541712
2017-12-14,8.388775,1.042947,0.505944,0.537003
2017-12-15,8.391513,1.065093,0.506497,0.558596
2017-12-16,8.394251,1.084914,0.507046,0.577868
2017-12-17,8.396988,1.111055,0.507590,0.603464
2017-12-18,8.399726,1.097489,0.508131,0.589358
2017-12-19,8.402464,1.087655,0.508667,0.578987
2017-12-20,8.405202,1.048660,0.509200,0.539460
2017-12-21,8.407940,1.032419,0.509728,0.522691
2017-12-22,8.410678,0.964434,0.510252,0.454182
2017-12-23,8.413415,0.994918,0.510772,0.484146
2017-12-24,8.416153,0.959653,0.511288,0.448365
2017-12-25,8.418891,0.967541,0.511799,0.455742
2017-12-26,8.421629,1.005738,0.512307,0.493431
2017-12-27,8.424367,1.014667,0.512810,0.501857
2017-12-28,8.427105,0.978670,0.513309,0.465361
2017-12-29,8.429843,0.981449,0.513804,0.467645
2017-12-30,8.432580,0.940232,0.514295,0.425937
2017-12-31,8.435318,0.941806,0.514781,0.427025
2018-01-01,8.438056,0.949258,0.515264,0.433994
2018-01-02,8.440794,0.961058,0.515742,0.445317
2018-01-03,8.443532,0.990201,0.516216,0.473985
2018-01-04,8.446270,0.984720,0.516685,0.468034
2018-01-05,8.449008,1.013451,0.517151,0.496300
2018-01-06,8.451745,1.035514,0.517612,0.517901
2018-01-07,8.454483,1.032080,0.518069,0.514011
2018-01-08,8.457221,1.000475,0.518522,0.481953
2018-01-09,8.459959,0.987050,0.518971,0.468079
2018-01-10,8.462697,0.963207,0.519415,0.443792
2018-01-11,8.465435,0.950801,0.519855,0.430945
2018-01-12,8.468172,0.945452,0.520291,0.425161
2018-01-13,8.470910,0.962087,0.520723,0.441364
2018-01-14,8.473648,0.947282,0.521151,0.426131
2018-01-15,8.476386,0.949681,0.521574,0.428107
2018-01-16,8.479124,0.895570,0.521993,0.373578
2018-01-17,8.481862,0.834635,0.522408,0.312227
2018-01-18,8.484600,0.866207,0.522818,0.343389
2018-01-19,8.487337,0.866670,0.523224,0.343445
2018-01-20,8.490075,0.900910,0.523626,0.377283
2018-01-21,8.492813,0.880466,0.524024,0.356442
2018-01-22,8.495551,0.851764,0.524417,0.327347
2018-01-23,8.498289,0.832960,0.524807,0.308153
2018-01-24,8.501027,0.843363,0.525191,0.318172
2018-01-25,8.503765,0.853022,0.525572,0.327450
2018-01-26,8.506502,0.841811,0.525949,0.315863
2018-01-27,8.509240,0.849122,0.526321,0.322802
2018-01-28,8.511978,0.859044,0.526688,0.332356
2018-01-29,8.514716,0.846264,0.527052,0.319212
2018-01-30,8.517454,0.823630,0.527411,0.296219
2018-01-31,8.520192,0.796888,0.527766,0.269122
2018-02-01,8.522930,0.773719,0.528117,0.245602
2018-02-02,8.525667,0.726126,0.528463,0.197663
2018-02-03,8.528405,0.744441,0.528806,0.215635
2018-02-04,8.531143,0.734890,0.529144,0.205746
2018-02-05,8.533881,0.673465,0.529477,0.143988
2018-02-06,8.536619,0.625604,0.529806,0.095798
2018-02-07,8.539357,0.687204,0.530131,0.157073
2018-02-08,8.542094,0.702967,0.530452,0.172515
2018-02-09,8.544832,0.704462,0.530769,0.173693
2018-02-10,8.547570,0.721063,0.531081,0.189982
2018-02-11,8.550308,0.699213,0.531389,0.167824
2018-02-12,8.553046,0.717953,0.531692,0.186261
2018-02-13,8.555784,0.719155,0.531991,0.187163
2018-02-14,8.558522,0.737569,0.532286,0.205283
2018-02-15,8.561259,0.770811,0.532577,0.238234
2018-02-16,8.563997,0.782163,0.532863,0.249299
2018-02-17,8.566735,0.808590,0.533146,0.275445
2018-02-18,8.569473,0.810412,0.533423,0.276988
2018-02-19,8.572211,0.815175,0.533697,0.281478
2018-02-20,8.574949,0.839696,0.533966,0.305730
2018-02-21,8.577687,0.812985,0.534231,0.278754
2018-02-22,8.580424,0.790695,0.534492,0.256204
2018-02-23,8.583162,0.778260,0.534748,0.243512
2018-02-24,8.585900,0.774500,0.535000,0.239500
2018-02-25,8.588638,0.759231,0.535248,0.223984
2018-02-26,8.591376,0.770921,0.535491,0.235430
2018-02-27,8.594114,0.796873,0.535730,0.261143
2018-02-28,8.596851,0.799506,0.535965,0.263541
2018-03-01,8.599589,0.797993,0.536196,0.261797
2018-03-02,8.602327,0.812040,0.536422,0.275618
2018-03-03,8.605065,0.824895,0.536644,0.288251
2018-03-04,8.607803,0.820882,0.536862,0.284020
2018-03-05,8.610541,0.826354,0.537075,0.289278
2018-03-06,8.613279,0.810459,0.537285,0.273174
2018-03-07,8.616016,0.787783,0.537490,0.250293
2018-03-08,8.618754,0.757554,0.537690,0.219864
2018-03-09,8.621492,0.719961,0.537886,0.182075
2018-03-10,8.624230,0.733113,0.538078,0.195035
2018-03-11,8.626968,0.724204,0.538266,0.185937
2018-03-12,8.629706,0.740428,0.538450,0.201978
2018-03-13,8.632444,0.726914,0.538629,0.188285
2018-03-14,8.635181,0.709169,0.538804,0.170365
2018-03-15,8.637919,0.674092,0.538975,0.135117
2018-03-16,8.640657,0.681864,0.539141,0.142722
2018-03-17,8.643395,0.669241,0.539303,0.129937
2018-03-18,8.646133,0.646869,0.539461,0.107408
2018-03-19,8.648871,0.681505,0.539615,0.141890
2018-03-20,8.651608,0.694784,0.539764,0.155020
2018-03-21,8.654346,0.712398,0.539909,0.172489
2018-03-22,8.657084,0.701472,0.540050,0.161422
2018-03-23,8.659822,0.688104,0.540187,0.147917
2018-03-24,8.662560,0.703078,0.540319,0.162758
2018-03-25,8.665298,0.687560,0.540447,0.147113
2018-03-26,8.668036,0.670602,0.540571,0.130031
2018-03-27,8.670773,0.656289,0.540691,0.115598
2018-03-28,8.673511,0.653018,0.540806,0.112212
2018-03-29,8.676249,0.636594,0.540918,0.095676
2018-03-30,8.678987,0.592632,0.541025,0.051608
2018-03-31,8.681725,0.597792,0.541127,0.056664
2018-04-01,8.684463,0.584366,0.541226,0.043141
2018-04-02,8.687201,0.594895,0.541320,0.053575
2018-04-03,8.689938,0.614334,0.541410,0.072923
2018-04-04,8.692676,0.599373,0.541496,0.057877
2018-04-05,8.695414,0.578926,0.541578,0.037348
2018-04-06,8.698152,0.570137,0.541655,0.028481
2018-04-07,8.700890,0.583963,0.541729,0.042234
2018-04-08,8.703628,0.589446,0.541798,0.047648
2018-04-09,8.706366,0.582920,0.541863,0.041057
2018-04-10,8.709103,0.575178,0.541923,0.033255
2018-04-11,8.711841,0.580229,0.541980,0.038250
2018-04-12,8.714579,0.607107,0.542032,0.065075
2018-04-13,8.717317,0.643732,0.542080,0.101652
2018-04-14,8.720055,0.644170,0.542124,0.102046
2018-04-15,8.722793,0.653616,0.542164,0.111452
2018-04-16,8.725530,0.646596,0.542200,0.104396
2018-04-17,8.728268,0.643837,0.542231,0.101605
2018-04-18,8.731006,0.643748,0.542259,0.101489
2018-04-19,8.733744,0.651155,0.542282,0.108873
2018-04-20,8.736482,0.661981,0.542301,0.119679
2018-04-21,8.739220,0.679758,0.542316,0.137441
2018-04-22,8.741958,0.683294,0.542327,0.140967
2018-04-23,8.744695,0.683575,0.542334,0.141242
2018-04-24,8.747433,0.700013,0.542336,0.157677
2018-04-25,8.750171,0.695869,0.542335,0.153534
2018-04-26,8.752909,0.680372,0.542329,0.138043
2018-04-27,8.755647,0.694320,0.542319,0.152000
2018-04-28,8.758385,0.694258,0.542305,0.151953
2018-04-29,8.761123,0.698744,0.542287,0.156457
2018-04-30,8.763860,0.695794,0.542265,0.153529
2018-05-01,8.766598,0.681793,0.542239,0.139554
2018-05-02,8.769336,0.686066,0.542209,0.143856
2018-05-03,8.772074,0.697190,0.542175,0.155015
2018-05-04,8.774812,0.709662,0.542137,0.167525
2018-05-05,8.777550,0.715902,0.542094,0.173808
2018-05-06,8.780287,0.706963,0.542048,0.164915
2018-05-07,8.783025,0.694321,0.541997,0.152323
2018-05-08,8.785763,0.690012,0.541943,0.148069
2018-05-09,8.788501,0.685959,0.541884,0.144075
2018-05-10,8.791239,0.688510,0.541822,0.146688
2018-05-11,8.793977,0.661920,0.541755,0.120164
2018-05-12,8.796715,0.647465,0.541685,0.105780
2018-05-13,8.799452,0.653012,0.541610,0.111402
2018-05-14,8.802190,0.652618,0.541532,0.111086
2018-05-15,8.804928,0.654209,0.541449,0.112760
2018-05-16,8.807666,0.635999,0.541362,0.094636
2018-05-17,8.810404,0.634690,0.541272,0.093418
2018-05-18,8.813142,0.624938,0.541177,0.083761
2018-05-19,8.815880,0.631938,0.541079,0.090859
2018-05-20,8.818617,0.637009,0.540977,0.096033
2018-05-21,8.821355,0.640991,0.540870,0.100120
2018-05-22,8.824093,0.628962,0.540760,0.088202
2018-05-23,8.826831,0.604887,0.540646,0.064242
2018-05-24,8.829569,0.590033,0.540528,0.049505
2018-05-25,8.832307,0.585555,0.540405,0.045150
2018-05-26,8.835044,0.585049,0.540279,0.044769
2018-05-27,8.837782,0.575125,0.540150,0.034975
2018-05-28,8.840520,0.570470,0.540016,0.030454
2018-05-29,8.843258,0.572230,0.539878,0.032351
2018-05-30,8.845996,0.579652,0.539737,0.039915
2018-05-31,8.848734,0.582328,0.539591,0.042736
2018-06-01,8.851472,0.580589,0.539442,0.041148
2018-06-02,8.854209,0.586411,0.539289,0.047122
2018-06-03,8.856947,0.590790,0.539132,0.051658
2018-06-04,8.859685,0.583367,0.538971,0.044396
2018-06-05,8.862423,0.578125,0.538806,0.039318
2018-06-06,8.865161,0.583722,0.538638,0.045084
2018-06-07,8.867899,0.587795,0.538466,0.049330
2018-06-08,8.870637,0.584020,0.538290,0.045730
2018-06-09,8.873374,0.583218,0.538110,0.045108
2018-06-10,8.876112,0.554323,0.537926,0.016397
2018-06-11,8.878850,0.530265,0.537739,-0.007474
2018-06-12,8.881588,0.529140,0.537547,-0.008407
2018-06-13,8.884326,0.508270,0.537352,-0.029082
2018-06-14,8.887064,0.511083,0.537154,-0.026071
2018-06-15,8.889802,0.513628,0.536951,-0.023323
2018-06-16,8.892539,0.507659,0.536745,-0.029086
2018-06-17,8.895277,0.509550,0.536535,-0.026986
2018-06-18,8.898015,0.510078,0.536322,-0.026244
2018-06-19,8.900753,0.521388,0.536104,-0.014717
2018-06-20,8.903491,0.517952,0.535883,-0.017932
2018-06-21,8.906229,0.520375,0.535659,-0.015284
2018-06-22,8.908966,0.495861,0.535430,-0.039570
2018-06-23,8.911704,0.480775,0.535198,-0.054423
2018-06-24,8.914442,0.472515,0.534963,-0.062448
2018-06-25,8.917180,0.483866,0.534723,-0.050857
2018-06-26,8.919918,0.482779,0.534480,-0.051702
2018-06-27,8.922656,0.474663,0.534234,-0.059571
2018-06-28,8.925394,0.472603,0.533984,-0.061380
2018-06-29,8.928131,0.460431,0.533730,-0.073299
2018-06-30,8.930869,0.491053,0.533472,-0.042419
2018-07-01,8.933607,0.489103,0.533212,-0.044108
2018-07-02,8.936345,0.495358,0.532947,-0.037589
2018-07-03,8.939083,0.503899,0.532679,-0.028780
2018-07-04,8.941821,0.501901,0.532407,-0.030506
2018-07-05,8.944559,0.502302,0.532132,-0.029830
2018-07-06,8.947296,0.499335,0.531853,-0.032518
2018-07-07,8.950034,0.500683,0.531571,-0.030888
2018-07-08,8.952772,0.509707,0.531285,-0.021578
2018-07-09,8.955510,0.507377,0.530996,-0.023619
2018-07-10,8.958248,0.492855,0.530703,-0.037849
2018-07-11,8.960986,0.483811,0.530407,-0.046596
2018-07-12,8.963723,0.473328,0.530107,-0.056780
2018-07-13,8.966461,0.473096,0.529804,-0.056709
2018-07-14,8.969199,0.471822,0.529498,-0.057676
2018-07-15,8.971937,0.476667,0.529188,-0.052520
2018-07-16,8.974675,0.489487,0.528874,-0.039387
2018-07-17,8.977413,0.511715,0.528557,-0.016843
2018-07-18,8.980151,0.542999,0.528237,0.014762
2018-07-19,8.982888,0.541738,0.527914,0.013825
2018-07-20,8.985626,0.543029,0.527587,0.015443
2018-07-21,8.988364,0.538259,0.527256,0.011002
2018-07-22,8.991102,0.543174,0.526922,0.016252
2018-07-23,8.993840,0.555446,0.526585,0.028860
2018-07-24,8.996578,0.576635,0.526245,0.050390
2018-07-25,8.999316,0.585261,0.525901,0.059359
2018-07-26,9.002053,0.581564,0.525554,0.056010
2018-07-27,9.004791,0.571609,0.525204,0.046405
2018-07-28,9.007529,0.579435,0.524850,0.054584
2018-07-29,9.010267,0.580099,0.524493,0.055605
2018-07-30,9.013005,0.575946,0.524133,0.051812
2018-07-31,9.015743,0.563722,0.523770,0.039952
2018-08-01,9.018480,0.544196,0.523403,0.020793
2018-08-02,9.021218,0.544446,0.523034,0.021412
2018-08-03,9.023956,0.532443,0.522661,0.009783
2018-08-04,9.026694,0.522993,0.522284,0.000708
2018-08-05,9.029432,0.507133,0.521905,-0.014772
2018-08-06,9.032170,0.505822,0.521522,-0.015700
2018-08-07,9.034908,0.505020,0.521137,-0.016117
2018-08-08,9.037645,0.469328,0.520748,-0.051420
2018-08-09,9.040383,0.465450,0.520356,-0.054905
2018-08-10,9.043121,0.463535,0.519961,-0.056425
2018-08-11,9.045859,0.450470,0.519562,-0.069092
2018-08-12,9.048597,0.457898,0.519161,-0.061263
2018-08-13,9.051335,0.459759,0.518757,-0.058998
2018-08-14,9.054073,0.439347,0.518349,-0.079002
2018-08-15,9.056810,0.459352,0.517939,-0.058586
2018-08-16,9.059548,0.456795,0.517525,-0.060730
2018-08-17,9.062286,0.464328,0.517108,-0.052780
2018-08-18,9.065024,0.462381,0.516689,-0.054308
2018-08-19,9.067762,0.458670,0.516266,-0.057596
2018-08-20,9.070500,0.461067,0.515840,-0.054773
2018-08-21,9.073238,0.457558,0.515412,-0.057854
2018-08-22,9.075975,0.468347,0.514980,-0.046634
2018-08-23,9.078713,0.458417,0.514546,-0.056128
2018-08-24,9.081451,0.465602,0.514108,-0.048506
2018-08-25,9.084189,0.475259,0.513668,-0.038409
2018-08-26,9.086927,0.471567,0.513225,-0.041658
2018-08-27,9.089665,0.473650,0.512778,-0.039129
2018-08-28,9.092402,0.490024,0.512329,-0.022305
2018-08-29,9.095140,0.493304,0.511877,-0.018573
2018-08-30,9.097878,0.485436,0.511423,-0.025986
2018-08-31,9.100616,0.487688,0.510965,-0.023277
2018-09-01,9.103354,0.494669,0.510505,-0.015836
2018-09-02,9.106092,0.502227,0.510041,-0.007814
2018-09-03,9.108830,0.502636,0.509575,-0.006940
2018-09-04,9.111567,0.505703,0.509106,-0.003403
2018-09-05,9.114305,0.493394,0.508635,-0.015241
2018-09-06,9.117043,0.449101,0.508160,-0.059059
2018-09-07,9.119781,0.450010,0.507683,-0.057673
2018-09-08,9.122519,0.443757,0.507203,-0.063447
2018-09-09,9.125257,0.438526,0.506721,-0.068195
2018-09-10,9.127995,0.437587,0.506236,-0.068648
2018-09-11,9.130732,0.436777,0.505748,-0.068971
2018-09-12,9.133470,0.434570,0.505257,-0.070687
2018-09-13,9.136208,0.445260,0.504764,-0.059504
2018-09-14,9.138946,0.447849,0.504268,-0.056418
2018-09-15,9.141684,0.448356,0.503769,-0.055413
2018-09-16,9.144422,0.445596,0.503268,-0.057672
2018-09-17,9.147159,0.439288,0.502764,-0.063477
2018-09-18,9.149897,0.431960,0.502258,-0.070298
2018-09-19,9.152635,0.433794,0.501749,-0.067955
2018-09-20,9.155373,0.438158,0.501238,-0.063080
2018-09-21,9.158111,0.453640,0.500724,-0.047084
2018-09-22,9.160849,0.456065,0.500207,-0.044142
2018-09-23,9.163587,0.455368,0.499688,-0.044320
2018-09-24,9.166324,0.450190,0.499167,-0.048977
2018-09-25,9.169062,0.435224,0.498643,-0.063419
2018-09-26,9.171800,0.437749,0.498116,-0.060368
2018-09-27,9.174538,0.441098,0.497587,-0.056490
2018-09-28,9.177276,0.449744,0.497056,-0.047312
2018-09-29,9.180014,0.441525,0.496522,-0.054997
2018-09-30,9.182752,0.443238,0.495986,-0.052748
2018-10-01,9.185489,0.442388,0.495448,-0.053060
2018-10-02,9.188227,0.439821,0.494907,-0.055085
2018-10-03,9.190965,0.433332,0.494363,-0.061031
2018-10-04,9.193703,0.438813,0.493818,-0.055005
2018-10-05,9.196441,0.438220,0.493270,-0.055050
2018-10-06,9.199179,0.438026,0.492720,-0.054693
2018-10-07,9.201916,0.436168,0.492167,-0.055999
2018-10-08,9.204654,0.438878,0.491612,-0.052734
2018-10-09,9.207392,0.438392,0.491055,-0.052663
2018-10-10,9.210130,0.433915,0.490496,-0.056581
2018-10-11,9.212868,0.413800,0.489934,-0.076134
2018-10-12,9.215606,0.412551,0.489370,-0.076820
2018-10-13,9.218344,0.411870,0.488804,-0.076935
2018-10-14,9.221081,0.413433,0.488236,-0.074803
2018-10-15,9.223819,0.425251,0.487666,-0.062415
2018-10-16,9.226557,0.428208,0.487093,-0.058886
2018-10-17,9.229295,0.427377,0.486519,-0.059142
2018-10-18,9.232033,0.425805,0.485942,-0.060137
2018-10-19,9.234771,0.421403,0.485363,-0.063960
2018-10-20,9.237509,0.421055,0.484782,-0.063727
2018-10-21,9.240246,0.422747,0.484199,-0.061452
2018-10-22,9.242984,0.420121,0.483614,-0.063493
2018-10-23,9.245722,0.418774,0.483027,-0.064253
2018-10-24,9.248460,0.419950,0.482438,-0.062487
2018-10-25,9.251198,0.417683,0.481847,-0.064164
2018-10-26,9.253936,0.416874,0.481253,-0.064379
2018-10-27,9.256674,0.416223,0.480658,-0.064435
2018-10-28,9.259411,0.415093,0.480061,-0.064968
2018-10-29,9.262149,0.409673,0.479462,-0.069789
2018-10-30,9.264887,0.404587,0.478861,-0.074274
2018-10-31,9.267625,0.404298,0.478258,-0.073960
2018-11-01,9.270363,0.405724,0.477654,-0.071929
2018-11-02,9.273101,0.407642,0.477047,-0.069405
2018-11-03,9.275838,0.405495,0.476438,-0.070943
2018-11-04,9.278576,0.406655,0.475828,-0.069173
2018-11-05,9.281314,0.408412,0.475216,-0.066804
2018-11-06,9.284052,0.408177,0.474602,-0.066424
2018-11-07,9.286790,0.413580,0.473986,-0.060406
2018-11-08,9.289528,0.409512,0.473368,-0.063857
2018-11-09,9.292266,0.403841,0.472749,-0.068908
2018-11-10,9.295003,0.402636,0.472128,-0.069492
2018-11-11,9.297741,0.400780,0.471505,-0.070725
2018-11-12,9.300479,0.401002,0.470881,-0.069879
2018-11-13,9.303217,0.397346,0.470254,-0.072909
2018-11-14,9.305955,0.379477,0.469626,-0.090150
2018-11-15,9.308693,0.340264,0.468997,-0.128733
2018-11-16,9.311431,0.341434,0.468366,-0.126932
2018-11-17,9.314168,0.336691,0.467733,-0.131042
2018-11-18,9.316906,0.339385,0.467098,-0.127713
2018-11-19,9.319644,0.311152,0.466462,-0.155310
2018-11-20,9.322382,0.252187,0.465825,-0.213637
2018-11-21,9.325120,0.243766,0.465185,-0.221419
2018-11-22,9.327858,0.244090,0.464545,-0.220455
2018-11-23,9.330595,0.222147,0.463902,-0.241755
2018-11-24,9.333333,0.216755,0.463259,-0.246504
2018-11-25,9.336071,0.168238,0.462613,-0.294375
2018-11-26,9.338809,0.177624,0.461967,-0.284342
2018-11-27,9.341547,0.159934,0.461318,-0.301385
2018-11-28,9.344285,0.197894,0.460669,-0.262775
2018-11-29,9.347023,0.213523,0.460018,-0.246495
2018-11-30,9.349760,0.197756,0.459365,-0.261609
2018-12-01,9.352498,0.197376,0.458711,-0.261336
2018-12-02,9.355236,0.201545,0.458056,-0.256511
2018-12-03,9.357974,0.180208,0.457399,-0.277191
2018-12-04,9.360712,0.177026,0.456741,-0.279715
2018-12-05,9.363450,0.165151,0.456082,-0.290931
2018-12-06,9.366188,0.152296,0.455422,-0.303125
2018-12-07,9.368925,0.110610,0.454760,-0.344149
2018-12-08,9.371663,0.112741,0.454097,-0.341356
2018-12-09,9.374401,0.123291,0.453432,-0.330141
2018-12-10,9.377139,0.122366,0.452767,-0.330401
2018-12-11,9.379877,0.108769,0.452100,-0.343330
2018-12-12,9.382615,0.112170,0.451432,-0.339262
2018-12-13,9.385352,0.106655,0.450762,-0.344108
2018-12-14,9.388090,0.089470,0.450092,-0.360622
2018-12-15,9.390828,0.081325,0.449420,-0.368096
2018-12-16,9.393566,0.085769,0.448748,-0.362979
2018-12-17,9.396304,0.100460,0.448074,-0.347614
2018-12-18,9.399042,0.121055,0.447399,-0.326344
2018-12-19,9.401780,0.148917,0.446723,-0.297806
2018-12-20,9.404517,0.168182,0.446046,-0.277864
2018-12-21,9.407255,0.172966,0.445368,-0.272402
2018-12-22,9.409993,0.159756,0.444689,-0.284933
2018-12-23,9.412731,0.172627,0.444009,-0.271381
2018-12-24,9.415469,0.187481,0.443327,-0.255847
2018-12-25,9.418207,0.149033,0.442645,-0.293612
2018-12-26,9.420945,0.149709,0.441962,-0.292253
2018-12-27,9.423682,0.142205,0.441278,-0.299073
2018-12-28,9.426420,0.139901,0.440593,-0.300692
2018-12-29,9.429158,0.157564,0.439907,-0.282343
2018-12-30,9.431896,0.147895,0.439221,-0.291325
2018-12-31,9.434634,0.143837,0.438533,-0.294697
2019-01-01,9.437372,0.137504,0.437845,-0.300341
2019-01-02,9.440110,0.150244,0.437155,-0.286911
2019-01-03,9.442847,0.149694,0.436465,-0.286772
2019-01-04,9.445585,0.144134,0.435774,-0.291640
2019-01-05,9.448323,0.148630,0.435083,-0.286453
2019-01-06,9.451061,0.152198,0.434390,-0.282193
2019-01-07,9.453799,0.166992,0.433697,-0.266705
2019-01-08,9.456537,0.164754,0.433003,-0.268249
2019-01-09,9.459274,0.164428,0.432309,-0.267881
2019-01-10,9.462012,0.140311,0.431613,-0.291303
2019-01-11,9.464750,0.121935,0.430917,-0.308983
2019-01-12,9.467488,0.120051,0.430221,-0.310170
2019-01-13,9.470226,0.113913,0.429523,-0.315610
2019-01-14,9.472964,0.113148,0.428825,-0.315677
2019-01-15,9.475702,0.119376,0.428127,-0.308751
2019-01-16,9.478439,0.114360,0.427428,-0.313068
2019-01-17,9.481177,0.113360,0.426728,-0.313368
2019-01-18,9.483915,0.114253,0.426028,-0.311775
2019-01-19,9.486653,0.120080,0.425327,-0.305247
2019-01-20,9.489391,0.111660,0.424626,-0.312966
2019-01-21,9.492129,0.102465,0.423924,-0.321459
2019-01-22,9.494867,0.103650,0.423222,-0.319572
2019-01-23,9.497604,0.105105,0.422519,-0.317414
2019-01-24,9.500342,0.102622,0.421816,-0.319193
2019-01-25,9.503080,0.102243,0.421112,-0.318869
2019-01-26,9.505818,0.103686,0.420408,-0.316722
2019-01-27,9.508556,0.099575,0.419704,-0.320129
2019-01-28,9.511294,0.085982,0.418999,-0.333016
2019-01-29,9.514031,0.080291,0.418294,-0.338002
2019-01-30,9.516769,0.082847,0.417588,-0.334741
2019-01-31,9.519507,0.082385,0.416882,-0.334497
2019-02-01,9.522245,0.080782,0.416176,-0.335394
2019-02-02,9.524983,0.082169,0.415470,-0.333301
2019-02-03,9.527721,0.080671,0.414763,-0.334092
2019-02-04,9.530459,0.078767,0.414056,-0.335289
2019-02-05,9.533196,0.078841,0.413349,-0.334508
2019-02-06,9.535934,0.072489,0.412642,-0.340153
2019-02-07,9.538672,0.071304,0.411934,-0.340630
2019-02-08,9.541410,0.082109,0.411226,-0.329118
2019-02-09,9.544148,0.100169,0.410518,-0.310349
2019-02-10,9.546886,0.098664,0.409810,-0.311146
2019-02-11,9.549624,0.096801,0.409102,-0.312301
2019-02-12,9.552361,0.094292,0.408394,-0.314101
2019-02-13,9.555099,0.094217,0.407685,-0.313468
2019-02-14,9.557837,0.092206,0.406977,-0.314771
2019-02-15,9.560575,0.091858,0.406268,-0.314410
2019-02-16,9.563313,0.093394,0.405560,-0.312165
2019-02-17,9.566051,0.092307,0.404851,-0.312544
2019-02-18,9.568789,0.111086,0.404142,-0.293056
2019-02-19,9.571526,0.125915,0.403434,-0.277518
2019-02-20,9.574264,0.126745,0.402725,-0.275980
2019-02-21,9.577002,0.125878,0.402017,-0.276139
2019-02-22,9.579740,0.127089,0.401308,-0.274219
2019-02-23,9.582478,0.132031,0.400600,-0.268569
2019-02-24,9.585216,0.132098,0.399892,-0.267794
2019-02-25,9.587953,0.110740,0.399183,-0.288443
2019-02-26,9.590691,0.110760,0.398475,-0.287715
2019-02-27,9.593429,0.109741,0.397767,-0.288027
2019-02-28,9.596167,0.111046,0.397060,-0.286014
2019-03-01,9.598905,0.110620,0.396352,-0.285732
2019-03-02,9.601643,0.109042,0.395645,-0.286603
2019-03-03,9.604381,0.108131,0.394938,-0.286807
2019-03-04,9.607118,0.098942,0.394231,-0.295289
2019-03-05,9.609856,0.102766,0.393524,-0.290758
2019-03-06,9.612594,0.109948,0.392818,-0.282869
2019-03-07,9.615332,0.111724,0.392112,-0.280388
2019-03-08,9.618070,0.112321,0.391406,-0.279086
2019-03-09,9.620808,0.113788,0.390701,-0.276912
2019-03-10,9.623546,0.113257,0.389996,-0.276738
2019-03-11,9.626283,0.109592,0.389291,-0.279699
2019-03-12,9.629021,0.107471,0.388587,-0.281116
2019-03-13,9.631759,0.107555,0.387883,-0.280328
2019-03-14,9.634497,0.106473,0.387179,-0.280706
2019-03-15,9.637235,0.108931,0.386476,-0.277545
2019-03-16,9.639973,0.119026,0.385774,-0.266748
2019-03-17,9.642710,0.116884,0.385071,-0.268188
2019-03-18,9.645448,0.116846,0.384370,-0.267524
2019-03-19,9.648186,0.117248,0.383668,-0.266420
2019-03-20,9.650924,0.118616,0.382968,-0.264352
2019-03-21,9.653662,0.118521,0.382268,-0.263747
2019-03-22,9.656400,0.115030,0.381568,-0.266538
2019-03-23,9.659138,0.114513,0.380869,-0.266356
2019-03-24,9.661875,0.112685,0.380171,-0.267486
2019-03-25,9.664613,0.109923,0.379473,-0.269549
2019-03-26,9.667351,0.104766,0.378776,-0.274009
2019-03-27,9.670089,0.113029,0.378079,-0.265050
2019-03-28,9.672827,0.114206,0.377383,-0.263177
2019-03-29,9.675565,0.118874,0.376688,-0.257814
2019-03-30,9.678303,0.120793,0.375993,-0.255200
2019-03-31,9.681040,0.120633,0.375299,-0.254666
2019-04-01,9.683778,0.123661,0.374606,-0.250945
2019-04-02,9.686516,0.174178,0.373914,-0.199735
2019-04-03,9.689254,0.206480,0.373222,-0.166742
2019-04-04,9.691992,0.201497,0.372531,-0.171034
2019-04-05,9.694730,0.202082,0.371841,-0.169759
2019-04-06,9.697467,0.206773,0.371152,-0.164379
2019-04-07,9.700205,0.213610,0.370463,-0.156853
2019-04-08,9.702943,0.221790,0.369776,-0.147986
2019-04-09,9.705681,0.219913,0.369089,-0.149176
2019-04-10,9.708419,0.223375,0.368403,-0.145028
2019-04-11,9.711157,0.210628,0.367718,-0.157090
2019-04-12,9.713895,0.203925,0.367034,-0.163109
2019-04-13,9.716632,0.206634,0.366351,-0.159716
2019-04-14,9.719370,0.205734,0.365668,-0.159934
2019-04-15,9.722108,0.208269,0.364987,-0.156718
2019-04-16,9.724846,0.205874,0.364307,-0.158433
2019-04-17,9.727584,0.214915,0.363627,-0.148713
2019-04-18,9.730322,0.217894,0.362949,-0.145055
2019-04-19,9.733060,0.216828,0.362272,-0.145444
2019-04-20,9.735797,0.220452,0.361595,-0.141143
2019-04-21,9.738535,0.217948,0.360920,-0.142972
2019-04-22,9.741273,0.219840,0.360246,-0.140406
2019-04-23,9.744011,0.236066,0.359573,-0.123507
2019-04-24,9.746749,0.232023,0.358901,-0.126878
2019-04-25,9.749487,0.226635,0.358230,-0.131595
2019-04-26,9.752225,0.207904,0.357560,-0.149657
2019-04-27,9.754962,0.207862,0.356892,-0.149029
2019-04-28,9.757700,0.208462,0.356224,-0.147763
2019-04-29,9.760438,0.206414,0.355558,-0.149144
2019-04-30,9.763176,0.208875,0.354893,-0.146018
2019-05-01,9.765914,0.215847,0.354229,-0.138382
2019-05-02,9.768652,0.219893,0.353567,-0.133674
2019-05-03,9.771389,0.239028,0.352905,-0.113877
2019-05-04,9.774127,0.243720,0.352245,-0.108525
2019-05-05,9.776865,0.245729,0.351586,-0.105858
2019-05-06,9.779603,0.240613,0.350929,-0.110316
2019-05-07,9.782341,0.254568,0.350273,-0.095705
2019-05-08,9.785079,0.252663,0.349618,-0.096954
2019-05-09,9.787817,0.266429,0.348964,-0.082535
2019-05-10,9.790554,0.282328,0.348312,-0.065984
2019-05-11,9.793292,0.314203,0.347661,-0.033458
2019-05-12,9.796030,0.333712,0.347012,-0.013300
2019-05-13,9.798768,0.348696,0.346364,0.002332
2019-05-14,9.801506,0.381049,0.345717,0.035332
2019-05-15,9.804244,0.383452,0.345072,0.038380
2019-05-16,9.806982,0.379500,0.344428,0.035071
2019-05-17,9.809719,0.338986,0.343786,-0.004800
2019-05-18,9.812457,0.342298,0.343146,-0.000848
2019-05-19,9.815195,0.375228,0.342506,0.032722
2019-05-20,9.817933,0.372424,0.341869,0.030555
2019-05-21,9.820671,0.374494,0.341232,0.033262
2019-05-22,9.823409,0.370767,0.340598,0.030170
2019-05-23,9.826146,0.360757,0.339965,0.020793
2019-05-24,9.828884,0.374904,0.339333,0.035571
2019-05-25,9.831622,0.376821,0.338703,0.038118
2019-05-26,9.834360,0.380519,0.338075,0.042444
2019-05-27,9.837098,0.412326,0.337448,0.074878
2019-05-28,9.839836,0.409610,0.336823,0.072787
2019-05-29,9.842574,0.406170,0.336200,0.069970
2019-05-30,9.845311,0.405182,0.335578,0.069605
2019-05-31,9.848049,0.391024,0.334958,0.056067
2019-06-01,9.850787,0.399887,0.334339,0.065547
2019-06-02,9.853525,0.405376,0.333723,0.071654
2019-06-03,9.856263,0.397581,0.333108,0.064473
2019-06-04,9.859001,0.361865,0.332494,0.029371
2019-06-05,9.861739,0.357110,0.331883,0.025227
2019-06-06,9.864476,0.354917,0.331273,0.023644
2019-06-07,9.867214,0.364439,0.330665,0.033774
2019-06-08,9.869952,0.363953,0.330059,0.033894
2019-06-09,9.872690,0.355728,0.329455,0.026273
2019-06-10,9.875428,0.356254,0.328852,0.027401
2019-06-11,9.878166,0.359630,0.328252,0.031378
2019-06-12,9.880903,0.366654,0.327653,0.039001
2019-06-13,9.883641,0.372840,0.327056,0.045784
2019-06-14,9.886379,0.381873,0.326461,0.055412
2019-06-15,9.889117,0.400006,0.325868,0.074138
2019-06-16,9.891855,0.416279,0.325277,0.091003
2019-06-17,9.894593,0.422589,0.324687,0.097901
2019-06-18,9.897331,0.418414,0.324100,0.094314
2019-06-19,9.900068,0.418086,0.323515,0.094571
2019-06-20,9.902806,0.426983,0.322931,0.104051
2019-06-21,9.905544,0.446479,0.322350,0.124129
2019-06-22,9.908282,0.483947,0.321770,0.162177
2019-06-23,9.911020,0.484925,0.321193,0.163732
2019-06-24,9.913758,0.488617,0.320618,0.167999
2019-06-25,9.916496,0.506113,0.320044,0.186069
2019-06-26,9.919233,0.552774,0.319473,0.233301
2019-06-27,9.921971,0.523131,0.318904,0.204227
2019-06-28,9.924709,0.519724,0.318336,0.201387
2019-06-29,9.927447,0.524987,0.317771,0.207215
2019-06-30,9.930185,0.512437,0.317208,0.195229
2019-07-01,9.932923,0.478833,0.316647,0.162186
2019-07-02,9.935661,0.462525,0.316089,0.146436
2019-07-03,9.938398,0.502733,0.315532,0.187201
2019-07-04,9.941136,0.517919,0.314978,0.202941
2019-07-05,9.943874,0.494174,0.314425,0.179749
2019-07-06,9.946612,0.504212,0.313875,0.190337
2019-07-07,9.949350,0.499695,0.313327,0.186368
2019-07-08,9.952088,0.516760,0.312782,0.203978
2019-07-09,9.954825,0.540998,0.312238,0.228760
2019-07-10,9.957563,0.545015,0.311697,0.233318
2019-07-11,9.960301,0.507494,0.311158,0.196336
2019-07-12,9.963039,0.506992,0.310621,0.196370
2019-07-13,9.965777,0.500202,0.310087,0.190115
2019-07-14,9.968515,0.477304,0.309555,0.167750
2019-07-15,9.971253,0.459833,0.309025,0.150808
2019-07-16,9.973990,0.456137,0.308498,0.147640
2019-07-17,9.976728,0.421826,0.307972,0.113853
2019-07-18,9.979466,0.442297,0.307450,0.134847
2019-07-19,9.982204,0.458762,0.306929,0.151833
2019-07-20,9.984942,0.466763,0.306411,0.160352
2019-07-21,9.987680,0.461718,0.305895,0.155823
2019-07-22,9.990418,0.456102,0.305382,0.150720
2019-07-23,9.993155,0.439973,0.304871,0.135102
2019-07-24,9.995893,0.423575,0.304362,0.119212
2019-07-25,9.998631,0.436613,0.303856,0.132757
2019-07-26,10.001369,0.425252,0.303353,0.121899
2019-07-27,10.004107,0.422403,0.302851,0.119551
2019-07-28,10.006845,0.411562,0.302353,0.109209
2019-07-29,10.009582,0.412952,0.301856,0.111096
2019-07-30,10.012320,0.412354,0.301362,0.110991
2019-07-31,10.015058,0.425637,0.300871,0.124766
2019-08-01,10.017796,0.434722,0.300382,0.134339
2019-08-02,10.020534,0.450288,0.299896,0.150392
2019-08-03,10.023272,0.462259,0.299412,0.162847
2019-08-04,10.026010,0.462895,0.298931,0.163964
2019-08-05,10.028747,0.495383,0.298452,0.196931
2019-08-06,10.031485,0.497377,0.297976,0.199401
2019-08-07,10.034223,0.495557,0.297503,0.198054
2019-08-08,10.036961,0.498482,0.297032,0.201450
2019-08-09,10.039699,0.498633,0.296564,0.202069
2019-08-10,10.042437,0.489106,0.296098,0.193008
2019-08-11,10.045175,0.481054,0.295635,0.185419
2019-08-12,10.047912,0.480999,0.295174,0.185825
2019-08-13,10.050650,0.470614,0.294717,0.175897
2019-08-14,10.053388,0.441932,0.294261,0.147670
2019-08-15,10.056126,0.424203,0.293809,0.130394
2019-08-16,10.058864,0.432624,0.293359,0.139264
2019-08-17,10.061602,0.434626,0.292912,0.141714
2019-08-18,10.064339,0.433965,0.292468,0.141498
2019-08-19,10.067077,0.446406,0.292026,0.154380
2019-08-20,10.069815,0.451216,0.291587,0.159629
2019-08-21,10.072553,0.427587,0.291151,0.136436
2019-08-22,10.075291,0.421346,0.290717,0.130629
2019-08-23,10.078029,0.429872,0.290286,0.139585
2019-08-24,10.080767,0.424208,0.289858,0.134350
2019-08-25,10.083504,0.421586,0.289433,0.132153
2019-08-26,10.086242,0.430867,0.289011,0.141857
2019-08-27,10.088980,0.423277,0.288591,0.134686
2019-08-28,10.091718,0.417383,0.288174,0.129209
2019-08-29,10.094456,0.394124,0.287760,0.106364
2019-08-30,10.097194,0.394309,0.287349,0.106960
2019-08-31,10.099932,0.396072,0.286941,0.109131
2019-09-01,10.102669,0.396775,0.286535,0.110240
2019-09-02,10.105407,0.410018,0.286132,0.123885
2019-09-03,10.108145,0.432888,0.285733,0.147155
2019-09-04,10.110883,0.434357,0.285336,0.149021
2019-09-05,10.113621,0.433877,0.284942,0.148935
2019-09-06,10.116359,0.436665,0.284550,0.152115
2019-09-07,10.119097,0.427046,0.284162,0.142884
2019-09-08,10.121834,0.427872,0.283777,0.144096
2019-09-09,10.124572,0.420923,0.283394,0.137529
2019-09-10,10.127310,0.416871,0.283015,0.133856
2019-09-11,10.130048,0.409739,0.282638,0.127101
2019-09-12,10.132786,0.415861,0.282264,0.133597
2019-09-13,10.135524,0.418975,0.281894,0.137081
2019-09-14,10.138261,0.419338,0.281526,0.137812
2019-09-15,10.140999,0.417681,0.281161,0.136519
2019-09-16,10.143737,0.414446,0.280800,0.133647
2019-09-17,10.146475,0.412397,0.280441,0.131956
2019-09-18,10.149213,0.410780,0.280085,0.130695
2019-09-19,10.151951,0.401903,0.279732,0.122171
2019-09-20,10.154689,0.409040,0.279382,0.129658
2019-09-21,10.157426,0.402629,0.279036,0.123594
2019-09-22,10.160164,0.399590,0.278692,0.120898
2019-09-23,10.162902,0.394537,0.278351,0.116185
2019-09-24,10.165640,0.373418,0.278014,0.095405
2019-09-25,10.168378,0.326506,0.277679,0.048827
2019-09-26,10.171116,0.314973,0.277348,0.037626
2019-09-27,10.173854,0.303327,0.277019,0.026307
2019-09-28,10.176591,0.309172,0.276694,0.032478
2019-09-29,10.179329,0.304007,0.276372,0.027636
2019-09-30,10.182067,0.303517,0.276052,0.027464
2019-10-01,10.184805,0.318091,0.275736,0.042354
2019-10-02,10.187543,0.312006,0.275423,0.036583
2019-10-03,10.190281,0.310599,0.275114,0.035486
2019-10-04,10.193018,0.304903,0.274807,0.030096
2019-10-05,10.195756,0.302250,0.274503,0.027747
2019-10-06,10.198494,0.294668,0.274203,0.020465
2019-10-07,10.201232,0.297713,0.273906,0.023807
2019-10-08,10.203970,0.305220,0.273611,0.031608
2019-10-09,10.206708,0.310935,0.273321,0.037614
2019-10-10,10.209446,0.321500,0.273033,0.048468
2019-10-11,10.212183,0.313333,0.272748,0.040585
2019-10-12,10.214921,0.309656,0.272467,0.037189
2019-10-13,10.217659,0.310419,0.272188,0.038230
2019-10-14,10.220397,0.307154,0.271913,0.035241
2019-10-15,10.223135,0.304310,0.271642,0.032668
2019-10-16,10.225873,0.293112,0.271373,0.021739
2019-10-17,10.228611,0.290965,0.271108,0.019857
2019-10-18,10.231348,0.286757,0.270845,0.015911
2019-10-19,10.234086,0.286291,0.270586,0.015705
2019-10-20,10.236824,0.289027,0.270331,0.018696
2019-10-21,10.239562,0.298694,0.270078,0.028616
2019-10-22,10.242300,0.296853,0.269829,0.027023
2019-10-23,10.245038,0.271815,0.269583,0.002232
2019-10-24,10.247775,0.254889,0.269340,-0.014451
2019-10-25,10.250513,0.278906,0.269101,0.009805
2019-10-26,10.253251,0.350116,0.268865,0.081251
2019-10-27,10.255989,0.353121,0.268632,0.084489
2019-10-28,10.258727,0.354529,0.268402,0.086127
2019-10-29,10.261465,0.349588,0.268176,0.081411
2019-10-30,10.264203,0.340400,0.267953,0.072447
2019-10-31,10.266940,0.339160,0.267733,0.071427
2019-11-01,10.269678,0.338072,0.267517,0.070555
2019-11-02,10.272416,0.343256,0.267304,0.075952
2019-11-03,10.275154,0.339697,0.267094,0.072602
2019-11-04,10.277892,0.340917,0.266888,0.074029
2019-11-05,10.280630,0.344111,0.266685,0.077426
2019-11-06,10.283368,0.343102,0.266485,0.076617
2019-11-07,10.286105,0.338092,0.266289,0.071803
2019-11-08,10.288843,0.325479,0.266095,0.059383
2019-11-09,10.291581,0.317063,0.265906,0.051157
2019-11-10,10.294319,0.320582,0.265719,0.054862
2019-11-11,10.297057,0.315347,0.265536,0.049811
2019-11-12,10.299795,0.311847,0.265357,0.046491
2019-11-13,10.302533,0.312176,0.265180,0.046995
2019-11-14,10.305270,0.307005,0.265008,0.041998
2019-11-15,10.308008,0.300552,0.264838,0.035714
2019-11-16,10.310746,0.296663,0.264672,0.031991
2019-11-17,10.313484,0.298209,0.264509,0.033700
2019-11-18,10.316222,0.290767,0.264350,0.026418
2019-11-19,10.318960,0.276585,0.264194,0.012392
2019-11-20,10.321697,0.275004,0.264041,0.010962
2019-11-21,10.324435,0.260949,0.263892,-0.002943
2019-11-22,10.327173,0.231908,0.263746,-0.031838
2019-11-23,10.329911,0.225872,0.263604,-0.037732
2019-11-24,10.332649,0.219573,0.263465,-0.043891
2019-11-25,10.335387,0.207895,0.263329,-0.055434
2019-11-26,10.338125,0.217296,0.263197,-0.045901
2019-11-27,10.340862,0.223498,0.263068,-0.039570
2019-11-28,10.343600,0.238287,0.262943,-0.024656
2019-11-29,10.346338,0.243136,0.262821,-0.019685
2019-11-30,10.349076,0.244665,0.262703,-0.018038
2019-12-01,10.351814,0.226952,0.262588,-0.035636
2019-12-02,10.354552,0.223965,0.262476,-0.038512
2019-12-03,10.357290,0.223861,0.262368,-0.038507
2019-12-04,10.360027,0.220420,0.262264,-0.041844
2019-12-05,10.362765,0.222882,0.262162,-0.039281
2019-12-06,10.365503,0.226779,0.262065,-0.035285
2019-12-07,10.368241,0.233533,0.261970,-0.028438
2019-12-08,10.370979,0.230749,0.261880,-0.031130
2019-12-09,10.373717,0.228224,0.261792,-0.033568
2019-12-10,10.376454,0.218335,0.261708,-0.043373
2019-12-11,10.379192,0.212577,0.261628,-0.049051
2019-12-12,10.381930,0.209857,0.261551,-0.051694
2019-12-13,10.384668,0.212533,0.261477,-0.048945
2019-12-14,10.387406,0.208022,0.261407,-0.053385
2019-12-15,10.390144,0.203217,0.261341,-0.058124
2019-12-16,10.392882,0.199283,0.261278,-0.061995
2019-12-17,10.395619,0.183872,0.261218,-0.077346
2019-12-18,10.398357,0.182352,0.261162,-0.078810
2019-12-19,10.401095,0.204448,0.261109,-0.056661
2019-12-20,10.403833,0.203996,0.261060,-0.057064
2019-12-21,10.406571,0.203203,0.261014,-0.057811
2019-12-22,10.409309,0.207392,0.260972,-0.053580
2019-12-23,10.412047,0.222507,0.260934,-0.038427
2019-12-24,10.414784,0.209759,0.260898,-0.051139
2019-12-25,10.417522,0.204474,0.260867,-0.056393
2019-12-26,10.420260,0.204720,0.260838,-0.056118
2019-12-27,10.422998,0.202412,0.260814,-0.058402
2019-12-28,10.425736,0.207962,0.260792,-0.052831
2019-12-29,10.428474,0.209881,0.260775,-0.050894
2019-12-30,10.431211,0.206382,0.260760,-0.054379
2019-12-31,10.433949,0.200230,0.260749,-0.060519
2020-01-01,10.436687,0.199667,0.260742,-0.061075
2020-01-02,10.439425,0.191564,0.260738,-0.069175
2020-01-03,10.442163,0.199783,0.260738,-0.060955
2020-01-04,10.444901,0.204749,0.260741,-0.055992
2020-01-05,10.447639,0.210211,0.260748,-0.050538
2020-01-06,10.450376,0.215551,0.260758,-0.045207
2020-01-07,10.453114,0.236659,0.260772,-0.024113
2020-01-08,10.455852,0.252203,0.260789,-0.008586
2020-01-09,10.458590,0.234131,0.260810,-0.026679
2020-01-10,10.461328,0.233487,0.260834,-0.027347
2020-01-11,10.464066,0.244830,0.260862,-0.016032
2020-01-12,10.466804,0.244288,0.260893,-0.016605
2020-01-13,10.469541,0.243266,0.260928,-0.017662
2020-01-14,10.472279,0.266698,0.260966,0.005731
2020-01-15,10.475017,0.274171,0.261008,0.013164
2020-01-16,10.477755,0.270293,0.261053,0.009240
2020-01-17,10.480493,0.278425,0.261102,0.017323
2020-01-18,10.483231,0.279808,0.261154,0.018654
2020-01-19,10.485969,0.277198,0.261210,0.015988
2020-01-20,10.488706,0.266836,0.261269,0.005567
2020-01-21,10.491444,0.266227,0.261332,0.004895
2020-01-22,10.494182,0.266700,0.261398,0.005302
2020-01-23,10.496920,0.254570,0.261467,-0.006897
2020-01-24,10.499658,0.251441,0.261541,-0.010100
2020-01-25,10.502396,0.247814,0.261617,-0.013803
2020-01-26,10.505133,0.252860,0.261698,-0.008837
2020-01-27,10.507871,0.266652,0.261781,0.004871
2020-01-28,10.510609,0.281134,0.261868,0.019266
2020-01-29,10.513347,0.293594,0.261959,0.031635
2020-01-30,10.516085,0.294659,0.262053,0.032606
2020-01-31,10.518823,0.292884,0.262151,0.030733
2020-02-01,10.521561,0.293739,0.262252,0.031487
2020-02-02,10.524298,0.293356,0.262356,0.031000
2020-02-03,10.527036,0.290662,0.262464,0.028198
2020-02-04,10.529774,0.284319,0.262576,0.021744
2020-02-05,10.532512,0.292887,0.262691,0.030197
2020-02-06,10.535250,0.304944,0.262809,0.042135
2020-02-07,10.537988,0.308245,0.262931,0.045313
2020-02-08,10.540726,0.309224,0.263057,0.046167
2020-02-09,10.543463,0.320272,0.263186,0.057086
2020-02-10,10.546201,0.312593,0.263318,0.049276
2020-02-11,10.548939,0.313834,0.263454,0.050380
2020-02-12,10.551677,0.329734,0.263593,0.066141
2020-02-13,10.554415,0.326886,0.263736,0.063151
2020-02-14,10.557153,0.325165,0.263882,0.061283
2020-02-15,10.559890,0.319351,0.264031,0.055320
2020-02-16,10.562628,0.308775,0.264185,0.044590
2020-02-17,10.565366,0.300152,0.264341,0.035811
2020-02-18,10.568104,0.305174,0.264501,0.040673
2020-02-19,10.570842,0.315003,0.264664,0.050338
2020-02-20,10.573580,0.293190,0.264831,0.028359
2020-02-21,10.576318,0.297467,0.265001,0.032466
2020-02-22,10.579055,0.295805,0.265175,0.030630
2020-02-23,10.581793,0.304236,0.265352,0.038884
2020-02-24,10.584531,0.297258,0.265533,0.031726
2020-02-25,10.587269,0.286142,0.265717,0.020425
2020-02-26,10.590007,0.264841,0.265904,-0.001063
2020-02-27,10.592745,0.252985,0.266095,-0.013110
2020-02-28,10.595483,0.247583,0.266289,-0.018706
2020-02-29,10.598220,0.246259,0.266487,-0.020228
2020-03-01,10.600958,0.239445,0.266688,-0.027243
2020-03-02,10.603696,0.247957,0.266892,-0.018935
2020-03-03,10.606434,0.249517,0.267100,-0.017582
2020-03-04,10.609172,0.247614,0.267311,-0.019697
2020-03-05,10.611910,0.259446,0.267526,-0.008079
2020-03-06,10.614648,0.262615,0.267743,-0.005129
2020-03-07,10.617385,0.259845,0.267965,-0.008120
2020-03-08,10.620123,0.235863,0.268189,-0.032326
2020-03-09,10.622861,0.199962,0.268417,-0.068455
2020-03-10,10.625599,0.202543,0.268649,-0.066106
2020-03-11,10.628337,0.196658,0.268884,-0.072225
2020-03-12,10.631075,0.125461,0.269122,-0.143660
2020-03-13,10.633812,0.028663,0.269363,-0.240701
2020-03-14,10.636550,0.035874,0.269608,-0.233734
2020-03-15,10.639288,0.027152,0.269856,-0.242704
2020-03-16,10.642026,-0.000213,0.270108,-0.270320
2020-03-17,10.644764,0.025343,0.270362,-0.245020
2020-03-18,10.647502,0.022076,0.270621,-0.248545
2020-03-19,10.650240,0.058061,0.270882,-0.212821
2020-03-20,10.652977,0.099603,0.271147,-0.171544
2020-03-21,10.655715,0.085457,0.271415,-0.185958
2020-03-22,10.658453,0.082983,0.271686,-0.188704
2020-03-23,10.661191,0.081051,0.271961,-0.190909
2020-03-24,10.663929,0.116842,0.272239,-0.155397
2020-03-25,10.666667,0.116509,0.272520,-0.156011
2020-03-26,10.669405,0.116543,0.272805,-0.156261
2020-03-27,10.672142,0.116859,0.273092,-0.156233
2020-03-28,10.674880,0.085717,0.273383,-0.187667
2020-03-29,10.677618,0.077159,0.273678,-0.196519
2020-03-30,10.680356,0.088290,0.273975,-0.185685
2020-03-31,10.683094,0.099558,0.274276,-0.174719
2020-04-01,10.685832,0.089364,0.274580,-0.185216
2020-04-02,10.688569,0.115662,0.274887,-0.159225
2020-04-03,10.691307,0.120499,0.275198,-0.154699
2020-04-04,10.694045,0.117264,0.275512,-0.158248
2020-04-05,10.696783,0.118132,0.275829,-0.157697
2020-04-06,10.699521,0.135538,0.276149,-0.140611
2020-04-07,10.702259,0.148610,0.276472,-0.127862
2020-04-08,10.704997,0.147343,0.276799,-0.129455
2020-04-09,10.707734,0.146716,0.277129,-0.130413
2020-04-10,10.710472,0.126392,0.277462,-0.151069
2020-04-11,10.713210,0.119788,0.277798,-0.158009
2020-04-12,10.715948,0.124230,0.278137,-0.153907
2020-04-13,10.718686,0.111601,0.278479,-0.166879
2020-04-14,10.721424,0.119533,0.278825,-0.159292
2020-04-15,10.724162,0.113897,0.279174,-0.165276
2020-04-16,10.726899,0.120138,0.279526,-0.159388
2020-04-17,10.729637,0.128537,0.279881,-0.151344
2020-04-18,10.732375,0.132348,0.280239,-0.147891
2020-04-19,10.735113,0.132931,0.280600,-0.147669
2020-04-20,10.737851,0.125304,0.280965,-0.155660
2020-04-21,10.740589,0.113808,0.281332,-0.167524
2020-04-22,10.743326,0.121393,0.281703,-0.160310
2020-04-23,10.746064,0.137991,0.282076,-0.144086
2020-04-24,10.748802,0.150314,0.282453,-0.132139
2020-04-25,10.751540,0.151034,0.282833,-0.131799
2020-04-26,10.754278,0.153684,0.283216,-0.129532
2020-04-27,10.757016,0.159562,0.283602,-0.124040
2020-04-28,10.759754,0.160041,0.283991,-0.123950
2020-04-29,10.762491,0.187511,0.284383,-0.096872
2020-04-30,10.765229,0.219278,0.284778,-0.065500
2020-05-01,10.767967,0.213742,0.285176,-0.071434
2020-05-02,10.770705,0.217717,0.285577,-0.067860
2020-05-03,10.773443,0.222060,0.285981,-0.063922
2020-05-04,10.776181,0.211426,0.286388,-0.074962
2020-05-05,10.778919,0.218716,0.286798,-0.068082
2020-05-06,10.781656,0.229012,0.287212,-0.058200
2020-05-07,10.784394,0.243698,0.287628,-0.043930
2020-05-08,10.787132,0.262324,0.288047,-0.025723
2020-05-09,10.789870,0.253122,0.288469,-0.035346
2020-05-10,10.792608,0.203494,0.288894,-0.085400
2020-05-11,10.795346,0.204295,0.289321,-0.085026
2020-05-12,10.798084,0.207341,0.289752,-0.082412
2020-05-13,10.800821,0.219657,0.290186,-0.070529
2020-05-14,10.803559,0.244036,0.290622,-0.046586
2020-05-15,10.806297,0.240534,0.291062,-0.050528
2020-05-16,10.809035,0.234745,0.291504,-0.056759
2020-05-17,10.811773,0.244257,0.291950,-0.047692
2020-05-18,10.814511,0.247758,0.292398,-0.044640
2020-05-19,10.817248,0.245139,0.292849,-0.047710
2020-05-20,10.819986,0.244626,0.293303,-0.048677
2020-05-21,10.822724,0.226156,0.293759,-0.067603
2020-05-22,10.825462,0.218478,0.294219,-0.075741
2020-05-23,10.828200,0.221805,0.294681,-0.072877
2020-05-24,10.830938,0.217282,0.295147,-0.077865
2020-05-25,10.833676,0.202520,0.295615,-0.093095
2020-05-26,10.836413,0.204019,0.296085,-0.092067
2020-05-27,10.839151,0.211502,0.296559,-0.085057
2020-05-28,10.841889,0.224238,0.297035,-0.072798
2020-05-29,10.844627,0.229694,0.297514,-0.067821
2020-05-30,10.847365,0.231692,0.297996,-0.066304
2020-05-31,10.850103,0.232709,0.298481,-0.065772
2020-06-01,10.852841,0.233872,0.298968,-0.065096
2020-06-02,10.855578,0.245496,0.299458,-0.053963
2020-06-03,10.858316,0.231512,0.299951,-0.068439
2020-06-04,10.861054,0.237530,0.300447,-0.062916
2020-06-05,10.863792,0.238696,0.300945,-0.062249
2020-06-06,10.866530,0.233706,0.301446,-0.067739
2020-06-07,10.869268,0.232413,0.301949,-0.069536
2020-06-08,10.872005,0.236400,0.302455,-0.066055
2020-06-09,10.874743,0.235278,0.302964,-0.067686
2020-06-10,10.877481,0.238124,0.303476,-0.065351
2020-06-11,10.880219,0.230938,0.303990,-0.073052
2020-06-12,10.882957,0.220361,0.304506,-0.084145
2020-06-13,10.885695,0.220468,0.305026,-0.084558
2020-06-14,10.888433,0.218972,0.305548,-0.086576
2020-06-15,10.891170,0.211152,0.306072,-0.094920
2020-06-16,10.893908,0.222020,0.306599,-0.084579
2020-06-17,10.896646,0.219068,0.307129,-0.088061
2020-06-18,10.899384,0.216718,0.307661,-0.090943
2020-06-19,10.902122,0.212714,0.308196,-0.095481
2020-06-20,10.904860,0.211097,0.308733,-0.097636
2020-06-21,10.907598,0.212811,0.309273,-0.096461
2020-06-22,10.910335,0.218120,0.309815,-0.091695
2020-06-23,10.913073,0.224324,0.310360,-0.086035
2020-06-24,10.915811,0.214844,0.310907,-0.096063
2020-06-25,10.918549,0.205233,0.311456,-0.106224
2020-06-26,10.921287,0.202271,0.312009,-0.109737
2020-06-27,10.924025,0.198243,0.312563,-0.114320
2020-06-28,10.926762,0.195698,0.313120,-0.117422
2020-06-29,10.929500,0.197836,0.313680,-0.115843
2020-06-30,10.932238,0.198458,0.314241,-0.115783
2020-07-01,10.934976,0.199656,0.314806,-0.115149
2020-07-02,10.937714,0.197930,0.315372,-0.117442
2020-07-03,10.940452,0.194207,0.315941,-0.121734
2020-07-04,10.943190,0.193607,0.316513,-0.122906
2020-07-05,10.945927,0.191594,0.317086,-0.125492
2020-07-06,10.948665,0.197821,0.317662,-0.119841
2020-07-07,10.951403,0.199610,0.318241,-0.118631
2020-07-08,10.954141,0.202737,0.318821,-0.116084
2020-07-09,10.956879,0.201364,0.319404,-0.118041
2020-07-10,10.959617,0.194688,0.319990,-0.125301
2020-07-11,10.962355,0.196086,0.320577,-0.124491
2020-07-12,10.965092,0.196046,0.321167,-0.125120
2020-07-13,10.967830,0.196793,0.321759,-0.124966
2020-07-14,10.970568,0.193468,0.322353,-0.128885
2020-07-15,10.973306,0.193024,0.322950,-0.129926
2020-07-16,10.976044,0.188309,0.323548,-0.135239
2020-07-17,10.978782,0.187975,0.324149,-0.136175
2020-07-18,10.981520,0.188707,0.324752,-0.136045
2020-07-19,10.984257,0.187830,0.325358,-0.137527
2020-07-20,10.986995,0.188323,0.325965,-0.137641
2020-07-21,10.989733,0.193799,0.326574,-0.132775
2020-07-22,10.992471,0.195842,0.327186,-0.131344
2020-07-23,10.995209,0.203267,0.327800,-0.124533
2020-07-24,10.997947,0.203453,0.328416,-0.124963
2020-07-25,11.000684,0.205739,0.329034,-0.123295
2020-07-26,11.003422,0.214561,0.329654,-0.115092
2020-07-27,11.006160,0.240100,0.330276,-0.090176
2020-07-28,11.008898,0.261428,0.330900,-0.069472
2020-07-29,11.011636,0.265483,0.331526,-0.066044
2020-07-30,11.014374,0.262475,0.332154,-0.069679
2020-07-31,11.017112,0.268227,0.332785,-0.064558
2020-08-01,11.019849,0.283322,0.333417,-0.050095
2020-08-02,11.022587,0.271619,0.334051,-0.062432
2020-08-03,11.025325,0.268642,0.334687,-0.066045
2020-08-04,11.028063,0.267702,0.335325,-0.067623
2020-08-05,11.030801,0.275784,0.335966,-0.060182
2020-08-06,11.033539,0.285816,0.336608,-0.050791
2020-08-07,11.036277,0.283818,0.337251,-0.053433
2020-08-08,11.039014,0.282254,0.337897,-0.055644
2020-08-09,11.041752,0.281214,0.338545,-0.057331
2020-08-10,11.044490,0.288766,0.339195,-0.050428
2020-08-11,11.047228,0.278342,0.339846,-0.061504
2020-08-12,11.049966,0.271814,0.340499,-0.068685
2020-08-13,11.052704,0.274566,0.341154,-0.066588
2020-08-14,11.055441,0.281631,0.341811,-0.060180
2020-08-15,11.058179,0.285377,0.342470,-0.057093
2020-08-16,11.060917,0.283859,0.343130,-0.059272
2020-08-17,11.063655,0.291152,0.343793,-0.052641
2020-08-18,11.066393,0.294199,0.344457,-0.050257
2020-08-19,11.069131,0.280404,0.345122,-0.064718
2020-08-20,11.071869,0.280039,0.345790,-0.065751
2020-08-21,11.074606,0.277394,0.346459,-0.069065
2020-08-22,11.077344,0.270052,0.347130,-0.077078
2020-08-23,11.080082,0.271833,0.347803,-0.075969
2020-08-24,11.082820,0.275481,0.348477,-0.072996
2020-08-25,11.085558,0.266265,0.349153,-0.082888
2020-08-26,11.088296,0.261998,0.349830,-0.087832
2020-08-27,11.091034,0.259251,0.350509,-0.091258
2020-08-28,11.093771,0.262370,0.351190,-0.088820
2020-08-29,11.096509,0.264241,0.351873,-0.087632
2020-08-30,11.099247,0.267081,0.352557,-0.085476
2020-08-31,11.101985,0.269784,0.353242,-0.083458
2020-09-01,11.104723,0.276144,0.353929,-0.077785
2020-09-02,11.107461,0.264539,0.354618,-0.090079
2020-09-03,11.110198,0.243238,0.355308,-0.112070
2020-09-04,11.112936,0.216551,0.356000,-0.139449
2020-09-05,11.115674,0.210747,0.356693,-0.145946
2020-09-06,11.118412,0.207619,0.357387,-0.149768
2020-09-07,11.121150,0.205223,0.358083,-0.152861
2020-09-08,11.123888,0.204091,0.358781,-0.154690
2020-09-09,11.126626,0.205338,0.359480,-0.154142
2020-09-10,11.129363,0.211224,0.360180,-0.148957
2020-09-11,11.132101,0.209122,0.360882,-0.151760
2020-09-12,11.134839,0.211396,0.361585,-0.150189
2020-09-13,11.137577,0.211875,0.362289,-0.150415
2020-09-14,11.140315,0.216131,0.362995,-0.146864
2020-09-15,11.143053,0.226370,0.363702,-0.137333
2020-09-16,11.145791,0.230805,0.364411,-0.133606
2020-09-17,11.148528,0.230017,0.365121,-0.135103
2020-09-18,11.151266,0.230777,0.365832,-0.135055
2020-09-19,11.154004,0.233788,0.366544,-0.132756
2020-09-20,11.156742,0.229319,0.367258,-0.137939
2020-09-21,11.159480,0.219061,0.367973,-0.148911
2020-09-22,11.162218,0.210077,0.368689,-0.158612
2020-09-23,11.164956,0.208017,0.369406,-0.161390
2020-09-24,11.167693,0.208061,0.370125,-0.162063
2020-09-25,11.170431,0.216749,0.370844,-0.154096
2020-09-26,11.173169,0.218122,0.371565,-0.153444
2020-09-27,11.175907,0.217532,0.372287,-0.154755
2020-09-28,11.178645,0.223450,0.373011,-0.149561
2020-09-29,11.181383,0.216964,0.373735,-0.156770
2020-09-30,11.184120,0.216887,0.374460,-0.157573
2020-10-01,11.186858,0.216903,0.375187,-0.158284
2020-10-02,11.189596,0.207065,0.375914,-0.168849
2020-10-03,11.192334,0.207483,0.376643,-0.169160
2020-10-04,11.195072,0.209184,0.377372,-0.168189
2020-10-05,11.197810,0.212667,0.378103,-0.165436
2020-10-06,11.200548,0.211818,0.378835,-0.167016
2020-10-07,11.203285,0.208050,0.379567,-0.171517
2020-10-08,11.206023,0.212227,0.380301,-0.168074
2020-10-09,11.208761,0.221645,0.381035,-0.159390
2020-10-10,11.211499,0.234682,0.381771,-0.147089
2020-10-11,11.214237,0.235166,0.382507,-0.147342
2020-10-12,11.216975,0.237876,0.383245,-0.145369
2020-10-13,11.219713,0.237416,0.383983,-0.146567
2020-10-14,11.222450,0.235248,0.384722,-0.149474
2020-10-15,11.225188,0.235010,0.385462,-0.150452
2020-10-16,11.227926,0.232562,0.386203,-0.153641
2020-10-17,11.230664,0.231237,0.386945,-0.155708
2020-10-18,11.233402,0.234099,0.387687,-0.153588
2020-10-19,11.236140,0.239106,0.388430,-0.149324
2020-10-20,11.238877,0.248381,0.389174,-0.140793
2020-10-21,11.241615,0.269888,0.389919,-0.120031
2020-10-22,11.244353,0.285316,0.390665,-0.105349
2020-10-23,11.247091,0.284790,0.391411,-0.106621
2020-10-24,11.249829,0.287435,0.392158,-0.104723
2020-10-25,11.252567,0.287714,0.392905,-0.105191
2020-10-26,11.255305,0.287580,0.393654,-0.106074
2020-10-27,11.258042,0.296980,0.394403,-0.097423
2020-10-28,11.260780,0.298826,0.395152,-0.096326
2020-10-29,11.263518,0.294618,0.395903,-0.101285
2020-10-30,11.266256,0.297465,0.396654,-0.099189
2020-10-31,11.268994,0.306809,0.397405,-0.090596
2020-11-01,11.271732,0.307054,0.398157,-0.091103
2020-11-02,11.274470,0.300981,0.398910,-0.097928
2020-11-03,11.277207,0.300944,0.399663,-0.098719
2020-11-04,11.279945,0.309498,0.400417,-0.090919
2020-11-05,11.282683,0.334318,0.401171,-0.066853
2020-11-06,11.285421,0.357968,0.401926,-0.043958
2020-11-07,11.288159,0.350658,0.402681,-0.052022
2020-11-08,11.290897,0.346349,0.403437,-0.057088
2020-11-09,11.293634,0.350817,0.404193,-0.053376
2020-11-10,11.296372,0.348711,0.404949,-0.056239
2020-11-11,11.299110,0.355820,0.405706,-0.049886
2020-11-12,11.301848,0.364499,0.406464,-0.041965
2020-11-13,11.304586,0.373603,0.407221,-0.033618
2020-11-14,11.307324,0.365988,0.407979,-0.041991
2020-11-15,11.310062,0.364660,0.408738,-0.044077
2020-11-16,11.312799,0.374201,0.409497,-0.035296
2020-11-17,11.315537,0.392117,0.410256,-0.018139
2020-11-18,11.318275,0.411245,0.411015,0.000230
2020-11-19,11.321013,0.409912,0.411775,-0.001863
2020-11-20,11.323751,0.421342,0.412535,0.008808
2020-11-21,11.326489,0.429410,0.413295,0.016115
2020-11-22,11.329227,0.422137,0.414055,0.008082
2020-11-23,11.331964,0.422185,0.414816,0.007369
2020-11-24,11.334702,0.431346,0.415576,0.015770
2020-11-25,11.337440,0.435151,0.416337,0.018814
2020-11-26,11.340178,0.394741,0.417099,-0.022357
2020-11-27,11.342916,0.384528,0.417860,-0.033332
2020-11-28,11.345654,0.392189,0.418621,-0.026433
2020-11-29,11.348392,0.408280,0.419383,-0.011103
2020-11-30,11.351129,0.429398,0.420144,0.009253
2020-12-01,11.353867,0.436590,0.420906,0.015684
2020-12-02,11.356605,0.429270,0.421668,0.007602
2020-12-03,11.359343,0.436332,0.422429,0.013902
2020-12-04,11.362081,0.431832,0.423191,0.008641
2020-12-05,11.364819,0.428569,0.423953,0.004616
2020-12-06,11.367556,0.431519,0.424715,0.006805
2020-12-07,11.370294,0.432204,0.425476,0.006728
2020-12-08,11.373032,0.425592,0.426238,-0.000646
2020-12-09,11.375770,0.409354,0.427000,-0.017646
2020-12-10,11.378508,0.409795,0.427761,-0.017966
2020-12-11,11.381246,0.400493,0.428523,-0.028030
2020-12-12,11.383984,0.412668,0.429284,-0.016616
2020-12-13,11.386721,0.427106,0.430045,-0.002939
2020-12-14,11.389459,0.427585,0.430806,-0.003221
2020-12-15,11.392197,0.431276,0.431567,-0.000291
2020-12-16,11.394935,0.446847,0.432328,0.014519
2020-12-17,11.397673,0.497700,0.433088,0.064612
2020-12-18,11.400411,0.502348,0.433849,0.068499
2020-12-19,11.403149,0.510801,0.434609,0.076192
2020-12-20,11.405886,0.514646,0.435369,0.079277
2020-12-21,11.408624,0.507720,0.436128,0.071592
2020-12-22,11.411362,0.504374,0.436887,0.067487
2020-12-23,11.414100,0.511887,0.437646,0.074241
2020-12-24,11.416838,0.505611,0.438405,0.067206
2020-12-25,11.419576,0.519750,0.439163,0.080586
2020-12-26,11.422313,0.541202,0.439921,0.101280
2020-12-27,11.425051,0.569839,0.440679,0.129160
2020-12-28,11.427789,0.568274,0.441436,0.126838
2020-12-29,11.430527,0.563067,0.442193,0.120874
2020-12-30,11.433265,0.585860,0.442949,0.142911
2020-12-31,11.436003,0.596103,0.443705,0.152398
2021-01-01,11.438741,0.601843,0.444461,0.157383
2021-01-02,11.441478,0.622789,0.445216,0.177574
2021-01-03,11.444216,0.658851,0.445970,0.212881
2021-01-04,11.446954,0.636626,0.446724,0.189902
2021-01-05,11.449692,0.641792,0.447478,0.194315
2021-01-06,11.452430,0.675225,0.448231,0.226994
2021-01-07,11.455168,0.712183,0.448983,0.263200
2021-01-08,11.457906,0.731343,0.449735,0.281608
2021-01-09,11.460643,0.737319,0.450486,0.286832
2021-01-10,11.463381,0.729234,0.451237,0.277998
2021-01-11,11.466119,0.664483,0.451987,0.212496
2021-01-12,11.468857,0.671502,0.452736,0.218766
2021-01-13,11.471595,0.669259,0.453485,0.215774
2021-01-14,11.474333,0.711486,0.454233,0.257253
2021-01-15,11.477070,0.705115,0.454980,0.250135
2021-01-16,11.479808,0.693981,0.455727,0.238254
2021-01-17,11.482546,0.680882,0.456473,0.224409
2021-01-18,11.485284,0.684547,0.457218,0.227329
2021-01-19,11.488022,0.692601,0.457962,0.234639
2021-01-20,11.490760,0.690700,0.458706,0.231994
2021-01-21,11.493498,0.642317,0.459449,0.182869
2021-01-22,11.496235,0.632889,0.460191,0.172699
2021-01-23,11.498973,0.633870,0.460932,0.172939
2021-01-24,11.501711,0.730720,0.461672,0.269048
2021-01-25,11.504449,0.648779,0.462411,0.186367
2021-01-26,11.507187,0.630270,0.463150,0.167120
2021-01-27,11.509925,0.665350,0.463888,0.201462
2021-01-28,11.512663,0.624234,0.464624,0.159610
2021-01-29,11.515400,0.718683,0.465360,0.253323
2021-01-30,11.518138,0.652337,0.466095,0.186242
2021-01-31,11.520876,0.643807,0.466829,0.176978
2021-02-01,11.523614,0.640975,0.467562,0.173413
2021-02-02,11.526352,0.659389,0.468294,0.191095
2021-02-03,11.529090,0.681235,0.469025,0.212210
2021-02-04,11.531828,0.691638,0.469755,0.221883
2021-02-05,11.534565,0.692451,0.470484,0.221967
2021-02-06,11.537303,0.716500,0.471212,0.245289
2021-02-07,11.540041,0.703352,0.471938,0.231414
2021-02-08,11.542779,0.730804,0.472664,0.258140
2021-02-09,11.545517,0.776139,0.473388,0.302751
2021-02-10,11.548255,0.759574,0.474112,0.285462
2021-02-11,11.550992,0.774965,0.474834,0.300131
2021-02-12,11.553730,0.790671,0.475555,0.315116
2021-02-13,11.556468,0.787157,0.476275,0.310882
2021-02-14,11.559206,0.798785,0.476994,0.321792
2021-02-15,11.561944,0.793597,0.477711,0.315886
2021-02-16,11.564682,0.803052,0.478427,0.324625
2021-02-17,11.567420,0.818676,0.479142,0.339534
2021-02-18,11.570157,0.825119,0.479856,0.345263
2021-02-19,11.572895,0.834558,0.480569,0.353990
2021-02-20,11.575633,0.855955,0.481280,0.374676
2021-02-21,11.578371,0.884215,0.481990,0.402226
2021-02-22,11.581109,0.868019,0.482698,0.385321
2021-02-23,11.583847,0.800902,0.483405,0.317496
2021-02-24,11.586585,0.804066,0.484111,0.319955
2021-02-25,11.589322,0.805104,0.484815,0.320289
2021-02-26,11.592060,0.800541,0.485518,0.315022
2021-02-27,11.594798,0.785279,0.486220,0.299058
2021-02-28,11.597536,0.756092,0.486920,0.269171
2021-03-01,11.600274,0.788459,0.487619,0.300840
2021-03-02,11.603012,0.790427,0.488316,0.302110
2021-03-03,11.605749,0.808744,0.489012,0.319732
2021-03-04,11.608487,0.800224,0.489707,0.310518
2021-03-05,11.611225,0.780990,0.490399,0.290590
2021-03-06,11.613963,0.786315,0.491091,0.295224
2021-03-07,11.616701,0.805150,0.491780,0.313370
2021-03-08,11.619439,0.808901,0.492469,0.316432
2021-03-09,11.622177,0.831448,0.493155,0.338292
2021-03-10,11.624914,0.840630,0.493840,0.346790
2021-03-11,11.627652,0.849533,0.494524,0.355010
2021-03-12,11.630390,0.853134,0.495206,0.357929
2021-03-13,11.633128,0.867432,0.495886,0.371546
2021-03-14,11.635866,0.878672,0.496564,0.382108
2021-03-15,11.638604,0.856373,0.497241,0.359131
2021-03-16,11.641342,0.839072,0.497917,0.341155
2021-03-17,11.644079,0.844108,0.498590,0.345518
2021-03-18,11.646817,0.862301,0.499262,0.363039
2021-03-19,11.649555,0.857354,0.499932,0.357423
2021-03-20,11.652293,0.864682,0.500600,0.364082
2021-03-21,11.655031,0.851682,0.501267,0.350415
2021-03-22,11.657769,0.850423,0.501931,0.348492
2021-03-23,11.660507,0.836586,0.502594,0.333992
2021-03-24,11.663244,0.833276,0.503256,0.330020
2021-03-25,11.665982,0.816690,0.503915,0.312776
2021-03-26,11.668720,0.817563,0.504572,0.312991
2021-03-27,11.671458,0.837116,0.505228,0.331888
2021-03-28,11.674196,0.837038,0.505882,0.331156
2021-03-29,11.676934,0.845091,0.506534,0.338557
2021-03-30,11.679671,0.856811,0.507184,0.349627
2021-03-31,11.682409,0.858278,0.507832,0.350446
2021-04-01,11.685147,0.857847,0.508478,0.349369
2021-04-02,11.687885,0.860299,0.509122,0.351177
2021-04-03,11.690623,0.857151,0.509764,0.347387
2021-04-04,11.693361,0.847749,0.510405,0.337344
2021-04-05,11.696099,0.850115,0.511043,0.339072
2021-04-06,11.698836,0.854097,0.511679,0.342418
2021-04-07,11.701574,0.843234,0.512313,0.330920
2021-04-08,11.704312,0.841726,0.512946,0.328780
2021-04-09,11.707050,0.848838,0.513576,0.335262
2021-04-10,11.709788,0.860591,0.514204,0.346387
2021-04-11,11.712526,0.859375,0.514830,0.344545
2021-04-12,11.715264,0.861081,0.515454,0.345627
2021-04-13,11.718001,0.860114,0.516076,0.344039
2021-04-14,11.720739,0.883463,0.516695,0.366768
2021-04-15,11.723477,0.879430,0.517313,0.362117
2021-04-16,11.726215,0.923024,0.517928,0.405095
2021-04-17,11.728953,0.843146,0.518541,0.324605
2021-04-18,11.731691,0.890134,0.519152,0.370982
2021-04-19,11.734428,0.830200,0.519761,0.310438
2021-04-20,11.737166,0.822675,0.520368,0.302308
2021-04-21,11.739904,0.821388,0.520972,0.300416
2021-04-22,11.742642,0.865538,0.521574,0.343963
2021-04-23,11.745380,0.774262,0.522174,0.252088
2021-04-24,11.748118,0.775898,0.522772,0.253126
2021-04-25,11.750856,0.775121,0.523367,0.251754
2021-04-26,11.753593,0.799804,0.523960,0.275845
2021-04-27,11.756331,0.859120,0.524551,0.334570
2021-04-28,11.759069,0.812782,0.525139,0.287643
2021-04-29,11.761807,0.820193,0.525725,0.294468
2021-04-30,11.764545,0.846243,0.526309,0.319935
2021-05-01,11.767283,0.834261,0.526890,0.307371
2021-05-02,11.770021,0.821181,0.527469,0.293713
2021-05-03,11.772758,0.834185,0.528045,0.306140
2021-05-04,11.775496,0.813255,0.528619,0.284636
2021-05-05,11.778234,0.809131,0.529191,0.279940
2021-05-06,11.780972,0.877269,0.529760,0.347509
2021-05-07,11.783710,0.823930,0.530327,0.293603
2021-05-08,11.786448,0.836291,0.530891,0.305400
2021-05-09,11.789185,0.831542,0.531453,0.300089
2021-05-10,11.791923,0.829324,0.532012,0.297312
2021-05-11,11.794661,0.868416,0.532569,0.335847
2021-05-12,11.797399,0.814451,0.533123,0.281328
2021-05-13,11.800137,0.763427,0.533675,0.229752
2021-05-14,11.802875,0.766449,0.534224,0.232226
2021-05-15,11.805613,0.753986,0.534770,0.219215
2021-05-16,11.808350,0.743264,0.535314,0.207949
2021-05-17,11.811088,0.711755,0.535856,0.175899
2021-05-18,11.813826,0.708969,0.536395,0.172574
2021-05-19,11.816564,0.666823,0.536931,0.129893
2021-05-20,11.819302,0.738422,0.537464,0.200958
2021-05-21,11.822040,0.654232,0.537995,0.116236
2021-05-22,11.824778,0.636043,0.538523,0.097519
2021-05-23,11.827515,0.613491,0.539049,0.074442
2021-05-24,11.830253,0.629475,0.539572,0.089903
2021-05-25,11.832991,0.664986,0.540092,0.124894
2021-05-26,11.835729,0.653687,0.540609,0.113077
2021-05-27,11.838467,0.648145,0.541124,0.107021
2021-05-28,11.841205,0.622002,0.541636,0.080366
2021-05-29,11.843943,0.605385,0.542145,0.063239
2021-05-30,11.846680,0.607575,0.542652,0.064923
2021-05-31,11.849418,0.615254,0.543156,0.072098
2021-06-01,11.852156,0.619753,0.543657,0.076097
2021-06-02,11.854894,0.627491,0.544155,0.083336
2021-06-03,11.857632,0.641308,0.544650,0.096658
2021-06-04,11.860370,0.624154,0.545143,0.079012
2021-06-05,11.863107,0.617473,0.545632,0.071841
2021-06-06,11.865845,0.609904,0.546119,0.063785
2021-06-07,11.868583,0.694441,0.546603,0.147838
2021-06-08,11.871321,0.570039,0.547084,0.022955
2021-06-09,11.874059,0.595119,0.547562,0.047557
2021-06-10,11.876797,0.620096,0.548037,0.072058
2021-06-11,11.879535,0.619693,0.548510,0.071183
2021-06-12,11.882272,0.604056,0.548979,0.055076
2021-06-13,11.885010,0.611646,0.549446,0.062201
2021-06-14,11.887748,0.648359,0.549909,0.098450
2021-06-15,11.890486,0.653560,0.550370,0.103190
2021-06-16,11.893224,0.719618,0.550827,0.168791
2021-06-17,11.895962,0.635149,0.551282,0.083867
2021-06-18,11.898700,0.616263,0.551734,0.064529
2021-06-19,11.901437,0.601587,0.552182,0.049404
2021-06-20,11.904175,0.592729,0.552628,0.040101
2021-06-21,11.906913,0.567356,0.553070,0.014285
2021-06-22,11.909651,0.552363,0.553510,-0.001147
2021-06-23,11.912389,0.574342,0.553946,0.020395
2021-06-24,11.915127,0.573742,0.554380,0.019362
2021-06-25,11.917864,0.567594,0.554810,0.012784
2021-06-26,11.920602,0.542753,0.555237,-0.012485
2021-06-27,11.923340,0.563258,0.555662,0.007597
2021-06-28,11.926078,0.634222,0.556083,0.078139
2021-06-29,11.928816,0.593518,0.556501,0.037018
2021-06-30,11.931554,0.585237,0.556915,0.028321
2021-07-01,11.934292,0.569319,0.557327,0.011992
2021-07-02,11.937029,0.563475,0.557735,0.005740
2021-07-03,11.939767,0.575967,0.558141,0.017826
2021-07-04,11.942505,0.587405,0.558543,0.028862
2021-07-05,11.945243,0.571848,0.558942,0.012906
2021-07-06,11.947981,0.572379,0.559338,0.013042
2021-07-07,11.950719,0.576808,0.559730,0.017078
2021-07-08,11.953457,0.555056,0.560120,-0.005063
2021-07-09,11.956194,0.558621,0.560506,-0.001885
2021-07-10,11.958932,0.564917,0.560889,0.004029
2021-07-11,11.961670,0.559407,0.561268,-0.001861
2021-07-12,11.964408,0.563638,0.561645,0.001993
2021-07-13,11.967146,0.552610,0.562018,-0.009407
2021-07-14,11.969884,0.547268,0.562388,-0.015119
2021-07-15,11.972621,0.541700,0.562754,-0.021054
2021-07-16,11.975359,0.536703,0.563117,-0.026414
2021-07-17,11.978097,0.533767,0.563477,-0.029710
2021-07-18,11.980835,0.535806,0.563834,-0.028028
2021-07-19,11.983573,0.527240,0.564187,-0.036947
2021-07-20,11.986311,0.507766,0.564537,-0.056771
2021-07-21,11.989049,0.526610,0.564884,-0.038274
2021-07-22,11.991786,0.538541,0.565227,-0.026686
2021-07-23,11.994524,0.542637,0.565567,-0.022929
2021-07-24,11.997262,0.559786,0.565903,-0.006117
2021-07-25,12.000000,0.565661,0.566236,-0.000576
2021-07-26,12.002738,0.611962,0.566566,0.045396
2021-07-27,12.005476,0.604452,0.566892,0.037560
2021-07-28,12.008214,0.628057,0.567215,0.060842
2021-07-29,12.010951,0.627522,0.567535,0.059987
2021-07-30,12.013689,0.624677,0.567851,0.056827
2021-07-31,12.016427,0.645228,0.568163,0.077065
2021-08-01,12.019165,0.643003,0.568472,0.074531
2021-08-02,12.021903,0.622698,0.568778,0.053920
2021-08-03,12.024641,0.609773,0.569080,0.040693
2021-08-04,12.027379,0.612205,0.569379,0.042826
2021-08-05,12.030116,0.694392,0.569674,0.124718
2021-08-06,12.032854,0.639460,0.569966,0.069494
2021-08-07,12.035592,0.661477,0.570254,0.091223
2021-08-08,12.038330,0.668508,0.570539,0.097970
2021-08-09,12.041068,0.673667,0.570820,0.102847
2021-08-10,12.043806,0.679835,0.571098,0.108737
2021-08-11,12.046543,0.683925,0.571372,0.112553
2021-08-12,12.049281,0.672268,0.571642,0.100626
2021-08-13,12.052019,0.684100,0.571909,0.112191
2021-08-14,12.054757,0.691845,0.572173,0.119672
2021-08-15,12.057495,0.685044,0.572433,0.112612
2021-08-16,12.060233,0.689029,0.572689,0.116340
2021-08-17,12.062971,0.679636,0.572942,0.106694
2021-08-18,12.065708,0.671542,0.573191,0.098351
2021-08-19,12.068446,0.671761,0.573436,0.098325
2021-08-20,12.071184,0.749568,0.573678,0.175890
2021-08-21,12.073922,0.705838,0.573917,0.131921
2021-08-22,12.076660,0.703910,0.574151,0.129759
2021-08-23,12.079398,0.712182,0.574382,0.137800
2021-08-24,12.082136,0.702959,0.574610,0.128349
2021-08-25,12.084873,0.696982,0.574834,0.122148
2021-08-26,12.087611,0.688215,0.575054,0.113162
2021-08-27,12.090349,0.691437,0.575270,0.116167
2021-08-28,12.093087,0.700961,0.575483,0.125478
2021-08-29,12.095825,0.698354,0.575692,0.122662
2021-08-30,12.098563,0.692781,0.575897,0.116884
2021-08-31,12.101300,0.685231,0.576099,0.109132
2021-09-01,12.104038,0.688220,0.576297,0.111922
2021-09-02,12.106776,0.705216,0.576491,0.128725
2021-09-03,12.109514,0.706855,0.576682,0.130173
2021-09-04,12.112252,0.707653,0.576869,0.130784
2021-09-05,12.114990,0.709804,0.577052,0.132751
2021-09-06,12.117728,0.721339,0.577232,0.144108
2021-09-07,12.120465,0.705091,0.577407,0.127684
2021-09-08,12.123203,0.672142,0.577579,0.094563
2021-09-09,12.125941,0.655675,0.577747,0.077927
2021-09-10,12.128679,0.667828,0.577912,0.089917
2021-09-11,12.131417,0.662242,0.578073,0.084170
2021-09-12,12.134155,0.664077,0.578229,0.085848
2021-09-13,12.136893,0.656044,0.578383,0.077661
2021-09-14,12.139630,0.667311,0.578532,0.088779
2021-09-15,12.142368,0.680567,0.578678,0.101889
2021-09-16,12.145106,0.682581,0.578819,0.103761
2021-09-17,12.147844,0.679359,0.578957,0.100402
2021-09-18,12.150582,0.684844,0.579092,0.105752
2021-09-19,12.153320,0.679794,0.579222,0.100572
2021-09-20,12.156057,0.650420,0.579349,0.071072
2021-09-21,12.158795,0.614785,0.579471,0.035314
2021-09-22,12.161533,0.629485,0.579590,0.049895
2021-09-23,12.164271,0.644238,0.579705,0.064533
2021-09-24,12.167009,0.619227,0.579817,0.039410
2021-09-25,12.169747,0.628919,0.579924,0.048995
2021-09-26,12.172485,0.630267,0.580028,0.050239
2021-09-27,12.175222,0.636692,0.580127,0.056565
2021-09-28,12.177960,0.620442,0.580223,0.040218
2021-09-29,12.180698,0.618982,0.580315,0.038666
2021-09-30,12.183436,0.632968,0.580403,0.052565
2021-10-01,12.186174,0.659313,0.580488,0.078825
2021-10-02,12.188912,0.674764,0.580568,0.094196
2021-10-03,12.191650,0.675826,0.580645,0.095181
2021-10-04,12.194387,0.676686,0.580717,0.095969
2021-10-05,12.197125,0.692993,0.580786,0.112207
2021-10-06,12.199863,0.716326,0.580851,0.135475
2021-10-07,12.202601,0.727065,0.580912,0.146154
2021-10-08,12.205339,0.727413,0.580969,0.146444
2021-10-09,12.208077,0.729263,0.581022,0.148241
2021-10-10,12.210815,0.732152,0.581071,0.151080
2021-10-11,12.213552,0.743547,0.581117,0.162431
2021-10-12,12.216290,0.742488,0.581158,0.161330
2021-10-13,12.219028,0.737664,0.581196,0.156468
2021-10-14,12.221766,0.749213,0.581229,0.167984
2021-10-15,12.224504,0.765287,0.581259,0.184027
2021-10-16,12.227242,0.774558,0.581285,0.193273
2021-10-17,12.229979,0.771169,0.581307,0.189862
2021-10-18,12.232717,0.777402,0.581325,0.196078
2021-10-19,12.235455,0.783711,0.581338,0.202373
2021-10-20,12.238193,0.790616,0.581348,0.209267
2021-10-21,12.240931,0.792815,0.581355,0.211461
2021-10-22,12.243669,0.777887,0.581357,0.196530
2021-10-23,12.246407,0.769696,0.581355,0.188341
2021-10-24,12.249144,0.774791,0.581349,0.193442
2021-10-25,12.251882,0.785975,0.581339,0.204636
2021-10-26,12.254620,0.776839,0.581326,0.195513
2021-10-27,12.257358,0.756716,0.581308,0.175408
2021-10-28,12.260096,0.761486,0.581286,0.180200
2021-10-29,12.262834,0.752821,0.581261,0.171560
2021-10-30,12.265572,0.770074,0.581231,0.188843
2021-10-31,12.268309,0.765983,0.581197,0.184786
2021-11-01,12.271047,0.766565,0.581160,0.185405
2021-11-02,12.273785,0.775161,0.581118,0.194042
2021-11-03,12.276523,0.776447,0.581073,0.195375
2021-11-04,12.279261,0.769207,0.581023,0.188184
2021-11-05,12.281999,0.766869,0.580970,0.185899
2021-11-06,12.284736,0.762530,0.580913,0.181618
2021-11-07,12.287474,0.770034,0.580851,0.189183
2021-11-08,12.290212,0.793922,0.580786,0.213137
2021-11-09,12.292950,0.804635,0.580716,0.223919
2021-11-10,12.295688,0.799773,0.580643,0.219130
2021-11-11,12.298426,0.787217,0.580566,0.206651
2021-11-12,12.301164,0.781846,0.580484,0.201362
2021-11-13,12.303901,0.780537,0.580399,0.200138
2021-11-14,12.306639,0.783239,0.580309,0.202929
2021-11-15,12.309377,0.786554,0.580216,0.206338
2021-11-16,12.312115,0.773878,0.580119,0.193759
2021-11-17,12.314853,0.750703,0.580017,0.170686
2021-11-18,12.317591,0.743783,0.579912,0.163871
2021-11-19,12.320329,0.730189,0.579803,0.150387
2021-11-20,12.323066,0.740660,0.579689,0.160971
2021-11-21,12.325804,0.743441,0.579572,0.163869
2021-11-22,12.328542,0.729691,0.579450,0.150241
2021-11-23,12.331280,0.725796,0.579325,0.146471
2021-11-24,12.334018,0.723923,0.579196,0.144727
2021-11-25,12.336756,0.734646,0.579062,0.155584
2021-11-26,12.339493,0.714735,0.578925,0.135810
2021-11-27,12.342231,0.707125,0.578783,0.128342
2021-11-28,12.344969,0.706455,0.578638,0.127817
2021-11-29,12.347707,0.728193,0.578489,0.149704
2021-11-30,12.350445,0.725130,0.578335,0.146795
2021-12-01,12.353183,0.724628,0.578178,0.146450
2021-12-02,12.355921,0.719354,0.578016,0.141338
2021-12-03,12.358658,0.712691,0.577851,0.134840
2021-12-04,12.361396,0.662629,0.577681,0.084947
2021-12-05,12.364134,0.657678,0.577508,0.080170
2021-12-06,12.366872,0.660951,0.577330,0.083621
2021-12-07,12.369610,0.711428,0.577149,0.134279
2021-12-08,12.372348,0.665949,0.576964,0.088986
2021-12-09,12.375086,0.654409,0.576774,0.077635
2021-12-10,12.377823,0.647086,0.576581,0.070506
2021-12-11,12.380561,0.649026,0.576383,0.072643
2021-12-12,12.383299,0.658160,0.576182,0.081978
2021-12-13,12.386037,0.645371,0.575976,0.069395
2021-12-14,12.388775,0.635977,0.575767,0.060210
2021-12-15,12.391513,0.643920,0.575553,0.068367
2021-12-16,12.394251,0.644283,0.575336,0.068947
2021-12-17,12.396988,0.629669,0.575114,0.054555
2021-12-18,12.399726,0.624855,0.574889,0.049966
2021-12-19,12.402464,0.629715,0.574660,0.055056
2021-12-20,12.405202,0.622228,0.574426,0.047802
2021-12-21,12.407940,0.639937,0.574189,0.065749
2021-12-22,12.410678,0.644343,0.573947,0.070395
2021-12-23,12.413415,0.644831,0.573702,0.071129
2021-12-24,12.416153,0.661116,0.573453,0.087663
2021-12-25,12.418891,0.663412,0.573199,0.090212
2021-12-26,12.421629,0.652868,0.572942,0.079926
2021-12-27,12.424367,0.660289,0.572681,0.087609
2021-12-28,12.427105,0.640785,0.572415,0.068369
2021-12-29,12.429843,0.628717,0.572146,0.056571
2021-12-30,12.432580,0.623441,0.571873,0.051568
2021-12-31,12.435318,0.624729,0.571596,0.053134
2022-01-01,12.438056,0.622971,0.571315,0.051656
2022-01-02,12.440794,0.623484,0.571030,0.052454
2022-01-03,12.443532,0.619064,0.570741,0.048323
2022-01-04,12.446270,0.614897,0.570448,0.044449
2022-01-05,12.449008,0.609158,0.570151,0.039007
2022-01-06,12.451745,0.581701,0.569850,0.011852
2022-01-07,12.454483,0.569958,0.569545,0.000413
2022-01-08,12.457221,0.635448,0.569236,0.066212
2022-01-09,12.459959,0.568448,0.568923,-0.000475
2022-01-10,12.462697,0.564792,0.568607,-0.003814
2022-01-11,12.465435,0.587238,0.568286,0.018952
2022-01-12,12.468172,0.580234,0.567962,0.012273
2022-01-13,12.470910,0.581963,0.567633,0.014329
2022-01-14,12.473648,0.574727,0.567301,0.007426
2022-01-15,12.476386,0.578075,0.566964,0.011111
2022-01-16,12.479124,0.577144,0.566624,0.010520
2022-01-17,12.481862,0.636314,0.566280,0.070034
2022-01-18,12.484600,0.564360,0.565932,-0.001572
2022-01-19,12.487337,0.563754,0.565580,-0.001826
2022-01-20,12.490075,0.566348,0.565224,0.001123
2022-01-21,12.492813,0.527741,0.564865,-0.037123
2022-01-22,12.495551,0.490993,0.564501,-0.073508
2022-01-23,12.498289,0.489873,0.564134,-0.074260
2022-01-24,12.501027,0.485404,0.563762,-0.078359
2022-01-25,12.503765,0.501658,0.563387,-0.061729
2022-01-26,12.506502,0.512928,0.563008,-0.050080
2022-01-27,12.509240,0.498905,0.562625,-0.063720
2022-01-28,12.511978,0.506744,0.562238,-0.055494
2022-01-29,12.514716,0.515210,0.561847,-0.046638
2022-01-30,12.517454,0.515832,0.561453,-0.045620
2022-01-31,12.520192,0.510731,0.561054,-0.050323
2022-02-01,12.522930,0.521619,0.560652,-0.039032
2022-02-02,12.525667,0.515126,0.560246,-0.045120
2022-02-03,12.528405,0.500574,0.559836,-0.059261
2022-02-04,12.531143,0.521506,0.559422,-0.037916
2022-02-05,12.533881,0.551432,0.559004,-0.007573
2022-02-06,12.536619,0.551693,0.558583,-0.006890
2022-02-07,12.539357,0.566631,0.558158,0.008473
2022-02-08,12.542094,0.573437,0.557729,0.015708
2022-02-09,12.544832,0.573650,0.557296,0.016354
2022-02-10,12.547570,0.576923,0.556859,0.020064
2022-02-11,12.550308,0.565111,0.556419,0.008692
2022-02-12,12.553046,0.556370,0.555975,0.000395
2022-02-13,12.555784,0.556157,0.555527,0.000630
2022-02-14,12.558522,0.554661,0.555075,-0.000414
2022-02-15,12.561259,0.570826,0.554619,0.016207
2022-02-16,12.563997,0.571125,0.554160,0.016965
2022-02-17,12.566735,0.564876,0.553697,0.011179
2022-02-18,12.569473,0.533584,0.553230,-0.019646
2022-02-19,12.572211,0.529727,0.552760,-0.023032
2022-02-20,12.574949,0.514922,0.552285,-0.037364
2022-02-21,12.577687,0.511478,0.551807,-0.040330
2022-02-22,12.580424,0.499008,0.551326,-0.052317
2022-02-23,12.583162,0.507523,0.550840,-0.043317
2022-02-24,12.585900,0.482748,0.550351,-0.067604
2022-02-25,12.588638,0.513636,0.549858,-0.036223
2022-02-26,12.591376,0.517347,0.549362,-0.032015
2022-02-27,12.594114,0.510989,0.548861,-0.037872
2022-02-28,12.596851,0.518977,0.548358,-0.029380
2022-03-01,12.599589,0.562522,0.547850,0.014672
2022-03-02,12.602327,0.566574,0.547339,0.019236
2022-03-03,12.605065,0.556816,0.546824,0.009992
2022-03-04,12.607803,0.535230,0.546305,-0.011075
2022-03-05,12.610541,0.515239,0.545783,-0.030544
2022-03-06,12.613279,0.513727,0.545257,-0.031530
2022-03-07,12.616016,0.504553,0.544728,-0.040174
2022-03-08,12.618754,0.513493,0.544195,-0.030701
2022-03-09,12.621492,0.538364,0.543658,-0.005294
2022-03-10,12.624230,0.589801,0.543118,0.046683
2022-03-11,12.626968,0.509999,0.542574,-0.032575
2022-03-12,12.629706,0.510898,0.542026,-0.031128
2022-03-13,12.632444,0.507916,0.541475,-0.033560
2022-03-14,12.635181,0.505970,0.540921,-0.034951
2022-03-15,12.637919,0.508570,0.540362,-0.031793
2022-03-16,12.640657,0.521322,0.539801,-0.018478
2022-03-17,12.643395,0.527677,0.539235,-0.011558
2022-03-18,12.646133,0.527569,0.538666,-0.011097
2022-03-19,12.648871,0.535985,0.538094,-0.002109
2022-03-20,12.651608,0.532750,0.537518,-0.004768
2022-03-21,12.654346,0.526877,0.536939,-0.010062
2022-03-22,12.657084,0.540255,0.536356,0.003900
2022-03-23,12.659822,0.538173,0.535769,0.002404
2022-03-24,12.662560,0.548577,0.535179,0.013397
2022-03-25,12.665298,0.557359,0.534586,0.022773
2022-03-26,12.668036,0.557118,0.533989,0.023129
2022-03-27,12.670773,0.562998,0.533388,0.029610
2022-03-28,12.673511,0.584014,0.532785,0.051230
2022-03-29,12.676249,0.585161,0.532177,0.052983
2022-03-30,12.678987,0.581764,0.531567,0.050197
2022-03-31,12.681725,0.576193,0.530953,0.045241
2022-04-01,12.684463,0.565598,0.530335,0.035263
2022-04-02,12.687201,0.573974,0.529714,0.044260
2022-04-03,12.689938,0.572324,0.529090,0.043235
2022-04-04,12.692676,0.569171,0.528462,0.040709
2022-04-05,12.695414,0.571663,0.527831,0.043832
2022-04-06,12.698152,0.555324,0.527196,0.028127
2022-04-07,12.700890,0.544238,0.526559,0.017679
2022-04-08,12.703628,0.542487,0.525917,0.016570
2022-04-09,12.706366,0.533803,0.525273,0.008531
2022-04-10,12.709103,0.536395,0.524625,0.011770
2022-04-11,12.711841,0.519785,0.523974,-0.004189
2022-04-12,12.714579,0.506493,0.523319,-0.016826
2022-04-13,12.717317,0.511996,0.522662,-0.010666
2022-04-14,12.720055,0.513577,0.522000,-0.008423
2022-04-15,12.722793,0.508438,0.521336,-0.012899
2022-04-16,12.725530,0.578932,0.520669,0.058264
2022-04-17,12.728268,0.508239,0.519998,-0.011758
2022-04-18,12.731006,0.501332,0.519323,-0.017992
2022-04-19,12.733744,0.515746,0.518646,-0.002900
2022-04-20,12.736482,0.519423,0.517966,0.001457
2022-04-21,12.739220,0.521198,0.517282,0.003916
2022-04-22,12.741958,0.504382,0.516595,-0.012213
2022-04-23,12.744695,0.499481,0.515904,-0.016424
2022-04-24,12.747433,0.498784,0.515211,-0.016427
2022-04-25,12.750171,0.494187,0.514515,-0.020328
2022-04-26,12.752909,0.497850,0.513815,-0.015965
2022-04-27,12.755647,0.488685,0.513112,-0.024427
2022-04-28,12.758385,0.495891,0.512406,-0.016515
2022-04-29,12.761123,0.488347,0.511697,-0.023349
2022-04-30,12.763860,0.481623,0.510985,-0.029362
2022-05-01,12.766598,0.475959,0.510269,-0.034310
2022-05-02,12.769336,0.567310,0.509551,0.057760
2022-05-03,12.772074,0.563666,0.508829,0.054837
2022-05-04,12.774812,0.483252,0.508105,-0.024853
2022-05-05,12.777550,0.477822,0.507377,-0.029554
2022-05-06,12.780287,0.452170,0.506646,-0.054476
2022-05-07,12.783025,0.450669,0.505912,-0.055244
2022-05-08,12.785763,0.435094,0.505176,-0.070082
2022-05-09,12.788501,0.410422,0.504436,-0.094014
2022-05-10,12.791239,0.392487,0.503693,-0.111206
2022-05-11,12.793977,0.381392,0.502947,-0.121555
2022-05-12,12.796715,0.350692,0.502198,-0.151507
2022-05-13,12.799452,0.373854,0.501447,-0.127593
2022-05-14,12.802190,0.360455,0.500692,-0.140238
2022-05-15,12.804928,0.371632,0.499934,-0.128303
2022-05-16,12.807666,0.366846,0.499174,-0.132328
2022-05-17,12.810404,0.370858,0.498410,-0.127553
2022-05-18,12.813142,0.360563,0.497644,-0.137081
2022-05-19,12.815880,0.359786,0.496875,-0.137089
2022-05-20,12.818617,0.362407,0.496103,-0.133696
2022-05-21,12.821355,0.355121,0.495328,-0.140207
2022-05-22,12.824093,0.361284,0.494550,-0.133266
2022-05-23,12.826831,0.364968,0.493769,-0.128802
2022-05-24,12.829569,0.353197,0.492986,-0.139789
2022-05-25,12.832307,0.358995,0.492199,-0.133204
2022-05-26,12.835044,0.353736,0.491410,-0.137674
2022-05-27,12.837782,0.344732,0.490618,-0.145887
2022-05-28,12.840520,0.343351,0.489824,-0.146473
2022-05-29,12.843258,0.346017,0.489026,-0.143010
2022-05-30,12.845996,0.366497,0.488226,-0.121729
2022-05-31,12.848734,0.380175,0.487423,-0.107248
2022-06-01,12.851472,0.370558,0.486617,-0.116059
2022-06-02,12.854209,0.356362,0.485809,-0.129447
2022-06-03,12.856947,0.355360,0.484998,-0.129638
2022-06-04,12.859685,0.351180,0.484184,-0.133005
2022-06-05,12.862423,0.352543,0.483368,-0.130825
2022-06-06,12.865161,0.371839,0.482549,-0.110710
2022-06-07,12.867899,0.353853,0.481727,-0.127874
2022-06-08,12.870637,0.359994,0.480903,-0.120908
2022-06-09,12.873374,0.356672,0.480076,-0.123404
2022-06-10,12.876112,0.347656,0.479246,-0.131590
2022-06-11,12.878850,0.336258,0.478414,-0.142156
2022-06-12,12.881588,0.317215,0.477579,-0.160364
2022-06-13,12.884326,0.259954,0.476742,-0.216788
2022-06-14,12.887064,0.221437,0.475902,-0.254465
2022-06-15,12.889802,0.205103,0.475060,-0.269957
2022-06-16,12.892539,0.205832,0.474215,-0.268383
2022-06-17,12.895277,0.190547,0.473368,-0.282821
2022-06-18,12.898015,0.160207,0.472518,-0.312311
2022-06-19,12.900753,0.159678,0.471665,-0.311987
2022-06-20,12.903491,0.181313,0.470811,-0.289497
2022-06-21,12.906229,0.195708,0.469953,-0.274245
2022-06-22,12.908966,0.180267,0.469094,-0.288826
2022-06-23,12.911704,0.184909,0.468231,-0.283322
2022-06-24,12.914442,0.195899,0.467367,-0.271468
2022-06-25,12.917180,0.198780,0.466500,-0.267720
2022-06-26,12.919918,0.200417,0.465631,-0.265214
2022-06-27,12.922656,0.193220,0.464759,-0.271539
2022-06-28,12.925394,0.185644,0.463885,-0.278241
2022-06-29,12.928131,0.173275,0.463009,-0.289734
2022-06-30,12.930869,0.156331,0.462130,-0.305799
2022-07-01,12.933607,0.160377,0.461249,-0.300872
2022-07-02,12.936345,0.152409,0.460366,-0.307957
2022-07-03,12.939083,0.149883,0.459481,-0.309598
2022-07-04,12.941821,0.157595,0.458593,-0.300998
2022-07-05,12.944559,0.167546,0.457703,-0.290157
2022-07-06,12.947296,0.171171,0.456811,-0.285639
2022-07-07,12.950034,0.183549,0.455916,-0.272367
2022-07-08,12.952772,0.202829,0.455020,-0.252191
2022-07-09,12.955510,0.199405,0.454121,-0.254716
2022-07-10,12.958248,0.189325,0.453220,-0.263895
2022-07-11,12.960986,0.175201,0.452317,-0.277115
2022-07-12,12.963723,0.159308,0.451412,-0.292103
2022-07-13,12.966461,0.155354,0.450504,-0.295151
2022-07-14,12.969199,0.167258,0.449595,-0.282337
2022-07-15,12.971937,0.179589,0.448683,-0.269094
2022-07-16,12.974675,0.180523,0.447769,-0.267247
2022-07-17,12.977413,0.186657,0.446854,-0.260197
2022-07-18,12.980151,0.198332,0.445936,-0.247604
2022-07-19,12.982888,0.211077,0.445016,-0.233940
2022-07-20,12.985626,0.230166,0.444095,-0.213928
2022-07-21,12.988364,0.218012,0.443171,-0.225159
2022-07-22,12.991102,0.221489,0.442245,-0.220756
2022-07-23,12.993840,0.209279,0.441317,-0.232038
2022-07-24,12.996578,0.212036,0.440388,-0.228352
2022-07-25,12.999316,0.198314,0.439456,-0.241143
2022-07-26,13.002053,0.179702,0.438523,-0.258821
2022-07-27,13.004791,0.191931,0.437587,-0.245657
2022-07-28,13.007529,0.222442,0.436650,-0.214208
2022-07-29,13.010267,0.231246,0.435711,-0.204464
2022-07-30,13.013005,0.233216,0.434770,-0.201554
2022-07-31,13.015743,0.227487,0.433827,-0.206340
2022-08-01,13.018480,0.217686,0.432882,-0.215196
2022-08-02,13.021218,0.212077,0.431936,-0.219859
2022-08-03,13.023956,0.215785,0.430987,-0.215203
2022-08-04,13.026694,0.209404,0.430037,-0.220634
2022-08-05,13.029432,0.213403,0.429086,-0.215682
2022-08-06,13.032170,0.214767,0.428132,-0.213365
2022-08-07,13.034908,0.211983,0.427177,-0.215194
2022-08-08,13.037645,0.224640,0.426220,-0.201580
2022-08-09,13.040383,0.217762,0.425261,-0.207499
2022-08-10,13.043121,0.217639,0.424301,-0.206662
2022-08-11,13.045859,0.233817,0.423339,-0.189522
2022-08-12,13.048597,0.226250,0.422375,-0.196125
2022-08-13,13.051335,0.235439,0.421410,-0.185971
2022-08-14,13.054073,0.234548,0.420443,-0.185896
2022-08-15,13.056810,0.229974,0.419475,-0.189501
2022-08-16,13.059548,0.224649,0.418505,-0.193856
2022-08-17,13.062286,0.219656,0.417533,-0.197878
2022-08-18,13.065024,0.214342,0.416560,-0.202218
2022-08-19,13.067762,0.183705,0.415586,-0.231881
2022-08-20,13.070500,0.170744,0.414610,-0.243865
2022-08-21,13.073238,0.174345,0.413632,-0.239287
2022-08-22,13.075975,0.171708,0.412653,-0.240945
2022-08-23,13.078713,0.173862,0.411672,-0.237810
2022-08-24,13.081451,0.174961,0.410690,-0.235729
2022-08-25,13.084189,0.177105,0.409707,-0.232602
2022-08-26,13.086927,0.167848,0.408722,-0.240874
2022-08-27,13.089665,0.145570,0.407736,-0.262166
2022-08-28,13.092402,0.142334,0.406749,-0.264415
2022-08-29,13.095140,0.141730,0.405760,-0.264029
2022-08-30,13.097878,0.144708,0.404769,-0.260061
2022-08-31,13.100616,0.145584,0.403778,-0.258194
2022-09-01,13.103354,0.139963,0.402785,-0.262822
2022-09-02,13.106092,0.142035,0.401791,-0.259756
2022-09-03,13.108830,0.136163,0.400796,-0.264633
2022-09-04,13.111567,0.134873,0.399799,-0.264926
2022-09-05,13.114305,0.134201,0.398801,-0.264600
2022-09-06,13.117043,0.129375,0.397802,-0.268427
2022-09-07,13.119781,0.113566,0.396802,-0.283235
2022-09-08,13.122519,0.120976,0.395800,-0.274824
2022-09-09,13.125257,0.152484,0.394798,-0.242313
2022-09-10,13.127995,0.164913,0.393794,-0.228881
2022-09-11,13.130732,0.168392,0.392789,-0.224397
2022-09-12,13.133470,0.178238,0.391783,-0.213545
2022-09-13,13.136208,0.165565,0.390776,-0.225211
2022-09-14,13.138946,0.138933,0.389768,-0.250834
2022-09-15,13.141684,0.133565,0.388758,-0.255194
2022-09-16,13.144422,0.127192,0.387748,-0.260556
2022-09-17,13.147159,0.132061,0.386737,-0.254676
2022-09-18,13.149897,0.129456,0.385725,-0.256268
2022-09-19,13.152635,0.110379,0.384711,-0.274333
2022-09-20,13.155373,0.113483,0.383697,-0.270214
2022-09-21,13.158111,0.109372,0.382682,-0.273310
2022-09-22,13.160849,0.108707,0.381666,-0.272959
2022-09-23,13.163587,0.109424,0.380649,-0.271224
2022-09-24,13.166324,0.109338,0.379631,-0.270293
2022-09-25,13.169062,0.106726,0.378612,-0.271886
2022-09-26,13.171800,0.107730,0.377592,-0.269862
2022-09-27,13.174538,0.123300,0.376572,-0.253272
2022-09-28,13.177276,0.109337,0.375551,-0.266214
2022-09-29,13.180014,0.114798,0.374528,-0.259730
2022-09-30,13.182752,0.117248,0.373506,-0.256258
2022-10-01,13.185489,0.112617,0.372482,-0.259865
2022-10-02,13.188227,0.110102,0.371457,-0.261355
2022-10-03,13.190965,0.111724,0.370432,-0.258708
2022-10-04,13.193703,0.125193,0.369406,-0.244213
2022-10-05,13.196441,0.128631,0.368380,-0.239749
2022-10-06,13.199179,0.128939,0.367352,-0.238413
2022-10-07,13.201916,0.120852,0.366324,-0.245472
2022-10-08,13.204654,0.115298,0.365296,-0.249998
2022-10-09,13.207392,0.114452,0.364267,-0.249814
2022-10-10,13.210130,0.111963,0.363237,-0.251273
2022-10-11,13.212868,0.106698,0.362206,-0.255508
2022-10-12,13.215606,0.107382,0.361176,-0.253794
2022-10-13,13.218344,0.104243,0.360144,-0.255901
2022-10-14,13.221081,0.109885,0.359112,-0.249227
2022-10-15,13.223819,0.101009,0.358079,-0.257070
2022-10-16,13.226557,0.101113,0.357046,-0.255933
2022-10-17,13.229295,0.105862,0.356013,-0.250151
2022-10-18,13.232033,0.107073,0.354979,-0.247906
2022-10-19,13.234771,0.100515,0.353944,-0.253430
2022-10-20,13.237509,0.096444,0.352909,-0.256466
2022-10-21,13.240246,0.092456,0.351874,-0.259418
2022-10-22,13.242984,0.094111,0.350838,-0.256727
2022-10-23,13.245722,0.095798,0.349802,-0.254004
2022-10-24,13.248460,0.097692,0.348766,-0.251074
2022-10-25,13.251198,0.101801,0.347729,-0.245928
2022-10-26,13.253936,0.121553,0.346692,-0.225139
2022-10-27,13.256674,0.122475,0.345655,-0.223180
2022-10-28,13.259411,0.116993,0.344617,-0.227624
2022-10-29,13.262149,0.124706,0.343579,-0.218873
2022-10-30,13.264887,0.122903,0.342541,-0.219639
2022-10-31,13.267625,0.117990,0.341503,-0.223513
2022-11-01,13.270363,0.117019,0.340464,-0.223445
2022-11-02,13.273101,0.114439,0.339425,-0.224987
2022-11-03,13.275838,0.111040,0.338387,-0.227347
2022-11-04,13.278576,0.120207,0.337347,-0.217140
2022-11-05,13.281314,0.132601,0.336308,-0.203708
2022-11-06,13.284052,0.129471,0.335269,-0.205798
2022-11-07,13.286790,0.119805,0.334230,-0.214425
2022-11-08,13.289528,0.093281,0.333190,-0.239910
2022-11-09,13.292266,0.046161,0.332151,-0.285989
2022-11-10,13.295003,0.033322,0.331111,-0.297789
2022-11-11,13.297741,0.036335,0.330071,-0.293736
2022-11-12,13.300479,0.030030,0.329032,-0.299002
2022-11-13,13.303217,0.025094,0.327992,-0.302898
2022-11-14,13.305955,0.020308,0.326953,-0.306645
2022-11-15,13.308693,0.030003,0.325913,-0.295911
2022-11-16,13.311431,0.026080,0.324874,-0.298794
2022-11-17,13.314168,0.023382,0.323834,-0.300453
2022-11-18,13.316906,0.026231,0.322795,-0.296564
2022-11-19,13.319644,0.023334,0.321756,-0.298423
2022-11-20,13.322382,0.021227,0.320717,-0.299490
2022-11-21,13.325120,0.006274,0.319678,-0.313404
2022-11-22,13.327858,0.003962,0.318640,-0.314678
2022-11-23,13.330595,0.017763,0.317601,-0.299838
2022-11-24,13.333333,0.020587,0.316563,-0.295977
2022-11-25,13.336071,0.017285,0.315525,-0.298241
2022-11-26,13.338809,0.018430,0.314488,-0.296057
2022-11-27,13.341547,0.017572,0.313450,-0.295878
2022-11-28,13.344285,0.008579,0.312413,-0.303834
2022-11-29,13.347023,0.013554,0.311376,-0.297822
2022-11-30,13.349760,0.026090,0.310340,-0.284250
2022-12-01,13.352498,0.029351,0.309304,-0.279953
2022-12-02,13.355236,0.026565,0.308268,-0.281703
2022-12-03,13.357974,0.026463,0.307233,-0.280770
2022-12-04,13.360712,0.027155,0.306198,-0.279043
2022-12-05,13.363450,0.030726,0.305163,-0.274437
2022-12-06,13.366188,0.025938,0.304129,-0.278191
2022-12-07,13.368925,0.023554,0.303096,-0.279541
2022-12-08,13.371663,0.024470,0.302062,-0.277592
2022-12-09,13.374401,0.029456,0.301030,-0.271574
2022-12-10,13.377139,0.028415,0.299998,-0.271583
2022-12-11,13.379877,0.027867,0.298966,-0.271099
2022-12-12,13.382615,0.024157,0.297935,-0.273778
2022-12-13,13.385352,0.034748,0.296905,-0.262156
2022-12-14,13.388090,0.043643,0.295875,-0.252232
2022-12-15,13.390828,0.036359,0.294845,-0.258486
2022-12-16,13.393566,0.024741,0.293817,-0.269076
2022-12-17,13.396304,0.015402,0.292789,-0.277387
2022-12-18,13.399042,0.015756,0.291761,-0.276005
2022-12-19,13.401780,0.014067,0.290735,-0.276668
2022-12-20,13.404517,0.016224,0.289709,-0.273485
2022-12-21,13.407255,0.016733,0.288684,-0.271951
2022-12-22,13.409993,0.014347,0.287659,-0.273312
2022-12-23,13.412731,0.013946,0.286635,-0.272690
2022-12-24,13.415469,0.013533,0.285612,-0.272079
2022-12-25,13.418207,0.012755,0.284590,-0.271835
2022-12-26,13.420945,0.013479,0.283569,-0.270090
2022-12-27,13.423682,0.012643,0.282548,-0.269906
2022-12-28,13.426420,0.008428,0.281529,-0.273101
2022-12-29,13.429158,0.007030,0.280510,-0.273480
2022-12-30,13.431896,0.005926,0.279492,-0.273566
2022-12-31,13.434634,0.005702,0.278475,-0.272773
2023-01-01,13.437372,0.005085,0.277459,-0.272374
2023-01-02,13.440110,0.007128,0.276444,-0.269316
2023-01-03,13.442847,0.006651,0.275430,-0.268779
2023-01-04,13.445585,0.009174,0.274416,-0.265243
2023-01-05,13.448323,0.008728,0.273404,-0.264676
2023-01-06,13.451061,0.008447,0.272393,-0.263946
2023-01-07,13.453799,0.010430,0.271383,-0.260953
2023-01-08,13.456537,0.010376,0.270374,-0.259998
2023-01-09,13.459274,0.017006,0.269366,-0.252360
2023-01-10,13.462012,0.020923,0.268359,-0.247436
2023-01-11,13.464750,0.024366,0.267353,-0.242987
2023-01-12,13.467488,0.045019,0.266348,-0.221329
2023-01-13,13.470226,0.057409,0.265344,-0.207935
2023-01-14,13.472964,0.092389,0.264342,-0.171952
2023-01-15,13.475702,0.091331,0.263341,-0.172009
2023-01-16,13.478439,0.097926,0.262341,-0.164415
2023-01-17,13.481177,0.104939,0.261342,-0.156403
2023-01-18,13.483915,0.098856,0.260344,-0.161488
2023-01-19,13.486653,0.094437,0.259348,-0.164911
2023-01-20,13.489391,0.105302,0.258353,-0.153051
2023-01-21,13.492129,0.132266,0.257359,-0.125093
2023-01-22,13.494867,0.129726,0.256366,-0.126640
2023-01-23,13.497604,0.129788,0.255375,-0.125587
2023-01-24,13.500342,0.131811,0.254385,-0.122574
2023-01-25,13.503080,0.127930,0.253396,-0.125467
2023-01-26,13.505818,0.133606,0.252409,-0.118804
2023-01-27,13.508556,0.132448,0.251424,-0.118976
2023-01-28,13.511294,0.132437,0.250439,-0.118002
2023-01-29,13.514031,0.139469,0.249456,-0.109988
2023-01-30,13.516769,0.137502,0.248475,-0.110973
2023-01-31,13.519507,0.131731,0.247495,-0.115763
2023-02-01,13.522245,0.134869,0.246516,-0.111647
2023-02-02,13.524983,0.144742,0.245539,-0.100797
2023-02-03,13.527721,0.138819,0.244564,-0.105745
2023-02-04,13.530459,0.136174,0.243590,-0.107416
2023-02-05,13.533196,0.132728,0.242617,-0.109889
2023-02-06,13.535934,0.127501,0.241646,-0.114146
2023-02-07,13.538672,0.128535,0.240677,-0.112142
2023-02-08,13.541410,0.130234,0.239709,-0.109475
2023-02-09,13.544148,0.120793,0.238743,-0.117950
2023-02-10,13.546886,0.105018,0.237779,-0.132760
2023-02-11,13.549624,0.103295,0.236816,-0.133521
2023-02-12,13.552361,0.106927,0.235855,-0.128928
2023-02-13,13.555099,0.103212,0.234895,-0.131684
2023-02-14,13.557837,0.106499,0.233938,-0.127439
2023-02-15,13.560575,0.120580,0.232982,-0.112402
2023-02-16,13.563313,0.155021,0.232028,-0.077007
2023-02-17,13.566051,0.145657,0.231075,-0.085418
2023-02-18,13.568789,0.154872,0.230124,-0.075253
2023-02-19,13.571526,0.154754,0.229175,-0.074422
2023-02-20,13.574264,0.154525,0.228228,-0.073703
2023-02-21,13.577002,0.154694,0.227283,-0.072589
2023-02-22,13.579740,0.143723,0.226340,-0.082617
2023-02-23,13.582478,0.145138,0.225398,-0.080260
2023-02-24,13.585216,0.136619,0.224458,-0.087839
2023-02-25,13.587953,0.126081,0.223521,-0.097440
2023-02-26,13.590691,0.129157,0.222585,-0.093428
2023-02-27,13.593429,0.131633,0.221651,-0.090018
2023-02-28,13.596167,0.130144,0.220719,-0.090574
2023-03-01,13.598905,0.133306,0.219789,-0.086483
2023-03-02,13.601643,0.130312,0.218861,-0.088549
2023-03-03,13.604381,0.112057,0.217935,-0.105878
2023-03-04,13.607118,0.109932,0.217011,-0.107078
2023-03-05,13.609856,0.111594,0.216089,-0.104494
2023-03-06,13.612594,0.111117,0.215169,-0.104052
2023-03-07,13.615332,0.108719,0.214251,-0.105531
2023-03-08,13.618070,0.102754,0.213335,-0.110581
2023-03-09,13.620808,0.090339,0.212421,-0.122082
2023-03-10,13.623546,0.061185,0.211510,-0.150325
2023-03-11,13.626283,0.069951,0.210600,-0.140649
2023-03-12,13.629021,0.078535,0.209693,-0.131158
2023-03-13,13.631759,0.119173,0.208788,-0.089614
2023-03-14,13.634497,0.149159,0.207885,-0.058725
2023-03-15,13.637235,0.147215,0.206984,-0.059769
2023-03-16,13.639973,0.147583,0.206085,-0.058503
2023-03-17,13.642710,0.171168,0.205189,-0.034021
2023-03-18,13.645448,0.187572,0.204295,-0.016723
2023-03-19,13.648186,0.189469,0.203403,-0.013934
2023-03-20,13.650924,0.195512,0.202514,-0.007001
2023-03-21,13.653662,0.196118,0.201626,-0.005508
2023-03-22,13.656400,0.196772,0.200741,-0.003969
2023-03-23,13.659138,0.192235,0.199859,-0.007624
2023-03-24,13.661875,0.194814,0.198979,-0.004165
2023-03-25,13.664613,0.187812,0.198101,-0.010289
2023-03-26,13.667351,0.190615,0.197225,-0.006610
2023-03-27,13.670089,0.187483,0.196352,-0.008869
2023-03-28,13.672827,0.179906,0.195481,-0.015575
2023-03-29,13.675565,0.194872,0.194613,0.000259
2023-03-30,13.678303,0.198408,0.193747,0.004661
2023-03-31,13.681040,0.195962,0.192884,0.003078
2023-04-01,13.683778,0.198782,0.192023,0.006759
2023-04-02,13.686516,0.195845,0.191164,0.004680
2023-04-03,13.689254,0.191094,0.190308,0.000786
2023-04-04,13.691992,0.191424,0.189455,0.001969
2023-04-05,13.694730,0.194878,0.188604,0.006274
2023-04-06,13.697467,0.190185,0.187756,0.002429
2023-04-07,13.700205,0.189167,0.186910,0.002257
2023-04-08,13.702943,0.189440,0.186067,0.003373
2023-04-09,13.705681,0.189670,0.185226,0.004444
2023-04-10,13.708419,0.196892,0.184388,0.012504
2023-04-11,13.711157,0.218060,0.183553,0.034508
2023-04-12,13.713895,0.216465,0.182720,0.033745
2023-04-13,13.716632,0.218541,0.181890,0.036651
2023-04-14,13.719370,0.224438,0.181062,0.043376
2023-04-15,13.722108,0.222472,0.180238,0.042234
2023-04-16,13.724846,0.220923,0.179415,0.041508
2023-04-17,13.727584,0.208722,0.178596,0.030126
2023-04-18,13.730322,0.208533,0.177780,0.030753
2023-04-19,13.733060,0.201256,0.176966,0.024290
2023-04-20,13.735797,0.186531,0.176155,0.010376
2023-04-21,13.738535,0.175012,0.175346,-0.000334
2023-04-22,13.741273,0.166510,0.174541,-0.008030
2023-04-23,13.744011,0.169149,0.173738,-0.004588
2023-04-24,13.746749,0.166649,0.172938,-0.006289
2023-04-25,13.749487,0.166137,0.172141,-0.006004
2023-04-26,13.752225,0.185943,0.171347,0.014597
2023-04-27,13.754962,0.190666,0.170555,0.020110
2023-04-28,13.757700,0.192717,0.169767,0.022950
2023-04-29,13.760438,0.192052,0.168981,0.023071
2023-04-30,13.763176,0.192065,0.168199,0.023866
2023-05-01,13.765914,0.178257,0.167419,0.010838
2023-05-02,13.768652,0.175973,0.166642,0.009331
2023-05-03,13.771389,0.179998,0.165868,0.014130
2023-05-04,13.774127,0.185308,0.165097,0.020211
2023-05-05,13.776865,0.189204,0.164329,0.024875
2023-05-06,13.779603,0.186887,0.163564,0.023323
2023-05-07,13.782341,0.183548,0.162802,0.020745
2023-05-08,13.785079,0.168199,0.162043,0.006156
2023-05-09,13.787817,0.161532,0.161287,0.000245
2023-05-10,13.790554,0.162869,0.160534,0.002334
2023-05-11,13.793292,0.155610,0.159785,-0.004175
2023-05-12,13.796030,0.142699,0.159038,-0.016339
2023-05-13,13.798768,0.147323,0.158294,-0.010972
2023-05-14,13.801506,0.147494,0.157554,-0.010060
2023-05-15,13.804244,0.154904,0.156816,-0.001912
2023-05-16,13.806982,0.150594,0.156082,-0.005488
2023-05-17,13.809719,0.148762,0.155351,-0.006588
2023-05-18,13.812457,0.150755,0.154623,-0.003868
2023-05-19,13.815195,0.146286,0.153898,-0.007612
2023-05-20,13.817933,0.146873,0.153176,-0.006303
2023-05-21,13.820671,0.147212,0.152458,-0.005246
2023-05-22,13.823409,0.144619,0.151742,-0.007124
2023-05-23,13.826146,0.150314,0.151030,-0.000716
2023-05-24,13.828884,0.140325,0.150322,-0.009996
2023-05-25,13.831622,0.135099,0.149616,-0.014517
2023-05-26,13.834360,0.139124,0.148914,-0.009790
2023-05-27,13.837098,0.141211,0.148215,-0.007004
2023-05-28,13.839836,0.149947,0.147519,0.002429
2023-05-29,13.842574,0.157658,0.146826,0.010832
2023-05-30,13.845311,0.155895,0.146137,0.009758
2023-05-31,13.848049,0.146583,0.145451,0.001132
2023-06-01,13.850787,0.141253,0.144769,-0.003516
2023-06-02,13.853525,0.142971,0.144090,-0.001119
2023-06-03,13.856263,0.144010,0.143414,0.000596
2023-06-04,13.859001,0.143994,0.142742,0.001252
2023-06-05,13.861739,0.132639,0.142072,-0.009433
2023-06-06,13.864476,0.126795,0.141407,-0.014612
2023-06-07,13.867214,0.135773,0.140745,-0.004972
2023-06-08,13.869952,0.132282,0.140086,-0.007804
2023-06-09,13.872690,0.132508,0.139430,-0.006922
2023-06-10,13.875428,0.121702,0.138778,-0.017076
2023-06-11,13.878166,0.121668,0.138130,-0.016462
2023-06-12,13.880903,0.121668,0.137485,-0.015817
2023-06-13,13.883641,0.122656,0.136843,-0.014187
2023-06-14,13.886379,0.119620,0.136205,-0.016585
2023-06-15,13.889117,0.107445,0.135571,-0.028126
2023-06-16,13.891855,0.117502,0.134940,-0.017437
2023-06-17,13.894593,0.128898,0.134312,-0.005414
2023-06-18,13.897331,0.130560,0.133688,-0.003129
2023-06-19,13.900068,0.129387,0.133068,-0.003681
2023-06-20,13.902806,0.139244,0.132451,0.006793
2023-06-21,13.905544,0.170211,0.131838,0.038373
2023-06-22,13.908282,0.180878,0.131228,0.049650
2023-06-23,13.911020,0.183978,0.130622,0.053356
2023-06-24,13.913758,0.187254,0.130019,0.057235
2023-06-25,13.916496,0.186452,0.129420,0.057031
2023-06-26,13.919233,0.181782,0.128825,0.052957
2023-06-27,13.921971,0.184892,0.128233,0.056659
2023-06-28,13.924709,0.181928,0.127645,0.054282
2023-06-29,13.927447,0.182552,0.127061,0.055491
2023-06-30,13.930185,0.183842,0.126480,0.057361
2023-07-01,13.932923,0.182250,0.125904,0.056347
2023-07-02,13.935661,0.182222,0.125330,0.056892
2023-07-03,13.938398,0.185403,0.124761,0.060642
2023-07-04,13.941136,0.187224,0.124195,0.063030
2023-07-05,13.943874,0.181716,0.123633,0.058083
2023-07-06,13.946612,0.180314,0.123074,0.057239
2023-07-07,13.949350,0.175561,0.122519,0.053041
2023-07-08,13.952088,0.175408,0.121969,0.053439
2023-07-09,13.954825,0.175686,0.121421,0.054265
2023-07-10,13.957563,0.175006,0.120878,0.054128
2023-07-11,13.960301,0.177790,0.120338,0.057452
2023-07-12,13.963039,0.178397,0.119803,0.058595
2023-07-13,13.965777,0.179680,0.119271,0.060410
2023-07-14,13.968515,0.182527,0.118742,0.063785
2023-07-15,13.971253,0.173248,0.118218,0.055030
2023-07-16,13.973990,0.172602,0.117697,0.054904
2023-07-17,13.976728,0.170758,0.117181,0.053577
2023-07-18,13.979466,0.167113,0.116668,0.050445
2023-07-19,13.982204,0.167150,0.116159,0.050991
2023-07-20,13.984942,0.166776,0.115654,0.051122
2023-07-21,13.987680,0.164675,0.115152,0.049522
2023-07-22,13.990418,0.164950,0.114655,0.050295
2023-07-23,13.993155,0.165415,0.114162,0.051253
2023-07-24,13.995893,0.157666,0.113672,0.043994
2023-07-25,13.998631,0.154090,0.113186,0.040903
2023-07-26,14.001369,0.154795,0.112705,0.042090
2023-07-27,14.004107,0.155232,0.112227,0.043005
2023-07-28,14.006845,0.153350,0.111753,0.041597
2023-07-29,14.009582,0.153783,0.111283,0.042500
2023-07-30,14.012320,0.152878,0.110817,0.042061
2023-07-31,14.015058,0.153114,0.110355,0.042759
2023-08-01,14.017796,0.148737,0.109897,0.038840
2023-08-02,14.020534,0.153966,0.109443,0.044523
2023-08-03,14.023272,0.150407,0.108993,0.041414
2023-08-04,14.026010,0.149876,0.108547,0.041329
2023-08-05,14.028747,0.147959,0.108105,0.039855
2023-08-06,14.031485,0.147565,0.107667,0.039898
2023-08-07,14.034223,0.147394,0.107233,0.040161
2023-08-08,14.036961,0.152410,0.106803,0.045608
2023-08-09,14.039699,0.155255,0.106377,0.048878
2023-08-10,14.042437,0.152078,0.105955,0.046123
2023-08-11,14.045175,0.150326,0.105537,0.044789
2023-08-12,14.047912,0.150003,0.105123,0.044880
2023-08-13,14.050650,0.149457,0.104714,0.044743
2023-08-14,14.053388,0.149018,0.104308,0.044710
2023-08-15,14.056126,0.148275,0.103906,0.044368
2023-08-16,14.058864,0.145009,0.103509,0.041500
2023-08-17,14.061602,0.131149,0.103116,0.028034
2023-08-18,14.064339,0.102593,0.102726,-0.000133
2023-08-19,14.067077,0.097501,0.102341,-0.004840
2023-08-20,14.069815,0.098345,0.101960,-0.003615
2023-08-21,14.072553,0.096869,0.101583,-0.004715
2023-08-22,14.075291,0.094901,0.101210,-0.006309
2023-08-23,14.078029,0.097945,0.100842,-0.002897
2023-08-24,14.080767,0.098718,0.100477,-0.001760
2023-08-25,14.083504,0.094500,0.100117,-0.005617
2023-08-26,14.086242,0.093890,0.099761,-0.005871
2023-08-27,14.088980,0.093893,0.099409,-0.005516
2023-08-28,14.091718,0.092993,0.099061,-0.006068
2023-08-29,14.094456,0.103075,0.098717,0.004358
2023-08-30,14.097194,0.112176,0.098378,0.013798
2023-08-31,14.099932,0.104513,0.098043,0.006471
2023-09-01,14.102669,0.089641,0.097712,-0.008070
2023-09-02,14.105407,0.087727,0.097385,-0.009658
2023-09-03,14.108145,0.088379,0.097062,-0.008683
2023-09-04,14.110883,0.087651,0.096744,-0.009093
2023-09-05,14.113621,0.084705,0.096429,-0.011725
2023-09-06,14.116359,0.083834,0.096119,-0.012285
2023-09-07,14.119097,0.084896,0.095814,-0.010917
2023-09-08,14.121834,0.087396,0.095512,-0.008116
2023-09-09,14.124572,0.084429,0.095215,-0.010786
2023-09-10,14.127310,0.083515,0.094922,-0.011406
2023-09-11,14.130048,0.078163,0.094633,-0.016470
2023-09-12,14.132786,0.083810,0.094348,-0.010539
2023-09-13,14.135524,0.086689,0.094068,-0.007379
2023-09-14,14.138261,0.091431,0.093792,-0.002361
2023-09-15,14.140999,0.091986,0.093520,-0.001534
2023-09-16,14.143737,0.092591,0.093253,-0.000662
2023-09-17,14.146475,0.091606,0.092990,-0.001384
2023-09-18,14.149213,0.096322,0.092731,0.003591
2023-09-19,14.151951,0.098927,0.092476,0.006451
2023-09-20,14.154689,0.099623,0.092226,0.007397
2023-09-21,14.157426,0.093896,0.091980,0.001916
2023-09-22,14.160164,0.090829,0.091738,-0.000910
2023-09-23,14.162902,0.089814,0.091501,-0.001687
2023-09-24,14.165640,0.089162,0.091268,-0.002106
2023-09-25,14.168378,0.082771,0.091039,-0.008268
2023-09-26,14.171116,0.082825,0.090815,-0.007990
2023-09-27,14.173854,0.083546,0.090595,-0.007049
2023-09-28,14.176591,0.089129,0.090379,-0.001249
2023-09-29,14.179329,0.092772,0.090167,0.002604
2023-09-30,14.182067,0.092267,0.089960,0.002307
2023-10-01,14.184805,0.094715,0.089758,0.004958
2023-10-02,14.187543,0.107248,0.089559,0.017688
2023-10-03,14.190281,0.099083,0.089365,0.009717
2023-10-04,14.193018,0.099046,0.089175,0.009870
2023-10-05,14.195756,0.100522,0.088990,0.011532
2023-10-06,14.198494,0.101291,0.088809,0.012482
2023-10-07,14.201232,0.104346,0.088633,0.015713
2023-10-08,14.203970,0.103999,0.088460,0.015538
2023-10-09,14.206708,0.099767,0.088292,0.011475
2023-10-10,14.209446,0.097116,0.088129,0.008987
2023-10-11,14.212183,0.088665,0.087970,0.000695
2023-10-12,14.214921,0.084852,0.087815,-0.002963
2023-10-13,14.217659,0.085353,0.087665,-0.002312
2023-10-14,14.220397,0.085533,0.087519,-0.001986
2023-10-15,14.223135,0.086089,0.087377,-0.001288
2023-10-16,14.225873,0.101008,0.087240,0.013768
2023-10-17,14.228611,0.107404,0.087107,0.020297
2023-10-18,14.231348,0.107421,0.086979,0.020443
2023-10-19,14.234086,0.108312,0.086854,0.021458
2023-10-20,14.236824,0.121126,0.086735,0.034391
2023-10-21,14.239562,0.125626,0.086620,0.039006
2023-10-22,14.242300,0.127148,0.086509,0.040639
2023-10-23,14.245038,0.140515,0.086402,0.054113
2023-10-24,14.247775,0.181501,0.086300,0.095201
2023-10-25,14.250513,0.184475,0.086203,0.098272
2023-10-26,14.253251,0.184069,0.086109,0.097959
2023-10-27,14.255989,0.179256,0.086021,0.093235
2023-10-28,14.258727,0.180387,0.085936,0.094451
2023-10-29,14.261465,0.182308,0.085856,0.096452
2023-10-30,14.264203,0.183227,0.085781,0.097446
2023-10-31,14.266940,0.182311,0.085709,0.096602
2023-11-01,14.269678,0.184715,0.085643,0.099073
2023-11-02,14.272416,0.190804,0.085580,0.105224
2023-11-03,14.275154,0.183447,0.085522,0.097925
2023-11-04,14.277892,0.185474,0.085469,0.100005
2023-11-05,14.280630,0.187583,0.085420,0.102163
2023-11-06,14.283368,0.186382,0.085375,0.101007
2023-11-07,14.286105,0.185766,0.085335,0.100431
2023-11-08,14.288843,0.190559,0.085299,0.105259
2023-11-09,14.291581,0.204207,0.085268,0.118940
2023-11-10,14.294319,0.208260,0.085241,0.123019
2023-11-11,14.297057,0.210085,0.085218,0.124867
2023-11-12,14.299795,0.209534,0.085200,0.124334
2023-11-13,14.302533,0.206973,0.085186,0.121786
2023-11-14,14.305270,0.199109,0.085177,0.113932
2023-11-15,14.308008,0.199030,0.085172,0.113857
2023-11-16,14.310746,0.205832,0.085172,0.120660
2023-11-17,14.313484,0.199962,0.085176,0.114786
2023-11-18,14.316222,0.201338,0.085184,0.116154
2023-11-19,14.318960,0.202255,0.085197,0.117058
2023-11-20,14.321697,0.209112,0.085214,0.123898
2023-11-21,14.324435,0.206822,0.085236,0.121587
2023-11-22,14.327173,0.202140,0.085262,0.116878
2023-11-23,14.329911,0.208334,0.085292,0.123042
2023-11-24,14.332649,0.212064,0.085327,0.126736
2023-11-25,14.335387,0.212589,0.085367,0.127222
2023-11-26,14.338125,0.210225,0.085410,0.124815
2023-11-27,14.340862,0.205206,0.085459,0.119748
2023-11-28,14.343600,0.208334,0.085511,0.122823
2023-11-29,14.346338,0.212837,0.085568,0.127269
2023-11-30,14.349076,0.211239,0.085630,0.125609
2023-12-01,14.351814,0.217842,0.085696,0.132146
2023-12-02,14.354552,0.222500,0.085766,0.136734
2023-12-03,14.357290,0.228297,0.085840,0.142457
2023-12-04,14.360027,0.247965,0.085919,0.162046
2023-12-05,14.362765,0.258332,0.086003,0.172329
2023-12-06,14.365503,0.274392,0.086091,0.188302
2023-12-07,14.368241,0.269919,0.086183,0.183736
2023-12-08,14.370979,0.270660,0.086280,0.184381
2023-12-09,14.373717,0.273176,0.086381,0.186795
2023-12-10,14.376454,0.271232,0.086486,0.184746
2023-12-11,14.379192,0.252010,0.086596,0.165414
2023-12-12,14.381930,0.248058,0.086710,0.161348
2023-12-13,14.384668,0.248919,0.086829,0.162090
2023-12-14,14.387406,0.260467,0.086952,0.173515
2023-12-15,14.390144,0.256192,0.087079,0.169112
2023-12-16,14.392882,0.253583,0.087211,0.166371
2023-12-17,14.395619,0.249527,0.087347,0.162179
2023-12-18,14.398357,0.244274,0.087488,0.156786
2023-12-19,14.401095,0.256622,0.087633,0.168989
2023-12-20,14.403833,0.261422,0.087782,0.173640
2023-12-21,14.406571,0.265977,0.087936,0.178041
2023-12-22,14.409309,0.266144,0.088094,0.178050
2023-12-23,14.412047,0.264534,0.088256,0.176278
2023-12-24,14.414784,0.263478,0.088423,0.175055
2023-12-25,14.417522,0.260551,0.088594,0.171957
2023-12-26,14.420260,0.253497,0.088770,0.164728
2023-12-27,14.422998,0.254857,0.088949,0.165907
2023-12-28,14.425736,0.254842,0.089133,0.165708
2023-12-29,14.428474,0.249402,0.089322,0.160080
2023-12-30,14.431211,0.246115,0.089515,0.156600
2023-12-31,14.433949,0.249141,0.089712,0.159429
2024-01-01,14.436687,0.252550,0.089913,0.162637
2024-01-02,14.439425,0.275744,0.090119,0.185625
2024-01-03,14.442163,0.263282,0.090329,0.172953
2024-01-04,14.444901,0.259756,0.090544,0.169212
2024-01-05,14.447639,0.261683,0.090762,0.170920
2024-01-06,14.450376,0.262112,0.090986,0.171126
2024-01-07,14.453114,0.264160,0.091213,0.172947
2024-01-08,14.455852,0.271865,0.091445,0.180421
2024-01-09,14.458590,0.287791,0.091681,0.196110
2024-01-10,14.461328,0.279366,0.091921,0.187445
2024-01-11,14.464066,0.285597,0.092165,0.193432
2024-01-12,14.466804,0.270864,0.092414,0.178450
2024-01-13,14.469541,0.249122,0.092667,0.156455
2024-01-14,14.472279,0.247954,0.092925,0.155029
2024-01-15,14.475017,0.244953,0.093186,0.151767
2024-01-16,14.477755,0.247729,0.093452,0.154277
2024-01-17,14.480493,0.245134,0.093722,0.151412
2024-01-18,14.483231,0.239549,0.093997,0.145552
2024-01-19,14.485969,0.229915,0.094275,0.135640
2024-01-20,14.488706,0.232603,0.094558,0.138045
2024-01-21,14.491444,0.233706,0.094845,0.138861
2024-01-22,14.494182,0.223679,0.095137,0.128542
2024-01-23,14.496920,0.210969,0.095432,0.115536
2024-01-24,14.499658,0.215312,0.095732,0.119580
2024-01-25,14.502396,0.214922,0.096036,0.118886
2024-01-26,14.505133,0.223319,0.096344,0.126975
2024-01-27,14.507871,0.231965,0.096657,0.135308
2024-01-28,14.510609,0.235748,0.096973,0.138775
2024-01-29,14.513347,0.237439,0.097294,0.140145
2024-01-30,14.516085,0.246584,0.097619,0.148965
2024-01-31,14.518823,0.241232,0.097948,0.143284
2024-02-01,14.521561,0.236774,0.098281,0.138493
2024-02-02,14.524298,0.241768,0.098619,0.143149
2024-02-03,14.527036,0.241722,0.098960,0.142762
2024-02-04,14.529774,0.238962,0.099306,0.139656
2024-02-05,14.532512,0.237758,0.099656,0.138102
2024-02-06,14.535250,0.239104,0.100010,0.139094
2024-02-07,14.537988,0.242373,0.100368,0.142005
2024-02-08,14.540726,0.257043,0.100731,0.156313
2024-02-09,14.543463,0.274093,0.101097,0.172996
2024-02-10,14.546201,0.278752,0.101468,0.177284
2024-02-11,14.548939,0.284779,0.101842,0.182937
2024-02-12,14.551677,0.289759,0.102221,0.187538
2024-02-13,14.554415,0.296047,0.102604,0.193443
2024-02-14,14.557153,0.306390,0.102991,0.203399
2024-02-15,14.559890,0.315396,0.103382,0.212015
2024-02-16,14.562628,0.314563,0.103777,0.210787
2024-02-17,14.565366,0.310269,0.104176,0.206093
2024-02-18,14.568104,0.311383,0.104579,0.206804
2024-02-19,14.570842,0.314009,0.104986,0.209022
2024-02-20,14.573580,0.311397,0.105397,0.206000
2024-02-21,14.576318,0.307960,0.105813,0.202148
2024-02-22,14.579055,0.308406,0.106232,0.202174
2024-02-23,14.581793,0.304123,0.106655,0.197468
2024-02-24,14.584531,0.304835,0.107082,0.197752
2024-02-25,14.587269,0.308230,0.107514,0.200716
2024-02-26,14.590007,0.314300,0.107949,0.206351
2024-02-27,14.592745,0.345539,0.108388,0.237151
2024-02-28,14.595483,0.366573,0.108831,0.257742
2024-02-29,14.598220,0.385554,0.109278,0.276276
2024-03-01,14.600958,0.383965,0.109729,0.274235
2024-03-02,14.603696,0.384461,0.110185,0.274276
2024-03-03,14.606434,0.386886,0.110643,0.276242
2024-03-04,14.609172,0.407000,0.111106,0.295894
2024-03-05,14.611910,0.411238,0.111573,0.299665
2024-03-06,14.614648,0.409555,0.112044,0.297511
2024-03-07,14.617385,0.414890,0.112519,0.302372
2024-03-08,14.620123,0.420850,0.112997,0.307853
2024-03-09,14.622861,0.424182,0.113479,0.310702
2024-03-10,14.625599,0.430092,0.113966,0.316126
2024-03-11,14.628337,0.439939,0.114456,0.325483
2024-03-12,14.631075,0.443673,0.114950,0.328723
2024-03-13,14.633812,0.449886,0.115448,0.334439
2024-03-14,14.636550,0.446081,0.115949,0.330132
2024-03-15,14.639288,0.423729,0.116455,0.307274
2024-03-16,14.642026,0.421505,0.116964,0.304541
2024-03-17,14.644764,0.413686,0.117477,0.296209
2024-03-18,14.647502,0.418048,0.117994,0.300054
2024-03-19,14.650240,0.395637,0.118515,0.277122
2024-03-20,14.652977,0.391680,0.119039,0.272641
2024-03-21,14.655715,0.409399,0.119567,0.289832
2024-03-22,14.658453,0.394946,0.120099,0.274847
2024-03-23,14.661191,0.394807,0.120635,0.274172
2024-03-24,14.663929,0.399090,0.121174,0.277916
2024-03-25,14.666667,0.418779,0.121717,0.297062
2024-03-26,14.669405,0.429996,0.122264,0.307731
2024-03-27,14.672142,0.426107,0.122815,0.303292
2024-03-28,14.674880,0.429848,0.123369,0.306479
2024-03-29,14.677618,0.426697,0.123927,0.302770
2024-03-30,14.680356,0.426430,0.124489,0.301941
2024-03-31,14.683094,0.428925,0.125054,0.303871
2024-04-01,14.685832,0.423712,0.125623,0.298089
2024-04-02,14.688569,0.402305,0.126195,0.276110
2024-04-03,14.691307,0.400261,0.126772,0.273489
2024-04-04,14.694045,0.405634,0.127351,0.278282
2024-04-05,14.696783,0.408845,0.127935,0.280910
2024-04-06,14.699521,0.411937,0.128522,0.283415
2024-04-07,14.702259,0.419611,0.129112,0.290498
2024-04-08,14.704997,0.429905,0.129707,0.300198
2024-04-09,14.707734,0.422935,0.130304,0.292631
2024-04-10,14.710472,0.417345,0.130906,0.286439
2024-04-11,14.713210,0.424419,0.131510,0.292909
2024-04-12,14.715948,0.417153,0.132119,0.285034
2024-04-13,14.718686,0.399390,0.132731,0.266659
2024-04-14,14.721424,0.385563,0.133346,0.252217
2024-04-15,14.724162,0.390478,0.133965,0.256513
2024-04-16,14.726899,0.377249,0.134587,0.242662
2024-04-17,14.729637,0.372126,0.135213,0.236913
2024-04-18,14.732375,0.371968,0.135842,0.236126
2024-04-19,14.735113,0.380927,0.136475,0.244452
2024-04-20,14.737851,0.383136,0.137111,0.246025
2024-04-21,14.740589,0.387188,0.137750,0.249437
2024-04-22,14.743326,0.393862,0.138393,0.255469
2024-04-23,14.746064,0.396414,0.139040,0.257374
2024-04-24,14.748802,0.390237,0.139689,0.250548
2024-04-25,14.751540,0.381032,0.140343,0.240689
2024-04-26,14.754278,0.380815,0.140999,0.239816
2024-04-27,14.757016,0.373351,0.141659,0.231692
2024-04-28,14.759754,0.376000,0.142322,0.233678
2024-04-29,14.762491,0.370550,0.142988,0.227562
2024-04-30,14.765229,0.364054,0.143658,0.220396
2024-05-01,14.767967,0.339703,0.144331,0.195371
2024-05-02,14.770705,0.338533,0.145007,0.193526
2024-05-03,14.773443,0.353401,0.145687,0.207714
2024-05-04,14.776181,0.371945,0.146370,0.225576
2024-05-05,14.778919,0.373571,0.147056,0.226515
2024-05-06,14.781656,0.373682,0.147745,0.225936
2024-05-07,14.784394,0.370379,0.148438,0.221941
2024-05-08,14.787132,0.361450,0.149134,0.212317
2024-05-09,14.789870,0.358742,0.149832,0.208909
2024-05-10,14.792608,0.360301,0.150535,0.209766
2024-05-11,14.795346,0.352624,0.151240,0.201384
2024-05-12,14.798084,0.354553,0.151948,0.202605
2024-05-13,14.800821,0.360961,0.152660,0.208301
2024-05-14,14.803559,0.357653,0.153375,0.204278
2024-05-15,14.806297,0.369380,0.154092,0.215288
2024-05-16,14.809035,0.381912,0.154813,0.227098
2024-05-17,14.811773,0.384897,0.155537,0.229360
2024-05-18,14.814511,0.388367,0.156264,0.232103
2024-05-19,14.817248,0.387636,0.156994,0.230642
2024-05-20,14.819986,0.392911,0.157727,0.235184
2024-05-21,14.822724,0.408502,0.158464,0.250039
2024-05-22,14.825462,0.403497,0.159203,0.244294
2024-05-23,14.828200,0.395723,0.159945,0.235778
2024-05-24,14.830938,0.392331,0.160690,0.231641
2024-05-25,14.833676,0.398734,0.161438,0.237296
2024-05-26,14.836413,0.398436,0.162189,0.236247
2024-05-27,14.839151,0.399435,0.162943,0.236492
2024-05-28,14.841889,0.393671,0.163700,0.229971
2024-05-29,14.844627,0.391095,0.164460,0.226635
2024-05-30,14.847365,0.392691,0.165223,0.227468
2024-05-31,14.850103,0.391081,0.165989,0.225093
2024-06-01,14.852841,0.389642,0.166757,0.222885
2024-06-02,14.855578,0.389941,0.167528,0.222412
2024-06-03,14.858316,0.395918,0.168303,0.227616
2024-06-04,14.861054,0.399654,0.169080,0.230574
2024-06-05,14.863792,0.406967,0.169860,0.237108
2024-06-06,14.866530,0.407067,0.170642,0.236425
2024-06-07,14.869268,0.404107,0.171428,0.232679
2024-06-08,14.872005,0.399368,0.172216,0.227152
2024-06-09,14.874743,0.399346,0.173007,0.226339
2024-06-10,14.877481,0.399399,0.173800,0.225598
2024-06-11,14.880219,0.387000,0.174597,0.212403
2024-06-12,14.882957,0.390782,0.175396,0.215386
2024-06-13,14.885695,0.386162,0.176198,0.209964
2024-06-14,14.888433,0.379768,0.177002,0.202766
2024-06-15,14.891170,0.377006,0.177809,0.199197
2024-06-16,14.893908,0.378647,0.178619,0.200028
2024-06-17,14.896646,0.375462,0.179432,0.196031
2024-06-18,14.899384,0.368311,0.180247,0.188064
2024-06-19,14.902122,0.366389,0.181064,0.185325
2024-06-20,14.904860,0.364225,0.181884,0.182340
2024-06-21,14.907598,0.356318,0.182707,0.173611
2024-06-22,14.910335,0.358920,0.183532,0.175387
2024-06-23,14.913073,0.358173,0.184360,0.173813
2024-06-24,14.915811,0.337552,0.185191,0.152361
2024-06-25,14.918549,0.336344,0.186024,0.150321
2024-06-26,14.921287,0.336570,0.186859,0.149711
2024-06-27,14.924025,0.335155,0.187697,0.147458
2024-06-28,14.926762,0.332938,0.188537,0.144400
2024-06-29,14.929500,0.330946,0.189380,0.141566
2024-06-30,14.932238,0.334641,0.190225,0.144416
2024-07-01,14.934976,0.344465,0.191073,0.153392
2024-07-02,14.937714,0.339698,0.191923,0.147776
2024-07-03,14.940452,0.325620,0.192775,0.132845
2024-07-04,14.943190,0.308510,0.193630,0.114880
2024-07-05,14.945927,0.289195,0.194487,0.094708
2024-07-06,14.948665,0.300178,0.195346,0.104832
2024-07-07,14.951403,0.300070,0.196208,0.103862
2024-07-08,14.954141,0.291948,0.197072,0.094877
2024-07-09,14.956879,0.300575,0.197938,0.102637
2024-07-10,14.959617,0.305398,0.198807,0.106591
2024-07-11,14.962355,0.304296,0.199677,0.104619
2024-07-12,14.965092,0.300566,0.200550,0.100016
2024-07-13,14.967830,0.306652,0.201426,0.105227
2024-07-14,14.970568,0.318306,0.202303,0.116003
2024-07-15,14.973306,0.338102,0.203183,0.134920
2024-07-16,14.976044,0.345371,0.204064,0.141307
2024-07-17,14.978782,0.349907,0.204948,0.144959
2024-07-18,14.981520,0.345802,0.205834,0.139968
2024-07-19,14.984257,0.351392,0.206723,0.144669
2024-07-20,14.986995,0.361410,0.207613,0.153797
2024-07-21,14.989733,0.363076,0.208505,0.154571
2024-07-22,14.992471,0.365145,0.209400,0.155746
2024-07-23,14.995209,0.358999,0.210296,0.148703
2024-07-24,14.997947,0.354104,0.211194,0.142909
2024-07-25,15.000684,0.345887,0.212095,0.133792
2024-07-26,15.003422,0.361475,0.212997,0.148478
2024-07-27,15.006160,0.366953,0.213902,0.153051
2024-07-28,15.008898,0.364871,0.214808,0.150063
2024-07-29,15.011636,0.367943,0.215717,0.152227
2024-07-30,15.014374,0.353708,0.216627,0.137081
2024-07-31,15.017112,0.351426,0.217539,0.133887
2024-08-01,15.019849,0.338711,0.218453,0.120258
2024-08-02,15.022587,0.335645,0.219369,0.116276
2024-08-03,15.025325,0.318353,0.220287,0.098066
2024-08-04,15.028063,0.308654,0.221207,0.087448
2024-08-05,15.030801,0.261896,0.222128,0.039768
2024-08-06,15.033539,0.277820,0.223051,0.054769
2024-08-07,15.036277,0.280806,0.223976,0.056830
2024-08-08,15.039014,0.295277,0.224903,0.070374
2024-08-09,15.041752,0.311266,0.225832,0.085435
2024-08-10,15.044490,0.312184,0.226762,0.085422
2024-08-11,15.047228,0.307758,0.227694,0.080064
2024-08-12,15.049966,0.298118,0.228628,0.069490
2024-08-13,15.052704,0.304135,0.229563,0.074571
2024-08-14,15.055441,0.305333,0.230500,0.074832
2024-08-15,15.058179,0.292435,0.231439,0.060995
2024-08-16,15.060917,0.292735,0.232380,0.060356
2024-08-17,15.063655,0.298441,0.233322,0.065119
2024-08-18,15.066393,0.300797,0.234265,0.066532
2024-08-19,15.069131,0.292875,0.235210,0.057665
2024-08-20,15.071869,0.301703,0.236157,0.065546
2024-08-21,15.074606,0.302186,0.237105,0.065080
2024-08-22,15.077344,0.305214,0.238055,0.067159
2024-08-23,15.080082,0.314258,0.239006,0.075252
2024-08-24,15.082820,0.327803,0.239959,0.087844
2024-08-25,15.085558,0.328463,0.240913,0.087550
2024-08-26,15.088296,0.324354,0.241869,0.082486
2024-08-27,15.091034,0.314338,0.242826,0.071513
2024-08-28,15.093771,0.293035,0.243784,0.049251
2024-08-29,15.096509,0.296724,0.244744,0.051980
2024-08-30,15.099247,0.290878,0.245705,0.045172
2024-08-31,15.101985,0.292026,0.246668,0.045358
2024-09-01,15.104723,0.284602,0.247632,0.036969
2024-09-02,15.107461,0.285295,0.248597,0.036697
2024-09-03,15.110198,0.285762,0.249564,0.036198
2024-09-04,15.112936,0.275359,0.250532,0.024827
2024-09-05,15.115674,0.272278,0.251501,0.020777
2024-09-06,15.118412,0.259144,0.252471,0.006673
2024-09-07,15.121150,0.253408,0.253443,-0.000035
2024-09-08,15.123888,0.254176,0.254416,-0.000240
2024-09-09,15.126626,0.262954,0.255390,0.007564
2024-09-10,15.129363,0.272554,0.256365,0.016188
2024-09-11,15.132101,0.271250,0.257341,0.013909
2024-09-12,15.134839,0.279378,0.258319,0.021059
2024-09-13,15.137577,0.285184,0.259298,0.025887
2024-09-14,15.140315,0.292758,0.260277,0.032481
2024-09-15,15.143053,0.291118,0.261258,0.029860
2024-09-16,15.145791,0.279327,0.262240,0.017088
2024-09-17,15.148528,0.287778,0.263223,0.024555
2024-09-18,15.151266,0.291955,0.264207,0.027748
2024-09-19,15.154004,0.308716,0.265192,0.043524
2024-09-20,15.156742,0.312267,0.266178,0.046090
2024-09-21,15.159480,0.310926,0.267165,0.043761
2024-09-22,15.162218,0.309634,0.268152,0.041482
2024-09-23,15.164956,0.312491,0.269141,0.043350
2024-09-24,15.167693,0.311919,0.270131,0.041788
2024-09-25,15.170431,0.313105,0.271122,0.041984
2024-09-26,15.173169,0.316365,0.272113,0.044252
2024-09-27,15.175907,0.324552,0.273105,0.051446
2024-09-28,15.178645,0.325349,0.274099,0.051250
2024-09-29,15.181383,0.324652,0.275093,0.049560
2024-09-30,15.184120,0.312570,0.276087,0.036483
2024-10-01,15.186858,0.302773,0.277083,0.025690
2024-10-02,15.189596,0.292667,0.278079,0.014587
2024-10-03,15.192334,0.288763,0.279076,0.009686
2024-10-04,15.195072,0.294505,0.280074,0.014430
2024-10-05,15.197810,0.297435,0.281073,0.016362
2024-10-06,15.200548,0.298480,0.282072,0.016408
2024-10-07,15.203285,0.305245,0.283072,0.022173
2024-10-08,15.206023,0.298213,0.284073,0.014141
2024-10-09,15.208761,0.293486,0.285074,0.008413
2024-10-10,15.211499,0.284148,0.286076,-0.001927
2024-10-11,15.214237,0.291269,0.287078,0.004191
2024-10-12,15.216975,0.300354,0.288081,0.012273
2024-10-13,15.219713,0.298579,0.289084,0.009495
2024-10-14,15.222450,0.312508,0.290088,0.022420
2024-10-15,15.225188,0.320157,0.291093,0.029064
2024-10-16,15.227926,0.328635,0.292098,0.036537
2024-10-17,15.230664,0.326417,0.293104,0.033313
2024-10-18,15.233402,0.331704,0.294110,0.037594
2024-10-19,15.236140,0.332063,0.295116,0.036946
2024-10-20,15.238877,0.332913,0.296123,0.036790
2024-10-21,15.241615,0.330289,0.297130,0.033158
2024-10-22,15.244353,0.324558,0.298138,0.026420
2024-10-23,15.247091,0.319365,0.299146,0.020218
2024-10-24,15.249829,0.325055,0.300155,0.024900
2024-10-25,15.252567,0.325376,0.301163,0.024213
2024-10-26,15.255305,0.321030,0.302172,0.018858
2024-10-27,15.258042,0.323482,0.303182,0.020300
2024-10-28,15.260780,0.330933,0.304191,0.026742
2024-10-29,15.263518,0.348578,0.305201,0.043377
2024-10-30,15.266256,0.351871,0.306211,0.045660
2024-10-31,15.268994,0.346399,0.307222,0.039178
2024-11-01,15.271732,0.335593,0.308232,0.027360
2024-11-02,15.274470,0.334237,0.309243,0.024994
2024-11-03,15.277207,0.327212,0.310254,0.016958
2024-11-04,15.279945,0.326481,0.311265,0.015217
2024-11-05,15.282683,0.329888,0.312276,0.017612
2024-11-06,15.285421,0.360828,0.313287,0.047541
2024-11-07,15.288159,0.367537,0.314298,0.053239
2024-11-08,15.290897,0.371669,0.315310,0.056359
2024-11-09,15.293634,0.372493,0.316321,0.056172
2024-11-10,15.296372,0.387416,0.317333,0.070084
2024-11-11,15.299110,0.409082,0.318344,0.090738
2024-11-12,15.301848,0.432582,0.319355,0.113226
2024-11-13,15.304586,0.436981,0.320367,0.116614
2024-11-14,15.307324,0.439683,0.321378,0.118305
2024-11-15,15.310062,0.437226,0.322389,0.114837
2024-11-16,15.312799,0.444763,0.323401,0.121362
2024-11-17,15.315537,0.441625,0.324412,0.117213
2024-11-18,15.318275,0.444170,0.325423,0.118747
2024-11-19,15.321013,0.448993,0.326434,0.122559
2024-11-20,15.323751,0.455107,0.327444,0.127663
2024-11-21,15.326489,0.471572,0.328455,0.143118
2024-11-22,15.329227,0.478022,0.329465,0.148557
2024-11-23,15.331964,0.475404,0.330475,0.144929
2024-11-24,15.334702,0.471476,0.331485,0.139991
2024-11-25,15.337440,0.467114,0.332494,0.134619
2024-11-26,15.340178,0.451678,0.333503,0.118175
2024-11-27,15.342916,0.456696,0.334512,0.122183
2024-11-28,15.345654,0.461316,0.335521,0.125795
2024-11-29,15.348392,0.466307,0.336529,0.129777
2024-11-30,15.351129,0.464180,0.337537,0.126643
2024-12-01,15.353867,0.465635,0.338545,0.127090
2024-12-02,15.356605,0.462308,0.339552,0.122756
2024-12-03,15.359343,0.459314,0.340559,0.118755
2024-12-04,15.362081,0.463772,0.341565,0.122207
2024-12-05,15.364819,0.482867,0.342571,0.140296
2024-12-06,15.367556,0.474150,0.343576,0.130573
2024-12-07,15.370294,0.477339,0.344581,0.132758
2024-12-08,15.373032,0.477098,0.345586,0.131512
2024-12-09,15.375770,0.470237,0.346590,0.123648
2024-12-10,15.378508,0.463356,0.347593,0.115763
2024-12-11,15.381246,0.471391,0.348596,0.122795
2024-12-12,15.383984,0.479727,0.349598,0.130129
2024-12-13,15.386721,0.477525,0.350600,0.126926
2024-12-14,15.389459,0.481655,0.351601,0.130054
2024-12-15,15.392197,0.486198,0.352601,0.133597
2024-12-16,15.394935,0.497092,0.353601,0.143492
2024-12-17,15.397673,0.501446,0.354600,0.146846
2024-12-18,15.400411,0.489242,0.355598,0.133644
2024-12-19,15.403149,0.473598,0.356596,0.117003
2024-12-20,15.405886,0.459854,0.357593,0.102262
2024-12-21,15.408624,0.462812,0.358589,0.104223
2024-12-22,15.411362,0.455513,0.359584,0.095929
2024-12-23,15.414100,0.448411,0.360579,0.087832
2024-12-24,15.416838,0.455231,0.361572,0.093659
2024-12-25,15.419576,0.464215,0.362565,0.101650
2024-12-26,15.422313,0.456507,0.363557,0.092950
2024-12-27,15.425051,0.451124,0.364549,0.086575
2024-12-28,15.427789,0.446791,0.365539,0.081252
2024-12-29,15.430527,0.445225,0.366528,0.078696
2024-12-30,15.433265,0.439416,0.367517,0.071899
2024-12-31,15.436003,0.440541,0.368505,0.072036
2025-01-01,15.438741,0.440947,0.369491,0.071456
2025-01-02,15.441478,0.451377,0.370477,0.080900
2025-01-03,15.444216,0.455893,0.371462,0.084431
2025-01-04,15.446954,0.458479,0.372445,0.086033
2025-01-05,15.449692,0.458327,0.373428,0.084899
2025-01-06,15.452430,0.466988,0.374409,0.092579
2025-01-07,15.455168,0.463719,0.375390,0.088329
2025-01-08,15.457906,0.444725,0.376369,0.068356
2025-01-09,15.460643,0.435179,0.377348,0.057832
2025-01-10,15.463381,0.438812,0.378325,0.060487
2025-01-11,15.466119,0.439415,0.379301,0.060114
2025-01-12,15.468857,0.439740,0.380276,0.059463
2025-01-13,15.471595,0.431756,0.381250,0.050506
2025-01-14,15.474333,0.445207,0.382222,0.062985
2025-01-15,15.477070,0.454433,0.383194,0.071239
2025-01-16,15.479808,0.459105,0.384164,0.074941
2025-01-17,15.482546,0.474007,0.385133,0.088874
2025-01-18,15.485284,0.477608,0.386100,0.091508
2025-01-19,15.488022,0.480582,0.387067,0.093516
2025-01-20,15.490760,0.481427,0.388032,0.093395
2025-01-21,15.493498,0.476886,0.388995,0.087890
2025-01-22,15.496235,0.480772,0.389958,0.090814
2025-01-23,15.498973,0.474182,0.390919,0.083264
2025-01-24,15.501711,0.480670,0.391878,0.088792
2025-01-25,15.504449,0.478729,0.392836,0.085892
2025-01-26,15.507187,0.478835,0.393793,0.085041
2025-01-27,15.509925,0.459623,0.394749,0.064875
2025-01-28,15.512663,0.468401,0.395703,0.072698
2025-01-29,15.515400,0.468211,0.396655,0.071556
2025-01-30,15.518138,0.478685,0.397606,0.081079
2025-01-31,15.520876,0.473724,0.398556,0.075168
2025-02-01,15.523614,0.464914,0.399504,0.065410
2025-02-02,15.526352,0.454160,0.400450,0.053710
2025-02-03,15.529090,0.442472,0.401395,0.041077
2025-02-04,15.531828,0.453734,0.402338,0.051396
2025-02-05,15.534565,0.445742,0.403280,0.042462
2025-02-06,15.537303,0.444436,0.404220,0.040215
2025-02-07,15.540041,0.442818,0.405159,0.037660
2025-02-08,15.542779,0.438029,0.406096,0.031933
2025-02-09,15.545517,0.437770,0.407031,0.030739
2025-02-10,15.548255,0.441083,0.407964,0.033119
2025-02-11,15.550992,0.438748,0.408896,0.029852
2025-02-12,15.553730,0.435303,0.409826,0.025477
2025-02-13,15.556468,0.436195,0.410755,0.025440
2025-02-14,15.559206,0.438743,0.411681,0.027062
2025-02-15,15.561944,0.440493,0.412606,0.027887
2025-02-16,15.564682,0.438523,0.413529,0.024993
2025-02-17,15.567420,0.433329,0.414451,0.018879
2025-02-18,15.570157,0.428894,0.415370,0.013524
2025-02-19,15.572895,0.431725,0.416288,0.015437
2025-02-20,15.575633,0.437962,0.417204,0.020758
2025-02-21,15.578371,0.438904,0.418118,0.020787
2025-02-22,15.581109,0.433003,0.419030,0.013973
2025-02-23,15.583847,0.430804,0.419940,0.010864
2025-02-24,15.586585,0.424231,0.420848,0.003383
2025-02-25,15.589322,0.400017,0.421755,-0.021738
2025-02-26,15.592060,0.386832,0.422659,-0.035827
2025-02-27,15.594798,0.377822,0.423561,-0.045739
2025-02-28,15.597536,0.359610,0.424462,-0.064852
2025-03-01,15.600274,0.376531,0.425360,-0.048829
2025-03-02,15.603012,0.392478,0.426257,-0.033778
2025-03-03,15.605749,0.402806,0.427151,-0.024345
2025-03-04,15.608487,0.373582,0.428044,-0.054462
2025-03-05,15.611225,0.392904,0.428934,-0.036030
2025-03-06,15.613963,0.401357,0.429822,-0.028465
2025-03-07,15.616701,0.388571,0.430708,-0.042137
2025-03-08,15.619439,0.379855,0.431592,-0.051737
2025-03-09,15.622177,0.370408,0.432474,-0.062066
2025-03-10,15.624914,0.351858,0.433354,-0.081496
2025-03-11,15.627652,0.351437,0.434231,-0.082794
2025-03-12,15.630390,0.359239,0.435107,-0.075867
2025-03-13,15.633128,0.357637,0.435980,-0.078343
2025-03-14,15.635866,0.362267,0.436851,-0.074583
2025-03-15,15.638604,0.366694,0.437719,-0.071026
2025-03-16,15.641342,0.363096,0.438586,-0.075490
2025-03-17,15.644079,0.362457,0.439450,-0.076993
2025-03-18,15.646817,0.356959,0.440312,-0.083353
2025-03-19,15.649555,0.363976,0.441172,-0.077195
2025-03-20,15.652293,0.370016,0.442029,-0.072013
2025-03-21,15.655031,0.363946,0.442884,-0.078938
2025-03-22,15.657769,0.363643,0.443737,-0.080094
2025-03-23,15.660507,0.365505,0.444587,-0.079082
2025-03-24,15.663244,0.378680,0.445435,-0.066755
2025-03-25,15.665982,0.378430,0.446280,-0.067851
2025-03-26,15.668720,0.377978,0.447124,-0.069146
2025-03-27,15.671458,0.376823,0.447964,-0.071141
2025-03-28,15.674196,0.366385,0.448803,-0.082418
2025-03-29,15.676934,0.355521,0.449638,-0.094117
2025-03-30,15.679671,0.353713,0.450472,-0.096759
2025-03-31,15.682409,0.350680,0.451303,-0.100622
2025-04-01,15.685147,0.358917,0.452131,-0.093214
2025-04-02,15.687885,0.364740,0.452957,-0.088217
2025-04-03,15.690623,0.350794,0.453780,-0.102987
2025-04-04,15.693361,0.354036,0.454601,-0.100565
2025-04-05,15.696099,0.352647,0.455420,-0.102773
2025-04-06,15.698836,0.342883,0.456235,-0.113353
2025-04-07,15.701574,0.322860,0.457048,-0.134188
2025-04-08,15.704312,0.328250,0.457859,-0.129609
2025-04-09,15.707050,0.326483,0.458667,-0.132183
2025-04-10,15.709788,0.339578,0.459472,-0.119893
2025-04-11,15.712526,0.344168,0.460275,-0.116107
2025-04-12,15.715264,0.354722,0.461074,-0.106352
2025-04-13,15.718001,0.356134,0.461872,-0.105738
2025-04-14,15.720739,0.356756,0.462666,-0.105910
2025-04-15,15.723477,0.359272,0.463458,-0.104186
2025-04-16,15.726215,0.353207,0.464247,-0.111040
2025-04-17,15.728953,0.355426,0.465034,-0.109608
2025-04-18,15.731691,0.355130,0.465817,-0.110688
2025-04-19,15.734428,0.357018,0.466598,-0.109580
2025-04-20,15.737166,0.355362,0.467376,-0.112014
2025-04-21,15.739904,0.366946,0.468152,-0.101206
2025-04-22,15.742642,0.379052,0.468924,-0.089872
2025-04-23,15.745380,0.397079,0.469694,-0.072615
2025-04-24,15.748118,0.394038,0.470461,-0.076423
2025-04-25,15.750856,0.399261,0.471225,-0.071964
2025-04-26,15.753593,0.400277,0.471986,-0.071709
2025-04-27,15.756331,0.398436,0.472744,-0.074308
2025-04-28,15.759069,0.398830,0.473500,-0.074670
2025-04-29,15.761807,0.400797,0.474252,-0.073455
2025-04-30,15.764545,0.398863,0.475002,-0.076138
2025-05-01,15.767283,0.404492,0.475748,-0.071256
2025-05-02,15.770021,0.408774,0.476492,-0.067719
2025-05-03,15.772758,0.406056,0.477233,-0.071177
2025-05-04,15.775496,0.402819,0.477971,-0.075152
2025-05-05,15.778234,0.396698,0.478705,-0.082007
2025-05-06,15.780972,0.396912,0.479437,-0.082525
2025-05-07,15.783710,0.406266,0.480166,-0.073900
2025-05-08,15.786448,0.419760,0.480892,-0.061131
2025-05-09,15.789185,0.432615,0.481614,-0.048999
2025-05-10,15.791923,0.433734,0.482334,-0.048600
2025-05-11,15.794661,0.436180,0.483051,-0.046871
2025-05-12,15.797399,0.431593,0.483764,-0.052171
2025-05-13,15.800137,0.431867,0.484475,-0.052608
2025-05-14,15.802875,0.432565,0.485182,-0.052616
2025-05-15,15.805613,0.429365,0.485886,-0.056521
2025-05-16,15.808350,0.433139,0.486587,-0.053448
2025-05-17,15.811088,0.430383,0.487285,-0.056902
2025-05-18,15.813826,0.433639,0.487980,-0.054341
2025-05-19,15.816564,0.433158,0.488671,-0.055513
2025-05-20,15.819302,0.438681,0.489360,-0.050679
2025-05-21,15.822040,0.446017,0.490045,-0.044028
2025-05-22,15.824778,0.458116,0.490727,-0.032611
2025-05-23,15.827515,0.454129,0.491406,-0.037277
2025-05-24,15.830253,0.449231,0.492081,-0.042851
2025-05-25,15.832991,0.445661,0.492754,-0.047093
2025-05-26,15.835729,0.452338,0.493423,-0.041084
2025-05-27,15.838467,0.451802,0.494089,-0.042287
2025-05-28,15.841205,0.447045,0.494751,-0.047706
2025-05-29,15.843943,0.442136,0.495410,-0.053274
2025-05-30,15.846680,0.434301,0.496066,-0.061765
2025-05-31,15.849418,0.428868,0.496719,-0.067851
2025-06-01,15.852156,0.430594,0.497368,-0.066774
2025-06-02,15.854894,0.430766,0.498014,-0.067249
2025-06-03,15.857632,0.434460,0.498657,-0.064197
2025-06-04,15.860370,0.432234,0.499296,-0.067062
2025-06-05,15.863107,0.426169,0.499932,-0.073762
2025-06-06,15.865845,0.424815,0.500564,-0.075749
2025-06-07,15.868583,0.431094,0.501193,-0.070100
2025-06-08,15.871321,0.432434,0.501819,-0.069385
2025-06-09,15.874059,0.439700,0.502441,-0.062741
2025-06-10,15.876797,0.445523,0.503060,-0.057538
2025-06-11,15.879535,0.445338,0.503676,-0.058338
2025-06-12,15.882272,0.436496,0.504288,-0.067792
2025-06-13,15.885010,0.426286,0.504896,-0.078610
2025-06-14,15.887748,0.427211,0.505501,-0.078290
2025-06-15,15.890486,0.427747,0.506103,-0.078356
2025-06-16,15.893224,0.434474,0.506701,-0.072226
2025-06-17,15.895962,0.429308,0.507295,-0.077987
2025-06-18,15.898700,0.424771,0.507886,-0.083115
2025-06-19,15.901437,0.423852,0.508474,-0.084622
2025-06-20,15.904175,0.423832,0.509058,-0.085225
2025-06-21,15.906913,0.416367,0.509638,-0.093271
2025-06-22,15.909651,0.407994,0.510215,-0.102221
2025-06-23,15.912389,0.411068,0.510788,-0.099720
2025-06-24,15.915127,0.425335,0.511358,-0.086023
2025-06-25,15.917864,0.430726,0.511924,-0.081198
2025-06-26,15.920602,0.432227,0.512486,-0.080259
2025-06-27,15.923340,0.431217,0.513045,-0.081828
2025-06-28,15.926078,0.431803,0.513601,-0.081797
2025-06-29,15.928816,0.432928,0.514152,-0.081225
2025-06-30,15.931554,0.432518,0.514700,-0.082182
2025-07-01,15.934292,0.427002,0.515245,-0.088243
2025-07-02,15.937029,0.431685,0.515785,-0.084100
2025-07-03,15.939767,0.438002,0.516322,-0.078321
2025-07-04,15.942505,0.434288,0.516856,-0.082568
2025-07-05,15.945243,0.432654,0.517385,-0.084732
2025-07-06,15.947981,0.433780,0.517911,-0.084131
2025-07-07,15.950719,0.432900,0.518434,-0.085534
2025-07-08,15.953457,0.432673,0.518952,-0.086280
2025-07-09,15.956194,0.435393,0.519467,-0.084074
2025-07-10,15.958932,0.445066,0.519978,-0.074912
2025-07-11,15.961670,0.464226,0.520486,-0.056259
2025-07-12,15.964408,0.464426,0.520989,-0.056563
2025-07-13,15.967146,0.466243,0.521489,-0.055246
2025-07-14,15.969884,0.475528,0.521985,-0.046457
2025-07-15,15.972621,0.462969,0.522477,-0.059509
2025-07-16,15.975359,0.466761,0.522966,-0.056205
2025-07-17,15.978097,0.466814,0.523451,-0.056636
2025-07-18,15.980835,0.467224,0.523932,-0.056708
2025-07-19,15.983573,0.464099,0.524409,-0.060309
2025-07-20,15.986311,0.463190,0.524882,-0.061692
2025-07-21,15.989049,0.462909,0.525352,-0.062443
2025-07-22,15.991786,0.464061,0.525817,-0.061757
2025-07-23,15.994524,0.463766,0.526279,-0.062513
2025-07-24,15.997262,0.464184,0.526737,-0.062553
2025-07-25,16.000000,0.455427,0.527191,-0.071764
2025-07-26,16.002738,0.460086,0.527641,-0.067556
2025-07-27,16.005476,0.462264,0.528088,-0.065824
2025-07-28,16.008214,0.462352,0.528530,-0.066178
2025-07-29,16.010951,0.460633,0.528969,-0.068336
2025-07-30,16.013689,0.458875,0.529404,-0.070529
2025-07-31,16.016427,0.459028,0.529834,-0.070807
2025-08-01,16.019165,0.447605,0.530261,-0.082657
2025-08-02,16.021903,0.441609,0.530684,-0.089075
2025-08-03,16.024641,0.442176,0.531103,-0.088927
2025-08-04,16.027379,0.445275,0.531518,-0.086244
2025-08-05,16.030116,0.442580,0.531930,-0.089350
2025-08-06,16.032854,0.443440,0.532337,-0.088897
2025-08-07,16.035592,0.448395,0.532740,-0.084345
2025-08-08,16.038330,0.450784,0.533139,-0.082355
2025-08-09,16.041068,0.450704,0.533535,-0.082831
2025-08-10,16.043806,0.455552,0.533926,-0.078374
2025-08-11,16.046543,0.463463,0.534313,-0.070850
2025-08-12,16.049281,0.458700,0.534697,-0.075997
2025-08-13,16.052019,0.463765,0.535076,-0.071311
2025-08-14,16.054757,0.462392,0.535452,-0.073060
2025-08-15,16.057495,0.454727,0.535823,-0.081096
2025-08-16,16.060233,0.452393,0.536190,-0.083797
2025-08-17,16.062971,0.453035,0.536554,-0.083519
2025-08-18,16.065708,0.444926,0.536913,-0.091987
2025-08-19,16.068446,0.439884,0.537268,-0.097384
2025-08-20,16.071184,0.435636,0.537620,-0.101984
2025-08-21,16.073922,0.433776,0.537967,-0.104191
2025-08-22,16.076660,0.437402,0.538310,-0.100908
2025-08-23,16.079398,0.440759,0.538649,-0.097890
2025-08-24,16.082136,0.436478,0.538984,-0.102506
2025-08-25,16.084873,0.427353,0.539315,-0.111962
2025-08-26,16.087611,0.419305,0.539642,-0.120338
2025-08-27,16.090349,0.423554,0.539965,-0.116411
2025-08-28,16.093087,0.427077,0.540284,-0.113207
2025-08-29,16.095825,0.416287,0.540599,-0.124312
2025-08-30,16.098563,0.411596,0.540909,-0.129313
2025-08-31,16.101300,0.412686,0.541216,-0.128530
2025-09-01,16.104038,0.411569,0.541518,-0.129950
2025-09-02,16.106776,0.418022,0.541817,-0.123795
2025-09-03,16.109514,0.422130,0.542111,-0.119981
2025-09-04,16.112252,0.418770,0.542401,-0.123631
2025-09-05,16.114990,0.421483,0.542687,-0.121203
2025-09-06,16.117728,0.417804,0.542969,-0.125164
2025-09-07,16.120465,0.418646,0.543246,-0.124601
2025-09-08,16.123203,0.421288,0.543520,-0.122232
2025-09-09,16.125941,0.421276,0.543790,-0.122514
2025-09-10,16.128679,0.423896,0.544055,-0.120159
2025-09-11,16.131417,0.428815,0.544316,-0.115501
2025-09-12,16.134155,0.433223,0.544573,-0.111350
2025-09-13,16.136893,0.434077,0.544826,-0.110749
2025-09-14,16.139630,0.433548,0.545075,-0.111527
2025-09-15,16.142368,0.432143,0.545319,-0.113176
2025-09-16,16.145106,0.433733,0.545560,-0.111826
2025-09-17,16.147844,0.435415,0.545796,-0.110381
2025-09-18,16.150582,0.437994,0.546028,-0.108034
2025-09-19,16.153320,0.434719,0.546256,-0.111537
2025-09-20,16.156057,0.432381,0.546479,-0.114098
2025-09-21,16.158795,0.431354,0.546699,-0.115345
2025-09-22,16.161533,0.421826,0.546914,-0.125089
2025-09-23,16.164271,0.418859,0.547125,-0.128266
2025-09-24,16.167009,0.419772,0.547332,-0.127560
2025-09-25,16.169747,0.412994,0.547535,-0.134541
2025-09-26,16.172485,0.405523,0.547734,-0.142211
2025-09-27,16.175222,0.405714,0.547928,-0.142214
2025-09-28,16.177960,0.407031,0.548118,-0.141087
2025-09-29,16.180698,0.417678,0.548304,-0.130626
2025-09-30,16.183436,0.420397,0.548486,-0.128089
2025-10-01,16.186174,0.428859,0.548664,-0.119804
2025-10-02,16.188912,0.440104,0.548837,-0.108733
2025-10-03,16.191650,0.445822,0.549006,-0.103184
2025-10-04,16.194387,0.449575,0.549171,-0.099596
2025-10-05,16.197125,0.453875,0.549332,-0.095457
2025-10-06,16.199863,0.456616,0.549488,-0.092872
2025-10-07,16.202601,0.452512,0.549640,-0.097128
2025-10-08,16.205339,0.449475,0.549788,-0.100313
2025-10-09,16.208077,0.446750,0.549932,-0.103182
2025-10-10,16.210815,0.438168,0.550072,-0.111904
2025-10-11,16.213552,0.409258,0.550207,-0.140949
2025-10-12,16.216290,0.411322,0.550338,-0.139016
2025-10-13,16.219028,0.420735,0.550465,-0.129730
2025-10-14,16.221766,0.411286,0.550588,-0.139301
2025-10-15,16.224504,0.408323,0.550706,-0.142383
2025-10-16,16.227242,0.401180,0.550821,-0.149640
2025-10-17,16.229979,0.387662,0.550931,-0.163269
2025-10-18,16.232717,0.387471,0.551036,-0.163566
2025-10-19,16.235455,0.391016,0.551138,-0.160122
2025-10-20,16.238193,0.401352,0.551235,-0.149883
2025-10-21,16.240931,0.397596,0.551328,-0.153732
2025-10-22,16.243669,0.390868,0.551417,-0.160549
2025-10-23,16.246407,0.395682,0.551501,-0.155819
2025-10-24,16.249144,0.400470,0.551582,-0.151112
2025-10-25,16.251882,0.402533,0.551658,-0.149125
2025-10-26,16.254620,0.406845,0.551729,-0.144884
2025-10-27,16.257358,0.415294,0.551797,-0.136503
2025-10-28,16.260096,0.412025,0.551860,-0.139835
2025-10-29,16.262834,0.404768,0.551919,-0.147151
2025-10-30,16.265572,0.391868,0.551974,-0.160106
2025-10-31,16.268309,0.393586,0.552025,-0.158439
2025-11-01,16.271047,0.395037,0.552071,-0.157034
2025-11-02,16.273785,0.395684,0.552113,-0.156429
2025-11-03,16.276523,0.384675,0.552151,-0.167476
2025-11-04,16.279261,0.368902,0.552185,-0.183283
2025-11-05,16.281999,0.363301,0.552214,-0.188913
2025-11-06,16.284736,0.363761,0.552240,-0.188479
2025-11-07,16.287474,0.358750,0.552260,-0.193511
2025-11-08,16.290212,0.360333,0.552277,-0.191944
2025-11-09,16.292950,0.362184,0.552290,-0.190106
2025-11-10,16.295688,0.374189,0.552298,-0.178109
2025-11-11,16.298426,0.369452,0.552302,-0.182850
2025-11-12,16.301164,0.362921,0.552302,-0.189381
2025-11-13,16.303901,0.356096,0.552297,-0.196201
2025-11-14,16.306639,0.336586,0.552288,-0.215703
2025-11-15,16.309377,0.331734,0.552275,-0.220541
2025-11-16,16.312115,0.328975,0.552258,-0.223283
2025-11-17,16.314853,0.325128,0.552237,-0.227109
2025-11-18,16.317591,0.314504,0.552211,-0.237707
2025-11-19,16.320329,0.311144,0.552181,-0.241037
2025-11-20,16.323066,0.305737,0.552147,-0.246410
2025-11-21,16.325804,0.277447,0.552109,-0.274662
2025-11-22,16.328542,0.275675,0.552066,-0.276392
2025-11-23,16.331280,0.284769,0.552020,-0.267251
2025-11-24,16.334018,0.287431,0.551969,-0.264538
2025-11-25,16.336756,0.288716,0.551914,-0.263198
2025-11-26,16.339493,0.291478,0.551854,-0.260377
2025-11-27,16.342231,0.305784,0.551791,-0.246006
2025-11-28,16.344969,0.307019,0.551723,-0.244704
2025-11-29,16.347707,0.304643,0.551651,-0.247008
2025-11-30,16.350445,0.305700,0.551575,-0.245874
2025-12-01,16.353183,0.281670,0.551494,-0.269825
2025-12-02,16.355921,0.292688,0.551410,-0.258722
2025-12-03,16.358658,0.310349,0.551321,-0.240972
2025-12-04,16.361396,0.310705,0.551228,-0.240523
2025-12-05,16.364134,0.302060,0.551131,-0.249072
2025-12-06,16.366872,0.294658,0.551030,-0.256372
2025-12-07,16.369610,0.295367,0.550924,-0.255558
2025-12-08,16.372348,0.299216,0.550815,-0.251599
2025-12-09,16.375086,0.299890,0.550701,-0.250810
2025-12-10,16.377823,0.304590,0.550583,-0.245993
2025-12-11,16.380561,0.295855,0.550461,-0.254606
2025-12-12,16.383299,0.299816,0.550334,-0.250518
2025-12-13,16.386037,0.293503,0.550204,-0.256701
2025-12-14,16.388775,0.289397,0.550069,-0.260672
2025-12-15,16.391513,0.282620,0.549931,-0.267311
2025-12-16,16.394251,0.275308,0.549788,-0.274479
2025-12-17,16.396988,0.275192,0.549641,-0.274449
2025-12-18,16.399726,0.273658,0.549489,-0.275831
2025-12-19,16.402464,0.277116,0.549334,-0.272218
2025-12-20,16.405202,0.280202,0.549175,-0.268973
2025-12-21,16.407940,0.280103,0.549011,-0.268908
2025-12-22,16.410678,0.283924,0.548843,-0.264920
2025-12-23,16.413415,0.276985,0.548672,-0.271687
2025-12-24,16.416153,0.273659,0.548496,-0.274836
2025-12-25,16.418891,0.275592,0.548316,-0.272724
2025-12-26,16.421629,0.276903,0.548132,-0.271228
2025-12-27,16.424367,0.273436,0.547943,-0.274507
2025-12-28,16.427105,0.274249,0.547751,-0.273502
2025-12-29,16.429843,0.276412,0.547555,-0.271143
2025-12-30,16.432580,0.274301,0.547354,-0.273053
2025-12-31,16.435318,0.275822,0.547150,-0.271327
2026-01-01,16.438056,0.273698,0.546941,-0.273243
2026-01-02,16.440794,0.280327,0.546728,-0.266401
2026-01-03,16.443532,0.283295,0.546512,-0.263217
2026-01-04,16.446270,0.288922,0.546291,-0.257369
2026-01-05,16.449008,0.297557,0.546066,-0.248509
2026-01-06,16.451745,0.297963,0.545837,-0.247874
2026-01-07,16.454483,0.291154,0.545604,-0.254450
2026-01-08,16.457221,0.284644,0.545367,-0.260723
2026-01-09,16.459959,0.284476,0.545126,-0.260650
2026-01-10,16.462697,0.283369,0.544881,-0.261512
2026-01-11,16.465435,0.283225,0.544632,-0.261407
2026-01-12,16.468172,0.286170,0.544379,-0.258209
2026-01-13,16.470910,0.291637,0.544122,-0.252485
2026-01-14,16.473648,0.306635,0.543861,-0.237226
2026-01-15,16.476386,0.308177,0.543596,-0.235419
2026-01-16,16.479124,0.303774,0.543327,-0.239553
2026-01-17,16.481862,0.302898,0.543054,-0.240156
2026-01-18,16.484600,0.301816,0.542777,-0.240961
2026-01-19,16.487337,0.290595,0.542496,-0.251901
2026-01-20,16.490075,0.280564,0.542211,-0.261648
2026-01-21,16.492813,0.272902,0.541923,-0.269021
2026-01-22,16.495551,0.274481,0.541630,-0.267149
2026-01-23,16.498289,0.273416,0.541333,-0.267917
2026-01-24,16.501027,0.272165,0.541033,-0.268867
2026-01-25,16.503765,0.265496,0.540728,-0.275232
2026-01-26,16.506502,0.263161,0.540420,-0.277259
2026-01-27,16.509240,0.265613,0.540107,-0.274495
2026-01-28,16.511978,0.270085,0.539791,-0.269707
2026-01-29,16.514716,0.256975,0.539471,-0.282496
2026-01-30,16.517454,0.237566,0.539147,-0.301582
2026-01-31,16.520192,0.230317,0.538819,-0.308502
2026-02-01,16.522930,0.209168,0.538488,-0.329320
2026-02-02,16.525667,0.207016,0.538152,-0.331136
2026-02-03,16.528405,0.205795,0.537812,-0.332018
2026-02-04,16.531143,0.191820,0.537469,-0.345649
2026-02-05,16.533881,0.154555,0.537122,-0.382567
2026-02-06,16.536619,0.142503,0.536771,-0.394268
2026-02-07,16.539357,0.156447,0.536416,-0.379970
2026-02-08,16.542094,0.161859,0.536058,-0.374199
2026-02-09,16.544832,0.161254,0.535695,-0.374442
2026-02-10,16.547570,0.150398,0.535329,-0.384931
2026-02-11,16.550308,0.141921,0.534959,-0.393038
2026-02-12,16.553046,0.134112,0.534586,-0.400474
2026-02-13,16.555784,0.150997,0.534208,-0.383211
2026-02-14,16.558522,0.156848,0.533827,-0.376979
2026-02-15,16.561259,0.150214,0.533442,-0.383228
2026-02-16,16.563997,0.147736,0.533053,-0.385317
2026-02-17,16.566735,0.140487,0.532661,-0.392174
2026-02-18,16.569473,0.132880,0.532265,-0.399385
2026-02-19,16.572211,0.135901,0.531865,-0.395964
2026-02-20,16.574949,0.142786,0.531461,-0.388675
2026-02-21,16.577687,0.141838,0.531054,-0.389216
2026-02-22,16.580424,0.139567,0.530643,-0.391075
2026-02-23,16.583162,0.119941,0.530228,-0.410287
2026-02-24,16.585900,0.115491,0.529810,-0.414318
2026-02-25,16.588638,0.143492,0.529388,-0.385895
2026-02-26,16.591376,0.137492,0.528962,-0.391470
2026-02-27,16.594114,0.124425,0.528533,-0.404107
2026-02-28,16.596851,0.134347,0.528100,-0.393753
2026-03-01,16.599589,0.121129,0.527663,-0.406534
2026-03-02,16.602327,0.147622,0.527223,-0.379601
2026-03-03,16.605065,0.140169,0.526780,-0.386610
2026-03-04,16.607803,0.167254,0.526332,-0.359078
2026-03-05,16.610541,0.157917,0.525881,-0.367964
2026-03-06,16.613279,0.140009,0.525427,-0.385418
2026-03-07,16.616016,0.132188,0.524969,-0.392781
2026-03-08,16.618754,0.125278,0.524507,-0.399229
2026-03-09,16.621492,0.140383,0.524042,-0.383659
2026-03-10,16.624230,0.146680,0.523574,-0.376894
2026-03-11,16.626968,0.150605,0.523101,-0.372497
2026-03-12,16.629706,0.148812,0.522626,-0.373814
2026-03-13,16.632444,0.152299,0.522147,-0.369848
2026-03-14,16.635181,0.151501,0.521664,-0.370163
2026-03-15,16.637919,0.163601,0.521178,-0.357577
2026-03-16,16.640657,0.174625,0.520688,-0.346064
2026-03-17,16.643395,0.171902,0.520195,-0.348293
2026-03-18,16.646133,0.152563,0.519699,-0.367136
2026-03-19,16.648871,0.146117,0.519199,-0.373082
2026-03-20,16.651608,0.149656,0.518696,-0.369040
2026-03-21,16.654346,0.146280,0.518189,-0.371909
2026-03-22,16.657084,0.133408,0.517679,-0.384271
2026-03-23,16.659822,0.148393,0.517166,-0.368773
2026-03-24,16.662560,0.145401,0.516649,-0.371248
2026-03-25,16.665298,0.151262,0.516129,-0.364867
2026-03-26,16.668036,0.135299,0.515605,-0.380306
2026-03-27,16.670773,0.116604,0.515078,-0.398474
