date,years,excess,fit,residual
2010-07-26,1.002053,0.276323,0.381560,-0.105237
2010-07-27,1.004791,0.315149,0.385910,-0.070760
2010-07-28,1.007529,0.303992,0.389963,-0.085971
2010-07-29,1.010267,0.325445,0.393696,-0.068251
2010-07-30,1.013005,0.345279,0.397086,-0.051808
2010-07-31,1.015743,0.317580,0.400114,-0.082534
2010-08-01,1.018480,0.301491,0.402759,-0.101268
2010-08-02,1.021218,0.301592,0.405005,-0.103413
2010-08-03,1.023956,0.294410,0.406835,-0.112425
2010-08-04,1.026694,0.284264,0.408236,-0.123972
2010-08-05,1.029432,0.273498,0.409194,-0.135695
2010-08-06,1.032170,0.281307,0.409699,-0.128392
2010-08-07,1.034908,0.265214,0.409742,-0.144528
2010-08-08,1.037645,0.256204,0.409314,-0.153111
2010-08-09,1.040383,0.283963,0.408412,-0.124448
2010-08-10,1.043121,0.306183,0.407029,-0.100845
2010-08-11,1.045859,0.298874,0.405163,-0.106289
2010-08-12,1.048597,0.281971,0.402814,-0.120844
2010-08-13,1.051335,0.264601,0.399983,-0.135382
2010-08-14,1.054073,0.265159,0.396671,-0.131512
2010-08-15,1.056810,0.254009,0.392882,-0.138873
2010-08-16,1.059548,0.245009,0.388622,-0.143613
2010-08-17,1.062286,0.249150,0.383898,-0.134748
2010-08-18,1.065024,0.260214,0.378717,-0.118503
2010-08-19,1.067762,0.242071,0.373090,-0.131019
2010-08-20,1.070500,0.226819,0.367027,-0.140208
2010-08-21,1.073238,0.218457,0.360540,-0.142083
2010-08-22,1.075975,0.199242,0.353643,-0.154401
2010-08-23,1.078713,0.203339,0.346351,-0.143012
2010-08-24,1.081451,0.202656,0.338678,-0.136022
2010-08-25,1.084189,0.194553,0.330642,-0.136089
2010-08-26,1.086927,0.184551,0.322261,-0.137710
2010-08-27,1.089665,0.177080,0.313552,-0.136473
2010-08-28,1.092402,0.173726,0.304536,-0.130811
2010-08-29,1.095140,0.165991,0.295232,-0.129241
2010-08-30,1.097878,0.151148,0.285662,-0.134514
2010-08-31,1.100616,0.145303,0.275846,-0.130543
2010-09-01,1.103354,0.125300,0.265807,-0.140507
2010-09-02,1.106092,0.120912,0.255568,-0.134656
2010-09-03,1.108830,0.120190,0.245151,-0.124961
2010-09-04,1.111567,0.112637,0.234580,-0.121943
2010-09-05,1.114305,0.111057,0.223878,-0.112821
2010-09-06,1.117043,0.104057,0.213069,-0.109012
2010-09-07,1.119781,0.095476,0.202177,-0.106701
2010-09-08,1.122519,0.088694,0.191227,-0.102533
2010-09-09,1.125257,0.085451,0.180242,-0.094791
2010-09-10,1.127995,0.075368,0.169246,-0.093878
2010-09-11,1.130732,0.083336,0.158264,-0.074927
2010-09-12,1.133470,0.071163,0.147318,-0.076155
2010-09-13,1.136208,0.066174,0.136434,-0.070260
2010-09-14,1.138946,0.078084,0.125633,-0.047549
2010-09-15,1.141684,0.050936,0.114939,-0.064003
2010-09-16,1.144422,0.050516,0.104374,-0.053858
2010-09-17,1.147159,0.035881,0.093961,-0.058080
2010-09-18,1.149897,0.029138,0.083721,-0.054583
2010-09-19,1.152635,0.035001,0.073675,-0.038674
2010-09-20,1.155373,0.033832,0.063844,-0.030012
2010-09-21,1.158111,0.030962,0.054248,-0.023287
2010-09-22,1.160849,0.020723,0.044906,-0.024182
2010-09-23,1.163587,0.016453,0.035835,-0.019383
2010-09-24,1.166324,0.010825,0.027055,-0.016230
2010-09-25,1.169062,0.004280,0.018583,-0.014303
2010-09-26,1.171800,-0.000503,0.010433,-0.010936
2010-09-27,1.174538,-0.005572,0.002623,-0.008195
2010-09-28,1.177276,-0.011810,-0.004834,-0.006976
2010-09-29,1.180014,-0.017717,-0.011924,-0.005793
2010-09-30,1.182752,-0.023555,-0.018634,-0.004921
2010-10-01,1.185489,-0.027254,-0.024953,-0.002301
2010-10-02,1.188227,-0.035865,-0.030868,-0.004997
2010-10-03,1.190965,-0.042328,-0.036370,-0.005958
2010-10-04,1.193703,-0.048135,-0.041451,-0.006685
2010-10-05,1.196441,-0.050704,-0.046101,-0.004603
2010-10-06,1.199179,-0.047071,-0.050313,0.003242
2010-10-07,1.201916,-0.044306,-0.054082,0.009777
2010-10-08,1.204654,0.029280,-0.057402,0.086682
2010-10-09,1.207392,0.068829,-0.060269,0.129098
2010-10-10,1.210130,0.119719,-0.062678,0.182397
2010-10-11,1.212868,0.108789,-0.064628,0.173417
2010-10-12,1.215606,0.087080,-0.066118,0.153198
2010-10-13,1.218344,0.101025,-0.067145,0.168170
2010-10-14,1.221081,0.114591,-0.067712,0.182303
2010-10-15,1.223819,0.116723,-0.067818,0.184541
2010-10-16,1.226557,0.111843,-0.067467,0.179310
2010-10-17,1.229295,0.110909,-0.066660,0.177569
2010-10-18,1.232033,0.102225,-0.065402,0.167626
2010-10-19,1.234771,0.090195,-0.063697,0.153892
2010-10-20,1.237509,0.074806,-0.061551,0.136357
2010-10-21,1.240246,0.085489,-0.058969,0.144458
2010-10-22,1.242984,0.095722,-0.055960,0.151682
2010-10-23,1.245722,0.104897,-0.052530,0.157427
2010-10-24,1.248460,0.154877,-0.048687,0.203564
2010-10-25,1.251198,0.173780,-0.044441,0.218221
2010-10-26,1.253936,0.247708,-0.039802,0.287510
2010-10-27,1.256674,0.293468,-0.034779,0.328247
2010-10-28,1.259411,0.312396,-0.029385,0.341780
2010-10-29,1.262149,0.306655,-0.023629,0.330284
2010-10-30,1.264887,0.315893,-0.017524,0.333417
2010-10-31,1.267625,0.320483,-0.011083,0.331566
2010-11-01,1.270363,0.307537,-0.004318,0.311855
2010-11-02,1.273101,0.307113,0.002757,0.304356
2010-11-03,1.275838,0.277616,0.010128,0.267488
2010-11-04,1.278576,0.332622,0.017782,0.314840
2010-11-05,1.281314,0.379538,0.025704,0.353835
2010-11-06,1.284052,0.439842,0.033878,0.405964
2010-11-07,1.286790,0.555587,0.042291,0.513295
2010-11-08,1.289528,0.497220,0.050927,0.446293
2010-11-09,1.292266,0.402200,0.059770,0.342430
2010-11-10,1.295003,0.284627,0.068806,0.215821
2010-11-11,1.297741,0.334002,0.078017,0.255985
2010-11-12,1.300479,0.365918,0.087388,0.278530
2010-11-13,1.303217,0.415250,0.096904,0.318346
2010-11-14,1.305955,0.411217,0.106548,0.304669
2010-11-15,1.308693,0.404500,0.116305,0.288195
2010-11-16,1.311431,0.359611,0.126158,0.233453
2010-11-17,1.314168,0.349679,0.136092,0.213587
2010-11-18,1.316906,0.349374,0.146091,0.203283
2010-11-19,1.319644,0.376365,0.156138,0.220227
2010-11-20,1.322382,0.380921,0.166219,0.214701
2010-11-21,1.325120,0.375977,0.176319,0.199659
2010-11-22,1.327858,0.373618,0.186421,0.187197
2010-11-23,1.330595,0.373841,0.196511,0.177330
2010-11-24,1.333333,0.367718,0.206574,0.161144
2010-11-25,1.336071,0.362816,0.216596,0.146220
2010-11-26,1.338809,0.359594,0.226562,0.133032
2010-11-27,1.341547,0.357280,0.236459,0.120821
2010-11-28,1.344285,0.345915,0.246272,0.099643
2010-11-29,1.347023,0.306370,0.255989,0.050382
2010-11-30,1.349760,0.225547,0.265596,-0.040049
2010-12-01,1.352498,0.226730,0.275082,-0.048351
2010-12-02,1.355236,0.256240,0.284433,-0.028194
2010-12-03,1.357974,0.272020,0.293639,-0.021619
2010-12-04,1.360712,0.255160,0.302688,-0.047528
2010-12-05,1.363450,0.195560,0.311568,-0.116008
2010-12-06,1.366188,0.163574,0.320271,-0.156697
2010-12-07,1.368925,0.180773,0.328785,-0.148012
2010-12-08,1.371663,0.219355,0.337101,-0.117746
2010-12-09,1.374401,0.164245,0.345211,-0.180965
2010-12-10,1.377139,0.134283,0.353105,-0.218822
2010-12-11,1.379877,0.185367,0.360775,-0.175408
2010-12-12,1.382615,0.174740,0.368215,-0.193475
2010-12-13,1.385352,0.177177,0.375417,-0.198240
2010-12-14,1.388090,0.188360,0.382374,-0.194014
2010-12-15,1.390828,0.208408,0.389081,-0.180673
2010-12-16,1.393566,0.199981,0.395532,-0.195551
2010-12-17,1.396304,0.206921,0.401722,-0.194801
2010-12-18,1.399042,0.204430,0.407647,-0.203217
2010-12-19,1.401780,0.196776,0.413303,-0.216526
2010-12-20,1.404517,0.210482,0.418686,-0.208204
2010-12-21,1.407255,0.210955,0.423793,-0.212838
2010-12-22,1.409993,0.189749,0.428622,-0.238873
2010-12-23,1.412731,0.185485,0.433172,-0.247687
2010-12-24,1.415469,0.182341,0.437440,-0.255099
2010-12-25,1.418207,0.178022,0.441426,-0.263404
2010-12-26,1.420945,0.184582,0.445129,-0.260548
2010-12-27,1.423682,0.184179,0.448550,-0.264371
2010-12-28,1.426420,0.200276,0.451689,-0.251413
2010-12-29,1.429158,0.226763,0.454547,-0.227784
2010-12-30,1.431896,0.230596,0.457126,-0.226530
2010-12-31,1.434634,0.228942,0.459427,-0.230485
2011-01-01,1.437372,0.224371,0.461453,-0.237082
2011-01-02,1.440110,0.220205,0.463207,-0.243002
2011-01-03,1.442847,0.211084,0.464691,-0.253607
2011-01-04,1.445585,0.208918,0.465910,-0.256992
2011-01-05,1.448323,0.205788,0.466867,-0.261079
2011-01-06,1.451061,0.203709,0.467567,-0.263859
2011-01-07,1.453799,0.222555,0.468015,-0.245460
2011-01-08,1.456537,0.221149,0.468216,-0.247067
2011-01-09,1.459274,0.227386,0.468174,-0.240788
2011-01-10,1.462012,0.227114,0.467897,-0.240783
2011-01-11,1.464750,0.223070,0.467389,-0.244320
2011-01-12,1.467488,0.227719,0.466658,-0.238939
2011-01-13,1.470226,0.266863,0.465710,-0.198847
2011-01-14,1.472964,0.270671,0.464552,-0.193882
2011-01-15,1.475702,0.286475,0.463192,-0.176716
2011-01-16,1.478439,0.284355,0.461635,-0.177280
2011-01-17,1.481177,0.263809,0.459892,-0.196082
2011-01-18,1.483915,0.205002,0.457968,-0.252966
2011-01-19,1.486653,0.170014,0.455872,-0.285858
2011-01-20,1.489391,0.206324,0.453613,-0.247289
2011-01-21,1.492129,0.262089,0.451199,-0.189110
2011-01-22,1.494867,0.288327,0.448638,-0.160311
2011-01-23,1.497604,0.301106,0.445940,-0.144833
2011-01-24,1.500342,0.269479,0.443112,-0.173632
2011-01-25,1.503080,0.271840,0.440164,-0.168323
2011-01-26,1.505818,0.261115,0.437104,-0.175989
2011-01-27,1.508556,0.262203,0.433943,-0.171739
2011-01-28,1.511294,0.275505,0.430688,-0.155182
2011-01-29,1.514031,0.280757,0.427349,-0.146592
2011-01-30,1.516769,0.297974,0.423936,-0.125961
2011-01-31,1.519507,0.329071,0.420457,-0.091386
2011-02-01,1.522245,0.454422,0.416921,0.037501
2011-02-02,1.524983,0.481502,0.413338,0.068163
2011-02-03,1.527721,0.469653,0.409718,0.059935
2011-02-04,1.530459,0.499996,0.406068,0.093928
2011-02-05,1.533196,0.550902,0.402398,0.148504
2011-02-06,1.535934,0.556209,0.398718,0.157491
2011-02-07,1.538672,0.541215,0.395035,0.146180
2011-02-08,1.541410,0.547695,0.391359,0.156336
2011-02-09,1.544148,0.560874,0.387698,0.173176
2011-02-10,1.546886,0.602760,0.384062,0.218698
2011-02-11,1.549624,0.576391,0.380458,0.195933
2011-02-12,1.552361,0.597540,0.376895,0.220645
2011-02-13,1.555099,0.595774,0.373380,0.222393
2011-02-14,1.557837,0.597775,0.369923,0.227852
2011-02-15,1.560575,0.590230,0.366531,0.223699
2011-02-16,1.563313,0.582016,0.363211,0.218805
2011-02-17,1.566051,0.580664,0.359971,0.220692
2011-02-18,1.568789,0.556802,0.356819,0.199983
2011-02-19,1.571526,0.522777,0.353761,0.169017
2011-02-20,1.574264,0.488214,0.350804,0.137410
2011-02-21,1.577002,0.475345,0.347955,0.127390
2011-02-22,1.579740,0.477775,0.345221,0.132554
2011-02-23,1.582478,0.495228,0.342607,0.152621
2011-02-24,1.585216,0.510005,0.340120,0.169885
2011-02-25,1.587953,0.515817,0.337765,0.178052
2011-02-26,1.590691,0.500649,0.335549,0.165100
2011-02-27,1.593429,0.495054,0.333475,0.161579
2011-02-28,1.596167,0.470240,0.331549,0.138690
2011-03-01,1.598905,0.478988,0.329776,0.149211
2011-03-02,1.601643,0.476717,0.328161,0.148556
2011-03-03,1.604381,0.475965,0.326707,0.149258
2011-03-04,1.607118,0.464788,0.325419,0.139369
2011-03-05,1.609856,0.456984,0.324299,0.132685
2011-03-06,1.612594,0.424113,0.323352,0.100760
2011-03-07,1.615332,0.433854,0.322581,0.111273
2011-03-08,1.618070,0.429040,0.321988,0.107051
2011-03-09,1.620808,0.418912,0.321577,0.097336
2011-03-10,1.623546,0.418583,0.321348,0.097235
2011-03-11,1.626283,0.428939,0.321306,0.107633
2011-03-12,1.629021,0.427214,0.321450,0.105764
2011-03-13,1.631759,0.424800,0.321783,0.103017
2011-03-14,1.634497,0.415359,0.322305,0.093053
2011-03-15,1.637235,0.408176,0.323019,0.085157
2011-03-16,1.639973,0.393488,0.323924,0.069564
2011-03-17,1.642710,0.378957,0.325020,0.053937
2011-03-18,1.645448,0.359159,0.326309,0.032850
2011-03-19,1.648186,0.329250,0.327790,0.001461
2011-03-20,1.650924,0.330637,0.329462,0.001176
2011-03-21,1.653662,0.316824,0.331324,-0.014500
2011-03-22,1.656400,0.327713,0.333377,-0.005664
2011-03-23,1.659138,0.352927,0.335618,0.017309
2011-03-24,1.661875,0.360653,0.338047,0.022606
2011-03-25,1.664613,0.368325,0.340661,0.027664
2011-03-26,1.667351,0.360244,0.343459,0.016785
2011-03-27,1.670089,0.345258,0.346439,-0.001181
2011-03-28,1.672827,0.321408,0.349598,-0.028190
2011-03-29,1.675565,0.307643,0.352934,-0.045291
2011-03-30,1.678303,0.302941,0.356445,-0.053504
2011-03-31,1.681040,0.300603,0.360126,-0.059523
2011-04-01,1.683778,0.292948,0.363975,-0.071027
2011-04-02,1.686516,0.292396,0.367989,-0.075593
2011-04-03,1.689254,0.285904,0.372164,-0.086260
2011-04-04,1.691992,0.230493,0.376496,-0.146003
2011-04-05,1.694730,0.203564,0.380982,-0.177418
2011-04-06,1.697467,0.236939,0.385616,-0.148677
2011-04-07,1.700205,0.255485,0.390396,-0.134911
2011-04-08,1.702943,0.258442,0.395316,-0.136874
2011-04-09,1.705681,0.245024,0.400372,-0.155347
2011-04-10,1.708419,0.237641,0.405559,-0.167918
2011-04-11,1.711157,0.244786,0.410873,-0.166087
2011-04-12,1.713895,0.284655,0.416307,-0.131652
2011-04-13,1.716632,0.320006,0.421858,-0.101852
2011-04-14,1.719370,0.323821,0.427520,-0.103699
2011-04-15,1.722108,0.355283,0.433288,-0.078005
2011-04-16,1.724846,0.359072,0.439156,-0.080084
2011-04-17,1.727584,0.363177,0.445118,-0.081942
2011-04-18,1.730322,0.398515,0.451169,-0.052654
2011-04-19,1.733060,0.405497,0.457304,-0.051807
2011-04-20,1.735797,0.398431,0.463516,-0.065085
2011-04-21,1.738535,0.395296,0.469799,-0.074503
2011-04-22,1.741273,0.429828,0.476148,-0.046320
2011-04-23,1.744011,0.488116,0.482557,0.005559
2011-04-24,1.746749,0.543531,0.489019,0.054511
2011-04-25,1.749487,0.516613,0.495529,0.021084
2011-04-26,1.752225,0.524638,0.502081,0.022557
2011-04-27,1.754962,0.575776,0.508667,0.067109
2011-04-28,1.757700,0.604998,0.515283,0.089715
2011-04-29,1.760438,0.695978,0.521922,0.174056
2011-04-30,1.763176,0.794127,0.528578,0.265549
2011-05-01,1.765914,0.815904,0.535244,0.280659
2011-05-02,1.768652,0.793871,0.541916,0.251955
2011-05-03,1.771389,0.803420,0.548585,0.254834
2011-05-04,1.774127,0.814432,0.555247,0.259185
2011-05-05,1.776865,0.812794,0.561895,0.250898
2011-05-06,1.779603,0.817505,0.568524,0.248981
2011-05-07,1.782341,0.824693,0.575127,0.249566
2011-05-08,1.785079,0.844290,0.581698,0.262593
2011-05-09,1.787817,0.847191,0.588231,0.258960
2011-05-10,1.790554,0.931240,0.594721,0.336519
2011-05-11,1.793292,1.007114,0.601162,0.405952
2011-05-12,1.796030,1.006944,0.607547,0.399397
2011-05-13,1.798768,1.125205,0.613872,0.511333
2011-05-14,1.801506,1.165183,0.620131,0.545052
2011-05-15,1.804244,1.070661,0.626318,0.444343
2011-05-16,1.806982,1.128177,0.632429,0.495749
2011-05-17,1.809719,1.120841,0.638456,0.482385
2011-05-18,1.812457,1.089885,0.644397,0.445489
2011-05-19,1.815195,1.075605,0.650244,0.425360
2011-05-20,1.817933,1.050341,0.655994,0.394347
2011-05-21,1.820671,0.994977,0.661641,0.333335
2011-05-22,1.823409,1.025860,0.667182,0.358679
2011-05-23,1.826146,1.068374,0.672610,0.395765
2011-05-24,1.828884,1.065913,0.677921,0.387992
2011-05-25,1.831622,1.082018,0.683112,0.398906
2011-05-26,1.834360,1.139000,0.688177,0.450822
2011-05-27,1.837098,1.144660,0.693114,0.451546
2011-05-28,1.839836,1.129532,0.697916,0.431616
2011-05-29,1.842574,1.117087,0.702582,0.414505
2011-05-30,1.845311,1.129353,0.707107,0.422247
2011-05-31,1.848049,1.141086,0.711487,0.429600
2011-06-01,1.850787,1.144882,0.715719,0.429163
2011-06-02,1.853525,1.187510,0.719799,0.467710
2011-06-03,1.856263,1.286167,0.723725,0.562441
2011-06-04,1.859001,1.389739,0.727494,0.662245
2011-06-05,1.861739,1.417831,0.731102,0.686729
2011-06-06,1.864476,1.434261,0.734547,0.699714
2011-06-07,1.867214,1.448973,0.737827,0.711146
2011-06-08,1.869952,1.602165,0.740938,0.861228
2011-06-09,1.872690,1.633441,0.743879,0.889562
2011-06-10,1.875428,1.583629,0.746647,0.836982
2011-06-11,1.878166,1.455091,0.749241,0.705850
2011-06-12,1.880903,1.374129,0.751659,0.622470
2011-06-13,1.883641,1.469430,0.753899,0.715532
2011-06-14,1.886379,1.430060,0.755960,0.674100
2011-06-15,1.889117,1.439261,0.757840,0.681421
2011-06-16,1.891855,1.425236,0.759538,0.665699
2011-06-17,1.894593,1.334391,0.761053,0.573338
2011-06-18,1.897331,1.334351,0.762385,0.571966
2011-06-19,1.900068,1.378253,0.763532,0.614721
2011-06-20,1.902806,1.273712,0.764495,0.509218
2011-06-21,1.905544,1.303361,0.765272,0.538089
2011-06-22,1.908282,1.330704,0.765863,0.564840
2011-06-23,1.911020,1.360788,0.766269,0.594519
2011-06-24,1.913758,1.357849,0.766489,0.591360
2011-06-25,1.916496,1.354668,0.766524,0.588144
2011-06-26,1.919233,1.351739,0.766373,0.585365
2011-06-27,1.921971,1.335984,0.766038,0.569945
2011-06-28,1.924709,1.319595,0.765520,0.554076
2011-06-29,1.927447,1.303068,0.764817,0.538250
2011-06-30,1.930185,1.286120,0.763933,0.522187
2011-07-01,1.932923,1.268725,0.762867,0.505858
2011-07-02,1.935661,1.250852,0.761622,0.489230
2011-07-03,1.938398,1.235557,0.760197,0.475360
2011-07-04,1.941136,1.203770,0.758596,0.445175
2011-07-05,1.943874,1.187990,0.756818,0.431172
2011-07-06,1.946612,1.245621,0.754867,0.490754
2011-07-07,1.949350,1.226345,0.752743,0.473601
2011-07-08,1.952088,1.228878,0.750449,0.478429
2011-07-09,1.954825,1.228774,0.747987,0.480787
2011-07-10,1.957563,1.241157,0.745359,0.495797
2011-07-11,1.960301,1.207975,0.742568,0.465407
2011-07-12,1.963039,1.202019,0.739614,0.462405
2011-07-13,1.965777,1.198761,0.736502,0.462259
2011-07-14,1.968515,1.198936,0.733234,0.465702
2011-07-15,1.971253,1.204760,0.729812,0.474948
2011-07-16,1.973990,1.176176,0.726240,0.449936
2011-07-17,1.976728,1.171659,0.722519,0.449139
2011-07-18,1.979466,1.170260,0.718654,0.451606
2011-07-19,1.982204,1.171551,0.714647,0.456904
2011-07-20,1.984942,1.169985,0.710501,0.459483
2011-07-21,1.987680,1.171542,0.706220,0.465322
2011-07-22,1.990418,1.166804,0.701807,0.464997
2011-07-23,1.993155,1.159788,0.697264,0.462524
2011-07-24,1.995893,1.160992,0.692597,0.468396
2011-07-25,1.998631,1.167398,0.687807,0.479590
2011-07-26,2.001369,1.163993,0.682900,0.481093
2011-07-27,2.004107,1.157298,0.677878,0.479420
2011-07-28,2.006845,1.145672,0.672745,0.472928
2011-07-29,2.009582,1.138659,0.667504,0.471155
2011-07-30,2.012320,1.138698,0.662161,0.476538
2011-07-31,2.015058,1.128732,0.656717,0.472015
2011-08-01,2.017796,1.118679,0.651179,0.467500
2011-08-02,2.020534,1.096513,0.645548,0.450965
2011-08-03,2.023272,1.019197,0.639830,0.379368
2011-08-04,2.026010,1.018710,0.634027,0.384683
2011-08-05,2.028747,1.013159,0.628145,0.385014
2011-08-06,2.031485,0.931394,0.622188,0.309206
2011-08-07,2.034223,0.886160,0.616158,0.270002
2011-08-08,2.036961,0.879089,0.610061,0.269028
2011-08-09,2.039699,0.956264,0.603900,0.352364
2011-08-10,2.042437,0.973620,0.597680,0.375939
2011-08-11,2.045175,0.958292,0.591405,0.366887
2011-08-12,2.047912,0.936458,0.585079,0.351379
2011-08-13,2.050650,0.947715,0.578705,0.369010
2011-08-14,2.053388,0.975810,0.572289,0.403521
2011-08-15,2.056126,1.002006,0.565834,0.436172
2011-08-16,2.058864,0.995356,0.559344,0.436012
2011-08-17,2.061602,0.988091,0.552823,0.435267
2011-08-18,2.064339,0.984921,0.546276,0.438645
2011-08-19,2.067077,0.996996,0.539706,0.457290
2011-08-20,2.069815,1.000186,0.533119,0.467067
2011-08-21,2.072553,0.992871,0.526516,0.466355
2011-08-22,2.075291,0.980324,0.519904,0.460420
2011-08-23,2.078029,0.973859,0.513285,0.460574
2011-08-24,2.080767,0.967081,0.506663,0.460417
2011-08-25,2.083504,0.937259,0.500043,0.437216
2011-08-26,2.086242,0.924505,0.493428,0.431077
2011-08-27,2.088980,0.857737,0.486823,0.370914
2011-08-28,2.091718,0.862512,0.480231,0.382282
2011-08-29,2.094456,0.865036,0.473655,0.391381
2011-08-30,2.097194,0.856870,0.467100,0.389770
2011-08-31,2.099932,0.835508,0.460569,0.374939
2011-09-01,2.102669,0.820581,0.454065,0.366516
2011-09-02,2.105407,0.828766,0.447593,0.381172
2011-09-03,2.108145,0.830930,0.441156,0.389774
2011-09-04,2.110883,0.812597,0.434757,0.377839
2011-09-05,2.113621,0.778662,0.428400,0.350262
2011-09-06,2.116359,0.723815,0.422088,0.301728
2011-09-07,2.119097,0.737207,0.415824,0.321383
2011-09-08,2.121834,0.721892,0.409611,0.312280
2011-09-09,2.124572,0.608261,0.403454,0.204807
2011-09-10,2.127310,0.587557,0.397354,0.190203
2011-09-11,2.130048,0.638023,0.391314,0.246709
2011-09-12,2.132786,0.664562,0.385339,0.279223
2011-09-13,2.135524,0.649182,0.379430,0.269752
2011-09-14,2.138261,0.619032,0.373590,0.245442
2011-09-15,2.140999,0.579974,0.367823,0.212152
2011-09-16,2.143737,0.550200,0.362130,0.188070
2011-09-17,2.146475,0.550083,0.356514,0.193568
2011-09-18,2.149213,0.551435,0.350979,0.200456
2011-09-19,2.151951,0.559986,0.345525,0.214461
2011-09-20,2.154689,0.607663,0.340157,0.267506
2011-09-21,2.157426,0.603727,0.334875,0.268853
2011-09-22,2.160164,0.594319,0.329682,0.264638
2011-09-23,2.162902,0.593707,0.324580,0.269127
2011-09-24,2.165640,0.589809,0.319571,0.270238
2011-09-25,2.168378,0.595575,0.314658,0.280917
2011-09-26,2.171116,0.573674,0.309841,0.263833
2011-09-27,2.173854,0.521184,0.305124,0.216060
2011-09-28,2.176591,0.515044,0.300506,0.214538
2011-09-29,2.179329,0.505918,0.295991,0.209927
2011-09-30,2.182067,0.524413,0.291579,0.232834
2011-10-01,2.184805,0.518351,0.287272,0.231079
2011-10-02,2.187543,0.515118,0.283072,0.232046
2011-10-03,2.190281,0.504952,0.278979,0.225973
2011-10-04,2.193018,0.506724,0.274995,0.231729
2011-10-05,2.195756,0.512353,0.271121,0.241232
2011-10-06,2.198494,0.490209,0.267357,0.222852
2011-10-07,2.201232,0.461608,0.263706,0.197903
2011-10-08,2.203970,0.428228,0.260167,0.168062
2011-10-09,2.206708,0.402835,0.256741,0.146094
2011-10-10,2.209446,0.416385,0.253430,0.162956
2011-10-11,2.212183,0.418902,0.250233,0.168669
2011-10-12,2.214921,0.389001,0.247151,0.141850
2011-10-13,2.217659,0.392940,0.244185,0.148756
2011-10-14,2.220397,0.390700,0.241335,0.149365
2011-10-15,2.223135,0.375990,0.238601,0.137389
2011-10-16,2.225873,0.350226,0.235983,0.114242
2011-10-17,2.228611,0.319274,0.233482,0.085792
2011-10-18,2.231348,0.189541,0.231097,-0.041557
2011-10-19,2.234086,0.148188,0.228829,-0.080641
2011-10-20,2.236824,0.127186,0.226677,-0.099491
2011-10-21,2.239562,0.149933,0.224641,-0.074708
2011-10-22,2.242300,0.241211,0.222721,0.018490
2011-10-23,2.245038,0.249740,0.220917,0.028824
2011-10-24,2.247775,0.222894,0.219227,0.003667
2011-10-25,2.250513,0.191169,0.217652,-0.026483
2011-10-26,2.253251,0.189838,0.216191,-0.026352
2011-10-27,2.255989,0.208012,0.214842,-0.006831
2011-10-28,2.258727,0.273136,0.213607,0.059529
2011-10-29,2.261465,0.316541,0.212483,0.104058
2011-10-30,2.264203,0.280955,0.211470,0.069485
2011-10-31,2.266940,0.246934,0.210567,0.036368
2011-11-01,2.269678,0.242817,0.209773,0.033045
2011-11-02,2.272416,0.242684,0.209086,0.033598
2011-11-03,2.275154,0.240708,0.208507,0.032202
2011-11-04,2.277892,0.239716,0.208033,0.031683
2011-11-05,2.280630,0.210383,0.207663,0.002720
2011-11-06,2.283368,0.192626,0.207397,-0.014771
2011-11-07,2.286105,0.195200,0.207232,-0.012032
2011-11-08,2.288843,0.210918,0.207167,0.003751
2011-11-09,2.291581,0.203645,0.207201,-0.003557
2011-11-10,2.294319,0.200527,0.207333,-0.006806
2011-11-11,2.297057,0.201394,0.207560,-0.006166
2011-11-12,2.299795,0.207601,0.207881,-0.000281
2011-11-13,2.302533,0.200749,0.208295,-0.007546
2011-11-14,2.305270,0.123827,0.208800,-0.084972
2011-11-15,2.308008,0.110585,0.209393,-0.098808
2011-11-16,2.310746,0.105817,0.210074,-0.104257
2011-11-17,2.313484,0.100461,0.210839,-0.110379
2011-11-18,2.316222,0.060773,0.211689,-0.150916
2011-11-19,2.318960,0.050837,0.212620,-0.161782
2011-11-20,2.321697,0.037736,0.213630,-0.175895
2011-11-21,2.324435,0.057365,0.214718,-0.157353
2011-11-22,2.327173,0.054083,0.215882,-0.161798
2011-11-23,2.329911,0.030347,0.217119,-0.186772
2011-11-24,2.332649,0.078910,0.218427,-0.139517
2011-11-25,2.335387,0.282123,0.219805,0.062318
2011-11-26,2.338125,0.071220,0.221250,-0.150030
2011-11-27,2.340862,0.057838,0.222759,-0.164921
2011-11-28,2.343600,0.081459,0.224332,-0.142873
2011-11-29,2.346338,0.119808,0.225965,-0.106157
2011-11-30,2.349076,0.126197,0.227656,-0.101459
2011-12-01,2.351814,0.165552,0.229403,-0.063851
2011-12-02,2.354552,0.147709,0.231204,-0.083495
2011-12-03,2.357290,0.122758,0.233057,-0.110299
2011-12-04,2.360027,0.090744,0.234958,-0.144214
2011-12-05,2.362765,0.104263,0.236907,-0.132644
2011-12-06,2.365503,0.118719,0.238900,-0.120181
2011-12-07,2.368241,0.131675,0.240935,-0.109259
2011-12-08,2.370979,0.129213,0.243009,-0.113796
2011-12-09,2.373717,0.110869,0.245122,-0.134253
2011-12-10,2.376454,0.121159,0.247269,-0.126110
2011-12-11,2.379192,0.135804,0.249449,-0.113645
2011-12-12,2.381930,0.154437,0.251659,-0.097222
2011-12-13,2.384668,0.140108,0.253897,-0.113790
2011-12-14,2.387406,0.140203,0.256161,-0.115958
2011-12-15,2.390144,0.140318,0.258448,-0.118130
2011-12-16,2.392882,0.133896,0.260756,-0.126860
2011-12-17,2.395619,0.137681,0.263082,-0.125401
2011-12-18,2.398357,0.139052,0.265424,-0.126372
2011-12-19,2.401095,0.168958,0.267780,-0.098822
2011-12-20,2.403833,0.237696,0.270148,-0.032452
2011-12-21,2.406571,0.222648,0.272524,-0.049876
2011-12-22,2.409309,0.205539,0.274907,-0.069369
2011-12-23,2.412047,0.205975,0.277295,-0.071320
2011-12-24,2.414784,0.222638,0.279685,-0.057047
2011-12-25,2.417522,0.218172,0.282075,-0.063903
2011-12-26,2.420260,0.219647,0.284462,-0.064815
2011-12-27,2.422998,0.208361,0.286845,-0.078484
2011-12-28,2.425736,0.218086,0.289221,-0.071135
2011-12-29,2.428474,0.215592,0.291588,-0.075996
2011-12-30,2.431211,0.221136,0.293943,-0.072807
2011-12-31,2.433949,0.230404,0.296286,-0.065882
2012-01-01,2.436687,0.266522,0.298612,-0.032091
2012-01-02,2.439425,0.286195,0.300922,-0.014727
2012-01-03,2.442163,0.283231,0.303211,-0.019980
2012-01-04,2.444901,0.286139,0.305479,-0.019339
2012-01-05,2.447639,0.352848,0.307722,0.045126
2012-01-06,2.450376,0.386352,0.309940,0.076412
2012-01-07,2.453114,0.391873,0.312131,0.079742
2012-01-08,2.455852,0.404441,0.314291,0.090150
2012-01-09,2.458590,0.382324,0.316420,0.065904
2012-01-10,2.461328,0.367428,0.318515,0.048912
2012-01-11,2.464066,0.390514,0.320575,0.069939
2012-01-12,2.466804,0.387753,0.322598,0.065155
2012-01-13,2.469541,0.375094,0.324582,0.050512
2012-01-14,2.472279,0.358448,0.326525,0.031923
2012-01-15,2.475017,0.387350,0.328426,0.058925
2012-01-16,2.477755,0.370432,0.330282,0.040149
2012-01-17,2.480493,0.351719,0.332093,0.019626
2012-01-18,2.483231,0.318388,0.333857,-0.015469
2012-01-19,2.485969,0.325358,0.335572,-0.010214
2012-01-20,2.488706,0.351466,0.337236,0.014230
2012-01-21,2.491444,0.333325,0.338848,-0.005523
2012-01-22,2.494182,0.329640,0.340408,-0.010767
2012-01-23,2.496920,0.325056,0.341912,-0.016856
2012-01-24,2.499658,0.326089,0.343361,-0.017271
2012-01-25,2.502396,0.315184,0.344752,-0.029568
2012-01-26,2.505133,0.284242,0.346084,-0.061842
2012-01-27,2.507871,0.242250,0.347357,-0.105107
2012-01-28,2.510609,0.225139,0.348568,-0.123429
2012-01-29,2.513347,0.253069,0.349717,-0.096648
2012-01-30,2.516085,0.247640,0.350803,-0.103163
2012-01-31,2.518823,0.253242,0.351825,-0.098583
2012-02-01,2.521561,0.259282,0.352781,-0.093500
2012-02-02,2.524298,0.284191,0.353671,-0.069480
2012-02-03,2.527036,0.282934,0.354494,-0.071560
2012-02-04,2.529774,0.273213,0.355249,-0.082035
2012-02-05,2.532512,0.250820,0.355934,-0.105114
2012-02-06,2.535250,0.233611,0.356550,-0.122939
2012-02-07,2.537988,0.236944,0.357095,-0.120151
2012-02-08,2.540726,0.231892,0.357569,-0.125677
2012-02-09,2.543463,0.240190,0.357971,-0.117782
2012-02-10,2.546201,0.249174,0.358301,-0.109127
2012-02-11,2.548939,0.234606,0.358558,-0.123952
2012-02-12,2.551677,0.227428,0.358741,-0.131313
2012-02-13,2.554415,0.217012,0.358850,-0.141838
2012-02-14,2.557153,0.163660,0.358885,-0.195224
2012-02-15,2.559890,0.150998,0.358844,-0.207847
2012-02-16,2.562628,0.119674,0.358729,-0.239055
2012-02-17,2.565366,0.129478,0.358538,-0.229060
2012-02-18,2.568104,0.103743,0.358271,-0.254528
2012-02-19,2.570842,0.093093,0.357929,-0.264836
2012-02-20,2.573580,0.103651,0.357510,-0.253859
2012-02-21,2.576318,0.098486,0.357015,-0.258529
2012-02-22,2.579055,0.102763,0.356444,-0.253680
2012-02-23,2.581793,0.131288,0.355796,-0.224508
2012-02-24,2.584531,0.148599,0.355072,-0.206473
2012-02-25,2.587269,0.141089,0.354272,-0.213183
2012-02-26,2.590007,0.133092,0.353395,-0.220303
2012-02-27,2.592745,0.138917,0.352443,-0.213526
2012-02-28,2.595483,0.131563,0.351415,-0.219852
2012-02-29,2.598220,0.126075,0.350311,-0.224235
2012-03-01,2.600958,0.127637,0.349131,-0.221495
2012-03-02,2.603696,0.107599,0.347877,-0.240278
2012-03-03,2.606434,0.102855,0.346548,-0.243693
2012-03-04,2.609172,0.103514,0.345144,-0.241630
2012-03-05,2.611910,0.114850,0.343667,-0.228817
2012-03-06,2.614648,0.118177,0.342116,-0.223939
2012-03-07,2.617385,0.116941,0.340492,-0.223551
2012-03-08,2.620123,0.109132,0.338796,-0.229663
2012-03-09,2.622861,0.108793,0.337027,-0.228235
2012-03-10,2.625599,0.099895,0.335188,-0.235293
2012-03-11,2.628337,0.099446,0.333278,-0.233832
2012-03-12,2.631075,0.099751,0.331298,-0.231546
2012-03-13,2.633812,0.111018,0.329248,-0.218230
2012-03-14,2.636550,0.131223,0.327131,-0.195908
2012-03-15,2.639288,0.126613,0.324945,-0.198332
2012-03-16,2.642026,0.123180,0.322693,-0.199513
2012-03-17,2.644764,0.124340,0.320374,-0.196035
2012-03-18,2.647502,0.117329,0.317991,-0.200661
2012-03-19,2.650240,0.095869,0.315543,-0.219674
2012-03-20,2.652977,0.074043,0.313032,-0.238989
2012-03-21,2.655715,0.074467,0.310458,-0.235991
2012-03-22,2.658453,0.067875,0.307824,-0.239948
2012-03-23,2.661191,0.057332,0.305129,-0.247797
2012-03-24,2.663929,0.052271,0.302374,-0.250103
2012-03-25,2.666667,0.042944,0.299562,-0.256618
2012-03-26,2.669405,0.040264,0.296692,-0.256429
2012-03-27,2.672142,0.046662,0.293767,-0.247105
2012-03-28,2.674880,0.052448,0.290787,-0.238339
2012-03-29,2.677618,0.049426,0.287753,-0.238327
2012-03-30,2.680356,0.048272,0.284667,-0.236395
2012-03-31,2.683094,0.053145,0.281530,-0.228385
2012-04-01,2.685832,0.044983,0.278343,-0.233360
2012-04-02,2.688569,0.049631,0.275107,-0.225476
2012-04-03,2.691307,0.050429,0.271824,-0.221395
2012-04-04,2.694045,0.047363,0.268495,-0.221133
2012-04-05,2.696783,0.045049,0.265122,-0.220072
2012-04-06,2.699521,0.043288,0.261705,-0.218417
2012-04-07,2.702259,0.031126,0.258246,-0.227120
2012-04-08,2.704997,0.021947,0.254747,-0.232800
2012-04-09,2.707734,0.022071,0.251208,-0.229138
2012-04-10,2.710472,0.024027,0.247632,-0.223605
2012-04-11,2.713210,0.022245,0.244020,-0.221774
2012-04-12,2.715948,0.024574,0.240372,-0.215798
2012-04-13,2.718686,0.022621,0.236692,-0.214071
2012-04-14,2.721424,0.025894,0.232979,-0.207085
2012-04-15,2.724162,0.022171,0.229236,-0.207065
2012-04-16,2.726899,0.021414,0.225465,-0.204051
2012-04-17,2.729637,0.020787,0.221665,-0.200878
2012-04-18,2.732375,0.030295,0.217840,-0.187545
2012-04-19,2.735113,0.031754,0.213991,-0.182237
2012-04-20,2.737851,0.034341,0.210119,-0.175778
2012-04-21,2.740589,0.038364,0.206225,-0.167861
2012-04-22,2.743326,0.029778,0.202312,-0.172534
2012-04-23,2.746064,0.024422,0.198380,-0.173958
2012-04-24,2.748802,0.015304,0.194432,-0.179129
2012-04-25,2.751540,0.014425,0.190469,-0.176045
2012-04-26,2.754278,0.010034,0.186493,-0.176459
2012-04-27,2.757016,0.017153,0.182504,-0.165351
2012-04-28,2.759754,-0.002489,0.178505,-0.180994
2012-04-29,2.762491,-0.009841,0.174497,-0.184339
2012-04-30,2.765229,-0.009219,0.170482,-0.179702
2012-05-01,2.767967,-0.010950,0.166462,-0.177412
2012-05-02,2.770705,-0.000002,0.162437,-0.162439
2012-05-03,2.773443,-0.004821,0.158410,-0.163231
2012-05-04,2.776181,-0.002449,0.154382,-0.156831
2012-05-05,2.778919,-0.007452,0.150354,-0.157806
2012-05-06,2.781656,-0.013466,0.146329,-0.159795
2012-05-07,2.784394,-0.017022,0.142307,-0.159329
2012-05-08,2.787132,-0.019366,0.138291,-0.157657
2012-05-09,2.789870,-0.016390,0.134282,-0.150672
2012-05-10,2.792608,-0.026566,0.130281,-0.156847
2012-05-11,2.795346,-0.029442,0.126290,-0.155732
2012-05-12,2.798084,-0.037457,0.122310,-0.159767
2012-05-13,2.800821,-0.039170,0.118343,-0.157513
2012-05-14,2.803559,-0.041907,0.114391,-0.156298
2012-05-15,2.806297,-0.042074,0.110455,-0.152528
2012-05-16,2.809035,-0.040884,0.106536,-0.147420
2012-05-17,2.811773,-0.041703,0.102636,-0.144339
2012-05-18,2.814511,-0.040642,0.098757,-0.139399
2012-05-19,2.817248,-0.040452,0.094899,-0.135352
2012-05-20,2.819986,-0.038558,0.091065,-0.129623
2012-05-21,2.822724,-0.045612,0.087256,-0.132867
2012-05-22,2.825462,-0.048475,0.083472,-0.131948
2012-05-23,2.828200,-0.047144,0.079717,-0.126861
2012-05-24,2.830938,-0.050261,0.075990,-0.126252
2012-05-25,2.833676,-0.052074,0.072294,-0.124368
2012-05-26,2.836413,-0.054986,0.068630,-0.123616
2012-05-27,2.839151,-0.054953,0.064998,-0.119951
2012-05-28,2.841889,-0.058925,0.061401,-0.120327
2012-05-29,2.844627,-0.061503,0.057840,-0.119343
2012-05-30,2.847365,-0.062376,0.054316,-0.116693
2012-05-31,2.850103,-0.063279,0.050830,-0.114109
2012-06-01,2.852841,-0.058894,0.047384,-0.106278
2012-06-02,2.855578,-0.061659,0.043979,-0.105638
2012-06-03,2.858316,-0.064446,0.040616,-0.105062
2012-06-04,2.861054,-0.066469,0.037296,-0.103764
2012-06-05,2.863792,-0.058589,0.034020,-0.092610
2012-06-06,2.866530,-0.053789,0.030791,-0.084579
2012-06-07,2.869268,-0.051065,0.027608,-0.078672
2012-06-08,2.872005,-0.044256,0.024473,-0.068728
2012-06-09,2.874743,-0.045300,0.021387,-0.066687
2012-06-10,2.877481,-0.054199,0.018351,-0.072550
2012-06-11,2.880219,-0.055909,0.015367,-0.071276
2012-06-12,2.882957,-0.049040,0.012435,-0.061475
2012-06-13,2.885695,-0.035179,0.009556,-0.044734
2012-06-14,2.888433,-0.033712,0.006731,-0.040443
2012-06-15,2.891170,-0.030426,0.003962,-0.034388
2012-06-16,2.893908,-0.005069,0.001249,-0.006318
2012-06-17,2.896646,-0.006396,-0.001407,-0.004989
2012-06-18,2.899384,-0.014864,-0.004005,-0.010859
2012-06-19,2.902122,-0.006108,-0.006543,0.000436
2012-06-20,2.904860,0.002139,-0.009022,0.011161
2012-06-21,2.907598,0.006444,-0.011440,0.017885
2012-06-22,2.910335,-0.001941,-0.013797,0.011856
2012-06-23,2.913073,-0.009725,-0.016091,0.006366
2012-06-24,2.915811,-0.020278,-0.018323,-0.001956
2012-06-25,2.918549,-0.024615,-0.020490,-0.004125
2012-06-26,2.921287,-0.026451,-0.022593,-0.003858
2012-06-27,2.924025,-0.018251,-0.024630,0.006380
2012-06-28,2.926762,-0.019566,-0.026602,0.007036
2012-06-29,2.929500,-0.009021,-0.028507,0.019486
2012-06-30,2.932238,-0.018227,-0.030345,0.012118
2012-07-01,2.934976,-0.020541,-0.032115,0.011574
2012-07-02,2.937714,-0.010989,-0.033817,0.022827
2012-07-03,2.940452,-0.025284,-0.035449,0.010166
2012-07-04,2.943190,-0.030044,-0.037013,0.006968
2012-07-05,2.945927,-0.026206,-0.038506,0.012300
2012-07-06,2.948665,-0.030415,-0.039929,0.009514
2012-07-07,2.951403,-0.026729,-0.041281,0.014552
2012-07-08,2.954141,-0.026235,-0.042562,0.016327
2012-07-09,2.956879,-0.022574,-0.043771,0.021197
2012-07-10,2.959617,-0.003082,-0.044908,0.041827
2012-07-11,2.962355,-0.003101,-0.045973,0.042872
2012-07-12,2.965092,-0.004725,-0.046965,0.042240
2012-07-13,2.967830,0.015621,-0.047884,0.063505
2012-07-14,2.970568,0.012946,-0.048730,0.061676
2012-07-15,2.973306,0.020469,-0.049502,0.069971
2012-07-16,2.976044,0.023327,-0.050201,0.073528
2012-07-17,2.978782,0.046537,-0.050826,0.097362
2012-07-18,2.981520,0.074253,-0.051376,0.125629
2012-07-19,2.984257,0.079522,-0.051853,0.131374
2012-07-20,2.986995,0.041818,-0.052255,0.094073
2012-07-21,2.989733,0.057818,-0.052583,0.110401
2012-07-22,2.992471,0.052604,-0.052836,0.105440
2012-07-23,2.995209,0.051695,-0.053015,0.104710
2012-07-24,2.997947,0.048586,-0.053119,0.101705
2012-07-25,3.000684,0.040469,-0.053148,0.093617
2012-07-26,3.003422,0.046094,-0.053104,0.099198
2012-07-27,3.006160,0.052429,-0.052984,0.105413
2012-07-28,3.008898,0.052509,-0.052791,0.105300
2012-07-29,3.011636,0.046496,-0.052523,0.099019
2012-07-30,3.014374,0.047945,-0.052181,0.100125
2012-07-31,3.017112,0.061715,-0.051765,0.113479
2012-08-01,3.019849,0.072877,-0.051275,0.124152
2012-08-02,3.022587,0.084491,-0.050711,0.135203
2012-08-03,3.025325,0.118765,-0.050075,0.168840
2012-08-04,3.028063,0.133657,-0.049365,0.183021
2012-08-05,3.030801,0.112200,-0.048582,0.160781
2012-08-06,3.033539,0.122809,-0.047726,0.170536
2012-08-07,3.036277,0.122856,-0.046799,0.169654
2012-08-08,3.039014,0.127831,-0.045799,0.173629
2012-08-09,3.041752,0.132645,-0.044728,0.177372
2012-08-10,3.044490,0.131677,-0.043585,0.175262
2012-08-11,3.047228,0.136105,-0.042372,0.178476
2012-08-12,3.049966,0.138989,-0.041088,0.180076
2012-08-13,3.052704,0.142981,-0.039734,0.182715
2012-08-14,3.055441,0.152298,-0.038311,0.190609
2012-08-15,3.058179,0.169772,-0.036818,0.206590
2012-08-16,3.060917,0.192345,-0.035258,0.227602
2012-08-17,3.063655,0.207574,-0.033629,0.241203
2012-08-18,3.066393,0.143063,-0.031932,0.174995
2012-08-19,3.069131,0.054382,-0.030169,0.084551
2012-08-20,3.071869,0.043792,-0.028339,0.072131
2012-08-21,3.074606,0.065299,-0.026443,0.091742
2012-08-22,3.077344,0.058732,-0.024482,0.083214
2012-08-23,3.080082,0.056293,-0.022457,0.078750
2012-08-24,3.082820,0.062937,-0.020368,0.083305
2012-08-25,3.085558,0.073510,-0.018215,0.091726
2012-08-26,3.088296,0.073359,-0.016000,0.089359
2012-08-27,3.091034,0.097553,-0.013723,0.111277
2012-08-28,3.093771,0.086737,-0.011385,0.098122
2012-08-29,3.096509,0.077469,-0.008986,0.086455
2012-08-30,3.099247,0.073488,-0.006528,0.080015
2012-08-31,3.101985,0.057914,-0.004010,0.061925
2012-09-01,3.104723,0.039746,-0.001435,0.041181
2012-09-02,3.107461,0.036853,0.001198,0.035654
2012-09-03,3.110198,0.044840,0.003888,0.040952
2012-09-04,3.112936,0.045930,0.006634,0.039296
2012-09-05,3.115674,0.049347,0.009434,0.039913
2012-09-06,3.118412,0.064454,0.012289,0.052165
2012-09-07,3.121150,0.074688,0.015197,0.059491
2012-09-08,3.123888,0.065461,0.018157,0.047304
2012-09-09,3.126626,0.065995,0.021169,0.044826
2012-09-10,3.129363,0.061188,0.024232,0.036956
2012-09-11,3.132101,0.061244,0.027344,0.033900
2012-09-12,3.134839,0.064862,0.030505,0.034356
2012-09-13,3.137577,0.065893,0.033715,0.032179
2012-09-14,3.140315,0.074211,0.036971,0.037240
2012-09-15,3.143053,0.073985,0.040274,0.033711
2012-09-16,3.145791,0.081986,0.043621,0.038365
2012-09-17,3.148528,0.078178,0.047013,0.031165
2012-09-18,3.151266,0.081137,0.050448,0.030689
2012-09-19,3.154004,0.092276,0.053926,0.038350
2012-09-20,3.156742,0.099527,0.057444,0.042082
2012-09-21,3.159480,0.088614,0.061003,0.027611
2012-09-22,3.162218,0.083799,0.064602,0.019197
2012-09-23,3.164956,0.075994,0.068238,0.007756
2012-09-24,3.167693,0.071765,0.071912,-0.000147
2012-09-25,3.170431,0.069691,0.075622,-0.005931
2012-09-26,3.173169,0.071240,0.079368,-0.008128
2012-09-27,3.175907,0.074367,0.083148,-0.008780
2012-09-28,3.178645,0.074365,0.086961,-0.012596
2012-09-29,3.181383,0.074953,0.090806,-0.015853
2012-09-30,3.184120,0.071298,0.094682,-0.023384
2012-10-01,3.186858,0.067164,0.098589,-0.031425
2012-10-02,3.189596,0.073578,0.102524,-0.028946
2012-10-03,3.192334,0.083206,0.106487,-0.023281
2012-10-04,3.195072,0.081912,0.110478,-0.028566
2012-10-05,3.197810,0.074548,0.114494,-0.039946
2012-10-06,3.200548,0.069870,0.118535,-0.048665
2012-10-07,3.203285,0.052383,0.122600,-0.070217
2012-10-08,3.206023,0.023693,0.126688,-0.102995
2012-10-09,3.208761,0.039870,0.130797,-0.090928
2012-10-10,3.211499,0.043543,0.134927,-0.091385
2012-10-11,3.214237,0.041051,0.139077,-0.098026
2012-10-12,3.216975,0.039299,0.143245,-0.103946
2012-10-13,3.219713,0.035459,0.147430,-0.111971
2012-10-14,3.222450,0.030781,0.151632,-0.120850
2012-10-15,3.225188,0.019612,0.155849,-0.136236
2012-10-16,3.227926,0.021038,0.160080,-0.139042
2012-10-17,3.230664,0.022111,0.164324,-0.142213
2012-10-18,3.233402,0.021002,0.168581,-0.147578
2012-10-19,3.236140,0.017330,0.172848,-0.155518
2012-10-20,3.238877,0.010506,0.177126,-0.166620
2012-10-21,3.241615,0.006690,0.181412,-0.174722
2012-10-22,3.244353,0.003128,0.185706,-0.182578
2012-10-23,3.247091,0.004337,0.190007,-0.185670
2012-10-24,3.249829,-0.001063,0.194314,-0.195377
2012-10-25,3.252567,-0.021123,0.198626,-0.219749
2012-10-26,3.255305,-0.050514,0.202942,-0.253456
2012-10-27,3.258042,-0.060074,0.207260,-0.267334
2012-10-28,3.260780,-0.064373,0.211580,-0.275952
2012-10-29,3.263518,-0.051524,0.215900,-0.267424
2012-10-30,3.266256,-0.042793,0.220220,-0.263013
2012-10-31,3.268994,-0.038702,0.224539,-0.263241
2012-11-01,3.271732,-0.034947,0.228856,-0.263802
2012-11-02,3.274470,-0.047564,0.233169,-0.280733
2012-11-03,3.277207,-0.057693,0.237477,-0.295171
2012-11-04,3.279945,-0.064380,0.241781,-0.306161
2012-11-05,3.282683,-0.060289,0.246078,-0.306367
2012-11-06,3.285421,-0.060610,0.250368,-0.310978
2012-11-07,3.288159,-0.056362,0.254649,-0.311011
2012-11-08,3.290897,-0.059871,0.258921,-0.318792
2012-11-09,3.293634,-0.060224,0.263184,-0.323407
2012-11-10,3.296372,-0.062392,0.267435,-0.329826
2012-11-11,3.299110,-0.064821,0.271674,-0.336494
2012-11-12,3.301848,-0.060191,0.275900,-0.336091
2012-11-13,3.304586,-0.063629,0.280112,-0.343742
2012-11-14,3.307324,-0.065444,0.284310,-0.349754
2012-11-15,3.310062,-0.064832,0.288492,-0.353323
2012-11-16,3.312799,-0.052411,0.292657,-0.345068
2012-11-17,3.315537,-0.045156,0.296805,-0.341961
2012-11-18,3.318275,-0.045056,0.300935,-0.345990
2012-11-19,3.321013,-0.047035,0.305045,-0.352080
2012-11-20,3.323751,-0.048527,0.309136,-0.357662
2012-11-21,3.326489,-0.050435,0.313205,-0.363640
2012-11-22,3.329227,-0.043657,0.317253,-0.360910
2012-11-23,3.331964,-0.036243,0.321279,-0.357522
2012-11-24,3.334702,-0.028794,0.325281,-0.354075
2012-11-25,3.337440,-0.033067,0.329259,-0.362326
2012-11-26,3.340178,-0.033437,0.333213,-0.366650
2012-11-27,3.342916,-0.045313,0.337140,-0.382454
2012-11-28,3.345654,-0.041338,0.341042,-0.382380
2012-11-29,3.348392,-0.041599,0.344916,-0.386515
2012-11-30,3.351129,-0.038986,0.348762,-0.387749
2012-12-01,3.353867,-0.038398,0.352580,-0.390978
2012-12-02,3.356605,-0.040197,0.356368,-0.396565
2012-12-03,3.359343,-0.041175,0.360127,-0.401302
2012-12-04,3.362081,-0.033990,0.363855,-0.397845
2012-12-05,3.364819,-0.018930,0.367551,-0.386481
2012-12-06,3.367556,-0.017397,0.371215,-0.388613
2012-12-07,3.370294,-0.018676,0.374847,-0.393523
2012-12-08,3.373032,-0.020413,0.378445,-0.398859
2012-12-09,3.375770,-0.030516,0.382010,-0.412526
2012-12-10,3.378508,-0.026686,0.385539,-0.412226
2012-12-11,3.381246,-0.025544,0.389034,-0.414578
2012-12-12,3.383984,-0.024568,0.392493,-0.417061
2012-12-13,3.386721,-0.024991,0.395916,-0.420906
2012-12-14,3.389459,-0.023851,0.399301,-0.423152
2012-12-15,3.392197,-0.028243,0.402650,-0.430892
2012-12-16,3.394935,-0.034730,0.405960,-0.440689
2012-12-17,3.397673,-0.041885,0.409232,-0.451117
2012-12-18,3.400411,-0.046054,0.412465,-0.458519
2012-12-19,3.403149,-0.045584,0.415658,-0.461242
2012-12-20,3.405886,-0.046205,0.418811,-0.465016
2012-12-21,3.408624,-0.043303,0.421924,-0.465227
2012-12-22,3.411362,-0.047727,0.424996,-0.472724
2012-12-23,3.414100,-0.053891,0.428027,-0.481918
2012-12-24,3.416838,-0.054463,0.431016,-0.485479
2012-12-25,3.419576,-0.057270,0.433963,-0.491233
2012-12-26,3.422313,-0.060133,0.436867,-0.497000
2012-12-27,3.425051,-0.059478,0.439729,-0.499207
2012-12-28,3.427789,-0.060442,0.442547,-0.502989
2012-12-29,3.430527,-0.058840,0.445322,-0.504162
2012-12-30,3.433265,-0.062739,0.448052,-0.510791
2012-12-31,3.436003,-0.063876,0.450738,-0.514614
2013-01-01,3.438741,-0.066083,0.453380,-0.519462
2013-01-02,3.441478,-0.070407,0.455976,-0.526384
2013-01-03,3.444216,-0.070136,0.458528,-0.528664
2013-01-04,3.446954,-0.074778,0.461034,-0.535811
2013-01-05,3.449692,-0.074097,0.463494,-0.537591
2013-01-06,3.452430,-0.077682,0.465908,-0.543590
2013-01-07,3.455168,-0.077251,0.468276,-0.545528
2013-01-08,3.457906,-0.076642,0.470598,-0.547239
2013-01-09,3.460643,-0.070419,0.472873,-0.543292
2013-01-10,3.463381,-0.068153,0.475101,-0.543253
2013-01-11,3.466119,-0.060152,0.477282,-0.537433
2013-01-12,3.468857,-0.060156,0.479416,-0.539572
2013-01-13,3.471595,-0.064304,0.481503,-0.545807
2013-01-14,3.474333,-0.066258,0.483542,-0.549800
2013-01-15,3.477070,-0.062063,0.485534,-0.547596
2013-01-16,3.479808,-0.057032,0.487478,-0.544510
2013-01-17,3.482546,-0.043985,0.489374,-0.533359
2013-01-18,3.485284,-0.027048,0.491223,-0.518270
2013-01-19,3.488022,-0.033040,0.493023,-0.526063
2013-01-20,3.490760,-0.031094,0.494776,-0.525870
2013-01-21,3.493498,-0.014161,0.496480,-0.510642
2013-01-22,3.496235,0.003518,0.498137,-0.494619
2013-01-23,3.498973,0.009276,0.499746,-0.490470
2013-01-24,3.501711,0.025846,0.501306,-0.475461
2013-01-25,3.504449,-0.001383,0.502819,-0.504203
2013-01-26,3.507187,-0.001277,0.504284,-0.505561
2013-01-27,3.509925,0.006308,0.505701,-0.499393
2013-01-28,3.512663,0.031587,0.507069,-0.475483
2013-01-29,3.515400,0.040984,0.508390,-0.467406
2013-01-30,3.518138,0.044358,0.509664,-0.465306
2013-01-31,3.520876,0.063622,0.510889,-0.447267
2013-02-01,3.523614,0.069979,0.512067,-0.442089
2013-02-02,3.526352,0.056102,0.513198,-0.457095
2013-02-03,3.529090,0.055586,0.514281,-0.458695
2013-02-04,3.531828,0.061146,0.515317,-0.454171
2013-02-05,3.534565,0.059415,0.516306,-0.456892
2013-02-06,3.537303,0.066355,0.517249,-0.450894
2013-02-07,3.540041,0.075429,0.518144,-0.442715
2013-02-08,3.542779,0.092522,0.518993,-0.426471
2013-02-09,3.545517,0.110650,0.519796,-0.409146
2013-02-10,3.548255,0.105510,0.520552,-0.415042
2013-02-11,3.550992,0.115855,0.521263,-0.405408
2013-02-12,3.553730,0.134503,0.521928,-0.387425
2013-02-13,3.556468,0.141625,0.522548,-0.380923
2013-02-14,3.559206,0.144177,0.523122,-0.378945
2013-02-15,3.561944,0.164065,0.523652,-0.359586
2013-02-16,3.564682,0.165422,0.524136,-0.358714
2013-02-17,3.567420,0.158557,0.524577,-0.366020
2013-02-18,3.570157,0.153554,0.524973,-0.371419
2013-02-19,3.572895,0.172904,0.525326,-0.352422
2013-02-20,3.575633,0.193321,0.525635,-0.332314
2013-02-21,3.578371,0.195613,0.525901,-0.330288
2013-02-22,3.581109,0.204009,0.526125,-0.322116
2013-02-23,3.583847,0.185156,0.526305,-0.341149
2013-02-24,3.586585,0.189277,0.526444,-0.337167
2013-02-25,3.589322,0.191247,0.526541,-0.335294
2013-02-26,3.592060,0.201521,0.526596,-0.325076
2013-02-27,3.594798,0.208150,0.526611,-0.318461
2013-02-28,3.597536,0.227564,0.526585,-0.299021
2013-03-01,3.600274,0.239558,0.526519,-0.286961
2013-03-02,3.603012,0.238713,0.526412,-0.287700
2013-03-03,3.605749,0.233965,0.526267,-0.292302
2013-03-04,3.608487,0.249441,0.526082,-0.276641
2013-03-05,3.611225,0.294719,0.525859,-0.231140
2013-03-06,3.613963,0.358400,0.525598,-0.167198
2013-03-07,3.616701,0.323581,0.525299,-0.201718
2013-03-08,3.619439,0.331403,0.524963,-0.193559
2013-03-09,3.622177,0.346943,0.524590,-0.177647
2013-03-10,3.624914,0.369095,0.524180,-0.155085
2013-03-11,3.627652,0.373899,0.523735,-0.149836
2013-03-12,3.630390,0.349645,0.523255,-0.173610
2013-03-13,3.633128,0.360268,0.522739,-0.162471
2013-03-14,3.635866,0.362428,0.522190,-0.159761
2013-03-15,3.638604,0.357932,0.521606,-0.163674
2013-03-16,3.641342,0.354473,0.520989,-0.166516
2013-03-17,3.644079,0.354276,0.520339,-0.166062
2013-03-18,3.646817,0.358576,0.519656,-0.161080
2013-03-19,3.649555,0.412937,0.518942,-0.106005
2013-03-20,3.652293,0.462639,0.518197,-0.055557
2013-03-21,3.655031,0.511637,0.517420,-0.005783
2013-03-22,3.657769,0.529025,0.516614,0.012411
2013-03-23,3.660507,0.488268,0.515777,-0.027510
2013-03-24,3.663244,0.502295,0.514912,-0.012617
2013-03-25,3.665982,0.534346,0.514018,0.020328
2013-03-26,3.668720,0.556633,0.513096,0.043538
2013-03-27,3.671458,0.596893,0.512146,0.084747
2013-03-28,3.674196,0.622270,0.511170,0.111100
2013-03-29,3.676934,0.615801,0.510167,0.105635
2013-03-30,3.679671,0.623219,0.509138,0.114082
2013-03-31,3.682409,0.628236,0.508084,0.120152
2013-04-01,3.685147,0.648604,0.507005,0.141599
2013-04-02,3.687885,0.686676,0.505903,0.180773
2013-04-03,3.690623,0.764435,0.504776,0.259659
2013-04-04,3.693361,0.773228,0.503627,0.269600
2013-04-05,3.696099,0.788947,0.502456,0.286491
2013-04-06,3.698836,0.799393,0.501263,0.298130
2013-04-07,3.701574,0.825284,0.500049,0.325235
2013-04-08,3.704312,0.901136,0.498814,0.402321
2013-04-09,3.707050,0.960747,0.497560,0.463188
2013-04-10,3.709788,0.991666,0.496286,0.495380
2013-04-11,3.712526,0.757028,0.494993,0.262035
2013-04-12,3.715264,0.569023,0.493683,0.075340
2013-04-13,3.718001,0.658929,0.492355,0.166574
2013-04-14,3.720739,0.629364,0.491010,0.138354
2013-04-15,3.723477,0.600369,0.489648,0.110721
2013-04-16,3.726215,0.456787,0.488271,-0.031484
2013-04-17,3.728953,0.543702,0.486880,0.056823
2013-04-18,3.731691,0.603389,0.485473,0.117916
2013-04-19,3.734428,0.700252,0.484053,0.216199
2013-04-20,3.737166,0.707195,0.482619,0.224576
2013-04-21,3.739904,0.709531,0.481173,0.228358
2013-04-22,3.742642,0.707905,0.479715,0.228190
2013-04-23,3.745380,0.732876,0.478246,0.254630
2013-04-24,3.748118,0.786317,0.476766,0.309551
2013-04-25,3.750856,0.793843,0.475276,0.318567
2013-04-26,3.753593,0.744053,0.473776,0.270278
2013-04-27,3.756331,0.739814,0.472267,0.267547
2013-04-28,3.759069,0.735304,0.470750,0.264554
2013-04-29,3.761807,0.752907,0.469225,0.283681
2013-04-30,3.764545,0.758022,0.467694,0.290329
2013-05-01,3.767283,0.716687,0.466155,0.250532
2013-05-02,3.770021,0.653455,0.464611,0.188844
2013-05-03,3.772758,0.575743,0.463062,0.112681
2013-05-04,3.775496,0.622301,0.461508,0.160794
2013-05-05,3.778234,0.657925,0.459950,0.197975
2013-05-06,3.780972,0.674898,0.458388,0.216510
2013-05-07,3.783710,0.636987,0.456823,0.180164
2013-05-08,3.786448,0.645147,0.455257,0.189891
2013-05-09,3.789185,0.640391,0.453688,0.186702
2013-05-10,3.791923,0.654758,0.452119,0.202639
2013-05-11,3.794661,0.653921,0.450549,0.203372
2013-05-12,3.797399,0.648038,0.448979,0.199059
2013-05-13,3.800137,0.651827,0.447409,0.204417
2013-05-14,3.802875,0.651444,0.445841,0.205603
2013-05-15,3.805613,0.624942,0.444275,0.180667
2013-05-16,3.808350,0.629362,0.442711,0.186651
2013-05-17,3.811088,0.642294,0.441150,0.201144
2013-05-18,3.813826,0.648326,0.439593,0.208733
2013-05-19,3.816564,0.650511,0.438040,0.212472
2013-05-20,3.819302,0.646946,0.436491,0.210455
2013-05-21,3.822040,0.645087,0.434948,0.210139
2013-05-22,3.824778,0.647970,0.433410,0.214560
2013-05-23,3.827515,0.654712,0.431878,0.222834
2013-05-24,3.830253,0.670330,0.430354,0.239976
2013-05-25,3.832991,0.679319,0.428837,0.250483
2013-05-26,3.835729,0.681138,0.427327,0.253810
2013-05-27,3.838467,0.677597,0.425826,0.251770
2013-05-28,3.841205,0.665445,0.424334,0.241111
2013-05-29,3.843943,0.668987,0.422852,0.246135
2013-05-30,3.846680,0.673892,0.421380,0.252512
2013-05-31,3.849418,0.665340,0.419918,0.245422
2013-06-01,3.852156,0.661499,0.418467,0.243032
2013-06-02,3.854894,0.646239,0.417027,0.229212
2013-06-03,3.857632,0.633407,0.415600,0.217807
2013-06-04,3.860370,0.634995,0.414185,0.220810
2013-06-05,3.863107,0.631007,0.412783,0.218224
2013-06-06,3.865845,0.630372,0.411395,0.218977
2013-06-07,3.868583,0.606158,0.410020,0.196138
2013-06-08,3.871321,0.583203,0.408660,0.174543
2013-06-09,3.874059,0.544893,0.407315,0.137578
2013-06-10,3.876797,0.557366,0.405985,0.151382
2013-06-11,3.879535,0.568021,0.404670,0.163350
2013-06-12,3.882272,0.572923,0.403372,0.169551
2013-06-13,3.885010,0.565477,0.402091,0.163386
2013-06-14,3.887748,0.539703,0.400827,0.138876
2013-06-15,3.890486,0.534917,0.399580,0.135337
2013-06-16,3.893224,0.536937,0.398351,0.138586
2013-06-17,3.895962,0.533296,0.397141,0.136155
2013-06-18,3.898700,0.547925,0.395949,0.151976
2013-06-19,3.901437,0.552923,0.394777,0.158147
2013-06-20,3.904175,0.555309,0.393624,0.161685
2013-06-21,3.906913,0.539686,0.392490,0.147195
2013-06-22,3.909651,0.497846,0.391378,0.106469
2013-06-23,3.912389,0.528668,0.390286,0.138383
2013-06-24,3.915127,0.486157,0.389215,0.096942
2013-06-25,3.917864,0.519361,0.388165,0.131195
2013-06-26,3.920602,0.514529,0.387137,0.127391
2013-06-27,3.923340,0.509787,0.386132,0.123655
2013-06-28,3.926078,0.482477,0.385149,0.097328
2013-06-29,3.928816,0.471028,0.384188,0.086840
2013-06-30,3.931554,0.467272,0.383251,0.084020
2013-07-01,3.934292,0.457812,0.382338,0.075474
2013-07-02,3.937029,0.444213,0.381448,0.062765
2013-07-03,3.939767,0.434480,0.380582,0.053898
2013-07-04,3.942505,0.399981,0.379740,0.020241
2013-07-05,3.945243,0.367527,0.378923,-0.011397
2013-07-06,3.947981,0.329281,0.378132,-0.048851
2013-07-07,3.950719,0.329547,0.377365,-0.047818
2013-07-08,3.953457,0.371699,0.376624,-0.004925
2013-07-09,3.956194,0.366597,0.375909,-0.009311
2013-07-10,3.958932,0.385112,0.375219,0.009892
2013-07-11,3.961670,0.427923,0.374556,0.053366
2013-07-12,3.964408,0.459309,0.373920,0.085389
2013-07-13,3.967146,0.443749,0.373310,0.070439
2013-07-14,3.969884,0.453912,0.372728,0.081184
2013-07-15,3.972621,0.455200,0.372172,0.083028
2013-07-16,3.975359,0.456014,0.371644,0.084370
2013-07-17,3.978097,0.422756,0.371144,0.051612
2013-07-18,3.980835,0.417065,0.370671,0.046394
2013-07-19,3.983573,0.414944,0.370227,0.044717
2013-07-20,3.986311,0.425698,0.369810,0.055887
2013-07-21,3.989049,0.413955,0.369422,0.044532
2013-07-22,3.991786,0.416450,0.369063,0.047387
2013-07-23,3.994524,0.418946,0.368732,0.050214
2013-07-24,3.997262,0.421487,0.368430,0.053057
2013-07-25,4.000000,0.426085,0.368158,0.057927
2013-07-26,4.002738,0.429938,0.367914,0.062024
2013-07-27,4.005476,0.423304,0.367700,0.055605
2013-07-28,4.008214,0.425214,0.367515,0.057699
2013-07-29,4.010951,0.437504,0.367359,0.070145
2013-07-30,4.013689,0.442555,0.367233,0.075322
2013-07-31,4.016427,0.462197,0.367137,0.095060
2013-08-01,4.019165,0.455303,0.367071,0.088232
2013-08-02,4.021903,0.451754,0.367035,0.084719
2013-08-03,4.024641,0.446989,0.367029,0.079960
2013-08-04,4.027379,0.445696,0.367053,0.078644
2013-08-05,4.030116,0.449558,0.367107,0.082452
2013-08-06,4.032854,0.449918,0.367191,0.082727
2013-08-07,4.035592,0.447469,0.367305,0.080164
2013-08-08,4.038330,0.437086,0.367450,0.069636
2013-08-09,4.041068,0.427992,0.367625,0.060366
2013-08-10,4.043806,0.424533,0.367831,0.056703
2013-08-11,4.046543,0.425712,0.368066,0.057646
2013-08-12,4.049281,0.426139,0.368333,0.057806
2013-08-13,4.052019,0.431864,0.368629,0.063235
2013-08-14,4.054757,0.449068,0.368957,0.080111
2013-08-15,4.057495,0.441611,0.369314,0.072297
2013-08-16,4.060233,0.436695,0.369702,0.066993
2013-08-17,4.062971,0.437523,0.370120,0.067402
2013-08-18,4.065708,0.439526,0.370569,0.068957
2013-08-19,4.068446,0.449691,0.371048,0.078643
2013-08-20,4.071184,0.453651,0.371557,0.082094
2013-08-21,4.073922,0.466921,0.372097,0.094824
2013-08-22,4.076660,0.479732,0.372667,0.107065
2013-08-23,4.079398,0.468014,0.373267,0.094747
2013-08-24,4.082136,0.465713,0.373897,0.091817
2013-08-25,4.084873,0.474132,0.374557,0.099575
2013-08-26,4.087611,0.470819,0.375246,0.095573
2013-08-27,4.090349,0.491545,0.375966,0.115579
2013-08-28,4.093087,0.495808,0.376716,0.119092
2013-08-29,4.095825,0.497936,0.377495,0.120441
2013-08-30,4.098563,0.501833,0.378303,0.123530
2013-08-31,4.101300,0.528045,0.379141,0.148904
2013-09-01,4.104038,0.536278,0.380009,0.156270
2013-09-02,4.106776,0.532640,0.380905,0.151735
2013-09-03,4.109514,0.529488,0.381831,0.147658
2013-09-04,4.112252,0.519616,0.382785,0.136831
2013-09-05,4.114990,0.497302,0.383768,0.113534
2013-09-06,4.117728,0.500151,0.384780,0.115371
2013-09-07,4.120465,0.485390,0.385820,0.099570
2013-09-08,4.123203,0.483742,0.386889,0.096853
2013-09-09,4.125941,0.479546,0.387986,0.091561
2013-09-10,4.128679,0.492547,0.389110,0.103437
2013-09-11,4.131417,0.495198,0.390263,0.104935
2013-09-12,4.134155,0.507337,0.391443,0.115894
2013-09-13,4.136893,0.508588,0.392650,0.115938
2013-09-14,4.139630,0.502754,0.393885,0.108869
2013-09-15,4.142368,0.496284,0.395147,0.101138
2013-09-16,4.145106,0.497492,0.396435,0.101057
2013-09-17,4.147844,0.499069,0.397750,0.101319
2013-09-18,4.150582,0.500578,0.399092,0.101487
2013-09-19,4.153320,0.493966,0.400459,0.093506
2013-09-20,4.156057,0.484615,0.401853,0.082762
2013-09-21,4.158795,0.480632,0.403272,0.077359
2013-09-22,4.161533,0.479247,0.404717,0.074530
2013-09-23,4.164271,0.483559,0.406187,0.077372
2013-09-24,4.167009,0.484736,0.407682,0.077054
2013-09-25,4.169747,0.482347,0.409202,0.073145
2013-09-26,4.172485,0.482702,0.410746,0.071956
2013-09-27,4.175222,0.482760,0.412314,0.070446
2013-09-28,4.177960,0.486392,0.413907,0.072486
2013-09-29,4.180698,0.486673,0.415523,0.071150
2013-09-30,4.183436,0.476361,0.417162,0.059199
2013-10-01,4.186174,0.478707,0.418824,0.059883
2013-10-02,4.188912,0.462902,0.420510,0.042392
2013-10-03,4.191650,0.426719,0.422218,0.004502
2013-10-04,4.194387,0.458038,0.423948,0.034091
2013-10-05,4.197125,0.457208,0.425700,0.031508
2013-10-06,4.199863,0.454844,0.427474,0.027370
2013-10-07,4.202601,0.459366,0.429269,0.030097
2013-10-08,4.205339,0.458456,0.431085,0.027371
2013-10-09,4.208077,0.460772,0.432922,0.027850
2013-10-10,4.210815,0.463004,0.434779,0.028225
2013-10-11,4.213552,0.464381,0.436657,0.027724
2013-10-12,4.216290,0.463931,0.438554,0.025377
2013-10-13,4.219028,0.470633,0.440471,0.030162
2013-10-14,4.221766,0.485404,0.442407,0.042997
2013-10-15,4.224504,0.492649,0.444361,0.048288
2013-10-16,4.227242,0.506510,0.446335,0.060176
2013-10-17,4.229979,0.502706,0.448326,0.054381
2013-10-18,4.232717,0.518692,0.450335,0.068357
2013-10-19,4.235455,0.552557,0.452361,0.100196
2013-10-20,4.238193,0.563188,0.454405,0.108783
2013-10-21,4.240931,0.582610,0.456465,0.126145
2013-10-22,4.243669,0.611404,0.458542,0.152862
2013-10-23,4.246407,0.631353,0.460635,0.170719
2013-10-24,4.249144,0.626412,0.462743,0.163669
2013-10-25,4.251882,0.597609,0.464867,0.132742
2013-10-26,4.254620,0.595819,0.467005,0.128813
2013-10-27,4.257358,0.602516,0.469159,0.133358
2013-10-28,4.260096,0.620393,0.471326,0.149067
2013-10-29,4.262834,0.627893,0.473507,0.154386
2013-10-30,4.265572,0.633873,0.475702,0.158171
2013-10-31,4.268309,0.630886,0.477910,0.152976
2013-11-01,4.271047,0.635688,0.480131,0.155558
2013-11-02,4.273785,0.635597,0.482364,0.153233
2013-11-03,4.276523,0.638377,0.484608,0.153769
2013-11-04,4.279261,0.654505,0.486865,0.167640
2013-11-05,4.281999,0.694164,0.489133,0.205031
2013-11-06,4.284736,0.728238,0.491411,0.236827
2013-11-07,4.287474,0.769087,0.493700,0.275387
2013-11-08,4.290212,0.815884,0.495999,0.319885
2013-11-09,4.292950,0.858211,0.498307,0.359903
2013-11-10,4.295688,0.802901,0.500625,0.302276
2013-11-11,4.298426,0.839979,0.502952,0.337028
2013-11-12,4.301164,0.862946,0.505287,0.357659
2013-11-13,4.303901,0.891430,0.507630,0.383800
2013-11-14,4.306639,0.929477,0.509981,0.419496
2013-11-15,4.309377,0.932463,0.512339,0.420124
2013-11-16,4.312115,0.939010,0.514704,0.424306
2013-11-17,4.314853,0.970729,0.517076,0.453653
2013-11-18,4.317591,1.046845,0.519453,0.527391
2013-11-19,4.320329,1.104728,0.521837,0.582891
2013-11-20,4.323066,1.024577,0.524225,0.500352
2013-11-21,4.325804,1.112210,0.526619,0.585591
2013-11-22,4.328542,1.160606,0.529017,0.631589
2013-11-23,4.331280,1.214585,0.531419,0.683167
2013-11-24,4.334018,1.190015,0.533825,0.656190
2013-11-25,4.336756,1.196415,0.536234,0.660181
2013-11-26,4.339493,1.214061,0.538645,0.675415
2013-11-27,4.342231,1.258015,0.541060,0.716955
2013-11-28,4.344969,1.287377,0.543476,0.743901
2013-11-29,4.347707,1.316748,0.545894,0.770854
2013-11-30,4.350445,1.340488,0.548314,0.792174
2013-12-01,4.353183,1.282706,0.550734,0.731972
2013-12-02,4.355921,1.285273,0.553155,0.732118
2013-12-03,4.358658,1.301874,0.555576,0.746298
2013-12-04,4.361396,1.318631,0.557996,0.760635
2013-12-05,4.364134,1.294646,0.560416,0.734230
2013-12-06,4.366872,1.255809,0.562835,0.692975
2013-12-07,4.369610,1.152377,0.565252,0.587125
2013-12-08,4.372348,1.143474,0.567667,0.575807
2013-12-09,4.375086,1.215270,0.570080,0.645191
2013-12-10,4.377823,1.249343,0.572490,0.676853
2013-12-11,4.380561,1.234464,0.574897,0.659566
2013-12-12,4.383299,1.212076,0.577301,0.634775
2013-12-13,4.386037,1.219376,0.579700,0.639675
2013-12-14,4.388775,1.208378,0.582096,0.626282
2013-12-15,4.391513,1.185653,0.584487,0.601167
2013-12-16,4.394251,1.165783,0.586872,0.578911
2013-12-17,4.396988,1.107172,0.589253,0.517919
2013-12-18,4.399726,1.013873,0.591627,0.422246
2013-12-19,4.402464,1.055043,0.593995,0.461048
2013-12-20,4.405202,1.088485,0.596357,0.492129
2013-12-21,4.407940,1.048254,0.598711,0.449543
2013-12-22,4.410678,1.056749,0.601059,0.455690
2013-12-23,4.413415,1.062277,0.603398,0.458879
2013-12-24,4.416153,1.069604,0.605730,0.463874
2013-12-25,4.418891,1.072305,0.608053,0.464252
2013-12-26,4.421629,1.106838,0.610367,0.496471
2013-12-27,4.424367,1.114737,0.612672,0.502065
2013-12-28,4.427105,1.109265,0.614967,0.494298
2013-12-29,4.429843,1.104203,0.617252,0.486951
2013-12-30,4.432580,1.113577,0.619527,0.494050
2013-12-31,4.435318,1.109065,0.621791,0.487274
2014-01-01,4.438056,1.116170,0.624045,0.492125
2014-01-02,4.440794,1.123661,0.626286,0.497375
2014-01-03,4.443532,1.143028,0.628517,0.514511
2014-01-04,4.446270,1.147920,0.630734,0.517186
2014-01-05,4.449008,1.177324,0.632940,0.544384
2014-01-06,4.451745,1.209178,0.635133,0.574045
2014-01-07,4.454483,1.181085,0.637312,0.543773
2014-01-08,4.457221,1.147765,0.639478,0.508287
2014-01-09,4.459959,1.150316,0.641630,0.508686
2014-01-10,4.462697,1.150821,0.643768,0.507053
2014-01-11,4.465435,1.176194,0.645892,0.530302
2014-01-12,4.468172,1.169038,0.648000,0.521037
2014-01-13,4.470910,1.145015,0.650094,0.494921
2014-01-14,4.473648,1.144663,0.652172,0.492491
2014-01-15,4.476386,1.150175,0.654234,0.495941
2014-01-16,4.479124,1.145453,0.656280,0.489174
2014-01-17,4.481862,1.128658,0.658309,0.470348
2014-01-18,4.484600,1.131105,0.660322,0.470783
2014-01-19,4.487337,1.134231,0.662318,0.471913
2014-01-20,4.490075,1.139089,0.664296,0.474793
2014-01-21,4.492813,1.133394,0.666257,0.467137
2014-01-22,4.495551,1.129596,0.668199,0.461397
2014-01-23,4.498289,1.127476,0.670123,0.457353
2014-01-24,4.501027,1.114620,0.672029,0.442591
2014-01-25,4.503765,1.116503,0.673916,0.442588
2014-01-26,4.506502,1.120506,0.675783,0.444723
2014-01-27,4.509240,1.115062,0.677631,0.437431
2014-01-28,4.511978,1.104252,0.679460,0.424792
2014-01-29,4.514716,1.108195,0.681268,0.426927
2014-01-30,4.517454,1.105879,0.683056,0.422823
2014-01-31,4.520192,1.108985,0.684823,0.424162
2014-02-01,4.522930,1.112918,0.686570,0.426348
2014-02-02,4.525667,1.113749,0.688295,0.425454
2014-02-03,4.528405,1.109031,0.689999,0.419032
2014-02-04,4.531143,1.106349,0.691682,0.414667
2014-02-05,4.533881,1.101947,0.693342,0.408605
2014-02-06,4.536619,1.088974,0.694981,0.393994
2014-02-07,4.539357,1.054397,0.696597,0.357800
2014-02-08,4.542094,1.041347,0.698190,0.343156
2014-02-09,4.544832,1.035154,0.699761,0.335394
2014-02-10,4.547570,1.019320,0.701308,0.318012
2014-02-11,4.550308,1.028553,0.702832,0.325721
2014-02-12,4.553046,1.010325,0.704333,0.305992
2014-02-13,4.555784,0.994288,0.705810,0.288478
2014-02-14,4.558522,0.978921,0.707262,0.271658
2014-02-15,4.561259,0.993034,0.708691,0.284343
2014-02-16,4.563997,0.978776,0.710095,0.268681
2014-02-17,4.566735,0.976788,0.711474,0.265313
2014-02-18,4.569473,0.972681,0.712829,0.259852
2014-02-19,4.572211,0.967401,0.714158,0.253243
2014-02-20,4.574949,0.943726,0.715463,0.228263
2014-02-21,4.577687,0.918511,0.716742,0.201770
2014-02-22,4.580424,0.928908,0.717995,0.210913
2014-02-23,4.583162,0.955002,0.719222,0.235779
2014-02-24,4.585900,0.921086,0.720424,0.200662
2014-02-25,4.588638,0.862944,0.721599,0.141345
2014-02-26,4.591376,0.926703,0.722748,0.203955
2014-02-27,4.594114,0.932168,0.723870,0.208298
2014-02-28,4.596851,0.921499,0.724966,0.196533
2014-03-01,4.599589,0.915914,0.726035,0.189879
2014-03-02,4.602327,0.916520,0.727077,0.189443
2014-03-03,4.605065,0.948241,0.728092,0.220149
2014-03-04,4.607803,0.988537,0.729079,0.259458
2014-03-05,4.610541,0.982042,0.730039,0.252003
2014-03-06,4.613279,0.981196,0.730972,0.250224
2014-03-07,4.616016,0.963796,0.731876,0.231919
2014-03-08,4.618754,0.948969,0.732753,0.216216
2014-03-09,4.621492,0.951557,0.733602,0.217954
2014-03-10,4.624230,0.951172,0.734423,0.216748
2014-03-11,4.626968,0.947067,0.735216,0.211851
2014-03-12,4.629706,0.953604,0.735980,0.217624
2014-03-13,4.632444,0.954995,0.736716,0.218279
2014-03-14,4.635181,0.949914,0.737423,0.212490
2014-03-15,4.637919,0.948247,0.738102,0.210145
2014-03-16,4.640657,0.947432,0.738752,0.208680
2014-03-17,4.643395,0.940486,0.739373,0.201113
2014-03-18,4.646133,0.930620,0.739965,0.190655
2014-03-19,4.648871,0.929372,0.740528,0.188843
2014-03-20,4.651608,0.915513,0.741062,0.174450
2014-03-21,4.654346,0.903609,0.741567,0.162041
2014-03-22,4.657084,0.887401,0.742043,0.145358
2014-03-23,4.659822,0.887609,0.742489,0.145120
2014-03-24,4.662560,0.885737,0.742906,0.142830
2014-03-25,4.665298,0.894905,0.743294,0.151611
2014-03-26,4.668036,0.895055,0.743652,0.151403
2014-03-27,4.670773,0.866701,0.743980,0.122720
2014-03-28,4.673511,0.835312,0.744279,0.091032
2014-03-29,4.676249,0.827198,0.744549,0.082649
2014-03-30,4.678987,0.798623,0.744788,0.053834
2014-03-31,4.681725,0.785753,0.744998,0.040755
2014-04-01,4.684463,0.801728,0.745178,0.056550
2014-04-02,4.687201,0.789029,0.745328,0.043700
2014-04-03,4.689938,0.760964,0.745449,0.015515
2014-04-04,4.692676,0.767929,0.745540,0.022389
2014-04-05,4.695414,0.773486,0.745600,0.027885
2014-04-06,4.698152,0.777922,0.745631,0.032290
2014-04-07,4.700890,0.773865,0.745633,0.028232
2014-04-08,4.703628,0.771576,0.745604,0.025972
2014-04-09,4.706366,0.765115,0.745545,0.019569
2014-04-10,4.709103,0.723005,0.745457,-0.022452
2014-04-11,4.711841,0.713916,0.745339,-0.031423
2014-04-12,4.714579,0.740308,0.745191,-0.004882
2014-04-13,4.717317,0.727689,0.745013,-0.017324
2014-04-14,4.720055,0.754488,0.744805,0.009683
2014-04-15,4.722793,0.794387,0.744568,0.049819
2014-04-16,4.725530,0.816917,0.744300,0.072617
2014-04-17,4.728268,0.805826,0.744004,0.061822
2014-04-18,4.731006,0.790362,0.743677,0.046685
2014-04-19,4.733744,0.793428,0.743321,0.050108
2014-04-20,4.736482,0.801303,0.742935,0.058368
2014-04-21,4.739220,0.797032,0.742520,0.054512
2014-04-22,4.741958,0.790792,0.742075,0.048717
2014-04-23,4.744695,0.784559,0.741600,0.042959
2014-04-24,4.747433,0.783085,0.741097,0.041989
2014-04-25,4.750171,0.758528,0.740564,0.017964
2014-04-26,4.752909,0.753824,0.740001,0.013823
2014-04-27,4.755647,0.744830,0.739410,0.005420
2014-04-28,4.758385,0.729455,0.738789,-0.009334
2014-04-29,4.761123,0.733241,0.738140,-0.004899
2014-04-30,4.763860,0.733735,0.737461,-0.003726
2014-05-01,4.766598,0.742283,0.736754,0.005529
2014-05-02,4.769336,0.736639,0.736018,0.000622
2014-05-03,4.772074,0.725827,0.735253,-0.009425
2014-05-04,4.774812,0.718658,0.734459,-0.015801
2014-05-05,4.777550,0.714745,0.733637,-0.018892
2014-05-06,4.780287,0.709648,0.732787,-0.023139
2014-05-07,4.783025,0.717909,0.731908,-0.013999
2014-05-08,4.785763,0.721792,0.731001,-0.009209
2014-05-09,4.788501,0.724410,0.730066,-0.005657
2014-05-10,4.791239,0.726546,0.729103,-0.002557
2014-05-11,4.793977,0.717495,0.728113,-0.010617
2014-05-12,4.796715,0.712027,0.727094,-0.015068
2014-05-13,4.799452,0.710404,0.726048,-0.015644
2014-05-14,4.802190,0.713223,0.724975,-0.011752
2014-05-15,4.804928,0.715925,0.723874,-0.007949
2014-05-16,4.807666,0.715344,0.722746,-0.007401
2014-05-17,4.810404,0.715085,0.721590,-0.006505
2014-05-18,4.813142,0.711213,0.720408,-0.009195
2014-05-19,4.815880,0.708486,0.719199,-0.010713
2014-05-20,4.818617,0.728364,0.717964,0.010400
2014-05-21,4.821355,0.749236,0.716702,0.032534
2014-05-22,4.824093,0.764056,0.715414,0.048643
2014-05-23,4.826831,0.777705,0.714099,0.063606
2014-05-24,4.829569,0.769108,0.712759,0.056349
2014-05-25,4.832307,0.799414,0.711392,0.088022
2014-05-26,4.835044,0.815261,0.710000,0.105261
2014-05-27,4.837782,0.808848,0.708582,0.100265
2014-05-28,4.840520,0.807643,0.707139,0.100504
2014-05-29,4.843258,0.803574,0.705671,0.097902
2014-05-30,4.845996,0.824413,0.704178,0.120235
2014-05-31,4.848734,0.839464,0.702660,0.136804
2014-06-01,4.851472,0.854777,0.701117,0.153659
2014-06-02,4.854209,0.848848,0.699550,0.149298
2014-06-03,4.856947,0.866592,0.697959,0.168634
2014-06-04,4.859685,0.850104,0.696343,0.153761
2014-06-05,4.862423,0.855945,0.694704,0.161241
2014-06-06,4.865161,0.856347,0.693040,0.163306
2014-06-07,4.867899,0.852044,0.691354,0.160691
2014-06-08,4.870637,0.852814,0.689644,0.163171
2014-06-09,4.873374,0.847898,0.687911,0.159988
2014-06-10,4.876112,0.848004,0.686155,0.161850
2014-06-11,4.878850,0.840127,0.684376,0.155751
2014-06-12,4.881588,0.823339,0.682574,0.140764
2014-06-13,4.884326,0.803893,0.680751,0.123142
2014-06-14,4.887064,0.787158,0.678905,0.108253
2014-06-15,4.889802,0.778913,0.677038,0.101875
2014-06-16,4.892539,0.800069,0.675148,0.124921
2014-06-17,4.895277,0.800564,0.673238,0.127327
2014-06-18,4.898015,0.807981,0.671306,0.136676
2014-06-19,4.900753,0.804851,0.669353,0.135498
2014-06-20,4.903491,0.794209,0.667379,0.126829
2014-06-21,4.906229,0.791931,0.665385,0.126547
2014-06-22,4.908966,0.798696,0.663370,0.135326
2014-06-23,4.911704,0.789454,0.661336,0.128118
2014-06-24,4.914442,0.785845,0.659281,0.126564
2014-06-25,4.917180,0.771924,0.657207,0.114717
2014-06-26,4.919918,0.771404,0.655113,0.116291
2014-06-27,4.922656,0.779844,0.653001,0.126843
2014-06-28,4.925394,0.788052,0.650869,0.137183
2014-06-29,4.928131,0.785633,0.648719,0.136915
2014-06-30,4.930869,0.803390,0.646550,0.156840
2014-07-01,4.933607,0.819558,0.644363,0.175195
2014-07-02,4.936345,0.817681,0.642158,0.175523
2014-07-03,4.939083,0.815314,0.639935,0.175379
2014-07-04,4.941821,0.808247,0.637695,0.170552
2014-07-05,4.944559,0.801813,0.635438,0.166375
2014-07-06,4.947296,0.803956,0.633164,0.170792
2014-07-07,4.950034,0.797356,0.630873,0.166483
2014-07-08,4.952772,0.792212,0.628565,0.163647
2014-07-09,4.955510,0.791620,0.626241,0.165379
2014-07-10,4.958248,0.786678,0.623902,0.162776
2014-07-11,4.960986,0.789001,0.621546,0.167455
2014-07-12,4.963723,0.794224,0.619176,0.175048
2014-07-13,4.966461,0.791598,0.616790,0.174809
2014-07-14,4.969199,0.785605,0.614389,0.171216
2014-07-15,4.971937,0.783484,0.611973,0.171511
2014-07-16,4.974675,0.780720,0.609543,0.171176
2014-07-17,4.977413,0.779963,0.607099,0.172864
2014-07-18,4.980151,0.781296,0.604641,0.176655
2014-07-19,4.982888,0.782368,0.602170,0.180198
2014-07-20,4.985626,0.779206,0.599685,0.179521
2014-07-21,4.988364,0.776396,0.597187,0.179209
2014-07-22,4.991102,0.773858,0.594676,0.179182
2014-07-23,4.993840,0.772025,0.592153,0.179873
2014-07-24,4.996578,0.763508,0.589617,0.173891
2014-07-25,4.999316,0.756732,0.587070,0.169663
2014-07-26,5.002053,0.751293,0.584510,0.166783
2014-07-27,5.004791,0.749906,0.581939,0.167967
2014-07-28,5.007529,0.740506,0.579357,0.161149
2014-07-29,5.010267,0.739019,0.576764,0.162254
2014-07-30,5.013005,0.730630,0.574161,0.156469
2014-07-31,5.015743,0.730608,0.571547,0.159062
2014-08-01,5.018480,0.738721,0.568923,0.169799
2014-08-02,5.021218,0.739597,0.566289,0.173309
2014-08-03,5.023956,0.734038,0.563645,0.170393
2014-08-04,5.026694,0.735290,0.560992,0.174298
2014-08-05,5.029432,0.730336,0.558331,0.172006
2014-08-06,5.032170,0.727646,0.555660,0.171986
2014-08-07,5.034908,0.728725,0.552981,0.175744
2014-08-08,5.037645,0.731521,0.550294,0.181227
2014-08-09,5.040383,0.727558,0.547599,0.179959
2014-08-10,5.043121,0.727895,0.544896,0.183000
2014-08-11,5.045859,0.722928,0.542185,0.180743
2014-08-12,5.048597,0.711457,0.539468,0.171989
2014-08-13,5.051335,0.697445,0.536744,0.160701
2014-08-14,5.054073,0.669217,0.534013,0.135204
2014-08-15,5.056810,0.659859,0.531276,0.128583
2014-08-16,5.059548,0.655106,0.528533,0.126572
2014-08-17,5.062286,0.653958,0.525785,0.128174
2014-08-18,5.065024,0.629171,0.523030,0.106141
2014-08-19,5.067762,0.629494,0.520271,0.109222
2014-08-20,5.070500,0.640665,0.517507,0.123158
2014-08-21,5.073238,0.662182,0.514738,0.147444
2014-08-22,5.075975,0.656697,0.511965,0.144732
2014-08-23,5.078713,0.647335,0.509187,0.138148
2014-08-24,5.081451,0.649082,0.506406,0.142676
2014-08-25,5.084189,0.642226,0.503621,0.138605
2014-08-26,5.086927,0.645521,0.500833,0.144688
2014-08-27,5.089665,0.651685,0.498042,0.153643
2014-08-28,5.092402,0.641906,0.495249,0.146657
2014-08-29,5.095140,0.643825,0.492452,0.151373
2014-08-30,5.097878,0.638143,0.489654,0.148490
2014-08-31,5.100616,0.625330,0.486853,0.138476
2014-09-01,5.103354,0.615881,0.484051,0.131830
2014-09-02,5.106092,0.618915,0.481248,0.137667
2014-09-03,5.108830,0.607715,0.478443,0.129272
2014-09-04,5.111567,0.610361,0.475638,0.134723
2014-09-05,5.114305,0.613239,0.472832,0.140407
2014-09-06,5.117043,0.617099,0.470025,0.147073
2014-09-07,5.119781,0.609533,0.467219,0.142314
2014-09-08,5.122519,0.599553,0.464413,0.135140
2014-09-09,5.125257,0.594019,0.461607,0.132412
2014-09-10,5.127995,0.602075,0.458802,0.143273
2014-09-11,5.130732,0.598321,0.455998,0.142324
2014-09-12,5.133470,0.594520,0.453195,0.141326
2014-09-13,5.136208,0.595778,0.450393,0.145385
2014-09-14,5.138946,0.597962,0.447594,0.150369
2014-09-15,5.141684,0.592220,0.444796,0.147424
2014-09-16,5.144422,0.589174,0.442000,0.147173
2014-09-17,5.147159,0.574245,0.439207,0.135037
2014-09-18,5.149897,0.554177,0.436417,0.117760
2014-09-19,5.152635,0.518352,0.433630,0.084722
2014-09-20,5.155373,0.523816,0.430846,0.092970
2014-09-21,5.158111,0.516508,0.428066,0.088443
2014-09-22,5.160849,0.504563,0.425289,0.079274
2014-09-23,5.163587,0.522708,0.422516,0.100192
2014-09-24,5.166324,0.536085,0.419748,0.116337
2014-09-25,5.169062,0.517867,0.416984,0.100883
2014-09-26,5.171800,0.510883,0.414225,0.096658
2014-09-27,5.174538,0.506195,0.411470,0.094725
2014-09-28,5.177276,0.499469,0.408721,0.090748
2014-09-29,5.180014,0.478636,0.405978,0.072658
2014-09-30,5.182752,0.478318,0.403240,0.075078
2014-10-01,5.185489,0.482983,0.400508,0.082475
2014-10-02,5.188227,0.472947,0.397782,0.075165
2014-10-03,5.190965,0.462516,0.395063,0.067454
2014-10-04,5.193703,0.434917,0.392350,0.042567
2014-10-05,5.196441,0.390988,0.389644,0.001345
2014-10-06,5.199179,0.399876,0.386945,0.012931
2014-10-07,5.201916,0.406227,0.384253,0.021974
2014-10-08,5.204654,0.409000,0.381569,0.027431
2014-10-09,5.207392,0.449438,0.378893,0.070545
2014-10-10,5.210130,0.435828,0.376225,0.059603
2014-10-11,5.212868,0.432868,0.373565,0.059303
2014-10-12,5.215606,0.444419,0.370913,0.073506
2014-10-13,5.218344,0.458328,0.368270,0.090058
2014-10-14,5.221081,0.485504,0.365636,0.119869
2014-10-15,5.223819,0.476201,0.363010,0.113191
2014-10-16,5.226557,0.466413,0.360394,0.106019
2014-10-17,5.229295,0.457614,0.357788,0.099826
2014-10-18,5.232033,0.460454,0.355191,0.105262
2014-10-19,5.234771,0.465065,0.352604,0.112461
2014-10-20,5.237509,0.458087,0.350027,0.108060
2014-10-21,5.240246,0.460709,0.347461,0.113248
2014-10-22,5.242984,0.456945,0.344905,0.112040
2014-10-23,5.245722,0.437877,0.342360,0.095517
2014-10-24,5.248460,0.424112,0.339825,0.084287
2014-10-25,5.251198,0.416085,0.337302,0.078783
2014-10-26,5.253936,0.417878,0.334790,0.083088
2014-10-27,5.256674,0.416614,0.332289,0.084325
2014-10-28,5.259411,0.413228,0.329800,0.083428
2014-10-29,5.262149,0.402591,0.327323,0.075268
2014-10-30,5.264887,0.393724,0.324858,0.068865
2014-10-31,5.267625,0.396842,0.322405,0.074436
2014-11-01,5.270363,0.380230,0.319965,0.060265
2014-11-02,5.273101,0.372067,0.317537,0.054530
2014-11-03,5.275838,0.373248,0.315122,0.058126
2014-11-04,5.278576,0.371220,0.312720,0.058501
2014-11-05,5.281314,0.382277,0.310331,0.071946
2014-11-06,5.284052,0.390730,0.307955,0.082775
2014-11-07,5.286790,0.390906,0.305593,0.085313
2014-11-08,5.289528,0.388413,0.303244,0.085169
2014-11-09,5.292266,0.394283,0.300909,0.093374
2014-11-10,5.295003,0.411581,0.298588,0.112993
2014-11-11,5.297741,0.413397,0.296281,0.117116
2014-11-12,5.300479,0.443816,0.293988,0.149828
2014-11-13,5.303217,0.474033,0.291710,0.182323
2014-11-14,5.305955,0.447161,0.289446,0.157715
2014-11-15,5.308693,0.432099,0.287197,0.144902
2014-11-16,5.311431,0.430707,0.284963,0.145744
2014-11-17,5.314168,0.441226,0.282744,0.158482
2014-11-18,5.316906,0.423804,0.280540,0.143263
2014-11-19,5.319644,0.418898,0.278352,0.140547
2014-11-20,5.322382,0.401804,0.276179,0.125626
2014-11-21,5.325120,0.389227,0.274021,0.115206
2014-11-22,5.327858,0.389115,0.271879,0.117236
2014-11-23,5.330595,0.390024,0.269753,0.120271
2014-11-24,5.333333,0.408440,0.267643,0.140797
2014-11-25,5.336071,0.416535,0.265549,0.150986
2014-11-26,5.338809,0.402060,0.263471,0.138589
2014-11-27,5.341547,0.400788,0.261410,0.139378
2014-11-28,5.344285,0.397774,0.259365,0.138409
2014-11-29,5.347023,0.406576,0.257337,0.149239
2014-11-30,5.349760,0.405581,0.255326,0.150255
2014-12-01,5.352498,0.397215,0.253331,0.143884
2014-12-02,5.355236,0.404872,0.251354,0.153518
2014-12-03,5.357974,0.401554,0.249393,0.152161
2014-12-04,5.360712,0.395834,0.247450,0.148384
2014-12-05,5.363450,0.393071,0.245524,0.147547
2014-12-06,5.366188,0.394580,0.243615,0.150965
2014-12-07,5.368925,0.392262,0.241724,0.150539
2014-12-08,5.371663,0.385918,0.239850,0.146067
2014-12-09,5.374401,0.364935,0.237994,0.126940
2014-12-10,5.377139,0.364453,0.236156,0.128297
2014-12-11,5.379877,0.362233,0.234336,0.127897
2014-12-12,5.382615,0.363185,0.232534,0.130651
2014-12-13,5.385352,0.356726,0.230750,0.125976
2014-12-14,5.388090,0.357080,0.228984,0.128096
2014-12-15,5.390828,0.352585,0.227236,0.125348
2014-12-16,5.393566,0.337306,0.225507,0.111799
2014-12-17,5.396304,0.319717,0.223796,0.095921
2014-12-18,5.399042,0.311296,0.222104,0.089192
2014-12-19,5.401780,0.304800,0.220430,0.084370
2014-12-20,5.404517,0.316438,0.218775,0.097664
2014-12-21,5.407255,0.314300,0.217138,0.097162
2014-12-22,5.409993,0.316750,0.215520,0.101230
2014-12-23,5.412731,0.323108,0.213921,0.109186
2014-12-24,5.415469,0.317416,0.212341,0.105074
2014-12-25,5.418207,0.303549,0.210780,0.092769
2014-12-26,5.420945,0.306527,0.209238,0.097289
2014-12-27,5.423682,0.301231,0.207715,0.093515
2014-12-28,5.426420,0.296211,0.206212,0.089999
2014-12-29,5.429158,0.294332,0.204727,0.089605
2014-12-30,5.431896,0.289622,0.203262,0.086361
2014-12-31,5.434634,0.289222,0.201816,0.087407
2015-01-01,5.437372,0.291237,0.200389,0.090849
2015-01-02,5.440110,0.289181,0.198982,0.090199
2015-01-03,5.442847,0.271101,0.197594,0.073507
2015-01-04,5.445585,0.228558,0.196225,0.032332
2015-01-05,5.448323,0.223118,0.194876,0.028241
2015-01-06,5.451061,0.227205,0.193547,0.033659
2015-01-07,5.453799,0.244273,0.192237,0.052036
2015-01-08,5.456537,0.248439,0.190947,0.057492
2015-01-09,5.459274,0.242556,0.189676,0.052880
2015-01-10,5.462012,0.231576,0.188425,0.043151
2015-01-11,5.464750,0.218974,0.187194,0.031780
2015-01-12,5.467488,0.211020,0.185982,0.025038
2015-01-13,5.470226,0.164509,0.184790,-0.020281
2015-01-14,5.472964,0.072149,0.183618,-0.111469
2015-01-15,5.475702,0.091059,0.182466,-0.091407
2015-01-16,5.478439,0.100691,0.181333,-0.080642
2015-01-17,5.481177,0.077288,0.180220,-0.102932
2015-01-18,5.483915,0.089261,0.179127,-0.089866
2015-01-19,5.486653,0.097928,0.178054,-0.080125
2015-01-20,5.489391,0.095175,0.177000,-0.081825
2015-01-21,5.492129,0.103627,0.175966,-0.072339
2015-01-22,5.494867,0.130548,0.174953,-0.044404
2015-01-23,5.497604,0.128303,0.173958,-0.045655
2015-01-24,5.500342,0.142094,0.172984,-0.030890
2015-01-25,5.503080,0.161300,0.172029,-0.010730
2015-01-26,5.505818,0.211284,0.171094,0.040190
2015-01-27,5.508556,0.179060,0.170179,0.008880
2015-01-28,5.511294,0.165970,0.169284,-0.003314
2015-01-29,5.514031,0.128811,0.168408,-0.039597
2015-01-30,5.516769,0.126485,0.167553,-0.041067
2015-01-31,5.519507,0.118649,0.166716,-0.048067
2015-02-01,5.522245,0.101574,0.165900,-0.064326
2015-02-02,5.524983,0.112968,0.165103,-0.052135
2015-02-03,5.527721,0.130483,0.164326,-0.033843
2015-02-04,5.530459,0.111363,0.163568,-0.052205
2015-02-05,5.533196,0.098439,0.162830,-0.064391
2015-02-06,5.535934,0.093715,0.162111,-0.068396
2015-02-07,5.538672,0.102308,0.161412,-0.059104
2015-02-08,5.541410,0.101601,0.160732,-0.059131
2015-02-09,5.544148,0.092417,0.160072,-0.067656
2015-02-10,5.546886,0.087047,0.159431,-0.072384
2015-02-11,5.549624,0.088413,0.158810,-0.070397
2015-02-12,5.552361,0.087950,0.158208,-0.070258
2015-02-13,5.555099,0.108977,0.157625,-0.048648
2015-02-14,5.557837,0.131185,0.157061,-0.025876
2015-02-15,5.560575,0.137297,0.156517,-0.019220
2015-02-16,5.563313,0.112686,0.155991,-0.043306
2015-02-17,5.566051,0.117632,0.155485,-0.037853
2015-02-18,5.568789,0.117377,0.154998,-0.037621
2015-02-19,5.571526,0.115161,0.154530,-0.039369
2015-02-20,5.574264,0.121713,0.154080,-0.032367
2015-02-21,5.577002,0.121338,0.153649,-0.032312
2015-02-22,5.579740,0.116253,0.153238,-0.036985
2015-02-23,5.582478,0.106718,0.152844,-0.046126
2015-02-24,5.585216,0.109088,0.152470,-0.043382
2015-02-25,5.587953,0.107396,0.152114,-0.044718
2015-02-26,5.590691,0.103917,0.151777,-0.047859
2015-02-27,5.593429,0.124480,0.151458,-0.026977
2015-02-28,5.596167,0.128388,0.151157,-0.022770
2015-03-01,5.598905,0.126859,0.150875,-0.024016
2015-03-02,5.601643,0.143902,0.150611,-0.006709
2015-03-03,5.604381,0.162572,0.150365,0.012207
2015-03-04,5.607118,0.168591,0.150137,0.018454
2015-03-05,5.609856,0.156169,0.149927,0.006241
2015-03-06,5.612594,0.156095,0.149735,0.006360
2015-03-07,5.615332,0.156127,0.149561,0.006565
2015-03-08,5.618070,0.158211,0.149405,0.008806
2015-03-09,5.620808,0.166667,0.149266,0.017401
2015-03-10,5.623546,0.181356,0.149145,0.032211
2015-03-11,5.626283,0.182817,0.149041,0.033776
2015-03-12,5.629021,0.183204,0.148955,0.034249
2015-03-13,5.631759,0.177879,0.148886,0.028993
2015-03-14,5.634497,0.170527,0.148834,0.021693
2015-03-15,5.637235,0.166572,0.148799,0.017772
2015-03-16,5.639973,0.174536,0.148782,0.025754
2015-03-17,5.642710,0.170196,0.148781,0.021415
2015-03-18,5.645448,0.146068,0.148797,-0.002728
2015-03-19,5.648186,0.120561,0.148830,-0.028269
2015-03-20,5.650924,0.124400,0.148879,-0.024479
2015-03-21,5.653662,0.120432,0.148945,-0.028513
2015-03-22,5.656400,0.122372,0.149027,-0.026655
2015-03-23,5.659138,0.129846,0.149125,-0.019280
2015-03-24,5.661875,0.110709,0.149240,-0.038531
2015-03-25,5.664613,0.090935,0.149371,-0.058435
2015-03-26,5.667351,0.097556,0.149517,-0.051962
2015-03-27,5.670089,0.092809,0.149680,-0.056871
2015-03-28,5.672827,0.097468,0.149858,-0.052391
2015-03-29,5.675565,0.086867,0.150052,-0.063185
2015-03-30,5.678303,0.086506,0.150261,-0.063756
2015-03-31,5.681040,0.084602,0.150486,-0.065884
2015-04-01,5.683778,0.079615,0.150726,-0.071112
2015-04-02,5.686516,0.085331,0.150981,-0.065651
2015-04-03,5.689254,0.092450,0.151252,-0.058802
2015-04-04,5.691992,0.091976,0.151537,-0.059561
2015-04-05,5.694730,0.095913,0.151837,-0.055924
2015-04-06,5.697467,0.095558,0.152151,-0.056593
2015-04-07,5.700205,0.089071,0.152480,-0.063410
2015-04-08,5.702943,0.081028,0.152824,-0.071796
2015-04-09,5.705681,0.073437,0.153182,-0.079745
2015-04-10,5.708419,0.062479,0.153554,-0.091075
2015-04-11,5.711157,0.057887,0.153940,-0.096053
2015-04-12,5.713895,0.056144,0.154340,-0.098195
2015-04-13,5.716632,0.046106,0.154753,-0.108647
2015-04-14,5.719370,0.025532,0.155180,-0.129648
2015-04-15,5.722108,0.025552,0.155621,-0.130069
2015-04-16,5.724846,0.034186,0.156075,-0.121890
2015-04-17,5.727584,0.028172,0.156543,-0.128371
2015-04-18,5.730322,0.024281,0.157023,-0.132742
2015-04-19,5.733060,0.025694,0.157517,-0.131823
2015-04-20,5.735797,0.024334,0.158023,-0.133688
2015-04-21,5.738535,0.026560,0.158542,-0.131981
2015-04-22,5.741273,0.040949,0.159073,-0.118124
2015-04-23,5.744011,0.038825,0.159617,-0.120792
2015-04-24,5.746749,0.034157,0.160173,-0.126017
2015-04-25,5.749487,0.027049,0.160742,-0.133693
2015-04-26,5.752225,0.010311,0.161322,-0.151010
2015-04-27,5.754962,0.012523,0.161914,-0.149391
2015-04-28,5.757700,0.017315,0.162518,-0.145202
2015-04-29,5.760438,0.016153,0.163133,-0.146980
2015-04-30,5.763176,0.027297,0.163760,-0.136463
2015-05-01,5.765914,0.032595,0.164398,-0.131803
2015-05-02,5.768652,0.030042,0.165047,-0.135005
2015-05-03,5.771389,0.037154,0.165707,-0.128552
2015-05-04,5.774127,0.036506,0.166378,-0.129871
2015-05-05,5.776865,0.027615,0.167059,-0.139444
2015-05-06,5.779603,0.026348,0.167751,-0.141403
2015-05-07,5.782341,0.020853,0.168453,-0.147600
2015-05-08,5.785079,0.031397,0.169166,-0.137769
2015-05-09,5.787817,0.035853,0.169889,-0.134036
2015-05-10,5.790554,0.032948,0.170621,-0.137673
2015-05-11,5.793292,0.032674,0.171364,-0.138690
2015-05-12,5.796030,0.031924,0.172116,-0.140191
2015-05-13,5.798768,0.031868,0.172877,-0.141009
2015-05-14,5.801506,0.022353,0.173648,-0.151295
2015-05-15,5.804244,0.022433,0.174428,-0.151995
2015-05-16,5.806982,0.019853,0.175217,-0.155363
2015-05-17,5.809719,0.018022,0.176014,-0.157992
2015-05-18,5.812457,0.015650,0.176821,-0.161170
2015-05-19,5.815195,0.009984,0.177636,-0.167652
2015-05-20,5.817933,0.009297,0.178459,-0.169162
2015-05-21,5.820671,0.010832,0.179291,-0.168458
2015-05-22,5.823409,0.013298,0.180130,-0.166832
2015-05-23,5.826146,0.016552,0.180978,-0.164426
2015-05-24,5.828884,0.015149,0.181833,-0.166684
2015-05-25,5.831622,0.012039,0.182696,-0.170657
2015-05-26,5.834360,0.009033,0.183566,-0.174534
2015-05-27,5.837098,0.008111,0.184444,-0.176333
2015-05-28,5.839836,0.006817,0.185329,-0.178512
2015-05-29,5.842574,0.004806,0.186221,-0.181414
2015-05-30,5.845311,-0.000500,0.187119,-0.187619
2015-05-31,5.848049,-0.004019,0.188024,-0.192043
2015-06-01,5.850787,-0.014611,0.188936,-0.203547
2015-06-02,5.853525,-0.020210,0.189854,-0.210064
2015-06-03,5.856263,-0.018947,0.190778,-0.209725
2015-06-04,5.859001,-0.020317,0.191708,-0.212026
2015-06-05,5.861739,-0.023684,0.192644,-0.216329
2015-06-06,5.864476,-0.024803,0.193586,-0.218389
2015-06-07,5.867214,-0.026594,0.194534,-0.221128
2015-06-08,5.869952,-0.023962,0.195486,-0.219448
2015-06-09,5.872690,-0.019218,0.196444,-0.215663
2015-06-10,5.875428,-0.021430,0.197407,-0.218837
2015-06-11,5.878166,-0.021167,0.198375,-0.219542
2015-06-12,5.880903,-0.021618,0.199348,-0.220966
2015-06-13,5.883641,-0.021887,0.200325,-0.222212
2015-06-14,5.886379,-0.018933,0.201307,-0.220239
2015-06-15,5.889117,-0.016275,0.202293,-0.218568
2015-06-16,5.891855,-0.004589,0.203283,-0.207872
2015-06-17,5.894593,0.009461,0.204277,-0.194816
2015-06-18,5.897331,0.005386,0.205275,-0.199888
2015-06-19,5.900068,0.002978,0.206276,-0.203298
2015-06-20,5.902806,-0.004476,0.207281,-0.211757
2015-06-21,5.905544,-0.005867,0.208289,-0.214156
2015-06-22,5.908282,-0.004102,0.209301,-0.213402
2015-06-23,5.911020,-0.006225,0.210315,-0.216540
2015-06-24,5.913758,-0.011500,0.211333,-0.222833
2015-06-25,5.916496,-0.013393,0.212353,-0.225746
2015-06-26,5.919233,-0.013750,0.213375,-0.227125
2015-06-27,5.921971,-0.008915,0.214400,-0.223315
2015-06-28,5.924709,-0.004574,0.215427,-0.220002
2015-06-29,5.927447,0.001093,0.216457,-0.215363
2015-06-30,5.930185,0.016833,0.217488,-0.200655
2015-07-01,5.932923,0.010403,0.218521,-0.208117
2015-07-02,5.935661,0.005080,0.219555,-0.214475
2015-07-03,5.938398,0.001568,0.220591,-0.219023
2015-07-04,5.941136,0.002356,0.221628,-0.219272
2015-07-05,5.943874,0.012899,0.222667,-0.209768
2015-07-06,5.946612,0.023971,0.223706,-0.199735
2015-07-07,5.949350,0.017605,0.224747,-0.207142
2015-07-08,5.952088,0.018049,0.225788,-0.207738
2015-07-09,5.954825,0.019151,0.226829,-0.207678
2015-07-10,5.957563,0.036833,0.227871,-0.191038
2015-07-11,5.960301,0.050734,0.228913,-0.178179
2015-07-12,5.963039,0.068263,0.229955,-0.161692
2015-07-13,5.965777,0.054350,0.230997,-0.176647
2015-07-14,5.968515,0.048313,0.232039,-0.183726
2015-07-15,5.971253,0.045256,0.233081,-0.187825
2015-07-16,5.973990,0.031968,0.234122,-0.202154
2015-07-17,5.976728,0.024030,0.235162,-0.211132
2015-07-18,5.979466,0.023371,0.236202,-0.212830
2015-07-19,5.982204,0.018965,0.237240,-0.218275
2015-07-20,5.984942,0.019213,0.238278,-0.219064
2015-07-21,5.987680,0.021144,0.239314,-0.218170
2015-07-22,5.990418,0.016858,0.240349,-0.223491
2015-07-23,5.993155,0.016543,0.241382,-0.224840
2015-07-24,5.995893,0.025213,0.242414,-0.217201
2015-07-25,5.998631,0.032461,0.243444,-0.210982
2015-07-26,6.001369,0.034688,0.244472,-0.209783
2015-07-27,6.004107,0.035495,0.245497,-0.210002
2015-07-28,6.006845,0.037674,0.246521,-0.208847
2015-07-29,6.009582,0.031396,0.247542,-0.216146
2015-07-30,6.012320,0.026066,0.248560,-0.222494
2015-07-31,6.015058,0.021561,0.249576,-0.228015
2015-08-01,6.017796,0.015014,0.250589,-0.235575
2015-08-02,6.020534,0.012136,0.251599,-0.239464
2015-08-03,6.023272,0.015183,0.252606,-0.237423
2015-08-04,6.026010,0.015845,0.253610,-0.237765
2015-08-05,6.028747,0.013147,0.254611,-0.241464
2015-08-06,6.031485,0.007579,0.255607,-0.248029
2015-08-07,6.034223,0.004685,0.256601,-0.251915
2015-08-08,6.036961,-0.005096,0.257590,-0.262687
2015-08-09,6.039699,-0.021239,0.258576,-0.279815
2015-08-10,6.042437,-0.020502,0.259558,-0.280060
2015-08-11,6.045175,-0.018725,0.260535,-0.279260
2015-08-12,6.047912,-0.017226,0.261508,-0.278734
2015-08-13,6.050650,-0.023658,0.262477,-0.286135
2015-08-14,6.053388,-0.023779,0.263441,-0.287220
2015-08-15,6.056126,-0.024505,0.264401,-0.288906
2015-08-16,6.058864,-0.035012,0.265355,-0.300368
2015-08-17,6.061602,-0.038043,0.266305,-0.304349
2015-08-18,6.064339,-0.046061,0.267250,-0.313311
2015-08-19,6.067077,-0.086454,0.268190,-0.354644
2015-08-20,6.069815,-0.085613,0.269124,-0.354737
2015-08-21,6.072553,-0.085628,0.270053,-0.355681
2015-08-22,6.075291,-0.093391,0.270976,-0.364367
2015-08-23,6.078029,-0.095524,0.271894,-0.367418
2015-08-24,6.080767,-0.114513,0.272806,-0.387318
2015-08-25,6.083504,-0.123296,0.273712,-0.397008
2015-08-26,6.086242,-0.104719,0.274612,-0.379331
2015-08-27,6.088980,-0.105746,0.275506,-0.381251
2015-08-28,6.091718,-0.103018,0.276393,-0.379411
2015-08-29,6.094456,-0.100175,0.277274,-0.377450
2015-08-30,6.097194,-0.104081,0.278149,-0.382231
2015-08-31,6.099932,-0.104414,0.279017,-0.383432
2015-09-01,6.102669,-0.105732,0.279879,-0.385611
2015-09-02,6.105407,-0.107221,0.280733,-0.387955
2015-09-03,6.108145,-0.109628,0.281581,-0.391209
2015-09-04,6.110883,-0.107511,0.282422,-0.389932
2015-09-05,6.113621,-0.102693,0.283255,-0.385949
2015-09-06,6.116359,-0.090059,0.284082,-0.374141
2015-09-07,6.119097,-0.089637,0.284900,-0.374537
2015-09-08,6.121834,-0.085656,0.285712,-0.371368
2015-09-09,6.124572,-0.092083,0.286516,-0.378599
2015-09-10,6.127310,-0.095995,0.287312,-0.383307
2015-09-11,6.130048,-0.093905,0.288101,-0.382005
2015-09-12,6.132786,-0.097125,0.288881,-0.386007
2015-09-13,6.135524,-0.108354,0.289654,-0.398008
2015-09-14,6.138261,-0.114089,0.290419,-0.404507
2015-09-15,6.140999,-0.114600,0.291175,-0.405775
2015-09-16,6.143737,-0.119441,0.291923,-0.411364
2015-09-17,6.146475,-0.117662,0.292663,-0.410325
2015-09-18,6.149213,-0.113570,0.293394,-0.406964
2015-09-19,6.151951,-0.117213,0.294117,-0.411330
2015-09-20,6.154689,-0.118975,0.294831,-0.413806
2015-09-21,6.157426,-0.125936,0.295537,-0.421473
2015-09-22,6.160164,-0.125067,0.296234,-0.421301
2015-09-23,6.162902,-0.123207,0.296921,-0.420128
2015-09-24,6.165640,-0.121597,0.297600,-0.419197
2015-09-25,6.168378,-0.116824,0.298270,-0.415094
2015-09-26,6.171116,-0.119703,0.298931,-0.418633
2015-09-27,6.173854,-0.122443,0.299582,-0.422024
2015-09-28,6.176591,-0.116161,0.300224,-0.416385
2015-09-29,6.179329,-0.115961,0.300857,-0.416818
2015-09-30,6.182067,-0.119051,0.301480,-0.420530
2015-10-01,6.184805,-0.119466,0.302093,-0.421559
2015-10-02,6.187543,-0.119591,0.302697,-0.422288
2015-10-03,6.190281,-0.119382,0.303291,-0.422673
2015-10-04,6.193018,-0.119344,0.303876,-0.423219
2015-10-05,6.195756,-0.120379,0.304450,-0.424829
2015-10-06,6.198494,-0.114579,0.305015,-0.419594
2015-10-07,6.201232,-0.112160,0.305570,-0.417729
2015-10-08,6.203970,-0.115010,0.306114,-0.421124
2015-10-09,6.206708,-0.115068,0.306648,-0.421716
2015-10-10,6.209446,-0.115183,0.307173,-0.422356
2015-10-11,6.212183,-0.113725,0.307686,-0.421412
2015-10-12,6.214921,-0.113760,0.308190,-0.421950
2015-10-13,6.217659,-0.113156,0.308683,-0.421839
2015-10-14,6.220397,-0.108344,0.309165,-0.417510
2015-10-15,6.223135,-0.103997,0.309637,-0.413634
2015-10-16,6.225873,-0.095736,0.310099,-0.405835
2015-10-17,6.228611,-0.081771,0.310550,-0.392320
2015-10-18,6.231348,-0.086553,0.310990,-0.397543
2015-10-19,6.234086,-0.091769,0.311419,-0.403187
2015-10-20,6.236824,-0.086660,0.311837,-0.398497
2015-10-21,6.239562,-0.087099,0.312245,-0.399344
2015-10-22,6.242300,-0.081993,0.312641,-0.394634
2015-10-23,6.245038,-0.075117,0.313027,-0.388144
2015-10-24,6.247775,-0.071523,0.313401,-0.384925
2015-10-25,6.250513,-0.058330,0.313764,-0.372094
2015-10-26,6.253251,-0.065911,0.314117,-0.380028
2015-10-27,6.255989,-0.056062,0.314458,-0.370519
2015-10-28,6.258727,-0.044844,0.314787,-0.359631
2015-10-29,6.261465,-0.033956,0.315106,-0.349061
2015-10-30,6.264203,-0.013545,0.315413,-0.328958
2015-10-31,6.266940,-0.017478,0.315708,-0.333186
2015-11-01,6.269678,-0.024149,0.315993,-0.340142
2015-11-02,6.272416,-0.001854,0.316265,-0.318120
2015-11-03,6.275154,0.051934,0.316527,-0.264593
2015-11-04,6.277892,0.117465,0.316776,-0.199311
2015-11-05,6.280630,0.072479,0.317015,-0.244535
2015-11-06,6.283368,0.040505,0.317241,-0.276736
2015-11-07,6.286105,0.052304,0.317456,-0.265151
2015-11-08,6.288843,0.049375,0.317659,-0.268284
2015-11-09,6.291581,0.040116,0.317850,-0.277734
2015-11-10,6.294319,0.027936,0.318030,-0.290094
2015-11-11,6.297057,-0.034568,0.318198,-0.352766
2015-11-12,6.299795,-0.020081,0.318354,-0.338435
2015-11-13,6.302533,-0.012549,0.318498,-0.331047
2015-11-14,6.305270,-0.012909,0.318630,-0.331540
2015-11-15,6.308008,-0.021713,0.318751,-0.340464
2015-11-16,6.310746,-0.030273,0.318859,-0.349133
2015-11-17,6.313484,-0.016050,0.318956,-0.335006
2015-11-18,6.316222,-0.019141,0.319041,-0.338181
2015-11-19,6.318960,-0.023713,0.319113,-0.342826
2015-11-20,6.321697,-0.038188,0.319174,-0.357362
2015-11-21,6.324435,-0.033278,0.319222,-0.352501
2015-11-22,6.327173,-0.034878,0.319259,-0.354137
2015-11-23,6.329911,-0.037357,0.319284,-0.356640
2015-11-24,6.332649,-0.041333,0.319296,-0.360629
2015-11-25,6.335387,-0.039278,0.319296,-0.358574
2015-11-26,6.338125,-0.014104,0.319285,-0.333388
2015-11-27,6.340862,0.000644,0.319261,-0.318616
2015-11-28,6.343600,-0.000869,0.319225,-0.320093
2015-11-29,6.346338,0.004463,0.319177,-0.314714
2015-11-30,6.349076,0.021594,0.319116,-0.297523
2015-12-01,6.351814,0.010486,0.319044,-0.308558
2015-12-02,6.354552,-0.003399,0.318959,-0.322358
2015-12-03,6.357290,0.002967,0.318863,-0.315896
2015-12-04,6.360027,-0.000189,0.318754,-0.318943
2015-12-05,6.362765,0.014917,0.318633,-0.303716
2015-12-06,6.365503,0.034422,0.318500,-0.284078
2015-12-07,6.368241,0.033364,0.318355,-0.284990
2015-12-08,6.370979,0.034607,0.318197,-0.283590
2015-12-09,6.373717,0.056342,0.318028,-0.261685
2015-12-10,6.376454,0.061466,0.317846,-0.256380
2015-12-11,6.379192,0.071061,0.317652,-0.246591
2015-12-12,6.381930,0.070564,0.317446,-0.246882
2015-12-13,6.384668,0.071523,0.317228,-0.245705
2015-12-14,6.387406,0.075972,0.316998,-0.241026
2015-12-15,6.390144,0.089122,0.316755,-0.227633
2015-12-16,6.392882,0.088889,0.316501,-0.227612
2015-12-17,6.395619,0.086194,0.316234,-0.230040
2015-12-18,6.398357,0.095077,0.315956,-0.220878
2015-12-19,6.401095,0.091811,0.315665,-0.223854
2015-12-20,6.403833,0.082393,0.315362,-0.232969
2015-12-21,6.406571,0.067463,0.315048,-0.247584
2015-12-22,6.409309,0.067010,0.314721,-0.247711
2015-12-23,6.412047,0.067803,0.314382,-0.246579
2015-12-24,6.414784,0.079789,0.314031,-0.234242
2015-12-25,6.417522,0.079944,0.313669,-0.233725
2015-12-26,6.420260,0.055241,0.313294,-0.258053
2015-12-27,6.422998,0.042917,0.312908,-0.269991
2015-12-28,6.425736,0.047535,0.312509,-0.264974
2015-12-29,6.428474,0.047969,0.312099,-0.264130
2015-12-30,6.431211,0.050445,0.311677,-0.261232
2015-12-31,6.433949,0.046513,0.311243,-0.264730
2016-01-01,6.436687,0.051013,0.310797,-0.259784
2016-01-02,6.439425,0.051494,0.310340,-0.258846
2016-01-03,6.442163,0.045938,0.309871,-0.263933
2016-01-04,6.444901,0.047267,0.309390,-0.262123
2016-01-05,6.447639,0.047161,0.308897,-0.261737
2016-01-06,6.450376,0.044220,0.308393,-0.264173
2016-01-07,6.453114,0.060883,0.307878,-0.246995
2016-01-08,6.455852,0.066728,0.307350,-0.240623
2016-01-09,6.458590,0.061737,0.306812,-0.245075
2016-01-10,6.461328,0.055504,0.306261,-0.250757
2016-01-11,6.464066,0.056945,0.305700,-0.248755
2016-01-12,6.466804,0.055595,0.305127,-0.249532
2016-01-13,6.469541,0.037714,0.304542,-0.266828
2016-01-14,6.472279,0.037939,0.303946,-0.266008
2016-01-15,6.475017,0.008386,0.303339,-0.294953
2016-01-16,6.477755,-0.028594,0.302721,-0.331315
2016-01-17,6.480493,-0.014366,0.302092,-0.316458
2016-01-18,6.483231,-0.016685,0.301451,-0.318136
2016-01-19,6.485969,-0.017150,0.300799,-0.317949
2016-01-20,6.488706,-0.007084,0.300136,-0.307221
2016-01-21,6.491444,0.014908,0.299463,-0.284555
2016-01-22,6.494182,-0.008815,0.298778,-0.307593
2016-01-23,6.496920,-0.015261,0.298082,-0.313343
2016-01-24,6.499658,-0.008042,0.297376,-0.305417
2016-01-25,6.502396,-0.009711,0.296658,-0.306370
2016-01-26,6.505133,-0.012681,0.295930,-0.308611
2016-01-27,6.507871,-0.012609,0.295191,-0.307800
2016-01-28,6.510609,-0.025304,0.294442,-0.319745
2016-01-29,6.513347,-0.034929,0.293682,-0.328611
2016-01-30,6.516085,-0.033477,0.292911,-0.326388
2016-01-31,6.518823,-0.034842,0.292130,-0.326972
2016-02-01,6.521561,-0.040755,0.291339,-0.332094
2016-02-02,6.524298,-0.041332,0.290537,-0.331869
2016-02-03,6.527036,-0.045325,0.289724,-0.335049
2016-02-04,6.529774,-0.038946,0.288902,-0.327848
2016-02-05,6.532512,-0.030271,0.288069,-0.318340
2016-02-06,6.535250,-0.042085,0.287226,-0.329311
2016-02-07,6.537988,-0.043500,0.286374,-0.329874
2016-02-08,6.540726,-0.044881,0.285511,-0.330392
2016-02-09,6.543463,-0.048246,0.284638,-0.332883
2016-02-10,6.546201,-0.044344,0.283755,-0.328100
2016-02-11,6.548939,-0.044975,0.282863,-0.327838
2016-02-12,6.551677,-0.042757,0.281961,-0.324717
2016-02-13,6.554415,-0.035859,0.281049,-0.316907
2016-02-14,6.557153,-0.025545,0.280127,-0.305672
2016-02-15,6.559890,-0.022579,0.279196,-0.301775
2016-02-16,6.562628,-0.022215,0.278255,-0.300470
2016-02-17,6.565366,-0.012080,0.277305,-0.289386
2016-02-18,6.568104,-0.006864,0.276346,-0.283210
2016-02-19,6.570842,-0.007576,0.275378,-0.282954
2016-02-20,6.573580,0.001466,0.274400,-0.272933
2016-02-21,6.576318,0.008087,0.273413,-0.265326
2016-02-22,6.579055,0.005686,0.272417,-0.266731
2016-02-23,6.581793,-0.004164,0.271412,-0.275576
2016-02-24,6.584531,-0.011249,0.270398,-0.281647
2016-02-25,6.587269,-0.010031,0.269376,-0.279406
2016-02-26,6.590007,-0.009988,0.268344,-0.278332
2016-02-27,6.592745,-0.002808,0.267304,-0.270112
2016-02-28,6.595483,-0.006571,0.266256,-0.272827
2016-02-29,6.598220,-0.000438,0.265199,-0.265637
2016-03-01,6.600958,-0.003372,0.264133,-0.267505
2016-03-02,6.603696,-0.006744,0.263059,-0.269803
2016-03-03,6.606434,-0.018127,0.261977,-0.280103
2016-03-04,6.609172,-0.021296,0.260887,-0.282182
2016-03-05,6.611910,-0.039403,0.259788,-0.299192
2016-03-06,6.614648,-0.040133,0.258682,-0.298814
2016-03-07,6.617385,-0.034784,0.257567,-0.292351
2016-03-08,6.620123,-0.032458,0.256445,-0.288903
2016-03-09,6.622861,-0.033548,0.255314,-0.288862
2016-03-10,6.625599,-0.032503,0.254177,-0.286679
2016-03-11,6.628337,-0.027257,0.253031,-0.280288
2016-03-12,6.631075,-0.034016,0.251878,-0.285895
2016-03-13,6.633812,-0.036127,0.250718,-0.286845
2016-03-14,6.636550,-0.035530,0.249550,-0.285080
2016-03-15,6.639288,-0.034537,0.248375,-0.282912
2016-03-16,6.642026,-0.035682,0.247192,-0.282874
2016-03-17,6.644764,-0.033649,0.246003,-0.279652
2016-03-18,6.647502,-0.039675,0.244807,-0.284481
2016-03-19,6.650240,-0.045652,0.243603,-0.289255
2016-03-20,6.652977,-0.044013,0.242393,-0.286406
2016-03-21,6.655715,-0.045717,0.241176,-0.286893
2016-03-22,6.658453,-0.040775,0.239953,-0.280728
2016-03-23,6.661191,-0.040170,0.238722,-0.278893
2016-03-24,6.663929,-0.042398,0.237486,-0.279884
2016-03-25,6.666667,-0.043974,0.236243,-0.280217
2016-03-26,6.669405,-0.044257,0.234994,-0.279251
2016-03-27,6.672142,-0.041293,0.233738,-0.275031
2016-03-28,6.674880,-0.038661,0.232476,-0.271137
2016-03-29,6.677618,-0.044576,0.231209,-0.275785
2016-03-30,6.680356,-0.050765,0.229935,-0.280700
2016-03-31,6.683094,-0.049162,0.228656,-0.277818
2016-04-01,6.685832,-0.049969,0.227371,-0.277340
2016-04-02,6.688569,-0.047533,0.226080,-0.273613
2016-04-03,6.691307,-0.049083,0.224784,-0.273867
2016-04-04,6.694045,-0.049464,0.223482,-0.272946
2016-04-05,6.696783,-0.047484,0.222175,-0.269659
2016-04-06,6.699521,-0.048028,0.220862,-0.268890
2016-04-07,6.702259,-0.050070,0.219545,-0.269615
2016-04-08,6.704997,-0.050604,0.218222,-0.268826
2016-04-09,6.707734,-0.055311,0.216895,-0.272206
2016-04-10,6.710472,-0.053523,0.215562,-0.269085
2016-04-11,6.713210,-0.053471,0.214225,-0.267696
2016-04-12,6.715948,-0.050798,0.212883,-0.263681
2016-04-13,6.718686,-0.051500,0.211537,-0.263037
2016-04-14,6.721424,-0.053003,0.210186,-0.263189
2016-04-15,6.724162,-0.050930,0.208830,-0.259760
2016-04-16,6.726899,-0.049005,0.207471,-0.256476
2016-04-17,6.729637,-0.051891,0.206107,-0.257998
2016-04-18,6.732375,-0.052982,0.204739,-0.257721
2016-04-19,6.735113,-0.052513,0.203367,-0.255880
2016-04-20,6.737851,-0.044985,0.201991,-0.246976
2016-04-21,6.740589,-0.040068,0.200612,-0.240679
2016-04-22,6.743326,-0.038493,0.199228,-0.237721
2016-04-23,6.746064,-0.038855,0.197842,-0.236696
2016-04-24,6.748802,-0.033227,0.196451,-0.229678
2016-04-25,6.751540,-0.029279,0.195057,-0.224337
2016-04-26,6.754278,-0.025785,0.193660,-0.219446
2016-04-27,6.757016,-0.030526,0.192260,-0.222786
2016-04-28,6.759754,-0.044986,0.190857,-0.235843
2016-04-29,6.762491,-0.040707,0.189451,-0.230158
2016-04-30,6.765229,-0.039563,0.188041,-0.227604
2016-05-01,6.767967,-0.041898,0.186629,-0.228528
2016-05-02,6.770705,-0.046951,0.185215,-0.232166
2016-05-03,6.773443,-0.047466,0.183798,-0.231264
2016-05-04,6.776181,-0.047489,0.182378,-0.229866
2016-05-05,6.778919,-0.048738,0.180956,-0.229693
2016-05-06,6.781656,-0.045358,0.179531,-0.224889
2016-05-07,6.784394,-0.040377,0.178105,-0.218481
2016-05-08,6.787132,-0.041775,0.176676,-0.218451
2016-05-09,6.789870,-0.041247,0.175246,-0.216493
2016-05-10,6.792608,-0.044636,0.173813,-0.218449
2016-05-11,6.795346,-0.048656,0.172379,-0.221036
2016-05-12,6.798084,-0.051030,0.170943,-0.221974
2016-05-13,6.800821,-0.049049,0.169506,-0.218555
2016-05-14,6.803559,-0.049190,0.168067,-0.217257
2016-05-15,6.806297,-0.049397,0.166627,-0.216024
2016-05-16,6.809035,-0.050329,0.165185,-0.215514
2016-05-17,6.811773,-0.053768,0.163743,-0.217511
2016-05-18,6.814511,-0.054152,0.162299,-0.216451
2016-05-19,6.817248,-0.059925,0.160855,-0.220779
2016-05-20,6.819986,-0.068882,0.159409,-0.228291
2016-05-21,6.822724,-0.069136,0.157963,-0.227099
2016-05-22,6.825462,-0.070354,0.156516,-0.226870
2016-05-23,6.828200,-0.071127,0.155069,-0.226196
2016-05-24,6.830938,-0.068647,0.153621,-0.222268
2016-05-25,6.833676,-0.066562,0.152173,-0.218735
2016-05-26,6.836413,-0.064759,0.150725,-0.215483
2016-05-27,6.839151,-0.046890,0.149276,-0.196167
2016-05-28,6.841889,-0.025993,0.147828,-0.173821
2016-05-29,6.844627,-0.004339,0.146379,-0.150719
2016-05-30,6.847365,0.002719,0.144931,-0.142212
2016-05-31,6.850103,0.004130,0.143483,-0.139354
2016-06-01,6.852841,0.002504,0.142036,-0.139532
2016-06-02,6.855578,0.006096,0.140589,-0.134492
2016-06-03,6.858316,0.017203,0.139142,-0.121939
2016-06-04,6.861054,0.031561,0.137697,-0.106135
2016-06-05,6.863792,0.032566,0.136252,-0.103686
2016-06-06,6.866530,0.035438,0.134807,-0.099369
2016-06-07,6.869268,0.035462,0.133364,-0.097903
2016-06-08,6.872005,0.031969,0.131922,-0.099954
2016-06-09,6.874743,0.030384,0.130482,-0.100097
2016-06-10,6.877481,0.028651,0.129042,-0.100391
2016-06-11,6.880219,0.032772,0.127604,-0.094832
2016-06-12,6.882957,0.071649,0.126167,-0.054518
2016-06-13,6.885695,0.102484,0.124732,-0.022248
2016-06-14,6.888433,0.100958,0.123299,-0.022341
2016-06-15,6.891170,0.098446,0.121868,-0.023422
2016-06-16,6.893908,0.129778,0.120438,0.009340
2016-06-17,6.896646,0.135007,0.119010,0.015996
2016-06-18,6.899384,0.136271,0.117585,0.018686
2016-06-19,6.902122,0.137414,0.116162,0.021252
2016-06-20,6.904860,0.132357,0.114741,0.017616
2016-06-21,6.907598,0.091204,0.113322,-0.022118
2016-06-22,6.910335,0.070652,0.111906,-0.041254
2016-06-23,6.913073,0.029831,0.110492,-0.080661
2016-06-24,6.915811,0.073479,0.109081,-0.035602
2016-06-25,6.918549,0.082558,0.107673,-0.025115
2016-06-26,6.921287,0.061483,0.106268,-0.044785
2016-06-27,6.924025,0.059628,0.104866,-0.045238
2016-06-28,6.926762,0.066168,0.103467,-0.037299
2016-06-29,6.929500,0.054209,0.102071,-0.047862
2016-06-30,6.932238,0.065547,0.100678,-0.035131
2016-07-01,6.934976,0.078885,0.099289,-0.020403
2016-07-02,6.937714,0.084971,0.097903,-0.012932
2016-07-03,6.940452,0.076147,0.096520,-0.020373
2016-07-04,6.943190,0.072364,0.095142,-0.022777
2016-07-05,6.945927,0.073405,0.093767,-0.020361
2016-07-06,6.948665,0.071889,0.092395,-0.020507
2016-07-07,6.951403,0.051343,0.091028,-0.039685
2016-07-08,6.954141,0.053850,0.089665,-0.035815
2016-07-09,6.956879,0.055969,0.088306,-0.032337
2016-07-10,6.959617,0.052342,0.086951,-0.034609
2016-07-11,6.962355,0.052215,0.085600,-0.033385
2016-07-12,6.965092,0.057774,0.084254,-0.026480
2016-07-13,6.967830,0.061124,0.082912,-0.021788
2016-07-14,6.970568,0.055839,0.081575,-0.025737
2016-07-15,6.973306,0.058659,0.080243,-0.021584
2016-07-16,6.976044,0.058150,0.078915,-0.020765
2016-07-17,6.978782,0.061161,0.077592,-0.016431
2016-07-18,6.981520,0.064390,0.076274,-0.011884
2016-07-19,6.984257,0.059932,0.074961,-0.015029
2016-07-20,6.986995,0.058363,0.073653,-0.015290
2016-07-21,6.989733,0.053426,0.072351,-0.018925
2016-07-22,6.992471,0.050816,0.071053,-0.020238
2016-07-23,6.995209,0.045533,0.069761,-0.024229
2016-07-24,6.997947,0.046778,0.068475,-0.021697
2016-07-25,7.000684,0.045480,0.067194,-0.021714
2016-07-26,7.003422,0.041927,0.065919,-0.023992
2016-07-27,7.006160,0.041981,0.064649,-0.022668
2016-07-28,7.008898,0.042115,0.063385,-0.021270
2016-07-29,7.011636,0.042018,0.062127,-0.020109
2016-07-30,7.014374,0.040623,0.060876,-0.020252
2016-07-31,7.017112,0.026789,0.059630,-0.032841
2016-08-01,7.019849,0.015181,0.058390,-0.043209
2016-08-02,7.022587,-0.005724,0.057156,-0.062881
2016-08-03,7.025325,-0.038024,0.055929,-0.093953
2016-08-04,7.028063,-0.022269,0.054709,-0.076977
2016-08-05,7.030801,-0.023335,0.053494,-0.076829
2016-08-06,7.033539,-0.021677,0.052286,-0.073964
2016-08-07,7.036277,-0.011064,0.051085,-0.062150
2016-08-08,7.039014,-0.012193,0.049891,-0.062084
2016-08-09,7.041752,-0.015227,0.048703,-0.063930
2016-08-10,7.044490,-0.013277,0.047523,-0.060800
2016-08-11,7.047228,-0.012748,0.046349,-0.059097
2016-08-12,7.049966,-0.017846,0.045182,-0.063028
2016-08-13,7.052704,-0.018617,0.044022,-0.062639
2016-08-14,7.055441,-0.027443,0.042870,-0.070313
2016-08-15,7.058179,-0.033351,0.041725,-0.075076
2016-08-16,7.060917,-0.032032,0.040587,-0.072618
2016-08-17,7.063655,-0.030944,0.039456,-0.070401
2016-08-18,7.066393,-0.032292,0.038334,-0.070626
2016-08-19,7.069131,-0.031989,0.037218,-0.069208
2016-08-20,7.071869,-0.031320,0.036110,-0.067430
2016-08-21,7.074606,-0.029511,0.035010,-0.064521
2016-08-22,7.077344,-0.027043,0.033918,-0.060961
2016-08-23,7.080082,-0.029084,0.032834,-0.061918
2016-08-24,7.082820,-0.032325,0.031757,-0.064082
2016-08-25,7.085558,-0.036802,0.030689,-0.067491
2016-08-26,7.088296,-0.036439,0.029628,-0.066067
2016-08-27,7.091034,-0.041015,0.028576,-0.069591
2016-08-28,7.093771,-0.043026,0.027532,-0.070558
2016-08-29,7.096509,-0.042284,0.026496,-0.068780
2016-08-30,7.099247,-0.039680,0.025469,-0.065149
2016-08-31,7.101985,-0.044576,0.024450,-0.069026
2016-09-01,7.104723,-0.046086,0.023439,-0.069525
2016-09-02,7.107461,-0.046559,0.022437,-0.068996
2016-09-03,7.110198,-0.042447,0.021444,-0.063891
2016-09-04,7.112936,-0.026212,0.020459,-0.046672
2016-09-05,7.115674,-0.025713,0.019484,-0.045196
2016-09-06,7.118412,-0.024853,0.018516,-0.043369
2016-09-07,7.121150,-0.023618,0.017558,-0.041176
2016-09-08,7.123888,-0.016731,0.016609,-0.033340
2016-09-09,7.126626,-0.016839,0.015669,-0.032508
2016-09-10,7.129363,-0.016350,0.014737,-0.031087
2016-09-11,7.132101,-0.019148,0.013815,-0.032963
2016-09-12,7.134839,-0.028416,0.012902,-0.041319
2016-09-13,7.137577,-0.028127,0.011999,-0.040126
2016-09-14,7.140315,-0.028062,0.011104,-0.039166
2016-09-15,7.143053,-0.029696,0.010219,-0.039915
2016-09-16,7.145791,-0.031682,0.009344,-0.041025
2016-09-17,7.148528,-0.033264,0.008477,-0.041742
2016-09-18,7.151266,-0.033599,0.007621,-0.041220
2016-09-19,7.154004,-0.033795,0.006774,-0.040568
2016-09-20,7.156742,-0.034822,0.005936,-0.040758
2016-09-21,7.159480,-0.042626,0.005109,-0.047734
2016-09-22,7.162218,-0.044844,0.004291,-0.049135
2016-09-23,7.164956,-0.044431,0.003483,-0.047914
2016-09-24,7.167693,-0.042922,0.002684,-0.045607
2016-09-25,7.170431,-0.045003,0.001896,-0.046899
2016-09-26,7.173169,-0.042721,0.001118,-0.043839
2016-09-27,7.175907,-0.043201,0.000349,-0.043550
2016-09-28,7.178645,-0.044531,-0.000409,-0.044122
2016-09-29,7.181383,-0.045375,-0.001157,-0.044218
2016-09-30,7.184120,-0.046511,-0.001895,-0.044616
2016-10-01,7.186858,-0.042450,-0.002623,-0.039827
2016-10-02,7.189596,-0.044408,-0.003341,-0.041068
2016-10-03,7.192334,-0.045095,-0.004048,-0.041047
2016-10-04,7.195072,-0.046736,-0.004745,-0.041991
2016-10-05,7.197810,-0.045810,-0.005431,-0.040379
2016-10-06,7.200548,-0.047023,-0.006107,-0.040916
2016-10-07,7.203285,-0.045986,-0.006773,-0.039213
2016-10-08,7.206023,-0.044728,-0.007428,-0.037300
2016-10-09,7.208761,-0.046677,-0.008072,-0.038605
2016-10-10,7.211499,-0.047246,-0.008706,-0.038540
2016-10-11,7.214237,-0.037693,-0.009329,-0.028364
2016-10-12,7.216975,-0.034665,-0.009942,-0.024724
2016-10-13,7.219713,-0.035857,-0.010543,-0.025314
2016-10-14,7.222450,-0.036191,-0.011134,-0.025057
2016-10-15,7.225188,-0.035517,-0.011714,-0.023803
2016-10-16,7.227926,-0.035770,-0.012284,-0.023486
2016-10-17,7.230664,-0.037644,-0.012842,-0.024802
2016-10-18,7.233402,-0.039762,-0.013389,-0.026373
2016-10-19,7.236140,-0.043841,-0.013926,-0.029915
2016-10-20,7.238877,-0.046762,-0.014451,-0.032311
2016-10-21,7.241615,-0.046280,-0.014965,-0.031314
2016-10-22,7.244353,-0.039875,-0.015469,-0.024406
2016-10-23,7.247091,-0.032835,-0.015961,-0.016874
2016-10-24,7.249829,-0.035870,-0.016442,-0.019428
2016-10-25,7.252567,-0.033661,-0.016912,-0.016749
2016-10-26,7.255305,-0.027872,-0.017371,-0.010502
2016-10-27,7.258042,-0.018304,-0.017818,-0.000486
2016-10-28,7.260780,-0.016315,-0.018254,0.001939
2016-10-29,7.263518,-0.004634,-0.018679,0.014044
2016-10-30,7.266256,-0.006812,-0.019092,0.012281
2016-10-31,7.268994,-0.010238,-0.019495,0.009257
2016-11-01,7.271732,0.002234,-0.019885,0.022119
2016-11-02,7.274470,0.004637,-0.020265,0.024901
2016-11-03,7.277207,0.002670,-0.020633,0.023302
2016-11-04,7.279945,-0.013602,-0.020989,0.007387
2016-11-05,7.282683,-0.011694,-0.021334,0.009640
2016-11-06,7.285421,-0.008883,-0.021667,0.012784
2016-11-07,7.288159,-0.012094,-0.021989,0.009895
2016-11-08,7.290897,-0.012001,-0.022300,0.010299
2016-11-09,7.293634,-0.001900,-0.022599,0.020698
2016-11-10,7.296372,-0.008784,-0.022886,0.014102
2016-11-11,7.299110,-0.009626,-0.023161,0.013535
2016-11-12,7.301848,-0.014052,-0.023425,0.009373
2016-11-13,7.304586,-0.022729,-0.023677,0.000948
2016-11-14,7.307324,-0.019950,-0.023918,0.003968
2016-11-15,7.310062,-0.015140,-0.024147,0.009007
2016-11-16,7.312799,-0.007086,-0.024364,0.017277
2016-11-17,7.315537,0.002032,-0.024569,0.026601
2016-11-18,7.318275,0.001234,-0.024763,0.025997
2016-11-19,7.321013,0.004189,-0.024945,0.029134
2016-11-20,7.323751,-0.001441,-0.025115,0.023674
2016-11-21,7.326489,-0.006150,-0.025273,0.019123
2016-11-22,7.329227,-0.002761,-0.025420,0.022659
2016-11-23,7.331964,-0.002955,-0.025554,0.022600
2016-11-24,7.334702,-0.006353,-0.025677,0.019324
2016-11-25,7.337440,-0.009288,-0.025788,0.016500
2016-11-26,7.340178,-0.010552,-0.025887,0.015335
2016-11-27,7.342916,-0.012194,-0.025975,0.013780
2016-11-28,7.345654,-0.007024,-0.026050,0.019026
2016-11-29,7.348392,-0.014015,-0.026114,0.012099
2016-11-30,7.351129,-0.011272,-0.026165,0.014894
2016-12-01,7.353867,-0.006701,-0.026205,0.019504
2016-12-02,7.356605,0.003555,-0.026233,0.029788
2016-12-03,7.359343,0.001377,-0.026249,0.027626
2016-12-04,7.362081,0.000162,-0.026253,0.026414
2016-12-05,7.364819,-0.005799,-0.026245,0.020446
2016-12-06,7.367556,-0.006147,-0.026225,0.020078
2016-12-07,7.370294,-0.003649,-0.026193,0.022544
2016-12-08,7.373032,-0.001467,-0.026149,0.024682
2016-12-09,7.375770,-0.001111,-0.026094,0.024983
2016-12-10,7.378508,0.000551,-0.026026,0.026577
2016-12-11,7.381246,-0.002650,-0.025947,0.023297
2016-12-12,7.383984,0.000360,-0.025855,0.026215
2016-12-13,7.386721,0.000508,-0.025752,0.026259
2016-12-14,7.389459,-0.000884,-0.025636,0.024752
2016-12-15,7.392197,-0.001751,-0.025509,0.023758
2016-12-16,7.394935,-0.001475,-0.025370,0.023895
2016-12-17,7.397673,0.002464,-0.025219,0.027682
2016-12-18,7.400411,0.001873,-0.025056,0.026929
2016-12-19,7.403149,0.001654,-0.024881,0.026535
2016-12-20,7.405886,0.001841,-0.024694,0.026534
2016-12-21,7.408624,0.012809,-0.024495,0.037304
2016-12-22,7.411362,0.034013,-0.024284,0.058297
2016-12-23,7.414100,0.054118,-0.024062,0.078180
2016-12-24,7.416838,0.055264,-0.023827,0.079091
2016-12-25,7.419576,0.041990,-0.023581,0.065571
2016-12-26,7.422313,0.053076,-0.023323,0.076399
2016-12-27,7.425051,0.060457,-0.023053,0.083510
2016-12-28,7.427789,0.077261,-0.022771,0.100032
2016-12-29,7.430527,0.081784,-0.022477,0.104261
2016-12-30,7.433265,0.073989,-0.022172,0.096161
2016-12-31,7.436003,0.075029,-0.021854,0.096883
2017-01-01,7.438741,0.082766,-0.021525,0.104291
2017-01-02,7.441478,0.098834,-0.021184,0.120018
2017-01-03,7.444216,0.100797,-0.020831,0.121628
2017-01-04,7.446954,0.123780,-0.020467,0.144247
2017-01-05,7.449692,0.109552,-0.020090,0.129642
2017-01-06,7.452430,0.058596,-0.019702,0.078298
2017-01-07,7.455168,0.027929,-0.019303,0.047232
2017-01-08,7.457906,0.048130,-0.018891,0.067022
2017-01-09,7.460643,0.037545,-0.018468,0.056014
2017-01-10,7.463381,0.041705,-0.018033,0.059738
2017-01-11,7.466119,0.012597,-0.017587,0.030184
2017-01-12,7.468857,-0.019963,-0.017129,-0.002834
2017-01-13,7.471595,-0.008684,-0.016659,0.007976
2017-01-14,7.474333,0.000882,-0.016178,0.017060
2017-01-15,7.477070,-0.004301,-0.015685,0.011385
2017-01-16,7.479808,-0.000000,-0.015181,0.015181
2017-01-17,7.482546,0.023556,-0.014665,0.038221
2017-01-18,7.485284,0.027019,-0.014138,0.041157
2017-01-19,7.488022,0.030089,-0.013599,0.043688
2017-01-20,7.490760,0.030094,-0.013049,0.043143
2017-01-21,7.493498,0.039848,-0.012487,0.052335
2017-01-22,7.496235,0.041373,-0.011914,0.053288
2017-01-23,7.498973,0.039311,-0.011330,0.050641
2017-01-24,7.501711,0.032175,-0.010734,0.042909
2017-01-25,7.504449,0.025911,-0.010127,0.036038
2017-01-26,7.507187,0.030269,-0.009508,0.039778
2017-01-27,7.509925,0.034594,-0.008879,0.043473
2017-01-28,7.512663,0.034566,-0.008238,0.042804
2017-01-29,7.515400,0.033900,-0.007586,0.041486
2017-01-30,7.518138,0.032586,-0.006923,0.039508
2017-01-31,7.520876,0.042429,-0.006248,0.048678
2017-02-01,7.523614,0.055279,-0.005563,0.060842
2017-02-02,7.526352,0.063299,-0.004866,0.068165
2017-02-03,7.529090,0.071351,-0.004158,0.075509
2017-02-04,7.531828,0.072652,-0.003440,0.076092
2017-02-05,7.534565,0.073097,-0.002710,0.075807
2017-02-06,7.537303,0.072724,-0.001969,0.074693
2017-02-07,7.540041,0.079949,-0.001218,0.081167
2017-02-08,7.542779,0.084669,-0.000455,0.085125
2017-02-09,7.545517,0.071049,0.000318,0.070731
2017-02-10,7.548255,0.051318,0.001102,0.050216
2017-02-11,7.550992,0.063282,0.001897,0.061385
2017-02-12,7.553730,0.061371,0.002703,0.058668
2017-02-13,7.556468,0.058131,0.003519,0.054612
2017-02-14,7.559206,0.061000,0.004346,0.056653
2017-02-15,7.561944,0.061484,0.005184,0.056300
2017-02-16,7.564682,0.067573,0.006032,0.061541
2017-02-17,7.567420,0.074249,0.006891,0.067358
2017-02-18,7.570157,0.079737,0.007760,0.071977
2017-02-19,7.572895,0.076088,0.008640,0.067448
2017-02-20,7.575633,0.077082,0.009530,0.067551
2017-02-21,7.578371,0.092762,0.010431,0.082330
2017-02-22,7.581109,0.100225,0.011342,0.088883
2017-02-23,7.583847,0.108754,0.012263,0.096491
2017-02-24,7.586585,0.121572,0.013195,0.108377
2017-02-25,7.589322,0.115386,0.014137,0.101249
2017-02-26,7.592060,0.112212,0.015089,0.097123
2017-02-27,7.594798,0.119384,0.016051,0.103333
2017-02-28,7.597536,0.121011,0.017023,0.103987
2017-03-01,7.600274,0.126067,0.018006,0.108061
2017-03-02,7.603012,0.136174,0.018998,0.117176
2017-03-03,7.605749,0.147994,0.020000,0.127994
2017-03-04,7.608487,0.146291,0.021012,0.125278
2017-03-05,7.611225,0.142634,0.022034,0.120599
2017-03-06,7.613963,0.145969,0.023066,0.122902
2017-03-07,7.616701,0.138408,0.024108,0.114300
2017-03-08,7.619439,0.117599,0.025159,0.092440
2017-03-09,7.622177,0.109108,0.026221,0.082888
2017-03-10,7.624914,0.117678,0.027291,0.090386
2017-03-11,7.627652,0.105577,0.028372,0.077205
2017-03-12,7.630390,0.114751,0.029461,0.085290
2017-03-13,7.633128,0.126088,0.030561,0.095527
2017-03-14,7.635866,0.128563,0.031670,0.096894
2017-03-15,7.638604,0.131068,0.032788,0.098280
2017-03-16,7.641342,0.120290,0.033915,0.086375
2017-03-17,7.644079,0.086542,0.035052,0.051490
2017-03-18,7.646817,0.046567,0.036198,0.010369
2017-03-19,7.649555,0.038499,0.037353,0.001145
2017-03-20,7.652293,0.046792,0.038518,0.008274
2017-03-21,7.655031,0.065861,0.039691,0.026170
2017-03-22,7.657769,0.053593,0.040873,0.012719
2017-03-23,7.660507,0.047577,0.042065,0.005513
2017-03-24,7.663244,0.025889,0.043265,-0.017376
2017-03-25,7.665982,-0.002775,0.044474,-0.047249
2017-03-26,7.668720,0.013445,0.045692,-0.032247
2017-03-27,7.671458,0.025867,0.046919,-0.021053
2017-03-28,7.674196,0.041671,0.048155,-0.006483
2017-03-29,7.676934,0.037031,0.049399,-0.012367
2017-03-30,7.679671,0.036933,0.050651,-0.013719
2017-03-31,7.682409,0.045025,0.051913,-0.006888
2017-04-01,7.685147,0.054087,0.053182,0.000905
2017-04-02,7.687885,0.055815,0.054461,0.001354
2017-04-03,7.690623,0.072863,0.055747,0.017116
2017-04-04,7.693361,0.075692,0.057042,0.018650
2017-04-05,7.696099,0.070778,0.058345,0.012433
2017-04-06,7.698836,0.083299,0.059656,0.023643
2017-04-07,7.701574,0.089947,0.060975,0.028972
2017-04-08,7.704312,0.088294,0.062303,0.025991
2017-04-09,7.707050,0.090896,0.063638,0.027258
2017-04-10,7.709788,0.095501,0.064982,0.030519
2017-04-11,7.712526,0.096857,0.066333,0.030524
2017-04-12,7.715264,0.098044,0.067692,0.030352
2017-04-13,7.718001,0.086284,0.069059,0.017225
2017-04-14,7.720739,0.083643,0.070434,0.013210
2017-04-15,7.723477,0.083637,0.071816,0.011821
2017-04-16,7.726215,0.082364,0.073206,0.009158
2017-04-17,7.728953,0.082998,0.074603,0.008395
2017-04-18,7.731691,0.090332,0.076008,0.014324
2017-04-19,7.734428,0.089869,0.077420,0.012449
2017-04-20,7.737166,0.095205,0.078840,0.016365
2017-04-21,7.739904,0.102466,0.080267,0.022200
2017-04-22,7.742642,0.100597,0.081701,0.018896
2017-04-23,7.745380,0.101097,0.083142,0.017954
2017-04-24,7.748118,0.101736,0.084590,0.017146
2017-04-25,7.750856,0.108078,0.086046,0.022032
2017-04-26,7.753593,0.116573,0.087508,0.029065
2017-04-27,7.756331,0.123533,0.088978,0.034556
2017-04-28,7.759069,0.125150,0.090454,0.034696
2017-04-29,7.761807,0.125064,0.091937,0.033127
2017-04-30,7.764545,0.124634,0.093426,0.031208
2017-05-01,7.767283,0.140599,0.094922,0.045676
2017-05-02,7.770021,0.156426,0.096425,0.060000
2017-05-03,7.772758,0.164408,0.097935,0.066474
2017-05-04,7.775496,0.182926,0.099450,0.083476
2017-05-05,7.778234,0.186928,0.100972,0.085955
2017-05-06,7.780972,0.184091,0.102501,0.081590
2017-05-07,7.783710,0.183748,0.104036,0.079712
2017-05-08,7.786448,0.197936,0.105577,0.092359
2017-05-09,7.789185,0.224031,0.107124,0.116907
2017-05-10,7.791923,0.230705,0.108677,0.122028
2017-05-11,7.794661,0.249316,0.110236,0.139080
2017-05-12,7.797399,0.237667,0.111801,0.125866
2017-05-13,7.800137,0.221232,0.113372,0.107860
2017-05-14,7.802875,0.238336,0.114948,0.123387
2017-05-15,7.805613,0.226633,0.116531,0.110102
2017-05-16,7.808350,0.223124,0.118119,0.105005
2017-05-17,7.811088,0.239877,0.119713,0.120165
2017-05-18,7.813826,0.247705,0.121312,0.126394
2017-05-19,7.816564,0.268342,0.122916,0.145426
2017-05-20,7.819302,0.278870,0.124526,0.154344
2017-05-21,7.822040,0.289073,0.126142,0.162932
2017-05-22,7.824778,0.308236,0.127762,0.180474
2017-05-23,7.827515,0.324415,0.129388,0.195027
2017-05-24,7.830253,0.353047,0.131019,0.222029
2017-05-25,7.832991,0.388782,0.132654,0.256127
2017-05-26,7.835729,0.358289,0.134295,0.223993
2017-05-27,7.838467,0.296452,0.135941,0.160511
2017-05-28,7.841205,0.315976,0.137592,0.178384
2017-05-29,7.843943,0.322840,0.139247,0.183593
2017-05-30,7.846680,0.331440,0.140907,0.190533
2017-05-31,7.849418,0.325041,0.142572,0.182469
2017-06-01,7.852156,0.348424,0.144241,0.204183
2017-06-02,7.854894,0.356051,0.145914,0.210137
2017-06-03,7.857632,0.370418,0.147593,0.222826
2017-06-04,7.860370,0.371553,0.149275,0.222278
2017-06-05,7.863107,0.383311,0.150962,0.232349
2017-06-06,7.865845,0.417730,0.152653,0.265077
2017-06-07,7.868583,0.414850,0.154348,0.260503
2017-06-08,7.871321,0.405584,0.156047,0.249537
2017-06-09,7.874059,0.415956,0.157750,0.258206
2017-06-10,7.876797,0.418697,0.159457,0.259240
2017-06-11,7.879535,0.426922,0.161168,0.265754
2017-06-12,7.882272,0.413164,0.162883,0.250282
2017-06-13,7.885010,0.398317,0.164601,0.233716
2017-06-14,7.887748,0.387912,0.166323,0.221588
2017-06-15,7.890486,0.341472,0.168049,0.173423
2017-06-16,7.893224,0.355850,0.169778,0.186072
2017-06-17,7.895962,0.371958,0.171510,0.200448
2017-06-18,7.898700,0.372681,0.173246,0.199435
2017-06-19,7.901437,0.370531,0.174986,0.195545
2017-06-20,7.904175,0.380595,0.176728,0.203867
2017-06-21,7.906913,0.387999,0.178474,0.209526
2017-06-22,7.909651,0.384984,0.180222,0.204762
2017-06-23,7.912389,0.390691,0.181974,0.208717
2017-06-24,7.915127,0.382272,0.183729,0.198543
2017-06-25,7.917864,0.367303,0.185486,0.181816
2017-06-26,7.920602,0.348273,0.187247,0.161026
2017-06-27,7.923340,0.337681,0.189010,0.148672
2017-06-28,7.926078,0.356905,0.190775,0.166129
2017-06-29,7.928816,0.360480,0.192544,0.167937
2017-06-30,7.931554,0.353596,0.194314,0.159281
2017-07-01,7.934292,0.343054,0.196088,0.146967
2017-07-02,7.937029,0.338795,0.197863,0.140932
2017-07-03,7.939767,0.350770,0.199641,0.151129
2017-07-04,7.942505,0.362828,0.201421,0.161406
2017-07-05,7.945243,0.361459,0.203204,0.158255
2017-07-06,7.947981,0.361404,0.204988,0.156416
2017-07-07,7.950719,0.352390,0.206774,0.145615
2017-07-08,7.953457,0.347109,0.208563,0.138547
2017-07-09,7.956194,0.350461,0.210353,0.140108
2017-07-10,7.958932,0.335500,0.212145,0.123355
2017-07-11,7.961670,0.314467,0.213939,0.100528
2017-07-12,7.964408,0.313169,0.215734,0.097435
2017-07-13,7.967146,0.316152,0.217532,0.098620
2017-07-14,7.969884,0.299502,0.219330,0.080172
2017-07-15,7.972621,0.259019,0.221130,0.037889
2017-07-16,7.975359,0.227294,0.222932,0.004362
2017-07-17,7.978097,0.251521,0.224735,0.026787
2017-07-18,7.980835,0.294269,0.226539,0.067730
2017-07-19,7.983573,0.301386,0.228344,0.073042
2017-07-20,7.986311,0.331634,0.230150,0.101484
2017-07-21,7.989049,0.367524,0.231957,0.135567
2017-07-22,7.991786,0.376329,0.233766,0.142563
2017-07-23,7.994524,0.373734,0.235575,0.138159
2017-07-24,7.997262,0.370966,0.237385,0.133581
2017-07-25,8.000000,0.350713,0.239196,0.111517
2017-07-26,8.002738,0.330128,0.241008,0.089120
2017-07-27,8.005476,0.340362,0.242820,0.097543
2017-07-28,8.008214,0.366006,0.244632,0.121374
2017-07-29,8.010951,0.362362,0.246446,0.115917
2017-07-30,8.013689,0.357232,0.248259,0.108973
2017-07-31,8.016427,0.366812,0.250073,0.116739
2017-08-01,8.019165,0.367132,0.251887,0.115245
2017-08-02,8.021903,0.358766,0.253702,0.105064
2017-08-03,8.024641,0.362230,0.255517,0.106713
2017-08-04,8.027379,0.372941,0.257331,0.115610
2017-08-05,8.030116,0.419589,0.259146,0.160443
2017-08-06,8.032854,0.429958,0.260961,0.168998
2017-08-07,8.035592,0.439708,0.262775,0.176933
2017-08-08,8.038330,0.453640,0.264589,0.189051
2017-08-09,8.041068,0.442175,0.266404,0.175771
2017-08-10,8.043806,0.450727,0.268217,0.182509
2017-08-11,8.046543,0.464495,0.270031,0.194464
2017-08-12,8.049281,0.491777,0.271843,0.219934
2017-08-13,8.052019,0.522819,0.273656,0.249164
2017-08-14,8.054757,0.536882,0.275468,0.261415
2017-08-15,8.057495,0.538627,0.277279,0.261348
2017-08-16,8.060233,0.535308,0.279089,0.256219
2017-08-17,8.062971,0.553471,0.280899,0.272573
2017-08-18,8.065708,0.541003,0.282707,0.258295
2017-08-19,8.068446,0.526158,0.284515,0.241642
2017-08-20,8.071184,0.526907,0.286322,0.240585
2017-08-21,8.073922,0.519830,0.288128,0.231703
2017-08-22,8.076660,0.507345,0.289932,0.217413
2017-08-23,8.079398,0.528538,0.291736,0.236802
2017-08-24,8.082136,0.533158,0.293538,0.239620
2017-08-25,8.084873,0.547529,0.295339,0.252190
2017-08-26,8.087611,0.543287,0.297138,0.246149
2017-08-27,8.090349,0.544994,0.298936,0.246058
2017-08-28,8.093087,0.541483,0.300733,0.240750
2017-08-29,8.095825,0.555391,0.302528,0.252864
2017-08-30,8.098563,0.565479,0.304321,0.261158
2017-08-31,8.101300,0.573076,0.306112,0.266963
2017-09-01,8.104038,0.584406,0.307902,0.276504
2017-09-02,8.106776,0.574171,0.309690,0.264481
2017-09-03,8.109514,0.565554,0.311476,0.254078
2017-09-04,8.112252,0.550095,0.313260,0.236834
2017-09-05,8.114990,0.534831,0.315043,0.219789
2017-09-06,8.117728,0.559799,0.316823,0.242976
2017-09-07,8.120465,0.562323,0.318601,0.243722
2017-09-08,8.123203,0.552040,0.320376,0.231664
2017-09-09,8.125941,0.535012,0.322150,0.212862
2017-09-10,8.128679,0.524471,0.323921,0.200550
2017-09-11,8.131417,0.524798,0.325689,0.199108
2017-09-12,8.134155,0.526246,0.327456,0.198790
2017-09-13,8.136893,0.492933,0.329219,0.163714
2017-09-14,8.139630,0.455739,0.330981,0.124758
2017-09-15,8.142368,0.429187,0.332739,0.096447
2017-09-16,8.145106,0.466023,0.334495,0.131528
2017-09-17,8.147844,0.457992,0.336248,0.121743
2017-09-18,8.150582,0.488486,0.337998,0.150488
2017-09-19,8.153320,0.489967,0.339746,0.150221
2017-09-20,8.156057,0.485968,0.341490,0.144477
2017-09-21,8.158795,0.469054,0.343232,0.125822
2017-09-22,8.161533,0.448626,0.344970,0.103656
2017-09-23,8.164271,0.457140,0.346706,0.110434
2017-09-24,8.167009,0.454346,0.348438,0.105908
2017-09-25,8.169747,0.467614,0.350167,0.117447
2017-09-26,8.172485,0.477392,0.351893,0.125499
2017-09-27,8.175222,0.489467,0.353615,0.135852
2017-09-28,8.177960,0.504478,0.355334,0.149144
2017-09-29,8.180698,0.499019,0.357050,0.141970
2017-09-30,8.183436,0.511432,0.358762,0.152670
2017-10-01,8.186174,0.514637,0.360470,0.154167
2017-10-02,8.188912,0.523227,0.362175,0.161052
2017-10-03,8.191650,0.513769,0.363876,0.149893
2017-10-04,8.194387,0.505027,0.365574,0.139453
2017-10-05,8.197125,0.506199,0.367267,0.138932
2017-10-06,8.199863,0.515314,0.368957,0.146356
2017-10-07,8.202601,0.513914,0.370643,0.143271
2017-10-08,8.205339,0.527277,0.372325,0.154952
2017-10-09,8.208077,0.540426,0.374003,0.166423
2017-10-10,8.210815,0.555390,0.375677,0.179713
2017-10-11,8.213552,0.552448,0.377347,0.175102
2017-10-12,8.216290,0.579493,0.379013,0.200481
2017-10-13,8.219028,0.617266,0.380674,0.236592
2017-10-14,8.221766,0.621941,0.382331,0.239610
2017-10-15,8.224504,0.618350,0.383984,0.234366
2017-10-16,8.227242,0.621519,0.385633,0.235886
2017-10-17,8.229979,0.617547,0.387277,0.230270
2017-10-18,8.232717,0.601539,0.388916,0.212623
2017-10-19,8.235455,0.617955,0.390552,0.227404
2017-10-20,8.238193,0.627288,0.392182,0.235106
2017-10-21,8.240931,0.646433,0.393808,0.252625
2017-10-22,8.243669,0.636388,0.395429,0.240959
2017-10-23,8.246407,0.633042,0.397046,0.235996
2017-10-24,8.249144,0.616865,0.398658,0.218207
2017-10-25,8.251882,0.606758,0.400265,0.206494
2017-10-26,8.254620,0.627017,0.401867,0.225151
2017-10-27,8.257358,0.626598,0.403464,0.223134
2017-10-28,8.260096,0.620051,0.405056,0.214995
2017-10-29,8.262834,0.626221,0.406643,0.219577
2017-10-30,8.265572,0.643677,0.408225,0.235452
2017-10-31,8.268309,0.651645,0.409802,0.241843
2017-11-01,8.271047,0.669799,0.411374,0.258424
2017-11-02,8.273785,0.698924,0.412941,0.285983
2017-11-03,8.276523,0.714389,0.414502,0.299887
2017-11-04,8.279261,0.714300,0.416059,0.298241
2017-11-05,8.281999,0.725598,0.417609,0.307989
2017-11-06,8.284736,0.714062,0.419155,0.294908
2017-11-07,8.287474,0.705500,0.420695,0.284806
2017-11-08,8.290212,0.718864,0.422229,0.296634
2017-11-09,8.292950,0.711415,0.423758,0.287657
2017-11-10,8.295688,0.692042,0.425282,0.266760
2017-11-11,8.298426,0.665989,0.426800,0.239190
2017-11-12,8.301164,0.635023,0.428312,0.206711
2017-11-13,8.303901,0.651311,0.429818,0.221492
2017-11-14,8.306639,0.667031,0.431319,0.235712
2017-11-15,8.309377,0.694757,0.432814,0.261943
2017-11-16,8.312115,0.717910,0.434303,0.283606
2017-11-17,8.314853,0.738117,0.435787,0.302331
2017-11-18,8.317591,0.730394,0.437264,0.293129
2017-11-19,8.320329,0.736247,0.438736,0.297511
2017-11-20,8.323066,0.750163,0.440201,0.309962
2017-11-21,8.325804,0.753015,0.441661,0.311354
2017-11-22,8.328542,0.750049,0.443114,0.306934
2017-11-23,8.331280,0.752709,0.444562,0.308148
2017-11-24,8.334018,0.750646,0.446003,0.304642
2017-11-25,8.336756,0.765665,0.447438,0.318226
2017-11-26,8.339493,0.793845,0.448867,0.344978
2017-11-27,8.342231,0.818789,0.450290,0.368500
2017-11-28,8.344969,0.829759,0.451706,0.378053
2017-11-29,8.347707,0.855715,0.453116,0.402599
2017-11-30,8.350445,0.833740,0.454520,0.379220
2017-12-01,8.353183,0.844264,0.455917,0.388347
2017-12-02,8.355921,0.872166,0.457308,0.414858
2017-12-03,8.358658,0.886318,0.458692,0.427626
2017-12-04,8.361396,0.887336,0.460070,0.427265
2017-12-05,8.364134,0.901067,0.461442,0.439626
2017-12-06,8.366872,0.933371,0.462806,0.470564
2017-12-07,8.369610,1.009758,0.464165,0.545594
2017-12-08,8.372348,1.028605,0.465516,0.563089
2017-12-09,8.375086,1.011762,0.466861,0.544901
2017-12-10,8.377823,0.991075,0.468199,0.522876
2017-12-11,8.380561,1.044268,0.469531,0.574738
2017-12-12,8.383299,1.054824,0.470855,0.583969
2017-12-13,8.386037,1.047098,0.472173,0.574925
2017-12-14,8.388775,1.042947,0.473484,0.569463
2017-12-15,8.391513,1.065093,0.474788,0.590305
2017-12-16,8.394251,1.084914,0.476085,0.608828
2017-12-17,8.396988,1.111055,0.477376,0.633679
2017-12-18,8.399726,1.097489,0.478659,0.618829
2017-12-19,8.402464,1.087655,0.479936,0.607719
2017-12-20,8.405202,1.048660,0.481205,0.567455
2017-12-21,8.407940,1.032419,0.482467,0.549952
2017-12-22,8.410678,0.964434,0.483723,0.480711
2017-12-23,8.413415,0.994918,0.484971,0.509948
2017-12-24,8.416153,0.959653,0.486212,0.473441
2017-12-25,8.418891,0.967541,0.487446,0.480096
2017-12-26,8.421629,1.005738,0.488672,0.517066
2017-12-27,8.424367,1.014667,0.489892,0.524776
2017-12-28,8.427105,0.978670,0.491104,0.487565
2017-12-29,8.429843,0.981449,0.492309,0.489140
2017-12-30,8.432580,0.940232,0.493507,0.446725
2017-12-31,8.435318,0.941806,0.494697,0.447109
2018-01-01,8.438056,0.949258,0.495880,0.453377
2018-01-02,8.440794,0.961058,0.497056,0.464002
2018-01-03,8.443532,0.990201,0.498224,0.491977
2018-01-04,8.446270,0.984720,0.499385,0.485334
2018-01-05,8.449008,1.013451,0.500539,0.512912
2018-01-06,8.451745,1.035514,0.501685,0.533829
2018-01-07,8.454483,1.032080,0.502823,0.529257
2018-01-08,8.457221,1.000475,0.503954,0.496521
2018-01-09,8.459959,0.987050,0.505078,0.481972
2018-01-10,8.462697,0.963207,0.506194,0.457013
2018-01-11,8.465435,0.950801,0.507302,0.443499
2018-01-12,8.468172,0.945452,0.508403,0.437049
2018-01-13,8.470910,0.962087,0.509496,0.452591
2018-01-14,8.473648,0.947282,0.510582,0.436700
2018-01-15,8.476386,0.949681,0.511660,0.438021
2018-01-16,8.479124,0.895570,0.512730,0.382840
2018-01-17,8.481862,0.834635,0.513793,0.320842
2018-01-18,8.484600,0.866207,0.514848,0.351359
2018-01-19,8.487337,0.866670,0.515895,0.350775
2018-01-20,8.490075,0.900910,0.516934,0.383975
2018-01-21,8.492813,0.880466,0.517966,0.362500
2018-01-22,8.495551,0.851764,0.518990,0.332774
2018-01-23,8.498289,0.832960,0.520006,0.312954
2018-01-24,8.501027,0.843363,0.521014,0.322349
2018-01-25,8.503765,0.853022,0.522015,0.331007
2018-01-26,8.506502,0.841811,0.523008,0.318804
2018-01-27,8.509240,0.849122,0.523992,0.325130
2018-01-28,8.511978,0.859044,0.524969,0.334075
2018-01-29,8.514716,0.846264,0.525938,0.320326
2018-01-30,8.517454,0.823630,0.526900,0.296731
2018-01-31,8.520192,0.796888,0.527853,0.269035
2018-02-01,8.522930,0.773719,0.528798,0.244921
2018-02-02,8.525667,0.726126,0.529736,0.196390
2018-02-03,8.528405,0.744441,0.530665,0.213776
2018-02-04,8.531143,0.734890,0.531587,0.203303
2018-02-05,8.533881,0.673465,0.532500,0.140965
2018-02-06,8.536619,0.625604,0.533406,0.092199
2018-02-07,8.539357,0.687204,0.534303,0.152901
2018-02-08,8.542094,0.702967,0.535193,0.167774
2018-02-09,8.544832,0.704462,0.536074,0.168387
2018-02-10,8.547570,0.721063,0.536948,0.184115
2018-02-11,8.550308,0.699213,0.537814,0.161399
2018-02-12,8.553046,0.717953,0.538671,0.179282
2018-02-13,8.555784,0.719155,0.539520,0.179634
2018-02-14,8.558522,0.737569,0.540362,0.197207
2018-02-15,8.561259,0.770811,0.541195,0.229616
2018-02-16,8.563997,0.782163,0.542020,0.240142
2018-02-17,8.566735,0.808590,0.542837,0.265753
2018-02-18,8.569473,0.810412,0.543646,0.266765
2018-02-19,8.572211,0.815175,0.544447,0.270728
2018-02-20,8.574949,0.839696,0.545240,0.294456
2018-02-21,8.577687,0.812985,0.546025,0.266960
2018-02-22,8.580424,0.790695,0.546802,0.243894
2018-02-23,8.583162,0.778260,0.547570,0.230690
2018-02-24,8.585900,0.774500,0.548331,0.226169
2018-02-25,8.588638,0.759231,0.549083,0.210149
2018-02-26,8.591376,0.770921,0.549827,0.221094
2018-02-27,8.594114,0.796873,0.550563,0.246310
2018-02-28,8.596851,0.799506,0.551291,0.248215
2018-03-01,8.599589,0.797993,0.552010,0.245982
2018-03-02,8.602327,0.812040,0.552722,0.259318
2018-03-03,8.605065,0.824895,0.553426,0.271470
2018-03-04,8.607803,0.820882,0.554121,0.266761
2018-03-05,8.610541,0.826354,0.554808,0.271546
2018-03-06,8.613279,0.810459,0.555487,0.254972
2018-03-07,8.616016,0.787783,0.556158,0.231625
2018-03-08,8.618754,0.757554,0.556820,0.200733
2018-03-09,8.621492,0.719961,0.557475,0.162486
2018-03-10,8.624230,0.733113,0.558121,0.174992
2018-03-11,8.626968,0.724204,0.558760,0.165444
2018-03-12,8.629706,0.740428,0.559390,0.181038
2018-03-13,8.632444,0.726914,0.560012,0.166903
2018-03-14,8.635181,0.709169,0.560625,0.148544
2018-03-15,8.637919,0.674092,0.561231,0.112861
2018-03-16,8.640657,0.681864,0.561829,0.120035
2018-03-17,8.643395,0.669241,0.562418,0.106823
2018-03-18,8.646133,0.646869,0.562999,0.083870
2018-03-19,8.648871,0.681505,0.563572,0.117932
2018-03-20,8.651608,0.694784,0.564137,0.130647
2018-03-21,8.654346,0.712398,0.564694,0.147704
2018-03-22,8.657084,0.701472,0.565243,0.136229
2018-03-23,8.659822,0.688104,0.565783,0.122320
2018-03-24,8.662560,0.703078,0.566316,0.136762
2018-03-25,8.665298,0.687560,0.566840,0.120720
2018-03-26,8.668036,0.670602,0.567357,0.103246
2018-03-27,8.670773,0.656289,0.567865,0.088424
2018-03-28,8.673511,0.653018,0.568365,0.084653
2018-03-29,8.676249,0.636594,0.568857,0.067737
2018-03-30,8.678987,0.592632,0.569341,0.023291
2018-03-31,8.681725,0.597792,0.569817,0.027975
2018-04-01,8.684463,0.584366,0.570284,0.014082
2018-04-02,8.687201,0.594895,0.570744,0.024151
2018-04-03,8.689938,0.614334,0.571196,0.043138
2018-04-04,8.692676,0.599373,0.571640,0.027734
2018-04-05,8.695414,0.578926,0.572075,0.006851
2018-04-06,8.698152,0.570137,0.572503,-0.002366
2018-04-07,8.700890,0.583963,0.572923,0.011040
2018-04-08,8.703628,0.589446,0.573334,0.016112
2018-04-09,8.706366,0.582920,0.573738,0.009182
2018-04-10,8.709103,0.575178,0.574134,0.001044
2018-04-11,8.711841,0.580229,0.574521,0.005708
2018-04-12,8.714579,0.607107,0.574901,0.032206
2018-04-13,8.717317,0.643732,0.575273,0.068459
2018-04-14,8.720055,0.644170,0.575637,0.068533
2018-04-15,8.722793,0.653616,0.575993,0.077623
2018-04-16,8.725530,0.646596,0.576341,0.070255
2018-04-17,8.728268,0.643837,0.576681,0.067156
2018-04-18,8.731006,0.643748,0.577013,0.066735
2018-04-19,8.733744,0.651155,0.577338,0.073818
2018-04-20,8.736482,0.661981,0.577654,0.084326
2018-04-21,8.739220,0.679758,0.577963,0.101795
2018-04-22,8.741958,0.683294,0.578264,0.105030
2018-04-23,8.744695,0.683575,0.578557,0.105018
2018-04-24,8.747433,0.700013,0.578842,0.121171
2018-04-25,8.750171,0.695869,0.579120,0.116749
2018-04-26,8.752909,0.680372,0.579390,0.100983
2018-04-27,8.755647,0.694320,0.579652,0.114668
2018-04-28,8.758385,0.694258,0.579906,0.114352
2018-04-29,8.761123,0.698744,0.580152,0.118592
2018-04-30,8.763860,0.695794,0.580391,0.115403
2018-05-01,8.766598,0.681793,0.580622,0.101170
2018-05-02,8.769336,0.686066,0.580846,0.105220
2018-05-03,8.772074,0.697190,0.581062,0.116128
2018-05-04,8.774812,0.709662,0.581270,0.128392
2018-05-05,8.777550,0.715902,0.581471,0.134431
2018-05-06,8.780287,0.706963,0.581664,0.125299
2018-05-07,8.783025,0.694321,0.581849,0.112472
2018-05-08,8.785763,0.690012,0.582027,0.107985
2018-05-09,8.788501,0.685959,0.582197,0.103762
2018-05-10,8.791239,0.688510,0.582360,0.106150
2018-05-11,8.793977,0.661920,0.582516,0.079404
2018-05-12,8.796715,0.647465,0.582663,0.064801
2018-05-13,8.799452,0.653012,0.582804,0.070209
2018-05-14,8.802190,0.652618,0.582937,0.069681
2018-05-15,8.804928,0.654209,0.583062,0.071147
2018-05-16,8.807666,0.635999,0.583180,0.052818
2018-05-17,8.810404,0.634690,0.583291,0.051398
2018-05-18,8.813142,0.624938,0.583395,0.041544
2018-05-19,8.815880,0.631938,0.583491,0.048447
2018-05-20,8.818617,0.637009,0.583580,0.053430
2018-05-21,8.821355,0.640991,0.583661,0.057330
2018-05-22,8.824093,0.628962,0.583735,0.045227
2018-05-23,8.826831,0.604887,0.583802,0.021085
2018-05-24,8.829569,0.590033,0.583862,0.006171
2018-05-25,8.832307,0.585555,0.583915,0.001641
2018-05-26,8.835044,0.585049,0.583960,0.001089
2018-05-27,8.837782,0.575125,0.583998,-0.008873
2018-05-28,8.840520,0.570470,0.584029,-0.013559
2018-05-29,8.843258,0.572230,0.584053,-0.011824
2018-05-30,8.845996,0.579652,0.584070,-0.004418
2018-05-31,8.848734,0.582328,0.584080,-0.001753
2018-06-01,8.851472,0.580589,0.584083,-0.003494
2018-06-02,8.854209,0.586411,0.584079,0.002332
2018-06-03,8.856947,0.590790,0.584068,0.006722
2018-06-04,8.859685,0.583367,0.584050,-0.000683
2018-06-05,8.862423,0.578125,0.584025,-0.005900
2018-06-06,8.865161,0.583722,0.583993,-0.000272
2018-06-07,8.867899,0.587795,0.583954,0.003841
2018-06-08,8.870637,0.584020,0.583909,0.000111
2018-06-09,8.873374,0.583218,0.583857,-0.000639
2018-06-10,8.876112,0.554323,0.583797,-0.029475
2018-06-11,8.878850,0.530265,0.583731,-0.053467
2018-06-12,8.881588,0.529140,0.583659,-0.054519
2018-06-13,8.884326,0.508270,0.583579,-0.075309
2018-06-14,8.887064,0.511083,0.583493,-0.072411
2018-06-15,8.889802,0.513628,0.583401,-0.069773
2018-06-16,8.892539,0.507659,0.583301,-0.075642
2018-06-17,8.895277,0.509550,0.583195,-0.073646
2018-06-18,8.898015,0.510078,0.583083,-0.073006
2018-06-19,8.900753,0.521388,0.582964,-0.061576
2018-06-20,8.903491,0.517952,0.582839,-0.064887
2018-06-21,8.906229,0.520375,0.582707,-0.062331
2018-06-22,8.908966,0.495861,0.582568,-0.086707
2018-06-23,8.911704,0.480775,0.582423,-0.101648
2018-06-24,8.914442,0.472515,0.582272,-0.109757
2018-06-25,8.917180,0.483866,0.582114,-0.098248
2018-06-26,8.919918,0.482779,0.581951,-0.099172
2018-06-27,8.922656,0.474663,0.581780,-0.107117
2018-06-28,8.925394,0.472603,0.581604,-0.109000
2018-06-29,8.928131,0.460431,0.581421,-0.120990
2018-06-30,8.930869,0.491053,0.581232,-0.090179
2018-07-01,8.933607,0.489103,0.581037,-0.091934
2018-07-02,8.936345,0.495358,0.580836,-0.085478
2018-07-03,8.939083,0.503899,0.580629,-0.076730
2018-07-04,8.941821,0.501901,0.580415,-0.078514
2018-07-05,8.944559,0.502302,0.580196,-0.077894
2018-07-06,8.947296,0.499335,0.579971,-0.080635
2018-07-07,8.950034,0.500683,0.579739,-0.079056
2018-07-08,8.952772,0.509707,0.579502,-0.069795
2018-07-09,8.955510,0.507377,0.579259,-0.071882
2018-07-10,8.958248,0.492855,0.579010,-0.086155
2018-07-11,8.960986,0.483811,0.578755,-0.094943
2018-07-12,8.963723,0.473328,0.578494,-0.105166
2018-07-13,8.966461,0.473096,0.578227,-0.105132
2018-07-14,8.969199,0.471822,0.577955,-0.106133
2018-07-15,8.971937,0.476667,0.577677,-0.101010
2018-07-16,8.974675,0.489487,0.577393,-0.087906
2018-07-17,8.977413,0.511715,0.577104,-0.065389
2018-07-18,8.980151,0.542999,0.576809,-0.033810
2018-07-19,8.982888,0.541738,0.576508,-0.034770
2018-07-20,8.985626,0.543029,0.576202,-0.033173
2018-07-21,8.988364,0.538259,0.575891,-0.037632
2018-07-22,8.991102,0.543174,0.575574,-0.032399
2018-07-23,8.993840,0.555446,0.575251,-0.019806
2018-07-24,8.996578,0.576635,0.574923,0.001711
2018-07-25,8.999316,0.585261,0.574590,0.010670
2018-07-26,9.002053,0.581564,0.574252,0.007313
2018-07-27,9.004791,0.571609,0.573908,-0.002299
2018-07-28,9.007529,0.579435,0.573559,0.005876
2018-07-29,9.010267,0.580099,0.573205,0.006894
2018-07-30,9.013005,0.575946,0.572845,0.003101
2018-07-31,9.015743,0.563722,0.572480,-0.008758
2018-08-01,9.018480,0.544196,0.572111,-0.027915
2018-08-02,9.021218,0.544446,0.571736,-0.027290
2018-08-03,9.023956,0.532443,0.571356,-0.038913
2018-08-04,9.026694,0.522993,0.570971,-0.047979
2018-08-05,9.029432,0.507133,0.570581,-0.063449
2018-08-06,9.032170,0.505822,0.570187,-0.064364
2018-08-07,9.034908,0.505020,0.569787,-0.064767
2018-08-08,9.037645,0.469328,0.569383,-0.100054
2018-08-09,9.040383,0.465450,0.568973,-0.103523
2018-08-10,9.043121,0.463535,0.568559,-0.105024
2018-08-11,9.045859,0.450470,0.568140,-0.117671
2018-08-12,9.048597,0.457898,0.567717,-0.109819
2018-08-13,9.051335,0.459759,0.567289,-0.107530
2018-08-14,9.054073,0.439347,0.566856,-0.127508
2018-08-15,9.056810,0.459352,0.566418,-0.107066
2018-08-16,9.059548,0.456795,0.565977,-0.109181
2018-08-17,9.062286,0.464328,0.565530,-0.101202
2018-08-18,9.065024,0.462381,0.565079,-0.102699
2018-08-19,9.067762,0.458670,0.564624,-0.105954
2018-08-20,9.070500,0.461067,0.564164,-0.103097
2018-08-21,9.073238,0.457558,0.563700,-0.106142
2018-08-22,9.075975,0.468347,0.563232,-0.094885
2018-08-23,9.078713,0.458417,0.562759,-0.104342
2018-08-24,9.081451,0.465602,0.562282,-0.096680
2018-08-25,9.084189,0.475259,0.561801,-0.086542
2018-08-26,9.086927,0.471567,0.561315,-0.089749
2018-08-27,9.089665,0.473650,0.560826,-0.087176
2018-08-28,9.092402,0.490024,0.560332,-0.070309
2018-08-29,9.095140,0.493304,0.559835,-0.066531
2018-08-30,9.097878,0.485436,0.559333,-0.073897
2018-08-31,9.100616,0.487688,0.558828,-0.071140
2018-09-01,9.103354,0.494669,0.558318,-0.063650
2018-09-02,9.106092,0.502227,0.557805,-0.055578
2018-09-03,9.108830,0.502636,0.557288,-0.054652
2018-09-04,9.111567,0.505703,0.556767,-0.051063
2018-09-05,9.114305,0.493394,0.556242,-0.062848
2018-09-06,9.117043,0.449101,0.555713,-0.106612
2018-09-07,9.119781,0.450010,0.555181,-0.105171
2018-09-08,9.122519,0.443757,0.554645,-0.110889
2018-09-09,9.125257,0.438526,0.554106,-0.115580
2018-09-10,9.127995,0.437587,0.553563,-0.115976
2018-09-11,9.130732,0.436777,0.553016,-0.116239
2018-09-12,9.133470,0.434570,0.552466,-0.117897
2018-09-13,9.136208,0.445260,0.551913,-0.106653
2018-09-14,9.138946,0.447849,0.551356,-0.103507
2018-09-15,9.141684,0.448356,0.550796,-0.102440
2018-09-16,9.144422,0.445596,0.550232,-0.104636
2018-09-17,9.147159,0.439288,0.549665,-0.110378
2018-09-18,9.149897,0.431960,0.549095,-0.117135
2018-09-19,9.152635,0.433794,0.548522,-0.114727
2018-09-20,9.155373,0.438158,0.547945,-0.109787
2018-09-21,9.158111,0.453640,0.547366,-0.093726
2018-09-22,9.160849,0.456065,0.546783,-0.090718
2018-09-23,9.163587,0.455368,0.546197,-0.090829
2018-09-24,9.166324,0.450190,0.545609,-0.095419
2018-09-25,9.169062,0.435224,0.545017,-0.109793
2018-09-26,9.171800,0.437749,0.544422,-0.106674
2018-09-27,9.174538,0.441098,0.543825,-0.102727
2018-09-28,9.177276,0.449744,0.543225,-0.093481
2018-09-29,9.180014,0.441525,0.542621,-0.101096
2018-09-30,9.182752,0.443238,0.542016,-0.098778
2018-10-01,9.185489,0.442388,0.541407,-0.099019
2018-10-02,9.188227,0.439821,0.540796,-0.100974
2018-10-03,9.190965,0.433332,0.540182,-0.106850
2018-10-04,9.193703,0.438813,0.539565,-0.100753
2018-10-05,9.196441,0.438220,0.538946,-0.100727
2018-10-06,9.199179,0.438026,0.538325,-0.100298
2018-10-07,9.201916,0.436168,0.537701,-0.101533
2018-10-08,9.204654,0.438878,0.537074,-0.098196
2018-10-09,9.207392,0.438392,0.536446,-0.098054
2018-10-10,9.210130,0.433915,0.535814,-0.101899
2018-10-11,9.212868,0.413800,0.535181,-0.121381
2018-10-12,9.215606,0.412551,0.534545,-0.121995
2018-10-13,9.218344,0.411870,0.533907,-0.122037
2018-10-14,9.221081,0.413433,0.533267,-0.119834
2018-10-15,9.223819,0.425251,0.532625,-0.107374
2018-10-16,9.226557,0.428208,0.531980,-0.103773
2018-10-17,9.229295,0.427377,0.531334,-0.103957
2018-10-18,9.232033,0.425805,0.530685,-0.104880
2018-10-19,9.234771,0.421403,0.530035,-0.108632
2018-10-20,9.237509,0.421055,0.529383,-0.108327
2018-10-21,9.240246,0.422747,0.528728,-0.105982
2018-10-22,9.242984,0.420121,0.528072,-0.107951
2018-10-23,9.245722,0.418774,0.527414,-0.108641
2018-10-24,9.248460,0.419950,0.526755,-0.106804
2018-10-25,9.251198,0.417683,0.526093,-0.108410
2018-10-26,9.253936,0.416874,0.525430,-0.108556
2018-10-27,9.256674,0.416223,0.524765,-0.108542
2018-10-28,9.259411,0.415093,0.524099,-0.109006
2018-10-29,9.262149,0.409673,0.523431,-0.113758
2018-10-30,9.264887,0.404587,0.522762,-0.118175
2018-10-31,9.267625,0.404298,0.522091,-0.117792
2018-11-01,9.270363,0.405724,0.521418,-0.115694
2018-11-02,9.273101,0.407642,0.520744,-0.113102
2018-11-03,9.275838,0.405495,0.520069,-0.114574
2018-11-04,9.278576,0.406655,0.519393,-0.112738
2018-11-05,9.281314,0.408412,0.518715,-0.110303
2018-11-06,9.284052,0.408177,0.518036,-0.109859
2018-11-07,9.286790,0.413580,0.517356,-0.103776
2018-11-08,9.289528,0.409512,0.516674,-0.107163
2018-11-09,9.292266,0.403841,0.515992,-0.112151
2018-11-10,9.295003,0.402636,0.515308,-0.112672
2018-11-11,9.297741,0.400780,0.514624,-0.113844
2018-11-12,9.300479,0.401002,0.513938,-0.112936
2018-11-13,9.303217,0.397346,0.513252,-0.115906
2018-11-14,9.305955,0.379477,0.512564,-0.133087
2018-11-15,9.308693,0.340264,0.511876,-0.171612
2018-11-16,9.311431,0.341434,0.511187,-0.169753
2018-11-17,9.314168,0.336691,0.510497,-0.173806
2018-11-18,9.316906,0.339385,0.509806,-0.170421
2018-11-19,9.319644,0.311152,0.509115,-0.197962
2018-11-20,9.322382,0.252187,0.508422,-0.256235
2018-11-21,9.325120,0.243766,0.507730,-0.263963
2018-11-22,9.327858,0.244090,0.507036,-0.262947
2018-11-23,9.330595,0.222147,0.506342,-0.284195
2018-11-24,9.333333,0.216755,0.505648,-0.288893
2018-11-25,9.336071,0.168238,0.504953,-0.336715
2018-11-26,9.338809,0.177624,0.504258,-0.326633
2018-11-27,9.341547,0.159934,0.503562,-0.343628
2018-11-28,9.344285,0.197894,0.502866,-0.304972
2018-11-29,9.347023,0.213523,0.502169,-0.288646
2018-11-30,9.349760,0.197756,0.501473,-0.303716
2018-12-01,9.352498,0.197376,0.500776,-0.303400
2018-12-02,9.355236,0.201545,0.500079,-0.298533
2018-12-03,9.357974,0.180208,0.499381,-0.319173
2018-12-04,9.360712,0.177026,0.498684,-0.321658
2018-12-05,9.363450,0.165151,0.497986,-0.332835
2018-12-06,9.366188,0.152296,0.497289,-0.344992
2018-12-07,9.368925,0.110610,0.496591,-0.385981
2018-12-08,9.371663,0.112741,0.495894,-0.383153
2018-12-09,9.374401,0.123291,0.495196,-0.371905
2018-12-10,9.377139,0.122366,0.494499,-0.372133
2018-12-11,9.379877,0.108769,0.493802,-0.385032
2018-12-12,9.382615,0.112170,0.493105,-0.380935
2018-12-13,9.385352,0.106655,0.492408,-0.385753
2018-12-14,9.388090,0.089470,0.491711,-0.402241
2018-12-15,9.390828,0.081325,0.491015,-0.409690
2018-12-16,9.393566,0.085769,0.490319,-0.404550
2018-12-17,9.396304,0.100460,0.489623,-0.389164
2018-12-18,9.399042,0.121055,0.488928,-0.367874
2018-12-19,9.401780,0.148917,0.488234,-0.339316
2018-12-20,9.404517,0.168182,0.487539,-0.319357
2018-12-21,9.407255,0.172966,0.486846,-0.313879
2018-12-22,9.409993,0.159756,0.486153,-0.326397
2018-12-23,9.412731,0.172627,0.485460,-0.312833
2018-12-24,9.415469,0.187481,0.484768,-0.297288
2018-12-25,9.418207,0.149033,0.484077,-0.335044
2018-12-26,9.420945,0.149709,0.483387,-0.333677
2018-12-27,9.423682,0.142205,0.482697,-0.340492
2018-12-28,9.426420,0.139901,0.482008,-0.342107
2018-12-29,9.429158,0.157564,0.481320,-0.323755
2018-12-30,9.431896,0.147895,0.480633,-0.332737
2018-12-31,9.434634,0.143837,0.479946,-0.336110
2019-01-01,9.437372,0.137504,0.479261,-0.341757
2019-01-02,9.440110,0.150244,0.478576,-0.328332
2019-01-03,9.442847,0.149694,0.477893,-0.328199
2019-01-04,9.445585,0.144134,0.477210,-0.333076
2019-01-05,9.448323,0.148630,0.476529,-0.327899
2019-01-06,9.451061,0.152198,0.475849,-0.323651
2019-01-07,9.453799,0.166992,0.475170,-0.308178
2019-01-08,9.456537,0.164754,0.474492,-0.309737
2019-01-09,9.459274,0.164428,0.473815,-0.309387
2019-01-10,9.462012,0.140311,0.473139,-0.332829
2019-01-11,9.464750,0.121935,0.472465,-0.350531
2019-01-12,9.467488,0.120051,0.471792,-0.351742
2019-01-13,9.470226,0.113913,0.471121,-0.357208
2019-01-14,9.472964,0.113148,0.470451,-0.357302
2019-01-15,9.475702,0.119376,0.469782,-0.350406
2019-01-16,9.478439,0.114360,0.469115,-0.354755
2019-01-17,9.481177,0.113360,0.468449,-0.355090
2019-01-18,9.483915,0.114253,0.467785,-0.353532
2019-01-19,9.486653,0.120080,0.467122,-0.347042
2019-01-20,9.489391,0.111660,0.466461,-0.354801
2019-01-21,9.492129,0.102465,0.465802,-0.363336
2019-01-22,9.494867,0.103650,0.465144,-0.361494
2019-01-23,9.497604,0.105105,0.464488,-0.359383
2019-01-24,9.500342,0.102622,0.463834,-0.361211
2019-01-25,9.503080,0.102243,0.463181,-0.360938
2019-01-26,9.505818,0.103686,0.462530,-0.358844
2019-01-27,9.508556,0.099575,0.461881,-0.362306
2019-01-28,9.511294,0.085982,0.461234,-0.375252
2019-01-29,9.514031,0.080291,0.460589,-0.380298
2019-01-30,9.516769,0.082847,0.459946,-0.377098
2019-01-31,9.519507,0.082385,0.459304,-0.376920
2019-02-01,9.522245,0.080782,0.458665,-0.377883
2019-02-02,9.524983,0.082169,0.458028,-0.375859
2019-02-03,9.527721,0.080671,0.457393,-0.376722
2019-02-04,9.530459,0.078767,0.456760,-0.377992
2019-02-05,9.533196,0.078841,0.456128,-0.377287
2019-02-06,9.535934,0.072489,0.455500,-0.383011
2019-02-07,9.538672,0.071304,0.454873,-0.383569
2019-02-08,9.541410,0.082109,0.454248,-0.372140
2019-02-09,9.544148,0.100169,0.453626,-0.353457
2019-02-10,9.546886,0.098664,0.453006,-0.354342
2019-02-11,9.549624,0.096801,0.452389,-0.355587
2019-02-12,9.552361,0.094292,0.451773,-0.357481
2019-02-13,9.555099,0.094217,0.451160,-0.356943
2019-02-14,9.557837,0.092206,0.450550,-0.358344
2019-02-15,9.560575,0.091858,0.449942,-0.358084
2019-02-16,9.563313,0.093394,0.449336,-0.355942
2019-02-17,9.566051,0.092307,0.448733,-0.356425
2019-02-18,9.568789,0.111086,0.448132,-0.337046
2019-02-19,9.571526,0.125915,0.447534,-0.321619
2019-02-20,9.574264,0.126745,0.446938,-0.320193
2019-02-21,9.577002,0.125878,0.446346,-0.320468
2019-02-22,9.579740,0.127089,0.445755,-0.318666
2019-02-23,9.582478,0.132031,0.445168,-0.313137
2019-02-24,9.585216,0.132098,0.444583,-0.312485
2019-02-25,9.587953,0.110740,0.444000,-0.333260
2019-02-26,9.590691,0.110760,0.443421,-0.332661
2019-02-27,9.593429,0.109741,0.442844,-0.333103
2019-02-28,9.596167,0.111046,0.442270,-0.331224
2019-03-01,9.598905,0.110620,0.441699,-0.331079
2019-03-02,9.601643,0.109042,0.441131,-0.332089
2019-03-03,9.604381,0.108131,0.440566,-0.332435
2019-03-04,9.607118,0.098942,0.440003,-0.341061
2019-03-05,9.609856,0.102766,0.439444,-0.336677
2019-03-06,9.612594,0.109948,0.438887,-0.328939
2019-03-07,9.615332,0.111724,0.438334,-0.326610
2019-03-08,9.618070,0.112321,0.437783,-0.325463
2019-03-09,9.620808,0.113788,0.437236,-0.323447
2019-03-10,9.623546,0.113257,0.436691,-0.323434
2019-03-11,9.626283,0.109592,0.436150,-0.326558
2019-03-12,9.629021,0.107471,0.435612,-0.328141
2019-03-13,9.631759,0.107555,0.435077,-0.327522
2019-03-14,9.634497,0.106473,0.434545,-0.328072
2019-03-15,9.637235,0.108931,0.434016,-0.325085
2019-03-16,9.639973,0.119026,0.433491,-0.314465
2019-03-17,9.642710,0.116884,0.432969,-0.316085
2019-03-18,9.645448,0.116846,0.432450,-0.315604
2019-03-19,9.648186,0.117248,0.431934,-0.314686
2019-03-20,9.650924,0.118616,0.431422,-0.312807
2019-03-21,9.653662,0.118521,0.430913,-0.312392
2019-03-22,9.656400,0.115030,0.430408,-0.315378
2019-03-23,9.659138,0.114513,0.429906,-0.315392
2019-03-24,9.661875,0.112685,0.429407,-0.316722
2019-03-25,9.664613,0.109923,0.428912,-0.318988
2019-03-26,9.667351,0.104766,0.428420,-0.323654
2019-03-27,9.670089,0.113029,0.427932,-0.314903
2019-03-28,9.672827,0.114206,0.427447,-0.313241
2019-03-29,9.675565,0.118874,0.426965,-0.308092
2019-03-30,9.678303,0.120793,0.426488,-0.305694
2019-03-31,9.681040,0.120633,0.426014,-0.305381
2019-04-01,9.683778,0.123661,0.425543,-0.301882
2019-04-02,9.686516,0.174178,0.425076,-0.250898
2019-04-03,9.689254,0.206480,0.424613,-0.218133
2019-04-04,9.691992,0.201497,0.424154,-0.222656
2019-04-05,9.694730,0.202082,0.423698,-0.221616
2019-04-06,9.697467,0.206773,0.423246,-0.216472
2019-04-07,9.700205,0.213610,0.422797,-0.209187
2019-04-08,9.702943,0.221790,0.422353,-0.200563
2019-04-09,9.705681,0.219913,0.421912,-0.201999
2019-04-10,9.708419,0.223375,0.421475,-0.198100
2019-04-11,9.711157,0.210628,0.421041,-0.210413
2019-04-12,9.713895,0.203925,0.420612,-0.216687
2019-04-13,9.716632,0.206634,0.420186,-0.213552
2019-04-14,9.719370,0.205734,0.419765,-0.214030
2019-04-15,9.722108,0.208269,0.419347,-0.211078
2019-04-16,9.724846,0.205874,0.418933,-0.213059
2019-04-17,9.727584,0.214915,0.418523,-0.203608
2019-04-18,9.730322,0.217894,0.418117,-0.200223
2019-04-19,9.733060,0.216828,0.417715,-0.200887
2019-04-20,9.735797,0.220452,0.417317,-0.196865
2019-04-21,9.738535,0.217948,0.416923,-0.198975
2019-04-22,9.741273,0.219840,0.416533,-0.196693
2019-04-23,9.744011,0.236066,0.416147,-0.180081
2019-04-24,9.746749,0.232023,0.415765,-0.183742
2019-04-25,9.749487,0.226635,0.415387,-0.188752
2019-04-26,9.752225,0.207904,0.415014,-0.207110
2019-04-27,9.754962,0.207862,0.414644,-0.206782
2019-04-28,9.757700,0.208462,0.414279,-0.205817
2019-04-29,9.760438,0.206414,0.413917,-0.207504
2019-04-30,9.763176,0.208875,0.413560,-0.204685
2019-05-01,9.765914,0.215847,0.413207,-0.197360
2019-05-02,9.768652,0.219893,0.412859,-0.192966
2019-05-03,9.771389,0.239028,0.412514,-0.173486
2019-05-04,9.774127,0.243720,0.412174,-0.168454
2019-05-05,9.776865,0.245729,0.411838,-0.166109
2019-05-06,9.779603,0.240613,0.411506,-0.170893
2019-05-07,9.782341,0.254568,0.411179,-0.156611
2019-05-08,9.785079,0.252663,0.410855,-0.158192
2019-05-09,9.787817,0.266429,0.410537,-0.144108
2019-05-10,9.790554,0.282328,0.410222,-0.127894
2019-05-11,9.793292,0.314203,0.409912,-0.095709
2019-05-12,9.796030,0.333712,0.409606,-0.075894
2019-05-13,9.798768,0.348696,0.409304,-0.060609
2019-05-14,9.801506,0.381049,0.409007,-0.027958
2019-05-15,9.804244,0.383452,0.408715,-0.025263
2019-05-16,9.806982,0.379500,0.408426,-0.028927
2019-05-17,9.809719,0.338986,0.408142,-0.069156
2019-05-18,9.812457,0.342298,0.407863,-0.065565
2019-05-19,9.815195,0.375228,0.407588,-0.032360
2019-05-20,9.817933,0.372424,0.407317,-0.034894
2019-05-21,9.820671,0.374494,0.407051,-0.032557
2019-05-22,9.823409,0.370767,0.406790,-0.036023
2019-05-23,9.826146,0.360757,0.406533,-0.045775
2019-05-24,9.828884,0.374904,0.406280,-0.031376
2019-05-25,9.831622,0.376821,0.406032,-0.029211
2019-05-26,9.834360,0.380519,0.405789,-0.025270
2019-05-27,9.837098,0.412326,0.405550,0.006776
2019-05-28,9.839836,0.409610,0.405315,0.004295
2019-05-29,9.842574,0.406170,0.405085,0.001085
2019-05-30,9.845311,0.405182,0.404860,0.000322
2019-05-31,9.848049,0.391024,0.404639,-0.013615
2019-06-01,9.850787,0.399887,0.404423,-0.004537
2019-06-02,9.853525,0.405376,0.404212,0.001164
2019-06-03,9.856263,0.397581,0.404005,-0.006424
2019-06-04,9.859001,0.361865,0.403803,-0.041937
2019-06-05,9.861739,0.357110,0.403605,-0.046495
2019-06-06,9.864476,0.354917,0.403412,-0.048495
2019-06-07,9.867214,0.364439,0.403224,-0.038785
2019-06-08,9.869952,0.363953,0.403040,-0.039087
2019-06-09,9.872690,0.355728,0.402861,-0.047134
2019-06-10,9.875428,0.356254,0.402687,-0.046433
2019-06-11,9.878166,0.359630,0.402518,-0.042888
2019-06-12,9.880903,0.366654,0.402353,-0.035699
2019-06-13,9.883641,0.372840,0.402193,-0.029352
2019-06-14,9.886379,0.381873,0.402037,-0.020164
2019-06-15,9.889117,0.400006,0.401886,-0.001880
2019-06-16,9.891855,0.416279,0.401740,0.014539
2019-06-17,9.894593,0.422589,0.401599,0.020990
2019-06-18,9.897331,0.418414,0.401463,0.016951
2019-06-19,9.900068,0.418086,0.401331,0.016755
2019-06-20,9.902806,0.426983,0.401204,0.025779
2019-06-21,9.905544,0.446479,0.401082,0.045397
2019-06-22,9.908282,0.483947,0.400964,0.082983
2019-06-23,9.911020,0.484925,0.400852,0.084074
2019-06-24,9.913758,0.488617,0.400744,0.087873
2019-06-25,9.916496,0.506113,0.400641,0.105472
2019-06-26,9.919233,0.552774,0.400542,0.152231
2019-06-27,9.921971,0.523131,0.400449,0.122682
2019-06-28,9.924709,0.519724,0.400360,0.119364
2019-06-29,9.927447,0.524987,0.400276,0.124711
2019-06-30,9.930185,0.512437,0.400197,0.112240
2019-07-01,9.932923,0.478833,0.400123,0.078710
2019-07-02,9.935661,0.462525,0.400053,0.062472
2019-07-03,9.938398,0.502733,0.399989,0.102744
2019-07-04,9.941136,0.517919,0.399929,0.117990
2019-07-05,9.943874,0.494174,0.399874,0.094300
2019-07-06,9.946612,0.504212,0.399824,0.104388
2019-07-07,9.949350,0.499695,0.399779,0.099916
2019-07-08,9.952088,0.516760,0.399738,0.117022
2019-07-09,9.954825,0.540998,0.399703,0.141295
2019-07-10,9.957563,0.545015,0.399672,0.145343
2019-07-11,9.960301,0.507494,0.399646,0.107848
2019-07-12,9.963039,0.506992,0.399625,0.107367
2019-07-13,9.965777,0.500202,0.399609,0.100594
2019-07-14,9.968515,0.477304,0.399597,0.077707
2019-07-15,9.971253,0.459833,0.399591,0.060242
2019-07-16,9.973990,0.456137,0.399589,0.056548
2019-07-17,9.976728,0.421826,0.399593,0.022233
2019-07-18,9.979466,0.442297,0.399601,0.042696
2019-07-19,9.982204,0.458762,0.399614,0.059148
2019-07-20,9.984942,0.466763,0.399632,0.067132
2019-07-21,9.987680,0.461718,0.399655,0.062064
2019-07-22,9.990418,0.456102,0.399682,0.056419
2019-07-23,9.993155,0.439973,0.399715,0.040258
2019-07-24,9.995893,0.423575,0.399752,0.023823
2019-07-25,9.998631,0.436613,0.399794,0.036819
2019-07-26,10.001369,0.425252,0.399841,0.025410
2019-07-27,10.004107,0.422403,0.399893,0.022510
2019-07-28,10.006845,0.411562,0.399950,0.011612
2019-07-29,10.009582,0.412952,0.400012,0.012940
2019-07-30,10.012320,0.412354,0.400078,0.012275
2019-07-31,10.015058,0.425637,0.400150,0.025487
2019-08-01,10.017796,0.434722,0.400226,0.034496
2019-08-02,10.020534,0.450288,0.400307,0.049980
2019-08-03,10.023272,0.462259,0.400393,0.061866
2019-08-04,10.026010,0.462895,0.400484,0.062411
2019-08-05,10.028747,0.495383,0.400580,0.094804
2019-08-06,10.031485,0.497377,0.400680,0.096697
2019-08-07,10.034223,0.495557,0.400786,0.094771
2019-08-08,10.036961,0.498482,0.400896,0.097586
2019-08-09,10.039699,0.498633,0.401011,0.097622
2019-08-10,10.042437,0.489106,0.401131,0.087974
2019-08-11,10.045175,0.481054,0.401256,0.079798
2019-08-12,10.047912,0.480999,0.401385,0.079614
2019-08-13,10.050650,0.470614,0.401520,0.069094
2019-08-14,10.053388,0.441932,0.401659,0.040273
2019-08-15,10.056126,0.424203,0.401803,0.022399
2019-08-16,10.058864,0.432624,0.401952,0.030671
2019-08-17,10.061602,0.434626,0.402106,0.032520
2019-08-18,10.064339,0.433965,0.402265,0.031701
2019-08-19,10.067077,0.446406,0.402428,0.043978
2019-08-20,10.069815,0.451216,0.402596,0.048620
2019-08-21,10.072553,0.427587,0.402769,0.024818
2019-08-22,10.075291,0.421346,0.402947,0.018399
2019-08-23,10.078029,0.429872,0.403129,0.026742
2019-08-24,10.080767,0.424208,0.403317,0.020892
2019-08-25,10.083504,0.421586,0.403509,0.018077
2019-08-26,10.086242,0.430867,0.403706,0.027162
2019-08-27,10.088980,0.423277,0.403907,0.019370
2019-08-28,10.091718,0.417383,0.404113,0.013270
2019-08-29,10.094456,0.394124,0.404325,-0.010200
2019-08-30,10.097194,0.394309,0.404540,-0.010231
2019-08-31,10.099932,0.396072,0.404761,-0.008689
2019-09-01,10.102669,0.396775,0.404986,-0.008211
2019-09-02,10.105407,0.410018,0.405216,0.004801
2019-09-03,10.108145,0.432888,0.405451,0.027437
2019-09-04,10.110883,0.434357,0.405691,0.028666
2019-09-05,10.113621,0.433877,0.405935,0.027942
2019-09-06,10.116359,0.436665,0.406184,0.030482
2019-09-07,10.119097,0.427046,0.406437,0.020608
2019-09-08,10.121834,0.427872,0.406695,0.021177
2019-09-09,10.124572,0.420923,0.406958,0.013965
2019-09-10,10.127310,0.416871,0.407226,0.009645
2019-09-11,10.130048,0.409739,0.407498,0.002241
2019-09-12,10.132786,0.415861,0.407775,0.008086
2019-09-13,10.135524,0.418975,0.408056,0.010919
2019-09-14,10.138261,0.419338,0.408342,0.010996
2019-09-15,10.140999,0.417681,0.408633,0.009048
2019-09-16,10.143737,0.414446,0.408928,0.005518
2019-09-17,10.146475,0.412397,0.409228,0.003169
2019-09-18,10.149213,0.410780,0.409533,0.001247
2019-09-19,10.151951,0.401903,0.409842,-0.007939
2019-09-20,10.154689,0.409040,0.410156,-0.001115
2019-09-21,10.157426,0.402629,0.410474,-0.007844
2019-09-22,10.160164,0.399590,0.410797,-0.011207
2019-09-23,10.162902,0.394537,0.411124,-0.016587
2019-09-24,10.165640,0.373418,0.411456,-0.038037
2019-09-25,10.168378,0.326506,0.411792,-0.085286
2019-09-26,10.171116,0.314973,0.412133,-0.097159
2019-09-27,10.173854,0.303327,0.412478,-0.109151
2019-09-28,10.176591,0.309172,0.412828,-0.103656
2019-09-29,10.179329,0.304007,0.413182,-0.109175
2019-09-30,10.182067,0.303517,0.413541,-0.110024
2019-10-01,10.184805,0.318091,0.413904,-0.095813
2019-10-02,10.187543,0.312006,0.414271,-0.102265
2019-10-03,10.190281,0.310599,0.414643,-0.104044
2019-10-04,10.193018,0.304903,0.415020,-0.110117
2019-10-05,10.195756,0.302250,0.415401,-0.113151
2019-10-06,10.198494,0.294668,0.415786,-0.121118
2019-10-07,10.201232,0.297713,0.416175,-0.118463
2019-10-08,10.203970,0.305220,0.416569,-0.111349
2019-10-09,10.206708,0.310935,0.416968,-0.106033
2019-10-10,10.209446,0.321500,0.417370,-0.095870
2019-10-11,10.212183,0.313333,0.417777,-0.104444
2019-10-12,10.214921,0.309656,0.418188,-0.108532
2019-10-13,10.217659,0.310419,0.418604,-0.108185
2019-10-14,10.220397,0.307154,0.419024,-0.111869
2019-10-15,10.223135,0.304310,0.419448,-0.115138
2019-10-16,10.225873,0.293112,0.419876,-0.126764
2019-10-17,10.228611,0.290965,0.420309,-0.129344
2019-10-18,10.231348,0.286757,0.420745,-0.133989
2019-10-19,10.234086,0.286291,0.421186,-0.134895
2019-10-20,10.236824,0.289027,0.421632,-0.132605
2019-10-21,10.239562,0.298694,0.422081,-0.123387
2019-10-22,10.242300,0.296853,0.422534,-0.125682
2019-10-23,10.245038,0.271815,0.422992,-0.151177
2019-10-24,10.247775,0.254889,0.423454,-0.168565
2019-10-25,10.250513,0.278906,0.423920,-0.145014
2019-10-26,10.253251,0.350116,0.424390,-0.074274
2019-10-27,10.255989,0.353121,0.424864,-0.071742
2019-10-28,10.258727,0.354529,0.425342,-0.070813
2019-10-29,10.261465,0.349588,0.425824,-0.076237
2019-10-30,10.264203,0.340400,0.426311,-0.085910
2019-10-31,10.266940,0.339160,0.426801,-0.087641
2019-11-01,10.269678,0.338072,0.427295,-0.089223
2019-11-02,10.272416,0.343256,0.427794,-0.084537
2019-11-03,10.275154,0.339697,0.428296,-0.088599
2019-11-04,10.277892,0.340917,0.428802,-0.087885
2019-11-05,10.280630,0.344111,0.429312,-0.085201
2019-11-06,10.283368,0.343102,0.429826,-0.086725
2019-11-07,10.286105,0.338092,0.430344,-0.092252
2019-11-08,10.288843,0.325479,0.430866,-0.105387
2019-11-09,10.291581,0.317063,0.431392,-0.114329
2019-11-10,10.294319,0.320582,0.431922,-0.111340
2019-11-11,10.297057,0.315347,0.432455,-0.117108
2019-11-12,10.299795,0.311847,0.432993,-0.121145
2019-11-13,10.302533,0.312176,0.433534,-0.121358
2019-11-14,10.305270,0.307005,0.434079,-0.127074
2019-11-15,10.308008,0.300552,0.434627,-0.134076
2019-11-16,10.310746,0.296663,0.435180,-0.138517
2019-11-17,10.313484,0.298209,0.435736,-0.137527
2019-11-18,10.316222,0.290767,0.436296,-0.145528
2019-11-19,10.318960,0.276585,0.436859,-0.160274
2019-11-20,10.321697,0.275004,0.437426,-0.162423
2019-11-21,10.324435,0.260949,0.437997,-0.177049
2019-11-22,10.327173,0.231908,0.438572,-0.206664
2019-11-23,10.329911,0.225872,0.439150,-0.213279
2019-11-24,10.332649,0.219573,0.439732,-0.220158
2019-11-25,10.335387,0.207895,0.440317,-0.232422
2019-11-26,10.338125,0.217296,0.440906,-0.223610
2019-11-27,10.340862,0.223498,0.441499,-0.218001
2019-11-28,10.343600,0.238287,0.442095,-0.203807
2019-11-29,10.346338,0.243136,0.442694,-0.199558
2019-11-30,10.349076,0.244665,0.443297,-0.198632
2019-12-01,10.351814,0.226952,0.443904,-0.216952
2019-12-02,10.354552,0.223965,0.444514,-0.220549
2019-12-03,10.357290,0.223861,0.445127,-0.221265
2019-12-04,10.360027,0.220420,0.445744,-0.225324
2019-12-05,10.362765,0.222882,0.446364,-0.223482
2019-12-06,10.365503,0.226779,0.446987,-0.220208
2019-12-07,10.368241,0.233533,0.447614,-0.214082
2019-12-08,10.370979,0.230749,0.448244,-0.217495
2019-12-09,10.373717,0.228224,0.448878,-0.220654
2019-12-10,10.376454,0.218335,0.449515,-0.231180
2019-12-11,10.379192,0.212577,0.450155,-0.237578
2019-12-12,10.381930,0.209857,0.450798,-0.240941
2019-12-13,10.384668,0.212533,0.451445,-0.238912
2019-12-14,10.387406,0.208022,0.452094,-0.244072
2019-12-15,10.390144,0.203217,0.452747,-0.249530
2019-12-16,10.392882,0.199283,0.453403,-0.254120
2019-12-17,10.395619,0.183872,0.454063,-0.270190
2019-12-18,10.398357,0.182352,0.454725,-0.272373
2019-12-19,10.401095,0.204448,0.455390,-0.250942
2019-12-20,10.403833,0.203996,0.456059,-0.252063
2019-12-21,10.406571,0.203203,0.456731,-0.253527
2019-12-22,10.409309,0.207392,0.457405,-0.250013
2019-12-23,10.412047,0.222507,0.458083,-0.235576
2019-12-24,10.414784,0.209759,0.458763,-0.249004
2019-12-25,10.417522,0.204474,0.459447,-0.254973
2019-12-26,10.420260,0.204720,0.460134,-0.255413
2019-12-27,10.422998,0.202412,0.460823,-0.258411
2019-12-28,10.425736,0.207962,0.461515,-0.253554
2019-12-29,10.428474,0.209881,0.462211,-0.252330
2019-12-30,10.431211,0.206382,0.462909,-0.256527
2019-12-31,10.433949,0.200230,0.463610,-0.263379
2020-01-01,10.436687,0.199667,0.464313,-0.264646
2020-01-02,10.439425,0.191564,0.465020,-0.273456
2020-01-03,10.442163,0.199783,0.465729,-0.265946
2020-01-04,10.444901,0.204749,0.466441,-0.261692
2020-01-05,10.447639,0.210211,0.467156,-0.256945
2020-01-06,10.450376,0.215551,0.467873,-0.252322
2020-01-07,10.453114,0.236659,0.468594,-0.231935
2020-01-08,10.455852,0.252203,0.469316,-0.217113
2020-01-09,10.458590,0.234131,0.470042,-0.235911
2020-01-10,10.461328,0.233487,0.470770,-0.237282
2020-01-11,10.464066,0.244830,0.471500,-0.226670
2020-01-12,10.466804,0.244288,0.472234,-0.227945
2020-01-13,10.469541,0.243266,0.472969,-0.229703
2020-01-14,10.472279,0.266698,0.473708,-0.207010
2020-01-15,10.475017,0.274171,0.474448,-0.200277
2020-01-16,10.477755,0.270293,0.475191,-0.204898
2020-01-17,10.480493,0.278425,0.475937,-0.197512
2020-01-18,10.483231,0.279808,0.476685,-0.196877
2020-01-19,10.485969,0.277198,0.477436,-0.200237
2020-01-20,10.488706,0.266836,0.478188,-0.211353
2020-01-21,10.491444,0.266227,0.478943,-0.212716
2020-01-22,10.494182,0.266700,0.479701,-0.213001
2020-01-23,10.496920,0.254570,0.480461,-0.225890
2020-01-24,10.499658,0.251441,0.481223,-0.229782
2020-01-25,10.502396,0.247814,0.481987,-0.234173
2020-01-26,10.505133,0.252860,0.482754,-0.229893
2020-01-27,10.507871,0.266652,0.483522,-0.216870
2020-01-28,10.510609,0.281134,0.484293,-0.203159
2020-01-29,10.513347,0.293594,0.485066,-0.191473
2020-01-30,10.516085,0.294659,0.485842,-0.191182
2020-01-31,10.518823,0.292884,0.486619,-0.193735
2020-02-01,10.521561,0.293739,0.487398,-0.193659
2020-02-02,10.524298,0.293356,0.488180,-0.194824
2020-02-03,10.527036,0.290662,0.488963,-0.198301
2020-02-04,10.529774,0.284319,0.489749,-0.205429
2020-02-05,10.532512,0.292887,0.490536,-0.197649
2020-02-06,10.535250,0.304944,0.491325,-0.186381
2020-02-07,10.537988,0.308245,0.492117,-0.183872
2020-02-08,10.540726,0.309224,0.492910,-0.183686
2020-02-09,10.543463,0.320272,0.493705,-0.173434
2020-02-10,10.546201,0.312593,0.494502,-0.181909
2020-02-11,10.548939,0.313834,0.495301,-0.181467
2020-02-12,10.551677,0.329734,0.496102,-0.166368
2020-02-13,10.554415,0.326886,0.496904,-0.170018
2020-02-14,10.557153,0.325165,0.497708,-0.172544
2020-02-15,10.559890,0.319351,0.498514,-0.179163
2020-02-16,10.562628,0.308775,0.499322,-0.190547
2020-02-17,10.565366,0.300152,0.500131,-0.199979
2020-02-18,10.568104,0.305174,0.500942,-0.195768
2020-02-19,10.570842,0.315003,0.501755,-0.186752
2020-02-20,10.573580,0.293190,0.502569,-0.209379
2020-02-21,10.576318,0.297467,0.503385,-0.205917
2020-02-22,10.579055,0.295805,0.504202,-0.208397
2020-02-23,10.581793,0.304236,0.505021,-0.200784
2020-02-24,10.584531,0.297258,0.505841,-0.208583
2020-02-25,10.587269,0.286142,0.506663,-0.220521
2020-02-26,10.590007,0.264841,0.507486,-0.242645
2020-02-27,10.592745,0.252985,0.508311,-0.255326
2020-02-28,10.595483,0.247583,0.509137,-0.261554
2020-02-29,10.598220,0.246259,0.509964,-0.263706
2020-03-01,10.600958,0.239445,0.510793,-0.271348
2020-03-02,10.603696,0.247957,0.511623,-0.263667
2020-03-03,10.606434,0.249517,0.512455,-0.262938
2020-03-04,10.609172,0.247614,0.513288,-0.265674
2020-03-05,10.611910,0.259446,0.514122,-0.254675
2020-03-06,10.614648,0.262615,0.514957,-0.252342
2020-03-07,10.617385,0.259845,0.515793,-0.255948
2020-03-08,10.620123,0.235863,0.516631,-0.280767
2020-03-09,10.622861,0.199962,0.517469,-0.317507
2020-03-10,10.625599,0.202543,0.518309,-0.315766
2020-03-11,10.628337,0.196658,0.519150,-0.322492
2020-03-12,10.631075,0.125461,0.519992,-0.394531
2020-03-13,10.633812,0.028663,0.520835,-0.492172
2020-03-14,10.636550,0.035874,0.521679,-0.485805
2020-03-15,10.639288,0.027152,0.522524,-0.495372
2020-03-16,10.642026,-0.000213,0.523370,-0.523583
2020-03-17,10.644764,0.025343,0.524217,-0.498874
2020-03-18,10.647502,0.022076,0.525065,-0.502989
2020-03-19,10.650240,0.058061,0.525914,-0.467853
2020-03-20,10.652977,0.099603,0.526763,-0.427160
2020-03-21,10.655715,0.085457,0.527613,-0.442157
2020-03-22,10.658453,0.082983,0.528465,-0.445482
2020-03-23,10.661191,0.081051,0.529317,-0.448265
2020-03-24,10.663929,0.116842,0.530169,-0.413327
2020-03-25,10.666667,0.116509,0.531023,-0.414514
2020-03-26,10.669405,0.116543,0.531877,-0.415334
2020-03-27,10.672142,0.116859,0.532732,-0.415873
2020-03-28,10.674880,0.085717,0.533587,-0.447871
2020-03-29,10.677618,0.077159,0.534443,-0.457285
2020-03-30,10.680356,0.088290,0.535300,-0.447010
2020-03-31,10.683094,0.099558,0.536157,-0.436600
2020-04-01,10.685832,0.089364,0.537015,-0.447651
2020-04-02,10.688569,0.115662,0.537873,-0.422211
2020-04-03,10.691307,0.120499,0.538732,-0.418233
2020-04-04,10.694045,0.117264,0.539591,-0.422327
2020-04-05,10.696783,0.118132,0.540451,-0.422319
2020-04-06,10.699521,0.135538,0.541311,-0.405773
2020-04-07,10.702259,0.148610,0.542172,-0.393562
2020-04-08,10.704997,0.147343,0.543033,-0.395689
2020-04-09,10.707734,0.146716,0.543894,-0.397178
2020-04-10,10.710472,0.126392,0.544755,-0.418363
2020-04-11,10.713210,0.119788,0.545617,-0.425829
2020-04-12,10.715948,0.124230,0.546479,-0.422249
2020-04-13,10.718686,0.111601,0.547341,-0.435741
2020-04-14,10.721424,0.119533,0.548204,-0.428671
2020-04-15,10.724162,0.113897,0.549067,-0.435169
2020-04-16,10.726899,0.120138,0.549929,-0.429791
2020-04-17,10.729637,0.128537,0.550792,-0.422255
2020-04-18,10.732375,0.132348,0.551655,-0.419307
2020-04-19,10.735113,0.132931,0.552518,-0.419587
2020-04-20,10.737851,0.125304,0.553381,-0.428077
2020-04-21,10.740589,0.113808,0.554245,-0.440437
2020-04-22,10.743326,0.121393,0.555108,-0.433715
2020-04-23,10.746064,0.137991,0.555971,-0.417980
2020-04-24,10.748802,0.150314,0.556834,-0.406520
2020-04-25,10.751540,0.151034,0.557697,-0.406663
2020-04-26,10.754278,0.153684,0.558560,-0.404876
2020-04-27,10.757016,0.159562,0.559423,-0.399860
2020-04-28,10.759754,0.160041,0.560285,-0.400244
2020-04-29,10.762491,0.187511,0.561147,-0.373637
2020-04-30,10.765229,0.219278,0.562010,-0.342731
2020-05-01,10.767967,0.213742,0.562872,-0.349129
2020-05-02,10.770705,0.217717,0.563733,-0.346016
2020-05-03,10.773443,0.222060,0.564595,-0.342535
2020-05-04,10.776181,0.211426,0.565456,-0.354030
2020-05-05,10.778919,0.218716,0.566316,-0.347600
2020-05-06,10.781656,0.229012,0.567177,-0.338165
2020-05-07,10.784394,0.243698,0.568037,-0.324339
2020-05-08,10.787132,0.262324,0.568896,-0.306572
2020-05-09,10.789870,0.253122,0.569755,-0.316633
2020-05-10,10.792608,0.203494,0.570614,-0.367120
2020-05-11,10.795346,0.204295,0.571472,-0.367177
2020-05-12,10.798084,0.207341,0.572329,-0.364989
2020-05-13,10.800821,0.219657,0.573186,-0.353530
2020-05-14,10.803559,0.244036,0.574043,-0.330006
2020-05-15,10.806297,0.240534,0.574899,-0.334365
2020-05-16,10.809035,0.234745,0.575754,-0.341009
2020-05-17,10.811773,0.244257,0.576608,-0.332351
2020-05-18,10.814511,0.247758,0.577462,-0.329705
2020-05-19,10.817248,0.245139,0.578315,-0.333176
2020-05-20,10.819986,0.244626,0.579168,-0.334542
2020-05-21,10.822724,0.226156,0.580020,-0.353864
2020-05-22,10.825462,0.218478,0.580871,-0.362392
2020-05-23,10.828200,0.221805,0.581721,-0.359916
2020-05-24,10.830938,0.217282,0.582570,-0.365288
2020-05-25,10.833676,0.202520,0.583418,-0.380898
2020-05-26,10.836413,0.204019,0.584266,-0.380247
2020-05-27,10.839151,0.211502,0.585113,-0.373610
2020-05-28,10.841889,0.224238,0.585958,-0.361721
2020-05-29,10.844627,0.229694,0.586803,-0.357109
2020-05-30,10.847365,0.231692,0.587647,-0.355955
2020-05-31,10.850103,0.232709,0.588490,-0.355781
2020-06-01,10.852841,0.233872,0.589331,-0.355460
2020-06-02,10.855578,0.245496,0.590172,-0.344676
2020-06-03,10.858316,0.231512,0.591012,-0.359500
2020-06-04,10.861054,0.237530,0.591850,-0.354320
2020-06-05,10.863792,0.238696,0.592687,-0.353992
2020-06-06,10.866530,0.233706,0.593524,-0.359818
2020-06-07,10.869268,0.232413,0.594359,-0.361945
2020-06-08,10.872005,0.236400,0.595192,-0.358793
2020-06-09,10.874743,0.235278,0.596025,-0.360747
2020-06-10,10.877481,0.238124,0.596856,-0.358732
2020-06-11,10.880219,0.230938,0.597686,-0.366748
2020-06-12,10.882957,0.220361,0.598515,-0.378154
2020-06-13,10.885695,0.220468,0.599343,-0.378875
2020-06-14,10.888433,0.218972,0.600169,-0.381197
2020-06-15,10.891170,0.211152,0.600993,-0.389841
2020-06-16,10.893908,0.222020,0.601817,-0.379797
2020-06-17,10.896646,0.219068,0.602639,-0.383571
2020-06-18,10.899384,0.216718,0.603459,-0.386741
2020-06-19,10.902122,0.212714,0.604278,-0.391564
2020-06-20,10.904860,0.211097,0.605096,-0.393999
2020-06-21,10.907598,0.212811,0.605911,-0.393100
2020-06-22,10.910335,0.218120,0.606726,-0.388606
2020-06-23,10.913073,0.224324,0.607539,-0.383214
2020-06-24,10.915811,0.214844,0.608350,-0.393506
2020-06-25,10.918549,0.205233,0.609160,-0.403927
2020-06-26,10.921287,0.202271,0.609968,-0.407696
2020-06-27,10.924025,0.198243,0.610774,-0.412530
2020-06-28,10.926762,0.195698,0.611578,-0.415880
2020-06-29,10.929500,0.197836,0.612381,-0.414545
2020-06-30,10.932238,0.198458,0.613183,-0.414724
2020-07-01,10.934976,0.199656,0.613982,-0.414326
2020-07-02,10.937714,0.197930,0.614780,-0.416850
2020-07-03,10.940452,0.194207,0.615576,-0.421368
2020-07-04,10.943190,0.193607,0.616370,-0.422763
2020-07-05,10.945927,0.191594,0.617162,-0.425567
2020-07-06,10.948665,0.197821,0.617952,-0.420131
2020-07-07,10.951403,0.199610,0.618740,-0.419130
2020-07-08,10.954141,0.202737,0.619527,-0.416790
2020-07-09,10.956879,0.201364,0.620311,-0.418948
2020-07-10,10.959617,0.194688,0.621094,-0.426406
2020-07-11,10.962355,0.196086,0.621875,-0.425788
2020-07-12,10.965092,0.196046,0.622653,-0.426607
2020-07-13,10.967830,0.196793,0.623430,-0.426636
2020-07-14,10.970568,0.193468,0.624204,-0.430736
2020-07-15,10.973306,0.193024,0.624977,-0.431953
2020-07-16,10.976044,0.188309,0.625747,-0.437437
2020-07-17,10.978782,0.187975,0.626515,-0.438540
2020-07-18,10.981520,0.188707,0.627281,-0.438574
2020-07-19,10.984257,0.187830,0.628045,-0.440215
2020-07-20,10.986995,0.188323,0.628807,-0.440483
2020-07-21,10.989733,0.193799,0.629566,-0.435767
2020-07-22,10.992471,0.195842,0.630323,-0.434481
2020-07-23,10.995209,0.203267,0.631078,-0.427811
2020-07-24,10.997947,0.203453,0.631831,-0.428378
2020-07-25,11.000684,0.205739,0.632581,-0.426842
2020-07-26,11.003422,0.214561,0.633329,-0.418768
2020-07-27,11.006160,0.240100,0.634075,-0.393975
2020-07-28,11.008898,0.261428,0.634818,-0.373390
2020-07-29,11.011636,0.265483,0.635559,-0.370077
2020-07-30,11.014374,0.262475,0.636298,-0.373822
2020-07-31,11.017112,0.268227,0.637034,-0.368807
2020-08-01,11.019849,0.283322,0.637768,-0.354446
2020-08-02,11.022587,0.271619,0.638499,-0.366880
2020-08-03,11.025325,0.268642,0.639228,-0.370586
2020-08-04,11.028063,0.267702,0.639954,-0.372251
2020-08-05,11.030801,0.275784,0.640677,-0.364894
2020-08-06,11.033539,0.285816,0.641399,-0.355582
2020-08-07,11.036277,0.283818,0.642117,-0.358299
2020-08-08,11.039014,0.282254,0.642833,-0.360579
2020-08-09,11.041752,0.281214,0.643546,-0.362332
2020-08-10,11.044490,0.288766,0.644257,-0.355491
2020-08-11,11.047228,0.278342,0.644965,-0.366623
2020-08-12,11.049966,0.271814,0.645670,-0.373856
2020-08-13,11.052704,0.274566,0.646373,-0.371807
2020-08-14,11.055441,0.281631,0.647073,-0.365441
2020-08-15,11.058179,0.285377,0.647770,-0.362393
2020-08-16,11.060917,0.283859,0.648464,-0.364605
2020-08-17,11.063655,0.291152,0.649156,-0.358004
2020-08-18,11.066393,0.294199,0.649845,-0.355645
2020-08-19,11.069131,0.280404,0.650531,-0.370127
2020-08-20,11.071869,0.280039,0.651214,-0.371175
2020-08-21,11.074606,0.277394,0.651894,-0.374500
2020-08-22,11.077344,0.270052,0.652572,-0.382519
2020-08-23,11.080082,0.271833,0.653246,-0.381413
2020-08-24,11.082820,0.275481,0.653918,-0.378436
2020-08-25,11.085558,0.266265,0.654586,-0.388321
2020-08-26,11.088296,0.261998,0.655252,-0.393254
2020-08-27,11.091034,0.259251,0.655915,-0.396663
2020-08-28,11.093771,0.262370,0.656574,-0.394204
2020-08-29,11.096509,0.264241,0.657231,-0.392990
2020-08-30,11.099247,0.267081,0.657885,-0.390804
2020-08-31,11.101985,0.269784,0.658535,-0.388751
2020-09-01,11.104723,0.276144,0.659183,-0.383039
2020-09-02,11.107461,0.264539,0.659827,-0.395289
2020-09-03,11.110198,0.243238,0.660469,-0.417230
2020-09-04,11.112936,0.216551,0.661107,-0.444556
2020-09-05,11.115674,0.210747,0.661742,-0.450995
2020-09-06,11.118412,0.207619,0.662374,-0.454755
2020-09-07,11.121150,0.205223,0.663002,-0.457780
2020-09-08,11.123888,0.204091,0.663628,-0.459537
2020-09-09,11.126626,0.205338,0.664250,-0.458913
2020-09-10,11.129363,0.211224,0.664869,-0.453646
2020-09-11,11.132101,0.209122,0.665485,-0.456363
2020-09-12,11.134839,0.211396,0.666098,-0.454702
2020-09-13,11.137577,0.211875,0.666707,-0.454832
2020-09-14,11.140315,0.216131,0.667313,-0.451182
2020-09-15,11.143053,0.226370,0.667915,-0.441546
2020-09-16,11.145791,0.230805,0.668515,-0.437710
2020-09-17,11.148528,0.230017,0.669111,-0.439093
2020-09-18,11.151266,0.230777,0.669703,-0.438926
2020-09-19,11.154004,0.233788,0.670292,-0.436504
2020-09-20,11.156742,0.229319,0.670878,-0.441559
2020-09-21,11.159480,0.219061,0.671460,-0.452399
2020-09-22,11.162218,0.210077,0.672039,-0.461962
2020-09-23,11.164956,0.208017,0.672614,-0.464598
2020-09-24,11.167693,0.208061,0.673186,-0.465125
2020-09-25,11.170431,0.216749,0.673755,-0.457006
2020-09-26,11.173169,0.218122,0.674320,-0.456198
2020-09-27,11.175907,0.217532,0.674881,-0.457349
2020-09-28,11.178645,0.223450,0.675439,-0.451989
2020-09-29,11.181383,0.216964,0.675993,-0.459029
2020-09-30,11.184120,0.216887,0.676544,-0.459657
2020-10-01,11.186858,0.216903,0.677091,-0.460188
2020-10-02,11.189596,0.207065,0.677634,-0.470570
2020-10-03,11.192334,0.207483,0.678174,-0.470692
2020-10-04,11.195072,0.209184,0.678711,-0.469527
2020-10-05,11.197810,0.212667,0.679243,-0.466576
2020-10-06,11.200548,0.211818,0.679772,-0.467954
2020-10-07,11.203285,0.208050,0.680297,-0.472247
2020-10-08,11.206023,0.212227,0.680819,-0.468592
2020-10-09,11.208761,0.221645,0.681337,-0.459691
2020-10-10,11.211499,0.234682,0.681851,-0.447169
2020-10-11,11.214237,0.235166,0.682361,-0.447195
2020-10-12,11.216975,0.237876,0.682868,-0.444991
2020-10-13,11.219713,0.237416,0.683370,-0.445954
2020-10-14,11.222450,0.235248,0.683869,-0.448621
2020-10-15,11.225188,0.235010,0.684365,-0.449354
2020-10-16,11.227926,0.232562,0.684856,-0.452294
2020-10-17,11.230664,0.231237,0.685344,-0.454107
2020-10-18,11.233402,0.234099,0.685827,-0.451728
2020-10-19,11.236140,0.239106,0.686307,-0.447201
2020-10-20,11.238877,0.248381,0.686783,-0.438402
2020-10-21,11.241615,0.269888,0.687255,-0.417367
2020-10-22,11.244353,0.285316,0.687723,-0.402407
2020-10-23,11.247091,0.284790,0.688188,-0.403398
2020-10-24,11.249829,0.287435,0.688648,-0.401214
2020-10-25,11.252567,0.287714,0.689104,-0.401390
2020-10-26,11.255305,0.287580,0.689557,-0.401977
2020-10-27,11.258042,0.296980,0.690005,-0.393026
2020-10-28,11.260780,0.298826,0.690450,-0.391624
2020-10-29,11.263518,0.294618,0.690890,-0.396273
2020-10-30,11.266256,0.297465,0.691327,-0.393862
2020-10-31,11.268994,0.306809,0.691759,-0.384950
2020-11-01,11.271732,0.307054,0.692188,-0.385133
2020-11-02,11.274470,0.300981,0.692612,-0.391631
2020-11-03,11.277207,0.300944,0.693033,-0.392088
2020-11-04,11.279945,0.309498,0.693449,-0.383951
2020-11-05,11.282683,0.334318,0.693861,-0.359543
2020-11-06,11.285421,0.357968,0.694269,-0.336301
2020-11-07,11.288159,0.350658,0.694673,-0.344015
2020-11-08,11.290897,0.346349,0.695073,-0.348724
2020-11-09,11.293634,0.350817,0.695469,-0.344652
2020-11-10,11.296372,0.348711,0.695860,-0.347150
2020-11-11,11.299110,0.355820,0.696248,-0.340427
2020-11-12,11.301848,0.364499,0.696631,-0.332132
2020-11-13,11.304586,0.373603,0.697010,-0.323407
2020-11-14,11.307324,0.365988,0.697385,-0.331397
2020-11-15,11.310062,0.364660,0.697756,-0.333095
2020-11-16,11.312799,0.374201,0.698122,-0.323922
2020-11-17,11.315537,0.392117,0.698484,-0.306367
2020-11-18,11.318275,0.411245,0.698842,-0.287597
2020-11-19,11.321013,0.409912,0.699196,-0.289285
2020-11-20,11.323751,0.421342,0.699546,-0.278203
2020-11-21,11.326489,0.429410,0.699891,-0.270481
2020-11-22,11.329227,0.422137,0.700232,-0.278095
2020-11-23,11.331964,0.422185,0.700569,-0.278384
2020-11-24,11.334702,0.431346,0.700901,-0.269555
2020-11-25,11.337440,0.435151,0.701229,-0.266078
2020-11-26,11.340178,0.394741,0.701553,-0.306812
2020-11-27,11.342916,0.384528,0.701872,-0.317345
2020-11-28,11.345654,0.392189,0.702188,-0.309999
2020-11-29,11.348392,0.408280,0.702498,-0.294218
2020-11-30,11.351129,0.429398,0.702805,-0.273407
2020-12-01,11.353867,0.436590,0.703107,-0.266517
2020-12-02,11.356605,0.429270,0.703405,-0.274135
2020-12-03,11.359343,0.436332,0.703698,-0.267366
2020-12-04,11.362081,0.431832,0.703987,-0.272155
2020-12-05,11.364819,0.428569,0.704271,-0.275702
2020-12-06,11.367556,0.431519,0.704551,-0.273032
2020-12-07,11.370294,0.432204,0.704827,-0.272623
2020-12-08,11.373032,0.425592,0.705098,-0.279506
2020-12-09,11.375770,0.409354,0.705365,-0.296011
2020-12-10,11.378508,0.409795,0.705627,-0.295832
2020-12-11,11.381246,0.400493,0.705885,-0.305393
2020-12-12,11.383984,0.412668,0.706139,-0.293471
2020-12-13,11.386721,0.427106,0.706388,-0.279281
2020-12-14,11.389459,0.427585,0.706632,-0.279048
2020-12-15,11.392197,0.431276,0.706872,-0.275596
2020-12-16,11.394935,0.446847,0.707108,-0.260261
2020-12-17,11.397673,0.497700,0.707339,-0.209639
2020-12-18,11.400411,0.502348,0.707565,-0.205218
2020-12-19,11.403149,0.510801,0.707787,-0.196987
2020-12-20,11.405886,0.514646,0.708005,-0.193359
2020-12-21,11.408624,0.507720,0.708218,-0.200498
2020-12-22,11.411362,0.504374,0.708426,-0.204052
2020-12-23,11.414100,0.511887,0.708630,-0.196743
2020-12-24,11.416838,0.505611,0.708830,-0.203219
2020-12-25,11.419576,0.519750,0.709024,-0.189275
2020-12-26,11.422313,0.541202,0.709215,-0.168013
2020-12-27,11.425051,0.569839,0.709400,-0.139561
2020-12-28,11.427789,0.568274,0.709581,-0.141307
2020-12-29,11.430527,0.563067,0.709758,-0.146691
2020-12-30,11.433265,0.585860,0.709930,-0.124069
2020-12-31,11.436003,0.596103,0.710097,-0.113994
2021-01-01,11.438741,0.601843,0.710260,-0.108416
2021-01-02,11.441478,0.622789,0.710418,-0.087628
2021-01-03,11.444216,0.658851,0.710571,-0.051720
2021-01-04,11.446954,0.636626,0.710720,-0.074094
2021-01-05,11.449692,0.641792,0.710864,-0.069072
2021-01-06,11.452430,0.675225,0.711004,-0.035779
2021-01-07,11.455168,0.712183,0.711139,0.001044
2021-01-08,11.457906,0.731343,0.711269,0.020074
2021-01-09,11.460643,0.737319,0.711395,0.025924
2021-01-10,11.463381,0.729234,0.711516,0.017719
2021-01-11,11.466119,0.664483,0.711632,-0.047149
2021-01-12,11.468857,0.671502,0.711744,-0.040242
2021-01-13,11.471595,0.669259,0.711851,-0.042592
2021-01-14,11.474333,0.711486,0.711953,-0.000468
2021-01-15,11.477070,0.705115,0.712051,-0.006936
2021-01-16,11.479808,0.693981,0.712144,-0.018163
2021-01-17,11.482546,0.680882,0.712232,-0.031351
2021-01-18,11.485284,0.684547,0.712316,-0.027769
2021-01-19,11.488022,0.692601,0.712395,-0.019793
2021-01-20,11.490760,0.690700,0.712469,-0.021769
2021-01-21,11.493498,0.642317,0.712538,-0.070221
2021-01-22,11.496235,0.632889,0.712603,-0.079714
2021-01-23,11.498973,0.633870,0.712663,-0.078793
2021-01-24,11.501711,0.730720,0.712719,0.018001
2021-01-25,11.504449,0.648779,0.712770,-0.063991
2021-01-26,11.507187,0.630270,0.712816,-0.082546
2021-01-27,11.509925,0.665350,0.712857,-0.047507
2021-01-28,11.512663,0.624234,0.712893,-0.088659
2021-01-29,11.515400,0.718683,0.712925,0.005758
2021-01-30,11.518138,0.652337,0.712952,-0.060616
2021-01-31,11.520876,0.643807,0.712975,-0.069168
2021-02-01,11.523614,0.640975,0.712992,-0.072017
2021-02-02,11.526352,0.659389,0.713005,-0.053617
2021-02-03,11.529090,0.681235,0.713013,-0.031779
2021-02-04,11.531828,0.691638,0.713017,-0.021379
2021-02-05,11.534565,0.692451,0.713016,-0.020565
2021-02-06,11.537303,0.716500,0.713010,0.003491
2021-02-07,11.540041,0.703352,0.712999,-0.009647
2021-02-08,11.542779,0.730804,0.712983,0.017821
2021-02-09,11.545517,0.776139,0.712963,0.063176
2021-02-10,11.548255,0.759574,0.712938,0.046636
2021-02-11,11.550992,0.774965,0.712908,0.062056
2021-02-12,11.553730,0.790671,0.712873,0.077797
2021-02-13,11.556468,0.787157,0.712834,0.074323
2021-02-14,11.559206,0.798785,0.712790,0.085995
2021-02-15,11.561944,0.793597,0.712741,0.080856
2021-02-16,11.564682,0.803052,0.712688,0.090364
2021-02-17,11.567420,0.818676,0.712629,0.106047
2021-02-18,11.570157,0.825119,0.712566,0.112553
2021-02-19,11.572895,0.834558,0.712498,0.122060
2021-02-20,11.575633,0.855955,0.712426,0.143530
2021-02-21,11.578371,0.884215,0.712348,0.171867
2021-02-22,11.581109,0.868019,0.712266,0.155753
2021-02-23,11.583847,0.800902,0.712179,0.088722
2021-02-24,11.586585,0.804066,0.712088,0.091978
2021-02-25,11.589322,0.805104,0.711991,0.093113
2021-02-26,11.592060,0.800541,0.711890,0.088651
2021-02-27,11.594798,0.785279,0.711784,0.073495
2021-02-28,11.597536,0.756092,0.711673,0.044418
2021-03-01,11.600274,0.788459,0.711558,0.076901
2021-03-02,11.603012,0.790427,0.711438,0.078989
2021-03-03,11.605749,0.808744,0.711313,0.097432
2021-03-04,11.608487,0.800224,0.711183,0.089041
2021-03-05,11.611225,0.780990,0.711048,0.069941
2021-03-06,11.613963,0.786315,0.710909,0.075406
2021-03-07,11.616701,0.805150,0.710765,0.094385
2021-03-08,11.619439,0.808901,0.710616,0.098284
2021-03-09,11.622177,0.831448,0.710463,0.120985
2021-03-10,11.624914,0.840630,0.710304,0.130326
2021-03-11,11.627652,0.849533,0.710141,0.139392
2021-03-12,11.630390,0.853134,0.709973,0.143161
2021-03-13,11.633128,0.867432,0.709801,0.157631
2021-03-14,11.635866,0.878672,0.709624,0.169049
2021-03-15,11.638604,0.856373,0.709442,0.146931
2021-03-16,11.641342,0.839072,0.709255,0.129817
2021-03-17,11.644079,0.844108,0.709063,0.135044
2021-03-18,11.646817,0.862301,0.708867,0.153434
2021-03-19,11.649555,0.857354,0.708666,0.148688
2021-03-20,11.652293,0.864682,0.708460,0.156222
2021-03-21,11.655031,0.851682,0.708250,0.143432
2021-03-22,11.657769,0.850423,0.708035,0.142389
2021-03-23,11.660507,0.836586,0.707815,0.128771
2021-03-24,11.663244,0.833276,0.707590,0.125685
2021-03-25,11.665982,0.816690,0.707361,0.109330
2021-03-26,11.668720,0.817563,0.707127,0.110436
2021-03-27,11.671458,0.837116,0.706888,0.130228
2021-03-28,11.674196,0.837038,0.706645,0.130393
2021-03-29,11.676934,0.845091,0.706397,0.138694
2021-03-30,11.679671,0.856811,0.706144,0.150667
2021-03-31,11.682409,0.858278,0.705886,0.152392
2021-04-01,11.685147,0.857847,0.705624,0.152223
2021-04-02,11.687885,0.860299,0.705357,0.154943
2021-04-03,11.690623,0.857151,0.705085,0.152066
2021-04-04,11.693361,0.847749,0.704809,0.142940
2021-04-05,11.696099,0.850115,0.704528,0.145588
2021-04-06,11.698836,0.854097,0.704242,0.149855
2021-04-07,11.701574,0.843234,0.703952,0.139282
2021-04-08,11.704312,0.841726,0.703657,0.138069
2021-04-09,11.707050,0.848838,0.703357,0.145481
2021-04-10,11.709788,0.860591,0.703053,0.157538
2021-04-11,11.712526,0.859375,0.702744,0.156631
2021-04-12,11.715264,0.861081,0.702430,0.158651
2021-04-13,11.718001,0.860114,0.702112,0.158003
2021-04-14,11.720739,0.883463,0.701789,0.181675
2021-04-15,11.723477,0.879430,0.701461,0.177969
2021-04-16,11.726215,0.923024,0.701129,0.221894
2021-04-17,11.728953,0.843146,0.700792,0.142354
2021-04-18,11.731691,0.890134,0.700451,0.189683
2021-04-19,11.734428,0.830200,0.700105,0.130095
2021-04-20,11.737166,0.822675,0.699754,0.122921
2021-04-21,11.739904,0.821388,0.699399,0.121989
2021-04-22,11.742642,0.865538,0.699039,0.166499
2021-04-23,11.745380,0.774262,0.698675,0.075587
2021-04-24,11.748118,0.775898,0.698306,0.077592
2021-04-25,11.750856,0.775121,0.697932,0.077189
2021-04-26,11.753593,0.799804,0.697554,0.102251
2021-04-27,11.756331,0.859120,0.697171,0.161949
2021-04-28,11.759069,0.812782,0.696784,0.115998
2021-04-29,11.761807,0.820193,0.696392,0.123801
2021-04-30,11.764545,0.846243,0.695996,0.150247
2021-05-01,11.767283,0.834261,0.695595,0.138666
2021-05-02,11.770021,0.821181,0.695189,0.125992
2021-05-03,11.772758,0.834185,0.694779,0.139405
2021-05-04,11.775496,0.813255,0.694365,0.118890
2021-05-05,11.778234,0.809131,0.693946,0.115185
2021-05-06,11.780972,0.877269,0.693522,0.183747
2021-05-07,11.783710,0.823930,0.693094,0.130836
2021-05-08,11.786448,0.836291,0.692662,0.143629
2021-05-09,11.789185,0.831542,0.692225,0.139317
2021-05-10,11.791923,0.829324,0.691783,0.137540
2021-05-11,11.794661,0.868416,0.691337,0.177079
2021-05-12,11.797399,0.814451,0.690887,0.123564
2021-05-13,11.800137,0.763427,0.690432,0.072995
2021-05-14,11.802875,0.766449,0.689973,0.076477
2021-05-15,11.805613,0.753986,0.689509,0.064477
2021-05-16,11.808350,0.743264,0.689041,0.054223
2021-05-17,11.811088,0.711755,0.688568,0.023187
2021-05-18,11.813826,0.708969,0.688091,0.020877
2021-05-19,11.816564,0.666823,0.687610,-0.020787
2021-05-20,11.819302,0.738422,0.687124,0.051298
2021-05-21,11.822040,0.654232,0.686634,-0.032402
2021-05-22,11.824778,0.636043,0.686139,-0.050097
2021-05-23,11.827515,0.613491,0.685640,-0.072149
2021-05-24,11.830253,0.629475,0.685137,-0.055662
2021-05-25,11.832991,0.664986,0.684629,-0.019644
2021-05-26,11.835729,0.653687,0.684117,-0.030431
2021-05-27,11.838467,0.648145,0.683601,-0.035456
2021-05-28,11.841205,0.622002,0.683080,-0.061078
2021-05-29,11.843943,0.605385,0.682555,-0.077170
2021-05-30,11.846680,0.607575,0.682026,-0.074451
2021-05-31,11.849418,0.615254,0.681492,-0.066239
2021-06-01,11.852156,0.619753,0.680954,-0.061201
2021-06-02,11.854894,0.627491,0.680412,-0.052921
2021-06-03,11.857632,0.641308,0.679866,-0.038558
2021-06-04,11.860370,0.624154,0.679315,-0.055161
2021-06-05,11.863107,0.617473,0.678760,-0.061287
2021-06-06,11.865845,0.609904,0.678201,-0.068297
2021-06-07,11.868583,0.694441,0.677637,0.016803
2021-06-08,11.871321,0.570039,0.677070,-0.107031
2021-06-09,11.874059,0.595119,0.676498,-0.081378
2021-06-10,11.876797,0.620096,0.675922,-0.055826
2021-06-11,11.879535,0.619693,0.675341,-0.055649
2021-06-12,11.882272,0.604056,0.674757,-0.070701
2021-06-13,11.885010,0.611646,0.674168,-0.062522
2021-06-14,11.887748,0.648359,0.673575,-0.025216
2021-06-15,11.890486,0.653560,0.672978,-0.019419
2021-06-16,11.893224,0.719618,0.672377,0.047241
2021-06-17,11.895962,0.635149,0.671772,-0.036623
2021-06-18,11.898700,0.616263,0.671163,-0.054900
2021-06-19,11.901437,0.601587,0.670549,-0.068962
2021-06-20,11.904175,0.592729,0.669931,-0.077202
2021-06-21,11.906913,0.567356,0.669310,-0.101954
2021-06-22,11.909651,0.552363,0.668684,-0.116321
2021-06-23,11.912389,0.574342,0.668054,-0.093712
2021-06-24,11.915127,0.573742,0.667420,-0.093679
2021-06-25,11.917864,0.567594,0.666782,-0.099188
2021-06-26,11.920602,0.542753,0.666140,-0.123387
2021-06-27,11.923340,0.563258,0.665494,-0.102236
2021-06-28,11.926078,0.634222,0.664844,-0.030623
2021-06-29,11.928816,0.593518,0.664190,-0.070672
2021-06-30,11.931554,0.585237,0.663532,-0.078296
2021-07-01,11.934292,0.569319,0.662870,-0.093552
2021-07-02,11.937029,0.563475,0.662204,-0.098729
2021-07-03,11.939767,0.575967,0.661534,-0.085568
2021-07-04,11.942505,0.587405,0.660861,-0.073456
2021-07-05,11.945243,0.571848,0.660183,-0.088335
2021-07-06,11.947981,0.572379,0.659501,-0.087122
2021-07-07,11.950719,0.576808,0.658816,-0.082008
2021-07-08,11.953457,0.555056,0.658126,-0.103070
2021-07-09,11.956194,0.558621,0.657433,-0.098812
2021-07-10,11.958932,0.564917,0.656735,-0.091818
2021-07-11,11.961670,0.559407,0.656034,-0.096627
2021-07-12,11.964408,0.563638,0.655329,-0.091692
2021-07-13,11.967146,0.552610,0.654621,-0.102010
2021-07-14,11.969884,0.547268,0.653908,-0.106640
2021-07-15,11.972621,0.541700,0.653192,-0.111492
2021-07-16,11.975359,0.536703,0.652471,-0.115768
2021-07-17,11.978097,0.533767,0.651747,-0.117981
2021-07-18,11.980835,0.535806,0.651020,-0.115213
2021-07-19,11.983573,0.527240,0.650288,-0.123049
2021-07-20,11.986311,0.507766,0.649553,-0.141787
2021-07-21,11.989049,0.526610,0.648814,-0.122204
2021-07-22,11.991786,0.538541,0.648071,-0.109531
2021-07-23,11.994524,0.542637,0.647325,-0.104688
2021-07-24,11.997262,0.559786,0.646575,-0.086789
2021-07-25,12.000000,0.565661,0.645821,-0.080160
2021-07-26,12.002738,0.611962,0.645064,-0.033101
2021-07-27,12.005476,0.604452,0.644302,-0.039850
2021-07-28,12.008214,0.628057,0.643538,-0.015481
2021-07-29,12.010951,0.627522,0.642769,-0.015247
2021-07-30,12.013689,0.624677,0.641997,-0.017320
2021-07-31,12.016427,0.645228,0.641222,0.004007
2021-08-01,12.019165,0.643003,0.640443,0.002560
2021-08-02,12.021903,0.622698,0.639660,-0.016962
2021-08-03,12.024641,0.609773,0.638874,-0.029100
2021-08-04,12.027379,0.612205,0.638084,-0.025878
2021-08-05,12.030116,0.694392,0.637291,0.057102
2021-08-06,12.032854,0.639460,0.636494,0.002966
2021-08-07,12.035592,0.661477,0.635693,0.025784
2021-08-08,12.038330,0.668508,0.634889,0.033619
2021-08-09,12.041068,0.673667,0.634082,0.039585
2021-08-10,12.043806,0.679835,0.633271,0.046564
2021-08-11,12.046543,0.683925,0.632457,0.051468
2021-08-12,12.049281,0.672268,0.631639,0.040629
2021-08-13,12.052019,0.684100,0.630818,0.053282
2021-08-14,12.054757,0.691845,0.629994,0.061851
2021-08-15,12.057495,0.685044,0.629166,0.055878
2021-08-16,12.060233,0.689029,0.628335,0.060695
2021-08-17,12.062971,0.679636,0.627500,0.052136
2021-08-18,12.065708,0.671542,0.626662,0.044879
2021-08-19,12.068446,0.671761,0.625821,0.045941
2021-08-20,12.071184,0.749568,0.624976,0.124592
2021-08-21,12.073922,0.705838,0.624128,0.081709
2021-08-22,12.076660,0.703910,0.623277,0.080633
2021-08-23,12.079398,0.712182,0.622423,0.089760
2021-08-24,12.082136,0.702959,0.621565,0.081394
2021-08-25,12.084873,0.696982,0.620704,0.076278
2021-08-26,12.087611,0.688215,0.619840,0.068375
2021-08-27,12.090349,0.691437,0.618973,0.072464
2021-08-28,12.093087,0.700961,0.618102,0.082859
2021-08-29,12.095825,0.698354,0.617228,0.081125
2021-08-30,12.098563,0.692781,0.616352,0.076430
2021-08-31,12.101300,0.685231,0.615471,0.069759
2021-09-01,12.104038,0.688220,0.614588,0.073631
2021-09-02,12.106776,0.705216,0.613702,0.091514
2021-09-03,12.109514,0.706855,0.612813,0.094043
2021-09-04,12.112252,0.707653,0.611920,0.095733
2021-09-05,12.114990,0.709804,0.611025,0.098779
2021-09-06,12.117728,0.721339,0.610126,0.111213
2021-09-07,12.120465,0.705091,0.609224,0.095867
2021-09-08,12.123203,0.672142,0.608320,0.063823
2021-09-09,12.125941,0.655675,0.607412,0.048263
2021-09-10,12.128679,0.667828,0.606501,0.061327
2021-09-11,12.131417,0.662242,0.605588,0.056655
2021-09-12,12.134155,0.664077,0.604671,0.059406
2021-09-13,12.136893,0.656044,0.603751,0.052293
2021-09-14,12.139630,0.667311,0.602829,0.064482
2021-09-15,12.142368,0.680567,0.601903,0.078664
2021-09-16,12.145106,0.682581,0.600975,0.081606
2021-09-17,12.147844,0.679359,0.600044,0.079316
2021-09-18,12.150582,0.684844,0.599110,0.085734
2021-09-19,12.153320,0.679794,0.598173,0.081621
2021-09-20,12.156057,0.650420,0.597233,0.053187
2021-09-21,12.158795,0.614785,0.596291,0.018494
2021-09-22,12.161533,0.629485,0.595345,0.034140
2021-09-23,12.164271,0.644238,0.594397,0.049841
2021-09-24,12.167009,0.619227,0.593446,0.025780
2021-09-25,12.169747,0.628919,0.592493,0.036427
2021-09-26,12.172485,0.630267,0.591536,0.038731
2021-09-27,12.175222,0.636692,0.590577,0.046115
2021-09-28,12.177960,0.620442,0.589615,0.030826
2021-09-29,12.180698,0.618982,0.588651,0.030331
2021-09-30,12.183436,0.632968,0.587684,0.045285
2021-10-01,12.186174,0.659313,0.586714,0.072599
2021-10-02,12.188912,0.674764,0.585741,0.089023
2021-10-03,12.191650,0.675826,0.584766,0.091059
2021-10-04,12.194387,0.676686,0.583788,0.092898
2021-10-05,12.197125,0.692993,0.582808,0.110185
2021-10-06,12.199863,0.716326,0.581825,0.134501
2021-10-07,12.202601,0.727065,0.580840,0.146226
2021-10-08,12.205339,0.727413,0.579852,0.147561
2021-10-09,12.208077,0.729263,0.578862,0.150402
2021-10-10,12.210815,0.732152,0.577869,0.154283
2021-10-11,12.213552,0.743547,0.576873,0.166674
2021-10-12,12.216290,0.742488,0.575875,0.166613
2021-10-13,12.219028,0.737664,0.574875,0.162789
2021-10-14,12.221766,0.749213,0.573872,0.175341
2021-10-15,12.224504,0.765287,0.572867,0.192420
2021-10-16,12.227242,0.774558,0.571859,0.202698
2021-10-17,12.229979,0.771169,0.570849,0.200320
2021-10-18,12.232717,0.777402,0.569837,0.207565
2021-10-19,12.235455,0.783711,0.568822,0.214889
2021-10-20,12.238193,0.790616,0.567805,0.222810
2021-10-21,12.240931,0.792815,0.566786,0.226029
2021-10-22,12.243669,0.777887,0.565764,0.212122
2021-10-23,12.246407,0.769696,0.564740,0.204956
2021-10-24,12.249144,0.774791,0.563714,0.211077
2021-10-25,12.251882,0.785975,0.562686,0.223290
2021-10-26,12.254620,0.776839,0.561655,0.215184
2021-10-27,12.257358,0.756716,0.560622,0.196094
2021-10-28,12.260096,0.761486,0.559587,0.201899
2021-10-29,12.262834,0.752821,0.558550,0.194271
2021-10-30,12.265572,0.770074,0.557510,0.212563
2021-10-31,12.268309,0.765983,0.556469,0.209514
2021-11-01,12.271047,0.766565,0.555425,0.211140
2021-11-02,12.273785,0.775161,0.554379,0.220781
2021-11-03,12.276523,0.776447,0.553332,0.223116
2021-11-04,12.279261,0.769207,0.552282,0.216925
2021-11-05,12.281999,0.766869,0.551230,0.215639
2021-11-06,12.284736,0.762530,0.550176,0.212355
2021-11-07,12.287474,0.770034,0.549120,0.220915
2021-11-08,12.290212,0.793922,0.548062,0.245861
2021-11-09,12.292950,0.804635,0.547002,0.257634
2021-11-10,12.295688,0.799773,0.545940,0.253833
2021-11-11,12.298426,0.787217,0.544876,0.242341
2021-11-12,12.301164,0.781846,0.543810,0.238036
2021-11-13,12.303901,0.780537,0.542742,0.237795
2021-11-14,12.306639,0.783239,0.541672,0.241566
2021-11-15,12.309377,0.786554,0.540601,0.245953
2021-11-16,12.312115,0.773878,0.539527,0.234350
2021-11-17,12.314853,0.750703,0.538452,0.212251
2021-11-18,12.317591,0.743783,0.537375,0.206408
2021-11-19,12.320329,0.730189,0.536296,0.193893
2021-11-20,12.323066,0.740660,0.535216,0.205445
2021-11-21,12.325804,0.743441,0.534133,0.209307
2021-11-22,12.328542,0.729691,0.533049,0.196642
2021-11-23,12.331280,0.725796,0.531963,0.193832
2021-11-24,12.334018,0.723923,0.530876,0.193047
2021-11-25,12.336756,0.734646,0.529786,0.204860
2021-11-26,12.339493,0.714735,0.528695,0.186040
2021-11-27,12.342231,0.707125,0.527603,0.179523
2021-11-28,12.344969,0.706455,0.526508,0.179947
2021-11-29,12.347707,0.728193,0.525412,0.202781
2021-11-30,12.350445,0.725130,0.524315,0.200815
2021-12-01,12.353183,0.724628,0.523216,0.201412
2021-12-02,12.355921,0.719354,0.522115,0.197239
2021-12-03,12.358658,0.712691,0.521013,0.191678
2021-12-04,12.361396,0.662629,0.519909,0.142720
2021-12-05,12.364134,0.657678,0.518804,0.138874
2021-12-06,12.366872,0.660951,0.517697,0.143254
2021-12-07,12.369610,0.711428,0.516589,0.194840
2021-12-08,12.372348,0.665949,0.515479,0.150470
2021-12-09,12.375086,0.654409,0.514368,0.140041
2021-12-10,12.377823,0.647086,0.513255,0.133831
2021-12-11,12.380561,0.649026,0.512141,0.136885
2021-12-12,12.383299,0.658160,0.511026,0.147134
2021-12-13,12.386037,0.645371,0.509909,0.135462
2021-12-14,12.388775,0.635977,0.508791,0.127186
2021-12-15,12.391513,0.643920,0.507671,0.136248
2021-12-16,12.394251,0.644283,0.506551,0.137733
2021-12-17,12.396988,0.629669,0.505429,0.124241
2021-12-18,12.399726,0.624855,0.504305,0.120549
2021-12-19,12.402464,0.629715,0.503181,0.126535
2021-12-20,12.405202,0.622228,0.502055,0.120173
2021-12-21,12.407940,0.639937,0.500928,0.139010
2021-12-22,12.410678,0.644343,0.499799,0.144543
2021-12-23,12.413415,0.644831,0.498670,0.146161
2021-12-24,12.416153,0.661116,0.497539,0.163577
2021-12-25,12.418891,0.663412,0.496407,0.167004
2021-12-26,12.421629,0.652868,0.495274,0.157594
2021-12-27,12.424367,0.660289,0.494140,0.166149
2021-12-28,12.427105,0.640785,0.493005,0.147779
2021-12-29,12.429843,0.628717,0.491869,0.136848
2021-12-30,12.432580,0.623441,0.490732,0.132709
2021-12-31,12.435318,0.624729,0.489593,0.135136
2022-01-01,12.438056,0.622971,0.488454,0.134517
2022-01-02,12.440794,0.623484,0.487314,0.136170
2022-01-03,12.443532,0.619064,0.486172,0.132891
2022-01-04,12.446270,0.614897,0.485030,0.129867
2022-01-05,12.449008,0.609158,0.483887,0.125271
2022-01-06,12.451745,0.581701,0.482742,0.098959
2022-01-07,12.454483,0.569958,0.481597,0.088360
2022-01-08,12.457221,0.635448,0.480451,0.154997
2022-01-09,12.459959,0.568448,0.479304,0.089144
2022-01-10,12.462697,0.564792,0.478156,0.086636
2022-01-11,12.465435,0.587238,0.477008,0.110231
2022-01-12,12.468172,0.580234,0.475858,0.104376
2022-01-13,12.470910,0.581963,0.474708,0.107255
2022-01-14,12.473648,0.574727,0.473557,0.101170
2022-01-15,12.476386,0.578075,0.472405,0.105670
2022-01-16,12.479124,0.577144,0.471252,0.105892
2022-01-17,12.481862,0.636314,0.470099,0.166215
2022-01-18,12.484600,0.564360,0.468945,0.095415
2022-01-19,12.487337,0.563754,0.467790,0.095964
2022-01-20,12.490075,0.566348,0.466635,0.099713
2022-01-21,12.492813,0.527741,0.465479,0.062263
2022-01-22,12.495551,0.490993,0.464322,0.026671
2022-01-23,12.498289,0.489873,0.463165,0.026709
2022-01-24,12.501027,0.485404,0.462007,0.023397
2022-01-25,12.503765,0.501658,0.460848,0.040810
2022-01-26,12.506502,0.512928,0.459689,0.053239
2022-01-27,12.509240,0.498905,0.458529,0.040375
2022-01-28,12.511978,0.506744,0.457369,0.049375
2022-01-29,12.514716,0.515210,0.456208,0.059001
2022-01-30,12.517454,0.515832,0.455047,0.060785
2022-01-31,12.520192,0.510731,0.453885,0.056845
2022-02-01,12.522930,0.521619,0.452723,0.068897
2022-02-02,12.525667,0.515126,0.451560,0.063566
2022-02-03,12.528405,0.500574,0.450397,0.050177
2022-02-04,12.531143,0.521506,0.449234,0.072272
2022-02-05,12.533881,0.551432,0.448070,0.103362
2022-02-06,12.536619,0.551693,0.446906,0.104787
2022-02-07,12.539357,0.566631,0.445741,0.120890
2022-02-08,12.542094,0.573437,0.444576,0.128861
2022-02-09,12.544832,0.573650,0.443411,0.130239
2022-02-10,12.547570,0.576923,0.442245,0.134678
2022-02-11,12.550308,0.565111,0.441079,0.124032
2022-02-12,12.553046,0.556370,0.439913,0.116457
2022-02-13,12.555784,0.556157,0.438747,0.117410
2022-02-14,12.558522,0.554661,0.437580,0.117081
2022-02-15,12.561259,0.570826,0.436413,0.134413
2022-02-16,12.563997,0.571125,0.435246,0.135879
2022-02-17,12.566735,0.564876,0.434079,0.130797
2022-02-18,12.569473,0.533584,0.432912,0.100672
2022-02-19,12.572211,0.529727,0.431744,0.097983
2022-02-20,12.574949,0.514922,0.430576,0.084345
2022-02-21,12.577687,0.511478,0.429409,0.082069
2022-02-22,12.580424,0.499008,0.428241,0.070768
2022-02-23,12.583162,0.507523,0.427073,0.080450
2022-02-24,12.585900,0.482748,0.425905,0.056843
2022-02-25,12.588638,0.513636,0.424737,0.088899
2022-02-26,12.591376,0.517347,0.423569,0.093778
2022-02-27,12.594114,0.510989,0.422401,0.088588
2022-02-28,12.596851,0.518977,0.421233,0.097744
2022-03-01,12.599589,0.562522,0.420065,0.142457
2022-03-02,12.602327,0.566574,0.418897,0.147677
2022-03-03,12.605065,0.556816,0.417729,0.139087
2022-03-04,12.607803,0.535230,0.416561,0.118669
2022-03-05,12.610541,0.515239,0.415394,0.099845
2022-03-06,12.613279,0.513727,0.414226,0.099501
2022-03-07,12.616016,0.504553,0.413059,0.091495
2022-03-08,12.618754,0.513493,0.411891,0.101602
2022-03-09,12.621492,0.538364,0.410724,0.127640
2022-03-10,12.624230,0.589801,0.409557,0.180243
2022-03-11,12.626968,0.509999,0.408391,0.101608
2022-03-12,12.629706,0.510898,0.407224,0.103674
2022-03-13,12.632444,0.507916,0.406058,0.101858
2022-03-14,12.635181,0.505970,0.404892,0.101078
2022-03-15,12.637919,0.508570,0.403726,0.104843
2022-03-16,12.640657,0.521322,0.402561,0.118762
2022-03-17,12.643395,0.527677,0.401396,0.126281
2022-03-18,12.646133,0.527569,0.400231,0.127338
2022-03-19,12.648871,0.535985,0.399066,0.136918
2022-03-20,12.651608,0.532750,0.397902,0.134848
2022-03-21,12.654346,0.526877,0.396739,0.130138
2022-03-22,12.657084,0.540255,0.395575,0.144680
2022-03-23,12.659822,0.538173,0.394413,0.143761
2022-03-24,12.662560,0.548577,0.393250,0.155326
2022-03-25,12.665298,0.557359,0.392088,0.165271
2022-03-26,12.668036,0.557118,0.390927,0.166191
2022-03-27,12.670773,0.562998,0.389765,0.173233
2022-03-28,12.673511,0.584014,0.388605,0.195409
2022-03-29,12.676249,0.585161,0.387445,0.197716
2022-03-30,12.678987,0.581764,0.386285,0.195479
2022-03-31,12.681725,0.576193,0.385126,0.191067
2022-04-01,12.684463,0.565598,0.383968,0.181630
2022-04-02,12.687201,0.573974,0.382810,0.191164
2022-04-03,12.689938,0.572324,0.381653,0.190672
2022-04-04,12.692676,0.569171,0.380496,0.188675
2022-04-05,12.695414,0.571663,0.379340,0.192323
2022-04-06,12.698152,0.555324,0.378185,0.177139
2022-04-07,12.700890,0.544238,0.377030,0.167208
2022-04-08,12.703628,0.542487,0.375876,0.166611
2022-04-09,12.706366,0.533803,0.374723,0.159081
2022-04-10,12.709103,0.536395,0.373570,0.162825
2022-04-11,12.711841,0.519785,0.372418,0.147367
2022-04-12,12.714579,0.506493,0.371267,0.135226
2022-04-13,12.717317,0.511996,0.370117,0.141879
2022-04-14,12.720055,0.513577,0.368967,0.144610
2022-04-15,12.722793,0.508438,0.367819,0.140619
2022-04-16,12.725530,0.578932,0.366671,0.212262
2022-04-17,12.728268,0.508239,0.365523,0.142716
2022-04-18,12.731006,0.501332,0.364377,0.136955
2022-04-19,12.733744,0.515746,0.363232,0.152515
2022-04-20,12.736482,0.519423,0.362087,0.157336
2022-04-21,12.739220,0.521198,0.360943,0.160254
2022-04-22,12.741958,0.504382,0.359801,0.144581
2022-04-23,12.744695,0.499481,0.358659,0.140822
2022-04-24,12.747433,0.498784,0.357518,0.141267
2022-04-25,12.750171,0.494187,0.356378,0.137809
2022-04-26,12.752909,0.497850,0.355239,0.142611
2022-04-27,12.755647,0.488685,0.354101,0.134584
2022-04-28,12.758385,0.495891,0.352964,0.142927
2022-04-29,12.761123,0.488347,0.351828,0.136519
2022-04-30,12.763860,0.481623,0.350693,0.130930
2022-05-01,12.766598,0.475959,0.349559,0.126400
2022-05-02,12.769336,0.567310,0.348426,0.218884
2022-05-03,12.772074,0.563666,0.347295,0.216372
2022-05-04,12.774812,0.483252,0.346164,0.137088
2022-05-05,12.777550,0.477822,0.345034,0.132788
2022-05-06,12.780287,0.452170,0.343906,0.108265
2022-05-07,12.783025,0.450669,0.342779,0.107890
2022-05-08,12.785763,0.435094,0.341653,0.093441
2022-05-09,12.788501,0.410422,0.340528,0.069894
2022-05-10,12.791239,0.392487,0.339404,0.053083
2022-05-11,12.793977,0.381392,0.338281,0.043111
2022-05-12,12.796715,0.350692,0.337160,0.013532
2022-05-13,12.799452,0.373854,0.336040,0.037814
2022-05-14,12.802190,0.360455,0.334921,0.025533
2022-05-15,12.804928,0.371632,0.333804,0.037828
2022-05-16,12.807666,0.366846,0.332687,0.034159
2022-05-17,12.810404,0.370858,0.331572,0.039286
2022-05-18,12.813142,0.360563,0.330459,0.030105
2022-05-19,12.815880,0.359786,0.329346,0.030440
2022-05-20,12.818617,0.362407,0.328235,0.034171
2022-05-21,12.821355,0.355121,0.327125,0.027995
2022-05-22,12.824093,0.361284,0.326017,0.035266
2022-05-23,12.826831,0.364968,0.324910,0.040057
2022-05-24,12.829569,0.353197,0.323805,0.029392
2022-05-25,12.832307,0.358995,0.322701,0.036295
2022-05-26,12.835044,0.353736,0.321598,0.032138
2022-05-27,12.837782,0.344732,0.320497,0.024235
2022-05-28,12.840520,0.343351,0.319397,0.023954
2022-05-29,12.843258,0.346017,0.318299,0.027718
2022-05-30,12.845996,0.366497,0.317202,0.049295
2022-05-31,12.848734,0.380175,0.316107,0.064068
2022-06-01,12.851472,0.370558,0.315013,0.055545
2022-06-02,12.854209,0.356362,0.313921,0.042441
2022-06-03,12.856947,0.355360,0.312830,0.042530
2022-06-04,12.859685,0.351180,0.311741,0.039439
2022-06-05,12.862423,0.352543,0.310653,0.041890
2022-06-06,12.865161,0.371839,0.309567,0.062271
2022-06-07,12.867899,0.353853,0.308483,0.045371
2022-06-08,12.870637,0.359994,0.307400,0.052594
2022-06-09,12.873374,0.356672,0.306319,0.050353
2022-06-10,12.876112,0.347656,0.305239,0.042417
2022-06-11,12.878850,0.336258,0.304161,0.032097
2022-06-12,12.881588,0.317215,0.303085,0.014130
2022-06-13,12.884326,0.259954,0.302011,-0.042057
2022-06-14,12.887064,0.221437,0.300938,-0.079500
2022-06-15,12.889802,0.205103,0.299867,-0.094764
2022-06-16,12.892539,0.205832,0.298797,-0.092966
2022-06-17,12.895277,0.190547,0.297730,-0.107183
2022-06-18,12.898015,0.160207,0.296664,-0.136457
2022-06-19,12.900753,0.159678,0.295600,-0.135922
2022-06-20,12.903491,0.181313,0.294538,-0.113224
2022-06-21,12.906229,0.195708,0.293477,-0.097769
2022-06-22,12.908966,0.180267,0.292418,-0.112151
2022-06-23,12.911704,0.184909,0.291361,-0.106452
2022-06-24,12.914442,0.195899,0.290306,-0.094407
2022-06-25,12.917180,0.198780,0.289253,-0.090473
2022-06-26,12.919918,0.200417,0.288202,-0.087785
2022-06-27,12.922656,0.193220,0.287152,-0.093932
2022-06-28,12.925394,0.185644,0.286105,-0.100461
2022-06-29,12.928131,0.173275,0.285059,-0.111784
2022-06-30,12.930869,0.156331,0.284015,-0.127684
2022-07-01,12.933607,0.160377,0.282973,-0.122596
2022-07-02,12.936345,0.152409,0.281933,-0.129524
2022-07-03,12.939083,0.149883,0.280895,-0.131012
2022-07-04,12.941821,0.157595,0.279859,-0.122264
2022-07-05,12.944559,0.167546,0.278825,-0.111279
2022-07-06,12.947296,0.171171,0.277793,-0.106622
2022-07-07,12.950034,0.183549,0.276763,-0.093214
2022-07-08,12.952772,0.202829,0.275735,-0.072906
2022-07-09,12.955510,0.199405,0.274709,-0.075304
2022-07-10,12.958248,0.189325,0.273685,-0.084360
2022-07-11,12.960986,0.175201,0.272663,-0.097462
2022-07-12,12.963723,0.159308,0.271643,-0.112335
2022-07-13,12.966461,0.155354,0.270626,-0.115272
2022-07-14,12.969199,0.167258,0.269610,-0.102352
2022-07-15,12.971937,0.179589,0.268596,-0.089008
2022-07-16,12.974675,0.180523,0.267585,-0.087062
2022-07-17,12.977413,0.186657,0.266575,-0.079918
2022-07-18,12.980151,0.198332,0.265568,-0.067236
2022-07-19,12.982888,0.211077,0.264563,-0.053487
2022-07-20,12.985626,0.230166,0.263560,-0.033394
2022-07-21,12.988364,0.218012,0.262560,-0.044548
2022-07-22,12.991102,0.221489,0.261561,-0.040072
2022-07-23,12.993840,0.209279,0.260565,-0.051286
2022-07-24,12.996578,0.212036,0.259571,-0.047535
2022-07-25,12.999316,0.198314,0.258579,-0.060265
2022-07-26,13.002053,0.179702,0.257589,-0.077887
2022-07-27,13.004791,0.191931,0.256601,-0.064671
2022-07-28,13.007529,0.222442,0.255616,-0.033175
2022-07-29,13.010267,0.231246,0.254633,-0.023387
2022-07-30,13.013005,0.233216,0.253653,-0.020437
2022-07-31,13.015743,0.227487,0.252674,-0.025187
2022-08-01,13.018480,0.217686,0.251698,-0.034012
2022-08-02,13.021218,0.212077,0.250724,-0.038647
2022-08-03,13.023956,0.215785,0.249753,-0.033968
2022-08-04,13.026694,0.209404,0.248784,-0.039380
2022-08-05,13.029432,0.213403,0.247817,-0.034414
2022-08-06,13.032170,0.214767,0.246853,-0.032086
2022-08-07,13.034908,0.211983,0.245891,-0.033908
2022-08-08,13.037645,0.224640,0.244931,-0.020291
2022-08-09,13.040383,0.217762,0.243974,-0.026212
2022-08-10,13.043121,0.217639,0.243019,-0.025380
2022-08-11,13.045859,0.233817,0.242066,-0.008250
2022-08-12,13.048597,0.226250,0.241116,-0.014866
2022-08-13,13.051335,0.235439,0.240169,-0.004730
2022-08-14,13.054073,0.234548,0.239224,-0.004676
2022-08-15,13.056810,0.229974,0.238281,-0.008306
2022-08-16,13.059548,0.224649,0.237341,-0.012692
2022-08-17,13.062286,0.219656,0.236403,-0.016747
2022-08-18,13.065024,0.214342,0.235467,-0.021125
2022-08-19,13.067762,0.183705,0.234535,-0.050830
2022-08-20,13.070500,0.170744,0.233604,-0.062860
2022-08-21,13.073238,0.174345,0.232676,-0.058331
2022-08-22,13.075975,0.171708,0.231751,-0.060044
2022-08-23,13.078713,0.173862,0.230828,-0.056966
2022-08-24,13.081451,0.174961,0.229908,-0.054947
2022-08-25,13.084189,0.177105,0.228991,-0.051885
2022-08-26,13.086927,0.167848,0.228075,-0.060228
2022-08-27,13.089665,0.145570,0.227163,-0.081593
2022-08-28,13.092402,0.142334,0.226253,-0.083919
2022-08-29,13.095140,0.141730,0.225346,-0.083615
2022-08-30,13.097878,0.144708,0.224441,-0.079733
2022-08-31,13.100616,0.145584,0.223539,-0.077955
2022-09-01,13.103354,0.139963,0.222639,-0.082676
2022-09-02,13.106092,0.142035,0.221742,-0.079708
2022-09-03,13.108830,0.136163,0.220848,-0.084685
2022-09-04,13.111567,0.134873,0.219957,-0.085084
2022-09-05,13.114305,0.134201,0.219068,-0.084867
2022-09-06,13.117043,0.129375,0.218181,-0.088806
2022-09-07,13.119781,0.113566,0.217298,-0.103732
2022-09-08,13.122519,0.120976,0.216417,-0.095441
2022-09-09,13.125257,0.152484,0.215539,-0.063054
2022-09-10,13.127995,0.164913,0.214663,-0.049750
2022-09-11,13.130732,0.168392,0.213790,-0.045398
2022-09-12,13.133470,0.178238,0.212920,-0.034683
2022-09-13,13.136208,0.165565,0.212053,-0.046488
2022-09-14,13.138946,0.138933,0.211188,-0.072255
2022-09-15,13.141684,0.133565,0.210326,-0.076762
2022-09-16,13.144422,0.127192,0.209467,-0.082275
2022-09-17,13.147159,0.132061,0.208611,-0.076550
2022-09-18,13.149897,0.129456,0.207757,-0.078301
2022-09-19,13.152635,0.110379,0.206907,-0.096528
2022-09-20,13.155373,0.113483,0.206059,-0.092576
2022-09-21,13.158111,0.109372,0.205213,-0.095842
2022-09-22,13.160849,0.108707,0.204371,-0.095664
2022-09-23,13.163587,0.109424,0.203531,-0.094107
2022-09-24,13.166324,0.109338,0.202695,-0.093357
2022-09-25,13.169062,0.106726,0.201861,-0.095135
2022-09-26,13.171800,0.107730,0.201030,-0.093299
2022-09-27,13.174538,0.123300,0.200201,-0.076901
2022-09-28,13.177276,0.109337,0.199376,-0.090039
2022-09-29,13.180014,0.114798,0.198553,-0.083755
2022-09-30,13.182752,0.117248,0.197734,-0.080486
2022-10-01,13.185489,0.112617,0.196917,-0.084300
2022-10-02,13.188227,0.110102,0.196103,-0.086001
2022-10-03,13.190965,0.111724,0.195292,-0.083568
2022-10-04,13.193703,0.125193,0.194484,-0.069291
2022-10-05,13.196441,0.128631,0.193679,-0.065048
2022-10-06,13.199179,0.128939,0.192876,-0.063937
2022-10-07,13.201916,0.120852,0.192077,-0.071225
2022-10-08,13.204654,0.115298,0.191281,-0.075983
2022-10-09,13.207392,0.114452,0.190487,-0.076035
2022-10-10,13.210130,0.111963,0.189697,-0.077733
2022-10-11,13.212868,0.106698,0.188909,-0.082211
2022-10-12,13.215606,0.107382,0.188124,-0.080743
2022-10-13,13.218344,0.104243,0.187343,-0.083100
2022-10-14,13.221081,0.109885,0.186564,-0.076679
2022-10-15,13.223819,0.101009,0.185788,-0.084779
2022-10-16,13.226557,0.101113,0.185015,-0.083903
2022-10-17,13.229295,0.105862,0.184246,-0.078384
2022-10-18,13.232033,0.107073,0.183479,-0.076406
2022-10-19,13.234771,0.100515,0.182715,-0.082201
2022-10-20,13.237509,0.096444,0.181954,-0.085511
2022-10-21,13.240246,0.092456,0.181197,-0.088741
2022-10-22,13.242984,0.094111,0.180442,-0.086331
2022-10-23,13.245722,0.095798,0.179690,-0.083892
2022-10-24,13.248460,0.097692,0.178942,-0.081250
2022-10-25,13.251198,0.101801,0.178196,-0.076395
2022-10-26,13.253936,0.121553,0.177454,-0.055901
2022-10-27,13.256674,0.122475,0.176714,-0.054239
2022-10-28,13.259411,0.116993,0.175978,-0.058985
2022-10-29,13.262149,0.124706,0.175244,-0.050538
2022-10-30,13.264887,0.122903,0.174514,-0.051611
2022-10-31,13.267625,0.117990,0.173787,-0.055797
2022-11-01,13.270363,0.117019,0.173063,-0.056043
2022-11-02,13.273101,0.114439,0.172342,-0.057903
2022-11-03,13.275838,0.111040,0.171624,-0.060584
2022-11-04,13.278576,0.120207,0.170909,-0.050702
2022-11-05,13.281314,0.132601,0.170197,-0.037596
2022-11-06,13.284052,0.129471,0.169489,-0.040017
2022-11-07,13.286790,0.119805,0.168783,-0.048978
2022-11-08,13.289528,0.093281,0.168081,-0.074800
2022-11-09,13.292266,0.046161,0.167381,-0.121220
2022-11-10,13.295003,0.033322,0.166685,-0.133364
2022-11-11,13.297741,0.036335,0.165992,-0.129657
2022-11-12,13.300479,0.030030,0.165303,-0.135272
2022-11-13,13.303217,0.025094,0.164616,-0.139522
2022-11-14,13.305955,0.020308,0.163932,-0.143625
2022-11-15,13.308693,0.030003,0.163252,-0.133249
2022-11-16,13.311431,0.026080,0.162575,-0.136495
2022-11-17,13.314168,0.023382,0.161901,-0.138519
2022-11-18,13.316906,0.026231,0.161230,-0.134999
2022-11-19,13.319644,0.023334,0.160562,-0.137229
2022-11-20,13.322382,0.021227,0.159898,-0.138671
2022-11-21,13.325120,0.006274,0.159236,-0.152962
2022-11-22,13.327858,0.003962,0.158578,-0.154616
2022-11-23,13.330595,0.017763,0.157923,-0.140160
2022-11-24,13.333333,0.020587,0.157272,-0.136685
2022-11-25,13.336071,0.017285,0.156623,-0.139338
2022-11-26,13.338809,0.018430,0.155978,-0.137548
2022-11-27,13.341547,0.017572,0.155336,-0.137764
2022-11-28,13.344285,0.008579,0.154697,-0.146118
2022-11-29,13.347023,0.013554,0.154061,-0.140507
2022-11-30,13.349760,0.026090,0.153429,-0.127339
2022-12-01,13.352498,0.029351,0.152800,-0.123449
2022-12-02,13.355236,0.026565,0.152174,-0.125608
2022-12-03,13.357974,0.026463,0.151551,-0.125088
2022-12-04,13.360712,0.027155,0.150931,-0.123776
2022-12-05,13.363450,0.030726,0.150315,-0.119589
2022-12-06,13.366188,0.025938,0.149702,-0.123764
2022-12-07,13.368925,0.023554,0.149092,-0.125538
2022-12-08,13.371663,0.024470,0.148486,-0.124016
2022-12-09,13.374401,0.029456,0.147883,-0.118427
2022-12-10,13.377139,0.028415,0.147283,-0.118868
2022-12-11,13.379877,0.027867,0.146686,-0.118819
2022-12-12,13.382615,0.024157,0.146093,-0.121936
2022-12-13,13.385352,0.034748,0.145502,-0.110754
2022-12-14,13.388090,0.043643,0.144916,-0.101273
2022-12-15,13.390828,0.036359,0.144332,-0.107973
2022-12-16,13.393566,0.024741,0.143752,-0.119011
2022-12-17,13.396304,0.015402,0.143175,-0.127773
2022-12-18,13.399042,0.015756,0.142601,-0.126844
2022-12-19,13.401780,0.014067,0.142030,-0.127963
2022-12-20,13.404517,0.016224,0.141463,-0.125239
2022-12-21,13.407255,0.016733,0.140899,-0.124166
2022-12-22,13.409993,0.014347,0.140339,-0.125992
2022-12-23,13.412731,0.013946,0.139781,-0.125836
2022-12-24,13.415469,0.013533,0.139227,-0.125694
2022-12-25,13.418207,0.012755,0.138677,-0.125922
2022-12-26,13.420945,0.013479,0.138129,-0.124650
2022-12-27,13.423682,0.012643,0.137585,-0.124943
2022-12-28,13.426420,0.008428,0.137045,-0.128617
2022-12-29,13.429158,0.007030,0.136507,-0.129477
2022-12-30,13.431896,0.005926,0.135973,-0.130047
2022-12-31,13.434634,0.005702,0.135442,-0.129740
2023-01-01,13.437372,0.005085,0.134915,-0.129829
2023-01-02,13.440110,0.007128,0.134391,-0.127262
2023-01-03,13.442847,0.006651,0.133870,-0.127219
2023-01-04,13.445585,0.009174,0.133352,-0.124179
2023-01-05,13.448323,0.008728,0.132838,-0.124110
2023-01-06,13.451061,0.008447,0.132327,-0.123880
2023-01-07,13.453799,0.010430,0.131820,-0.121390
2023-01-08,13.456537,0.010376,0.131316,-0.120940
2023-01-09,13.459274,0.017006,0.130815,-0.113809
2023-01-10,13.462012,0.020923,0.130317,-0.109395
2023-01-11,13.464750,0.024366,0.129823,-0.105457
2023-01-12,13.467488,0.045019,0.129332,-0.084313
2023-01-13,13.470226,0.057409,0.128845,-0.071436
2023-01-14,13.472964,0.092389,0.128361,-0.035971
2023-01-15,13.475702,0.091331,0.127880,-0.036549
2023-01-16,13.478439,0.097926,0.127402,-0.029477
2023-01-17,13.481177,0.104939,0.126928,-0.021990
2023-01-18,13.483915,0.098856,0.126458,-0.027601
2023-01-19,13.486653,0.094437,0.125990,-0.031553
2023-01-20,13.489391,0.105302,0.125526,-0.020225
2023-01-21,13.492129,0.132266,0.125065,0.007200
2023-01-22,13.494867,0.129726,0.124608,0.005118
2023-01-23,13.497604,0.129788,0.124154,0.005634
2023-01-24,13.500342,0.131811,0.123703,0.008108
2023-01-25,13.503080,0.127930,0.123256,0.004674
2023-01-26,13.505818,0.133606,0.122812,0.010794
2023-01-27,13.508556,0.132448,0.122371,0.010077
2023-01-28,13.511294,0.132437,0.121934,0.010503
2023-01-29,13.514031,0.139469,0.121500,0.017968
2023-01-30,13.516769,0.137502,0.121070,0.016432
2023-01-31,13.519507,0.131731,0.120643,0.011089
2023-02-01,13.522245,0.134869,0.120219,0.014650
2023-02-02,13.524983,0.144742,0.119798,0.024944
2023-02-03,13.527721,0.138819,0.119381,0.019438
2023-02-04,13.530459,0.136174,0.118967,0.017206
2023-02-05,13.533196,0.132728,0.118557,0.014171
2023-02-06,13.535934,0.127501,0.118150,0.009351
2023-02-07,13.538672,0.128535,0.117746,0.010789
2023-02-08,13.541410,0.130234,0.117346,0.012888
2023-02-09,13.544148,0.120793,0.116949,0.003845
2023-02-10,13.546886,0.105018,0.116555,-0.011537
2023-02-11,13.549624,0.103295,0.116165,-0.012870
2023-02-12,13.552361,0.106927,0.115778,-0.008850
2023-02-13,13.555099,0.103212,0.115394,-0.012182
2023-02-14,13.557837,0.106499,0.115014,-0.008515
2023-02-15,13.560575,0.120580,0.114637,0.005942
2023-02-16,13.563313,0.155021,0.114264,0.040757
2023-02-17,13.566051,0.145657,0.113893,0.031764
2023-02-18,13.568789,0.154872,0.113527,0.041345
2023-02-19,13.571526,0.154754,0.113163,0.041591
2023-02-20,13.574264,0.154525,0.112803,0.041722
2023-02-21,13.577002,0.154694,0.112446,0.042248
2023-02-22,13.579740,0.143723,0.112093,0.031630
2023-02-23,13.582478,0.145138,0.111743,0.033396
2023-02-24,13.585216,0.136619,0.111396,0.025223
2023-02-25,13.587953,0.126081,0.111052,0.015028
2023-02-26,13.590691,0.129157,0.110712,0.018445
2023-02-27,13.593429,0.131633,0.110376,0.021257
2023-02-28,13.596167,0.130144,0.110042,0.020102
2023-03-01,13.598905,0.133306,0.109712,0.023594
2023-03-02,13.601643,0.130312,0.109385,0.020926
2023-03-03,13.604381,0.112057,0.109062,0.002995
2023-03-04,13.607118,0.109932,0.108742,0.001190
2023-03-05,13.609856,0.111594,0.108425,0.003169
2023-03-06,13.612594,0.111117,0.108112,0.003005
2023-03-07,13.615332,0.108719,0.107802,0.000918
2023-03-08,13.618070,0.102754,0.107495,-0.004741
2023-03-09,13.620808,0.090339,0.107192,-0.016852
2023-03-10,13.623546,0.061185,0.106891,-0.045707
2023-03-11,13.626283,0.069951,0.106595,-0.036643
2023-03-12,13.629021,0.078535,0.106301,-0.027766
2023-03-13,13.631759,0.119173,0.106011,0.013162
2023-03-14,13.634497,0.149159,0.105724,0.043435
2023-03-15,13.637235,0.147215,0.105441,0.041775
2023-03-16,13.639973,0.147583,0.105161,0.042422
2023-03-17,13.642710,0.171168,0.104884,0.066284
2023-03-18,13.645448,0.187572,0.104610,0.082962
2023-03-19,13.648186,0.189469,0.104340,0.085130
2023-03-20,13.650924,0.195512,0.104073,0.091439
2023-03-21,13.653662,0.196118,0.103809,0.092309
2023-03-22,13.656400,0.196772,0.103549,0.093223
2023-03-23,13.659138,0.192235,0.103292,0.088943
2023-03-24,13.661875,0.194814,0.103038,0.091776
2023-03-25,13.664613,0.187812,0.102787,0.085024
2023-03-26,13.667351,0.190615,0.102540,0.088075
2023-03-27,13.670089,0.187483,0.102296,0.085187
2023-03-28,13.672827,0.179906,0.102055,0.077851
2023-03-29,13.675565,0.194872,0.101818,0.093054
2023-03-30,13.678303,0.198408,0.101584,0.096824
2023-03-31,13.681040,0.195962,0.101353,0.094609
2023-04-01,13.683778,0.198782,0.101125,0.097656
2023-04-02,13.686516,0.195845,0.100901,0.094944
2023-04-03,13.689254,0.191094,0.100680,0.090414
2023-04-04,13.691992,0.191424,0.100462,0.090962
2023-04-05,13.694730,0.194878,0.100248,0.094630
2023-04-06,13.697467,0.190185,0.100036,0.090148
2023-04-07,13.700205,0.189167,0.099828,0.089339
2023-04-08,13.702943,0.189440,0.099624,0.089816
2023-04-09,13.705681,0.189670,0.099422,0.090248
2023-04-10,13.708419,0.196892,0.099224,0.097668
2023-04-11,13.711157,0.218060,0.099029,0.119032
2023-04-12,13.713895,0.216465,0.098837,0.117628
2023-04-13,13.716632,0.218541,0.098648,0.119893
2023-04-14,13.719370,0.224438,0.098463,0.125976
2023-04-15,13.722108,0.222472,0.098280,0.124191
2023-04-16,13.724846,0.220923,0.098102,0.122822
2023-04-17,13.727584,0.208722,0.097926,0.110796
2023-04-18,13.730322,0.208533,0.097753,0.110780
2023-04-19,13.733060,0.201256,0.097584,0.103672
2023-04-20,13.735797,0.186531,0.097418,0.089113
2023-04-21,13.738535,0.175012,0.097255,0.077758
2023-04-22,13.741273,0.166510,0.097095,0.069415
2023-04-23,13.744011,0.169149,0.096938,0.072211
2023-04-24,13.746749,0.166649,0.096785,0.069864
2023-04-25,13.749487,0.166137,0.096635,0.069502
2023-04-26,13.752225,0.185943,0.096488,0.089456
2023-04-27,13.754962,0.190666,0.096344,0.094322
2023-04-28,13.757700,0.192717,0.096203,0.096514
2023-04-29,13.760438,0.192052,0.096066,0.095986
2023-04-30,13.763176,0.192065,0.095931,0.096134
2023-05-01,13.765914,0.178257,0.095800,0.082457
2023-05-02,13.768652,0.175973,0.095672,0.080301
2023-05-03,13.771389,0.179998,0.095547,0.084451
2023-05-04,13.774127,0.185308,0.095425,0.089883
2023-05-05,13.776865,0.189204,0.095307,0.093897
2023-05-06,13.779603,0.186887,0.095191,0.091696
2023-05-07,13.782341,0.183548,0.095079,0.088469
2023-05-08,13.785079,0.168199,0.094970,0.073230
2023-05-09,13.787817,0.161532,0.094864,0.066669
2023-05-10,13.790554,0.162869,0.094761,0.068108
2023-05-11,13.793292,0.155610,0.094661,0.060949
2023-05-12,13.796030,0.142699,0.094564,0.048135
2023-05-13,13.798768,0.147323,0.094470,0.052853
2023-05-14,13.801506,0.147494,0.094379,0.053114
2023-05-15,13.804244,0.154904,0.094292,0.060612
2023-05-16,13.806982,0.150594,0.094207,0.056386
2023-05-17,13.809719,0.148762,0.094126,0.054636
2023-05-18,13.812457,0.150755,0.094048,0.056707
2023-05-19,13.815195,0.146286,0.093972,0.052313
2023-05-20,13.817933,0.146873,0.093900,0.052973
2023-05-21,13.820671,0.147212,0.093831,0.053381
2023-05-22,13.823409,0.144619,0.093765,0.050854
2023-05-23,13.826146,0.150314,0.093702,0.056612
2023-05-24,13.828884,0.140325,0.093642,0.046683
2023-05-25,13.831622,0.135099,0.093585,0.041514
2023-05-26,13.834360,0.139124,0.093531,0.045593
2023-05-27,13.837098,0.141211,0.093480,0.047731
2023-05-28,13.839836,0.149947,0.093432,0.056515
2023-05-29,13.842574,0.157658,0.093387,0.064271
2023-05-30,13.845311,0.155895,0.093345,0.062550
2023-05-31,13.848049,0.146583,0.093306,0.053277
2023-06-01,13.850787,0.141253,0.093270,0.047982
2023-06-02,13.853525,0.142971,0.093238,0.049733
2023-06-03,13.856263,0.144010,0.093208,0.050803
2023-06-04,13.859001,0.143994,0.093181,0.050813
2023-06-05,13.861739,0.132639,0.093157,0.039482
2023-06-06,13.864476,0.126795,0.093136,0.033659
2023-06-07,13.867214,0.135773,0.093117,0.042655
2023-06-08,13.869952,0.132282,0.093102,0.039179
2023-06-09,13.872690,0.132508,0.093090,0.039418
2023-06-10,13.875428,0.121702,0.093081,0.028621
2023-06-11,13.878166,0.121668,0.093075,0.028593
2023-06-12,13.880903,0.121668,0.093071,0.028597
2023-06-13,13.883641,0.122656,0.093071,0.029586
2023-06-14,13.886379,0.119620,0.093073,0.026547
2023-06-15,13.889117,0.107445,0.093078,0.014366
2023-06-16,13.891855,0.117502,0.093087,0.024416
2023-06-17,13.894593,0.128898,0.093098,0.035800
2023-06-18,13.897331,0.130560,0.093112,0.037448
2023-06-19,13.900068,0.129387,0.093129,0.036258
2023-06-20,13.902806,0.139244,0.093148,0.046095
2023-06-21,13.905544,0.170211,0.093171,0.077040
2023-06-22,13.908282,0.180878,0.093197,0.087681
2023-06-23,13.911020,0.183978,0.093225,0.090753
2023-06-24,13.913758,0.187254,0.093256,0.093998
2023-06-25,13.916496,0.186452,0.093290,0.093161
2023-06-26,13.919233,0.181782,0.093327,0.088455
2023-06-27,13.921971,0.184892,0.093367,0.091526
2023-06-28,13.924709,0.181928,0.093409,0.088519
2023-06-29,13.927447,0.182552,0.093455,0.089098
2023-06-30,13.930185,0.183842,0.093503,0.090339
2023-07-01,13.932923,0.182250,0.093554,0.088697
2023-07-02,13.935661,0.182222,0.093607,0.088615
2023-07-03,13.938398,0.185403,0.093664,0.091739
2023-07-04,13.941136,0.187224,0.093723,0.093501
2023-07-05,13.943874,0.181716,0.093785,0.087931
2023-07-06,13.946612,0.180314,0.093850,0.086464
2023-07-07,13.949350,0.175561,0.093917,0.081644
2023-07-08,13.952088,0.175408,0.093988,0.081420
2023-07-09,13.954825,0.175686,0.094061,0.081625
2023-07-10,13.957563,0.175006,0.094136,0.080869
2023-07-11,13.960301,0.177790,0.094215,0.083575
2023-07-12,13.963039,0.178397,0.094296,0.084101
2023-07-13,13.965777,0.179680,0.094380,0.085300
2023-07-14,13.968515,0.182527,0.094467,0.088060
2023-07-15,13.971253,0.173248,0.094556,0.078692
2023-07-16,13.973990,0.172602,0.094648,0.077954
2023-07-17,13.976728,0.170758,0.094743,0.076015
2023-07-18,13.979466,0.167113,0.094840,0.072273
2023-07-19,13.982204,0.167150,0.094940,0.072210
2023-07-20,13.984942,0.166776,0.095043,0.071733
2023-07-21,13.987680,0.164675,0.095148,0.069527
2023-07-22,13.990418,0.164950,0.095256,0.069694
2023-07-23,13.993155,0.165415,0.095367,0.070048
2023-07-24,13.995893,0.157666,0.095480,0.062186
2023-07-25,13.998631,0.154090,0.095596,0.058494
2023-07-26,14.001369,0.154795,0.095714,0.059081
2023-07-27,14.004107,0.155232,0.095835,0.059397
2023-07-28,14.006845,0.153350,0.095959,0.057391
2023-07-29,14.009582,0.153783,0.096085,0.057698
2023-07-30,14.012320,0.152878,0.096214,0.056664
2023-07-31,14.015058,0.153114,0.096345,0.056769
2023-08-01,14.017796,0.148737,0.096479,0.052258
2023-08-02,14.020534,0.153966,0.096616,0.057350
2023-08-03,14.023272,0.150407,0.096755,0.053652
2023-08-04,14.026010,0.149876,0.096896,0.052980
2023-08-05,14.028747,0.147959,0.097040,0.050919
2023-08-06,14.031485,0.147565,0.097187,0.050378
2023-08-07,14.034223,0.147394,0.097336,0.050058
2023-08-08,14.036961,0.152410,0.097488,0.054923
2023-08-09,14.039699,0.155255,0.097642,0.057613
2023-08-10,14.042437,0.152078,0.097799,0.054279
2023-08-11,14.045175,0.150326,0.097958,0.052369
2023-08-12,14.047912,0.150003,0.098119,0.051884
2023-08-13,14.050650,0.149457,0.098283,0.051173
2023-08-14,14.053388,0.149018,0.098450,0.050568
2023-08-15,14.056126,0.148275,0.098619,0.049656
2023-08-16,14.058864,0.145009,0.098790,0.046219
2023-08-17,14.061602,0.131149,0.098964,0.032186
2023-08-18,14.064339,0.102593,0.099140,0.003453
2023-08-19,14.067077,0.097501,0.099319,-0.001817
2023-08-20,14.069815,0.098345,0.099500,-0.001154
2023-08-21,14.072553,0.096869,0.099683,-0.002814
2023-08-22,14.075291,0.094901,0.099869,-0.004968
2023-08-23,14.078029,0.097945,0.100057,-0.002112
2023-08-24,14.080767,0.098718,0.100248,-0.001530
2023-08-25,14.083504,0.094500,0.100441,-0.005940
2023-08-26,14.086242,0.093890,0.100636,-0.006746
2023-08-27,14.088980,0.093893,0.100833,-0.006940
2023-08-28,14.091718,0.092993,0.101033,-0.008040
2023-08-29,14.094456,0.103075,0.101236,0.001840
2023-08-30,14.097194,0.112176,0.101440,0.010736
2023-08-31,14.099932,0.104513,0.101647,0.002866
2023-09-01,14.102669,0.089641,0.101856,-0.012215
2023-09-02,14.105407,0.087727,0.102068,-0.014341
2023-09-03,14.108145,0.088379,0.102281,-0.013903
2023-09-04,14.110883,0.087651,0.102497,-0.014847
2023-09-05,14.113621,0.084705,0.102716,-0.018011
2023-09-06,14.116359,0.083834,0.102936,-0.019102
2023-09-07,14.119097,0.084896,0.103159,-0.018263
2023-09-08,14.121834,0.087396,0.103384,-0.015988
2023-09-09,14.124572,0.084429,0.103611,-0.019182
2023-09-10,14.127310,0.083515,0.103840,-0.020325
2023-09-11,14.130048,0.078163,0.104072,-0.025909
2023-09-12,14.132786,0.083810,0.104306,-0.020496
2023-09-13,14.135524,0.086689,0.104542,-0.017852
2023-09-14,14.138261,0.091431,0.104780,-0.013349
2023-09-15,14.140999,0.091986,0.105020,-0.013035
2023-09-16,14.143737,0.092591,0.105263,-0.012672
2023-09-17,14.146475,0.091606,0.105508,-0.013902
2023-09-18,14.149213,0.096322,0.105754,-0.009432
2023-09-19,14.151951,0.098927,0.106003,-0.007076
2023-09-20,14.154689,0.099623,0.106254,-0.006631
2023-09-21,14.157426,0.093896,0.106507,-0.012611
2023-09-22,14.160164,0.090829,0.106763,-0.015934
2023-09-23,14.162902,0.089814,0.107020,-0.017206
2023-09-24,14.165640,0.089162,0.107279,-0.018118
2023-09-25,14.168378,0.082771,0.107541,-0.024770
2023-09-26,14.171116,0.082825,0.107805,-0.024979
2023-09-27,14.173854,0.083546,0.108070,-0.024524
2023-09-28,14.176591,0.089129,0.108338,-0.019208
2023-09-29,14.179329,0.092772,0.108607,-0.015836
2023-09-30,14.182067,0.092267,0.108879,-0.016612
2023-10-01,14.184805,0.094715,0.109153,-0.014438
2023-10-02,14.187543,0.107248,0.109429,-0.002181
2023-10-03,14.190281,0.099083,0.109706,-0.010624
2023-10-04,14.193018,0.099046,0.109986,-0.010940
2023-10-05,14.195756,0.100522,0.110268,-0.009746
2023-10-06,14.198494,0.101291,0.110552,-0.009261
2023-10-07,14.201232,0.104346,0.110837,-0.006492
2023-10-08,14.203970,0.103999,0.111125,-0.007126
2023-10-09,14.206708,0.099767,0.111414,-0.011647
2023-10-10,14.209446,0.097116,0.111706,-0.014589
2023-10-11,14.212183,0.088665,0.111999,-0.023334
2023-10-12,14.214921,0.084852,0.112294,-0.027442
2023-10-13,14.217659,0.085353,0.112592,-0.027239
2023-10-14,14.220397,0.085533,0.112891,-0.027358
2023-10-15,14.223135,0.086089,0.113192,-0.027102
2023-10-16,14.225873,0.101008,0.113494,-0.012486
2023-10-17,14.228611,0.107404,0.113799,-0.006395
2023-10-18,14.231348,0.107421,0.114106,-0.006684
2023-10-19,14.234086,0.108312,0.114414,-0.006102
2023-10-20,14.236824,0.121126,0.114724,0.006402
2023-10-21,14.239562,0.125626,0.115036,0.010590
2023-10-22,14.242300,0.127148,0.115350,0.011798
2023-10-23,14.245038,0.140515,0.115666,0.024850
2023-10-24,14.247775,0.181501,0.115983,0.065518
2023-10-25,14.250513,0.184475,0.116302,0.068173
2023-10-26,14.253251,0.184069,0.116623,0.067446
2023-10-27,14.255989,0.179256,0.116946,0.062310
2023-10-28,14.258727,0.180387,0.117270,0.063117
2023-10-29,14.261465,0.182308,0.117596,0.064711
2023-10-30,14.264203,0.183227,0.117924,0.065302
2023-10-31,14.266940,0.182311,0.118254,0.064057
2023-11-01,14.269678,0.184715,0.118585,0.066130
2023-11-02,14.272416,0.190804,0.118918,0.071886
2023-11-03,14.275154,0.183447,0.119253,0.064194
2023-11-04,14.277892,0.185474,0.119590,0.065885
2023-11-05,14.280630,0.187583,0.119928,0.067655
2023-11-06,14.283368,0.186382,0.120267,0.066115
2023-11-07,14.286105,0.185766,0.120609,0.065157
2023-11-08,14.288843,0.190559,0.120952,0.069607
2023-11-09,14.291581,0.204207,0.121296,0.082911
2023-11-10,14.294319,0.208260,0.121643,0.086617
2023-11-11,14.297057,0.210085,0.121991,0.088095
2023-11-12,14.299795,0.209534,0.122340,0.087194
2023-11-13,14.302533,0.206973,0.122691,0.084282
2023-11-14,14.305270,0.199109,0.123044,0.076066
2023-11-15,14.308008,0.199030,0.123398,0.075632
2023-11-16,14.310746,0.205832,0.123754,0.082078
2023-11-17,14.313484,0.199962,0.124111,0.075851
2023-11-18,14.316222,0.201338,0.124470,0.076868
2023-11-19,14.318960,0.202255,0.124830,0.077424
2023-11-20,14.321697,0.209112,0.125192,0.083920
2023-11-21,14.324435,0.206822,0.125555,0.081267
2023-11-22,14.327173,0.202140,0.125920,0.076220
2023-11-23,14.329911,0.208334,0.126287,0.082048
2023-11-24,14.332649,0.212064,0.126654,0.085409
2023-11-25,14.335387,0.212589,0.127024,0.085565
2023-11-26,14.338125,0.210225,0.127394,0.082831
2023-11-27,14.340862,0.205206,0.127767,0.077440
2023-11-28,14.343600,0.208334,0.128140,0.080194
2023-11-29,14.346338,0.212837,0.128515,0.084322
2023-11-30,14.349076,0.211239,0.128892,0.082347
2023-12-01,14.351814,0.217842,0.129269,0.088572
2023-12-02,14.354552,0.222500,0.129649,0.092852
2023-12-03,14.357290,0.228297,0.130029,0.098268
2023-12-04,14.360027,0.247965,0.130411,0.117554
2023-12-05,14.362765,0.258332,0.130794,0.127538
2023-12-06,14.365503,0.274392,0.131179,0.143213
2023-12-07,14.368241,0.269919,0.131565,0.138354
2023-12-08,14.370979,0.270660,0.131952,0.138708
2023-12-09,14.373717,0.273176,0.132341,0.140835
2023-12-10,14.376454,0.271232,0.132731,0.138501
2023-12-11,14.379192,0.252010,0.133122,0.118888
2023-12-12,14.381930,0.248058,0.133515,0.114543
2023-12-13,14.384668,0.248919,0.133908,0.115011
2023-12-14,14.387406,0.260467,0.134304,0.126163
2023-12-15,14.390144,0.256192,0.134700,0.121492
2023-12-16,14.392882,0.253583,0.135097,0.118485
2023-12-17,14.395619,0.249527,0.135496,0.114031
2023-12-18,14.398357,0.244274,0.135896,0.108378
2023-12-19,14.401095,0.256622,0.136297,0.120325
2023-12-20,14.403833,0.261422,0.136700,0.124722
2023-12-21,14.406571,0.265977,0.137103,0.128874
2023-12-22,14.409309,0.266144,0.137508,0.128636
2023-12-23,14.412047,0.264534,0.137914,0.126620
2023-12-24,14.414784,0.263478,0.138321,0.125157
2023-12-25,14.417522,0.260551,0.138729,0.121822
2023-12-26,14.420260,0.253497,0.139139,0.114358
2023-12-27,14.422998,0.254857,0.139549,0.115308
2023-12-28,14.425736,0.254842,0.139961,0.114881
2023-12-29,14.428474,0.249402,0.140373,0.109029
2023-12-30,14.431211,0.246115,0.140787,0.105328
2023-12-31,14.433949,0.249141,0.141202,0.107939
2024-01-01,14.436687,0.252550,0.141618,0.110932
2024-01-02,14.439425,0.275744,0.142035,0.133709
2024-01-03,14.442163,0.263282,0.142453,0.120829
2024-01-04,14.444901,0.259756,0.142872,0.116884
2024-01-05,14.447639,0.261683,0.143292,0.118390
2024-01-06,14.450376,0.262112,0.143713,0.118398
2024-01-07,14.453114,0.264160,0.144136,0.120024
2024-01-08,14.455852,0.271865,0.144559,0.127307
2024-01-09,14.458590,0.287791,0.144983,0.142808
2024-01-10,14.461328,0.279366,0.145408,0.133958
2024-01-11,14.464066,0.285597,0.145834,0.139763
2024-01-12,14.466804,0.270864,0.146261,0.124603
2024-01-13,14.469541,0.249122,0.146689,0.102433
2024-01-14,14.472279,0.247954,0.147118,0.100836
2024-01-15,14.475017,0.244953,0.147548,0.097406
2024-01-16,14.477755,0.247729,0.147978,0.099751
2024-01-17,14.480493,0.245134,0.148410,0.096724
2024-01-18,14.483231,0.239549,0.148843,0.090706
2024-01-19,14.485969,0.229915,0.149276,0.080639
2024-01-20,14.488706,0.232603,0.149710,0.082893
2024-01-21,14.491444,0.233706,0.150145,0.083561
2024-01-22,14.494182,0.223679,0.150581,0.073098
2024-01-23,14.496920,0.210969,0.151018,0.059950
2024-01-24,14.499658,0.215312,0.151456,0.063856
2024-01-25,14.502396,0.214922,0.151894,0.063028
2024-01-26,14.505133,0.223319,0.152334,0.070985
2024-01-27,14.507871,0.231965,0.152774,0.079191
2024-01-28,14.510609,0.235748,0.153215,0.082534
2024-01-29,14.513347,0.237439,0.153656,0.083783
2024-01-30,14.516085,0.246584,0.154099,0.092486
2024-01-31,14.518823,0.241232,0.154542,0.086691
2024-02-01,14.521561,0.236774,0.154986,0.081789
2024-02-02,14.524298,0.241768,0.155430,0.086338
2024-02-03,14.527036,0.241722,0.155875,0.085847
2024-02-04,14.529774,0.238962,0.156322,0.082640
2024-02-05,14.532512,0.237758,0.156768,0.080990
2024-02-06,14.535250,0.239104,0.157216,0.081888
2024-02-07,14.537988,0.242373,0.157664,0.084709
2024-02-08,14.540726,0.257043,0.158113,0.098931
2024-02-09,14.543463,0.274093,0.158562,0.115531
2024-02-10,14.546201,0.278752,0.159012,0.119740
2024-02-11,14.548939,0.284779,0.159463,0.125316
2024-02-12,14.551677,0.289759,0.159914,0.129845
2024-02-13,14.554415,0.296047,0.160366,0.135681
2024-02-14,14.557153,0.306390,0.160819,0.145572
2024-02-15,14.559890,0.315396,0.161272,0.154125
2024-02-16,14.562628,0.314563,0.161725,0.152838
2024-02-17,14.565366,0.310269,0.162180,0.148089
2024-02-18,14.568104,0.311383,0.162635,0.148748
2024-02-19,14.570842,0.314009,0.163090,0.150919
2024-02-20,14.573580,0.311397,0.163546,0.147851
2024-02-21,14.576318,0.307960,0.164002,0.143958
2024-02-22,14.579055,0.308406,0.164459,0.143946
2024-02-23,14.581793,0.304123,0.164917,0.139206
2024-02-24,14.584531,0.304835,0.165375,0.139460
2024-02-25,14.587269,0.308230,0.165833,0.142396
2024-02-26,14.590007,0.314300,0.166292,0.148007
2024-02-27,14.592745,0.345539,0.166752,0.178787
2024-02-28,14.595483,0.366573,0.167212,0.199361
2024-02-29,14.598220,0.385554,0.167672,0.217882
2024-03-01,14.600958,0.383965,0.168133,0.215832
2024-03-02,14.603696,0.384461,0.168594,0.215867
2024-03-03,14.606434,0.386886,0.169056,0.217830
2024-03-04,14.609172,0.407000,0.169518,0.237482
2024-03-05,14.611910,0.411238,0.169980,0.241258
2024-03-06,14.614648,0.409555,0.170443,0.239112
2024-03-07,14.617385,0.414890,0.170906,0.243984
2024-03-08,14.620123,0.420850,0.171370,0.249480
2024-03-09,14.622861,0.424182,0.171834,0.252348
2024-03-10,14.625599,0.430092,0.172298,0.257794
2024-03-11,14.628337,0.439939,0.172762,0.267176
2024-03-12,14.631075,0.443673,0.173227,0.270446
2024-03-13,14.633812,0.449886,0.173692,0.276194
2024-03-14,14.636550,0.446081,0.174158,0.271923
2024-03-15,14.639288,0.423729,0.174624,0.249105
2024-03-16,14.642026,0.421505,0.175090,0.246416
2024-03-17,14.644764,0.413686,0.175556,0.238130
2024-03-18,14.647502,0.418048,0.176023,0.242025
2024-03-19,14.650240,0.395637,0.176490,0.219147
2024-03-20,14.652977,0.391680,0.176957,0.214723
2024-03-21,14.655715,0.409399,0.177424,0.231975
2024-03-22,14.658453,0.394946,0.177892,0.217054
2024-03-23,14.661191,0.394807,0.178359,0.216448
2024-03-24,14.663929,0.399090,0.178827,0.220263
2024-03-25,14.666667,0.418779,0.179295,0.239484
2024-03-26,14.669405,0.429996,0.179764,0.250232
2024-03-27,14.672142,0.426107,0.180232,0.245875
2024-03-28,14.674880,0.429848,0.180701,0.249147
2024-03-29,14.677618,0.426697,0.181170,0.245527
2024-03-30,14.680356,0.426430,0.181639,0.244791
2024-03-31,14.683094,0.428925,0.182108,0.246818
2024-04-01,14.685832,0.423712,0.182577,0.241135
2024-04-02,14.688569,0.402305,0.183046,0.219259
2024-04-03,14.691307,0.400261,0.183515,0.216745
2024-04-04,14.694045,0.405634,0.183985,0.221649
2024-04-05,14.696783,0.408845,0.184454,0.224390
2024-04-06,14.699521,0.411937,0.184924,0.227013
2024-04-07,14.702259,0.419611,0.185394,0.234217
2024-04-08,14.704997,0.429905,0.185863,0.244042
2024-04-09,14.707734,0.422935,0.186333,0.236602
2024-04-10,14.710472,0.417345,0.186803,0.230542
2024-04-11,14.713210,0.424419,0.187273,0.237147
2024-04-12,14.715948,0.417153,0.187742,0.229410
2024-04-13,14.718686,0.399390,0.188212,0.211178
2024-04-14,14.721424,0.385563,0.188682,0.196881
2024-04-15,14.724162,0.390478,0.189152,0.201326
2024-04-16,14.726899,0.377249,0.189621,0.187628
2024-04-17,14.729637,0.372126,0.190091,0.182035
2024-04-18,14.732375,0.371968,0.190561,0.181408
2024-04-19,14.735113,0.380927,0.191030,0.189897
2024-04-20,14.737851,0.383136,0.191500,0.191636
2024-04-21,14.740589,0.387188,0.191969,0.195219
2024-04-22,14.743326,0.393862,0.192438,0.201424
2024-04-23,14.746064,0.396414,0.192907,0.203507
2024-04-24,14.748802,0.390237,0.193377,0.196861
2024-04-25,14.751540,0.381032,0.193846,0.187186
2024-04-26,14.754278,0.380815,0.194314,0.186501
2024-04-27,14.757016,0.373351,0.194783,0.178568
2024-04-28,14.759754,0.376000,0.195252,0.180748
2024-04-29,14.762491,0.370550,0.195720,0.174831
2024-04-30,14.765229,0.364054,0.196188,0.167866
2024-05-01,14.767967,0.339703,0.196656,0.143046
2024-05-02,14.770705,0.338533,0.197124,0.141409
2024-05-03,14.773443,0.353401,0.197592,0.155809
2024-05-04,14.776181,0.371945,0.198059,0.173886
2024-05-05,14.778919,0.373571,0.198526,0.175045
2024-05-06,14.781656,0.373682,0.198993,0.174688
2024-05-07,14.784394,0.370379,0.199460,0.170919
2024-05-08,14.787132,0.361450,0.199926,0.161524
2024-05-09,14.789870,0.358742,0.200393,0.158349
2024-05-10,14.792608,0.360301,0.200859,0.159442
2024-05-11,14.795346,0.352624,0.201324,0.151300
2024-05-12,14.798084,0.354553,0.201790,0.152763
2024-05-13,14.800821,0.360961,0.202255,0.158706
2024-05-14,14.803559,0.357653,0.202720,0.154933
2024-05-15,14.806297,0.369380,0.203184,0.166196
2024-05-16,14.809035,0.381912,0.203648,0.178263
2024-05-17,14.811773,0.384897,0.204112,0.180785
2024-05-18,14.814511,0.388367,0.204576,0.183792
2024-05-19,14.817248,0.387636,0.205039,0.182597
2024-05-20,14.819986,0.392911,0.205501,0.187410
2024-05-21,14.822724,0.408502,0.205964,0.202538
2024-05-22,14.825462,0.403497,0.206426,0.197071
2024-05-23,14.828200,0.395723,0.206887,0.188836
2024-05-24,14.830938,0.392331,0.207349,0.184983
2024-05-25,14.833676,0.398734,0.207809,0.190925
2024-05-26,14.836413,0.398436,0.208270,0.190166
2024-05-27,14.839151,0.399435,0.208730,0.190705
2024-05-28,14.841889,0.393671,0.209189,0.184481
2024-05-29,14.844627,0.391095,0.209648,0.181447
2024-05-30,14.847365,0.392691,0.210107,0.182584
2024-05-31,14.850103,0.391081,0.210565,0.180516
2024-06-01,14.852841,0.389642,0.211023,0.178619
2024-06-02,14.855578,0.389941,0.211480,0.178461
2024-06-03,14.858316,0.395918,0.211937,0.183981
2024-06-04,14.861054,0.399654,0.212393,0.187260
2024-06-05,14.863792,0.406967,0.212849,0.194118
2024-06-06,14.866530,0.407067,0.213304,0.193763
2024-06-07,14.869268,0.404107,0.213759,0.190348
2024-06-08,14.872005,0.399368,0.214213,0.185155
2024-06-09,14.874743,0.399346,0.214667,0.184679
2024-06-10,14.877481,0.399399,0.215120,0.184279
2024-06-11,14.880219,0.387000,0.215572,0.171428
2024-06-12,14.882957,0.390782,0.216024,0.174758
2024-06-13,14.885695,0.386162,0.216475,0.169687
2024-06-14,14.888433,0.379768,0.216926,0.162842
2024-06-15,14.891170,0.377006,0.217376,0.159630
2024-06-16,14.893908,0.378647,0.217826,0.160821
2024-06-17,14.896646,0.375462,0.218275,0.157188
2024-06-18,14.899384,0.368311,0.218723,0.149588
2024-06-19,14.902122,0.366389,0.219171,0.147219
2024-06-20,14.904860,0.364225,0.219618,0.144607
2024-06-21,14.907598,0.356318,0.220064,0.136254
2024-06-22,14.910335,0.358920,0.220510,0.138410
2024-06-23,14.913073,0.358173,0.220955,0.137218
2024-06-24,14.915811,0.337552,0.221399,0.116153
2024-06-25,14.918549,0.336344,0.221843,0.114502
2024-06-26,14.921287,0.336570,0.222286,0.114285
2024-06-27,14.924025,0.335155,0.222728,0.112427
2024-06-28,14.926762,0.332938,0.223170,0.109768
2024-06-29,14.929500,0.330946,0.223611,0.107335
2024-06-30,14.932238,0.334641,0.224051,0.110590
2024-07-01,14.934976,0.344465,0.224490,0.119975
2024-07-02,14.937714,0.339698,0.224929,0.114769
2024-07-03,14.940452,0.325620,0.225367,0.100254
2024-07-04,14.943190,0.308510,0.225804,0.082706
2024-07-05,14.945927,0.289195,0.226240,0.062955
2024-07-06,14.948665,0.300178,0.226676,0.073502
2024-07-07,14.951403,0.300070,0.227111,0.072959
2024-07-08,14.954141,0.291948,0.227545,0.064404
2024-07-09,14.956879,0.300575,0.227978,0.072597
2024-07-10,14.959617,0.305398,0.228410,0.076988
2024-07-11,14.962355,0.304296,0.228842,0.075454
2024-07-12,14.965092,0.300566,0.229272,0.071294
2024-07-13,14.967830,0.306652,0.229702,0.076950
2024-07-14,14.970568,0.318306,0.230131,0.088174
2024-07-15,14.973306,0.338102,0.230560,0.107543
2024-07-16,14.976044,0.345371,0.230987,0.114384
2024-07-17,14.978782,0.349907,0.231414,0.118494
2024-07-18,14.981520,0.345802,0.231839,0.113963
2024-07-19,14.984257,0.351392,0.232264,0.119128
2024-07-20,14.986995,0.361410,0.232688,0.128722
2024-07-21,14.989733,0.363076,0.233111,0.129965
2024-07-22,14.992471,0.365145,0.233533,0.131613
2024-07-23,14.995209,0.358999,0.233954,0.125045
2024-07-24,14.997947,0.354104,0.234374,0.119730
2024-07-25,15.000684,0.345887,0.234793,0.111094
2024-07-26,15.003422,0.361475,0.235212,0.126264
2024-07-27,15.006160,0.366953,0.235629,0.131324
2024-07-28,15.008898,0.364871,0.236045,0.128826
2024-07-29,15.011636,0.367943,0.236461,0.131482
2024-07-30,15.014374,0.353708,0.236875,0.116833
2024-07-31,15.017112,0.351426,0.237289,0.114137
2024-08-01,15.019849,0.338711,0.237701,0.101010
2024-08-02,15.022587,0.335645,0.238113,0.097532
2024-08-03,15.025325,0.318353,0.238523,0.079830
2024-08-04,15.028063,0.308654,0.238933,0.069722
2024-08-05,15.030801,0.261896,0.239341,0.022555
2024-08-06,15.033539,0.277820,0.239749,0.038072
2024-08-07,15.036277,0.280806,0.240155,0.040651
2024-08-08,15.039014,0.295277,0.240561,0.054717
2024-08-09,15.041752,0.311266,0.240965,0.070301
2024-08-10,15.044490,0.312184,0.241368,0.070816
2024-08-11,15.047228,0.307758,0.241770,0.065988
2024-08-12,15.049966,0.298118,0.242172,0.055946
2024-08-13,15.052704,0.304135,0.242572,0.061563
2024-08-14,15.055441,0.305333,0.242971,0.062362
2024-08-15,15.058179,0.292435,0.243369,0.049066
2024-08-16,15.060917,0.292735,0.243765,0.048970
2024-08-17,15.063655,0.298441,0.244161,0.054279
2024-08-18,15.066393,0.300797,0.244556,0.056241
2024-08-19,15.069131,0.292875,0.244949,0.047926
2024-08-20,15.071869,0.301703,0.245342,0.056361
2024-08-21,15.074606,0.302186,0.245733,0.056453
2024-08-22,15.077344,0.305214,0.246123,0.059091
2024-08-23,15.080082,0.314258,0.246512,0.067746
2024-08-24,15.082820,0.327803,0.246900,0.080903
2024-08-25,15.085558,0.328463,0.247286,0.081177
2024-08-26,15.088296,0.324354,0.247672,0.076683
2024-08-27,15.091034,0.314338,0.248056,0.066283
2024-08-28,15.093771,0.293035,0.248439,0.044596
2024-08-29,15.096509,0.296724,0.248821,0.047903
2024-08-30,15.099247,0.290878,0.249202,0.041676
2024-08-31,15.101985,0.292026,0.249581,0.042445
2024-09-01,15.104723,0.284602,0.249959,0.034642
2024-09-02,15.107461,0.285295,0.250336,0.034958
2024-09-03,15.110198,0.285762,0.250712,0.035050
2024-09-04,15.112936,0.275359,0.251087,0.024272
2024-09-05,15.115674,0.272278,0.251460,0.020818
2024-09-06,15.118412,0.259144,0.251832,0.007312
2024-09-07,15.121150,0.253408,0.252203,0.001205
2024-09-08,15.123888,0.254176,0.252573,0.001603
2024-09-09,15.126626,0.262954,0.252941,0.010013
2024-09-10,15.129363,0.272554,0.253308,0.019245
2024-09-11,15.132101,0.271250,0.253674,0.017576
2024-09-12,15.134839,0.279378,0.254039,0.025339
2024-09-13,15.137577,0.285184,0.254402,0.030783
2024-09-14,15.140315,0.292758,0.254764,0.037994
2024-09-15,15.143053,0.291118,0.255124,0.035994
2024-09-16,15.145791,0.279327,0.255484,0.023844
2024-09-17,15.148528,0.287778,0.255842,0.031936
2024-09-18,15.151266,0.291955,0.256198,0.035756
2024-09-19,15.154004,0.308716,0.256554,0.052162
2024-09-20,15.156742,0.312267,0.256908,0.055360
2024-09-21,15.159480,0.310926,0.257260,0.053665
2024-09-22,15.162218,0.309634,0.257612,0.052023
2024-09-23,15.164956,0.312491,0.257962,0.054529
2024-09-24,15.167693,0.311919,0.258310,0.053608
2024-09-25,15.170431,0.313105,0.258658,0.054448
2024-09-26,15.173169,0.316365,0.259003,0.057362
2024-09-27,15.175907,0.324552,0.259348,0.065204
2024-09-28,15.178645,0.325349,0.259691,0.065658
2024-09-29,15.181383,0.324652,0.260033,0.064619
2024-09-30,15.184120,0.312570,0.260373,0.052197
2024-10-01,15.186858,0.302773,0.260712,0.042061
2024-10-02,15.189596,0.292667,0.261049,0.031617
2024-10-03,15.192334,0.288763,0.261386,0.027377
2024-10-04,15.195072,0.294505,0.261720,0.032784
2024-10-05,15.197810,0.297435,0.262053,0.035382
2024-10-06,15.200548,0.298480,0.262385,0.036095
2024-10-07,15.203285,0.305245,0.262716,0.042529
2024-10-08,15.206023,0.298213,0.263045,0.035169
2024-10-09,15.208761,0.293486,0.263372,0.030114
2024-10-10,15.211499,0.284148,0.263698,0.020450
2024-10-11,15.214237,0.291269,0.264023,0.027246
2024-10-12,15.216975,0.300354,0.264346,0.036008
2024-10-13,15.219713,0.298579,0.264667,0.033912
2024-10-14,15.222450,0.312508,0.264988,0.047521
2024-10-15,15.225188,0.320157,0.265306,0.054851
2024-10-16,15.227926,0.328635,0.265623,0.063012
2024-10-17,15.230664,0.326417,0.265939,0.060478
2024-10-18,15.233402,0.331704,0.266253,0.065451
2024-10-19,15.236140,0.332063,0.266566,0.065497
2024-10-20,15.238877,0.332913,0.266877,0.066036
2024-10-21,15.241615,0.330289,0.267187,0.063102
2024-10-22,15.244353,0.324558,0.267495,0.057063
2024-10-23,15.247091,0.319365,0.267802,0.051563
2024-10-24,15.249829,0.325055,0.268107,0.056948
2024-10-25,15.252567,0.325376,0.268410,0.056966
2024-10-26,15.255305,0.321030,0.268712,0.052318
2024-10-27,15.258042,0.323482,0.269013,0.054470
2024-10-28,15.260780,0.330933,0.269312,0.061622
2024-10-29,15.263518,0.348578,0.269609,0.078969
2024-10-30,15.266256,0.351871,0.269905,0.081966
2024-10-31,15.268994,0.346399,0.270199,0.076200
2024-11-01,15.271732,0.335593,0.270492,0.065101
2024-11-02,15.274470,0.334237,0.270783,0.063454
2024-11-03,15.277207,0.327212,0.271072,0.056140
2024-11-04,15.279945,0.326481,0.271360,0.055121
2024-11-05,15.282683,0.329888,0.271646,0.058241
2024-11-06,15.285421,0.360828,0.271931,0.088897
2024-11-07,15.288159,0.367537,0.272214,0.095323
2024-11-08,15.290897,0.371669,0.272496,0.099173
2024-11-09,15.293634,0.372493,0.272776,0.099718
2024-11-10,15.296372,0.387416,0.273054,0.114362
2024-11-11,15.299110,0.409082,0.273331,0.135751
2024-11-12,15.301848,0.432582,0.273606,0.158976
2024-11-13,15.304586,0.436981,0.273879,0.163102
2024-11-14,15.307324,0.439683,0.274151,0.165532
2024-11-15,15.310062,0.437226,0.274421,0.162805
2024-11-16,15.312799,0.444763,0.274690,0.170073
2024-11-17,15.315537,0.441625,0.274956,0.166669
2024-11-18,15.318275,0.444170,0.275222,0.168948
2024-11-19,15.321013,0.448993,0.275485,0.173507
2024-11-20,15.323751,0.455107,0.275747,0.179360
2024-11-21,15.326489,0.471572,0.276007,0.195565
2024-11-22,15.329227,0.478022,0.276266,0.201756
2024-11-23,15.331964,0.475404,0.276523,0.198881
2024-11-24,15.334702,0.471476,0.276778,0.194698
2024-11-25,15.337440,0.467114,0.277031,0.190082
2024-11-26,15.340178,0.451678,0.277283,0.174395
2024-11-27,15.342916,0.456696,0.277533,0.179162
2024-11-28,15.345654,0.461316,0.277782,0.183534
2024-11-29,15.348392,0.466307,0.278029,0.188278
2024-11-30,15.351129,0.464180,0.278274,0.185907
2024-12-01,15.353867,0.465635,0.278517,0.187118
2024-12-02,15.356605,0.462308,0.278759,0.183550
2024-12-03,15.359343,0.459314,0.278999,0.180315
2024-12-04,15.362081,0.463772,0.279237,0.184535
2024-12-05,15.364819,0.482867,0.279473,0.203394
2024-12-06,15.367556,0.474150,0.279708,0.194442
2024-12-07,15.370294,0.477339,0.279941,0.197398
2024-12-08,15.373032,0.477098,0.280172,0.196925
2024-12-09,15.375770,0.470237,0.280402,0.189835
2024-12-10,15.378508,0.463356,0.280630,0.182727
2024-12-11,15.381246,0.471391,0.280856,0.190535
2024-12-12,15.383984,0.479727,0.281080,0.198647
2024-12-13,15.386721,0.477525,0.281303,0.196223
2024-12-14,15.389459,0.481655,0.281523,0.200132
2024-12-15,15.392197,0.486198,0.281743,0.204455
2024-12-16,15.394935,0.497092,0.281960,0.215133
2024-12-17,15.397673,0.501446,0.282175,0.219270
2024-12-18,15.400411,0.489242,0.282389,0.206853
2024-12-19,15.403149,0.473598,0.282601,0.190997
2024-12-20,15.405886,0.459854,0.282811,0.177043
2024-12-21,15.408624,0.462812,0.283020,0.179792
2024-12-22,15.411362,0.455513,0.283226,0.172286
2024-12-23,15.414100,0.448411,0.283431,0.164980
2024-12-24,15.416838,0.455231,0.283634,0.171597
2024-12-25,15.419576,0.464215,0.283835,0.180380
2024-12-26,15.422313,0.456507,0.284035,0.172472
2024-12-27,15.425051,0.451124,0.284233,0.166891
2024-12-28,15.427789,0.446791,0.284428,0.162363
2024-12-29,15.430527,0.445225,0.284622,0.160602
2024-12-30,15.433265,0.439416,0.284815,0.154602
2024-12-31,15.436003,0.440541,0.285005,0.155536
2025-01-01,15.438741,0.440947,0.285194,0.155753
2025-01-02,15.441478,0.451377,0.285381,0.165997
2025-01-03,15.444216,0.455893,0.285566,0.170327
2025-01-04,15.446954,0.458479,0.285749,0.172730
2025-01-05,15.449692,0.458327,0.285930,0.172397
2025-01-06,15.452430,0.466988,0.286110,0.180879
2025-01-07,15.455168,0.463719,0.286287,0.177432
2025-01-08,15.457906,0.444725,0.286463,0.158262
2025-01-09,15.460643,0.435179,0.286637,0.148542
2025-01-10,15.463381,0.438812,0.286809,0.152003
2025-01-11,15.466119,0.439415,0.286979,0.152436
2025-01-12,15.468857,0.439740,0.287148,0.152592
2025-01-13,15.471595,0.431756,0.287315,0.144441
2025-01-14,15.474333,0.445207,0.287479,0.157728
2025-01-15,15.477070,0.454433,0.287642,0.166791
2025-01-16,15.479808,0.459105,0.287803,0.171302
2025-01-17,15.482546,0.474007,0.287962,0.186045
2025-01-18,15.485284,0.477608,0.288120,0.189489
2025-01-19,15.488022,0.480582,0.288275,0.192307
2025-01-20,15.490760,0.481427,0.288429,0.192998
2025-01-21,15.493498,0.476886,0.288581,0.188305
2025-01-22,15.496235,0.480772,0.288730,0.192041
2025-01-23,15.498973,0.474182,0.288878,0.185304
2025-01-24,15.501711,0.480670,0.289024,0.191645
2025-01-25,15.504449,0.478729,0.289169,0.189560
2025-01-26,15.507187,0.478835,0.289311,0.189523
2025-01-27,15.509925,0.459623,0.289451,0.170172
2025-01-28,15.512663,0.468401,0.289590,0.178811
2025-01-29,15.515400,0.468211,0.289727,0.178484
2025-01-30,15.518138,0.478685,0.289862,0.188824
2025-01-31,15.520876,0.473724,0.289994,0.183729
2025-02-01,15.523614,0.464914,0.290125,0.174788
2025-02-02,15.526352,0.454160,0.290255,0.163905
2025-02-03,15.529090,0.442472,0.290382,0.152090
2025-02-04,15.531828,0.453734,0.290507,0.163227
2025-02-05,15.534565,0.445742,0.290631,0.155112
2025-02-06,15.537303,0.444436,0.290752,0.153683
2025-02-07,15.540041,0.442818,0.290872,0.151947
2025-02-08,15.542779,0.438029,0.290989,0.147039
2025-02-09,15.545517,0.437770,0.291105,0.146664
2025-02-10,15.548255,0.441083,0.291219,0.149864
2025-02-11,15.550992,0.438748,0.291331,0.147417
2025-02-12,15.553730,0.435303,0.291441,0.143862
2025-02-13,15.556468,0.436195,0.291549,0.144646
2025-02-14,15.559206,0.438743,0.291656,0.147088
2025-02-15,15.561944,0.440493,0.291760,0.148733
2025-02-16,15.564682,0.438523,0.291862,0.146660
2025-02-17,15.567420,0.433329,0.291963,0.141367
2025-02-18,15.570157,0.428894,0.292061,0.136833
2025-02-19,15.572895,0.431725,0.292158,0.139567
2025-02-20,15.575633,0.437962,0.292253,0.145709
2025-02-21,15.578371,0.438904,0.292345,0.146559
2025-02-22,15.581109,0.433003,0.292436,0.140567
2025-02-23,15.583847,0.430804,0.292525,0.138279
2025-02-24,15.586585,0.424231,0.292612,0.131619
2025-02-25,15.589322,0.400017,0.292697,0.107320
2025-02-26,15.592060,0.386832,0.292780,0.094052
2025-02-27,15.594798,0.377822,0.292862,0.084961
2025-02-28,15.597536,0.359610,0.292941,0.066669
2025-03-01,15.600274,0.376531,0.293018,0.083513
2025-03-02,15.603012,0.392478,0.293093,0.099385
2025-03-03,15.605749,0.402806,0.293167,0.109639
2025-03-04,15.608487,0.373582,0.293238,0.080343
2025-03-05,15.611225,0.392904,0.293308,0.099596
2025-03-06,15.613963,0.401357,0.293376,0.107981
2025-03-07,15.616701,0.388571,0.293441,0.095130
2025-03-08,15.619439,0.379855,0.293505,0.086350
2025-03-09,15.622177,0.370408,0.293567,0.076841
2025-03-10,15.624914,0.351858,0.293627,0.058231
2025-03-11,15.627652,0.351437,0.293685,0.057752
2025-03-12,15.630390,0.359239,0.293741,0.065499
2025-03-13,15.633128,0.357637,0.293795,0.063842
2025-03-14,15.635866,0.362267,0.293847,0.068421
2025-03-15,15.638604,0.366694,0.293897,0.072797
2025-03-16,15.641342,0.363096,0.293945,0.069151
2025-03-17,15.644079,0.362457,0.293991,0.068466
2025-03-18,15.646817,0.356959,0.294035,0.062923
2025-03-19,15.649555,0.363976,0.294078,0.069899
2025-03-20,15.652293,0.370016,0.294118,0.075898
2025-03-21,15.655031,0.363946,0.294156,0.069790
2025-03-22,15.657769,0.363643,0.294193,0.069450
2025-03-23,15.660507,0.365505,0.294227,0.071278
2025-03-24,15.663244,0.378680,0.294260,0.084420
2025-03-25,15.665982,0.378430,0.294290,0.084139
2025-03-26,15.668720,0.377978,0.294319,0.083659
2025-03-27,15.671458,0.376823,0.294346,0.082478
2025-03-28,15.674196,0.366385,0.294370,0.072015
2025-03-29,15.676934,0.355521,0.294393,0.061128
2025-03-30,15.679671,0.353713,0.294414,0.059299
2025-03-31,15.682409,0.350680,0.294433,0.056248
2025-04-01,15.685147,0.358917,0.294450,0.064468
2025-04-02,15.687885,0.364740,0.294465,0.070275
2025-04-03,15.690623,0.350794,0.294478,0.056316
2025-04-04,15.693361,0.354036,0.294489,0.059547
2025-04-05,15.696099,0.352647,0.294498,0.058149
2025-04-06,15.698836,0.342883,0.294505,0.048378
2025-04-07,15.701574,0.322860,0.294510,0.028350
2025-04-08,15.704312,0.328250,0.294513,0.033737
2025-04-09,15.707050,0.326483,0.294515,0.031969
2025-04-10,15.709788,0.339578,0.294514,0.045065
2025-04-11,15.712526,0.344168,0.294511,0.049657
2025-04-12,15.715264,0.354722,0.294507,0.060216
2025-04-13,15.718001,0.356134,0.294500,0.061634
2025-04-14,15.720739,0.356756,0.294492,0.062264
2025-04-15,15.723477,0.359272,0.294481,0.064791
2025-04-16,15.726215,0.353207,0.294469,0.058739
2025-04-17,15.728953,0.355426,0.294454,0.060972
2025-04-18,15.731691,0.355130,0.294438,0.060692
2025-04-19,15.734428,0.357018,0.294420,0.062598
2025-04-20,15.737166,0.355362,0.294399,0.060963
2025-04-21,15.739904,0.366946,0.294377,0.072569
2025-04-22,15.742642,0.379052,0.294353,0.084699
2025-04-23,15.745380,0.397079,0.294327,0.102752
2025-04-24,15.748118,0.394038,0.294299,0.099739
2025-04-25,15.750856,0.399261,0.294269,0.104992
2025-04-26,15.753593,0.400277,0.294237,0.106040
2025-04-27,15.756331,0.398436,0.294203,0.104233
2025-04-28,15.759069,0.398830,0.294167,0.104662
2025-04-29,15.761807,0.400797,0.294129,0.106668
2025-04-30,15.764545,0.398863,0.294090,0.104774
2025-05-01,15.767283,0.404492,0.294048,0.110444
2025-05-02,15.770021,0.408774,0.294004,0.114769
2025-05-03,15.772758,0.406056,0.293959,0.112097
2025-05-04,15.775496,0.402819,0.293911,0.108907
2025-05-05,15.778234,0.396698,0.293862,0.102836
2025-05-06,15.780972,0.396912,0.293811,0.103102
2025-05-07,15.783710,0.406266,0.293757,0.112508
2025-05-08,15.786448,0.419760,0.293702,0.126058
2025-05-09,15.789185,0.432615,0.293645,0.138971
2025-05-10,15.791923,0.433734,0.293586,0.140149
2025-05-11,15.794661,0.436180,0.293524,0.142656
2025-05-12,15.797399,0.431593,0.293461,0.138132
2025-05-13,15.800137,0.431867,0.293396,0.138470
2025-05-14,15.802875,0.432565,0.293330,0.139236
2025-05-15,15.805613,0.429365,0.293261,0.136104
2025-05-16,15.808350,0.433139,0.293190,0.139949
2025-05-17,15.811088,0.430383,0.293117,0.137265
2025-05-18,15.813826,0.433639,0.293043,0.140597
2025-05-19,15.816564,0.433158,0.292966,0.140192
2025-05-20,15.819302,0.438681,0.292888,0.145793
2025-05-21,15.822040,0.446017,0.292807,0.153210
2025-05-22,15.824778,0.458116,0.292725,0.165391
2025-05-23,15.827515,0.454129,0.292641,0.161488
2025-05-24,15.830253,0.449231,0.292555,0.156676
2025-05-25,15.832991,0.445661,0.292467,0.153195
2025-05-26,15.835729,0.452338,0.292377,0.159962
2025-05-27,15.838467,0.451802,0.292285,0.159517
2025-05-28,15.841205,0.447045,0.292191,0.154854
2025-05-29,15.843943,0.442136,0.292095,0.150041
2025-05-30,15.846680,0.434301,0.291997,0.142303
2025-05-31,15.849418,0.428868,0.291898,0.136970
2025-06-01,15.852156,0.430594,0.291796,0.138798
2025-06-02,15.854894,0.430766,0.291693,0.139073
2025-06-03,15.857632,0.434460,0.291588,0.142872
2025-06-04,15.860370,0.432234,0.291481,0.140753
2025-06-05,15.863107,0.426169,0.291372,0.134798
2025-06-06,15.865845,0.424815,0.291261,0.133555
2025-06-07,15.868583,0.431094,0.291148,0.139946
2025-06-08,15.871321,0.432434,0.291033,0.141401
2025-06-09,15.874059,0.439700,0.290916,0.148784
2025-06-10,15.876797,0.445523,0.290798,0.154725
2025-06-11,15.879535,0.445338,0.290677,0.154661
2025-06-12,15.882272,0.436496,0.290555,0.145941
2025-06-13,15.885010,0.426286,0.290431,0.135855
2025-06-14,15.887748,0.427211,0.290305,0.136906
2025-06-15,15.890486,0.427747,0.290177,0.137570
2025-06-16,15.893224,0.434474,0.290047,0.144427
2025-06-17,15.895962,0.429308,0.289915,0.139393
2025-06-18,15.898700,0.424771,0.289781,0.134989
2025-06-19,15.901437,0.423852,0.289646,0.134206
2025-06-20,15.904175,0.423832,0.289509,0.134324
2025-06-21,15.906913,0.416367,0.289369,0.126997
2025-06-22,15.909651,0.407994,0.289228,0.118765
2025-06-23,15.912389,0.411068,0.289085,0.121982
2025-06-24,15.915127,0.425335,0.288941,0.136394
2025-06-25,15.917864,0.430726,0.288794,0.141932
2025-06-26,15.920602,0.432227,0.288645,0.143582
2025-06-27,15.923340,0.431217,0.288495,0.142722
2025-06-28,15.926078,0.431803,0.288343,0.143460
2025-06-29,15.928816,0.432928,0.288189,0.144739
2025-06-30,15.931554,0.432518,0.288033,0.144485
2025-07-01,15.934292,0.427002,0.287875,0.139127
2025-07-02,15.937029,0.431685,0.287715,0.143970
2025-07-03,15.939767,0.438002,0.287554,0.150448
2025-07-04,15.942505,0.434288,0.287391,0.146897
2025-07-05,15.945243,0.432654,0.287225,0.145428
2025-07-06,15.947981,0.433780,0.287058,0.146722
2025-07-07,15.950719,0.432900,0.286890,0.146010
2025-07-08,15.953457,0.432673,0.286719,0.145954
2025-07-09,15.956194,0.435393,0.286547,0.148846
2025-07-10,15.958932,0.445066,0.286372,0.158694
2025-07-11,15.961670,0.464226,0.286196,0.178030
2025-07-12,15.964408,0.464426,0.286018,0.178408
2025-07-13,15.967146,0.466243,0.285839,0.180405
2025-07-14,15.969884,0.475528,0.285657,0.189871
2025-07-15,15.972621,0.462969,0.285474,0.177495
2025-07-16,15.975359,0.466761,0.285289,0.181472
2025-07-17,15.978097,0.466814,0.285102,0.181713
2025-07-18,15.980835,0.467224,0.284913,0.182311
2025-07-19,15.983573,0.464099,0.284722,0.179377
2025-07-20,15.986311,0.463190,0.284530,0.178660
2025-07-21,15.989049,0.462909,0.284336,0.178573
2025-07-22,15.991786,0.464061,0.284140,0.179921
2025-07-23,15.994524,0.463766,0.283942,0.179824
2025-07-24,15.997262,0.464184,0.283743,0.180441
2025-07-25,16.000000,0.455427,0.283542,0.171886
2025-07-26,16.002738,0.460086,0.283339,0.176747
2025-07-27,16.005476,0.462264,0.283134,0.179130
2025-07-28,16.008214,0.462352,0.282927,0.179425
2025-07-29,16.010951,0.460633,0.282719,0.177914
2025-07-30,16.013689,0.458875,0.282509,0.176366
2025-07-31,16.016427,0.459028,0.282297,0.176731
2025-08-01,16.019165,0.447605,0.282083,0.165521
2025-08-02,16.021903,0.441609,0.281868,0.159741
2025-08-03,16.024641,0.442176,0.281651,0.160526
2025-08-04,16.027379,0.445275,0.281432,0.163843
2025-08-05,16.030116,0.442580,0.281211,0.161368
2025-08-06,16.032854,0.443440,0.280989,0.162451
2025-08-07,16.035592,0.448395,0.280765,0.167630
2025-08-08,16.038330,0.450784,0.280539,0.170245
2025-08-09,16.041068,0.450704,0.280312,0.170392
2025-08-10,16.043806,0.455552,0.280082,0.175470
2025-08-11,16.046543,0.463463,0.279851,0.183612
2025-08-12,16.049281,0.458700,0.279619,0.179081
2025-08-13,16.052019,0.463765,0.279384,0.184381
2025-08-14,16.054757,0.462392,0.279148,0.183244
2025-08-15,16.057495,0.454727,0.278910,0.175817
2025-08-16,16.060233,0.452393,0.278671,0.173723
2025-08-17,16.062971,0.453035,0.278429,0.174606
2025-08-18,16.065708,0.444926,0.278186,0.166739
2025-08-19,16.068446,0.439884,0.277942,0.161943
2025-08-20,16.071184,0.435636,0.277696,0.157940
2025-08-21,16.073922,0.433776,0.277448,0.156328
2025-08-22,16.076660,0.437402,0.277198,0.160204
2025-08-23,16.079398,0.440759,0.276946,0.163813
2025-08-24,16.082136,0.436478,0.276693,0.159785
2025-08-25,16.084873,0.427353,0.276439,0.150914
2025-08-26,16.087611,0.419305,0.276182,0.143122
2025-08-27,16.090349,0.423554,0.275924,0.147630
2025-08-28,16.093087,0.427077,0.275665,0.151412
2025-08-29,16.095825,0.416287,0.275403,0.140883
2025-08-30,16.098563,0.411596,0.275140,0.136456
2025-08-31,16.101300,0.412686,0.274876,0.137811
2025-09-01,16.104038,0.411569,0.274609,0.136960
2025-09-02,16.106776,0.418022,0.274341,0.143681
2025-09-03,16.109514,0.422130,0.274072,0.148058
2025-09-04,16.112252,0.418770,0.273801,0.144969
2025-09-05,16.114990,0.421483,0.273528,0.147956
2025-09-06,16.117728,0.417804,0.273253,0.144551
2025-09-07,16.120465,0.418646,0.272977,0.145669
2025-09-08,16.123203,0.421288,0.272699,0.148588
2025-09-09,16.125941,0.421276,0.272420,0.148856
2025-09-10,16.128679,0.423896,0.272139,0.151757
2025-09-11,16.131417,0.428815,0.271857,0.156958
2025-09-12,16.134155,0.433223,0.271573,0.161650
2025-09-13,16.136893,0.434077,0.271287,0.162790
2025-09-14,16.139630,0.433548,0.271000,0.162548
2025-09-15,16.142368,0.432143,0.270711,0.161433
2025-09-16,16.145106,0.433733,0.270420,0.163313
2025-09-17,16.147844,0.435415,0.270128,0.165287
2025-09-18,16.150582,0.437994,0.269835,0.168159
2025-09-19,16.153320,0.434719,0.269539,0.165179
2025-09-20,16.156057,0.432381,0.269243,0.163139
2025-09-21,16.158795,0.431354,0.268944,0.162409
2025-09-22,16.161533,0.421826,0.268644,0.153181
2025-09-23,16.164271,0.418859,0.268343,0.150516
2025-09-24,16.167009,0.419772,0.268040,0.151732
2025-09-25,16.169747,0.412994,0.267736,0.145259
2025-09-26,16.172485,0.405523,0.267430,0.138093
2025-09-27,16.175222,0.405714,0.267122,0.138592
2025-09-28,16.177960,0.407031,0.266813,0.140218
2025-09-29,16.180698,0.417678,0.266502,0.151176
2025-09-30,16.183436,0.420397,0.266190,0.154207
2025-10-01,16.186174,0.428859,0.265876,0.162983
2025-10-02,16.188912,0.440104,0.265561,0.174543
2025-10-03,16.191650,0.445822,0.265245,0.180577
2025-10-04,16.194387,0.449575,0.264926,0.184648
2025-10-05,16.197125,0.453875,0.264607,0.189268
2025-10-06,16.199863,0.456616,0.264286,0.192330
2025-10-07,16.202601,0.452512,0.263963,0.188549
2025-10-08,16.205339,0.449475,0.263639,0.185836
2025-10-09,16.208077,0.446750,0.263313,0.183437
2025-10-10,16.210815,0.438168,0.262986,0.175182
2025-10-11,16.213552,0.409258,0.262658,0.146601
2025-10-12,16.216290,0.411322,0.262328,0.148995
2025-10-13,16.219028,0.420735,0.261996,0.158739
2025-10-14,16.221766,0.411286,0.261663,0.149623
2025-10-15,16.224504,0.408323,0.261329,0.146995
2025-10-16,16.227242,0.401180,0.260993,0.140188
2025-10-17,16.229979,0.387662,0.260656,0.127006
2025-10-18,16.232717,0.387471,0.260317,0.127154
2025-10-19,16.235455,0.391016,0.259977,0.131039
2025-10-20,16.238193,0.401352,0.259635,0.141716
2025-10-21,16.240931,0.397596,0.259292,0.138304
2025-10-22,16.243669,0.390868,0.258948,0.131920
2025-10-23,16.246407,0.395682,0.258602,0.137080
2025-10-24,16.249144,0.400470,0.258255,0.142215
2025-10-25,16.251882,0.402533,0.257906,0.144626
2025-10-26,16.254620,0.406845,0.257556,0.149289
2025-10-27,16.257358,0.415294,0.257205,0.158089
2025-10-28,16.260096,0.412025,0.256852,0.155173
2025-10-29,16.262834,0.404768,0.256498,0.148270
2025-10-30,16.265572,0.391868,0.256142,0.135726
2025-10-31,16.268309,0.393586,0.255786,0.137800
2025-11-01,16.271047,0.395037,0.255427,0.139610
2025-11-02,16.273785,0.395684,0.255068,0.140616
2025-11-03,16.276523,0.384675,0.254707,0.129969
2025-11-04,16.279261,0.368902,0.254344,0.114557
2025-11-05,16.281999,0.363301,0.253981,0.109320
2025-11-06,16.284736,0.363761,0.253616,0.110145
2025-11-07,16.287474,0.358750,0.253249,0.105500
2025-11-08,16.290212,0.360333,0.252882,0.107451
2025-11-09,16.292950,0.362184,0.252513,0.109671
2025-11-10,16.295688,0.374189,0.252142,0.122047
2025-11-11,16.298426,0.369452,0.251771,0.117681
2025-11-12,16.301164,0.362921,0.251398,0.111523
2025-11-13,16.303901,0.356096,0.251024,0.105072
2025-11-14,16.306639,0.336586,0.250648,0.085937
2025-11-15,16.309377,0.331734,0.250271,0.081463
2025-11-16,16.312115,0.328975,0.249893,0.079082
2025-11-17,16.314853,0.325128,0.249514,0.075614
2025-11-18,16.317591,0.314504,0.249133,0.065371
2025-11-19,16.320329,0.311144,0.248751,0.062393
2025-11-20,16.323066,0.305737,0.248368,0.057369
2025-11-21,16.325804,0.277447,0.247984,0.029463
2025-11-22,16.328542,0.275675,0.247598,0.028077
2025-11-23,16.331280,0.284769,0.247211,0.037558
2025-11-24,16.334018,0.287431,0.246823,0.040608
2025-11-25,16.336756,0.288716,0.246433,0.042282
2025-11-26,16.339493,0.291478,0.246043,0.045435
2025-11-27,16.342231,0.305784,0.245651,0.060133
2025-11-28,16.344969,0.307019,0.245258,0.061761
2025-11-29,16.347707,0.304643,0.244864,0.059779
2025-11-30,16.350445,0.305700,0.244468,0.061232
2025-12-01,16.353183,0.281670,0.244071,0.037598
2025-12-02,16.355921,0.292688,0.243673,0.049014
2025-12-03,16.358658,0.310349,0.243274,0.067074
2025-12-04,16.361396,0.310705,0.242874,0.067831
2025-12-05,16.364134,0.302060,0.242473,0.059587
2025-12-06,16.366872,0.294658,0.242070,0.052588
2025-12-07,16.369610,0.295367,0.241666,0.053701
2025-12-08,16.372348,0.299216,0.241261,0.057955
2025-12-09,16.375086,0.299890,0.240855,0.059036
2025-12-10,16.377823,0.304590,0.240448,0.064142
2025-12-11,16.380561,0.295855,0.240039,0.055816
2025-12-12,16.383299,0.299816,0.239630,0.060187
2025-12-13,16.386037,0.293503,0.239219,0.054284
2025-12-14,16.388775,0.289397,0.238807,0.050590
2025-12-15,16.391513,0.282620,0.238394,0.044226
2025-12-16,16.394251,0.275308,0.237980,0.037328
2025-12-17,16.396988,0.275192,0.237565,0.037627
2025-12-18,16.399726,0.273658,0.237149,0.036509
2025-12-19,16.402464,0.277116,0.236731,0.040385
2025-12-20,16.405202,0.280202,0.236313,0.043889
2025-12-21,16.407940,0.280103,0.235893,0.044210
2025-12-22,16.410678,0.283924,0.235472,0.048451
2025-12-23,16.413415,0.276985,0.235051,0.041934
2025-12-24,16.416153,0.273659,0.234628,0.039032
2025-12-25,16.418891,0.275592,0.234204,0.041388
2025-12-26,16.421629,0.276903,0.233779,0.043124
2025-12-27,16.424367,0.273436,0.233353,0.040083
2025-12-28,16.427105,0.274249,0.232926,0.041323
2025-12-29,16.429843,0.276412,0.232498,0.043914
2025-12-30,16.432580,0.274301,0.232069,0.042233
2025-12-31,16.435318,0.275822,0.231639,0.044184
2026-01-01,16.438056,0.273698,0.231208,0.042490
2026-01-02,16.440794,0.280327,0.230775,0.049552
2026-01-03,16.443532,0.283295,0.230342,0.052953
2026-01-04,16.446270,0.288922,0.229908,0.059014
2026-01-05,16.449008,0.297557,0.229473,0.068084
2026-01-06,16.451745,0.297963,0.229037,0.068927
2026-01-07,16.454483,0.291154,0.228599,0.062555
2026-01-08,16.457221,0.284644,0.228161,0.056483
2026-01-09,16.459959,0.284476,0.227722,0.056754
2026-01-10,16.462697,0.283369,0.227282,0.056087
2026-01-11,16.465435,0.283225,0.226841,0.056384
2026-01-12,16.468172,0.286170,0.226399,0.059771
2026-01-13,16.470910,0.291637,0.225956,0.065681
2026-01-14,16.473648,0.306635,0.225512,0.081123
2026-01-15,16.476386,0.308177,0.225067,0.083110
2026-01-16,16.479124,0.303774,0.224621,0.079152
2026-01-17,16.481862,0.302898,0.224175,0.078723
2026-01-18,16.484600,0.301816,0.223727,0.078089
2026-01-19,16.487337,0.290595,0.223279,0.067317
2026-01-20,16.490075,0.280564,0.222829,0.057735
2026-01-21,16.492813,0.272902,0.222379,0.050523
2026-01-22,16.495551,0.274481,0.221927,0.052554
2026-01-23,16.498289,0.273416,0.221475,0.051941
2026-01-24,16.501027,0.272165,0.221022,0.051143
2026-01-25,16.503765,0.265496,0.220568,0.044928
2026-01-26,16.506502,0.263161,0.220114,0.043048
2026-01-27,16.509240,0.265613,0.219658,0.045955
2026-01-28,16.511978,0.270085,0.219202,0.050883
2026-01-29,16.514716,0.256975,0.218744,0.038231
2026-01-30,16.517454,0.237566,0.218286,0.019280
2026-01-31,16.520192,0.230317,0.217827,0.012490
2026-02-01,16.522930,0.209168,0.217367,-0.008199
2026-02-02,16.525667,0.207016,0.216906,-0.009890
2026-02-03,16.528405,0.205795,0.216445,-0.010650
2026-02-04,16.531143,0.191820,0.215983,-0.024162
2026-02-05,16.533881,0.154555,0.215519,-0.060964
2026-02-06,16.536619,0.142503,0.215056,-0.072553
2026-02-07,16.539357,0.156447,0.214591,-0.058144
2026-02-08,16.542094,0.161859,0.214125,-0.052267
2026-02-09,16.544832,0.161254,0.213659,-0.052405
2026-02-10,16.547570,0.150398,0.213192,-0.062794
2026-02-11,16.550308,0.141921,0.212724,-0.070803
2026-02-12,16.553046,0.134112,0.212256,-0.078144
2026-02-13,16.555784,0.150997,0.211786,-0.060789
2026-02-14,16.558522,0.156848,0.211316,-0.054468
2026-02-15,16.561259,0.150214,0.210845,-0.060632
2026-02-16,16.563997,0.147736,0.210374,-0.062638
2026-02-17,16.566735,0.140487,0.209901,-0.069414
2026-02-18,16.569473,0.132880,0.209428,-0.076549
2026-02-19,16.572211,0.135901,0.208954,-0.073054
2026-02-20,16.574949,0.142786,0.208480,-0.065694
2026-02-21,16.577687,0.141838,0.208005,-0.066167
2026-02-22,16.580424,0.139567,0.207529,-0.067962
2026-02-23,16.583162,0.119941,0.207052,-0.087111
2026-02-24,16.585900,0.115491,0.206575,-0.091084
2026-02-25,16.588638,0.143492,0.206097,-0.062605
2026-02-26,16.591376,0.137492,0.205619,-0.068126
2026-02-27,16.594114,0.124425,0.205139,-0.080714
2026-02-28,16.596851,0.134347,0.204659,-0.070313
2026-03-01,16.599589,0.121129,0.204179,-0.083050
2026-03-02,16.602327,0.147622,0.203698,-0.056076
2026-03-03,16.605065,0.140169,0.203216,-0.063046
2026-03-04,16.607803,0.167254,0.202733,-0.035479
2026-03-05,16.610541,0.157917,0.202250,-0.044333
2026-03-06,16.613279,0.140009,0.201766,-0.061758
2026-03-07,16.616016,0.132188,0.201282,-0.069094
2026-03-08,16.618754,0.125278,0.200797,-0.075518
2026-03-09,16.621492,0.140383,0.200311,-0.059928
2026-03-10,16.624230,0.146680,0.199825,-0.053145
2026-03-11,16.626968,0.150605,0.199338,-0.048734
2026-03-12,16.629706,0.148812,0.198851,-0.050039
2026-03-13,16.632444,0.152299,0.198363,-0.046064
2026-03-14,16.635181,0.151501,0.197875,-0.046374
2026-03-15,16.637919,0.163601,0.197386,-0.033785
2026-03-16,16.640657,0.174625,0.196896,-0.022271
2026-03-17,16.643395,0.171902,0.196406,-0.024503
2026-03-18,16.646133,0.152563,0.195915,-0.043352
2026-03-19,16.648871,0.146117,0.195424,-0.049307
2026-03-20,16.651608,0.149656,0.194932,-0.045276
2026-03-21,16.654346,0.146280,0.194440,-0.048159
2026-03-22,16.657084,0.133408,0.193947,-0.060539
2026-03-23,16.659822,0.148393,0.193454,-0.045061
2026-03-24,16.662560,0.145401,0.192960,-0.047559
2026-03-25,16.665298,0.151262,0.192465,-0.041204
2026-03-26,16.668036,0.135299,0.191971,-0.056672
2026-03-27,16.670773,0.116604,0.191475,-0.074871
