date,years,excess,fit,residual
2010-07-26,1.002053,0.276323,0.515677,-0.239355
2010-07-27,1.004791,0.315149,0.500945,-0.185796
2010-07-28,1.007529,0.303992,0.486243,-0.182252
2010-07-29,1.010267,0.325445,0.471577,-0.146133
2010-07-30,1.013005,0.345279,0.456953,-0.111674
2010-07-31,1.015743,0.317580,0.442377,-0.124797
2010-08-01,1.018480,0.301491,0.427855,-0.126363
2010-08-02,1.021218,0.301592,0.413391,-0.111800
2010-08-03,1.023956,0.294410,0.398993,-0.104583
2010-08-04,1.026694,0.284264,0.384666,-0.100402
2010-08-05,1.029432,0.273498,0.370414,-0.096916
2010-08-06,1.032170,0.281307,0.356243,-0.074936
2010-08-07,1.034908,0.265214,0.342158,-0.076944
2010-08-08,1.037645,0.256204,0.328164,-0.071960
2010-08-09,1.040383,0.283963,0.314266,-0.030303
2010-08-10,1.043121,0.306183,0.300469,0.005715
2010-08-11,1.045859,0.298874,0.286776,0.012098
2010-08-12,1.048597,0.281971,0.273194,0.008777
2010-08-13,1.051335,0.264601,0.259725,0.004876
2010-08-14,1.054073,0.265159,0.246374,0.018785
2010-08-15,1.056810,0.254009,0.233146,0.020863
2010-08-16,1.059548,0.245009,0.220044,0.024965
2010-08-17,1.062286,0.249150,0.207073,0.042077
2010-08-18,1.065024,0.260214,0.194235,0.065979
2010-08-19,1.067762,0.242071,0.181535,0.060536
2010-08-20,1.070500,0.226819,0.168976,0.057842
2010-08-21,1.073238,0.218457,0.156562,0.061895
2010-08-22,1.075975,0.199242,0.144296,0.054947
2010-08-23,1.078713,0.203339,0.132180,0.071158
2010-08-24,1.081451,0.202656,0.120219,0.082437
2010-08-25,1.084189,0.194553,0.108416,0.086137
2010-08-26,1.086927,0.184551,0.096772,0.087779
2010-08-27,1.089665,0.177080,0.085290,0.091789
2010-08-28,1.092402,0.173726,0.073975,0.099751
2010-08-29,1.095140,0.165991,0.062827,0.103164
2010-08-30,1.097878,0.151148,0.051849,0.099298
2010-08-31,1.100616,0.145303,0.041045,0.104258
2010-09-01,1.103354,0.125300,0.030415,0.094885
2010-09-02,1.106092,0.120912,0.019962,0.100950
2010-09-03,1.108830,0.120190,0.009688,0.110502
2010-09-04,1.111567,0.112637,-0.000405,0.113041
2010-09-05,1.114305,0.111057,-0.010315,0.121372
2010-09-06,1.117043,0.104057,-0.020040,0.124098
2010-09-07,1.119781,0.095476,-0.029580,0.125056
2010-09-08,1.122519,0.088694,-0.038932,0.127626
2010-09-09,1.125257,0.085451,-0.048095,0.133546
2010-09-10,1.127995,0.075368,-0.057067,0.132435
2010-09-11,1.130732,0.083336,-0.065848,0.149184
2010-09-12,1.133470,0.071163,-0.074436,0.145599
2010-09-13,1.136208,0.066174,-0.082830,0.149004
2010-09-14,1.138946,0.078084,-0.091029,0.169114
2010-09-15,1.141684,0.050936,-0.099033,0.149969
2010-09-16,1.144422,0.050516,-0.106840,0.157356
2010-09-17,1.147159,0.035881,-0.114450,0.150331
2010-09-18,1.149897,0.029138,-0.121862,0.151000
2010-09-19,1.152635,0.035001,-0.129075,0.164076
2010-09-20,1.155373,0.033832,-0.136090,0.169922
2010-09-21,1.158111,0.030962,-0.142905,0.173867
2010-09-22,1.160849,0.020723,-0.149521,0.170244
2010-09-23,1.163587,0.016453,-0.155936,0.172389
2010-09-24,1.166324,0.010825,-0.162152,0.172977
2010-09-25,1.169062,0.004280,-0.168168,0.172447
2010-09-26,1.171800,-0.000503,-0.173983,0.173480
2010-09-27,1.174538,-0.005572,-0.179598,0.174026
2010-09-28,1.177276,-0.011810,-0.185013,0.173203
2010-09-29,1.180014,-0.017717,-0.190228,0.172511
2010-09-30,1.182752,-0.023555,-0.195244,0.171689
2010-10-01,1.185489,-0.027254,-0.200061,0.172807
2010-10-02,1.188227,-0.035865,-0.204678,0.168813
2010-10-03,1.190965,-0.042328,-0.209097,0.166769
2010-10-04,1.193703,-0.048135,-0.213318,0.165183
2010-10-05,1.196441,-0.050704,-0.217342,0.166638
2010-10-06,1.199179,-0.047071,-0.221168,0.174097
2010-10-07,1.201916,-0.044306,-0.224799,0.180493
2010-10-08,1.204654,0.029280,-0.228234,0.257515
2010-10-09,1.207392,0.068829,-0.231475,0.300304
2010-10-10,1.210130,0.119719,-0.234522,0.354241
2010-10-11,1.212868,0.108789,-0.237376,0.346165
2010-10-12,1.215606,0.087080,-0.240038,0.327118
2010-10-13,1.218344,0.101025,-0.242509,0.343534
2010-10-14,1.221081,0.114591,-0.244790,0.359382
2010-10-15,1.223819,0.116723,-0.246883,0.363605
2010-10-16,1.226557,0.111843,-0.248787,0.360630
2010-10-17,1.229295,0.110909,-0.250505,0.361414
2010-10-18,1.232033,0.102225,-0.252038,0.354263
2010-10-19,1.234771,0.090195,-0.253387,0.343582
2010-10-20,1.237509,0.074806,-0.254553,0.329360
2010-10-21,1.240246,0.085489,-0.255538,0.341026
2010-10-22,1.242984,0.095722,-0.256342,0.352064
2010-10-23,1.245722,0.104897,-0.256968,0.361865
2010-10-24,1.248460,0.154877,-0.257417,0.412294
2010-10-25,1.251198,0.173780,-0.257690,0.431470
2010-10-26,1.253936,0.247708,-0.257789,0.505497
2010-10-27,1.256674,0.293468,-0.257716,0.551183
2010-10-28,1.259411,0.312396,-0.257471,0.569867
2010-10-29,1.262149,0.306655,-0.257057,0.563712
2010-10-30,1.264887,0.315893,-0.256476,0.572369
2010-10-31,1.267625,0.320483,-0.255728,0.576211
2010-11-01,1.270363,0.307537,-0.254816,0.562353
2010-11-02,1.273101,0.307113,-0.253741,0.560854
2010-11-03,1.275838,0.277616,-0.252505,0.530122
2010-11-04,1.278576,0.332622,-0.251111,0.583733
2010-11-05,1.281314,0.379538,-0.249559,0.629097
2010-11-06,1.284052,0.439842,-0.247851,0.687693
2010-11-07,1.286790,0.555587,-0.245990,0.801577
2010-11-08,1.289528,0.497220,-0.243977,0.741197
2010-11-09,1.292266,0.402200,-0.241814,0.644015
2010-11-10,1.295003,0.284627,-0.239503,0.524130
2010-11-11,1.297741,0.334002,-0.237047,0.571049
2010-11-12,1.300479,0.365918,-0.234446,0.600364
2010-11-13,1.303217,0.415250,-0.231703,0.646953
2010-11-14,1.305955,0.411217,-0.228819,0.640037
2010-11-15,1.308693,0.404500,-0.225798,0.630298
2010-11-16,1.311431,0.359611,-0.222640,0.582251
2010-11-17,1.314168,0.349679,-0.219348,0.569027
2010-11-18,1.316906,0.349374,-0.215924,0.565298
2010-11-19,1.319644,0.376365,-0.212370,0.588735
2010-11-20,1.322382,0.380921,-0.208687,0.589608
2010-11-21,1.325120,0.375977,-0.204879,0.580856
2010-11-22,1.327858,0.373618,-0.200946,0.574564
2010-11-23,1.330595,0.373841,-0.196892,0.570733
2010-11-24,1.333333,0.367718,-0.192718,0.560436
2010-11-25,1.336071,0.362816,-0.188426,0.551242
2010-11-26,1.338809,0.359594,-0.184018,0.543612
2010-11-27,1.341547,0.357280,-0.179496,0.536776
2010-11-28,1.344285,0.345915,-0.174864,0.520778
2010-11-29,1.347023,0.306370,-0.170121,0.476492
2010-11-30,1.349760,0.225547,-0.165272,0.390819
2010-12-01,1.352498,0.226730,-0.160317,0.387047
2010-12-02,1.355236,0.256240,-0.155259,0.411499
2010-12-03,1.357974,0.272020,-0.150100,0.422121
2010-12-04,1.360712,0.255160,-0.144842,0.400002
2010-12-05,1.363450,0.195560,-0.139488,0.335048
2010-12-06,1.366188,0.163574,-0.134038,0.297612
2010-12-07,1.368925,0.180773,-0.128497,0.309269
2010-12-08,1.371663,0.219355,-0.122864,0.342220
2010-12-09,1.374401,0.164245,-0.117144,0.281389
2010-12-10,1.377139,0.134283,-0.111337,0.245619
2010-12-11,1.379877,0.185367,-0.105445,0.290813
2010-12-12,1.382615,0.174740,-0.099472,0.274212
2010-12-13,1.385352,0.177177,-0.093419,0.270595
2010-12-14,1.388090,0.188360,-0.087287,0.275648
2010-12-15,1.390828,0.208408,-0.081080,0.289488
2010-12-16,1.393566,0.199981,-0.074799,0.274780
2010-12-17,1.396304,0.206921,-0.068446,0.275367
2010-12-18,1.399042,0.204430,-0.062024,0.266454
2010-12-19,1.401780,0.196776,-0.055533,0.252310
2010-12-20,1.404517,0.210482,-0.048977,0.259459
2010-12-21,1.407255,0.210955,-0.042358,0.253313
2010-12-22,1.409993,0.189749,-0.035677,0.225426
2010-12-23,1.412731,0.185485,-0.028936,0.214422
2010-12-24,1.415469,0.182341,-0.022138,0.204479
2010-12-25,1.418207,0.178022,-0.015284,0.193306
2010-12-26,1.420945,0.184582,-0.008377,0.192959
2010-12-27,1.423682,0.184179,-0.001418,0.185596
2010-12-28,1.426420,0.200276,0.005591,0.194685
2010-12-29,1.429158,0.226763,0.012648,0.214116
2010-12-30,1.431896,0.230596,0.019750,0.210846
2010-12-31,1.434634,0.228942,0.026896,0.202046
2011-01-01,1.437372,0.224371,0.034085,0.190287
2011-01-02,1.440110,0.220205,0.041313,0.178892
2011-01-03,1.442847,0.211084,0.048579,0.162505
2011-01-04,1.445585,0.208918,0.055882,0.153036
2011-01-05,1.448323,0.205788,0.063220,0.142569
2011-01-06,1.451061,0.203709,0.070590,0.133119
2011-01-07,1.453799,0.222555,0.077990,0.144565
2011-01-08,1.456537,0.221149,0.085420,0.135729
2011-01-09,1.459274,0.227386,0.092877,0.134509
2011-01-10,1.462012,0.227114,0.100359,0.126754
2011-01-11,1.464750,0.223070,0.107865,0.115204
2011-01-12,1.467488,0.227719,0.115393,0.112326
2011-01-13,1.470226,0.266863,0.122941,0.143922
2011-01-14,1.472964,0.270671,0.130508,0.140163
2011-01-15,1.475702,0.286475,0.138091,0.148384
2011-01-16,1.478439,0.284355,0.145689,0.138666
2011-01-17,1.481177,0.263809,0.153300,0.110509
2011-01-18,1.483915,0.205002,0.160923,0.044079
2011-01-19,1.486653,0.170014,0.168556,0.001458
2011-01-20,1.489391,0.206324,0.176198,0.030126
2011-01-21,1.492129,0.262089,0.183846,0.078243
2011-01-22,1.494867,0.288327,0.191499,0.096828
2011-01-23,1.497604,0.301106,0.199156,0.101950
2011-01-24,1.500342,0.269479,0.206815,0.062664
2011-01-25,1.503080,0.271840,0.214475,0.057365
2011-01-26,1.505818,0.261115,0.222133,0.038981
2011-01-27,1.508556,0.262203,0.229789,0.032414
2011-01-28,1.511294,0.275505,0.237441,0.038064
2011-01-29,1.514031,0.280757,0.245088,0.035669
2011-01-30,1.516769,0.297974,0.252727,0.045247
2011-01-31,1.519507,0.329071,0.260358,0.068713
2011-02-01,1.522245,0.454422,0.267979,0.186443
2011-02-02,1.524983,0.481502,0.275589,0.205912
2011-02-03,1.527721,0.469653,0.283186,0.186466
2011-02-04,1.530459,0.499996,0.290770,0.209226
2011-02-05,1.533196,0.550902,0.298338,0.252565
2011-02-06,1.535934,0.556209,0.305889,0.250320
2011-02-07,1.538672,0.541215,0.313422,0.227792
2011-02-08,1.541410,0.547695,0.320936,0.226758
2011-02-09,1.544148,0.560874,0.328430,0.232444
2011-02-10,1.546886,0.602760,0.335901,0.266858
2011-02-11,1.549624,0.576391,0.343350,0.233042
2011-02-12,1.552361,0.597540,0.350774,0.246766
2011-02-13,1.555099,0.595774,0.358172,0.237601
2011-02-14,1.557837,0.597775,0.365544,0.232231
2011-02-15,1.560575,0.590230,0.372889,0.217341
2011-02-16,1.563313,0.582016,0.380204,0.201813
2011-02-17,1.566051,0.580664,0.387489,0.193175
2011-02-18,1.568789,0.556802,0.394742,0.162059
2011-02-19,1.571526,0.522777,0.401964,0.120814
2011-02-20,1.574264,0.488214,0.409151,0.079063
2011-02-21,1.577002,0.475345,0.416305,0.059040
2011-02-22,1.579740,0.477775,0.423423,0.054352
2011-02-23,1.582478,0.495228,0.430504,0.064724
2011-02-24,1.585216,0.510005,0.437547,0.072458
2011-02-25,1.587953,0.515817,0.444553,0.071265
2011-02-26,1.590691,0.500649,0.451518,0.049131
2011-02-27,1.593429,0.495054,0.458443,0.036611
2011-02-28,1.596167,0.470240,0.465327,0.004913
2011-03-01,1.598905,0.478988,0.472168,0.006820
2011-03-02,1.601643,0.476717,0.478966,-0.002249
2011-03-03,1.604381,0.475965,0.485720,-0.009755
2011-03-04,1.607118,0.464788,0.492429,-0.027641
2011-03-05,1.609856,0.456984,0.499092,-0.042107
2011-03-06,1.612594,0.424113,0.505708,-0.081595
2011-03-07,1.615332,0.433854,0.512277,-0.078423
2011-03-08,1.618070,0.429040,0.518797,-0.089758
2011-03-09,1.620808,0.418912,0.525269,-0.106356
2011-03-10,1.623546,0.418583,0.531690,-0.113107
2011-03-11,1.626283,0.428939,0.538061,-0.109123
2011-03-12,1.629021,0.427214,0.544381,-0.117167
2011-03-13,1.631759,0.424800,0.550649,-0.125849
2011-03-14,1.634497,0.415359,0.556864,-0.141505
2011-03-15,1.637235,0.408176,0.563025,-0.154850
2011-03-16,1.639973,0.393488,0.569133,-0.175645
2011-03-17,1.642710,0.378957,0.575186,-0.196228
2011-03-18,1.645448,0.359159,0.581183,-0.222024
2011-03-19,1.648186,0.329250,0.587125,-0.257874
2011-03-20,1.650924,0.330637,0.593010,-0.262372
2011-03-21,1.653662,0.316824,0.598838,-0.282014
2011-03-22,1.656400,0.327713,0.604608,-0.276895
2011-03-23,1.659138,0.352927,0.610320,-0.257393
2011-03-24,1.661875,0.360653,0.615973,-0.255320
2011-03-25,1.664613,0.368325,0.621567,-0.253242
2011-03-26,1.667351,0.360244,0.627102,-0.266858
2011-03-27,1.670089,0.345258,0.632575,-0.287318
2011-03-28,1.672827,0.321408,0.637989,-0.316581
2011-03-29,1.675565,0.307643,0.643341,-0.335698
2011-03-30,1.678303,0.302941,0.648631,-0.345690
2011-03-31,1.681040,0.300603,0.653859,-0.353256
2011-04-01,1.683778,0.292948,0.659025,-0.366077
2011-04-02,1.686516,0.292396,0.664128,-0.371732
2011-04-03,1.689254,0.285904,0.669168,-0.383264
2011-04-04,1.691992,0.230493,0.674144,-0.443651
2011-04-05,1.694730,0.203564,0.679056,-0.475492
2011-04-06,1.697467,0.236939,0.683904,-0.446965
2011-04-07,1.700205,0.255485,0.688687,-0.433202
2011-04-08,1.702943,0.258442,0.693406,-0.434963
2011-04-09,1.705681,0.245024,0.698059,-0.453034
2011-04-10,1.708419,0.237641,0.702646,-0.465005
2011-04-11,1.711157,0.244786,0.707168,-0.462382
2011-04-12,1.713895,0.284655,0.711624,-0.426968
2011-04-13,1.716632,0.320006,0.716013,-0.396007
2011-04-14,1.719370,0.323821,0.720336,-0.396515
2011-04-15,1.722108,0.355283,0.724592,-0.369309
2011-04-16,1.724846,0.359072,0.728781,-0.369710
2011-04-17,1.727584,0.363177,0.732903,-0.369727
2011-04-18,1.730322,0.398515,0.736958,-0.338443
2011-04-19,1.733060,0.405497,0.740945,-0.335449
2011-04-20,1.735797,0.398431,0.744865,-0.346435
2011-04-21,1.738535,0.395296,0.748717,-0.353421
2011-04-22,1.741273,0.429828,0.752501,-0.322673
2011-04-23,1.744011,0.488116,0.756217,-0.268102
2011-04-24,1.746749,0.543531,0.759865,-0.216335
2011-04-25,1.749487,0.516613,0.763445,-0.246832
2011-04-26,1.752225,0.524638,0.766956,-0.242319
2011-04-27,1.754962,0.575776,0.770400,-0.194623
2011-04-28,1.757700,0.604998,0.773774,-0.168776
2011-04-29,1.760438,0.695978,0.777080,-0.081102
2011-04-30,1.763176,0.794127,0.780318,0.013809
2011-05-01,1.765914,0.815904,0.783487,0.032416
2011-05-02,1.768652,0.793871,0.786588,0.007283
2011-05-03,1.771389,0.803420,0.789620,0.013799
2011-05-04,1.774127,0.814432,0.792584,0.021848
2011-05-05,1.776865,0.812794,0.795479,0.017315
2011-05-06,1.779603,0.817505,0.798306,0.019200
2011-05-07,1.782341,0.824693,0.801064,0.023629
2011-05-08,1.785079,0.844290,0.803753,0.040537
2011-05-09,1.787817,0.847191,0.806375,0.040816
2011-05-10,1.790554,0.931240,0.808928,0.122312
2011-05-11,1.793292,1.007114,0.811413,0.195701
2011-05-12,1.796030,1.006944,0.813830,0.193114
2011-05-13,1.798768,1.125205,0.816179,0.309026
2011-05-14,1.801506,1.165183,0.818459,0.346724
2011-05-15,1.804244,1.070661,0.820673,0.249989
2011-05-16,1.806982,1.128177,0.822818,0.305359
2011-05-17,1.809719,1.120841,0.824896,0.295945
2011-05-18,1.812457,1.089885,0.826906,0.262979
2011-05-19,1.815195,1.075605,0.828850,0.246755
2011-05-20,1.817933,1.050341,0.830726,0.219615
2011-05-21,1.820671,0.994977,0.832535,0.162442
2011-05-22,1.823409,1.025860,0.834277,0.191583
2011-05-23,1.826146,1.068374,0.835953,0.232421
2011-05-24,1.828884,1.065913,0.837563,0.228350
2011-05-25,1.831622,1.082018,0.839106,0.242912
2011-05-26,1.834360,1.139000,0.840583,0.298417
2011-05-27,1.837098,1.144660,0.841995,0.302665
2011-05-28,1.839836,1.129532,0.843341,0.286192
2011-05-29,1.842574,1.117087,0.844621,0.272465
2011-05-30,1.845311,1.129353,0.845837,0.283516
2011-05-31,1.848049,1.141086,0.846988,0.294099
2011-06-01,1.850787,1.144882,0.848074,0.296808
2011-06-02,1.853525,1.187510,0.849096,0.338414
2011-06-03,1.856263,1.286167,0.850053,0.436113
2011-06-04,1.859001,1.389739,0.850947,0.538792
2011-06-05,1.861739,1.417831,0.851778,0.566053
2011-06-06,1.864476,1.434261,0.852545,0.581716
2011-06-07,1.867214,1.448973,0.853249,0.595724
2011-06-08,1.869952,1.602165,0.853891,0.748275
2011-06-09,1.872690,1.633441,0.854470,0.778971
2011-06-10,1.875428,1.583629,0.854987,0.728642
2011-06-11,1.878166,1.455091,0.855442,0.599649
2011-06-12,1.880903,1.374129,0.855836,0.518293
2011-06-13,1.883641,1.469430,0.856169,0.613262
2011-06-14,1.886379,1.430060,0.856441,0.573619
2011-06-15,1.889117,1.439261,0.856652,0.582608
2011-06-16,1.891855,1.425236,0.856804,0.568433
2011-06-17,1.894593,1.334391,0.856895,0.477495
2011-06-18,1.897331,1.334351,0.856928,0.477423
2011-06-19,1.900068,1.378253,0.856901,0.521352
2011-06-20,1.902806,1.273712,0.856815,0.416897
2011-06-21,1.905544,1.303361,0.856671,0.446690
2011-06-22,1.908282,1.330704,0.856470,0.474234
2011-06-23,1.911020,1.360788,0.856210,0.504577
2011-06-24,1.913758,1.357849,0.855893,0.501956
2011-06-25,1.916496,1.354668,0.855520,0.499148
2011-06-26,1.919233,1.351739,0.855090,0.496649
2011-06-27,1.921971,1.335984,0.854604,0.481380
2011-06-28,1.924709,1.319595,0.854062,0.465533
2011-06-29,1.927447,1.303068,0.853465,0.449603
2011-06-30,1.930185,1.286120,0.852813,0.433307
2011-07-01,1.932923,1.268725,0.852106,0.416619
2011-07-02,1.935661,1.250852,0.851346,0.399506
2011-07-03,1.938398,1.235557,0.850532,0.385025
2011-07-04,1.941136,1.203770,0.849664,0.354106
2011-07-05,1.943874,1.187990,0.848744,0.339246
2011-07-06,1.946612,1.245621,0.847771,0.397850
2011-07-07,1.949350,1.226345,0.846746,0.379598
2011-07-08,1.952088,1.228878,0.845670,0.383208
2011-07-09,1.954825,1.228774,0.844543,0.384231
2011-07-10,1.957563,1.241157,0.843365,0.397792
2011-07-11,1.960301,1.207975,0.842136,0.365839
2011-07-12,1.963039,1.202019,0.840858,0.361161
2011-07-13,1.965777,1.198761,0.839530,0.359231
2011-07-14,1.968515,1.198936,0.838154,0.360782
2011-07-15,1.971253,1.204760,0.836728,0.368032
2011-07-16,1.973990,1.176176,0.835255,0.340921
2011-07-17,1.976728,1.171659,0.833734,0.337924
2011-07-18,1.979466,1.170260,0.832166,0.338094
2011-07-19,1.982204,1.171551,0.830551,0.341000
2011-07-20,1.984942,1.169985,0.828890,0.341094
2011-07-21,1.987680,1.171542,0.827184,0.344358
2011-07-22,1.990418,1.166804,0.825431,0.341373
2011-07-23,1.993155,1.159788,0.823634,0.336154
2011-07-24,1.995893,1.160992,0.821793,0.339200
2011-07-25,1.998631,1.167398,0.819907,0.347491
2011-07-26,2.001369,1.163993,0.817978,0.346015
2011-07-27,2.004107,1.157298,0.816006,0.341292
2011-07-28,2.006845,1.145672,0.813991,0.331681
2011-07-29,2.009582,1.138659,0.811935,0.326725
2011-07-30,2.012320,1.138698,0.809836,0.328862
2011-07-31,2.015058,1.128732,0.807697,0.321036
2011-08-01,2.017796,1.118679,0.805516,0.313162
2011-08-02,2.020534,1.096513,0.803296,0.293217
2011-08-03,2.023272,1.019197,0.801035,0.218162
2011-08-04,2.026010,1.018710,0.798736,0.219975
2011-08-05,2.028747,1.013159,0.796397,0.216762
2011-08-06,2.031485,0.931394,0.794021,0.137373
2011-08-07,2.034223,0.886160,0.791606,0.094555
2011-08-08,2.036961,0.879089,0.789154,0.089935
2011-08-09,2.039699,0.956264,0.786665,0.169599
2011-08-10,2.042437,0.973620,0.784140,0.189480
2011-08-11,2.045175,0.958292,0.781578,0.176714
2011-08-12,2.047912,0.936458,0.778981,0.157477
2011-08-13,2.050650,0.947715,0.776350,0.171366
2011-08-14,2.053388,0.975810,0.773683,0.202127
2011-08-15,2.056126,1.002006,0.770983,0.231023
2011-08-16,2.058864,0.995356,0.768249,0.227107
2011-08-17,2.061602,0.988091,0.765481,0.222609
2011-08-18,2.064339,0.984921,0.762682,0.222239
2011-08-19,2.067077,0.996996,0.759850,0.237146
2011-08-20,2.069815,1.000186,0.756986,0.243200
2011-08-21,2.072553,0.992871,0.754091,0.238780
2011-08-22,2.075291,0.980324,0.751166,0.229158
2011-08-23,2.078029,0.973859,0.748210,0.225649
2011-08-24,2.080767,0.967081,0.745224,0.221856
2011-08-25,2.083504,0.937259,0.742209,0.195050
2011-08-26,2.086242,0.924505,0.739165,0.185340
2011-08-27,2.088980,0.857737,0.736093,0.121644
2011-08-28,2.091718,0.862512,0.732993,0.129519
2011-08-29,2.094456,0.865036,0.729866,0.135170
2011-08-30,2.097194,0.856870,0.726711,0.130159
2011-08-31,2.099932,0.835508,0.723531,0.111977
2011-09-01,2.102669,0.820581,0.720324,0.100257
2011-09-02,2.105407,0.828766,0.717091,0.111674
2011-09-03,2.108145,0.830930,0.713834,0.117097
2011-09-04,2.110883,0.812597,0.710552,0.102045
2011-09-05,2.113621,0.778662,0.707245,0.071417
2011-09-06,2.116359,0.723815,0.703915,0.019900
2011-09-07,2.119097,0.737207,0.700562,0.036645
2011-09-08,2.121834,0.721892,0.697186,0.024706
2011-09-09,2.124572,0.608261,0.693788,-0.085527
2011-09-10,2.127310,0.587557,0.690368,-0.102811
2011-09-11,2.130048,0.638023,0.686926,-0.048903
2011-09-12,2.132786,0.664562,0.683464,-0.018902
2011-09-13,2.135524,0.649182,0.679981,-0.030799
2011-09-14,2.138261,0.619032,0.676478,-0.057446
2011-09-15,2.140999,0.579974,0.672955,-0.092981
2011-09-16,2.143737,0.550200,0.669414,-0.119214
2011-09-17,2.146475,0.550083,0.665853,-0.115771
2011-09-18,2.149213,0.551435,0.662275,-0.110840
2011-09-19,2.151951,0.559986,0.658679,-0.098692
2011-09-20,2.154689,0.607663,0.655065,-0.047402
2011-09-21,2.157426,0.603727,0.651434,-0.047707
2011-09-22,2.160164,0.594319,0.647787,-0.053468
2011-09-23,2.162902,0.593707,0.644124,-0.050418
2011-09-24,2.165640,0.589809,0.640446,-0.050636
2011-09-25,2.168378,0.595575,0.636752,-0.041177
2011-09-26,2.171116,0.573674,0.633043,-0.059369
2011-09-27,2.173854,0.521184,0.629321,-0.108137
2011-09-28,2.176591,0.515044,0.625584,-0.110540
2011-09-29,2.179329,0.505918,0.621834,-0.115916
2011-09-30,2.182067,0.524413,0.618071,-0.093658
2011-10-01,2.184805,0.518351,0.614295,-0.095944
2011-10-02,2.187543,0.515118,0.610507,-0.095389
2011-10-03,2.190281,0.504952,0.606708,-0.101756
2011-10-04,2.193018,0.506724,0.602897,-0.096173
2011-10-05,2.195756,0.512353,0.599075,-0.086722
2011-10-06,2.198494,0.490209,0.595243,-0.105034
2011-10-07,2.201232,0.461608,0.591401,-0.129792
2011-10-08,2.203970,0.428228,0.587549,-0.159320
2011-10-09,2.206708,0.402835,0.583687,-0.180852
2011-10-10,2.209446,0.416385,0.579817,-0.163432
2011-10-11,2.212183,0.418902,0.575939,-0.157037
2011-10-12,2.214921,0.389001,0.572052,-0.183051
2011-10-13,2.217659,0.392940,0.568158,-0.175217
2011-10-14,2.220397,0.390700,0.564256,-0.173556
2011-10-15,2.223135,0.375990,0.560348,-0.184358
2011-10-16,2.225873,0.350226,0.556433,-0.206207
2011-10-17,2.228611,0.319274,0.552512,-0.233238
2011-10-18,2.231348,0.189541,0.548585,-0.359044
2011-10-19,2.234086,0.148188,0.544653,-0.396465
2011-10-20,2.236824,0.127186,0.540716,-0.413529
2011-10-21,2.239562,0.149933,0.536774,-0.386841
2011-10-22,2.242300,0.241211,0.532829,-0.291617
2011-10-23,2.245038,0.249740,0.528879,-0.279139
2011-10-24,2.247775,0.222894,0.524926,-0.302032
2011-10-25,2.250513,0.191169,0.520970,-0.329801
2011-10-26,2.253251,0.189838,0.517011,-0.327173
2011-10-27,2.255989,0.208012,0.513050,-0.305039
2011-10-28,2.258727,0.273136,0.509087,-0.235951
2011-10-29,2.261465,0.316541,0.505123,-0.188582
2011-10-30,2.264203,0.280955,0.501157,-0.220202
2011-10-31,2.266940,0.246934,0.497190,-0.250256
2011-11-01,2.269678,0.242817,0.493223,-0.250405
2011-11-02,2.272416,0.242684,0.489255,-0.246571
2011-11-03,2.275154,0.240708,0.485288,-0.244579
2011-11-04,2.277892,0.239716,0.481321,-0.241604
2011-11-05,2.280630,0.210383,0.477355,-0.266972
2011-11-06,2.283368,0.192626,0.473390,-0.280764
2011-11-07,2.286105,0.195200,0.469426,-0.274226
2011-11-08,2.288843,0.210918,0.465465,-0.254547
2011-11-09,2.291581,0.203645,0.461505,-0.257860
2011-11-10,2.294319,0.200527,0.457548,-0.257021
2011-11-11,2.297057,0.201394,0.453594,-0.252200
2011-11-12,2.299795,0.207601,0.449643,-0.242042
2011-11-13,2.302533,0.200749,0.445696,-0.244947
2011-11-14,2.305270,0.123827,0.441752,-0.317924
2011-11-15,2.308008,0.110585,0.437812,-0.327227
2011-11-16,2.310746,0.105817,0.433877,-0.328060
2011-11-17,2.313484,0.100461,0.429947,-0.329486
2011-11-18,2.316222,0.060773,0.426021,-0.365249
2011-11-19,2.318960,0.050837,0.422101,-0.371264
2011-11-20,2.321697,0.037736,0.418187,-0.380451
2011-11-21,2.324435,0.057365,0.414278,-0.356913
2011-11-22,2.327173,0.054083,0.410376,-0.356292
2011-11-23,2.329911,0.030347,0.406480,-0.376133
2011-11-24,2.332649,0.078910,0.402591,-0.323680
2011-11-25,2.335387,0.282123,0.398709,-0.116586
2011-11-26,2.338125,0.071220,0.394834,-0.323615
2011-11-27,2.340862,0.057838,0.390968,-0.333130
2011-11-28,2.343600,0.081459,0.387109,-0.305650
2011-11-29,2.346338,0.119808,0.383258,-0.263450
2011-11-30,2.349076,0.126197,0.379416,-0.253219
2011-12-01,2.351814,0.165552,0.375583,-0.210030
2011-12-02,2.354552,0.147709,0.371758,-0.224049
2011-12-03,2.357290,0.122758,0.367943,-0.245185
2011-12-04,2.360027,0.090744,0.364138,-0.273394
2011-12-05,2.362765,0.104263,0.360342,-0.256079
2011-12-06,2.365503,0.118719,0.356557,-0.237838
2011-12-07,2.368241,0.131675,0.352782,-0.221106
2011-12-08,2.370979,0.129213,0.349017,-0.219804
2011-12-09,2.373717,0.110869,0.345263,-0.234395
2011-12-10,2.376454,0.121159,0.341521,-0.220362
2011-12-11,2.379192,0.135804,0.337789,-0.201985
2011-12-12,2.381930,0.154437,0.334070,-0.179632
2011-12-13,2.384668,0.140108,0.330362,-0.190254
2011-12-14,2.387406,0.140203,0.326666,-0.186463
2011-12-15,2.390144,0.140318,0.322983,-0.182664
2011-12-16,2.392882,0.133896,0.319312,-0.185416
2011-12-17,2.395619,0.137681,0.315653,-0.177973
2011-12-18,2.398357,0.139052,0.312008,-0.172956
2011-12-19,2.401095,0.168958,0.308376,-0.139418
2011-12-20,2.403833,0.237696,0.304758,-0.067062
2011-12-21,2.406571,0.222648,0.301153,-0.078504
2011-12-22,2.409309,0.205539,0.297561,-0.092023
2011-12-23,2.412047,0.205975,0.293984,-0.088010
2011-12-24,2.414784,0.222638,0.290422,-0.067783
2011-12-25,2.417522,0.218172,0.286873,-0.068702
2011-12-26,2.420260,0.219647,0.283340,-0.063693
2011-12-27,2.422998,0.208361,0.279821,-0.071460
2011-12-28,2.425736,0.218086,0.276318,-0.058231
2011-12-29,2.428474,0.215592,0.272829,-0.057237
2011-12-30,2.431211,0.221136,0.269357,-0.048221
2011-12-31,2.433949,0.230404,0.265899,-0.035495
2012-01-01,2.436687,0.266522,0.262458,0.004064
2012-01-02,2.439425,0.286195,0.259033,0.027162
2012-01-03,2.442163,0.283231,0.255624,0.027607
2012-01-04,2.444901,0.286139,0.252232,0.033908
2012-01-05,2.447639,0.352848,0.248856,0.103993
2012-01-06,2.450376,0.386352,0.245496,0.140856
2012-01-07,2.453114,0.391873,0.242154,0.149719
2012-01-08,2.455852,0.404441,0.238829,0.165612
2012-01-09,2.458590,0.382324,0.235521,0.146802
2012-01-10,2.461328,0.367428,0.232231,0.135197
2012-01-11,2.464066,0.390514,0.228958,0.161556
2012-01-12,2.466804,0.387753,0.225703,0.162050
2012-01-13,2.469541,0.375094,0.222466,0.152628
2012-01-14,2.472279,0.358448,0.219247,0.139201
2012-01-15,2.475017,0.387350,0.216047,0.171304
2012-01-16,2.477755,0.370432,0.212864,0.157567
2012-01-17,2.480493,0.351719,0.209701,0.142018
2012-01-18,2.483231,0.318388,0.206555,0.111833
2012-01-19,2.485969,0.325358,0.203429,0.121929
2012-01-20,2.488706,0.351466,0.200322,0.151144
2012-01-21,2.491444,0.333325,0.197234,0.136091
2012-01-22,2.494182,0.329640,0.194165,0.135475
2012-01-23,2.496920,0.325056,0.191115,0.133941
2012-01-24,2.499658,0.326089,0.188085,0.138004
2012-01-25,2.502396,0.315184,0.185075,0.130109
2012-01-26,2.505133,0.284242,0.182084,0.102157
2012-01-27,2.507871,0.242250,0.179114,0.063136
2012-01-28,2.510609,0.225139,0.176163,0.048976
2012-01-29,2.513347,0.253069,0.173233,0.079837
2012-01-30,2.516085,0.247640,0.170322,0.077318
2012-01-31,2.518823,0.253242,0.167432,0.085810
2012-02-01,2.521561,0.259282,0.164563,0.094719
2012-02-02,2.524298,0.284191,0.161714,0.122477
2012-02-03,2.527036,0.282934,0.158886,0.124048
2012-02-04,2.529774,0.273213,0.156078,0.117135
2012-02-05,2.532512,0.250820,0.153292,0.097528
2012-02-06,2.535250,0.233611,0.150527,0.083084
2012-02-07,2.537988,0.236944,0.147782,0.089162
2012-02-08,2.540726,0.231892,0.145059,0.086833
2012-02-09,2.543463,0.240190,0.142357,0.097832
2012-02-10,2.546201,0.249174,0.139677,0.109497
2012-02-11,2.548939,0.234606,0.137018,0.097588
2012-02-12,2.551677,0.227428,0.134381,0.093048
2012-02-13,2.554415,0.217012,0.131765,0.085247
2012-02-14,2.557153,0.163660,0.129171,0.034489
2012-02-15,2.559890,0.150998,0.126599,0.024399
2012-02-16,2.562628,0.119674,0.124048,-0.004374
2012-02-17,2.565366,0.129478,0.121520,0.007957
2012-02-18,2.568104,0.103743,0.119014,-0.015271
2012-02-19,2.570842,0.093093,0.116530,-0.023437
2012-02-20,2.573580,0.103651,0.114068,-0.010417
2012-02-21,2.576318,0.098486,0.111628,-0.013142
2012-02-22,2.579055,0.102763,0.109211,-0.006448
2012-02-23,2.581793,0.131288,0.106816,0.024472
2012-02-24,2.584531,0.148599,0.104444,0.044155
2012-02-25,2.587269,0.141089,0.102094,0.038995
2012-02-26,2.590007,0.133092,0.099766,0.033326
2012-02-27,2.592745,0.138917,0.097461,0.041456
2012-02-28,2.595483,0.131563,0.095179,0.036384
2012-02-29,2.598220,0.126075,0.092920,0.033155
2012-03-01,2.600958,0.127637,0.090684,0.036953
2012-03-02,2.603696,0.107599,0.088470,0.019129
2012-03-03,2.606434,0.102855,0.086279,0.016576
2012-03-04,2.609172,0.103514,0.084111,0.019403
2012-03-05,2.611910,0.114850,0.081966,0.032884
2012-03-06,2.614648,0.118177,0.079844,0.038332
2012-03-07,2.617385,0.116941,0.077746,0.039195
2012-03-08,2.620123,0.109132,0.075670,0.033462
2012-03-09,2.622861,0.108793,0.073617,0.035175
2012-03-10,2.625599,0.099895,0.071588,0.028307
2012-03-11,2.628337,0.099446,0.069582,0.029864
2012-03-12,2.631075,0.099751,0.067599,0.032153
2012-03-13,2.633812,0.111018,0.065639,0.045379
2012-03-14,2.636550,0.131223,0.063702,0.067520
2012-03-15,2.639288,0.126613,0.061789,0.064824
2012-03-16,2.642026,0.123180,0.059899,0.063281
2012-03-17,2.644764,0.124340,0.058033,0.066307
2012-03-18,2.647502,0.117329,0.056190,0.061140
2012-03-19,2.650240,0.095869,0.054370,0.041499
2012-03-20,2.652977,0.074043,0.052574,0.021470
2012-03-21,2.655715,0.074467,0.050801,0.023666
2012-03-22,2.658453,0.067875,0.049051,0.018824
2012-03-23,2.661191,0.057332,0.047325,0.010007
2012-03-24,2.663929,0.052271,0.045622,0.006649
2012-03-25,2.666667,0.042944,0.043943,-0.000999
2012-03-26,2.669405,0.040264,0.042287,-0.002024
2012-03-27,2.672142,0.046662,0.040655,0.006007
2012-03-28,2.674880,0.052448,0.039046,0.013401
2012-03-29,2.677618,0.049426,0.037461,0.011965
2012-03-30,2.680356,0.048272,0.035899,0.012373
2012-03-31,2.683094,0.053145,0.034361,0.018784
2012-04-01,2.685832,0.044983,0.032846,0.012137
2012-04-02,2.688569,0.049631,0.031354,0.018277
2012-04-03,2.691307,0.050429,0.029886,0.020543
2012-04-04,2.694045,0.047363,0.028441,0.018921
2012-04-05,2.696783,0.045049,0.027020,0.018029
2012-04-06,2.699521,0.043288,0.025622,0.017665
2012-04-07,2.702259,0.031126,0.024248,0.006878
2012-04-08,2.704997,0.021947,0.022897,-0.000950
2012-04-09,2.707734,0.022071,0.021569,0.000501
2012-04-10,2.710472,0.024027,0.020265,0.003762
2012-04-11,2.713210,0.022245,0.018984,0.003261
2012-04-12,2.715948,0.024574,0.017727,0.006848
2012-04-13,2.718686,0.022621,0.016492,0.006128
2012-04-14,2.721424,0.025894,0.015281,0.010613
2012-04-15,2.724162,0.022171,0.014094,0.008078
2012-04-16,2.726899,0.021414,0.012929,0.008484
2012-04-17,2.729637,0.020787,0.011788,0.008999
2012-04-18,2.732375,0.030295,0.010670,0.019625
2012-04-19,2.735113,0.031754,0.009575,0.022180
2012-04-20,2.737851,0.034341,0.008503,0.025838
2012-04-21,2.740589,0.038364,0.007454,0.030910
2012-04-22,2.743326,0.029778,0.006428,0.023350
2012-04-23,2.746064,0.024422,0.005425,0.018997
2012-04-24,2.748802,0.015304,0.004445,0.010858
2012-04-25,2.751540,0.014425,0.003489,0.010936
2012-04-26,2.754278,0.010034,0.002555,0.007480
2012-04-27,2.757016,0.017153,0.001643,0.015509
2012-04-28,2.759754,-0.002489,0.000755,-0.003244
2012-04-29,2.762491,-0.009841,-0.000110,-0.009731
2012-04-30,2.765229,-0.009219,-0.000953,-0.008266
2012-05-01,2.767967,-0.010950,-0.001773,-0.009177
2012-05-02,2.770705,-0.000002,-0.002571,0.002568
2012-05-03,2.773443,-0.004821,-0.003346,-0.001475
2012-05-04,2.776181,-0.002449,-0.004098,0.001649
2012-05-05,2.778919,-0.007452,-0.004828,-0.002624
2012-05-06,2.781656,-0.013466,-0.005535,-0.007931
2012-05-07,2.784394,-0.017022,-0.006220,-0.010802
2012-05-08,2.787132,-0.019366,-0.006882,-0.012483
2012-05-09,2.789870,-0.016390,-0.007523,-0.008867
2012-05-10,2.792608,-0.026566,-0.008141,-0.018425
2012-05-11,2.795346,-0.029442,-0.008737,-0.020705
2012-05-12,2.798084,-0.037457,-0.009310,-0.028147
2012-05-13,2.800821,-0.039170,-0.009862,-0.029308
2012-05-14,2.803559,-0.041907,-0.010392,-0.031515
2012-05-15,2.806297,-0.042074,-0.010899,-0.031174
2012-05-16,2.809035,-0.040884,-0.011385,-0.029499
2012-05-17,2.811773,-0.041703,-0.011849,-0.029854
2012-05-18,2.814511,-0.040642,-0.012291,-0.028351
2012-05-19,2.817248,-0.040452,-0.012712,-0.027740
2012-05-20,2.819986,-0.038558,-0.013111,-0.025447
2012-05-21,2.822724,-0.045612,-0.013488,-0.032124
2012-05-22,2.825462,-0.048475,-0.013844,-0.034631
2012-05-23,2.828200,-0.047144,-0.014178,-0.032966
2012-05-24,2.830938,-0.050261,-0.014491,-0.035770
2012-05-25,2.833676,-0.052074,-0.014783,-0.037291
2012-05-26,2.836413,-0.054986,-0.015053,-0.039933
2012-05-27,2.839151,-0.054953,-0.015302,-0.039650
2012-05-28,2.841889,-0.058925,-0.015531,-0.043395
2012-05-29,2.844627,-0.061503,-0.015738,-0.045765
2012-05-30,2.847365,-0.062376,-0.015924,-0.046453
2012-05-31,2.850103,-0.063279,-0.016089,-0.047190
2012-06-01,2.852841,-0.058894,-0.016234,-0.042660
2012-06-02,2.855578,-0.061659,-0.016357,-0.045302
2012-06-03,2.858316,-0.064446,-0.016460,-0.047986
2012-06-04,2.861054,-0.066469,-0.016543,-0.049926
2012-06-05,2.863792,-0.058589,-0.016605,-0.041984
2012-06-06,2.866530,-0.053789,-0.016646,-0.037142
2012-06-07,2.869268,-0.051065,-0.016668,-0.034397
2012-06-08,2.872005,-0.044256,-0.016669,-0.027587
2012-06-09,2.874743,-0.045300,-0.016649,-0.028651
2012-06-10,2.877481,-0.054199,-0.016610,-0.037589
2012-06-11,2.880219,-0.055909,-0.016551,-0.039358
2012-06-12,2.882957,-0.049040,-0.016472,-0.032569
2012-06-13,2.885695,-0.035179,-0.016373,-0.018806
2012-06-14,2.888433,-0.033712,-0.016254,-0.017458
2012-06-15,2.891170,-0.030426,-0.016115,-0.014311
2012-06-16,2.893908,-0.005069,-0.015957,0.010888
2012-06-17,2.896646,-0.006396,-0.015779,0.009383
2012-06-18,2.899384,-0.014864,-0.015582,0.000718
2012-06-19,2.902122,-0.006108,-0.015366,0.009258
2012-06-20,2.904860,0.002139,-0.015130,0.017269
2012-06-21,2.907598,0.006444,-0.014875,0.021320
2012-06-22,2.910335,-0.001941,-0.014601,0.012660
2012-06-23,2.913073,-0.009725,-0.014308,0.004583
2012-06-24,2.915811,-0.020278,-0.013997,-0.006282
2012-06-25,2.918549,-0.024615,-0.013666,-0.010949
2012-06-26,2.921287,-0.026451,-0.013317,-0.013134
2012-06-27,2.924025,-0.018251,-0.012949,-0.005302
2012-06-28,2.926762,-0.019566,-0.012562,-0.007004
2012-06-29,2.929500,-0.009021,-0.012157,0.003137
2012-06-30,2.932238,-0.018227,-0.011734,-0.006493
2012-07-01,2.934976,-0.020541,-0.011293,-0.009249
2012-07-02,2.937714,-0.010989,-0.010833,-0.000156
2012-07-03,2.940452,-0.025284,-0.010355,-0.014928
2012-07-04,2.943190,-0.030044,-0.009860,-0.020184
2012-07-05,2.945927,-0.026206,-0.009346,-0.016860
2012-07-06,2.948665,-0.030415,-0.008815,-0.021600
2012-07-07,2.951403,-0.026729,-0.008266,-0.018463
2012-07-08,2.954141,-0.026235,-0.007699,-0.018536
2012-07-09,2.956879,-0.022574,-0.007115,-0.015459
2012-07-10,2.959617,-0.003082,-0.006514,0.003432
2012-07-11,2.962355,-0.003101,-0.005895,0.002794
2012-07-12,2.965092,-0.004725,-0.005259,0.000534
2012-07-13,2.967830,0.015621,-0.004606,0.020227
2012-07-14,2.970568,0.012946,-0.003936,0.016882
2012-07-15,2.973306,0.020469,-0.003249,0.023718
2012-07-16,2.976044,0.023327,-0.002545,0.025873
2012-07-17,2.978782,0.046537,-0.001825,0.048362
2012-07-18,2.981520,0.074253,-0.001088,0.075341
2012-07-19,2.984257,0.079522,-0.000334,0.079856
2012-07-20,2.986995,0.041818,0.000435,0.041383
2012-07-21,2.989733,0.057818,0.001222,0.056597
2012-07-22,2.992471,0.052604,0.002024,0.050580
2012-07-23,2.995209,0.051695,0.002842,0.048853
2012-07-24,2.997947,0.048586,0.003677,0.044909
2012-07-25,3.000684,0.040469,0.004527,0.035941
2012-07-26,3.003422,0.046094,0.005393,0.040701
2012-07-27,3.006160,0.052429,0.006275,0.046154
2012-07-28,3.008898,0.052509,0.007172,0.045337
2012-07-29,3.011636,0.046496,0.008085,0.038411
2012-07-30,3.014374,0.047945,0.009013,0.038931
2012-07-31,3.017112,0.061715,0.009957,0.051758
2012-08-01,3.019849,0.072877,0.010915,0.061962
2012-08-02,3.022587,0.084491,0.011889,0.072603
2012-08-03,3.025325,0.118765,0.012877,0.105887
2012-08-04,3.028063,0.133657,0.013881,0.119776
2012-08-05,3.030801,0.112200,0.014899,0.097301
2012-08-06,3.033539,0.122809,0.015932,0.106877
2012-08-07,3.036277,0.122856,0.016979,0.105876
2012-08-08,3.039014,0.127831,0.018041,0.109790
2012-08-09,3.041752,0.132645,0.019117,0.113528
2012-08-10,3.044490,0.131677,0.020207,0.111469
2012-08-11,3.047228,0.136105,0.021311,0.114793
2012-08-12,3.049966,0.138989,0.022430,0.116559
2012-08-13,3.052704,0.142981,0.023562,0.119419
2012-08-14,3.055441,0.152298,0.024708,0.127590
2012-08-15,3.058179,0.169772,0.025868,0.143904
2012-08-16,3.060917,0.192345,0.027041,0.165304
2012-08-17,3.063655,0.207574,0.028228,0.179346
2012-08-18,3.066393,0.143063,0.029428,0.113635
2012-08-19,3.069131,0.054382,0.030641,0.023741
2012-08-20,3.071869,0.043792,0.031867,0.011925
2012-08-21,3.074606,0.065299,0.033107,0.032192
2012-08-22,3.077344,0.058732,0.034359,0.024372
2012-08-23,3.080082,0.056293,0.035625,0.020668
2012-08-24,3.082820,0.062937,0.036903,0.026035
2012-08-25,3.085558,0.073510,0.038193,0.035317
2012-08-26,3.088296,0.073359,0.039496,0.033863
2012-08-27,3.091034,0.097553,0.040811,0.056742
2012-08-28,3.093771,0.086737,0.042139,0.044598
2012-08-29,3.096509,0.077469,0.043479,0.033990
2012-08-30,3.099247,0.073488,0.044831,0.028657
2012-08-31,3.101985,0.057914,0.046195,0.011720
2012-09-01,3.104723,0.039746,0.047571,-0.007824
2012-09-02,3.107461,0.036853,0.048958,-0.012105
2012-09-03,3.110198,0.044840,0.050357,-0.005517
2012-09-04,3.112936,0.045930,0.051768,-0.005838
2012-09-05,3.115674,0.049347,0.053190,-0.003843
2012-09-06,3.118412,0.064454,0.054623,0.009831
2012-09-07,3.121150,0.074688,0.056068,0.018620
2012-09-08,3.123888,0.065461,0.057523,0.007938
2012-09-09,3.126626,0.065995,0.058990,0.007005
2012-09-10,3.129363,0.061188,0.060467,0.000720
2012-09-11,3.132101,0.061244,0.061956,-0.000711
2012-09-12,3.134839,0.064862,0.063455,0.001407
2012-09-13,3.137577,0.065893,0.064964,0.000929
2012-09-14,3.140315,0.074211,0.066484,0.007727
2012-09-15,3.143053,0.073985,0.068014,0.005971
2012-09-16,3.145791,0.081986,0.069555,0.012431
2012-09-17,3.148528,0.078178,0.071105,0.007072
2012-09-18,3.151266,0.081137,0.072666,0.008471
2012-09-19,3.154004,0.092276,0.074237,0.018039
2012-09-20,3.156742,0.099527,0.075817,0.023710
2012-09-21,3.159480,0.088614,0.077407,0.011207
2012-09-22,3.162218,0.083799,0.079007,0.004792
2012-09-23,3.164956,0.075994,0.080616,-0.004621
2012-09-24,3.167693,0.071765,0.082234,-0.010470
2012-09-25,3.170431,0.069691,0.083862,-0.014171
2012-09-26,3.173169,0.071240,0.085499,-0.014259
2012-09-27,3.175907,0.074367,0.087145,-0.012778
2012-09-28,3.178645,0.074365,0.088800,-0.014435
2012-09-29,3.181383,0.074953,0.090464,-0.015511
2012-09-30,3.184120,0.071298,0.092136,-0.020838
2012-10-01,3.186858,0.067164,0.093818,-0.026654
2012-10-02,3.189596,0.073578,0.095507,-0.021929
2012-10-03,3.192334,0.083206,0.097206,-0.013999
2012-10-04,3.195072,0.081912,0.098912,-0.017000
2012-10-05,3.197810,0.074548,0.100627,-0.026078
2012-10-06,3.200548,0.069870,0.102349,-0.032480
2012-10-07,3.203285,0.052383,0.104080,-0.051697
2012-10-08,3.206023,0.023693,0.105819,-0.082126
2012-10-09,3.208761,0.039870,0.107565,-0.067696
2012-10-10,3.211499,0.043543,0.109320,-0.065777
2012-10-11,3.214237,0.041051,0.111081,-0.070031
2012-10-12,3.216975,0.039299,0.112851,-0.073552
2012-10-13,3.219713,0.035459,0.114627,-0.079168
2012-10-14,3.222450,0.030781,0.116411,-0.085630
2012-10-15,3.225188,0.019612,0.118202,-0.098590
2012-10-16,3.227926,0.021038,0.120001,-0.098963
2012-10-17,3.230664,0.022111,0.121806,-0.099695
2012-10-18,3.233402,0.021002,0.123618,-0.102615
2012-10-19,3.236140,0.017330,0.125436,-0.108107
2012-10-20,3.238877,0.010506,0.127262,-0.116756
2012-10-21,3.241615,0.006690,0.129094,-0.122404
2012-10-22,3.244353,0.003128,0.130932,-0.127804
2012-10-23,3.247091,0.004337,0.132777,-0.128440
2012-10-24,3.249829,-0.001063,0.134628,-0.135691
2012-10-25,3.252567,-0.021123,0.136486,-0.157609
2012-10-26,3.255305,-0.050514,0.138349,-0.188863
2012-10-27,3.258042,-0.060074,0.140218,-0.200292
2012-10-28,3.260780,-0.064373,0.142093,-0.206466
2012-10-29,3.263518,-0.051524,0.143974,-0.195498
2012-10-30,3.266256,-0.042793,0.145860,-0.188653
2012-10-31,3.268994,-0.038702,0.147753,-0.186454
2012-11-01,3.271732,-0.034947,0.149650,-0.184597
2012-11-02,3.274470,-0.047564,0.151553,-0.199117
2012-11-03,3.277207,-0.057693,0.153461,-0.211155
2012-11-04,3.279945,-0.064380,0.155374,-0.219755
2012-11-05,3.282683,-0.060289,0.157293,-0.217582
2012-11-06,3.285421,-0.060610,0.159216,-0.219826
2012-11-07,3.288159,-0.056362,0.161144,-0.217506
2012-11-08,3.290897,-0.059871,0.163077,-0.222948
2012-11-09,3.293634,-0.060224,0.165015,-0.225239
2012-11-10,3.296372,-0.062392,0.166957,-0.229349
2012-11-11,3.299110,-0.064821,0.168904,-0.233724
2012-11-12,3.301848,-0.060191,0.170855,-0.231046
2012-11-13,3.304586,-0.063629,0.172810,-0.236440
2012-11-14,3.307324,-0.065444,0.174770,-0.240214
2012-11-15,3.310062,-0.064832,0.176734,-0.241565
2012-11-16,3.312799,-0.052411,0.178701,-0.231113
2012-11-17,3.315537,-0.045156,0.180673,-0.225829
2012-11-18,3.318275,-0.045056,0.182648,-0.227704
2012-11-19,3.321013,-0.047035,0.184627,-0.231663
2012-11-20,3.323751,-0.048527,0.186610,-0.235137
2012-11-21,3.326489,-0.050435,0.188596,-0.239031
2012-11-22,3.329227,-0.043657,0.190586,-0.234243
2012-11-23,3.331964,-0.036243,0.192579,-0.228823
2012-11-24,3.334702,-0.028794,0.194576,-0.223370
2012-11-25,3.337440,-0.033067,0.196575,-0.229642
2012-11-26,3.340178,-0.033437,0.198578,-0.232015
2012-11-27,3.342916,-0.045313,0.200583,-0.245897
2012-11-28,3.345654,-0.041338,0.202592,-0.243930
2012-11-29,3.348392,-0.041599,0.204603,-0.246202
2012-11-30,3.351129,-0.038986,0.206617,-0.245603
2012-12-01,3.353867,-0.038398,0.208634,-0.247031
2012-12-02,3.356605,-0.040197,0.210653,-0.250849
2012-12-03,3.359343,-0.041175,0.212674,-0.253849
2012-12-04,3.362081,-0.033990,0.214698,-0.248688
2012-12-05,3.364819,-0.018930,0.216724,-0.235654
2012-12-06,3.367556,-0.017397,0.218753,-0.236150
2012-12-07,3.370294,-0.018676,0.220783,-0.239459
2012-12-08,3.373032,-0.020413,0.222816,-0.243229
2012-12-09,3.375770,-0.030516,0.224850,-0.255366
2012-12-10,3.378508,-0.026686,0.226886,-0.253573
2012-12-11,3.381246,-0.025544,0.228924,-0.254468
2012-12-12,3.383984,-0.024568,0.230964,-0.255532
2012-12-13,3.386721,-0.024991,0.233005,-0.257996
2012-12-14,3.389459,-0.023851,0.235047,-0.258898
2012-12-15,3.392197,-0.028243,0.237091,-0.265334
2012-12-16,3.394935,-0.034730,0.239137,-0.273866
2012-12-17,3.397673,-0.041885,0.241183,-0.283068
2012-12-18,3.400411,-0.046054,0.243231,-0.289286
2012-12-19,3.403149,-0.045584,0.245280,-0.290864
2012-12-20,3.405886,-0.046205,0.247330,-0.293535
2012-12-21,3.408624,-0.043303,0.249380,-0.292683
2012-12-22,3.411362,-0.047727,0.251432,-0.299159
2012-12-23,3.414100,-0.053891,0.253484,-0.307375
2012-12-24,3.416838,-0.054463,0.255537,-0.310000
2012-12-25,3.419576,-0.057270,0.257590,-0.314860
2012-12-26,3.422313,-0.060133,0.259644,-0.319777
2012-12-27,3.425051,-0.059478,0.261699,-0.321176
2012-12-28,3.427789,-0.060442,0.263753,-0.324195
2012-12-29,3.430527,-0.058840,0.265808,-0.324648
2012-12-30,3.433265,-0.062739,0.267863,-0.330602
2012-12-31,3.436003,-0.063876,0.269918,-0.333794
2013-01-01,3.438741,-0.066083,0.271973,-0.338056
2013-01-02,3.441478,-0.070407,0.274028,-0.344436
2013-01-03,3.444216,-0.070136,0.276083,-0.346219
2013-01-04,3.446954,-0.074778,0.278138,-0.352916
2013-01-05,3.449692,-0.074097,0.280193,-0.354290
2013-01-06,3.452430,-0.077682,0.282247,-0.359929
2013-01-07,3.455168,-0.077251,0.284300,-0.361552
2013-01-08,3.457906,-0.076642,0.286353,-0.362995
2013-01-09,3.460643,-0.070419,0.288406,-0.358825
2013-01-10,3.463381,-0.068153,0.290457,-0.358610
2013-01-11,3.466119,-0.060152,0.292508,-0.352660
2013-01-12,3.468857,-0.060156,0.294559,-0.354715
2013-01-13,3.471595,-0.064304,0.296608,-0.360912
2013-01-14,3.474333,-0.066258,0.298656,-0.364914
2013-01-15,3.477070,-0.062063,0.300703,-0.362766
2013-01-16,3.479808,-0.057032,0.302750,-0.359782
2013-01-17,3.482546,-0.043985,0.304795,-0.348779
2013-01-18,3.485284,-0.027048,0.306838,-0.333886
2013-01-19,3.488022,-0.033040,0.308881,-0.341921
2013-01-20,3.490760,-0.031094,0.310921,-0.342016
2013-01-21,3.493498,-0.014161,0.312961,-0.327122
2013-01-22,3.496235,0.003518,0.314999,-0.311481
2013-01-23,3.498973,0.009276,0.317035,-0.307760
2013-01-24,3.501711,0.025846,0.319070,-0.293224
2013-01-25,3.504449,-0.001383,0.321102,-0.322486
2013-01-26,3.507187,-0.001277,0.323133,-0.324411
2013-01-27,3.509925,0.006308,0.325163,-0.318855
2013-01-28,3.512663,0.031587,0.327190,-0.295603
2013-01-29,3.515400,0.040984,0.329215,-0.288231
2013-01-30,3.518138,0.044358,0.331238,-0.286880
2013-01-31,3.520876,0.063622,0.333259,-0.269636
2013-02-01,3.523614,0.069979,0.335277,-0.265299
2013-02-02,3.526352,0.056102,0.337294,-0.281191
2013-02-03,3.529090,0.055586,0.339307,-0.283721
2013-02-04,3.531828,0.061146,0.341319,-0.280173
2013-02-05,3.534565,0.059415,0.343328,-0.283913
2013-02-06,3.537303,0.066355,0.345334,-0.278980
2013-02-07,3.540041,0.075429,0.347338,-0.271909
2013-02-08,3.542779,0.092522,0.349339,-0.256818
2013-02-09,3.545517,0.110650,0.351338,-0.240688
2013-02-10,3.548255,0.105510,0.353333,-0.247823
2013-02-11,3.550992,0.115855,0.355326,-0.239471
2013-02-12,3.553730,0.134503,0.357316,-0.222813
2013-02-13,3.556468,0.141625,0.359303,-0.217678
2013-02-14,3.559206,0.144177,0.361286,-0.217109
2013-02-15,3.561944,0.164065,0.363267,-0.199202
2013-02-16,3.564682,0.165422,0.365244,-0.199822
2013-02-17,3.567420,0.158557,0.367219,-0.208662
2013-02-18,3.570157,0.153554,0.369190,-0.215635
2013-02-19,3.572895,0.172904,0.371157,-0.198253
2013-02-20,3.575633,0.193321,0.373121,-0.179800
2013-02-21,3.578371,0.195613,0.375082,-0.179468
2013-02-22,3.581109,0.204009,0.377039,-0.173030
2013-02-23,3.583847,0.185156,0.378993,-0.193836
2013-02-24,3.586585,0.189277,0.380942,-0.191665
2013-02-25,3.589322,0.191247,0.382889,-0.191642
2013-02-26,3.592060,0.201521,0.384831,-0.183310
2013-02-27,3.594798,0.208150,0.386770,-0.178620
2013-02-28,3.597536,0.227564,0.388704,-0.161141
2013-03-01,3.600274,0.239558,0.390635,-0.151077
2013-03-02,3.603012,0.238713,0.392562,-0.153849
2013-03-03,3.605749,0.233965,0.394485,-0.160520
2013-03-04,3.608487,0.249441,0.396403,-0.146962
2013-03-05,3.611225,0.294719,0.398318,-0.103599
2013-03-06,3.613963,0.358400,0.400228,-0.041828
2013-03-07,3.616701,0.323581,0.402134,-0.078554
2013-03-08,3.619439,0.331403,0.404036,-0.072633
2013-03-09,3.622177,0.346943,0.405934,-0.058991
2013-03-10,3.624914,0.369095,0.407827,-0.038732
2013-03-11,3.627652,0.373899,0.409715,-0.035816
2013-03-12,3.630390,0.349645,0.411600,-0.061955
2013-03-13,3.633128,0.360268,0.413479,-0.053211
2013-03-14,3.635866,0.362428,0.415354,-0.052926
2013-03-15,3.638604,0.357932,0.417224,-0.059293
2013-03-16,3.641342,0.354473,0.419090,-0.064617
2013-03-17,3.644079,0.354276,0.420951,-0.066675
2013-03-18,3.646817,0.358576,0.422807,-0.064231
2013-03-19,3.649555,0.412937,0.424658,-0.011721
2013-03-20,3.652293,0.462639,0.426504,0.036135
2013-03-21,3.655031,0.511637,0.428346,0.083291
2013-03-22,3.657769,0.529025,0.430182,0.098843
2013-03-23,3.660507,0.488268,0.432014,0.056254
2013-03-24,3.663244,0.502295,0.433840,0.068455
2013-03-25,3.665982,0.534346,0.435661,0.098685
2013-03-26,3.668720,0.556633,0.437477,0.119156
2013-03-27,3.671458,0.596893,0.439288,0.157605
2013-03-28,3.674196,0.622270,0.441093,0.181176
2013-03-29,3.676934,0.615801,0.442893,0.172908
2013-03-30,3.679671,0.623219,0.444688,0.178531
2013-03-31,3.682409,0.628236,0.446478,0.181758
2013-04-01,3.685147,0.648604,0.448262,0.200342
2013-04-02,3.687885,0.686676,0.450040,0.236635
2013-04-03,3.690623,0.764435,0.451813,0.312622
2013-04-04,3.693361,0.773228,0.453581,0.319647
2013-04-05,3.696099,0.788947,0.455343,0.333604
2013-04-06,3.698836,0.799393,0.457099,0.342294
2013-04-07,3.701574,0.825284,0.458850,0.366434
2013-04-08,3.704312,0.901136,0.460595,0.440541
2013-04-09,3.707050,0.960747,0.462334,0.498414
2013-04-10,3.709788,0.991666,0.464067,0.527599
2013-04-11,3.712526,0.757028,0.465794,0.291234
2013-04-12,3.715264,0.569023,0.467516,0.101507
2013-04-13,3.718001,0.658929,0.469232,0.189697
2013-04-14,3.720739,0.629364,0.470941,0.158422
2013-04-15,3.723477,0.600369,0.472645,0.127724
2013-04-16,3.726215,0.456787,0.474343,-0.017555
2013-04-17,3.728953,0.543702,0.476034,0.067668
2013-04-18,3.731691,0.603389,0.477720,0.125669
2013-04-19,3.734428,0.700252,0.479399,0.220852
2013-04-20,3.737166,0.707195,0.481073,0.226123
2013-04-21,3.739904,0.709531,0.482740,0.226791
2013-04-22,3.742642,0.707905,0.484400,0.223505
2013-04-23,3.745380,0.732876,0.486055,0.246821
2013-04-24,3.748118,0.786317,0.487703,0.298613
2013-04-25,3.750856,0.793843,0.489345,0.304498
2013-04-26,3.753593,0.744053,0.490981,0.253073
2013-04-27,3.756331,0.739814,0.492610,0.247204
2013-04-28,3.759069,0.735304,0.494232,0.241072
2013-04-29,3.761807,0.752907,0.495849,0.257058
2013-04-30,3.764545,0.758022,0.497458,0.260564
2013-05-01,3.767283,0.716687,0.499061,0.217626
2013-05-02,3.770021,0.653455,0.500658,0.152797
2013-05-03,3.772758,0.575743,0.502248,0.073495
2013-05-04,3.775496,0.622301,0.503831,0.118470
2013-05-05,3.778234,0.657925,0.505408,0.152517
2013-05-06,3.780972,0.674898,0.506978,0.167920
2013-05-07,3.783710,0.636987,0.508541,0.128446
2013-05-08,3.786448,0.645147,0.510098,0.135050
2013-05-09,3.789185,0.640391,0.511648,0.128743
2013-05-10,3.791923,0.654758,0.513191,0.141567
2013-05-11,3.794661,0.653921,0.514727,0.139194
2013-05-12,3.797399,0.648038,0.516256,0.131782
2013-05-13,3.800137,0.651827,0.517778,0.134048
2013-05-14,3.802875,0.651444,0.519294,0.132150
2013-05-15,3.805613,0.624942,0.520803,0.104139
2013-05-16,3.808350,0.629362,0.522304,0.107058
2013-05-17,3.811088,0.642294,0.523799,0.118495
2013-05-18,3.813826,0.648326,0.525286,0.123039
2013-05-19,3.816564,0.650511,0.526767,0.123745
2013-05-20,3.819302,0.646946,0.528240,0.118706
2013-05-21,3.822040,0.645087,0.529707,0.115380
2013-05-22,3.824778,0.647970,0.531166,0.116804
2013-05-23,3.827515,0.654712,0.532618,0.122094
2013-05-24,3.830253,0.670330,0.534063,0.136267
2013-05-25,3.832991,0.679319,0.535501,0.143818
2013-05-26,3.835729,0.681138,0.536932,0.144206
2013-05-27,3.838467,0.677597,0.538355,0.139242
2013-05-28,3.841205,0.665445,0.539771,0.125674
2013-05-29,3.843943,0.668987,0.541180,0.127807
2013-05-30,3.846680,0.673892,0.542582,0.131310
2013-05-31,3.849418,0.665340,0.543976,0.121364
2013-06-01,3.852156,0.661499,0.545363,0.116136
2013-06-02,3.854894,0.646239,0.546742,0.099497
2013-06-03,3.857632,0.633407,0.548115,0.085292
2013-06-04,3.860370,0.634995,0.549479,0.085515
2013-06-05,3.863107,0.631007,0.550837,0.080170
2013-06-06,3.865845,0.630372,0.552187,0.078185
2013-06-07,3.868583,0.606158,0.553529,0.052628
2013-06-08,3.871321,0.583203,0.554864,0.028338
2013-06-09,3.874059,0.544893,0.556192,-0.011299
2013-06-10,3.876797,0.557366,0.557512,-0.000146
2013-06-11,3.879535,0.568021,0.558825,0.009196
2013-06-12,3.882272,0.572923,0.560130,0.012794
2013-06-13,3.885010,0.565477,0.561427,0.004050
2013-06-14,3.887748,0.539703,0.562717,-0.023014
2013-06-15,3.890486,0.534917,0.563999,-0.029082
2013-06-16,3.893224,0.536937,0.565274,-0.028336
2013-06-17,3.895962,0.533296,0.566541,-0.033245
2013-06-18,3.898700,0.547925,0.567800,-0.019875
2013-06-19,3.901437,0.552923,0.569052,-0.016129
2013-06-20,3.904175,0.555309,0.570296,-0.014988
2013-06-21,3.906913,0.539686,0.571533,-0.031847
2013-06-22,3.909651,0.497846,0.572761,-0.074915
2013-06-23,3.912389,0.528668,0.573982,-0.045314
2013-06-24,3.915127,0.486157,0.575196,-0.089039
2013-06-25,3.917864,0.519361,0.576401,-0.057041
2013-06-26,3.920602,0.514529,0.577599,-0.063070
2013-06-27,3.923340,0.509787,0.578789,-0.069002
2013-06-28,3.926078,0.482477,0.579971,-0.097495
2013-06-29,3.928816,0.471028,0.581146,-0.110118
2013-06-30,3.931554,0.467272,0.582313,-0.115041
2013-07-01,3.934292,0.457812,0.583472,-0.125660
2013-07-02,3.937029,0.444213,0.584623,-0.140410
2013-07-03,3.939767,0.434480,0.585766,-0.151286
2013-07-04,3.942505,0.399981,0.586901,-0.186920
2013-07-05,3.945243,0.367527,0.588029,-0.220502
2013-07-06,3.947981,0.329281,0.589149,-0.259868
2013-07-07,3.950719,0.329547,0.590261,-0.260714
2013-07-08,3.953457,0.371699,0.591365,-0.219666
2013-07-09,3.956194,0.366597,0.592461,-0.225863
2013-07-10,3.958932,0.385112,0.593549,-0.208437
2013-07-11,3.961670,0.427923,0.594629,-0.166707
2013-07-12,3.964408,0.459309,0.595702,-0.136393
2013-07-13,3.967146,0.443749,0.596766,-0.153017
2013-07-14,3.969884,0.453912,0.597823,-0.143911
2013-07-15,3.972621,0.455200,0.598871,-0.143672
2013-07-16,3.975359,0.456014,0.599912,-0.143898
2013-07-17,3.978097,0.422756,0.600945,-0.178189
2013-07-18,3.980835,0.417065,0.601969,-0.184904
2013-07-19,3.983573,0.414944,0.602986,-0.188043
2013-07-20,3.986311,0.425698,0.603995,-0.178298
2013-07-21,3.989049,0.413955,0.604996,-0.191041
2013-07-22,3.991786,0.416450,0.605989,-0.189539
2013-07-23,3.994524,0.418946,0.606974,-0.188028
2013-07-24,3.997262,0.421487,0.607951,-0.186464
2013-07-25,4.000000,0.426085,0.608920,-0.182835
2013-07-26,4.002738,0.429938,0.609881,-0.179943
2013-07-27,4.005476,0.423304,0.610834,-0.187529
2013-07-28,4.008214,0.425214,0.611778,-0.186565
2013-07-29,4.010951,0.437504,0.612715,-0.175212
2013-07-30,4.013689,0.442555,0.613644,-0.171089
2013-07-31,4.016427,0.462197,0.614565,-0.152368
2013-08-01,4.019165,0.455303,0.615478,-0.160175
2013-08-02,4.021903,0.451754,0.616383,-0.164629
2013-08-03,4.024641,0.446989,0.617280,-0.170291
2013-08-04,4.027379,0.445696,0.618169,-0.172472
2013-08-05,4.030116,0.449558,0.619049,-0.169491
2013-08-06,4.032854,0.449918,0.619922,-0.170004
2013-08-07,4.035592,0.447469,0.620787,-0.173318
2013-08-08,4.038330,0.437086,0.621643,-0.184557
2013-08-09,4.041068,0.427992,0.622492,-0.194501
2013-08-10,4.043806,0.424533,0.623333,-0.198799
2013-08-11,4.046543,0.425712,0.624165,-0.198453
2013-08-12,4.049281,0.426139,0.624990,-0.198851
2013-08-13,4.052019,0.431864,0.625806,-0.193942
2013-08-14,4.054757,0.449068,0.626615,-0.177547
2013-08-15,4.057495,0.441611,0.627415,-0.185805
2013-08-16,4.060233,0.436695,0.628208,-0.191512
2013-08-17,4.062971,0.437523,0.628992,-0.191469
2013-08-18,4.065708,0.439526,0.629768,-0.190242
2013-08-19,4.068446,0.449691,0.630537,-0.180845
2013-08-20,4.071184,0.453651,0.631297,-0.177646
2013-08-21,4.073922,0.466921,0.632049,-0.165128
2013-08-22,4.076660,0.479732,0.632794,-0.153061
2013-08-23,4.079398,0.468014,0.633530,-0.165516
2013-08-24,4.082136,0.465713,0.634258,-0.168545
2013-08-25,4.084873,0.474132,0.634978,-0.160846
2013-08-26,4.087611,0.470819,0.635690,-0.164871
2013-08-27,4.090349,0.491545,0.636395,-0.144850
2013-08-28,4.093087,0.495808,0.637091,-0.141283
2013-08-29,4.095825,0.497936,0.637779,-0.139843
2013-08-30,4.098563,0.501833,0.638459,-0.136626
2013-08-31,4.101300,0.528045,0.639131,-0.111086
2013-09-01,4.104038,0.536278,0.639795,-0.103517
2013-09-02,4.106776,0.532640,0.640452,-0.107811
2013-09-03,4.109514,0.529488,0.641100,-0.111612
2013-09-04,4.112252,0.519616,0.641740,-0.122125
2013-09-05,4.114990,0.497302,0.642372,-0.145071
2013-09-06,4.117728,0.500151,0.642997,-0.142846
2013-09-07,4.120465,0.485390,0.643613,-0.158223
2013-09-08,4.123203,0.483742,0.644221,-0.160480
2013-09-09,4.125941,0.479546,0.644822,-0.165276
2013-09-10,4.128679,0.492547,0.645414,-0.152867
2013-09-11,4.131417,0.495198,0.645999,-0.150801
2013-09-12,4.134155,0.507337,0.646576,-0.139239
2013-09-13,4.136893,0.508588,0.647144,-0.138557
2013-09-14,4.139630,0.502754,0.647705,-0.144951
2013-09-15,4.142368,0.496284,0.648258,-0.151974
2013-09-16,4.145106,0.497492,0.648803,-0.151311
2013-09-17,4.147844,0.499069,0.649340,-0.150271
2013-09-18,4.150582,0.500578,0.649869,-0.149291
2013-09-19,4.153320,0.493966,0.650391,-0.156425
2013-09-20,4.156057,0.484615,0.650904,-0.166290
2013-09-21,4.158795,0.480632,0.651410,-0.170778
2013-09-22,4.161533,0.479247,0.651907,-0.172660
2013-09-23,4.164271,0.483559,0.652397,-0.168838
2013-09-24,4.167009,0.484736,0.652879,-0.168144
2013-09-25,4.169747,0.482347,0.653354,-0.171007
2013-09-26,4.172485,0.482702,0.653820,-0.171118
2013-09-27,4.175222,0.482760,0.654279,-0.171518
2013-09-28,4.177960,0.486392,0.654730,-0.168337
2013-09-29,4.180698,0.486673,0.655173,-0.168500
2013-09-30,4.183436,0.476361,0.655608,-0.179247
2013-10-01,4.186174,0.478707,0.656035,-0.177328
2013-10-02,4.188912,0.462902,0.656455,-0.193553
2013-10-03,4.191650,0.426719,0.656867,-0.230148
2013-10-04,4.194387,0.458038,0.657271,-0.199233
2013-10-05,4.197125,0.457208,0.657668,-0.200460
2013-10-06,4.199863,0.454844,0.658056,-0.203213
2013-10-07,4.202601,0.459366,0.658438,-0.199072
2013-10-08,4.205339,0.458456,0.658811,-0.200355
2013-10-09,4.208077,0.460772,0.659177,-0.198405
2013-10-10,4.210815,0.463004,0.659535,-0.196530
2013-10-11,4.213552,0.464381,0.659885,-0.195504
2013-10-12,4.216290,0.463931,0.660228,-0.196297
2013-10-13,4.219028,0.470633,0.660563,-0.189930
2013-10-14,4.221766,0.485404,0.660890,-0.175486
2013-10-15,4.224504,0.492649,0.661210,-0.168561
2013-10-16,4.227242,0.506510,0.661522,-0.155012
2013-10-17,4.229979,0.502706,0.661827,-0.159121
2013-10-18,4.232717,0.518692,0.662124,-0.143432
2013-10-19,4.235455,0.552557,0.662414,-0.109857
2013-10-20,4.238193,0.563188,0.662696,-0.099508
2013-10-21,4.240931,0.582610,0.662970,-0.080360
2013-10-22,4.243669,0.611404,0.663237,-0.051834
2013-10-23,4.246407,0.631353,0.663497,-0.032143
2013-10-24,4.249144,0.626412,0.663749,-0.037336
2013-10-25,4.251882,0.597609,0.663993,-0.066384
2013-10-26,4.254620,0.595819,0.664230,-0.068411
2013-10-27,4.257358,0.602516,0.664460,-0.061943
2013-10-28,4.260096,0.620393,0.664682,-0.044288
2013-10-29,4.262834,0.627893,0.664896,-0.037003
2013-10-30,4.265572,0.633873,0.665104,-0.031231
2013-10-31,4.268309,0.630886,0.665304,-0.034418
2013-11-01,4.271047,0.635688,0.665496,-0.029808
2013-11-02,4.273785,0.635597,0.665681,-0.030084
2013-11-03,4.276523,0.638377,0.665859,-0.027482
2013-11-04,4.279261,0.654505,0.666029,-0.011525
2013-11-05,4.281999,0.694164,0.666193,0.027971
2013-11-06,4.284736,0.728238,0.666348,0.061889
2013-11-07,4.287474,0.769087,0.666497,0.102590
2013-11-08,4.290212,0.815884,0.666638,0.149246
2013-11-09,4.292950,0.858211,0.666772,0.191438
2013-11-10,4.295688,0.802901,0.666899,0.136002
2013-11-11,4.298426,0.839979,0.667019,0.172961
2013-11-12,4.301164,0.862946,0.667131,0.195815
2013-11-13,4.303901,0.891430,0.667236,0.224194
2013-11-14,4.306639,0.929477,0.667334,0.262142
2013-11-15,4.309377,0.932463,0.667425,0.265038
2013-11-16,4.312115,0.939010,0.667509,0.271502
2013-11-17,4.314853,0.970729,0.667585,0.303144
2013-11-18,4.317591,1.046845,0.667655,0.379190
2013-11-19,4.320329,1.104728,0.667717,0.437011
2013-11-20,4.323066,1.024577,0.667773,0.356805
2013-11-21,4.325804,1.112210,0.667821,0.444389
2013-11-22,4.328542,1.160606,0.667862,0.492744
2013-11-23,4.331280,1.214585,0.667896,0.546689
2013-11-24,4.334018,1.190015,0.667924,0.522091
2013-11-25,4.336756,1.196415,0.667944,0.528471
2013-11-26,4.339493,1.214061,0.667957,0.546104
2013-11-27,4.342231,1.258015,0.667963,0.590052
2013-11-28,4.344969,1.287377,0.667963,0.619415
2013-11-29,4.347707,1.316748,0.667955,0.648793
2013-11-30,4.350445,1.340488,0.667941,0.672547
2013-12-01,4.353183,1.282706,0.667920,0.614786
2013-12-02,4.355921,1.285273,0.667891,0.617382
2013-12-03,4.358658,1.301874,0.667856,0.634017
2013-12-04,4.361396,1.318631,0.667815,0.650817
2013-12-05,4.364134,1.294646,0.667766,0.626880
2013-12-06,4.366872,1.255809,0.667711,0.588099
2013-12-07,4.369610,1.152377,0.667648,0.484729
2013-12-08,4.372348,1.143474,0.667580,0.475895
2013-12-09,4.375086,1.215270,0.667504,0.547766
2013-12-10,4.377823,1.249343,0.667422,0.581921
2013-12-11,4.380561,1.234464,0.667333,0.567131
2013-12-12,4.383299,1.212076,0.667237,0.544839
2013-12-13,4.386037,1.219376,0.667135,0.552241
2013-12-14,4.388775,1.208378,0.667026,0.541352
2013-12-15,4.391513,1.185653,0.666910,0.518743
2013-12-16,4.394251,1.165783,0.666788,0.498995
2013-12-17,4.396988,1.107172,0.666659,0.440512
2013-12-18,4.399726,1.013873,0.666524,0.347348
2013-12-19,4.402464,1.055043,0.666382,0.388661
2013-12-20,4.405202,1.088485,0.666234,0.422251
2013-12-21,4.407940,1.048254,0.666079,0.382175
2013-12-22,4.410678,1.056749,0.665918,0.390830
2013-12-23,4.413415,1.062277,0.665751,0.396527
2013-12-24,4.416153,1.069604,0.665576,0.404027
2013-12-25,4.418891,1.072305,0.665396,0.406909
2013-12-26,4.421629,1.106838,0.665209,0.441629
2013-12-27,4.424367,1.114737,0.665016,0.449721
2013-12-28,4.427105,1.109265,0.664816,0.444449
2013-12-29,4.429843,1.104203,0.664610,0.439592
2013-12-30,4.432580,1.113577,0.664398,0.449179
2013-12-31,4.435318,1.109065,0.664180,0.444885
2014-01-01,4.438056,1.116170,0.663955,0.452215
2014-01-02,4.440794,1.123661,0.663724,0.459937
2014-01-03,4.443532,1.143028,0.663487,0.479541
2014-01-04,4.446270,1.147920,0.663244,0.484677
2014-01-05,4.449008,1.177324,0.662994,0.514330
2014-01-06,4.451745,1.209178,0.662738,0.546439
2014-01-07,4.454483,1.181085,0.662477,0.518609
2014-01-08,4.457221,1.147765,0.662209,0.485556
2014-01-09,4.459959,1.150316,0.661935,0.488382
2014-01-10,4.462697,1.150821,0.661655,0.489166
2014-01-11,4.465435,1.176194,0.661368,0.514825
2014-01-12,4.468172,1.169038,0.661076,0.507961
2014-01-13,4.470910,1.145015,0.660778,0.484237
2014-01-14,4.473648,1.144663,0.660474,0.484189
2014-01-15,4.476386,1.150175,0.660164,0.490011
2014-01-16,4.479124,1.145453,0.659848,0.485605
2014-01-17,4.481862,1.128658,0.659526,0.469131
2014-01-18,4.484600,1.131105,0.659198,0.471907
2014-01-19,4.487337,1.134231,0.658865,0.475366
2014-01-20,4.490075,1.139089,0.658525,0.480564
2014-01-21,4.492813,1.133394,0.658180,0.475214
2014-01-22,4.495551,1.129596,0.657829,0.471767
2014-01-23,4.498289,1.127476,0.657472,0.470004
2014-01-24,4.501027,1.114620,0.657109,0.457511
2014-01-25,4.503765,1.116503,0.656741,0.459762
2014-01-26,4.506502,1.120506,0.656367,0.464139
2014-01-27,4.509240,1.115062,0.655987,0.459075
2014-01-28,4.511978,1.104252,0.655602,0.448650
2014-01-29,4.514716,1.108195,0.655211,0.452984
2014-01-30,4.517454,1.105879,0.654814,0.451065
2014-01-31,4.520192,1.108985,0.654412,0.454573
2014-02-01,4.522930,1.112918,0.654004,0.458914
2014-02-02,4.525667,1.113749,0.653591,0.460158
2014-02-03,4.528405,1.109031,0.653172,0.455859
2014-02-04,4.531143,1.106349,0.652747,0.453601
2014-02-05,4.533881,1.101947,0.652318,0.449629
2014-02-06,4.536619,1.088974,0.651882,0.437092
2014-02-07,4.539357,1.054397,0.651442,0.402956
2014-02-08,4.542094,1.041347,0.650995,0.390351
2014-02-09,4.544832,1.035154,0.650544,0.384610
2014-02-10,4.547570,1.019320,0.650087,0.369233
2014-02-11,4.550308,1.028553,0.649625,0.378929
2014-02-12,4.553046,1.010325,0.649157,0.361168
2014-02-13,4.555784,0.994288,0.648684,0.345603
2014-02-14,4.558522,0.978921,0.648206,0.330714
2014-02-15,4.561259,0.993034,0.647723,0.345311
2014-02-16,4.563997,0.978776,0.647234,0.331542
2014-02-17,4.566735,0.976788,0.646741,0.330047
2014-02-18,4.569473,0.972681,0.646242,0.326439
2014-02-19,4.572211,0.967401,0.645738,0.321663
2014-02-20,4.574949,0.943726,0.645229,0.298497
2014-02-21,4.577687,0.918511,0.644714,0.273797
2014-02-22,4.580424,0.928908,0.644195,0.284713
2014-02-23,4.583162,0.955002,0.643670,0.311331
2014-02-24,4.585900,0.921086,0.643141,0.277945
2014-02-25,4.588638,0.862944,0.642607,0.220338
2014-02-26,4.591376,0.926703,0.642067,0.284636
2014-02-27,4.594114,0.932168,0.641523,0.290646
2014-02-28,4.596851,0.921499,0.640973,0.280525
2014-03-01,4.599589,0.915914,0.640419,0.275495
2014-03-02,4.602327,0.916520,0.639860,0.276660
2014-03-03,4.605065,0.948241,0.639296,0.308945
2014-03-04,4.607803,0.988537,0.638727,0.349810
2014-03-05,4.610541,0.982042,0.638154,0.343889
2014-03-06,4.613279,0.981196,0.637575,0.343620
2014-03-07,4.616016,0.963796,0.636992,0.326804
2014-03-08,4.618754,0.948969,0.636404,0.312565
2014-03-09,4.621492,0.951557,0.635811,0.315745
2014-03-10,4.624230,0.951172,0.635214,0.315958
2014-03-11,4.626968,0.947067,0.634612,0.312455
2014-03-12,4.629706,0.953604,0.634005,0.319599
2014-03-13,4.632444,0.954995,0.633394,0.321601
2014-03-14,4.635181,0.949914,0.632778,0.317135
2014-03-15,4.637919,0.948247,0.632158,0.316089
2014-03-16,4.640657,0.947432,0.631533,0.315899
2014-03-17,4.643395,0.940486,0.630903,0.309583
2014-03-18,4.646133,0.930620,0.630269,0.300351
2014-03-19,4.648871,0.929372,0.629631,0.299741
2014-03-20,4.651608,0.915513,0.628988,0.286525
2014-03-21,4.654346,0.903609,0.628340,0.275268
2014-03-22,4.657084,0.887401,0.627689,0.259712
2014-03-23,4.659822,0.887609,0.627033,0.260576
2014-03-24,4.662560,0.885737,0.626372,0.259365
2014-03-25,4.665298,0.894905,0.625707,0.269198
2014-03-26,4.668036,0.895055,0.625038,0.270017
2014-03-27,4.670773,0.866701,0.624365,0.242336
2014-03-28,4.673511,0.835312,0.623687,0.211625
2014-03-29,4.676249,0.827198,0.623005,0.204193
2014-03-30,4.678987,0.798623,0.622319,0.176303
2014-03-31,4.681725,0.785753,0.621629,0.164124
2014-04-01,4.684463,0.801728,0.620934,0.180793
2014-04-02,4.687201,0.789029,0.620236,0.168793
2014-04-03,4.689938,0.760964,0.619533,0.141431
2014-04-04,4.692676,0.767929,0.618826,0.149103
2014-04-05,4.695414,0.773486,0.618115,0.155370
2014-04-06,4.698152,0.777922,0.617401,0.160521
2014-04-07,4.700890,0.773865,0.616682,0.157183
2014-04-08,4.703628,0.771576,0.615959,0.155617
2014-04-09,4.706366,0.765115,0.615232,0.149883
2014-04-10,4.709103,0.723005,0.614501,0.108503
2014-04-11,4.711841,0.713916,0.613767,0.100149
2014-04-12,4.714579,0.740308,0.613028,0.127281
2014-04-13,4.717317,0.727689,0.612286,0.115403
2014-04-14,4.720055,0.754488,0.611539,0.142949
2014-04-15,4.722793,0.794387,0.610789,0.183598
2014-04-16,4.725530,0.816917,0.610035,0.206882
2014-04-17,4.728268,0.805826,0.609278,0.196548
2014-04-18,4.731006,0.790362,0.608516,0.181845
2014-04-19,4.733744,0.793428,0.607751,0.185677
2014-04-20,4.736482,0.801303,0.606982,0.194320
2014-04-21,4.739220,0.797032,0.606210,0.190822
2014-04-22,4.741958,0.790792,0.605434,0.185358
2014-04-23,4.744695,0.784559,0.604654,0.179906
2014-04-24,4.747433,0.783085,0.603871,0.179215
2014-04-25,4.750171,0.758528,0.603084,0.155444
2014-04-26,4.752909,0.753824,0.602293,0.151531
2014-04-27,4.755647,0.744830,0.601499,0.143330
2014-04-28,4.758385,0.729455,0.600702,0.128753
2014-04-29,4.761123,0.733241,0.599901,0.133340
2014-04-30,4.763860,0.733735,0.599096,0.134639
2014-05-01,4.766598,0.742283,0.598288,0.143995
2014-05-02,4.769336,0.736639,0.597477,0.139162
2014-05-03,4.772074,0.725827,0.596663,0.129165
2014-05-04,4.774812,0.718658,0.595845,0.122814
2014-05-05,4.777550,0.714745,0.595023,0.119722
2014-05-06,4.780287,0.709648,0.594199,0.115449
2014-05-07,4.783025,0.717909,0.593371,0.124539
2014-05-08,4.785763,0.721792,0.592539,0.129252
2014-05-09,4.788501,0.724410,0.591705,0.132704
2014-05-10,4.791239,0.726546,0.590867,0.135679
2014-05-11,4.793977,0.717495,0.590027,0.127469
2014-05-12,4.796715,0.712027,0.589183,0.122844
2014-05-13,4.799452,0.710404,0.588336,0.122068
2014-05-14,4.802190,0.713223,0.587485,0.125737
2014-05-15,4.804928,0.715925,0.586632,0.129293
2014-05-16,4.807666,0.715344,0.585776,0.129568
2014-05-17,4.810404,0.715085,0.584916,0.130169
2014-05-18,4.813142,0.711213,0.584054,0.127159
2014-05-19,4.815880,0.708486,0.583188,0.125298
2014-05-20,4.818617,0.728364,0.582320,0.146044
2014-05-21,4.821355,0.749236,0.581449,0.167787
2014-05-22,4.824093,0.764056,0.580574,0.183482
2014-05-23,4.826831,0.777705,0.579697,0.198007
2014-05-24,4.829569,0.769108,0.578817,0.190291
2014-05-25,4.832307,0.799414,0.577934,0.221479
2014-05-26,4.835044,0.815261,0.577049,0.238212
2014-05-27,4.837782,0.808848,0.576160,0.232688
2014-05-28,4.840520,0.807643,0.575269,0.232375
2014-05-29,4.843258,0.803574,0.574375,0.229199
2014-05-30,4.845996,0.824413,0.573478,0.250935
2014-05-31,4.848734,0.839464,0.572578,0.266885
2014-06-01,4.851472,0.854777,0.571676,0.283100
2014-06-02,4.854209,0.848848,0.570771,0.278077
2014-06-03,4.856947,0.866592,0.569864,0.296728
2014-06-04,4.859685,0.850104,0.568954,0.281150
2014-06-05,4.862423,0.855945,0.568041,0.287904
2014-06-06,4.865161,0.856347,0.567126,0.289221
2014-06-07,4.867899,0.852044,0.566208,0.285836
2014-06-08,4.870637,0.852814,0.565288,0.287527
2014-06-09,4.873374,0.847898,0.564365,0.283534
2014-06-10,4.876112,0.848004,0.563440,0.284565
2014-06-11,4.878850,0.840127,0.562512,0.277615
2014-06-12,4.881588,0.823339,0.561582,0.261757
2014-06-13,4.884326,0.803893,0.560649,0.243244
2014-06-14,4.887064,0.787158,0.559714,0.227444
2014-06-15,4.889802,0.778913,0.558777,0.220136
2014-06-16,4.892539,0.800069,0.557837,0.242232
2014-06-17,4.895277,0.800564,0.556895,0.243669
2014-06-18,4.898015,0.807981,0.555951,0.252030
2014-06-19,4.900753,0.804851,0.555004,0.249847
2014-06-20,4.903491,0.794209,0.554056,0.240153
2014-06-21,4.906229,0.791931,0.553105,0.238827
2014-06-22,4.908966,0.798696,0.552152,0.246545
2014-06-23,4.911704,0.789454,0.551196,0.238257
2014-06-24,4.914442,0.785845,0.550239,0.235606
2014-06-25,4.917180,0.771924,0.549279,0.222645
2014-06-26,4.919918,0.771404,0.548317,0.223087
2014-06-27,4.922656,0.779844,0.547354,0.232490
2014-06-28,4.925394,0.788052,0.546388,0.241664
2014-06-29,4.928131,0.785633,0.545420,0.240214
2014-06-30,4.930869,0.803390,0.544450,0.258940
2014-07-01,4.933607,0.819558,0.543478,0.276080
2014-07-02,4.936345,0.817681,0.542504,0.275177
2014-07-03,4.939083,0.815314,0.541528,0.273786
2014-07-04,4.941821,0.808247,0.540550,0.267696
2014-07-05,4.944559,0.801813,0.539571,0.262243
2014-07-06,4.947296,0.803956,0.538589,0.265367
2014-07-07,4.950034,0.797356,0.537606,0.259750
2014-07-08,4.952772,0.792212,0.536621,0.255591
2014-07-09,4.955510,0.791620,0.535634,0.255987
2014-07-10,4.958248,0.786678,0.534645,0.252033
2014-07-11,4.960986,0.789001,0.533654,0.255347
2014-07-12,4.963723,0.794224,0.532662,0.261562
2014-07-13,4.966461,0.791598,0.531668,0.259931
2014-07-14,4.969199,0.785605,0.530672,0.254933
2014-07-15,4.971937,0.783484,0.529674,0.253810
2014-07-16,4.974675,0.780720,0.528675,0.252044
2014-07-17,4.977413,0.779963,0.527675,0.252288
2014-07-18,4.980151,0.781296,0.526672,0.254624
2014-07-19,4.982888,0.782368,0.525668,0.256700
2014-07-20,4.985626,0.779206,0.524663,0.254543
2014-07-21,4.988364,0.776396,0.523656,0.252740
2014-07-22,4.991102,0.773858,0.522647,0.251211
2014-07-23,4.993840,0.772025,0.521637,0.250388
2014-07-24,4.996578,0.763508,0.520626,0.242882
2014-07-25,4.999316,0.756732,0.519612,0.237120
2014-07-26,5.002053,0.751293,0.518598,0.232695
2014-07-27,5.004791,0.749906,0.517582,0.232324
2014-07-28,5.007529,0.740506,0.516565,0.223941
2014-07-29,5.010267,0.739019,0.515546,0.223472
2014-07-30,5.013005,0.730630,0.514526,0.216103
2014-07-31,5.015743,0.730608,0.513505,0.217104
2014-08-01,5.018480,0.738721,0.512482,0.226239
2014-08-02,5.021218,0.739597,0.511458,0.228139
2014-08-03,5.023956,0.734038,0.510433,0.223605
2014-08-04,5.026694,0.735290,0.509407,0.225884
2014-08-05,5.029432,0.730336,0.508379,0.221957
2014-08-06,5.032170,0.727646,0.507350,0.220296
2014-08-07,5.034908,0.728725,0.506320,0.222405
2014-08-08,5.037645,0.731521,0.505289,0.226232
2014-08-09,5.040383,0.727558,0.504256,0.223301
2014-08-10,5.043121,0.727895,0.503223,0.224672
2014-08-11,5.045859,0.722928,0.502188,0.220740
2014-08-12,5.048597,0.711457,0.501153,0.210305
2014-08-13,5.051335,0.697445,0.500116,0.197329
2014-08-14,5.054073,0.669217,0.499078,0.170139
2014-08-15,5.056810,0.659859,0.498039,0.161820
2014-08-16,5.059548,0.655106,0.496999,0.158106
2014-08-17,5.062286,0.653958,0.495959,0.158000
2014-08-18,5.065024,0.629171,0.494917,0.134254
2014-08-19,5.067762,0.629494,0.493874,0.135619
2014-08-20,5.070500,0.640665,0.492831,0.147834
2014-08-21,5.073238,0.662182,0.491786,0.170396
2014-08-22,5.075975,0.656697,0.490741,0.165956
2014-08-23,5.078713,0.647335,0.489695,0.157640
2014-08-24,5.081451,0.649082,0.488648,0.160434
2014-08-25,5.084189,0.642226,0.487600,0.154626
2014-08-26,5.086927,0.645521,0.486551,0.158970
2014-08-27,5.089665,0.651685,0.485502,0.166183
2014-08-28,5.092402,0.641906,0.484452,0.157454
2014-08-29,5.095140,0.643825,0.483401,0.160424
2014-08-30,5.097878,0.638143,0.482349,0.155794
2014-08-31,5.100616,0.625330,0.481297,0.144033
2014-09-01,5.103354,0.615881,0.480244,0.135637
2014-09-02,5.106092,0.618915,0.479190,0.139725
2014-09-03,5.108830,0.607715,0.478136,0.129579
2014-09-04,5.111567,0.610361,0.477081,0.133280
2014-09-05,5.114305,0.613239,0.476026,0.137213
2014-09-06,5.117043,0.617099,0.474970,0.142129
2014-09-07,5.119781,0.609533,0.473913,0.135620
2014-09-08,5.122519,0.599553,0.472856,0.126697
2014-09-09,5.125257,0.594019,0.471798,0.122221
2014-09-10,5.127995,0.602075,0.470740,0.131335
2014-09-11,5.130732,0.598321,0.469681,0.128640
2014-09-12,5.133470,0.594520,0.468622,0.125898
2014-09-13,5.136208,0.595778,0.467563,0.128215
2014-09-14,5.138946,0.597962,0.466503,0.131460
2014-09-15,5.141684,0.592220,0.465442,0.126778
2014-09-16,5.144422,0.589174,0.464382,0.124792
2014-09-17,5.147159,0.574245,0.463320,0.110924
2014-09-18,5.149897,0.554177,0.462259,0.091918
2014-09-19,5.152635,0.518352,0.461197,0.057155
2014-09-20,5.155373,0.523816,0.460135,0.063681
2014-09-21,5.158111,0.516508,0.459073,0.057436
2014-09-22,5.160849,0.504563,0.458010,0.046553
2014-09-23,5.163587,0.522708,0.456947,0.065761
2014-09-24,5.166324,0.536085,0.455884,0.080201
2014-09-25,5.169062,0.517867,0.454821,0.063047
2014-09-26,5.171800,0.510883,0.453757,0.057126
2014-09-27,5.174538,0.506195,0.452693,0.053502
2014-09-28,5.177276,0.499469,0.451629,0.047840
2014-09-29,5.180014,0.478636,0.450565,0.028071
2014-09-30,5.182752,0.478318,0.449501,0.028817
2014-10-01,5.185489,0.482983,0.448437,0.034546
2014-10-02,5.188227,0.472947,0.447372,0.025575
2014-10-03,5.190965,0.462516,0.446308,0.016208
2014-10-04,5.193703,0.434917,0.445243,-0.010327
2014-10-05,5.196441,0.390988,0.444179,-0.053190
2014-10-06,5.199179,0.399876,0.443114,-0.043238
2014-10-07,5.201916,0.406227,0.442050,-0.035823
2014-10-08,5.204654,0.409000,0.440985,-0.031985
2014-10-09,5.207392,0.449438,0.439921,0.009517
2014-10-10,5.210130,0.435828,0.438856,-0.003028
2014-10-11,5.212868,0.432868,0.437792,-0.004924
2014-10-12,5.215606,0.444419,0.436728,0.007691
2014-10-13,5.218344,0.458328,0.435664,0.022665
2014-10-14,5.221081,0.485504,0.434600,0.050905
2014-10-15,5.223819,0.476201,0.433536,0.042665
2014-10-16,5.226557,0.466413,0.432472,0.033941
2014-10-17,5.229295,0.457614,0.431408,0.026206
2014-10-18,5.232033,0.460454,0.430345,0.030109
2014-10-19,5.234771,0.465065,0.429282,0.035783
2014-10-20,5.237509,0.458087,0.428219,0.029868
2014-10-21,5.240246,0.460709,0.427156,0.033553
2014-10-22,5.242984,0.456945,0.426094,0.030851
2014-10-23,5.245722,0.437877,0.425031,0.012845
2014-10-24,5.248460,0.424112,0.423970,0.000142
2014-10-25,5.251198,0.416085,0.422908,-0.006823
2014-10-26,5.253936,0.417878,0.421847,-0.003969
2014-10-27,5.256674,0.416614,0.420786,-0.004172
2014-10-28,5.259411,0.413228,0.419725,-0.006497
2014-10-29,5.262149,0.402591,0.418665,-0.016074
2014-10-30,5.264887,0.393724,0.417605,-0.023882
2014-10-31,5.267625,0.396842,0.416546,-0.019704
2014-11-01,5.270363,0.380230,0.415487,-0.035257
2014-11-02,5.273101,0.372067,0.414429,-0.042361
2014-11-03,5.275838,0.373248,0.413371,-0.040123
2014-11-04,5.278576,0.371220,0.412313,-0.041093
2014-11-05,5.281314,0.382277,0.411256,-0.028979
2014-11-06,5.284052,0.390730,0.410200,-0.019470
2014-11-07,5.286790,0.390906,0.409144,-0.018238
2014-11-08,5.289528,0.388413,0.408088,-0.019675
2014-11-09,5.292266,0.394283,0.407033,-0.012750
2014-11-10,5.295003,0.411581,0.405979,0.005602
2014-11-11,5.297741,0.413397,0.404925,0.008472
2014-11-12,5.300479,0.443816,0.403872,0.039944
2014-11-13,5.303217,0.474033,0.402819,0.071214
2014-11-14,5.305955,0.447161,0.401767,0.045394
2014-11-15,5.308693,0.432099,0.400716,0.031383
2014-11-16,5.311431,0.430707,0.399665,0.031042
2014-11-17,5.314168,0.441226,0.398615,0.042611
2014-11-18,5.316906,0.423804,0.397566,0.026238
2014-11-19,5.319644,0.418898,0.396518,0.022381
2014-11-20,5.322382,0.401804,0.395470,0.006334
2014-11-21,5.325120,0.389227,0.394423,-0.005195
2014-11-22,5.327858,0.389115,0.393376,-0.004262
2014-11-23,5.330595,0.390024,0.392331,-0.002307
2014-11-24,5.333333,0.408440,0.391286,0.017154
2014-11-25,5.336071,0.416535,0.390242,0.026293
2014-11-26,5.338809,0.402060,0.389199,0.012861
2014-11-27,5.341547,0.400788,0.388157,0.012631
2014-11-28,5.344285,0.397774,0.387115,0.010659
2014-11-29,5.347023,0.406576,0.386075,0.020502
2014-11-30,5.349760,0.405581,0.385035,0.020546
2014-12-01,5.352498,0.397215,0.383996,0.013219
2014-12-02,5.355236,0.404872,0.382958,0.021914
2014-12-03,5.357974,0.401554,0.381921,0.019633
2014-12-04,5.360712,0.395834,0.380885,0.014949
2014-12-05,5.363450,0.393071,0.379850,0.013221
2014-12-06,5.366188,0.394580,0.378815,0.015765
2014-12-07,5.368925,0.392262,0.377782,0.014480
2014-12-08,5.371663,0.385918,0.376750,0.009168
2014-12-09,5.374401,0.364935,0.375719,-0.010784
2014-12-10,5.377139,0.364453,0.374688,-0.010235
2014-12-11,5.379877,0.362233,0.373659,-0.011426
2014-12-12,5.382615,0.363185,0.372631,-0.009446
2014-12-13,5.385352,0.356726,0.371604,-0.014878
2014-12-14,5.388090,0.357080,0.370578,-0.013498
2014-12-15,5.390828,0.352585,0.369553,-0.016968
2014-12-16,5.393566,0.337306,0.368529,-0.031223
2014-12-17,5.396304,0.319717,0.367506,-0.047789
2014-12-18,5.399042,0.311296,0.366485,-0.055189
2014-12-19,5.401780,0.304800,0.365464,-0.060664
2014-12-20,5.404517,0.316438,0.364445,-0.048007
2014-12-21,5.407255,0.314300,0.363427,-0.049127
2014-12-22,5.409993,0.316750,0.362410,-0.045660
2014-12-23,5.412731,0.323108,0.361394,-0.038286
2014-12-24,5.415469,0.317416,0.360379,-0.042964
2014-12-25,5.418207,0.303549,0.359366,-0.055817
2014-12-26,5.420945,0.306527,0.358354,-0.051827
2014-12-27,5.423682,0.301231,0.357343,-0.056112
2014-12-28,5.426420,0.296211,0.356333,-0.060122
2014-12-29,5.429158,0.294332,0.355325,-0.060993
2014-12-30,5.431896,0.289622,0.354318,-0.064695
2014-12-31,5.434634,0.289222,0.353312,-0.064089
2015-01-01,5.437372,0.291237,0.352307,-0.061070
2015-01-02,5.440110,0.289181,0.351304,-0.062123
2015-01-03,5.442847,0.271101,0.350302,-0.079201
2015-01-04,5.445585,0.228558,0.349302,-0.120744
2015-01-05,5.448323,0.223118,0.348303,-0.125185
2015-01-06,5.451061,0.227205,0.347305,-0.120099
2015-01-07,5.453799,0.244273,0.346308,-0.102035
2015-01-08,5.456537,0.248439,0.345313,-0.096875
2015-01-09,5.459274,0.242556,0.344320,-0.101764
2015-01-10,5.462012,0.231576,0.343327,-0.111751
2015-01-11,5.464750,0.218974,0.342337,-0.123363
2015-01-12,5.467488,0.211020,0.341347,-0.130328
2015-01-13,5.470226,0.164509,0.340360,-0.175851
2015-01-14,5.472964,0.072149,0.339373,-0.267224
2015-01-15,5.475702,0.091059,0.338388,-0.247329
2015-01-16,5.478439,0.100691,0.337405,-0.236713
2015-01-17,5.481177,0.077288,0.336423,-0.259134
2015-01-18,5.483915,0.089261,0.335442,-0.246181
2015-01-19,5.486653,0.097928,0.334463,-0.236535
2015-01-20,5.489391,0.095175,0.333486,-0.238311
2015-01-21,5.492129,0.103627,0.332510,-0.228883
2015-01-22,5.494867,0.130548,0.331536,-0.200988
2015-01-23,5.497604,0.128303,0.330563,-0.202260
2015-01-24,5.500342,0.142094,0.329592,-0.187498
2015-01-25,5.503080,0.161300,0.328623,-0.167323
2015-01-26,5.505818,0.211284,0.327655,-0.116370
2015-01-27,5.508556,0.179060,0.326688,-0.147628
2015-01-28,5.511294,0.165970,0.325724,-0.159754
2015-01-29,5.514031,0.128811,0.324760,-0.195949
2015-01-30,5.516769,0.126485,0.323799,-0.197314
2015-01-31,5.519507,0.118649,0.322839,-0.204190
2015-02-01,5.522245,0.101574,0.321881,-0.220308
2015-02-02,5.524983,0.112968,0.320925,-0.207957
2015-02-03,5.527721,0.130483,0.319970,-0.189487
2015-02-04,5.530459,0.111363,0.319017,-0.207654
2015-02-05,5.533196,0.098439,0.318066,-0.219627
2015-02-06,5.535934,0.093715,0.317116,-0.223401
2015-02-07,5.538672,0.102308,0.316168,-0.213860
2015-02-08,5.541410,0.101601,0.315222,-0.213621
2015-02-09,5.544148,0.092417,0.314278,-0.221861
2015-02-10,5.546886,0.087047,0.313335,-0.226288
2015-02-11,5.549624,0.088413,0.312394,-0.223981
2015-02-12,5.552361,0.087950,0.311455,-0.223506
2015-02-13,5.555099,0.108977,0.310518,-0.201540
2015-02-14,5.557837,0.131185,0.309582,-0.178397
2015-02-15,5.560575,0.137297,0.308649,-0.171352
2015-02-16,5.563313,0.112686,0.307717,-0.195031
2015-02-17,5.566051,0.117632,0.306787,-0.189155
2015-02-18,5.568789,0.117377,0.305859,-0.188482
2015-02-19,5.571526,0.115161,0.304932,-0.189772
2015-02-20,5.574264,0.121713,0.304008,-0.182295
2015-02-21,5.577002,0.121338,0.303085,-0.181747
2015-02-22,5.579740,0.116253,0.302165,-0.185912
2015-02-23,5.582478,0.106718,0.301246,-0.194528
2015-02-24,5.585216,0.109088,0.300329,-0.191241
2015-02-25,5.587953,0.107396,0.299414,-0.192018
2015-02-26,5.590691,0.103917,0.298501,-0.194583
2015-02-27,5.593429,0.124480,0.297590,-0.173109
2015-02-28,5.596167,0.128388,0.296680,-0.168293
2015-03-01,5.598905,0.126859,0.295773,-0.168914
2015-03-02,5.601643,0.143902,0.294868,-0.150965
2015-03-03,5.604381,0.162572,0.293964,-0.131393
2015-03-04,5.607118,0.168591,0.293063,-0.124472
2015-03-05,5.609856,0.156169,0.292163,-0.135995
2015-03-06,5.612594,0.156095,0.291266,-0.135171
2015-03-07,5.615332,0.156127,0.290371,-0.134244
2015-03-08,5.618070,0.158211,0.289477,-0.131266
2015-03-09,5.620808,0.166667,0.288586,-0.121919
2015-03-10,5.623546,0.181356,0.287696,-0.106340
2015-03-11,5.626283,0.182817,0.286809,-0.103992
2015-03-12,5.629021,0.183204,0.285924,-0.102720
2015-03-13,5.631759,0.177879,0.285040,-0.107162
2015-03-14,5.634497,0.170527,0.284159,-0.113632
2015-03-15,5.637235,0.166572,0.283280,-0.116708
2015-03-16,5.639973,0.174536,0.282403,-0.107867
2015-03-17,5.642710,0.170196,0.281528,-0.111332
2015-03-18,5.645448,0.146068,0.280655,-0.134587
2015-03-19,5.648186,0.120561,0.279784,-0.159223
2015-03-20,5.650924,0.124400,0.278916,-0.154516
2015-03-21,5.653662,0.120432,0.278049,-0.157617
2015-03-22,5.656400,0.122372,0.277185,-0.154813
2015-03-23,5.659138,0.129846,0.276322,-0.146477
2015-03-24,5.661875,0.110709,0.275462,-0.164753
2015-03-25,5.664613,0.090935,0.274604,-0.183669
2015-03-26,5.667351,0.097556,0.273748,-0.176192
2015-03-27,5.670089,0.092809,0.272894,-0.180086
2015-03-28,5.672827,0.097468,0.272043,-0.174575
2015-03-29,5.675565,0.086867,0.271193,-0.184326
2015-03-30,5.678303,0.086506,0.270346,-0.183840
2015-03-31,5.681040,0.084602,0.269501,-0.184899
2015-04-01,5.683778,0.079615,0.268658,-0.189044
2015-04-02,5.686516,0.085331,0.267818,-0.182487
2015-04-03,5.689254,0.092450,0.266979,-0.174530
2015-04-04,5.691992,0.091976,0.266143,-0.174167
2015-04-05,5.694730,0.095913,0.265309,-0.169397
2015-04-06,5.697467,0.095558,0.264478,-0.168919
2015-04-07,5.700205,0.089071,0.263648,-0.174577
2015-04-08,5.702943,0.081028,0.262821,-0.181793
2015-04-09,5.705681,0.073437,0.261996,-0.188559
2015-04-10,5.708419,0.062479,0.261173,-0.198694
2015-04-11,5.711157,0.057887,0.260353,-0.202466
2015-04-12,5.713895,0.056144,0.259535,-0.203391
2015-04-13,5.716632,0.046106,0.258719,-0.212613
2015-04-14,5.719370,0.025532,0.257905,-0.232373
2015-04-15,5.722108,0.025552,0.257094,-0.231542
2015-04-16,5.724846,0.034186,0.256285,-0.222099
2015-04-17,5.727584,0.028172,0.255478,-0.227307
2015-04-18,5.730322,0.024281,0.254674,-0.230393
2015-04-19,5.733060,0.025694,0.253872,-0.228178
2015-04-20,5.735797,0.024334,0.253072,-0.228738
2015-04-21,5.738535,0.026560,0.252275,-0.225715
2015-04-22,5.741273,0.040949,0.251480,-0.210531
2015-04-23,5.744011,0.038825,0.250687,-0.211862
2015-04-24,5.746749,0.034157,0.249897,-0.215741
2015-04-25,5.749487,0.027049,0.249109,-0.222060
2015-04-26,5.752225,0.010311,0.248324,-0.238012
2015-04-27,5.754962,0.012523,0.247540,-0.235017
2015-04-28,5.757700,0.017315,0.246759,-0.229444
2015-04-29,5.760438,0.016153,0.245981,-0.229828
2015-04-30,5.763176,0.027297,0.245205,-0.217908
2015-05-01,5.765914,0.032595,0.244431,-0.211837
2015-05-02,5.768652,0.030042,0.243660,-0.213618
2015-05-03,5.771389,0.037154,0.242891,-0.205737
2015-05-04,5.774127,0.036506,0.242125,-0.205618
2015-05-05,5.776865,0.027615,0.241361,-0.213745
2015-05-06,5.779603,0.026348,0.240599,-0.214251
2015-05-07,5.782341,0.020853,0.239840,-0.218987
2015-05-08,5.785079,0.031397,0.239083,-0.207686
2015-05-09,5.787817,0.035853,0.238329,-0.202476
2015-05-10,5.790554,0.032948,0.237577,-0.204629
2015-05-11,5.793292,0.032674,0.236828,-0.204153
2015-05-12,5.796030,0.031924,0.236081,-0.204156
2015-05-13,5.798768,0.031868,0.235336,-0.203468
2015-05-14,5.801506,0.022353,0.234594,-0.212241
2015-05-15,5.804244,0.022433,0.233854,-0.211422
2015-05-16,5.806982,0.019853,0.233117,-0.213264
2015-05-17,5.809719,0.018022,0.232383,-0.214360
2015-05-18,5.812457,0.015650,0.231651,-0.216000
2015-05-19,5.815195,0.009984,0.230921,-0.220937
2015-05-20,5.817933,0.009297,0.230194,-0.220897
2015-05-21,5.820671,0.010832,0.229469,-0.218637
2015-05-22,5.823409,0.013298,0.228747,-0.215449
2015-05-23,5.826146,0.016552,0.228028,-0.211475
2015-05-24,5.828884,0.015149,0.227310,-0.212162
2015-05-25,5.831622,0.012039,0.226596,-0.214556
2015-05-26,5.834360,0.009033,0.225884,-0.216851
2015-05-27,5.837098,0.008111,0.225174,-0.217063
2015-05-28,5.839836,0.006817,0.224467,-0.217650
2015-05-29,5.842574,0.004806,0.223763,-0.218957
2015-05-30,5.845311,-0.000500,0.223061,-0.223560
2015-05-31,5.848049,-0.004019,0.222362,-0.226381
2015-06-01,5.850787,-0.014611,0.221665,-0.236276
2015-06-02,5.853525,-0.020210,0.220970,-0.241180
2015-06-03,5.856263,-0.018947,0.220279,-0.239226
2015-06-04,5.859001,-0.020317,0.219590,-0.239907
2015-06-05,5.861739,-0.023684,0.218903,-0.242587
2015-06-06,5.864476,-0.024803,0.218219,-0.243022
2015-06-07,5.867214,-0.026594,0.217538,-0.244132
2015-06-08,5.869952,-0.023962,0.216859,-0.240820
2015-06-09,5.872690,-0.019218,0.216182,-0.235401
2015-06-10,5.875428,-0.021430,0.215509,-0.236939
2015-06-11,5.878166,-0.021167,0.214838,-0.236004
2015-06-12,5.880903,-0.021618,0.214169,-0.235787
2015-06-13,5.883641,-0.021887,0.213503,-0.235390
2015-06-14,5.886379,-0.018933,0.212840,-0.231773
2015-06-15,5.889117,-0.016275,0.212179,-0.228454
2015-06-16,5.891855,-0.004589,0.211521,-0.216110
2015-06-17,5.894593,0.009461,0.210866,-0.201404
2015-06-18,5.897331,0.005386,0.210213,-0.204826
2015-06-19,5.900068,0.002978,0.209562,-0.206585
2015-06-20,5.902806,-0.004476,0.208915,-0.213390
2015-06-21,5.905544,-0.005867,0.208270,-0.214137
2015-06-22,5.908282,-0.004102,0.207627,-0.211729
2015-06-23,5.911020,-0.006225,0.206988,-0.213212
2015-06-24,5.913758,-0.011500,0.206350,-0.217850
2015-06-25,5.916496,-0.013393,0.205716,-0.219109
2015-06-26,5.919233,-0.013750,0.205084,-0.218834
2015-06-27,5.921971,-0.008915,0.204455,-0.213370
2015-06-28,5.924709,-0.004574,0.203828,-0.208403
2015-06-29,5.927447,0.001093,0.203204,-0.202111
2015-06-30,5.930185,0.016833,0.202583,-0.185750
2015-07-01,5.932923,0.010403,0.201965,-0.191561
2015-07-02,5.935661,0.005080,0.201349,-0.196269
2015-07-03,5.938398,0.001568,0.200735,-0.199168
2015-07-04,5.941136,0.002356,0.200125,-0.197768
2015-07-05,5.943874,0.012899,0.199517,-0.186618
2015-07-06,5.946612,0.023971,0.198911,-0.174940
2015-07-07,5.949350,0.017605,0.198309,-0.180704
2015-07-08,5.952088,0.018049,0.197709,-0.179660
2015-07-09,5.954825,0.019151,0.197112,-0.177961
2015-07-10,5.957563,0.036833,0.196517,-0.159684
2015-07-11,5.960301,0.050734,0.195925,-0.145191
2015-07-12,5.963039,0.068263,0.195336,-0.127072
2015-07-13,5.965777,0.054350,0.194749,-0.140399
2015-07-14,5.968515,0.048313,0.194165,-0.145852
2015-07-15,5.971253,0.045256,0.193584,-0.148328
2015-07-16,5.973990,0.031968,0.193006,-0.161038
2015-07-17,5.976728,0.024030,0.192430,-0.168400
2015-07-18,5.979466,0.023371,0.191857,-0.168486
2015-07-19,5.982204,0.018965,0.191287,-0.172321
2015-07-20,5.984942,0.019213,0.190719,-0.171505
2015-07-21,5.987680,0.021144,0.190154,-0.169010
2015-07-22,5.990418,0.016858,0.189592,-0.172733
2015-07-23,5.993155,0.016543,0.189032,-0.172489
2015-07-24,5.995893,0.025213,0.188475,-0.163262
2015-07-25,5.998631,0.032461,0.187921,-0.155460
2015-07-26,6.001369,0.034688,0.187370,-0.152681
2015-07-27,6.004107,0.035495,0.186821,-0.151326
2015-07-28,6.006845,0.037674,0.186275,-0.148601
2015-07-29,6.009582,0.031396,0.185731,-0.154336
2015-07-30,6.012320,0.026066,0.185191,-0.159125
2015-07-31,6.015058,0.021561,0.184653,-0.163092
2015-08-01,6.017796,0.015014,0.184118,-0.169103
2015-08-02,6.020534,0.012136,0.183585,-0.171450
2015-08-03,6.023272,0.015183,0.183056,-0.167872
2015-08-04,6.026010,0.015845,0.182529,-0.166684
2015-08-05,6.028747,0.013147,0.182005,-0.168858
2015-08-06,6.031485,0.007579,0.181483,-0.173904
2015-08-07,6.034223,0.004685,0.180964,-0.176279
2015-08-08,6.036961,-0.005096,0.180448,-0.185545
2015-08-09,6.039699,-0.021239,0.179935,-0.201174
2015-08-10,6.042437,-0.020502,0.179424,-0.199926
2015-08-11,6.045175,-0.018725,0.178916,-0.197641
2015-08-12,6.047912,-0.017226,0.178411,-0.195637
2015-08-13,6.050650,-0.023658,0.177909,-0.201567
2015-08-14,6.053388,-0.023779,0.177409,-0.201188
2015-08-15,6.056126,-0.024505,0.176912,-0.201418
2015-08-16,6.058864,-0.035012,0.176418,-0.211430
2015-08-17,6.061602,-0.038043,0.175927,-0.213970
2015-08-18,6.064339,-0.046061,0.175438,-0.221500
2015-08-19,6.067077,-0.086454,0.174952,-0.261407
2015-08-20,6.069815,-0.085613,0.174469,-0.260082
2015-08-21,6.072553,-0.085628,0.173989,-0.259616
2015-08-22,6.075291,-0.093391,0.173511,-0.266902
2015-08-23,6.078029,-0.095524,0.173036,-0.268560
2015-08-24,6.080767,-0.114513,0.172564,-0.287076
2015-08-25,6.083504,-0.123296,0.172094,-0.295391
2015-08-26,6.086242,-0.104719,0.171627,-0.276346
2015-08-27,6.088980,-0.105746,0.171163,-0.276909
2015-08-28,6.091718,-0.103018,0.170702,-0.273720
2015-08-29,6.094456,-0.100175,0.170244,-0.270419
2015-08-30,6.097194,-0.104081,0.169788,-0.273870
2015-08-31,6.099932,-0.104414,0.169335,-0.273749
2015-09-01,6.102669,-0.105732,0.168885,-0.274617
2015-09-02,6.105407,-0.107221,0.168437,-0.275659
2015-09-03,6.108145,-0.109628,0.167993,-0.277621
2015-09-04,6.110883,-0.107511,0.167551,-0.275061
2015-09-05,6.113621,-0.102693,0.167111,-0.269805
2015-09-06,6.116359,-0.090059,0.166675,-0.256734
2015-09-07,6.119097,-0.089637,0.166241,-0.255878
2015-09-08,6.121834,-0.085656,0.165810,-0.251466
2015-09-09,6.124572,-0.092083,0.165382,-0.257465
2015-09-10,6.127310,-0.095995,0.164956,-0.260951
2015-09-11,6.130048,-0.093905,0.164534,-0.258438
2015-09-12,6.132786,-0.097125,0.164114,-0.261239
2015-09-13,6.135524,-0.108354,0.163696,-0.272050
2015-09-14,6.138261,-0.114089,0.163282,-0.277371
2015-09-15,6.140999,-0.114600,0.162870,-0.277471
2015-09-16,6.143737,-0.119441,0.162461,-0.281902
2015-09-17,6.146475,-0.117662,0.162055,-0.279717
2015-09-18,6.149213,-0.113570,0.161652,-0.275222
2015-09-19,6.151951,-0.117213,0.161251,-0.278464
2015-09-20,6.154689,-0.118975,0.160853,-0.279828
2015-09-21,6.157426,-0.125936,0.160458,-0.286394
2015-09-22,6.160164,-0.125067,0.160065,-0.285132
2015-09-23,6.162902,-0.123207,0.159675,-0.282882
2015-09-24,6.165640,-0.121597,0.159288,-0.280886
2015-09-25,6.168378,-0.116824,0.158904,-0.275728
2015-09-26,6.171116,-0.119703,0.158523,-0.278225
2015-09-27,6.173854,-0.122443,0.158144,-0.280586
2015-09-28,6.176591,-0.116161,0.157768,-0.273929
2015-09-29,6.179329,-0.115961,0.157395,-0.273356
2015-09-30,6.182067,-0.119051,0.157024,-0.276075
2015-10-01,6.184805,-0.119466,0.156656,-0.276122
2015-10-02,6.187543,-0.119591,0.156291,-0.275882
2015-10-03,6.190281,-0.119382,0.155929,-0.275310
2015-10-04,6.193018,-0.119344,0.155569,-0.274913
2015-10-05,6.195756,-0.120379,0.155212,-0.275591
2015-10-06,6.198494,-0.114579,0.154858,-0.269437
2015-10-07,6.201232,-0.112160,0.154507,-0.266667
2015-10-08,6.203970,-0.115010,0.154158,-0.269168
2015-10-09,6.206708,-0.115068,0.153813,-0.268881
2015-10-10,6.209446,-0.115183,0.153469,-0.268653
2015-10-11,6.212183,-0.113725,0.153129,-0.266855
2015-10-12,6.214921,-0.113760,0.152791,-0.266552
2015-10-13,6.217659,-0.113156,0.152456,-0.265613
2015-10-14,6.220397,-0.108344,0.152124,-0.260468
2015-10-15,6.223135,-0.103997,0.151795,-0.255791
2015-10-16,6.225873,-0.095736,0.151468,-0.247204
2015-10-17,6.228611,-0.081771,0.151144,-0.232915
2015-10-18,6.231348,-0.086553,0.150823,-0.237376
2015-10-19,6.234086,-0.091769,0.150504,-0.242273
2015-10-20,6.236824,-0.086660,0.150188,-0.236848
2015-10-21,6.239562,-0.087099,0.149875,-0.236974
2015-10-22,6.242300,-0.081993,0.149565,-0.231558
2015-10-23,6.245038,-0.075117,0.149257,-0.224374
2015-10-24,6.247775,-0.071523,0.148952,-0.220475
2015-10-25,6.250513,-0.058330,0.148650,-0.206979
2015-10-26,6.253251,-0.065911,0.148350,-0.214261
2015-10-27,6.255989,-0.056062,0.148053,-0.204115
2015-10-28,6.258727,-0.044844,0.147759,-0.192603
2015-10-29,6.261465,-0.033956,0.147468,-0.181424
2015-10-30,6.264203,-0.013545,0.147179,-0.160725
2015-10-31,6.266940,-0.017478,0.146893,-0.164371
2015-11-01,6.269678,-0.024149,0.146610,-0.170759
2015-11-02,6.272416,-0.001854,0.146329,-0.148183
2015-11-03,6.275154,0.051934,0.146052,-0.094118
2015-11-04,6.277892,0.117465,0.145776,-0.028311
2015-11-05,6.280630,0.072479,0.145504,-0.073025
2015-11-06,6.283368,0.040505,0.145234,-0.104729
2015-11-07,6.286105,0.052304,0.144967,-0.092663
2015-11-08,6.288843,0.049375,0.144703,-0.095327
2015-11-09,6.291581,0.040116,0.144441,-0.104325
2015-11-10,6.294319,0.027936,0.144182,-0.116246
2015-11-11,6.297057,-0.034568,0.143926,-0.178493
2015-11-12,6.299795,-0.020081,0.143672,-0.163753
2015-11-13,6.302533,-0.012549,0.143421,-0.155970
2015-11-14,6.305270,-0.012909,0.143173,-0.156082
2015-11-15,6.308008,-0.021713,0.142927,-0.164640
2015-11-16,6.310746,-0.030273,0.142684,-0.172958
2015-11-17,6.313484,-0.016050,0.142444,-0.158494
2015-11-18,6.316222,-0.019141,0.142206,-0.161347
2015-11-19,6.318960,-0.023713,0.141971,-0.165684
2015-11-20,6.321697,-0.038188,0.141739,-0.179927
2015-11-21,6.324435,-0.033278,0.141510,-0.174788
2015-11-22,6.327173,-0.034878,0.141283,-0.176160
2015-11-23,6.329911,-0.037357,0.141058,-0.178415
2015-11-24,6.332649,-0.041333,0.140837,-0.182170
2015-11-25,6.335387,-0.039278,0.140618,-0.179896
2015-11-26,6.338125,-0.014104,0.140402,-0.154505
2015-11-27,6.340862,0.000644,0.140188,-0.139544
2015-11-28,6.343600,-0.000869,0.139977,-0.140846
2015-11-29,6.346338,0.004463,0.139769,-0.135306
2015-11-30,6.349076,0.021594,0.139563,-0.117970
2015-12-01,6.351814,0.010486,0.139360,-0.128874
2015-12-02,6.354552,-0.003399,0.139160,-0.142559
2015-12-03,6.357290,0.002967,0.138962,-0.135995
2015-12-04,6.360027,-0.000189,0.138767,-0.138956
2015-12-05,6.362765,0.014917,0.138574,-0.123657
2015-12-06,6.365503,0.034422,0.138384,-0.103962
2015-12-07,6.368241,0.033364,0.138197,-0.104833
2015-12-08,6.370979,0.034607,0.138013,-0.103406
2015-12-09,6.373717,0.056342,0.137831,-0.081488
2015-12-10,6.376454,0.061466,0.137651,-0.076186
2015-12-11,6.379192,0.071061,0.137475,-0.066413
2015-12-12,6.381930,0.070564,0.137300,-0.066737
2015-12-13,6.384668,0.071523,0.137129,-0.065606
2015-12-14,6.387406,0.075972,0.136960,-0.060988
2015-12-15,6.390144,0.089122,0.136794,-0.047671
2015-12-16,6.392882,0.088889,0.136630,-0.047741
2015-12-17,6.395619,0.086194,0.136469,-0.050275
2015-12-18,6.398357,0.095077,0.136310,-0.041233
2015-12-19,6.401095,0.091811,0.136154,-0.044344
2015-12-20,6.403833,0.082393,0.136001,-0.053608
2015-12-21,6.406571,0.067463,0.135850,-0.068387
2015-12-22,6.409309,0.067010,0.135702,-0.068693
2015-12-23,6.412047,0.067803,0.135557,-0.067754
2015-12-24,6.414784,0.079789,0.135414,-0.055625
2015-12-25,6.417522,0.079944,0.135273,-0.055330
2015-12-26,6.420260,0.055241,0.135135,-0.079895
2015-12-27,6.422998,0.042917,0.135000,-0.092084
2015-12-28,6.425736,0.047535,0.134867,-0.087332
2015-12-29,6.428474,0.047969,0.134737,-0.086769
2015-12-30,6.431211,0.050445,0.134610,-0.084165
2015-12-31,6.433949,0.046513,0.134485,-0.087972
2016-01-01,6.436687,0.051013,0.134362,-0.083349
2016-01-02,6.439425,0.051494,0.134242,-0.082748
2016-01-03,6.442163,0.045938,0.134125,-0.088187
2016-01-04,6.444901,0.047267,0.134010,-0.086743
2016-01-05,6.447639,0.047161,0.133898,-0.086737
2016-01-06,6.450376,0.044220,0.133788,-0.089568
2016-01-07,6.453114,0.060883,0.133681,-0.072798
2016-01-08,6.455852,0.066728,0.133576,-0.066849
2016-01-09,6.458590,0.061737,0.133474,-0.071737
2016-01-10,6.461328,0.055504,0.133375,-0.077870
2016-01-11,6.464066,0.056945,0.133277,-0.076333
2016-01-12,6.466804,0.055595,0.133183,-0.077588
2016-01-13,6.469541,0.037714,0.133091,-0.095376
2016-01-14,6.472279,0.037939,0.133001,-0.095063
2016-01-15,6.475017,0.008386,0.132914,-0.124528
2016-01-16,6.477755,-0.028594,0.132830,-0.161424
2016-01-17,6.480493,-0.014366,0.132748,-0.147114
2016-01-18,6.483231,-0.016685,0.132668,-0.149353
2016-01-19,6.485969,-0.017150,0.132591,-0.149741
2016-01-20,6.488706,-0.007084,0.132517,-0.139601
2016-01-21,6.491444,0.014908,0.132444,-0.117537
2016-01-22,6.494182,-0.008815,0.132375,-0.141190
2016-01-23,6.496920,-0.015261,0.132308,-0.147569
2016-01-24,6.499658,-0.008042,0.132243,-0.140285
2016-01-25,6.502396,-0.009711,0.132181,-0.141892
2016-01-26,6.505133,-0.012681,0.132121,-0.144802
2016-01-27,6.507871,-0.012609,0.132064,-0.144673
2016-01-28,6.510609,-0.025304,0.132009,-0.157313
2016-01-29,6.513347,-0.034929,0.131957,-0.166886
2016-01-30,6.516085,-0.033477,0.131907,-0.165384
2016-01-31,6.518823,-0.034842,0.131860,-0.166701
2016-02-01,6.521561,-0.040755,0.131815,-0.172570
2016-02-02,6.524298,-0.041332,0.131772,-0.173104
2016-02-03,6.527036,-0.045325,0.131732,-0.177057
2016-02-04,6.529774,-0.038946,0.131695,-0.170641
2016-02-05,6.532512,-0.030271,0.131659,-0.161930
2016-02-06,6.535250,-0.042085,0.131627,-0.173711
2016-02-07,6.537988,-0.043500,0.131596,-0.175096
2016-02-08,6.540726,-0.044881,0.131568,-0.176449
2016-02-09,6.543463,-0.048246,0.131543,-0.179788
2016-02-10,6.546201,-0.044344,0.131520,-0.175864
2016-02-11,6.548939,-0.044975,0.131499,-0.176474
2016-02-12,6.551677,-0.042757,0.131481,-0.174237
2016-02-13,6.554415,-0.035859,0.131465,-0.167323
2016-02-14,6.557153,-0.025545,0.131451,-0.156996
2016-02-15,6.559890,-0.022579,0.131440,-0.154019
2016-02-16,6.562628,-0.022215,0.131431,-0.153646
2016-02-17,6.565366,-0.012080,0.131425,-0.143505
2016-02-18,6.568104,-0.006864,0.131421,-0.138285
2016-02-19,6.570842,-0.007576,0.131419,-0.138995
2016-02-20,6.573580,0.001466,0.131420,-0.129954
2016-02-21,6.576318,0.008087,0.131423,-0.123336
2016-02-22,6.579055,0.005686,0.131429,-0.125743
2016-02-23,6.581793,-0.004164,0.131437,-0.135601
2016-02-24,6.584531,-0.011249,0.131447,-0.142696
2016-02-25,6.587269,-0.010031,0.131459,-0.141490
2016-02-26,6.590007,-0.009988,0.131474,-0.141462
2016-02-27,6.592745,-0.002808,0.131491,-0.134299
2016-02-28,6.595483,-0.006571,0.131511,-0.138082
2016-02-29,6.598220,-0.000438,0.131533,-0.131971
2016-03-01,6.600958,-0.003372,0.131557,-0.134929
2016-03-02,6.603696,-0.006744,0.131584,-0.138328
2016-03-03,6.606434,-0.018127,0.131613,-0.149739
2016-03-04,6.609172,-0.021296,0.131644,-0.152940
2016-03-05,6.611910,-0.039403,0.131677,-0.171081
2016-03-06,6.614648,-0.040133,0.131713,-0.171846
2016-03-07,6.617385,-0.034784,0.131751,-0.166535
2016-03-08,6.620123,-0.032458,0.131792,-0.164250
2016-03-09,6.622861,-0.033548,0.131834,-0.165382
2016-03-10,6.625599,-0.032503,0.131879,-0.164382
2016-03-11,6.628337,-0.027257,0.131927,-0.159183
2016-03-12,6.631075,-0.034016,0.131976,-0.165993
2016-03-13,6.633812,-0.036127,0.132028,-0.168155
2016-03-14,6.636550,-0.035530,0.132082,-0.167612
2016-03-15,6.639288,-0.034537,0.132139,-0.166675
2016-03-16,6.642026,-0.035682,0.132197,-0.167879
2016-03-17,6.644764,-0.033649,0.132258,-0.165907
2016-03-18,6.647502,-0.039675,0.132321,-0.171996
2016-03-19,6.650240,-0.045652,0.132387,-0.178039
2016-03-20,6.652977,-0.044013,0.132454,-0.176468
2016-03-21,6.655715,-0.045717,0.132524,-0.178241
2016-03-22,6.658453,-0.040775,0.132596,-0.173372
2016-03-23,6.661191,-0.040170,0.132671,-0.172841
2016-03-24,6.663929,-0.042398,0.132747,-0.175145
2016-03-25,6.666667,-0.043974,0.132826,-0.176800
2016-03-26,6.669405,-0.044257,0.132907,-0.177165
2016-03-27,6.672142,-0.041293,0.132990,-0.174283
2016-03-28,6.674880,-0.038661,0.133076,-0.171737
2016-03-29,6.677618,-0.044576,0.133164,-0.177740
2016-03-30,6.680356,-0.050765,0.133253,-0.184018
2016-03-31,6.683094,-0.049162,0.133345,-0.182508
2016-04-01,6.685832,-0.049969,0.133440,-0.183409
2016-04-02,6.688569,-0.047533,0.133536,-0.181069
2016-04-03,6.691307,-0.049083,0.133635,-0.182718
2016-04-04,6.694045,-0.049464,0.133735,-0.183199
2016-04-05,6.696783,-0.047484,0.133838,-0.181323
2016-04-06,6.699521,-0.048028,0.133944,-0.181971
2016-04-07,6.702259,-0.050070,0.134051,-0.184121
2016-04-08,6.704997,-0.050604,0.134160,-0.184764
2016-04-09,6.707734,-0.055311,0.134272,-0.189583
2016-04-10,6.710472,-0.053523,0.134386,-0.187908
2016-04-11,6.713210,-0.053471,0.134501,-0.187973
2016-04-12,6.715948,-0.050798,0.134619,-0.185417
2016-04-13,6.718686,-0.051500,0.134740,-0.186240
2016-04-14,6.721424,-0.053003,0.134862,-0.187865
2016-04-15,6.724162,-0.050930,0.134986,-0.185916
2016-04-16,6.726899,-0.049005,0.135113,-0.184118
2016-04-17,6.729637,-0.051891,0.135241,-0.187132
2016-04-18,6.732375,-0.052982,0.135372,-0.188354
2016-04-19,6.735113,-0.052513,0.135505,-0.188018
2016-04-20,6.737851,-0.044985,0.135640,-0.180625
2016-04-21,6.740589,-0.040068,0.135777,-0.175844
2016-04-22,6.743326,-0.038493,0.135916,-0.174409
2016-04-23,6.746064,-0.038855,0.136057,-0.174912
2016-04-24,6.748802,-0.033227,0.136200,-0.169428
2016-04-25,6.751540,-0.029279,0.136346,-0.165625
2016-04-26,6.754278,-0.025785,0.136493,-0.162279
2016-04-27,6.757016,-0.030526,0.136643,-0.167168
2016-04-28,6.759754,-0.044986,0.136794,-0.181780
2016-04-29,6.762491,-0.040707,0.136948,-0.177655
2016-04-30,6.765229,-0.039563,0.137103,-0.176666
2016-05-01,6.767967,-0.041898,0.137261,-0.179159
2016-05-02,6.770705,-0.046951,0.137421,-0.184372
2016-05-03,6.773443,-0.047466,0.137583,-0.185049
2016-05-04,6.776181,-0.047489,0.137746,-0.185235
2016-05-05,6.778919,-0.048738,0.137912,-0.186650
2016-05-06,6.781656,-0.045358,0.138080,-0.183438
2016-05-07,6.784394,-0.040377,0.138250,-0.178626
2016-05-08,6.787132,-0.041775,0.138422,-0.180196
2016-05-09,6.789870,-0.041247,0.138596,-0.179843
2016-05-10,6.792608,-0.044636,0.138771,-0.183407
2016-05-11,6.795346,-0.048656,0.138949,-0.187606
2016-05-12,6.798084,-0.051030,0.139129,-0.190160
2016-05-13,6.800821,-0.049049,0.139311,-0.188360
2016-05-14,6.803559,-0.049190,0.139495,-0.188684
2016-05-15,6.806297,-0.049397,0.139680,-0.189078
2016-05-16,6.809035,-0.050329,0.139868,-0.190197
2016-05-17,6.811773,-0.053768,0.140058,-0.193826
2016-05-18,6.814511,-0.054152,0.140250,-0.194401
2016-05-19,6.817248,-0.059925,0.140443,-0.200368
2016-05-20,6.819986,-0.068882,0.140639,-0.209520
2016-05-21,6.822724,-0.069136,0.140836,-0.209973
2016-05-22,6.825462,-0.070354,0.141036,-0.211389
2016-05-23,6.828200,-0.071127,0.141237,-0.212364
2016-05-24,6.830938,-0.068647,0.141440,-0.210087
2016-05-25,6.833676,-0.066562,0.141646,-0.208208
2016-05-26,6.836413,-0.064759,0.141853,-0.206611
2016-05-27,6.839151,-0.046890,0.142062,-0.188952
2016-05-28,6.841889,-0.025993,0.142273,-0.168266
2016-05-29,6.844627,-0.004339,0.142486,-0.146825
2016-05-30,6.847365,0.002719,0.142700,-0.139981
2016-05-31,6.850103,0.004130,0.142917,-0.138787
2016-06-01,6.852841,0.002504,0.143135,-0.140632
2016-06-02,6.855578,0.006096,0.143356,-0.137259
2016-06-03,6.858316,0.017203,0.143578,-0.126375
2016-06-04,6.861054,0.031561,0.143802,-0.112241
2016-06-05,6.863792,0.032566,0.144028,-0.111462
2016-06-06,6.866530,0.035438,0.144256,-0.108818
2016-06-07,6.869268,0.035462,0.144486,-0.109024
2016-06-08,6.872005,0.031969,0.144717,-0.112749
2016-06-09,6.874743,0.030384,0.144951,-0.114567
2016-06-10,6.877481,0.028651,0.145186,-0.116535
2016-06-11,6.880219,0.032772,0.145423,-0.112651
2016-06-12,6.882957,0.071649,0.145662,-0.074013
2016-06-13,6.885695,0.102484,0.145903,-0.043418
2016-06-14,6.888433,0.100958,0.146145,-0.045187
2016-06-15,6.891170,0.098446,0.146390,-0.047944
2016-06-16,6.893908,0.129778,0.146636,-0.016858
2016-06-17,6.896646,0.135007,0.146884,-0.011877
2016-06-18,6.899384,0.136271,0.147134,-0.010862
2016-06-19,6.902122,0.137414,0.147385,-0.009972
2016-06-20,6.904860,0.132357,0.147639,-0.015282
2016-06-21,6.907598,0.091204,0.147894,-0.056689
2016-06-22,6.910335,0.070652,0.148151,-0.077499
2016-06-23,6.913073,0.029831,0.148409,-0.118578
2016-06-24,6.915811,0.073479,0.148670,-0.075190
2016-06-25,6.918549,0.082558,0.148932,-0.066374
2016-06-26,6.921287,0.061483,0.149196,-0.087713
2016-06-27,6.924025,0.059628,0.149461,-0.089833
2016-06-28,6.926762,0.066168,0.149729,-0.083561
2016-06-29,6.929500,0.054209,0.149998,-0.095789
2016-06-30,6.932238,0.065547,0.150269,-0.084722
2016-07-01,6.934976,0.078885,0.150542,-0.071656
2016-07-02,6.937714,0.084971,0.150816,-0.065845
2016-07-03,6.940452,0.076147,0.151092,-0.074945
2016-07-04,6.943190,0.072364,0.151370,-0.079005
2016-07-05,6.945927,0.073405,0.151649,-0.078244
2016-07-06,6.948665,0.071889,0.151930,-0.080042
2016-07-07,6.951403,0.051343,0.152213,-0.100870
2016-07-08,6.954141,0.053850,0.152498,-0.098648
2016-07-09,6.956879,0.055969,0.152784,-0.096815
2016-07-10,6.959617,0.052342,0.153072,-0.100730
2016-07-11,6.962355,0.052215,0.153361,-0.101146
2016-07-12,6.965092,0.057774,0.153653,-0.095878
2016-07-13,6.967830,0.061124,0.153946,-0.092821
2016-07-14,6.970568,0.055839,0.154240,-0.098401
2016-07-15,6.973306,0.058659,0.154536,-0.095877
2016-07-16,6.976044,0.058150,0.154834,-0.096684
2016-07-17,6.978782,0.061161,0.155134,-0.093973
2016-07-18,6.981520,0.064390,0.155435,-0.091045
2016-07-19,6.984257,0.059932,0.155738,-0.095806
2016-07-20,6.986995,0.058363,0.156042,-0.097678
2016-07-21,6.989733,0.053426,0.156348,-0.102922
2016-07-22,6.992471,0.050816,0.156655,-0.105840
2016-07-23,6.995209,0.045533,0.156965,-0.111432
2016-07-24,6.997947,0.046778,0.157275,-0.110497
2016-07-25,7.000684,0.045480,0.157588,-0.112108
2016-07-26,7.003422,0.041927,0.157902,-0.115975
2016-07-27,7.006160,0.041981,0.158217,-0.116236
2016-07-28,7.008898,0.042115,0.158535,-0.116419
2016-07-29,7.011636,0.042018,0.158853,-0.116835
2016-07-30,7.014374,0.040623,0.159174,-0.118550
2016-07-31,7.017112,0.026789,0.159495,-0.132707
2016-08-01,7.019849,0.015181,0.159819,-0.144638
2016-08-02,7.022587,-0.005724,0.160144,-0.165868
2016-08-03,7.025325,-0.038024,0.160470,-0.198494
2016-08-04,7.028063,-0.022269,0.160798,-0.183067
2016-08-05,7.030801,-0.023335,0.161128,-0.184463
2016-08-06,7.033539,-0.021677,0.161459,-0.183136
2016-08-07,7.036277,-0.011064,0.161792,-0.172856
2016-08-08,7.039014,-0.012193,0.162126,-0.174318
2016-08-09,7.041752,-0.015227,0.162462,-0.177688
2016-08-10,7.044490,-0.013277,0.162799,-0.176076
2016-08-11,7.047228,-0.012748,0.163137,-0.175886
2016-08-12,7.049966,-0.017846,0.163478,-0.181324
2016-08-13,7.052704,-0.018617,0.163819,-0.182436
2016-08-14,7.055441,-0.027443,0.164162,-0.191606
2016-08-15,7.058179,-0.033351,0.164507,-0.197858
2016-08-16,7.060917,-0.032032,0.164853,-0.196885
2016-08-17,7.063655,-0.030944,0.165201,-0.196145
2016-08-18,7.066393,-0.032292,0.165550,-0.197842
2016-08-19,7.069131,-0.031989,0.165900,-0.197890
2016-08-20,7.071869,-0.031320,0.166252,-0.197572
2016-08-21,7.074606,-0.029511,0.166606,-0.196117
2016-08-22,7.077344,-0.027043,0.166960,-0.194003
2016-08-23,7.080082,-0.029084,0.167317,-0.196401
2016-08-24,7.082820,-0.032325,0.167674,-0.199999
2016-08-25,7.085558,-0.036802,0.168033,-0.204835
2016-08-26,7.088296,-0.036439,0.168394,-0.204833
2016-08-27,7.091034,-0.041015,0.168756,-0.209771
2016-08-28,7.093771,-0.043026,0.169119,-0.212145
2016-08-29,7.096509,-0.042284,0.169484,-0.211768
2016-08-30,7.099247,-0.039680,0.169850,-0.209530
2016-08-31,7.101985,-0.044576,0.170218,-0.214794
2016-09-01,7.104723,-0.046086,0.170587,-0.216672
2016-09-02,7.107461,-0.046559,0.170957,-0.217516
2016-09-03,7.110198,-0.042447,0.171329,-0.213776
2016-09-04,7.112936,-0.026212,0.171702,-0.197914
2016-09-05,7.115674,-0.025713,0.172076,-0.197789
2016-09-06,7.118412,-0.024853,0.172452,-0.197305
2016-09-07,7.121150,-0.023618,0.172829,-0.196447
2016-09-08,7.123888,-0.016731,0.173208,-0.189939
2016-09-09,7.126626,-0.016839,0.173587,-0.190427
2016-09-10,7.129363,-0.016350,0.173969,-0.190318
2016-09-11,7.132101,-0.019148,0.174351,-0.193499
2016-09-12,7.134839,-0.028416,0.174735,-0.203151
2016-09-13,7.137577,-0.028127,0.175120,-0.203247
2016-09-14,7.140315,-0.028062,0.175507,-0.203568
2016-09-15,7.143053,-0.029696,0.175894,-0.205590
2016-09-16,7.145791,-0.031682,0.176283,-0.207965
2016-09-17,7.148528,-0.033264,0.176674,-0.209938
2016-09-18,7.151266,-0.033599,0.177065,-0.210665
2016-09-19,7.154004,-0.033795,0.177458,-0.211253
2016-09-20,7.156742,-0.034822,0.177853,-0.212675
2016-09-21,7.159480,-0.042626,0.178248,-0.220874
2016-09-22,7.162218,-0.044844,0.178645,-0.223489
2016-09-23,7.164956,-0.044431,0.179043,-0.223474
2016-09-24,7.167693,-0.042922,0.179442,-0.222365
2016-09-25,7.170431,-0.045003,0.179843,-0.224845
2016-09-26,7.173169,-0.042721,0.180244,-0.222966
2016-09-27,7.175907,-0.043201,0.180647,-0.223849
2016-09-28,7.178645,-0.044531,0.181052,-0.225582
2016-09-29,7.181383,-0.045375,0.181457,-0.226832
2016-09-30,7.184120,-0.046511,0.181864,-0.228375
2016-10-01,7.186858,-0.042450,0.182272,-0.224722
2016-10-02,7.189596,-0.044408,0.182681,-0.227089
2016-10-03,7.192334,-0.045095,0.183091,-0.228187
2016-10-04,7.195072,-0.046736,0.183503,-0.230239
2016-10-05,7.197810,-0.045810,0.183916,-0.229726
2016-10-06,7.200548,-0.047023,0.184330,-0.231353
2016-10-07,7.203285,-0.045986,0.184745,-0.230731
2016-10-08,7.206023,-0.044728,0.185161,-0.229889
2016-10-09,7.208761,-0.046677,0.185579,-0.232256
2016-10-10,7.211499,-0.047246,0.185997,-0.233243
2016-10-11,7.214237,-0.037693,0.186417,-0.224111
2016-10-12,7.216975,-0.034665,0.186838,-0.221504
2016-10-13,7.219713,-0.035857,0.187261,-0.223118
2016-10-14,7.222450,-0.036191,0.187684,-0.223875
2016-10-15,7.225188,-0.035517,0.188108,-0.223625
2016-10-16,7.227926,-0.035770,0.188534,-0.224303
2016-10-17,7.230664,-0.037644,0.188961,-0.226605
2016-10-18,7.233402,-0.039762,0.189388,-0.229151
2016-10-19,7.236140,-0.043841,0.189817,-0.233658
2016-10-20,7.238877,-0.046762,0.190248,-0.237010
2016-10-21,7.241615,-0.046280,0.190679,-0.236959
2016-10-22,7.244353,-0.039875,0.191111,-0.230986
2016-10-23,7.247091,-0.032835,0.191544,-0.224379
2016-10-24,7.249829,-0.035870,0.191979,-0.227849
2016-10-25,7.252567,-0.033661,0.192415,-0.226076
2016-10-26,7.255305,-0.027872,0.192851,-0.220724
2016-10-27,7.258042,-0.018304,0.193289,-0.211593
2016-10-28,7.260780,-0.016315,0.193728,-0.210043
2016-10-29,7.263518,-0.004634,0.194168,-0.198802
2016-10-30,7.266256,-0.006812,0.194609,-0.201420
2016-10-31,7.268994,-0.010238,0.195051,-0.205289
2016-11-01,7.271732,0.002234,0.195494,-0.193260
2016-11-02,7.274470,0.004637,0.195938,-0.191301
2016-11-03,7.277207,0.002670,0.196383,-0.193713
2016-11-04,7.279945,-0.013602,0.196829,-0.210431
2016-11-05,7.282683,-0.011694,0.197276,-0.208971
2016-11-06,7.285421,-0.008883,0.197725,-0.206608
2016-11-07,7.288159,-0.012094,0.198174,-0.210268
2016-11-08,7.290897,-0.012001,0.198624,-0.210625
2016-11-09,7.293634,-0.001900,0.199076,-0.200976
2016-11-10,7.296372,-0.008784,0.199528,-0.208312
2016-11-11,7.299110,-0.009626,0.199981,-0.209607
2016-11-12,7.301848,-0.014052,0.200435,-0.214487
2016-11-13,7.304586,-0.022729,0.200891,-0.223620
2016-11-14,7.307324,-0.019950,0.201347,-0.221297
2016-11-15,7.310062,-0.015140,0.201804,-0.216944
2016-11-16,7.312799,-0.007086,0.202262,-0.209349
2016-11-17,7.315537,0.002032,0.202721,-0.200690
2016-11-18,7.318275,0.001234,0.203181,-0.201948
2016-11-19,7.321013,0.004189,0.203643,-0.199454
2016-11-20,7.323751,-0.001441,0.204105,-0.205545
2016-11-21,7.326489,-0.006150,0.204568,-0.210717
2016-11-22,7.329227,-0.002761,0.205031,-0.207792
2016-11-23,7.331964,-0.002955,0.205496,-0.208451
2016-11-24,7.334702,-0.006353,0.205962,-0.212315
2016-11-25,7.337440,-0.009288,0.206429,-0.215717
2016-11-26,7.340178,-0.010552,0.206896,-0.217448
2016-11-27,7.342916,-0.012194,0.207365,-0.219559
2016-11-28,7.345654,-0.007024,0.207834,-0.214858
2016-11-29,7.348392,-0.014015,0.208304,-0.222319
2016-11-30,7.351129,-0.011272,0.208776,-0.220047
2016-12-01,7.353867,-0.006701,0.209248,-0.215949
2016-12-02,7.356605,0.003555,0.209721,-0.206166
2016-12-03,7.359343,0.001377,0.210195,-0.208817
2016-12-04,7.362081,0.000162,0.210669,-0.210507
2016-12-05,7.364819,-0.005799,0.211145,-0.216944
2016-12-06,7.367556,-0.006147,0.211621,-0.217768
2016-12-07,7.370294,-0.003649,0.212099,-0.215748
2016-12-08,7.373032,-0.001467,0.212577,-0.214044
2016-12-09,7.375770,-0.001111,0.213056,-0.214167
2016-12-10,7.378508,0.000551,0.213536,-0.212985
2016-12-11,7.381246,-0.002650,0.214016,-0.216666
2016-12-12,7.383984,0.000360,0.214498,-0.214138
2016-12-13,7.386721,0.000508,0.214980,-0.214473
2016-12-14,7.389459,-0.000884,0.215464,-0.216348
2016-12-15,7.392197,-0.001751,0.215947,-0.217699
2016-12-16,7.394935,-0.001475,0.216432,-0.217908
2016-12-17,7.397673,0.002464,0.216918,-0.214454
2016-12-18,7.400411,0.001873,0.217404,-0.215531
2016-12-19,7.403149,0.001654,0.217892,-0.216237
2016-12-20,7.405886,0.001841,0.218380,-0.216539
2016-12-21,7.408624,0.012809,0.218868,-0.206060
2016-12-22,7.411362,0.034013,0.219358,-0.185345
2016-12-23,7.414100,0.054118,0.219848,-0.165730
2016-12-24,7.416838,0.055264,0.220339,-0.165076
2016-12-25,7.419576,0.041990,0.220831,-0.178841
2016-12-26,7.422313,0.053076,0.221324,-0.168247
2016-12-27,7.425051,0.060457,0.221817,-0.161360
2016-12-28,7.427789,0.077261,0.222311,-0.145050
2016-12-29,7.430527,0.081784,0.222806,-0.141022
2016-12-30,7.433265,0.073989,0.223302,-0.149312
2016-12-31,7.436003,0.075029,0.223798,-0.148769
2017-01-01,7.438741,0.082766,0.224295,-0.141529
2017-01-02,7.441478,0.098834,0.224793,-0.125959
2017-01-03,7.444216,0.100797,0.225291,-0.124495
2017-01-04,7.446954,0.123780,0.225791,-0.102010
2017-01-05,7.449692,0.109552,0.226291,-0.116739
2017-01-06,7.452430,0.058596,0.226791,-0.168195
2017-01-07,7.455168,0.027929,0.227292,-0.199363
2017-01-08,7.457906,0.048130,0.227795,-0.179664
2017-01-09,7.460643,0.037545,0.228297,-0.190752
2017-01-10,7.463381,0.041705,0.228801,-0.187096
2017-01-11,7.466119,0.012597,0.229305,-0.216707
2017-01-12,7.468857,-0.019963,0.229809,-0.249772
2017-01-13,7.471595,-0.008684,0.230315,-0.238999
2017-01-14,7.474333,0.000882,0.230821,-0.229939
2017-01-15,7.477070,-0.004301,0.231328,-0.235628
2017-01-16,7.479808,-0.000000,0.231835,-0.231835
2017-01-17,7.482546,0.023556,0.232343,-0.208787
2017-01-18,7.485284,0.027019,0.232852,-0.205833
2017-01-19,7.488022,0.030089,0.233361,-0.203272
2017-01-20,7.490760,0.030094,0.233871,-0.203776
2017-01-21,7.493498,0.039848,0.234381,-0.194533
2017-01-22,7.496235,0.041373,0.234892,-0.193519
2017-01-23,7.498973,0.039311,0.235404,-0.196093
2017-01-24,7.501711,0.032175,0.235917,-0.203741
2017-01-25,7.504449,0.025911,0.236429,-0.210519
2017-01-26,7.507187,0.030269,0.236943,-0.206674
2017-01-27,7.509925,0.034594,0.237457,-0.202863
2017-01-28,7.512663,0.034566,0.237972,-0.203406
2017-01-29,7.515400,0.033900,0.238487,-0.204587
2017-01-30,7.518138,0.032586,0.239003,-0.206418
2017-01-31,7.520876,0.042429,0.239520,-0.197090
2017-02-01,7.523614,0.055279,0.240037,-0.184757
2017-02-02,7.526352,0.063299,0.240555,-0.177256
2017-02-03,7.529090,0.071351,0.241073,-0.169722
2017-02-04,7.531828,0.072652,0.241591,-0.168939
2017-02-05,7.534565,0.073097,0.242111,-0.169013
2017-02-06,7.537303,0.072724,0.242631,-0.169907
2017-02-07,7.540041,0.079949,0.243151,-0.163202
2017-02-08,7.542779,0.084669,0.243672,-0.159003
2017-02-09,7.545517,0.071049,0.244193,-0.173144
2017-02-10,7.548255,0.051318,0.244715,-0.193398
2017-02-11,7.550992,0.063282,0.245238,-0.181956
2017-02-12,7.553730,0.061371,0.245761,-0.184390
2017-02-13,7.556468,0.058131,0.246284,-0.188153
2017-02-14,7.559206,0.061000,0.246809,-0.185809
2017-02-15,7.561944,0.061484,0.247333,-0.185849
2017-02-16,7.564682,0.067573,0.247858,-0.180285
2017-02-17,7.567420,0.074249,0.248384,-0.174135
2017-02-18,7.570157,0.079737,0.248910,-0.169173
2017-02-19,7.572895,0.076088,0.249436,-0.173348
2017-02-20,7.575633,0.077082,0.249963,-0.172881
2017-02-21,7.578371,0.092762,0.250491,-0.157729
2017-02-22,7.581109,0.100225,0.251018,-0.150793
2017-02-23,7.583847,0.108754,0.251547,-0.142792
2017-02-24,7.586585,0.121572,0.252076,-0.130504
2017-02-25,7.589322,0.115386,0.252605,-0.137219
2017-02-26,7.592060,0.112212,0.253135,-0.140923
2017-02-27,7.594798,0.119384,0.253665,-0.134281
2017-02-28,7.597536,0.121011,0.254195,-0.133185
2017-03-01,7.600274,0.126067,0.254726,-0.128660
2017-03-02,7.603012,0.136174,0.255258,-0.119084
2017-03-03,7.605749,0.147994,0.255790,-0.107796
2017-03-04,7.608487,0.146291,0.256322,-0.110031
2017-03-05,7.611225,0.142634,0.256855,-0.114221
2017-03-06,7.613963,0.145969,0.257388,-0.111419
2017-03-07,7.616701,0.138408,0.257921,-0.119513
2017-03-08,7.619439,0.117599,0.258455,-0.140856
2017-03-09,7.622177,0.109108,0.258990,-0.149882
2017-03-10,7.624914,0.117678,0.259524,-0.141847
2017-03-11,7.627652,0.105577,0.260060,-0.154483
2017-03-12,7.630390,0.114751,0.260595,-0.145844
2017-03-13,7.633128,0.126088,0.261131,-0.135043
2017-03-14,7.635866,0.128563,0.261667,-0.133104
2017-03-15,7.638604,0.131068,0.262204,-0.131136
2017-03-16,7.641342,0.120290,0.262741,-0.142451
2017-03-17,7.644079,0.086542,0.263278,-0.176736
2017-03-18,7.646817,0.046567,0.263816,-0.217248
2017-03-19,7.649555,0.038499,0.264354,-0.225855
2017-03-20,7.652293,0.046792,0.264892,-0.218100
2017-03-21,7.655031,0.065861,0.265431,-0.199570
2017-03-22,7.657769,0.053593,0.265970,-0.212377
2017-03-23,7.660507,0.047577,0.266509,-0.218932
2017-03-24,7.663244,0.025889,0.267049,-0.241160
2017-03-25,7.665982,-0.002775,0.267589,-0.270364
2017-03-26,7.668720,0.013445,0.268129,-0.254684
2017-03-27,7.671458,0.025867,0.268670,-0.242803
2017-03-28,7.674196,0.041671,0.269211,-0.227539
2017-03-29,7.676934,0.037031,0.269752,-0.232721
2017-03-30,7.679671,0.036933,0.270294,-0.233361
2017-03-31,7.682409,0.045025,0.270835,-0.225811
2017-04-01,7.685147,0.054087,0.271378,-0.217290
2017-04-02,7.687885,0.055815,0.271920,-0.216105
2017-04-03,7.690623,0.072863,0.272463,-0.199600
2017-04-04,7.693361,0.075692,0.273006,-0.197314
2017-04-05,7.696099,0.070778,0.273549,-0.202771
2017-04-06,7.698836,0.083299,0.274092,-0.190794
2017-04-07,7.701574,0.089947,0.274636,-0.184689
2017-04-08,7.704312,0.088294,0.275180,-0.186886
2017-04-09,7.707050,0.090896,0.275724,-0.184828
2017-04-10,7.709788,0.095501,0.276269,-0.180768
2017-04-11,7.712526,0.096857,0.276814,-0.179956
2017-04-12,7.715264,0.098044,0.277359,-0.179314
2017-04-13,7.718001,0.086284,0.277904,-0.191620
2017-04-14,7.720739,0.083643,0.278449,-0.194806
2017-04-15,7.723477,0.083637,0.278995,-0.195358
2017-04-16,7.726215,0.082364,0.279541,-0.197177
2017-04-17,7.728953,0.082998,0.280087,-0.197089
2017-04-18,7.731691,0.090332,0.280633,-0.190301
2017-04-19,7.734428,0.089869,0.281180,-0.191311
2017-04-20,7.737166,0.095205,0.281727,-0.186522
2017-04-21,7.739904,0.102466,0.282273,-0.179807
2017-04-22,7.742642,0.100597,0.282821,-0.182224
2017-04-23,7.745380,0.101097,0.283368,-0.182271
2017-04-24,7.748118,0.101736,0.283915,-0.182179
2017-04-25,7.750856,0.108078,0.284463,-0.176385
2017-04-26,7.753593,0.116573,0.285011,-0.168438
2017-04-27,7.756331,0.123533,0.285559,-0.162026
2017-04-28,7.759069,0.125150,0.286107,-0.160957
2017-04-29,7.761807,0.125064,0.286656,-0.161592
2017-04-30,7.764545,0.124634,0.287204,-0.162570
2017-05-01,7.767283,0.140599,0.287753,-0.147154
2017-05-02,7.770021,0.156426,0.288302,-0.131876
2017-05-03,7.772758,0.164408,0.288851,-0.124442
2017-05-04,7.775496,0.182926,0.289400,-0.106474
2017-05-05,7.778234,0.186928,0.289949,-0.103021
2017-05-06,7.780972,0.184091,0.290498,-0.106407
2017-05-07,7.783710,0.183748,0.291048,-0.107300
2017-05-08,7.786448,0.197936,0.291597,-0.093662
2017-05-09,7.789185,0.224031,0.292147,-0.068116
2017-05-10,7.791923,0.230705,0.292697,-0.061992
2017-05-11,7.794661,0.249316,0.293247,-0.043931
2017-05-12,7.797399,0.237667,0.293797,-0.056130
2017-05-13,7.800137,0.221232,0.294347,-0.073116
2017-05-14,7.802875,0.238336,0.294898,-0.056562
2017-05-15,7.805613,0.226633,0.295448,-0.068815
2017-05-16,7.808350,0.223124,0.295998,-0.072875
2017-05-17,7.811088,0.239877,0.296549,-0.056672
2017-05-18,7.813826,0.247705,0.297100,-0.049394
2017-05-19,7.816564,0.268342,0.297650,-0.029308
2017-05-20,7.819302,0.278870,0.298201,-0.019331
2017-05-21,7.822040,0.289073,0.298752,-0.009679
2017-05-22,7.824778,0.308236,0.299303,0.008933
2017-05-23,7.827515,0.324415,0.299854,0.024560
2017-05-24,7.830253,0.353047,0.300405,0.052642
2017-05-25,7.832991,0.388782,0.300956,0.087826
2017-05-26,7.835729,0.358289,0.301507,0.056781
2017-05-27,7.838467,0.296452,0.302059,-0.005607
2017-05-28,7.841205,0.315976,0.302610,0.013366
2017-05-29,7.843943,0.322840,0.303161,0.019679
2017-05-30,7.846680,0.331440,0.303712,0.027727
2017-05-31,7.849418,0.325041,0.304264,0.020777
2017-06-01,7.852156,0.348424,0.304815,0.043609
2017-06-02,7.854894,0.356051,0.305366,0.050685
2017-06-03,7.857632,0.370418,0.305918,0.064500
2017-06-04,7.860370,0.371553,0.306469,0.065083
2017-06-05,7.863107,0.383311,0.307021,0.076290
2017-06-06,7.865845,0.417730,0.307572,0.110157
2017-06-07,7.868583,0.414850,0.308124,0.106727
2017-06-08,7.871321,0.405584,0.308675,0.096909
2017-06-09,7.874059,0.415956,0.309226,0.106729
2017-06-10,7.876797,0.418697,0.309778,0.108919
2017-06-11,7.879535,0.426922,0.310329,0.116593
2017-06-12,7.882272,0.413164,0.310881,0.102284
2017-06-13,7.885010,0.398317,0.311432,0.086886
2017-06-14,7.887748,0.387912,0.311983,0.075928
2017-06-15,7.890486,0.341472,0.312534,0.028938
2017-06-16,7.893224,0.355850,0.313086,0.042764
2017-06-17,7.895962,0.371958,0.313637,0.058321
2017-06-18,7.898700,0.372681,0.314188,0.058493
2017-06-19,7.901437,0.370531,0.314739,0.055791
2017-06-20,7.904175,0.380595,0.315290,0.065305
2017-06-21,7.906913,0.387999,0.315841,0.072158
2017-06-22,7.909651,0.384984,0.316392,0.068592
2017-06-23,7.912389,0.390691,0.316943,0.073748
2017-06-24,7.915127,0.382272,0.317494,0.064778
2017-06-25,7.917864,0.367303,0.318045,0.049258
2017-06-26,7.920602,0.348273,0.318595,0.029678
2017-06-27,7.923340,0.337681,0.319146,0.018535
2017-06-28,7.926078,0.356905,0.319696,0.037208
2017-06-29,7.928816,0.360480,0.320247,0.040233
2017-06-30,7.931554,0.353596,0.320797,0.032799
2017-07-01,7.934292,0.343054,0.321347,0.021707
2017-07-02,7.937029,0.338795,0.321898,0.016898
2017-07-03,7.939767,0.350770,0.322448,0.028323
2017-07-04,7.942505,0.362828,0.322998,0.039830
2017-07-05,7.945243,0.361459,0.323547,0.037912
2017-07-06,7.947981,0.361404,0.324097,0.037307
2017-07-07,7.950719,0.352390,0.324647,0.027743
2017-07-08,7.953457,0.347109,0.325196,0.021913
2017-07-09,7.956194,0.350461,0.325746,0.024716
2017-07-10,7.958932,0.335500,0.326295,0.009206
2017-07-11,7.961670,0.314467,0.326844,-0.012377
2017-07-12,7.964408,0.313169,0.327393,-0.014224
2017-07-13,7.967146,0.316152,0.327942,-0.011790
2017-07-14,7.969884,0.299502,0.328490,-0.028988
2017-07-15,7.972621,0.259019,0.329039,-0.070019
2017-07-16,7.975359,0.227294,0.329587,-0.102293
2017-07-17,7.978097,0.251521,0.330136,-0.078614
2017-07-18,7.980835,0.294269,0.330684,-0.036415
2017-07-19,7.983573,0.301386,0.331232,-0.029845
2017-07-20,7.986311,0.331634,0.331779,-0.000146
2017-07-21,7.989049,0.367524,0.332327,0.035197
2017-07-22,7.991786,0.376329,0.332874,0.043455
2017-07-23,7.994524,0.373734,0.333422,0.040312
2017-07-24,7.997262,0.370966,0.333969,0.036997
2017-07-25,8.000000,0.350713,0.334515,0.016198
2017-07-26,8.002738,0.330128,0.335062,-0.004934
2017-07-27,8.005476,0.340362,0.335609,0.004754
2017-07-28,8.008214,0.366006,0.336155,0.029851
2017-07-29,8.010951,0.362362,0.336701,0.025661
2017-07-30,8.013689,0.357232,0.337247,0.019985
2017-07-31,8.016427,0.366812,0.337793,0.029019
2017-08-01,8.019165,0.367132,0.338338,0.028794
2017-08-02,8.021903,0.358766,0.338883,0.019883
2017-08-03,8.024641,0.362230,0.339429,0.022801
2017-08-04,8.027379,0.372941,0.339973,0.032968
2017-08-05,8.030116,0.419589,0.340518,0.079071
2017-08-06,8.032854,0.429958,0.341062,0.088896
2017-08-07,8.035592,0.439708,0.341607,0.098102
2017-08-08,8.038330,0.453640,0.342151,0.111490
2017-08-09,8.041068,0.442175,0.342694,0.099480
2017-08-10,8.043806,0.450727,0.343238,0.107489
2017-08-11,8.046543,0.464495,0.343781,0.120714
2017-08-12,8.049281,0.491777,0.344324,0.147453
2017-08-13,8.052019,0.522819,0.344867,0.177953
2017-08-14,8.054757,0.536882,0.345409,0.191473
2017-08-15,8.057495,0.538627,0.345951,0.192675
2017-08-16,8.060233,0.535308,0.346493,0.188814
2017-08-17,8.062971,0.553471,0.347035,0.206436
2017-08-18,8.065708,0.541003,0.347577,0.193426
2017-08-19,8.068446,0.526158,0.348118,0.178040
2017-08-20,8.071184,0.526907,0.348659,0.178248
2017-08-21,8.073922,0.519830,0.349199,0.170631
2017-08-22,8.076660,0.507345,0.349740,0.157606
2017-08-23,8.079398,0.528538,0.350280,0.178258
2017-08-24,8.082136,0.533158,0.350819,0.182338
2017-08-25,8.084873,0.547529,0.351359,0.196170
2017-08-26,8.087611,0.543287,0.351898,0.191389
2017-08-27,8.090349,0.544994,0.352437,0.192557
2017-08-28,8.093087,0.541483,0.352976,0.188507
2017-08-29,8.095825,0.555391,0.353514,0.201877
2017-08-30,8.098563,0.565479,0.354052,0.211427
2017-08-31,8.101300,0.573076,0.354590,0.218486
2017-09-01,8.104038,0.584406,0.355127,0.229279
2017-09-02,8.106776,0.574171,0.355664,0.218507
2017-09-03,8.109514,0.565554,0.356201,0.209354
2017-09-04,8.112252,0.550095,0.356737,0.193358
2017-09-05,8.114990,0.534831,0.357273,0.177558
2017-09-06,8.117728,0.559799,0.357809,0.201989
2017-09-07,8.120465,0.562323,0.358344,0.203978
2017-09-08,8.123203,0.552040,0.358880,0.193160
2017-09-09,8.125941,0.535012,0.359414,0.175598
2017-09-10,8.128679,0.524471,0.359949,0.164522
2017-09-11,8.131417,0.524798,0.360483,0.164315
2017-09-12,8.134155,0.526246,0.361017,0.165229
2017-09-13,8.136893,0.492933,0.361550,0.131383
2017-09-14,8.139630,0.455739,0.362083,0.093656
2017-09-15,8.142368,0.429187,0.362616,0.066571
2017-09-16,8.145106,0.466023,0.363148,0.102875
2017-09-17,8.147844,0.457992,0.363680,0.094312
2017-09-18,8.150582,0.488486,0.364211,0.124275
2017-09-19,8.153320,0.489967,0.364743,0.125225
2017-09-20,8.156057,0.485968,0.365273,0.120694
2017-09-21,8.158795,0.469054,0.365804,0.103250
2017-09-22,8.161533,0.448626,0.366334,0.082292
2017-09-23,8.164271,0.457140,0.366864,0.090276
2017-09-24,8.167009,0.454346,0.367393,0.086953
2017-09-25,8.169747,0.467614,0.367922,0.099692
2017-09-26,8.172485,0.477392,0.368450,0.108941
2017-09-27,8.175222,0.489467,0.368979,0.120489
2017-09-28,8.177960,0.504478,0.369506,0.134972
2017-09-29,8.180698,0.499019,0.370034,0.128986
2017-09-30,8.183436,0.511432,0.370561,0.140872
2017-10-01,8.186174,0.514637,0.371087,0.143550
2017-10-02,8.188912,0.523227,0.371613,0.151614
2017-10-03,8.191650,0.513769,0.372139,0.141631
2017-10-04,8.194387,0.505027,0.372664,0.132363
2017-10-05,8.197125,0.506199,0.373189,0.133010
2017-10-06,8.199863,0.515314,0.373714,0.141600
2017-10-07,8.202601,0.513914,0.374238,0.139676
2017-10-08,8.205339,0.527277,0.374761,0.152516
2017-10-09,8.208077,0.540426,0.375284,0.165142
2017-10-10,8.210815,0.555390,0.375807,0.179583
2017-10-11,8.213552,0.552448,0.376329,0.176119
2017-10-12,8.216290,0.579493,0.376851,0.202642
2017-10-13,8.219028,0.617266,0.377373,0.239894
2017-10-14,8.221766,0.621941,0.377894,0.244048
2017-10-15,8.224504,0.618350,0.378414,0.239936
2017-10-16,8.227242,0.621519,0.378934,0.242584
2017-10-17,8.229979,0.617547,0.379454,0.238093
2017-10-18,8.232717,0.601539,0.379973,0.221566
2017-10-19,8.235455,0.617955,0.380492,0.237463
2017-10-20,8.238193,0.627288,0.381010,0.246278
2017-10-21,8.240931,0.646433,0.381528,0.264905
2017-10-22,8.243669,0.636388,0.382045,0.254343
2017-10-23,8.246407,0.633042,0.382562,0.250480
2017-10-24,8.249144,0.616865,0.383079,0.233786
2017-10-25,8.251882,0.606758,0.383594,0.223164
2017-10-26,8.254620,0.627017,0.384110,0.242908
2017-10-27,8.257358,0.626598,0.384625,0.241973
2017-10-28,8.260096,0.620051,0.385139,0.234912
2017-10-29,8.262834,0.626221,0.385653,0.240567
2017-10-30,8.265572,0.643677,0.386167,0.257510
2017-10-31,8.268309,0.651645,0.386680,0.264965
2017-11-01,8.271047,0.669799,0.387192,0.282606
2017-11-02,8.273785,0.698924,0.387704,0.311219
2017-11-03,8.276523,0.714389,0.388216,0.326173
2017-11-04,8.279261,0.714300,0.388727,0.325573
2017-11-05,8.281999,0.725598,0.389238,0.336361
2017-11-06,8.284736,0.714062,0.389748,0.324315
2017-11-07,8.287474,0.705500,0.390257,0.315243
2017-11-08,8.290212,0.718864,0.390766,0.328098
2017-11-09,8.292950,0.711415,0.391274,0.320141
2017-11-10,8.295688,0.692042,0.391782,0.300259
2017-11-11,8.298426,0.665989,0.392290,0.273699
2017-11-12,8.301164,0.635023,0.392797,0.242226
2017-11-13,8.303901,0.651311,0.393303,0.258008
2017-11-14,8.306639,0.667031,0.393809,0.273222
2017-11-15,8.309377,0.694757,0.394314,0.300443
2017-11-16,8.312115,0.717910,0.394819,0.323091
2017-11-17,8.314853,0.738117,0.395323,0.342794
2017-11-18,8.317591,0.730394,0.395827,0.334566
2017-11-19,8.320329,0.736247,0.396330,0.339917
2017-11-20,8.323066,0.750163,0.396833,0.353330
2017-11-21,8.325804,0.753015,0.397335,0.355680
2017-11-22,8.328542,0.750049,0.397837,0.352212
2017-11-23,8.331280,0.752709,0.398338,0.354372
2017-11-24,8.334018,0.750646,0.398838,0.351807
2017-11-25,8.336756,0.765665,0.399338,0.366327
2017-11-26,8.339493,0.793845,0.399837,0.394008
2017-11-27,8.342231,0.818789,0.400336,0.418453
2017-11-28,8.344969,0.829759,0.400834,0.428925
2017-11-29,8.347707,0.855715,0.401332,0.454383
2017-11-30,8.350445,0.833740,0.401829,0.431911
2017-12-01,8.353183,0.844264,0.402326,0.441938
2017-12-02,8.355921,0.872166,0.402821,0.469344
2017-12-03,8.358658,0.886318,0.403317,0.483001
2017-12-04,8.361396,0.887336,0.403812,0.483524
2017-12-05,8.364134,0.901067,0.404306,0.496761
2017-12-06,8.366872,0.933371,0.404799,0.528571
2017-12-07,8.369610,1.009758,0.405292,0.604466
2017-12-08,8.372348,1.028605,0.405785,0.622820
2017-12-09,8.375086,1.011762,0.406277,0.605485
2017-12-10,8.377823,0.991075,0.406768,0.584307
2017-12-11,8.380561,1.044268,0.407259,0.637010
2017-12-12,8.383299,1.054824,0.407749,0.647076
2017-12-13,8.386037,1.047098,0.408238,0.638860
2017-12-14,8.388775,1.042947,0.408727,0.634220
2017-12-15,8.391513,1.065093,0.409215,0.655878
2017-12-16,8.394251,1.084914,0.409703,0.675211
2017-12-17,8.396988,1.111055,0.410190,0.700865
2017-12-18,8.399726,1.097489,0.410677,0.686812
2017-12-19,8.402464,1.087655,0.411162,0.676492
2017-12-20,8.405202,1.048660,0.411648,0.637013
2017-12-21,8.407940,1.032419,0.412132,0.620287
2017-12-22,8.410678,0.964434,0.412616,0.551818
2017-12-23,8.413415,0.994918,0.413099,0.581819
2017-12-24,8.416153,0.959653,0.413582,0.546071
2017-12-25,8.418891,0.967541,0.414064,0.553477
2017-12-26,8.421629,1.005738,0.414546,0.591192
2017-12-27,8.424367,1.014667,0.415027,0.599641
2017-12-28,8.427105,0.978670,0.415507,0.563163
2017-12-29,8.429843,0.981449,0.415986,0.565462
2017-12-30,8.432580,0.940232,0.416465,0.523766
2017-12-31,8.435318,0.941806,0.416944,0.524863
2018-01-01,8.438056,0.949258,0.417421,0.531836
2018-01-02,8.440794,0.961058,0.417898,0.543160
2018-01-03,8.443532,0.990201,0.418375,0.571826
2018-01-04,8.446270,0.984720,0.418850,0.565869
2018-01-05,8.449008,1.013451,0.419326,0.594125
2018-01-06,8.451745,1.035514,0.419800,0.615714
2018-01-07,8.454483,1.032080,0.420274,0.611807
2018-01-08,8.457221,1.000475,0.420747,0.579728
2018-01-09,8.459959,0.987050,0.421219,0.565831
2018-01-10,8.462697,0.963207,0.421691,0.541516
2018-01-11,8.465435,0.950801,0.422162,0.528639
2018-01-12,8.468172,0.945452,0.422633,0.522819
2018-01-13,8.470910,0.962087,0.423102,0.538985
2018-01-14,8.473648,0.947282,0.423572,0.523710
2018-01-15,8.476386,0.949681,0.424040,0.525641
2018-01-16,8.479124,0.895570,0.424508,0.471063
2018-01-17,8.481862,0.834635,0.424975,0.409660
2018-01-18,8.484600,0.866207,0.425441,0.440765
2018-01-19,8.487337,0.866670,0.425907,0.440762
2018-01-20,8.490075,0.900910,0.426372,0.474537
2018-01-21,8.492813,0.880466,0.426837,0.453630
2018-01-22,8.495551,0.851764,0.427300,0.424464
2018-01-23,8.498289,0.832960,0.427763,0.405196
2018-01-24,8.501027,0.843363,0.428226,0.415138
2018-01-25,8.503765,0.853022,0.428687,0.424335
2018-01-26,8.506502,0.841811,0.429148,0.412663
2018-01-27,8.509240,0.849122,0.429608,0.419514
2018-01-28,8.511978,0.859044,0.430068,0.428976
2018-01-29,8.514716,0.846264,0.430527,0.415738
2018-01-30,8.517454,0.823630,0.430985,0.392645
2018-01-31,8.520192,0.796888,0.431442,0.365446
2018-02-01,8.522930,0.773719,0.431899,0.341820
2018-02-02,8.525667,0.726126,0.432355,0.293771
2018-02-03,8.528405,0.744441,0.432811,0.311630
2018-02-04,8.531143,0.734890,0.433265,0.301624
2018-02-05,8.533881,0.673465,0.433719,0.239746
2018-02-06,8.536619,0.625604,0.434172,0.191432
2018-02-07,8.539357,0.687204,0.434625,0.252579
2018-02-08,8.542094,0.702967,0.435077,0.267890
2018-02-09,8.544832,0.704462,0.435528,0.268934
2018-02-10,8.547570,0.721063,0.435978,0.285085
2018-02-11,8.550308,0.699213,0.436428,0.262785
2018-02-12,8.553046,0.717953,0.436876,0.281077
2018-02-13,8.555784,0.719155,0.437325,0.281830
2018-02-14,8.558522,0.737569,0.437772,0.299797
2018-02-15,8.561259,0.770811,0.438219,0.332593
2018-02-16,8.563997,0.782163,0.438665,0.343498
2018-02-17,8.566735,0.808590,0.439110,0.369480
2018-02-18,8.569473,0.810412,0.439554,0.370857
2018-02-19,8.572211,0.815175,0.439998,0.375177
2018-02-20,8.574949,0.839696,0.440441,0.399255
2018-02-21,8.577687,0.812985,0.440884,0.372102
2018-02-22,8.580424,0.790695,0.441325,0.349370
2018-02-23,8.583162,0.778260,0.441766,0.336494
2018-02-24,8.585900,0.774500,0.442206,0.332294
2018-02-25,8.588638,0.759231,0.442645,0.316586
2018-02-26,8.591376,0.770921,0.443084,0.327837
2018-02-27,8.594114,0.796873,0.443522,0.353352
2018-02-28,8.596851,0.799506,0.443959,0.355547
2018-03-01,8.599589,0.797993,0.444395,0.353598
2018-03-02,8.602327,0.812040,0.444830,0.367209
2018-03-03,8.605065,0.824895,0.445265,0.379630
2018-03-04,8.607803,0.820882,0.445699,0.375183
2018-03-05,8.610541,0.826354,0.446133,0.380221
2018-03-06,8.613279,0.810459,0.446565,0.363894
2018-03-07,8.616016,0.787783,0.446997,0.340786
2018-03-08,8.618754,0.757554,0.447428,0.310126
2018-03-09,8.621492,0.719961,0.447858,0.272103
2018-03-10,8.624230,0.733113,0.448287,0.284826
2018-03-11,8.626968,0.724204,0.448716,0.275488
2018-03-12,8.629706,0.740428,0.449144,0.291284
2018-03-13,8.632444,0.726914,0.449571,0.277343
2018-03-14,8.635181,0.709169,0.449997,0.259172
2018-03-15,8.637919,0.674092,0.450423,0.223669
2018-03-16,8.640657,0.681864,0.450848,0.231016
2018-03-17,8.643395,0.669241,0.451272,0.217969
2018-03-18,8.646133,0.646869,0.451695,0.195174
2018-03-19,8.648871,0.681505,0.452117,0.229387
2018-03-20,8.651608,0.694784,0.452539,0.242245
2018-03-21,8.654346,0.712398,0.452960,0.259438
2018-03-22,8.657084,0.701472,0.453380,0.248092
2018-03-23,8.659822,0.688104,0.453799,0.234304
2018-03-24,8.662560,0.703078,0.454218,0.248860
2018-03-25,8.665298,0.687560,0.454636,0.232925
2018-03-26,8.668036,0.670602,0.455053,0.215549
2018-03-27,8.670773,0.656289,0.455469,0.200820
2018-03-28,8.673511,0.653018,0.455884,0.197134
2018-03-29,8.676249,0.636594,0.456299,0.180295
2018-03-30,8.678987,0.592632,0.456712,0.135920
2018-03-31,8.681725,0.597792,0.457125,0.140666
2018-04-01,8.684463,0.584366,0.457537,0.126829
2018-04-02,8.687201,0.594895,0.457949,0.136947
2018-04-03,8.689938,0.614334,0.458359,0.155974
2018-04-04,8.692676,0.599373,0.458769,0.140604
2018-04-05,8.695414,0.578926,0.459178,0.119748
2018-04-06,8.698152,0.570137,0.459586,0.110551
2018-04-07,8.700890,0.583963,0.459993,0.123970
2018-04-08,8.703628,0.589446,0.460400,0.129046
2018-04-09,8.706366,0.582920,0.460806,0.122114
2018-04-10,8.709103,0.575178,0.461210,0.113968
2018-04-11,8.711841,0.580229,0.461615,0.118615
2018-04-12,8.714579,0.607107,0.462018,0.145089
2018-04-13,8.717317,0.643732,0.462420,0.181312
2018-04-14,8.720055,0.644170,0.462822,0.181348
2018-04-15,8.722793,0.653616,0.463223,0.190394
2018-04-16,8.725530,0.646596,0.463623,0.182973
2018-04-17,8.728268,0.643837,0.464022,0.179815
2018-04-18,8.731006,0.643748,0.464420,0.179328
2018-04-19,8.733744,0.651155,0.464817,0.186338
2018-04-20,8.736482,0.661981,0.465214,0.196766
2018-04-21,8.739220,0.679758,0.465610,0.214148
2018-04-22,8.741958,0.683294,0.466005,0.217289
2018-04-23,8.744695,0.683575,0.466399,0.217176
2018-04-24,8.747433,0.700013,0.466792,0.233220
2018-04-25,8.750171,0.695869,0.467185,0.228684
2018-04-26,8.752909,0.680372,0.467577,0.212795
2018-04-27,8.755647,0.694320,0.467968,0.226352
2018-04-28,8.758385,0.694258,0.468358,0.225901
2018-04-29,8.761123,0.698744,0.468747,0.229998
2018-04-30,8.763860,0.695794,0.469135,0.226659
2018-05-01,8.766598,0.681793,0.469522,0.212270
2018-05-02,8.769336,0.686066,0.469909,0.216156
2018-05-03,8.772074,0.697190,0.470295,0.226895
2018-05-04,8.774812,0.709662,0.470680,0.238982
2018-05-05,8.777550,0.715902,0.471064,0.244838
2018-05-06,8.780287,0.706963,0.471447,0.235516
2018-05-07,8.783025,0.694321,0.471830,0.222491
2018-05-08,8.785763,0.690012,0.472211,0.217801
2018-05-09,8.788501,0.685959,0.472592,0.213367
2018-05-10,8.791239,0.688510,0.472972,0.215538
2018-05-11,8.793977,0.661920,0.473351,0.188569
2018-05-12,8.796715,0.647465,0.473729,0.173736
2018-05-13,8.799452,0.653012,0.474106,0.178906
2018-05-14,8.802190,0.652618,0.474483,0.178135
2018-05-15,8.804928,0.654209,0.474858,0.179351
2018-05-16,8.807666,0.635999,0.475233,0.160765
2018-05-17,8.810404,0.634690,0.475607,0.159083
2018-05-18,8.813142,0.624938,0.475980,0.148958
2018-05-19,8.815880,0.631938,0.476352,0.155586
2018-05-20,8.818617,0.637009,0.476724,0.160286
2018-05-21,8.821355,0.640991,0.477094,0.163897
2018-05-22,8.824093,0.628962,0.477464,0.151498
2018-05-23,8.826831,0.604887,0.477832,0.127055
2018-05-24,8.829569,0.590033,0.478200,0.111833
2018-05-25,8.832307,0.585555,0.478567,0.106988
2018-05-26,8.835044,0.585049,0.478933,0.106115
2018-05-27,8.837782,0.575125,0.479298,0.095827
2018-05-28,8.840520,0.570470,0.479663,0.090807
2018-05-29,8.843258,0.572230,0.480026,0.092203
2018-05-30,8.845996,0.579652,0.480389,0.099263
2018-05-31,8.848734,0.582328,0.480751,0.101577
2018-06-01,8.851472,0.580589,0.481112,0.099478
2018-06-02,8.854209,0.586411,0.481472,0.104939
2018-06-03,8.856947,0.590790,0.481831,0.108959
2018-06-04,8.859685,0.583367,0.482189,0.101177
2018-06-05,8.862423,0.578125,0.482546,0.095578
2018-06-06,8.865161,0.583722,0.482903,0.100819
2018-06-07,8.867899,0.587795,0.483259,0.104537
2018-06-08,8.870637,0.584020,0.483613,0.100407
2018-06-09,8.873374,0.583218,0.483967,0.099251
2018-06-10,8.876112,0.554323,0.484320,0.070002
2018-06-11,8.878850,0.530265,0.484672,0.045592
2018-06-12,8.881588,0.529140,0.485024,0.044116
2018-06-13,8.884326,0.508270,0.485374,0.022896
2018-06-14,8.887064,0.511083,0.485723,0.025359
2018-06-15,8.889802,0.513628,0.486072,0.027556
2018-06-16,8.892539,0.507659,0.486420,0.021239
2018-06-17,8.895277,0.509550,0.486766,0.022783
2018-06-18,8.898015,0.510078,0.487112,0.022965
2018-06-19,8.900753,0.521388,0.487457,0.033930
2018-06-20,8.903491,0.517952,0.487802,0.030150
2018-06-21,8.906229,0.520375,0.488145,0.032230
2018-06-22,8.908966,0.495861,0.488487,0.007374
2018-06-23,8.911704,0.480775,0.488829,-0.008053
2018-06-24,8.914442,0.472515,0.489169,-0.016654
2018-06-25,8.917180,0.483866,0.489509,-0.005643
2018-06-26,8.919918,0.482779,0.489848,-0.007069
2018-06-27,8.922656,0.474663,0.490185,-0.015522
2018-06-28,8.925394,0.472603,0.490522,-0.017919
2018-06-29,8.928131,0.460431,0.490859,-0.030428
2018-06-30,8.930869,0.491053,0.491194,-0.000140
2018-07-01,8.933607,0.489103,0.491528,-0.002425
2018-07-02,8.936345,0.495358,0.491861,0.003496
2018-07-03,8.939083,0.503899,0.492194,0.011705
2018-07-04,8.941821,0.501901,0.492525,0.009376
2018-07-05,8.944559,0.502302,0.492856,0.009446
2018-07-06,8.947296,0.499335,0.493186,0.006149
2018-07-07,8.950034,0.500683,0.493515,0.007168
2018-07-08,8.952772,0.509707,0.493843,0.015864
2018-07-09,8.955510,0.507377,0.494170,0.013207
2018-07-10,8.958248,0.492855,0.494496,-0.001641
2018-07-11,8.960986,0.483811,0.494821,-0.011010
2018-07-12,8.963723,0.473328,0.495146,-0.021818
2018-07-13,8.966461,0.473096,0.495469,-0.022374
2018-07-14,8.969199,0.471822,0.495792,-0.023970
2018-07-15,8.971937,0.476667,0.496113,-0.019446
2018-07-16,8.974675,0.489487,0.496434,-0.006947
2018-07-17,8.977413,0.511715,0.496754,0.014961
2018-07-18,8.980151,0.542999,0.497073,0.045926
2018-07-19,8.982888,0.541738,0.497391,0.044347
2018-07-20,8.985626,0.543029,0.497708,0.045321
2018-07-21,8.988364,0.538259,0.498024,0.040235
2018-07-22,8.991102,0.543174,0.498339,0.044835
2018-07-23,8.993840,0.555446,0.498654,0.056792
2018-07-24,8.996578,0.576635,0.498967,0.077668
2018-07-25,8.999316,0.585261,0.499280,0.085981
2018-07-26,9.002053,0.581564,0.499591,0.081973
2018-07-27,9.004791,0.571609,0.499902,0.071707
2018-07-28,9.007529,0.579435,0.500212,0.079223
2018-07-29,9.010267,0.580099,0.500521,0.079578
2018-07-30,9.013005,0.575946,0.500828,0.075117
2018-07-31,9.015743,0.563722,0.501135,0.062587
2018-08-01,9.018480,0.544196,0.501442,0.042755
2018-08-02,9.021218,0.544446,0.501747,0.042699
2018-08-03,9.023956,0.532443,0.502051,0.030392
2018-08-04,9.026694,0.522993,0.502354,0.020638
2018-08-05,9.029432,0.507133,0.502657,0.004476
2018-08-06,9.032170,0.505822,0.502958,0.002864
2018-08-07,9.034908,0.505020,0.503259,0.001761
2018-08-08,9.037645,0.469328,0.503559,-0.034230
2018-08-09,9.040383,0.465450,0.503857,-0.038407
2018-08-10,9.043121,0.463535,0.504155,-0.040620
2018-08-11,9.045859,0.450470,0.504452,-0.053982
2018-08-12,9.048597,0.457898,0.504748,-0.046850
2018-08-13,9.051335,0.459759,0.505043,-0.045284
2018-08-14,9.054073,0.439347,0.505337,-0.065990
2018-08-15,9.056810,0.459352,0.505630,-0.046278
2018-08-16,9.059548,0.456795,0.505923,-0.049127
2018-08-17,9.062286,0.464328,0.506214,-0.041886
2018-08-18,9.065024,0.462381,0.506504,-0.044124
2018-08-19,9.067762,0.458670,0.506794,-0.048124
2018-08-20,9.070500,0.461067,0.507082,-0.046015
2018-08-21,9.073238,0.457558,0.507370,-0.049812
2018-08-22,9.075975,0.468347,0.507657,-0.039310
2018-08-23,9.078713,0.458417,0.507943,-0.049525
2018-08-24,9.081451,0.465602,0.508227,-0.042625
2018-08-25,9.084189,0.475259,0.508511,-0.033252
2018-08-26,9.086927,0.471567,0.508794,-0.037228
2018-08-27,9.089665,0.473650,0.509076,-0.035427
2018-08-28,9.092402,0.490024,0.509358,-0.019334
2018-08-29,9.095140,0.493304,0.509638,-0.016333
2018-08-30,9.097878,0.485436,0.509917,-0.024481
2018-08-31,9.100616,0.487688,0.510195,-0.022507
2018-09-01,9.103354,0.494669,0.510473,-0.015804
2018-09-02,9.106092,0.502227,0.510749,-0.008522
2018-09-03,9.108830,0.502636,0.511025,-0.008389
2018-09-04,9.111567,0.505703,0.511299,-0.005596
2018-09-05,9.114305,0.493394,0.511573,-0.018180
2018-09-06,9.117043,0.449101,0.511846,-0.062745
2018-09-07,9.119781,0.450010,0.512118,-0.062107
2018-09-08,9.122519,0.443757,0.512389,-0.068632
2018-09-09,9.125257,0.438526,0.512658,-0.074132
2018-09-10,9.127995,0.437587,0.512927,-0.075340
2018-09-11,9.130732,0.436777,0.513196,-0.076419
2018-09-12,9.133470,0.434570,0.513463,-0.078893
2018-09-13,9.136208,0.445260,0.513729,-0.068469
2018-09-14,9.138946,0.447849,0.513994,-0.066145
2018-09-15,9.141684,0.448356,0.514259,-0.065902
2018-09-16,9.144422,0.445596,0.514522,-0.068926
2018-09-17,9.147159,0.439288,0.514784,-0.075497
2018-09-18,9.149897,0.431960,0.515046,-0.083086
2018-09-19,9.152635,0.433794,0.515306,-0.081512
2018-09-20,9.155373,0.438158,0.515566,-0.077408
2018-09-21,9.158111,0.453640,0.515825,-0.062185
2018-09-22,9.160849,0.456065,0.516083,-0.060018
2018-09-23,9.163587,0.455368,0.516339,-0.060971
2018-09-24,9.166324,0.450190,0.516595,-0.066405
2018-09-25,9.169062,0.435224,0.516850,-0.081626
2018-09-26,9.171800,0.437749,0.517104,-0.079356
2018-09-27,9.174538,0.441098,0.517357,-0.076260
2018-09-28,9.177276,0.449744,0.517610,-0.067866
2018-09-29,9.180014,0.441525,0.517861,-0.076336
2018-09-30,9.182752,0.443238,0.518111,-0.074873
2018-10-01,9.185489,0.442388,0.518360,-0.075972
2018-10-02,9.188227,0.439821,0.518609,-0.078787
2018-10-03,9.190965,0.433332,0.518856,-0.085524
2018-10-04,9.193703,0.438813,0.519103,-0.080290
2018-10-05,9.196441,0.438220,0.519348,-0.081129
2018-10-06,9.199179,0.438026,0.519593,-0.081567
2018-10-07,9.201916,0.436168,0.519837,-0.083669
2018-10-08,9.204654,0.438878,0.520079,-0.081201
2018-10-09,9.207392,0.438392,0.520321,-0.081929
2018-10-10,9.210130,0.433915,0.520562,-0.086647
2018-10-11,9.212868,0.413800,0.520802,-0.107002
2018-10-12,9.215606,0.412551,0.521041,-0.108490
2018-10-13,9.218344,0.411870,0.521279,-0.109409
2018-10-14,9.221081,0.413433,0.521516,-0.108083
2018-10-15,9.223819,0.425251,0.521752,-0.096501
2018-10-16,9.226557,0.428208,0.521987,-0.093780
2018-10-17,9.229295,0.427377,0.522222,-0.094845
2018-10-18,9.232033,0.425805,0.522455,-0.096650
2018-10-19,9.234771,0.421403,0.522687,-0.101285
2018-10-20,9.237509,0.421055,0.522919,-0.101863
2018-10-21,9.240246,0.422747,0.523149,-0.100403
2018-10-22,9.242984,0.420121,0.523379,-0.103258
2018-10-23,9.245722,0.418774,0.523608,-0.104834
2018-10-24,9.248460,0.419950,0.523835,-0.103885
2018-10-25,9.251198,0.417683,0.524062,-0.106379
2018-10-26,9.253936,0.416874,0.524288,-0.107414
2018-10-27,9.256674,0.416223,0.524513,-0.108290
2018-10-28,9.259411,0.415093,0.524737,-0.109644
2018-10-29,9.262149,0.409673,0.524960,-0.115287
2018-10-30,9.264887,0.404587,0.525182,-0.120595
2018-10-31,9.267625,0.404298,0.525403,-0.121104
2018-11-01,9.270363,0.405724,0.525623,-0.119899
2018-11-02,9.273101,0.407642,0.525842,-0.118200
2018-11-03,9.275838,0.405495,0.526060,-0.120566
2018-11-04,9.278576,0.406655,0.526278,-0.119623
2018-11-05,9.281314,0.408412,0.526494,-0.118082
2018-11-06,9.284052,0.408177,0.526710,-0.118532
2018-11-07,9.286790,0.413580,0.526924,-0.113344
2018-11-08,9.289528,0.409512,0.527138,-0.117626
2018-11-09,9.292266,0.403841,0.527350,-0.123509
2018-11-10,9.295003,0.402636,0.527562,-0.124926
2018-11-11,9.297741,0.400780,0.527773,-0.126993
2018-11-12,9.300479,0.401002,0.527983,-0.126981
2018-11-13,9.303217,0.397346,0.528191,-0.130846
2018-11-14,9.305955,0.379477,0.528399,-0.148922
2018-11-15,9.308693,0.340264,0.528606,-0.188342
2018-11-16,9.311431,0.341434,0.528812,-0.187378
2018-11-17,9.314168,0.336691,0.529017,-0.192326
2018-11-18,9.316906,0.339385,0.529222,-0.189836
2018-11-19,9.319644,0.311152,0.529425,-0.218273
2018-11-20,9.322382,0.252187,0.529627,-0.277440
2018-11-21,9.325120,0.243766,0.529828,-0.286062
2018-11-22,9.327858,0.244090,0.530029,-0.285939
2018-11-23,9.330595,0.222147,0.530228,-0.308081
2018-11-24,9.333333,0.216755,0.530427,-0.313672
2018-11-25,9.336071,0.168238,0.530624,-0.362386
2018-11-26,9.338809,0.177624,0.530821,-0.353197
2018-11-27,9.341547,0.159934,0.531017,-0.371083
2018-11-28,9.344285,0.197894,0.531211,-0.333318
2018-11-29,9.347023,0.213523,0.531405,-0.317882
2018-11-30,9.349760,0.197756,0.531598,-0.333842
2018-12-01,9.352498,0.197376,0.531790,-0.334414
2018-12-02,9.355236,0.201545,0.531981,-0.330436
2018-12-03,9.357974,0.180208,0.532171,-0.351963
2018-12-04,9.360712,0.177026,0.532360,-0.355334
2018-12-05,9.363450,0.165151,0.532548,-0.367397
2018-12-06,9.366188,0.152296,0.532736,-0.380439
2018-12-07,9.368925,0.110610,0.532922,-0.422312
2018-12-08,9.371663,0.112741,0.533107,-0.420367
2018-12-09,9.374401,0.123291,0.533292,-0.410001
2018-12-10,9.377139,0.122366,0.533475,-0.411109
2018-12-11,9.379877,0.108769,0.533658,-0.424889
2018-12-12,9.382615,0.112170,0.533839,-0.421670
2018-12-13,9.385352,0.106655,0.534020,-0.427365
2018-12-14,9.388090,0.089470,0.534200,-0.444730
2018-12-15,9.390828,0.081325,0.534379,-0.453054
2018-12-16,9.393566,0.085769,0.534556,-0.448788
2018-12-17,9.396304,0.100460,0.534733,-0.434274
2018-12-18,9.399042,0.121055,0.534909,-0.413855
2018-12-19,9.401780,0.148917,0.535084,-0.386167
2018-12-20,9.404517,0.168182,0.535259,-0.367077
2018-12-21,9.407255,0.172966,0.535432,-0.362465
2018-12-22,9.409993,0.159756,0.535604,-0.375848
2018-12-23,9.412731,0.172627,0.535775,-0.363148
2018-12-24,9.415469,0.187481,0.535946,-0.348465
2018-12-25,9.418207,0.149033,0.536115,-0.387082
2018-12-26,9.420945,0.149709,0.536284,-0.386574
2018-12-27,9.423682,0.142205,0.536451,-0.394246
2018-12-28,9.426420,0.139901,0.536618,-0.396717
2018-12-29,9.429158,0.157564,0.536784,-0.379219
2018-12-30,9.431896,0.147895,0.536948,-0.389053
2018-12-31,9.434634,0.143837,0.537112,-0.393276
2019-01-01,9.437372,0.137504,0.537275,-0.399771
2019-01-02,9.440110,0.150244,0.537437,-0.387193
2019-01-03,9.442847,0.149694,0.537598,-0.387905
2019-01-04,9.445585,0.144134,0.537758,-0.393624
2019-01-05,9.448323,0.148630,0.537918,-0.389288
2019-01-06,9.451061,0.152198,0.538076,-0.385878
2019-01-07,9.453799,0.166992,0.538233,-0.371242
2019-01-08,9.456537,0.164754,0.538390,-0.373636
2019-01-09,9.459274,0.164428,0.538545,-0.374117
2019-01-10,9.462012,0.140311,0.538700,-0.398389
2019-01-11,9.464750,0.121935,0.538853,-0.416919
2019-01-12,9.467488,0.120051,0.539006,-0.418955
2019-01-13,9.470226,0.113913,0.539158,-0.425245
2019-01-14,9.472964,0.113148,0.539309,-0.426160
2019-01-15,9.475702,0.119376,0.539458,-0.420082
2019-01-16,9.478439,0.114360,0.539607,-0.425247
2019-01-17,9.481177,0.113360,0.539755,-0.426396
2019-01-18,9.483915,0.114253,0.539903,-0.425650
2019-01-19,9.486653,0.120080,0.540049,-0.419968
2019-01-20,9.489391,0.111660,0.540194,-0.428534
2019-01-21,9.492129,0.102465,0.540338,-0.437873
2019-01-22,9.494867,0.103650,0.540482,-0.436832
2019-01-23,9.497604,0.105105,0.540624,-0.435519
2019-01-24,9.500342,0.102622,0.540766,-0.438144
2019-01-25,9.503080,0.102243,0.540907,-0.438663
2019-01-26,9.505818,0.103686,0.541046,-0.437360
2019-01-27,9.508556,0.099575,0.541185,-0.441610
2019-01-28,9.511294,0.085982,0.541323,-0.455341
2019-01-29,9.514031,0.080291,0.541460,-0.461169
2019-01-30,9.516769,0.082847,0.541596,-0.458749
2019-01-31,9.519507,0.082385,0.541731,-0.459346
2019-02-01,9.522245,0.080782,0.541865,-0.461083
2019-02-02,9.524983,0.082169,0.541999,-0.459830
2019-02-03,9.527721,0.080671,0.542131,-0.461460
2019-02-04,9.530459,0.078767,0.542262,-0.463495
2019-02-05,9.533196,0.078841,0.542393,-0.463552
2019-02-06,9.535934,0.072489,0.542523,-0.470034
2019-02-07,9.538672,0.071304,0.542651,-0.471347
2019-02-08,9.541410,0.082109,0.542779,-0.460670
2019-02-09,9.544148,0.100169,0.542906,-0.442737
2019-02-10,9.546886,0.098664,0.543032,-0.444367
2019-02-11,9.549624,0.096801,0.543157,-0.446356
2019-02-12,9.552361,0.094292,0.543281,-0.448989
2019-02-13,9.555099,0.094217,0.543404,-0.449187
2019-02-14,9.557837,0.092206,0.543526,-0.451321
2019-02-15,9.560575,0.091858,0.543648,-0.451790
2019-02-16,9.563313,0.093394,0.543768,-0.450374
2019-02-17,9.566051,0.092307,0.543888,-0.451580
2019-02-18,9.568789,0.111086,0.544006,-0.432920
2019-02-19,9.571526,0.125915,0.544124,-0.418209
2019-02-20,9.574264,0.126745,0.544241,-0.417495
2019-02-21,9.577002,0.125878,0.544357,-0.418479
2019-02-22,9.579740,0.127089,0.544472,-0.417383
2019-02-23,9.582478,0.132031,0.544586,-0.412555
2019-02-24,9.585216,0.132098,0.544699,-0.412601
2019-02-25,9.587953,0.110740,0.544811,-0.434071
2019-02-26,9.590691,0.110760,0.544923,-0.434162
2019-02-27,9.593429,0.109741,0.545033,-0.435292
2019-02-28,9.596167,0.111046,0.545142,-0.434097
2019-03-01,9.598905,0.110620,0.545251,-0.434631
2019-03-02,9.601643,0.109042,0.545359,-0.436317
2019-03-03,9.604381,0.108131,0.545466,-0.437335
2019-03-04,9.607118,0.098942,0.545571,-0.446630
2019-03-05,9.609856,0.102766,0.545676,-0.442910
2019-03-06,9.612594,0.109948,0.545781,-0.435832
2019-03-07,9.615332,0.111724,0.545884,-0.434160
2019-03-08,9.618070,0.112321,0.545986,-0.433665
2019-03-09,9.620808,0.113788,0.546087,-0.432299
2019-03-10,9.623546,0.113257,0.546188,-0.432930
2019-03-11,9.626283,0.109592,0.546288,-0.436695
2019-03-12,9.629021,0.107471,0.546386,-0.438915
2019-03-13,9.631759,0.107555,0.546484,-0.438929
2019-03-14,9.634497,0.106473,0.546581,-0.440108
2019-03-15,9.637235,0.108931,0.546677,-0.437746
2019-03-16,9.639973,0.119026,0.546772,-0.427746
2019-03-17,9.642710,0.116884,0.546866,-0.429982
2019-03-18,9.645448,0.116846,0.546959,-0.430113
2019-03-19,9.648186,0.117248,0.547052,-0.429804
2019-03-20,9.650924,0.118616,0.547143,-0.428528
2019-03-21,9.653662,0.118521,0.547234,-0.428713
2019-03-22,9.656400,0.115030,0.547324,-0.432294
2019-03-23,9.659138,0.114513,0.547412,-0.432899
2019-03-24,9.661875,0.112685,0.547500,-0.434816
2019-03-25,9.664613,0.109923,0.547587,-0.437664
2019-03-26,9.667351,0.104766,0.547673,-0.442907
2019-03-27,9.670089,0.113029,0.547759,-0.434730
2019-03-28,9.672827,0.114206,0.547843,-0.433637
2019-03-29,9.675565,0.118874,0.547927,-0.429053
2019-03-30,9.678303,0.120793,0.548009,-0.427216
2019-03-31,9.681040,0.120633,0.548091,-0.427458
2019-04-01,9.683778,0.123661,0.548172,-0.424511
2019-04-02,9.686516,0.174178,0.548252,-0.374073
2019-04-03,9.689254,0.206480,0.548331,-0.341850
2019-04-04,9.691992,0.201497,0.548409,-0.346911
2019-04-05,9.694730,0.202082,0.548486,-0.346404
2019-04-06,9.697467,0.206773,0.548562,-0.341789
2019-04-07,9.700205,0.213610,0.548638,-0.335028
2019-04-08,9.702943,0.221790,0.548712,-0.326923
2019-04-09,9.705681,0.219913,0.548786,-0.328874
2019-04-10,9.708419,0.223375,0.548859,-0.325484
2019-04-11,9.711157,0.210628,0.548931,-0.338303
2019-04-12,9.713895,0.203925,0.549002,-0.345077
2019-04-13,9.716632,0.206634,0.549072,-0.342438
2019-04-14,9.719370,0.205734,0.549141,-0.343407
2019-04-15,9.722108,0.208269,0.549210,-0.340941
2019-04-16,9.724846,0.205874,0.549277,-0.343404
2019-04-17,9.727584,0.214915,0.549344,-0.334429
2019-04-18,9.730322,0.217894,0.549410,-0.331516
2019-04-19,9.733060,0.216828,0.549475,-0.332647
2019-04-20,9.735797,0.220452,0.549539,-0.329087
2019-04-21,9.738535,0.217948,0.549602,-0.331654
2019-04-22,9.741273,0.219840,0.549664,-0.329824
2019-04-23,9.744011,0.236066,0.549726,-0.313660
2019-04-24,9.746749,0.232023,0.549786,-0.317763
2019-04-25,9.749487,0.226635,0.549846,-0.323211
2019-04-26,9.752225,0.207904,0.549905,-0.342001
2019-04-27,9.754962,0.207862,0.549963,-0.342101
2019-04-28,9.757700,0.208462,0.550020,-0.341558
2019-04-29,9.760438,0.206414,0.550076,-0.343662
2019-04-30,9.763176,0.208875,0.550132,-0.341257
2019-05-01,9.765914,0.215847,0.550186,-0.334339
2019-05-02,9.768652,0.219893,0.550240,-0.330347
2019-05-03,9.771389,0.239028,0.550292,-0.311264
2019-05-04,9.774127,0.243720,0.550344,-0.306624
2019-05-05,9.776865,0.245729,0.550395,-0.304667
2019-05-06,9.779603,0.240613,0.550445,-0.309833
2019-05-07,9.782341,0.254568,0.550495,-0.295927
2019-05-08,9.785079,0.252663,0.550543,-0.297880
2019-05-09,9.787817,0.266429,0.550591,-0.284162
2019-05-10,9.790554,0.282328,0.550637,-0.268309
2019-05-11,9.793292,0.314203,0.550683,-0.236480
2019-05-12,9.796030,0.333712,0.550728,-0.217016
2019-05-13,9.798768,0.348696,0.550772,-0.202077
2019-05-14,9.801506,0.381049,0.550816,-0.169767
2019-05-15,9.804244,0.383452,0.550858,-0.167406
2019-05-16,9.806982,0.379500,0.550900,-0.171400
2019-05-17,9.809719,0.338986,0.550940,-0.211954
2019-05-18,9.812457,0.342298,0.550980,-0.208683
2019-05-19,9.815195,0.375228,0.551019,-0.175791
2019-05-20,9.817933,0.372424,0.551057,-0.178634
2019-05-21,9.820671,0.374494,0.551095,-0.176601
2019-05-22,9.823409,0.370767,0.551131,-0.180364
2019-05-23,9.826146,0.360757,0.551167,-0.190409
2019-05-24,9.828884,0.374904,0.551202,-0.176298
2019-05-25,9.831622,0.376821,0.551235,-0.174414
2019-05-26,9.834360,0.380519,0.551269,-0.170750
2019-05-27,9.837098,0.412326,0.551301,-0.138975
2019-05-28,9.839836,0.409610,0.551332,-0.141722
2019-05-29,9.842574,0.406170,0.551363,-0.145193
2019-05-30,9.845311,0.405182,0.551392,-0.146210
2019-05-31,9.848049,0.391024,0.551421,-0.160397
2019-06-01,9.850787,0.399887,0.551449,-0.151563
2019-06-02,9.853525,0.405376,0.551476,-0.146100
2019-06-03,9.856263,0.397581,0.551503,-0.153922
2019-06-04,9.859001,0.361865,0.551528,-0.189663
2019-06-05,9.861739,0.357110,0.551553,-0.194442
2019-06-06,9.864476,0.354917,0.551577,-0.196660
2019-06-07,9.867214,0.364439,0.551600,-0.187160
2019-06-08,9.869952,0.363953,0.551622,-0.187668
2019-06-09,9.872690,0.355728,0.551643,-0.195915
2019-06-10,9.875428,0.356254,0.551663,-0.195410
2019-06-11,9.878166,0.359630,0.551683,-0.192053
2019-06-12,9.880903,0.366654,0.551702,-0.185048
2019-06-13,9.883641,0.372840,0.551720,-0.178880
2019-06-14,9.886379,0.381873,0.551737,-0.169864
2019-06-15,9.889117,0.400006,0.551753,-0.151747
2019-06-16,9.891855,0.416279,0.551769,-0.135489
2019-06-17,9.894593,0.422589,0.551783,-0.129195
2019-06-18,9.897331,0.418414,0.551797,-0.133384
2019-06-19,9.900068,0.418086,0.551810,-0.133724
2019-06-20,9.902806,0.426983,0.551822,-0.124840
2019-06-21,9.905544,0.446479,0.551834,-0.105355
2019-06-22,9.908282,0.483947,0.551844,-0.067897
2019-06-23,9.911020,0.484925,0.551854,-0.066929
2019-06-24,9.913758,0.488617,0.551863,-0.063246
2019-06-25,9.916496,0.506113,0.551871,-0.045758
2019-06-26,9.919233,0.552774,0.551878,0.000896
2019-06-27,9.921971,0.523131,0.551884,-0.028754
2019-06-28,9.924709,0.519724,0.551890,-0.032166
2019-06-29,9.927447,0.524987,0.551895,-0.026908
2019-06-30,9.930185,0.512437,0.551899,-0.039462
2019-07-01,9.932923,0.478833,0.551902,-0.073069
2019-07-02,9.935661,0.462525,0.551904,-0.089379
2019-07-03,9.938398,0.502733,0.551906,-0.049173
2019-07-04,9.941136,0.517919,0.551907,-0.033987
2019-07-05,9.943874,0.494174,0.551906,-0.057732
2019-07-06,9.946612,0.504212,0.551905,-0.047693
2019-07-07,9.949350,0.499695,0.551904,-0.052209
2019-07-08,9.952088,0.516760,0.551901,-0.035142
2019-07-09,9.954825,0.540998,0.551898,-0.010900
2019-07-10,9.957563,0.545015,0.551894,-0.006879
2019-07-11,9.960301,0.507494,0.551889,-0.044394
2019-07-12,9.963039,0.506992,0.551883,-0.044891
2019-07-13,9.965777,0.500202,0.551876,-0.051674
2019-07-14,9.968515,0.477304,0.551869,-0.074565
2019-07-15,9.971253,0.459833,0.551861,-0.092028
2019-07-16,9.973990,0.456137,0.551852,-0.095715
2019-07-17,9.976728,0.421826,0.551842,-0.130016
2019-07-18,9.979466,0.442297,0.551832,-0.109535
2019-07-19,9.982204,0.458762,0.551820,-0.093058
2019-07-20,9.984942,0.466763,0.551808,-0.085045
2019-07-21,9.987680,0.461718,0.551795,-0.090077
2019-07-22,9.990418,0.456102,0.551781,-0.095680
2019-07-23,9.993155,0.439973,0.551767,-0.111794
2019-07-24,9.995893,0.423575,0.551751,-0.128177
2019-07-25,9.998631,0.436613,0.551735,-0.115122
2019-07-26,10.001369,0.425252,0.551718,-0.126467
2019-07-27,10.004107,0.422403,0.551701,-0.129298
2019-07-28,10.006845,0.411562,0.551682,-0.140120
2019-07-29,10.009582,0.412952,0.551663,-0.138711
2019-07-30,10.012320,0.412354,0.551643,-0.139289
2019-07-31,10.015058,0.425637,0.551622,-0.125985
2019-08-01,10.017796,0.434722,0.551600,-0.116878
2019-08-02,10.020534,0.450288,0.551578,-0.101290
2019-08-03,10.023272,0.462259,0.551555,-0.089296
2019-08-04,10.026010,0.462895,0.551531,-0.088635
2019-08-05,10.028747,0.495383,0.551506,-0.056122
2019-08-06,10.031485,0.497377,0.551480,-0.054103
2019-08-07,10.034223,0.495557,0.551454,-0.055897
2019-08-08,10.036961,0.498482,0.551427,-0.052945
2019-08-09,10.039699,0.498633,0.551399,-0.052766
2019-08-10,10.042437,0.489106,0.551370,-0.062265
2019-08-11,10.045175,0.481054,0.551341,-0.070287
2019-08-12,10.047912,0.480999,0.551310,-0.070311
2019-08-13,10.050650,0.470614,0.551279,-0.080665
2019-08-14,10.053388,0.441932,0.551248,-0.109316
2019-08-15,10.056126,0.424203,0.551215,-0.127012
2019-08-16,10.058864,0.432624,0.551182,-0.118558
2019-08-17,10.061602,0.434626,0.551148,-0.116521
2019-08-18,10.064339,0.433965,0.551113,-0.117147
2019-08-19,10.067077,0.446406,0.551077,-0.104671
2019-08-20,10.069815,0.451216,0.551041,-0.099825
2019-08-21,10.072553,0.427587,0.551004,-0.123417
2019-08-22,10.075291,0.421346,0.550966,-0.129620
2019-08-23,10.078029,0.429872,0.550927,-0.121055
2019-08-24,10.080767,0.424208,0.550887,-0.126679
2019-08-25,10.083504,0.421586,0.550847,-0.129261
2019-08-26,10.086242,0.430867,0.550806,-0.119939
2019-08-27,10.088980,0.423277,0.550765,-0.127487
2019-08-28,10.091718,0.417383,0.550722,-0.133339
2019-08-29,10.094456,0.394124,0.550679,-0.156555
2019-08-30,10.097194,0.394309,0.550635,-0.156326
2019-08-31,10.099932,0.396072,0.550590,-0.154518
2019-09-01,10.102669,0.396775,0.550545,-0.153769
2019-09-02,10.105407,0.410018,0.550498,-0.140480
2019-09-03,10.108145,0.432888,0.550451,-0.117563
2019-09-04,10.110883,0.434357,0.550403,-0.116047
2019-09-05,10.113621,0.433877,0.550355,-0.116478
2019-09-06,10.116359,0.436665,0.550306,-0.113640
2019-09-07,10.119097,0.427046,0.550256,-0.123210
2019-09-08,10.121834,0.427872,0.550205,-0.122333
2019-09-09,10.124572,0.420923,0.550153,-0.129230
2019-09-10,10.127310,0.416871,0.550101,-0.133230
2019-09-11,10.130048,0.409739,0.550048,-0.140309
2019-09-12,10.132786,0.415861,0.549994,-0.134133
2019-09-13,10.135524,0.418975,0.549940,-0.130965
2019-09-14,10.138261,0.419338,0.549885,-0.130547
2019-09-15,10.140999,0.417681,0.549829,-0.132148
2019-09-16,10.143737,0.414446,0.549772,-0.135326
2019-09-17,10.146475,0.412397,0.549715,-0.137318
2019-09-18,10.149213,0.410780,0.549656,-0.138877
2019-09-19,10.151951,0.401903,0.549598,-0.147694
2019-09-20,10.154689,0.409040,0.549538,-0.140498
2019-09-21,10.157426,0.402629,0.549478,-0.146848
2019-09-22,10.160164,0.399590,0.549416,-0.149826
2019-09-23,10.162902,0.394537,0.549355,-0.154818
2019-09-24,10.165640,0.373418,0.549292,-0.175874
2019-09-25,10.168378,0.326506,0.549229,-0.222723
2019-09-26,10.171116,0.314973,0.549165,-0.234191
2019-09-27,10.173854,0.303327,0.549100,-0.245773
2019-09-28,10.176591,0.309172,0.549035,-0.239862
2019-09-29,10.179329,0.304007,0.548968,-0.244961
2019-09-30,10.182067,0.303517,0.548901,-0.245385
2019-10-01,10.184805,0.318091,0.548834,-0.230743
2019-10-02,10.187543,0.312006,0.548765,-0.236759
2019-10-03,10.190281,0.310599,0.548696,-0.238097
2019-10-04,10.193018,0.304903,0.548627,-0.243724
2019-10-05,10.195756,0.302250,0.548556,-0.246306
2019-10-06,10.198494,0.294668,0.548485,-0.253817
2019-10-07,10.201232,0.297713,0.548413,-0.250700
2019-10-08,10.203970,0.305220,0.548340,-0.243120
2019-10-09,10.206708,0.310935,0.548267,-0.237332
2019-10-10,10.209446,0.321500,0.548193,-0.226692
2019-10-11,10.212183,0.313333,0.548118,-0.234785
2019-10-12,10.214921,0.309656,0.548042,-0.238387
2019-10-13,10.217659,0.310419,0.547966,-0.237548
2019-10-14,10.220397,0.307154,0.547889,-0.240735
2019-10-15,10.223135,0.304310,0.547812,-0.243502
2019-10-16,10.225873,0.293112,0.547733,-0.254622
2019-10-17,10.228611,0.290965,0.547654,-0.256690
2019-10-18,10.231348,0.286757,0.547575,-0.260818
2019-10-19,10.234086,0.286291,0.547494,-0.261203
2019-10-20,10.236824,0.289027,0.547413,-0.258386
2019-10-21,10.239562,0.298694,0.547331,-0.248637
2019-10-22,10.242300,0.296853,0.547249,-0.250396
2019-10-23,10.245038,0.271815,0.547166,-0.275350
2019-10-24,10.247775,0.254889,0.547082,-0.292192
2019-10-25,10.250513,0.278906,0.546997,-0.268091
2019-10-26,10.253251,0.350116,0.546912,-0.196796
2019-10-27,10.255989,0.353121,0.546826,-0.193704
2019-10-28,10.258727,0.354529,0.546739,-0.192209
2019-10-29,10.261465,0.349588,0.546652,-0.197064
2019-10-30,10.264203,0.340400,0.546563,-0.206163
2019-10-31,10.266940,0.339160,0.546475,-0.207315
2019-11-01,10.269678,0.338072,0.546385,-0.208313
2019-11-02,10.272416,0.343256,0.546295,-0.203039
2019-11-03,10.275154,0.339697,0.546204,-0.206508
2019-11-04,10.277892,0.340917,0.546113,-0.205196
2019-11-05,10.280630,0.344111,0.546021,-0.201910
2019-11-06,10.283368,0.343102,0.545928,-0.202826
2019-11-07,10.286105,0.338092,0.545834,-0.207742
2019-11-08,10.288843,0.325479,0.545740,-0.220261
2019-11-09,10.291581,0.317063,0.545645,-0.228582
2019-11-10,10.294319,0.320582,0.545550,-0.224968
2019-11-11,10.297057,0.315347,0.545453,-0.230106
2019-11-12,10.299795,0.311847,0.545356,-0.233509
2019-11-13,10.302533,0.312176,0.545259,-0.233083
2019-11-14,10.305270,0.307005,0.545160,-0.238155
2019-11-15,10.308008,0.300552,0.545062,-0.244510
2019-11-16,10.310746,0.296663,0.544962,-0.248299
2019-11-17,10.313484,0.298209,0.544862,-0.246653
2019-11-18,10.316222,0.290767,0.544761,-0.253993
2019-11-19,10.318960,0.276585,0.544659,-0.268074
2019-11-20,10.321697,0.275004,0.544557,-0.269553
2019-11-21,10.324435,0.260949,0.544454,-0.283505
2019-11-22,10.327173,0.231908,0.544350,-0.312442
2019-11-23,10.329911,0.225872,0.544246,-0.318374
2019-11-24,10.332649,0.219573,0.544141,-0.324568
2019-11-25,10.335387,0.207895,0.544035,-0.336140
2019-11-26,10.338125,0.217296,0.543929,-0.326633
2019-11-27,10.340862,0.223498,0.543822,-0.320324
2019-11-28,10.343600,0.238287,0.543715,-0.305427
2019-11-29,10.346338,0.243136,0.543607,-0.300470
2019-11-30,10.349076,0.244665,0.543498,-0.298833
2019-12-01,10.351814,0.226952,0.543388,-0.316436
2019-12-02,10.354552,0.223965,0.543278,-0.319314
2019-12-03,10.357290,0.223861,0.543167,-0.319306
2019-12-04,10.360027,0.220420,0.543056,-0.322636
2019-12-05,10.362765,0.222882,0.542944,-0.320062
2019-12-06,10.365503,0.226779,0.542831,-0.316051
2019-12-07,10.368241,0.233533,0.542718,-0.309185
2019-12-08,10.370979,0.230749,0.542603,-0.311854
2019-12-09,10.373717,0.228224,0.542489,-0.314264
2019-12-10,10.376454,0.218335,0.542373,-0.324038
2019-12-11,10.379192,0.212577,0.542257,-0.329680
2019-12-12,10.381930,0.209857,0.542141,-0.332284
2019-12-13,10.384668,0.212533,0.542024,-0.329491
2019-12-14,10.387406,0.208022,0.541906,-0.333883
2019-12-15,10.390144,0.203217,0.541787,-0.338570
2019-12-16,10.392882,0.199283,0.541668,-0.342385
2019-12-17,10.395619,0.183872,0.541548,-0.357676
2019-12-18,10.398357,0.182352,0.541428,-0.359076
2019-12-19,10.401095,0.204448,0.541307,-0.336858
2019-12-20,10.403833,0.203996,0.541185,-0.337189
2019-12-21,10.406571,0.203203,0.541063,-0.337860
2019-12-22,10.409309,0.207392,0.540940,-0.333548
2019-12-23,10.412047,0.222507,0.540816,-0.318310
2019-12-24,10.414784,0.209759,0.540692,-0.330933
2019-12-25,10.417522,0.204474,0.540567,-0.336094
2019-12-26,10.420260,0.204720,0.540442,-0.335722
2019-12-27,10.422998,0.202412,0.540316,-0.337904
2019-12-28,10.425736,0.207962,0.540189,-0.332228
2019-12-29,10.428474,0.209881,0.540062,-0.330181
2019-12-30,10.431211,0.206382,0.539934,-0.333552
2019-12-31,10.433949,0.200230,0.539806,-0.339575
2020-01-01,10.436687,0.199667,0.539677,-0.340009
2020-01-02,10.439425,0.191564,0.539547,-0.347983
2020-01-03,10.442163,0.199783,0.539416,-0.339633
2020-01-04,10.444901,0.204749,0.539285,-0.334536
2020-01-05,10.447639,0.210211,0.539154,-0.328943
2020-01-06,10.450376,0.215551,0.539022,-0.323471
2020-01-07,10.453114,0.236659,0.538889,-0.302230
2020-01-08,10.455852,0.252203,0.538755,-0.286552
2020-01-09,10.458590,0.234131,0.538621,-0.304491
2020-01-10,10.461328,0.233487,0.538487,-0.304999
2020-01-11,10.464066,0.244830,0.538352,-0.293522
2020-01-12,10.466804,0.244288,0.538216,-0.293928
2020-01-13,10.469541,0.243266,0.538079,-0.294813
2020-01-14,10.472279,0.266698,0.537942,-0.271245
2020-01-15,10.475017,0.274171,0.537805,-0.263633
2020-01-16,10.477755,0.270293,0.537667,-0.267373
2020-01-17,10.480493,0.278425,0.537528,-0.259103
2020-01-18,10.483231,0.279808,0.537388,-0.257580
2020-01-19,10.485969,0.277198,0.537248,-0.260050
2020-01-20,10.488706,0.266836,0.537108,-0.270272
2020-01-21,10.491444,0.266227,0.536967,-0.270740
2020-01-22,10.494182,0.266700,0.536825,-0.270125
2020-01-23,10.496920,0.254570,0.536683,-0.282112
2020-01-24,10.499658,0.251441,0.536540,-0.285099
2020-01-25,10.502396,0.247814,0.536396,-0.288582
2020-01-26,10.505133,0.252860,0.536252,-0.283392
2020-01-27,10.507871,0.266652,0.536107,-0.269455
2020-01-28,10.510609,0.281134,0.535962,-0.254828
2020-01-29,10.513347,0.293594,0.535816,-0.242222
2020-01-30,10.516085,0.294659,0.535670,-0.241011
2020-01-31,10.518823,0.292884,0.535523,-0.242639
2020-02-01,10.521561,0.293739,0.535375,-0.241636
2020-02-02,10.524298,0.293356,0.535227,-0.241871
2020-02-03,10.527036,0.290662,0.535078,-0.244416
2020-02-04,10.529774,0.284319,0.534929,-0.250610
2020-02-05,10.532512,0.292887,0.534779,-0.241892
2020-02-06,10.535250,0.304944,0.534629,-0.229685
2020-02-07,10.537988,0.308245,0.534478,-0.226233
2020-02-08,10.540726,0.309224,0.534326,-0.225102
2020-02-09,10.543463,0.320272,0.534174,-0.213902
2020-02-10,10.546201,0.312593,0.534021,-0.221428
2020-02-11,10.548939,0.313834,0.533868,-0.220034
2020-02-12,10.551677,0.329734,0.533714,-0.203980
2020-02-13,10.554415,0.326886,0.533560,-0.206673
2020-02-14,10.557153,0.325165,0.533405,-0.208240
2020-02-15,10.559890,0.319351,0.533249,-0.213898
2020-02-16,10.562628,0.308775,0.533093,-0.224318
2020-02-17,10.565366,0.300152,0.532936,-0.232785
2020-02-18,10.568104,0.305174,0.532779,-0.227605
2020-02-19,10.570842,0.315003,0.532621,-0.217619
2020-02-20,10.573580,0.293190,0.532463,-0.239273
2020-02-21,10.576318,0.297467,0.532304,-0.234837
2020-02-22,10.579055,0.295805,0.532145,-0.236339
2020-02-23,10.581793,0.304236,0.531985,-0.227748
2020-02-24,10.584531,0.297258,0.531824,-0.234566
2020-02-25,10.587269,0.286142,0.531663,-0.245521
2020-02-26,10.590007,0.264841,0.531502,-0.266660
2020-02-27,10.592745,0.252985,0.531339,-0.278354
2020-02-28,10.595483,0.247583,0.531177,-0.283594
2020-02-29,10.598220,0.246259,0.531013,-0.284755
2020-03-01,10.600958,0.239445,0.530850,-0.291405
2020-03-02,10.603696,0.247957,0.530685,-0.282729
2020-03-03,10.606434,0.249517,0.530521,-0.281003
2020-03-04,10.609172,0.247614,0.530355,-0.282741
2020-03-05,10.611910,0.259446,0.530189,-0.270743
2020-03-06,10.614648,0.262615,0.530023,-0.267408
2020-03-07,10.617385,0.259845,0.529856,-0.270011
2020-03-08,10.620123,0.235863,0.529688,-0.293825
2020-03-09,10.622861,0.199962,0.529520,-0.329558
2020-03-10,10.625599,0.202543,0.529352,-0.326808
2020-03-11,10.628337,0.196658,0.529182,-0.332524
2020-03-12,10.631075,0.125461,0.529013,-0.403551
2020-03-13,10.633812,0.028663,0.528843,-0.500180
2020-03-14,10.636550,0.035874,0.528672,-0.492798
2020-03-15,10.639288,0.027152,0.528501,-0.501349
2020-03-16,10.642026,-0.000213,0.528329,-0.528542
2020-03-17,10.644764,0.025343,0.528157,-0.502814
2020-03-18,10.647502,0.022076,0.527984,-0.505908
2020-03-19,10.650240,0.058061,0.527810,-0.469749
2020-03-20,10.652977,0.099603,0.527637,-0.428034
2020-03-21,10.655715,0.085457,0.527462,-0.442005
2020-03-22,10.658453,0.082983,0.527287,-0.444305
2020-03-23,10.661191,0.081051,0.527112,-0.446061
2020-03-24,10.663929,0.116842,0.526936,-0.410094
2020-03-25,10.666667,0.116509,0.526760,-0.410251
2020-03-26,10.669405,0.116543,0.526583,-0.410039
2020-03-27,10.672142,0.116859,0.526405,-0.409546
2020-03-28,10.674880,0.085717,0.526227,-0.440511
2020-03-29,10.677618,0.077159,0.526049,-0.448890
2020-03-30,10.680356,0.088290,0.525870,-0.437580
2020-03-31,10.683094,0.099558,0.525691,-0.426133
2020-04-01,10.685832,0.089364,0.525511,-0.436146
2020-04-02,10.688569,0.115662,0.525330,-0.409668
2020-04-03,10.691307,0.120499,0.525149,-0.404651
2020-04-04,10.694045,0.117264,0.524968,-0.407704
2020-04-05,10.696783,0.118132,0.524786,-0.406654
2020-04-06,10.699521,0.135538,0.524603,-0.389065
2020-04-07,10.702259,0.148610,0.524421,-0.375810
2020-04-08,10.704997,0.147343,0.524237,-0.376894
2020-04-09,10.707734,0.146716,0.524053,-0.377337
2020-04-10,10.710472,0.126392,0.523869,-0.397476
2020-04-11,10.713210,0.119788,0.523684,-0.403896
2020-04-12,10.715948,0.124230,0.523498,-0.399268
2020-04-13,10.718686,0.111601,0.523313,-0.411712
2020-04-14,10.721424,0.119533,0.523126,-0.403593
2020-04-15,10.724162,0.113897,0.522939,-0.409042
2020-04-16,10.726899,0.120138,0.522752,-0.402614
2020-04-17,10.729637,0.128537,0.522564,-0.394027
2020-04-18,10.732375,0.132348,0.522376,-0.390028
2020-04-19,10.735113,0.132931,0.522187,-0.389256
2020-04-20,10.737851,0.125304,0.521998,-0.396693
2020-04-21,10.740589,0.113808,0.521808,-0.408000
2020-04-22,10.743326,0.121393,0.521618,-0.400225
2020-04-23,10.746064,0.137991,0.521427,-0.383436
2020-04-24,10.748802,0.150314,0.521236,-0.370922
2020-04-25,10.751540,0.151034,0.521044,-0.370010
2020-04-26,10.754278,0.153684,0.520852,-0.367168
2020-04-27,10.757016,0.159562,0.520660,-0.361097
2020-04-28,10.759754,0.160041,0.520467,-0.360425
2020-04-29,10.762491,0.187511,0.520273,-0.332762
2020-04-30,10.765229,0.219278,0.520079,-0.300801
2020-05-01,10.767967,0.213742,0.519885,-0.306142
2020-05-02,10.770705,0.217717,0.519690,-0.301973
2020-05-03,10.773443,0.222060,0.519494,-0.297435
2020-05-04,10.776181,0.211426,0.519299,-0.307873
2020-05-05,10.778919,0.218716,0.519102,-0.300386
2020-05-06,10.781656,0.229012,0.518906,-0.289894
2020-05-07,10.784394,0.243698,0.518708,-0.275011
2020-05-08,10.787132,0.262324,0.518511,-0.256187
2020-05-09,10.789870,0.253122,0.518313,-0.265190
2020-05-10,10.792608,0.203494,0.518114,-0.314620
2020-05-11,10.795346,0.204295,0.517915,-0.313620
2020-05-12,10.798084,0.207341,0.517715,-0.310375
2020-05-13,10.800821,0.219657,0.517515,-0.297859
2020-05-14,10.803559,0.244036,0.517315,-0.273279
2020-05-15,10.806297,0.240534,0.517114,-0.276580
2020-05-16,10.809035,0.234745,0.516913,-0.282168
2020-05-17,10.811773,0.244257,0.516711,-0.272454
2020-05-18,10.814511,0.247758,0.516509,-0.268751
2020-05-19,10.817248,0.245139,0.516306,-0.271168
2020-05-20,10.819986,0.244626,0.516103,-0.271477
2020-05-21,10.822724,0.226156,0.515900,-0.289744
2020-05-22,10.825462,0.218478,0.515696,-0.297218
2020-05-23,10.828200,0.221805,0.515492,-0.293687
2020-05-24,10.830938,0.217282,0.515287,-0.298005
2020-05-25,10.833676,0.202520,0.515082,-0.312562
2020-05-26,10.836413,0.204019,0.514876,-0.310857
2020-05-27,10.839151,0.211502,0.514670,-0.303168
2020-05-28,10.841889,0.224238,0.514463,-0.290226
2020-05-29,10.844627,0.229694,0.514256,-0.284563
2020-05-30,10.847365,0.231692,0.514049,-0.282357
2020-05-31,10.850103,0.232709,0.513841,-0.281132
2020-06-01,10.852841,0.233872,0.513633,-0.279761
2020-06-02,10.855578,0.245496,0.513424,-0.267928
2020-06-03,10.858316,0.231512,0.513215,-0.281703
2020-06-04,10.861054,0.237530,0.513006,-0.275475
2020-06-05,10.863792,0.238696,0.512796,-0.274100
2020-06-06,10.866530,0.233706,0.512585,-0.278879
2020-06-07,10.869268,0.232413,0.512374,-0.279961
2020-06-08,10.872005,0.236400,0.512163,-0.275763
2020-06-09,10.874743,0.235278,0.511952,-0.276674
2020-06-10,10.877481,0.238124,0.511740,-0.273615
2020-06-11,10.880219,0.230938,0.511527,-0.280589
2020-06-12,10.882957,0.220361,0.511314,-0.290953
2020-06-13,10.885695,0.220468,0.511101,-0.290633
2020-06-14,10.888433,0.218972,0.510887,-0.291915
2020-06-15,10.891170,0.211152,0.510673,-0.299521
2020-06-16,10.893908,0.222020,0.510459,-0.288439
2020-06-17,10.896646,0.219068,0.510244,-0.291176
2020-06-18,10.899384,0.216718,0.510028,-0.293311
2020-06-19,10.902122,0.212714,0.509813,-0.297098
2020-06-20,10.904860,0.211097,0.509597,-0.298500
2020-06-21,10.907598,0.212811,0.509380,-0.296569
2020-06-22,10.910335,0.218120,0.509163,-0.291043
2020-06-23,10.913073,0.224324,0.508946,-0.284622
2020-06-24,10.915811,0.214844,0.508728,-0.293884
2020-06-25,10.918549,0.205233,0.508510,-0.303277
2020-06-26,10.921287,0.202271,0.508292,-0.306020
2020-06-27,10.924025,0.198243,0.508073,-0.309829
2020-06-28,10.926762,0.195698,0.507853,-0.312155
2020-06-29,10.929500,0.197836,0.507634,-0.309797
2020-06-30,10.932238,0.198458,0.507414,-0.308955
2020-07-01,10.934976,0.199656,0.507193,-0.307537
2020-07-02,10.937714,0.197930,0.506972,-0.309042
2020-07-03,10.940452,0.194207,0.506751,-0.312544
2020-07-04,10.943190,0.193607,0.506529,-0.312923
2020-07-05,10.945927,0.191594,0.506307,-0.314713
2020-07-06,10.948665,0.197821,0.506085,-0.308264
2020-07-07,10.951403,0.199610,0.505862,-0.306252
2020-07-08,10.954141,0.202737,0.505639,-0.302902
2020-07-09,10.956879,0.201364,0.505415,-0.304052
2020-07-10,10.959617,0.194688,0.505192,-0.310503
2020-07-11,10.962355,0.196086,0.504967,-0.308881
2020-07-12,10.965092,0.196046,0.504743,-0.308696
2020-07-13,10.967830,0.196793,0.504517,-0.307724
2020-07-14,10.970568,0.193468,0.504292,-0.310824
2020-07-15,10.973306,0.193024,0.504066,-0.311043
2020-07-16,10.976044,0.188309,0.503840,-0.315531
2020-07-17,10.978782,0.187975,0.503614,-0.315639
2020-07-18,10.981520,0.188707,0.503387,-0.314679
2020-07-19,10.984257,0.187830,0.503159,-0.315329
2020-07-20,10.986995,0.188323,0.502932,-0.314608
2020-07-21,10.989733,0.193799,0.502704,-0.308904
2020-07-22,10.992471,0.195842,0.502475,-0.306633
2020-07-23,10.995209,0.203267,0.502247,-0.298980
2020-07-24,10.997947,0.203453,0.502018,-0.298565
2020-07-25,11.000684,0.205739,0.501788,-0.296049
2020-07-26,11.003422,0.214561,0.501558,-0.286997
2020-07-27,11.006160,0.240100,0.501328,-0.261228
2020-07-28,11.008898,0.261428,0.501098,-0.239670
2020-07-29,11.011636,0.265483,0.500867,-0.235384
2020-07-30,11.014374,0.262475,0.500636,-0.238160
2020-07-31,11.017112,0.268227,0.500404,-0.232177
2020-08-01,11.019849,0.283322,0.500172,-0.216850
2020-08-02,11.022587,0.271619,0.499940,-0.228321
2020-08-03,11.025325,0.268642,0.499707,-0.231065
2020-08-04,11.028063,0.267702,0.499474,-0.231772
2020-08-05,11.030801,0.275784,0.499241,-0.223457
2020-08-06,11.033539,0.285816,0.499007,-0.213191
2020-08-07,11.036277,0.283818,0.498773,-0.214955
2020-08-08,11.039014,0.282254,0.498539,-0.216285
2020-08-09,11.041752,0.281214,0.498304,-0.217090
2020-08-10,11.044490,0.288766,0.498069,-0.209303
2020-08-11,11.047228,0.278342,0.497834,-0.219492
2020-08-12,11.049966,0.271814,0.497598,-0.225784
2020-08-13,11.052704,0.274566,0.497362,-0.222796
2020-08-14,11.055441,0.281631,0.497126,-0.215494
2020-08-15,11.058179,0.285377,0.496889,-0.211512
2020-08-16,11.060917,0.283859,0.496652,-0.212793
2020-08-17,11.063655,0.291152,0.496414,-0.205263
2020-08-18,11.066393,0.294199,0.496177,-0.201977
2020-08-19,11.069131,0.280404,0.495939,-0.215535
2020-08-20,11.071869,0.280039,0.495700,-0.215661
2020-08-21,11.074606,0.277394,0.495462,-0.218068
2020-08-22,11.077344,0.270052,0.495223,-0.225170
2020-08-23,11.080082,0.271833,0.494983,-0.223150
2020-08-24,11.082820,0.275481,0.494744,-0.219262
2020-08-25,11.085558,0.266265,0.494504,-0.228239
2020-08-26,11.088296,0.261998,0.494263,-0.232265
2020-08-27,11.091034,0.259251,0.494023,-0.234772
2020-08-28,11.093771,0.262370,0.493782,-0.231411
2020-08-29,11.096509,0.264241,0.493540,-0.229300
2020-08-30,11.099247,0.267081,0.493299,-0.226218
2020-08-31,11.101985,0.269784,0.493057,-0.223273
2020-09-01,11.104723,0.276144,0.492815,-0.216671
2020-09-02,11.107461,0.264539,0.492572,-0.228034
2020-09-03,11.110198,0.243238,0.492329,-0.249091
2020-09-04,11.112936,0.216551,0.492086,-0.275536
2020-09-05,11.115674,0.210747,0.491843,-0.281096
2020-09-06,11.118412,0.207619,0.491599,-0.283980
2020-09-07,11.121150,0.205223,0.491355,-0.286132
2020-09-08,11.123888,0.204091,0.491111,-0.287019
2020-09-09,11.126626,0.205338,0.490866,-0.285528
2020-09-10,11.129363,0.211224,0.490621,-0.279397
2020-09-11,11.132101,0.209122,0.490376,-0.281254
2020-09-12,11.134839,0.211396,0.490130,-0.278734
2020-09-13,11.137577,0.211875,0.489884,-0.278010
2020-09-14,11.140315,0.216131,0.489638,-0.273507
2020-09-15,11.143053,0.226370,0.489392,-0.263022
2020-09-16,11.145791,0.230805,0.489145,-0.258340
2020-09-17,11.148528,0.230017,0.488898,-0.258880
2020-09-18,11.151266,0.230777,0.488650,-0.257873
2020-09-19,11.154004,0.233788,0.488403,-0.254615
2020-09-20,11.156742,0.229319,0.488155,-0.258836
2020-09-21,11.159480,0.219061,0.487907,-0.268845
2020-09-22,11.162218,0.210077,0.487658,-0.277581
2020-09-23,11.164956,0.208017,0.487409,-0.279393
2020-09-24,11.167693,0.208061,0.487160,-0.279099
2020-09-25,11.170431,0.216749,0.486911,-0.270162
2020-09-26,11.173169,0.218122,0.486661,-0.268540
2020-09-27,11.175907,0.217532,0.486411,-0.268879
2020-09-28,11.178645,0.223450,0.486161,-0.262711
2020-09-29,11.181383,0.216964,0.485911,-0.268946
2020-09-30,11.184120,0.216887,0.485660,-0.268772
2020-10-01,11.186858,0.216903,0.485409,-0.268506
2020-10-02,11.189596,0.207065,0.485157,-0.278093
2020-10-03,11.192334,0.207483,0.484906,-0.277423
2020-10-04,11.195072,0.209184,0.484654,-0.275470
2020-10-05,11.197810,0.212667,0.484402,-0.271735
2020-10-06,11.200548,0.211818,0.484149,-0.272331
2020-10-07,11.203285,0.208050,0.483897,-0.275846
2020-10-08,11.206023,0.212227,0.483644,-0.271417
2020-10-09,11.208761,0.221645,0.483390,-0.261745
2020-10-10,11.211499,0.234682,0.483137,-0.248455
2020-10-11,11.214237,0.235166,0.482883,-0.247717
2020-10-12,11.216975,0.237876,0.482629,-0.244753
2020-10-13,11.219713,0.237416,0.482375,-0.244959
2020-10-14,11.222450,0.235248,0.482120,-0.246872
2020-10-15,11.225188,0.235010,0.481865,-0.246855
2020-10-16,11.227926,0.232562,0.481610,-0.249049
2020-10-17,11.230664,0.231237,0.481355,-0.250119
2020-10-18,11.233402,0.234099,0.481099,-0.247000
2020-10-19,11.236140,0.239106,0.480844,-0.241737
2020-10-20,11.238877,0.248381,0.480588,-0.232207
2020-10-21,11.241615,0.269888,0.480331,-0.210443
2020-10-22,11.244353,0.285316,0.480075,-0.194759
2020-10-23,11.247091,0.284790,0.479818,-0.195028
2020-10-24,11.249829,0.287435,0.479561,-0.192126
2020-10-25,11.252567,0.287714,0.479303,-0.191589
2020-10-26,11.255305,0.287580,0.479046,-0.191466
2020-10-27,11.258042,0.296980,0.478788,-0.181808
2020-10-28,11.260780,0.298826,0.478530,-0.179704
2020-10-29,11.263518,0.294618,0.478271,-0.183653
2020-10-30,11.266256,0.297465,0.478013,-0.180548
2020-10-31,11.268994,0.306809,0.477754,-0.170945
2020-11-01,11.271732,0.307054,0.477495,-0.170440
2020-11-02,11.274470,0.300981,0.477236,-0.176254
2020-11-03,11.277207,0.300944,0.476976,-0.176032
2020-11-04,11.279945,0.309498,0.476716,-0.167218
2020-11-05,11.282683,0.334318,0.476456,-0.142139
2020-11-06,11.285421,0.357968,0.476196,-0.118228
2020-11-07,11.288159,0.350658,0.475935,-0.125277
2020-11-08,11.290897,0.346349,0.475675,-0.129326
2020-11-09,11.293634,0.350817,0.475414,-0.124597
2020-11-10,11.296372,0.348711,0.475153,-0.126442
2020-11-11,11.299110,0.355820,0.474891,-0.119071
2020-11-12,11.301848,0.364499,0.474629,-0.110131
2020-11-13,11.304586,0.373603,0.474368,-0.100765
2020-11-14,11.307324,0.365988,0.474105,-0.108117
2020-11-15,11.310062,0.364660,0.473843,-0.109183
2020-11-16,11.312799,0.374201,0.473581,-0.099380
2020-11-17,11.315537,0.392117,0.473318,-0.081201
2020-11-18,11.318275,0.411245,0.473055,-0.061810
2020-11-19,11.321013,0.409912,0.472792,-0.062880
2020-11-20,11.323751,0.421342,0.472528,-0.051186
2020-11-21,11.326489,0.429410,0.472265,-0.042855
2020-11-22,11.329227,0.422137,0.472001,-0.049864
2020-11-23,11.331964,0.422185,0.471737,-0.049552
2020-11-24,11.334702,0.431346,0.471472,-0.040126
2020-11-25,11.337440,0.435151,0.471208,-0.036057
2020-11-26,11.340178,0.394741,0.470943,-0.076202
2020-11-27,11.342916,0.384528,0.470678,-0.086150
2020-11-28,11.345654,0.392189,0.470413,-0.078224
2020-11-29,11.348392,0.408280,0.470148,-0.061868
2020-11-30,11.351129,0.429398,0.469882,-0.040484
2020-12-01,11.353867,0.436590,0.469616,-0.033027
2020-12-02,11.356605,0.429270,0.469350,-0.040081
2020-12-03,11.359343,0.436332,0.469084,-0.032753
2020-12-04,11.362081,0.431832,0.468818,-0.036986
2020-12-05,11.364819,0.428569,0.468551,-0.039982
2020-12-06,11.367556,0.431519,0.468284,-0.036765
2020-12-07,11.370294,0.432204,0.468017,-0.035813
2020-12-08,11.373032,0.425592,0.467750,-0.042158
2020-12-09,11.375770,0.409354,0.467483,-0.058129
2020-12-10,11.378508,0.409795,0.467215,-0.057420
2020-12-11,11.381246,0.400493,0.466948,-0.066455
2020-12-12,11.383984,0.412668,0.466680,-0.054012
2020-12-13,11.386721,0.427106,0.466411,-0.039305
2020-12-14,11.389459,0.427585,0.466143,-0.038558
2020-12-15,11.392197,0.431276,0.465875,-0.034598
2020-12-16,11.394935,0.446847,0.465606,-0.018759
2020-12-17,11.397673,0.497700,0.465337,0.032363
2020-12-18,11.400411,0.502348,0.465068,0.037280
2020-12-19,11.403149,0.510801,0.464798,0.046002
2020-12-20,11.405886,0.514646,0.464529,0.050117
2020-12-21,11.408624,0.507720,0.464259,0.043460
2020-12-22,11.411362,0.504374,0.463989,0.040385
2020-12-23,11.414100,0.511887,0.463719,0.048167
2020-12-24,11.416838,0.505611,0.463449,0.042161
2020-12-25,11.419576,0.519750,0.463179,0.056571
2020-12-26,11.422313,0.541202,0.462908,0.078293
2020-12-27,11.425051,0.569839,0.462638,0.107201
2020-12-28,11.427789,0.568274,0.462367,0.105908
2020-12-29,11.430527,0.563067,0.462096,0.100972
2020-12-30,11.433265,0.585860,0.461824,0.124036
2020-12-31,11.436003,0.596103,0.461553,0.134550
2021-01-01,11.438741,0.601843,0.461281,0.140562
2021-01-02,11.441478,0.622789,0.461009,0.161780
2021-01-03,11.444216,0.658851,0.460738,0.198114
2021-01-04,11.446954,0.636626,0.460465,0.176160
2021-01-05,11.449692,0.641792,0.460193,0.181599
2021-01-06,11.452430,0.675225,0.459921,0.215304
2021-01-07,11.455168,0.712183,0.459648,0.252535
2021-01-08,11.457906,0.731343,0.459375,0.271968
2021-01-09,11.460643,0.737319,0.459102,0.278216
2021-01-10,11.463381,0.729234,0.458829,0.270405
2021-01-11,11.466119,0.664483,0.458556,0.205927
2021-01-12,11.468857,0.671502,0.458282,0.213219
2021-01-13,11.471595,0.669259,0.458009,0.211250
2021-01-14,11.474333,0.711486,0.457735,0.253750
2021-01-15,11.477070,0.705115,0.457461,0.247653
2021-01-16,11.479808,0.693981,0.457187,0.236793
2021-01-17,11.482546,0.680882,0.456913,0.223969
2021-01-18,11.485284,0.684547,0.456639,0.227908
2021-01-19,11.488022,0.692601,0.456364,0.236237
2021-01-20,11.490760,0.690700,0.456089,0.234610
2021-01-21,11.493498,0.642317,0.455815,0.186503
2021-01-22,11.496235,0.632889,0.455540,0.177350
2021-01-23,11.498973,0.633870,0.455265,0.178606
2021-01-24,11.501711,0.730720,0.454989,0.275730
2021-01-25,11.504449,0.648779,0.454714,0.194065
2021-01-26,11.507187,0.630270,0.454438,0.175831
2021-01-27,11.509925,0.665350,0.454163,0.211187
2021-01-28,11.512663,0.624234,0.453887,0.170347
2021-01-29,11.515400,0.718683,0.453611,0.265072
2021-01-30,11.518138,0.652337,0.453335,0.199002
2021-01-31,11.520876,0.643807,0.453058,0.190749
2021-02-01,11.523614,0.640975,0.452782,0.188193
2021-02-02,11.526352,0.659389,0.452506,0.206883
2021-02-03,11.529090,0.681235,0.452229,0.229006
2021-02-04,11.531828,0.691638,0.451952,0.239686
2021-02-05,11.534565,0.692451,0.451675,0.240776
2021-02-06,11.537303,0.716500,0.451398,0.265102
2021-02-07,11.540041,0.703352,0.451121,0.252231
2021-02-08,11.542779,0.730804,0.450844,0.279960
2021-02-09,11.545517,0.776139,0.450566,0.325573
2021-02-10,11.548255,0.759574,0.450288,0.309285
2021-02-11,11.550992,0.774965,0.450011,0.324954
2021-02-12,11.553730,0.790671,0.449733,0.340938
2021-02-13,11.556468,0.787157,0.449455,0.337702
2021-02-14,11.559206,0.798785,0.449177,0.349608
2021-02-15,11.561944,0.793597,0.448899,0.344698
2021-02-16,11.564682,0.803052,0.448620,0.354432
2021-02-17,11.567420,0.818676,0.448342,0.370335
2021-02-18,11.570157,0.825119,0.448063,0.377056
2021-02-19,11.572895,0.834558,0.447785,0.386773
2021-02-20,11.575633,0.855955,0.447506,0.408449
2021-02-21,11.578371,0.884215,0.447227,0.436988
2021-02-22,11.581109,0.868019,0.446948,0.421071
2021-02-23,11.583847,0.800902,0.446669,0.354233
2021-02-24,11.586585,0.804066,0.446389,0.357677
2021-02-25,11.589322,0.805104,0.446110,0.358994
2021-02-26,11.592060,0.800541,0.445831,0.354710
2021-02-27,11.594798,0.785279,0.445551,0.339728
2021-02-28,11.597536,0.756092,0.445271,0.310821
2021-03-01,11.600274,0.788459,0.444991,0.343468
2021-03-02,11.603012,0.790427,0.444711,0.345715
2021-03-03,11.605749,0.808744,0.444431,0.364313
2021-03-04,11.608487,0.800224,0.444151,0.356073
2021-03-05,11.611225,0.780990,0.443871,0.337119
2021-03-06,11.613963,0.786315,0.443591,0.342724
2021-03-07,11.616701,0.805150,0.443310,0.361840
2021-03-08,11.619439,0.808901,0.443030,0.365871
2021-03-09,11.622177,0.831448,0.442749,0.388699
2021-03-10,11.624914,0.840630,0.442468,0.398162
2021-03-11,11.627652,0.849533,0.442187,0.407346
2021-03-12,11.630390,0.853134,0.441906,0.411228
2021-03-13,11.633128,0.867432,0.441625,0.425806
2021-03-14,11.635866,0.878672,0.441344,0.437328
2021-03-15,11.638604,0.856373,0.441063,0.415309
2021-03-16,11.641342,0.839072,0.440782,0.398290
2021-03-17,11.644079,0.844108,0.440500,0.403607
2021-03-18,11.646817,0.862301,0.440219,0.422082
2021-03-19,11.649555,0.857354,0.439937,0.417417
2021-03-20,11.652293,0.864682,0.439656,0.425027
2021-03-21,11.655031,0.851682,0.439374,0.412308
2021-03-22,11.657769,0.850423,0.439092,0.411331
2021-03-23,11.660507,0.836586,0.438810,0.397776
2021-03-24,11.663244,0.833276,0.438528,0.394748
2021-03-25,11.665982,0.816690,0.438246,0.378445
2021-03-26,11.668720,0.817563,0.437964,0.379600
2021-03-27,11.671458,0.837116,0.437681,0.399435
2021-03-28,11.674196,0.837038,0.437399,0.399639
2021-03-29,11.676934,0.845091,0.437117,0.407974
2021-03-30,11.679671,0.856811,0.436834,0.419977
2021-03-31,11.682409,0.858278,0.436551,0.421727
2021-04-01,11.685147,0.857847,0.436269,0.421578
2021-04-02,11.687885,0.860299,0.435986,0.424313
2021-04-03,11.690623,0.857151,0.435703,0.421448
2021-04-04,11.693361,0.847749,0.435420,0.412329
2021-04-05,11.696099,0.850115,0.435137,0.414978
2021-04-06,11.698836,0.854097,0.434854,0.419243
2021-04-07,11.701574,0.843234,0.434571,0.408663
2021-04-08,11.704312,0.841726,0.434288,0.407438
2021-04-09,11.707050,0.848838,0.434005,0.414833
2021-04-10,11.709788,0.860591,0.433721,0.426869
2021-04-11,11.712526,0.859375,0.433438,0.425937
2021-04-12,11.715264,0.861081,0.433155,0.427927
2021-04-13,11.718001,0.860114,0.432871,0.427243
2021-04-14,11.720739,0.883463,0.432588,0.450876
2021-04-15,11.723477,0.879430,0.432304,0.447126
2021-04-16,11.726215,0.923024,0.432020,0.491003
2021-04-17,11.728953,0.843146,0.431736,0.411410
2021-04-18,11.731691,0.890134,0.431453,0.458681
2021-04-19,11.734428,0.830200,0.431169,0.399031
2021-04-20,11.737166,0.822675,0.430885,0.391791
2021-04-21,11.739904,0.821388,0.430601,0.390787
2021-04-22,11.742642,0.865538,0.430317,0.435221
2021-04-23,11.745380,0.774262,0.430033,0.344229
2021-04-24,11.748118,0.775898,0.429749,0.346149
2021-04-25,11.750856,0.775121,0.429464,0.345656
2021-04-26,11.753593,0.799804,0.429180,0.370624
2021-04-27,11.756331,0.859120,0.428896,0.430224
2021-04-28,11.759069,0.812782,0.428611,0.384171
2021-04-29,11.761807,0.820193,0.428327,0.391866
2021-04-30,11.764545,0.846243,0.428043,0.418201
2021-05-01,11.767283,0.834261,0.427758,0.406503
2021-05-02,11.770021,0.821181,0.427473,0.393708
2021-05-03,11.772758,0.834185,0.427189,0.406996
2021-05-04,11.775496,0.813255,0.426904,0.386350
2021-05-05,11.778234,0.809131,0.426620,0.382511
2021-05-06,11.780972,0.877269,0.426335,0.450934
2021-05-07,11.783710,0.823930,0.426050,0.397880
2021-05-08,11.786448,0.836291,0.425765,0.410525
2021-05-09,11.789185,0.831542,0.425480,0.406061
2021-05-10,11.791923,0.829324,0.425196,0.404128
2021-05-11,11.794661,0.868416,0.424911,0.443505
2021-05-12,11.797399,0.814451,0.424626,0.389825
2021-05-13,11.800137,0.763427,0.424341,0.339086
2021-05-14,11.802875,0.766449,0.424056,0.342394
2021-05-15,11.805613,0.753986,0.423771,0.330215
2021-05-16,11.808350,0.743264,0.423486,0.319778
2021-05-17,11.811088,0.711755,0.423200,0.288555
2021-05-18,11.813826,0.708969,0.422915,0.286054
2021-05-19,11.816564,0.666823,0.422630,0.244193
2021-05-20,11.819302,0.738422,0.422345,0.316077
2021-05-21,11.822040,0.654232,0.422060,0.232172
2021-05-22,11.824778,0.636043,0.421774,0.214268
2021-05-23,11.827515,0.613491,0.421489,0.192002
2021-05-24,11.830253,0.629475,0.421204,0.208271
2021-05-25,11.832991,0.664986,0.420918,0.244067
2021-05-26,11.835729,0.653687,0.420633,0.233053
2021-05-27,11.838467,0.648145,0.420348,0.227797
2021-05-28,11.841205,0.622002,0.420062,0.201940
2021-05-29,11.843943,0.605385,0.419777,0.185608
2021-05-30,11.846680,0.607575,0.419491,0.188084
2021-05-31,11.849418,0.615254,0.419206,0.196048
2021-06-01,11.852156,0.619753,0.418921,0.200833
2021-06-02,11.854894,0.627491,0.418635,0.208856
2021-06-03,11.857632,0.641308,0.418350,0.222959
2021-06-04,11.860370,0.624154,0.418064,0.206090
2021-06-05,11.863107,0.617473,0.417778,0.199694
2021-06-06,11.865845,0.609904,0.417493,0.192411
2021-06-07,11.868583,0.694441,0.417207,0.277233
2021-06-08,11.871321,0.570039,0.416922,0.153117
2021-06-09,11.874059,0.595119,0.416636,0.178483
2021-06-10,11.876797,0.620096,0.416351,0.203745
2021-06-11,11.879535,0.619693,0.416065,0.203628
2021-06-12,11.882272,0.604056,0.415779,0.188276
2021-06-13,11.885010,0.611646,0.415494,0.196153
2021-06-14,11.887748,0.648359,0.415208,0.233151
2021-06-15,11.890486,0.653560,0.414923,0.238637
2021-06-16,11.893224,0.719618,0.414637,0.304981
2021-06-17,11.895962,0.635149,0.414351,0.220798
2021-06-18,11.898700,0.616263,0.414066,0.202197
2021-06-19,11.901437,0.601587,0.413780,0.187807
2021-06-20,11.904175,0.592729,0.413494,0.179235
2021-06-21,11.906913,0.567356,0.413209,0.154147
2021-06-22,11.909651,0.552363,0.412923,0.139440
2021-06-23,11.912389,0.574342,0.412637,0.161704
2021-06-24,11.915127,0.573742,0.412352,0.161390
2021-06-25,11.917864,0.567594,0.412066,0.155528
2021-06-26,11.920602,0.542753,0.411781,0.130972
2021-06-27,11.923340,0.563258,0.411495,0.151763
2021-06-28,11.926078,0.634222,0.411209,0.223012
2021-06-29,11.928816,0.593518,0.410924,0.182594
2021-06-30,11.931554,0.585237,0.410638,0.174599
2021-07-01,11.934292,0.569319,0.410353,0.158966
2021-07-02,11.937029,0.563475,0.410067,0.153408
2021-07-03,11.939767,0.575967,0.409782,0.166185
2021-07-04,11.942505,0.587405,0.409496,0.177909
2021-07-05,11.945243,0.571848,0.409211,0.162637
2021-07-06,11.947981,0.572379,0.408925,0.163454
2021-07-07,11.950719,0.576808,0.408640,0.168169
2021-07-08,11.953457,0.555056,0.408354,0.146702
2021-07-09,11.956194,0.558621,0.408069,0.150552
2021-07-10,11.958932,0.564917,0.407783,0.157134
2021-07-11,11.961670,0.559407,0.407498,0.151909
2021-07-12,11.964408,0.563638,0.407212,0.156426
2021-07-13,11.967146,0.552610,0.406927,0.145683
2021-07-14,11.969884,0.547268,0.406642,0.140627
2021-07-15,11.972621,0.541700,0.406356,0.135344
2021-07-16,11.975359,0.536703,0.406071,0.130632
2021-07-17,11.978097,0.533767,0.405786,0.127981
2021-07-18,11.980835,0.535806,0.405500,0.130306
2021-07-19,11.983573,0.527240,0.405215,0.122024
2021-07-20,11.986311,0.507766,0.404930,0.102836
2021-07-21,11.989049,0.526610,0.404645,0.121965
2021-07-22,11.991786,0.538541,0.404360,0.134181
2021-07-23,11.994524,0.542637,0.404075,0.138563
2021-07-24,11.997262,0.559786,0.403789,0.155996
2021-07-25,12.000000,0.565661,0.403504,0.162156
2021-07-26,12.002738,0.611962,0.403219,0.208743
2021-07-27,12.005476,0.604452,0.402934,0.201518
2021-07-28,12.008214,0.628057,0.402649,0.225407
2021-07-29,12.010951,0.627522,0.402364,0.225157
2021-07-30,12.013689,0.624677,0.402080,0.222598
2021-07-31,12.016427,0.645228,0.401795,0.243434
2021-08-01,12.019165,0.643003,0.401510,0.241493
2021-08-02,12.021903,0.622698,0.401225,0.221473
2021-08-03,12.024641,0.609773,0.400940,0.208833
2021-08-04,12.027379,0.612205,0.400656,0.211550
2021-08-05,12.030116,0.694392,0.400371,0.294021
2021-08-06,12.032854,0.639460,0.400086,0.239373
2021-08-07,12.035592,0.661477,0.399802,0.261675
2021-08-08,12.038330,0.668508,0.399517,0.268991
2021-08-09,12.041068,0.673667,0.399233,0.274434
2021-08-10,12.043806,0.679835,0.398948,0.280887
2021-08-11,12.046543,0.683925,0.398664,0.285261
2021-08-12,12.049281,0.672268,0.398380,0.273889
2021-08-13,12.052019,0.684100,0.398095,0.286005
2021-08-14,12.054757,0.691845,0.397811,0.294034
2021-08-15,12.057495,0.685044,0.397527,0.287518
2021-08-16,12.060233,0.689029,0.397243,0.291787
2021-08-17,12.062971,0.679636,0.396959,0.282677
2021-08-18,12.065708,0.671542,0.396674,0.274867
2021-08-19,12.068446,0.671761,0.396390,0.275371
2021-08-20,12.071184,0.749568,0.396107,0.353462
2021-08-21,12.073922,0.705838,0.395823,0.310015
2021-08-22,12.076660,0.703910,0.395539,0.308371
2021-08-23,12.079398,0.712182,0.395255,0.316927
2021-08-24,12.082136,0.702959,0.394971,0.307988
2021-08-25,12.084873,0.696982,0.394688,0.302294
2021-08-26,12.087611,0.688215,0.394404,0.293811
2021-08-27,12.090349,0.691437,0.394120,0.297317
2021-08-28,12.093087,0.700961,0.393837,0.307124
2021-08-29,12.095825,0.698354,0.393553,0.304800
2021-08-30,12.098563,0.692781,0.393270,0.299511
2021-08-31,12.101300,0.685231,0.392987,0.292244
2021-09-01,12.104038,0.688220,0.392704,0.295516
2021-09-02,12.106776,0.705216,0.392420,0.312796
2021-09-03,12.109514,0.706855,0.392137,0.314718
2021-09-04,12.112252,0.707653,0.391854,0.315799
2021-09-05,12.114990,0.709804,0.391571,0.318232
2021-09-06,12.117728,0.721339,0.391288,0.330051
2021-09-07,12.120465,0.705091,0.391005,0.314086
2021-09-08,12.123203,0.672142,0.390723,0.281420
2021-09-09,12.125941,0.655675,0.390440,0.265235
2021-09-10,12.128679,0.667828,0.390157,0.277671
2021-09-11,12.131417,0.662242,0.389875,0.272368
2021-09-12,12.134155,0.664077,0.389592,0.274485
2021-09-13,12.136893,0.656044,0.389310,0.266734
2021-09-14,12.139630,0.667311,0.389027,0.278283
2021-09-15,12.142368,0.680567,0.388745,0.291822
2021-09-16,12.145106,0.682581,0.388463,0.294118
2021-09-17,12.147844,0.679359,0.388181,0.291179
2021-09-18,12.150582,0.684844,0.387899,0.296945
2021-09-19,12.153320,0.679794,0.387617,0.292177
2021-09-20,12.156057,0.650420,0.387335,0.263086
2021-09-21,12.158795,0.614785,0.387053,0.227732
2021-09-22,12.161533,0.629485,0.386771,0.242714
2021-09-23,12.164271,0.644238,0.386490,0.257749
2021-09-24,12.167009,0.619227,0.386208,0.233019
2021-09-25,12.169747,0.628919,0.385926,0.242993
2021-09-26,12.172485,0.630267,0.385645,0.244622
2021-09-27,12.175222,0.636692,0.385364,0.251328
2021-09-28,12.177960,0.620442,0.385082,0.235359
2021-09-29,12.180698,0.618982,0.384801,0.234180
2021-09-30,12.183436,0.632968,0.384520,0.248448
2021-10-01,12.186174,0.659313,0.384239,0.275073
2021-10-02,12.188912,0.674764,0.383958,0.290806
2021-10-03,12.191650,0.675826,0.383678,0.292148
2021-10-04,12.194387,0.676686,0.383397,0.293289
2021-10-05,12.197125,0.692993,0.383116,0.309877
2021-10-06,12.199863,0.716326,0.382836,0.333491
2021-10-07,12.202601,0.727065,0.382555,0.344510
2021-10-08,12.205339,0.727413,0.382275,0.345138
2021-10-09,12.208077,0.729263,0.381995,0.347269
2021-10-10,12.210815,0.732152,0.381714,0.350437
2021-10-11,12.213552,0.743547,0.381434,0.362113
2021-10-12,12.216290,0.742488,0.381154,0.361334
2021-10-13,12.219028,0.737664,0.380874,0.356789
2021-10-14,12.221766,0.749213,0.380595,0.368618
2021-10-15,12.224504,0.765287,0.380315,0.384972
2021-10-16,12.227242,0.774558,0.380035,0.394522
2021-10-17,12.229979,0.771169,0.379756,0.391413
2021-10-18,12.232717,0.777402,0.379476,0.397926
2021-10-19,12.235455,0.783711,0.379197,0.404514
2021-10-20,12.238193,0.790616,0.378918,0.411698
2021-10-21,12.240931,0.792815,0.378639,0.414176
2021-10-22,12.243669,0.777887,0.378360,0.399527
2021-10-23,12.246407,0.769696,0.378081,0.391615
2021-10-24,12.249144,0.774791,0.377802,0.396989
2021-10-25,12.251882,0.785975,0.377523,0.408452
2021-10-26,12.254620,0.776839,0.377245,0.399594
2021-10-27,12.257358,0.756716,0.376966,0.379749
2021-10-28,12.260096,0.761486,0.376688,0.384798
2021-10-29,12.262834,0.752821,0.376410,0.376411
2021-10-30,12.265572,0.770074,0.376132,0.393942
2021-10-31,12.268309,0.765983,0.375854,0.390130
2021-11-01,12.271047,0.766565,0.375576,0.390989
2021-11-02,12.273785,0.775161,0.375298,0.399863
2021-11-03,12.276523,0.776447,0.375020,0.401427
2021-11-04,12.279261,0.769207,0.374743,0.394464
2021-11-05,12.281999,0.766869,0.374465,0.392403
2021-11-06,12.284736,0.762530,0.374188,0.388342
2021-11-07,12.287474,0.770034,0.373910,0.396124
2021-11-08,12.290212,0.793922,0.373633,0.420289
2021-11-09,12.292950,0.804635,0.373356,0.431279
2021-11-10,12.295688,0.799773,0.373079,0.426693
2021-11-11,12.298426,0.787217,0.372803,0.414414
2021-11-12,12.301164,0.781846,0.372526,0.409320
2021-11-13,12.303901,0.780537,0.372249,0.408287
2021-11-14,12.306639,0.783239,0.371973,0.411266
2021-11-15,12.309377,0.786554,0.371697,0.414857
2021-11-16,12.312115,0.773878,0.371420,0.402457
2021-11-17,12.314853,0.750703,0.371144,0.379559
2021-11-18,12.317591,0.743783,0.370868,0.372915
2021-11-19,12.320329,0.730189,0.370593,0.359597
2021-11-20,12.323066,0.740660,0.370317,0.370343
2021-11-21,12.325804,0.743441,0.370041,0.373399
2021-11-22,12.328542,0.729691,0.369766,0.359925
2021-11-23,12.331280,0.725796,0.369491,0.356305
2021-11-24,12.334018,0.723923,0.369215,0.354707
2021-11-25,12.336756,0.734646,0.368940,0.365706
2021-11-26,12.339493,0.714735,0.368665,0.346070
2021-11-27,12.342231,0.707125,0.368391,0.338735
2021-11-28,12.344969,0.706455,0.368116,0.338339
2021-11-29,12.347707,0.728193,0.367841,0.360352
2021-11-30,12.350445,0.725130,0.367567,0.357563
2021-12-01,12.353183,0.724628,0.367293,0.357335
2021-12-02,12.355921,0.719354,0.367018,0.352335
2021-12-03,12.358658,0.712691,0.366744,0.345946
2021-12-04,12.361396,0.662629,0.366471,0.296158
2021-12-05,12.364134,0.657678,0.366197,0.291481
2021-12-06,12.366872,0.660951,0.365923,0.295028
2021-12-07,12.369610,0.711428,0.365650,0.345779
2021-12-08,12.372348,0.665949,0.365376,0.300573
2021-12-09,12.375086,0.654409,0.365103,0.289306
2021-12-10,12.377823,0.647086,0.364830,0.282256
2021-12-11,12.380561,0.649026,0.364557,0.284469
2021-12-12,12.383299,0.658160,0.364284,0.293876
2021-12-13,12.386037,0.645371,0.364012,0.281359
2021-12-14,12.388775,0.635977,0.363739,0.272238
2021-12-15,12.391513,0.643920,0.363467,0.280453
2021-12-16,12.394251,0.644283,0.363194,0.281089
2021-12-17,12.396988,0.629669,0.362922,0.266747
2021-12-18,12.399726,0.624855,0.362650,0.262204
2021-12-19,12.402464,0.629715,0.362379,0.267337
2021-12-20,12.405202,0.622228,0.362107,0.260121
2021-12-21,12.407940,0.639937,0.361835,0.278102
2021-12-22,12.410678,0.644343,0.361564,0.282779
2021-12-23,12.413415,0.644831,0.361293,0.283538
2021-12-24,12.416153,0.661116,0.361022,0.300094
2021-12-25,12.418891,0.663412,0.360751,0.302661
2021-12-26,12.421629,0.652868,0.360480,0.292388
2021-12-27,12.424367,0.660289,0.360209,0.300080
2021-12-28,12.427105,0.640785,0.359939,0.280846
2021-12-29,12.429843,0.628717,0.359668,0.269048
2021-12-30,12.432580,0.623441,0.359398,0.264043
2021-12-31,12.435318,0.624729,0.359128,0.265601
2022-01-01,12.438056,0.622971,0.358858,0.264112
2022-01-02,12.440794,0.623484,0.358589,0.264895
2022-01-03,12.443532,0.619064,0.358319,0.260745
2022-01-04,12.446270,0.614897,0.358050,0.256847
2022-01-05,12.449008,0.609158,0.357780,0.251378
2022-01-06,12.451745,0.581701,0.357511,0.224190
2022-01-07,12.454483,0.569958,0.357242,0.212715
2022-01-08,12.457221,0.635448,0.356973,0.278475
2022-01-09,12.459959,0.568448,0.356705,0.211743
2022-01-10,12.462697,0.564792,0.356436,0.208356
2022-01-11,12.465435,0.587238,0.356168,0.231070
2022-01-12,12.468172,0.580234,0.355900,0.224335
2022-01-13,12.470910,0.581963,0.355632,0.226331
2022-01-14,12.473648,0.574727,0.355364,0.219363
2022-01-15,12.476386,0.578075,0.355096,0.222979
2022-01-16,12.479124,0.577144,0.354829,0.222315
2022-01-17,12.481862,0.636314,0.354561,0.281753
2022-01-18,12.484600,0.564360,0.354294,0.210066
2022-01-19,12.487337,0.563754,0.354027,0.209727
2022-01-20,12.490075,0.566348,0.353760,0.212588
2022-01-21,12.492813,0.527741,0.353493,0.174248
2022-01-22,12.495551,0.490993,0.353227,0.137766
2022-01-23,12.498289,0.489873,0.352960,0.136913
2022-01-24,12.501027,0.485404,0.352694,0.132709
2022-01-25,12.503765,0.501658,0.352428,0.149229
2022-01-26,12.506502,0.512928,0.352162,0.160765
2022-01-27,12.509240,0.498905,0.351897,0.147008
2022-01-28,12.511978,0.506744,0.351631,0.155113
2022-01-29,12.514716,0.515210,0.351366,0.163844
2022-01-30,12.517454,0.515832,0.351100,0.164732
2022-01-31,12.520192,0.510731,0.350835,0.159895
2022-02-01,12.522930,0.521619,0.350571,0.171049
2022-02-02,12.525667,0.515126,0.350306,0.164820
2022-02-03,12.528405,0.500574,0.350041,0.150533
2022-02-04,12.531143,0.521506,0.349777,0.171729
2022-02-05,12.533881,0.551432,0.349513,0.201919
2022-02-06,12.536619,0.551693,0.349249,0.202444
2022-02-07,12.539357,0.566631,0.348985,0.217646
2022-02-08,12.542094,0.573437,0.348721,0.224716
2022-02-09,12.544832,0.573650,0.348458,0.225192
2022-02-10,12.547570,0.576923,0.348195,0.228728
2022-02-11,12.550308,0.565111,0.347931,0.217180
2022-02-12,12.553046,0.556370,0.347669,0.208701
2022-02-13,12.555784,0.556157,0.347406,0.208751
2022-02-14,12.558522,0.554661,0.347143,0.207518
2022-02-15,12.561259,0.570826,0.346881,0.223946
2022-02-16,12.563997,0.571125,0.346619,0.224507
2022-02-17,12.566735,0.564876,0.346356,0.218519
2022-02-18,12.569473,0.533584,0.346095,0.187489
2022-02-19,12.572211,0.529727,0.345833,0.183895
2022-02-20,12.574949,0.514922,0.345571,0.169350
2022-02-21,12.577687,0.511478,0.345310,0.166168
2022-02-22,12.580424,0.499008,0.345049,0.153959
2022-02-23,12.583162,0.507523,0.344788,0.162735
2022-02-24,12.585900,0.482748,0.344527,0.138220
2022-02-25,12.588638,0.513636,0.344267,0.169369
2022-02-26,12.591376,0.517347,0.344006,0.173340
2022-02-27,12.594114,0.510989,0.343746,0.167243
2022-02-28,12.596851,0.518977,0.343486,0.175491
2022-03-01,12.599589,0.562522,0.343226,0.219295
2022-03-02,12.602327,0.566574,0.342967,0.223608
2022-03-03,12.605065,0.556816,0.342707,0.214109
2022-03-04,12.607803,0.535230,0.342448,0.192782
2022-03-05,12.610541,0.515239,0.342189,0.173050
2022-03-06,12.613279,0.513727,0.341930,0.171797
2022-03-07,12.616016,0.504553,0.341671,0.162882
2022-03-08,12.618754,0.513493,0.341413,0.172080
2022-03-09,12.621492,0.538364,0.341154,0.197209
2022-03-10,12.624230,0.589801,0.340896,0.248904
2022-03-11,12.626968,0.509999,0.340638,0.169360
2022-03-12,12.629706,0.510898,0.340381,0.170518
2022-03-13,12.632444,0.507916,0.340123,0.167792
2022-03-14,12.635181,0.505970,0.339866,0.166104
2022-03-15,12.637919,0.508570,0.339609,0.168961
2022-03-16,12.640657,0.521322,0.339352,0.181971
2022-03-17,12.643395,0.527677,0.339095,0.188582
2022-03-18,12.646133,0.527569,0.338838,0.188731
2022-03-19,12.648871,0.535985,0.338582,0.197403
2022-03-20,12.651608,0.532750,0.338326,0.194424
2022-03-21,12.654346,0.526877,0.338070,0.188807
2022-03-22,12.657084,0.540255,0.337814,0.202441
2022-03-23,12.659822,0.538173,0.337559,0.200615
2022-03-24,12.662560,0.548577,0.337303,0.211273
2022-03-25,12.665298,0.557359,0.337048,0.220311
2022-03-26,12.668036,0.557118,0.336793,0.220325
2022-03-27,12.670773,0.562998,0.336538,0.226460
2022-03-28,12.673511,0.584014,0.336284,0.247730
2022-03-29,12.676249,0.585161,0.336030,0.249131
2022-03-30,12.678987,0.581764,0.335775,0.245988
2022-03-31,12.681725,0.576193,0.335522,0.240672
2022-04-01,12.684463,0.565598,0.335268,0.230330
2022-04-02,12.687201,0.573974,0.335014,0.238960
2022-04-03,12.689938,0.572324,0.334761,0.237563
2022-04-04,12.692676,0.569171,0.334508,0.234663
2022-04-05,12.695414,0.571663,0.334255,0.237408
2022-04-06,12.698152,0.555324,0.334002,0.221322
2022-04-07,12.700890,0.544238,0.333750,0.210488
2022-04-08,12.703628,0.542487,0.333497,0.208990
2022-04-09,12.706366,0.533803,0.333245,0.200558
2022-04-10,12.709103,0.536395,0.332993,0.203401
2022-04-11,12.711841,0.519785,0.332742,0.187043
2022-04-12,12.714579,0.506493,0.332490,0.174003
2022-04-13,12.717317,0.511996,0.332239,0.179757
2022-04-14,12.720055,0.513577,0.331988,0.181589
2022-04-15,12.722793,0.508438,0.331737,0.176700
2022-04-16,12.725530,0.578932,0.331487,0.247446
2022-04-17,12.728268,0.508239,0.331236,0.177003
2022-04-18,12.731006,0.501332,0.330986,0.170346
2022-04-19,12.733744,0.515746,0.330736,0.185010
2022-04-20,12.736482,0.519423,0.330486,0.188936
2022-04-21,12.739220,0.521198,0.330237,0.190961
2022-04-22,12.741958,0.504382,0.329988,0.174394
2022-04-23,12.744695,0.499481,0.329739,0.169742
2022-04-24,12.747433,0.498784,0.329490,0.169295
2022-04-25,12.750171,0.494187,0.329241,0.164946
2022-04-26,12.752909,0.497850,0.328993,0.168857
2022-04-27,12.755647,0.488685,0.328744,0.159940
2022-04-28,12.758385,0.495891,0.328496,0.167395
2022-04-29,12.761123,0.488347,0.328248,0.160099
2022-04-30,12.763860,0.481623,0.328001,0.153622
2022-05-01,12.766598,0.475959,0.327754,0.148205
2022-05-02,12.769336,0.567310,0.327506,0.239804
2022-05-03,12.772074,0.563666,0.327260,0.236407
2022-05-04,12.774812,0.483252,0.327013,0.156239
2022-05-05,12.777550,0.477822,0.326766,0.151056
2022-05-06,12.780287,0.452170,0.326520,0.125650
2022-05-07,12.783025,0.450669,0.326274,0.124395
2022-05-08,12.785763,0.435094,0.326028,0.109065
2022-05-09,12.788501,0.410422,0.325783,0.084639
2022-05-10,12.791239,0.392487,0.325537,0.066949
2022-05-11,12.793977,0.381392,0.325292,0.056100
2022-05-12,12.796715,0.350692,0.325047,0.025644
2022-05-13,12.799452,0.373854,0.324803,0.049051
2022-05-14,12.802190,0.360455,0.324558,0.035896
2022-05-15,12.804928,0.371632,0.324314,0.047318
2022-05-16,12.807666,0.366846,0.324070,0.042776
2022-05-17,12.810404,0.370858,0.323826,0.047032
2022-05-18,12.813142,0.360563,0.323583,0.036981
2022-05-19,12.815880,0.359786,0.323339,0.036447
2022-05-20,12.818617,0.362407,0.323096,0.039310
2022-05-21,12.821355,0.355121,0.322853,0.032268
2022-05-22,12.824093,0.361284,0.322611,0.038673
2022-05-23,12.826831,0.364968,0.322368,0.042599
2022-05-24,12.829569,0.353197,0.322126,0.031070
2022-05-25,12.832307,0.358995,0.321884,0.037111
2022-05-26,12.835044,0.353736,0.321643,0.032094
2022-05-27,12.837782,0.344732,0.321401,0.023331
2022-05-28,12.840520,0.343351,0.321160,0.022191
2022-05-29,12.843258,0.346017,0.320919,0.025098
2022-05-30,12.845996,0.366497,0.320678,0.045819
2022-05-31,12.848734,0.380175,0.320438,0.059737
2022-06-01,12.851472,0.370558,0.320197,0.050361
2022-06-02,12.854209,0.356362,0.319957,0.036404
2022-06-03,12.856947,0.355360,0.319717,0.035642
2022-06-04,12.859685,0.351180,0.319478,0.031702
2022-06-05,12.862423,0.352543,0.319238,0.033304
2022-06-06,12.865161,0.371839,0.318999,0.052839
2022-06-07,12.867899,0.353853,0.318760,0.035093
2022-06-08,12.870637,0.359994,0.318522,0.041473
2022-06-09,12.873374,0.356672,0.318283,0.038389
2022-06-10,12.876112,0.347656,0.318045,0.029611
2022-06-11,12.878850,0.336258,0.317807,0.018451
2022-06-12,12.881588,0.317215,0.317570,-0.000355
2022-06-13,12.884326,0.259954,0.317332,-0.057379
2022-06-14,12.887064,0.221437,0.317095,-0.095657
2022-06-15,12.889802,0.205103,0.316858,-0.111755
2022-06-16,12.892539,0.205832,0.316621,-0.110789
2022-06-17,12.895277,0.190547,0.316385,-0.125838
2022-06-18,12.898015,0.160207,0.316148,-0.155941
2022-06-19,12.900753,0.159678,0.315912,-0.156234
2022-06-20,12.903491,0.181313,0.315677,-0.134363
2022-06-21,12.906229,0.195708,0.315441,-0.119733
2022-06-22,12.908966,0.180267,0.315206,-0.134939
2022-06-23,12.911704,0.184909,0.314971,-0.130062
2022-06-24,12.914442,0.195899,0.314736,-0.118837
2022-06-25,12.917180,0.198780,0.314502,-0.115721
2022-06-26,12.919918,0.200417,0.314267,-0.113850
2022-06-27,12.922656,0.193220,0.314033,-0.120813
2022-06-28,12.925394,0.185644,0.313799,-0.128156
2022-06-29,12.928131,0.173275,0.313566,-0.140291
2022-06-30,12.930869,0.156331,0.313332,-0.157002
2022-07-01,12.933607,0.160377,0.313099,-0.152722
2022-07-02,12.936345,0.152409,0.312867,-0.160457
2022-07-03,12.939083,0.149883,0.312634,-0.162751
2022-07-04,12.941821,0.157595,0.312402,-0.154807
2022-07-05,12.944559,0.167546,0.312170,-0.144624
2022-07-06,12.947296,0.171171,0.311938,-0.140766
2022-07-07,12.950034,0.183549,0.311706,-0.128157
2022-07-08,12.952772,0.202829,0.311475,-0.108646
2022-07-09,12.955510,0.199405,0.311244,-0.111839
2022-07-10,12.958248,0.189325,0.311013,-0.121688
2022-07-11,12.960986,0.175201,0.310782,-0.135581
2022-07-12,12.963723,0.159308,0.310552,-0.151244
2022-07-13,12.966461,0.155354,0.310322,-0.154969
2022-07-14,12.969199,0.167258,0.310092,-0.142834
2022-07-15,12.971937,0.179589,0.309863,-0.130274
2022-07-16,12.974675,0.180523,0.309633,-0.129111
2022-07-17,12.977413,0.186657,0.309404,-0.122747
2022-07-18,12.980151,0.198332,0.309175,-0.110843
2022-07-19,12.982888,0.211077,0.308947,-0.097870
2022-07-20,12.985626,0.230166,0.308719,-0.078552
2022-07-21,12.988364,0.218012,0.308491,-0.090479
2022-07-22,12.991102,0.221489,0.308263,-0.086774
2022-07-23,12.993840,0.209279,0.308035,-0.098756
2022-07-24,12.996578,0.212036,0.307808,-0.095772
2022-07-25,12.999316,0.198314,0.307581,-0.109268
2022-07-26,13.002053,0.179702,0.307354,-0.127653
2022-07-27,13.004791,0.191931,0.307128,-0.115197
2022-07-28,13.007529,0.222442,0.306902,-0.084460
2022-07-29,13.010267,0.231246,0.306676,-0.075429
2022-07-30,13.013005,0.233216,0.306450,-0.073234
2022-07-31,13.015743,0.227487,0.306224,-0.078737
2022-08-01,13.018480,0.217686,0.305999,-0.088313
2022-08-02,13.021218,0.212077,0.305774,-0.093697
2022-08-03,13.023956,0.215785,0.305550,-0.089765
2022-08-04,13.026694,0.209404,0.305325,-0.095921
2022-08-05,13.029432,0.213403,0.305101,-0.091697
2022-08-06,13.032170,0.214767,0.304877,-0.090110
2022-08-07,13.034908,0.211983,0.304653,-0.092670
2022-08-08,13.037645,0.224640,0.304430,-0.079790
2022-08-09,13.040383,0.217762,0.304207,-0.086445
2022-08-10,13.043121,0.217639,0.303984,-0.086345
2022-08-11,13.045859,0.233817,0.303761,-0.069945
2022-08-12,13.048597,0.226250,0.303539,-0.077289
2022-08-13,13.051335,0.235439,0.303317,-0.067878
2022-08-14,13.054073,0.234548,0.303095,-0.068548
2022-08-15,13.056810,0.229974,0.302874,-0.072899
2022-08-16,13.059548,0.224649,0.302652,-0.078004
2022-08-17,13.062286,0.219656,0.302431,-0.082776
2022-08-18,13.065024,0.214342,0.302211,-0.087868
2022-08-19,13.067762,0.183705,0.301990,-0.118285
2022-08-20,13.070500,0.170744,0.301770,-0.131026
2022-08-21,13.073238,0.174345,0.301550,-0.127205
2022-08-22,13.075975,0.171708,0.301330,-0.129623
2022-08-23,13.078713,0.173862,0.301111,-0.127249
2022-08-24,13.081451,0.174961,0.300892,-0.125930
2022-08-25,13.084189,0.177105,0.300673,-0.123568
2022-08-26,13.086927,0.167848,0.300454,-0.132607
2022-08-27,13.089665,0.145570,0.300236,-0.154666
2022-08-28,13.092402,0.142334,0.300018,-0.157684
2022-08-29,13.095140,0.141730,0.299800,-0.158070
2022-08-30,13.097878,0.144708,0.299583,-0.154875
2022-08-31,13.100616,0.145584,0.299365,-0.153782
2022-09-01,13.103354,0.139963,0.299148,-0.159185
2022-09-02,13.106092,0.142035,0.298932,-0.156897
2022-09-03,13.108830,0.136163,0.298715,-0.162553
2022-09-04,13.111567,0.134873,0.298499,-0.163626
2022-09-05,13.114305,0.134201,0.298283,-0.164082
2022-09-06,13.117043,0.129375,0.298067,-0.168693
2022-09-07,13.119781,0.113566,0.297852,-0.184286
2022-09-08,13.122519,0.120976,0.297637,-0.176661
2022-09-09,13.125257,0.152484,0.297422,-0.144938
2022-09-10,13.127995,0.164913,0.297208,-0.132295
2022-09-11,13.130732,0.168392,0.296993,-0.128601
2022-09-12,13.133470,0.178238,0.296779,-0.118542
2022-09-13,13.136208,0.165565,0.296566,-0.131001
2022-09-14,13.138946,0.138933,0.296352,-0.157419
2022-09-15,13.141684,0.133565,0.296139,-0.162574
2022-09-16,13.144422,0.127192,0.295926,-0.168734
2022-09-17,13.147159,0.132061,0.295714,-0.163653
2022-09-18,13.149897,0.129456,0.295501,-0.166045
2022-09-19,13.152635,0.110379,0.295289,-0.184910
2022-09-20,13.155373,0.113483,0.295077,-0.181595
2022-09-21,13.158111,0.109372,0.294866,-0.185494
2022-09-22,13.160849,0.108707,0.294655,-0.185948
2022-09-23,13.163587,0.109424,0.294444,-0.185019
2022-09-24,13.166324,0.109338,0.294233,-0.184895
2022-09-25,13.169062,0.106726,0.294023,-0.187297
2022-09-26,13.171800,0.107730,0.293812,-0.186082
2022-09-27,13.174538,0.123300,0.293603,-0.170303
2022-09-28,13.177276,0.109337,0.293393,-0.184056
2022-09-29,13.180014,0.114798,0.293184,-0.178385
2022-09-30,13.182752,0.117248,0.292975,-0.175727
2022-10-01,13.185489,0.112617,0.292766,-0.180149
2022-10-02,13.188227,0.110102,0.292558,-0.182455
2022-10-03,13.190965,0.111724,0.292349,-0.180625
2022-10-04,13.193703,0.125193,0.292141,-0.166948
2022-10-05,13.196441,0.128631,0.291934,-0.163303
2022-10-06,13.199179,0.128939,0.291727,-0.162787
2022-10-07,13.201916,0.120852,0.291519,-0.170667
2022-10-08,13.204654,0.115298,0.291313,-0.176015
2022-10-09,13.207392,0.114452,0.291106,-0.176654
2022-10-10,13.210130,0.111963,0.290900,-0.178937
2022-10-11,13.212868,0.106698,0.290694,-0.183996
2022-10-12,13.215606,0.107382,0.290488,-0.183107
2022-10-13,13.218344,0.104243,0.290283,-0.186040
2022-10-14,13.221081,0.109885,0.290078,-0.180193
2022-10-15,13.223819,0.101009,0.289873,-0.188864
2022-10-16,13.226557,0.101113,0.289669,-0.188556
2022-10-17,13.229295,0.105862,0.289465,-0.183603
2022-10-18,13.232033,0.107073,0.289261,-0.182187
2022-10-19,13.234771,0.100515,0.289057,-0.188542
2022-10-20,13.237509,0.096444,0.288854,-0.192410
2022-10-21,13.240246,0.092456,0.288651,-0.196195
2022-10-22,13.242984,0.094111,0.288448,-0.194336
2022-10-23,13.245722,0.095798,0.288245,-0.192447
2022-10-24,13.248460,0.097692,0.288043,-0.190351
2022-10-25,13.251198,0.101801,0.287841,-0.186040
2022-10-26,13.253936,0.121553,0.287639,-0.166087
2022-10-27,13.256674,0.122475,0.287438,-0.164963
2022-10-28,13.259411,0.116993,0.287237,-0.170244
2022-10-29,13.262149,0.124706,0.287036,-0.162330
2022-10-30,13.264887,0.122903,0.286836,-0.163933
2022-10-31,13.267625,0.117990,0.286636,-0.168645
2022-11-01,13.270363,0.117019,0.286436,-0.169416
2022-11-02,13.273101,0.114439,0.286236,-0.171797
2022-11-03,13.275838,0.111040,0.286037,-0.174997
2022-11-04,13.278576,0.120207,0.285838,-0.165630
2022-11-05,13.281314,0.132601,0.285639,-0.153038
2022-11-06,13.284052,0.129471,0.285440,-0.155969
2022-11-07,13.286790,0.119805,0.285242,-0.165438
2022-11-08,13.289528,0.093281,0.285044,-0.191764
2022-11-09,13.292266,0.046161,0.284847,-0.238685
2022-11-10,13.295003,0.033322,0.284649,-0.251328
2022-11-11,13.297741,0.036335,0.284452,-0.248117
2022-11-12,13.300479,0.030030,0.284256,-0.254225
2022-11-13,13.303217,0.025094,0.284059,-0.258965
2022-11-14,13.305955,0.020308,0.283863,-0.263555
2022-11-15,13.308693,0.030003,0.283667,-0.253665
2022-11-16,13.311431,0.026080,0.283472,-0.257392
2022-11-17,13.314168,0.023382,0.283276,-0.259895
2022-11-18,13.316906,0.026231,0.283081,-0.256851
2022-11-19,13.319644,0.023334,0.282887,-0.259553
2022-11-20,13.322382,0.021227,0.282692,-0.261465
2022-11-21,13.325120,0.006274,0.282498,-0.276224
2022-11-22,13.327858,0.003962,0.282304,-0.278343
2022-11-23,13.330595,0.017763,0.282111,-0.264348
2022-11-24,13.333333,0.020587,0.281918,-0.261331
2022-11-25,13.336071,0.017285,0.281725,-0.264440
2022-11-26,13.338809,0.018430,0.281532,-0.263102
2022-11-27,13.341547,0.017572,0.281340,-0.263768
2022-11-28,13.344285,0.008579,0.281148,-0.272569
2022-11-29,13.347023,0.013554,0.280956,-0.267402
2022-11-30,13.349760,0.026090,0.280765,-0.254675
2022-12-01,13.352498,0.029351,0.280574,-0.251222
2022-12-02,13.355236,0.026565,0.280383,-0.253817
2022-12-03,13.357974,0.026463,0.280192,-0.253729
2022-12-04,13.360712,0.027155,0.280002,-0.252847
2022-12-05,13.363450,0.030726,0.279812,-0.249086
2022-12-06,13.366188,0.025938,0.279622,-0.253684
2022-12-07,13.368925,0.023554,0.279433,-0.255879
2022-12-08,13.371663,0.024470,0.279244,-0.254774
2022-12-09,13.374401,0.029456,0.279055,-0.249599
2022-12-10,13.377139,0.028415,0.278867,-0.250451
2022-12-11,13.379877,0.027867,0.278678,-0.250811
2022-12-12,13.382615,0.024157,0.278491,-0.254334
2022-12-13,13.385352,0.034748,0.278303,-0.243555
2022-12-14,13.388090,0.043643,0.278116,-0.234473
2022-12-15,13.390828,0.036359,0.277929,-0.241570
2022-12-16,13.393566,0.024741,0.277742,-0.253001
2022-12-17,13.396304,0.015402,0.277556,-0.262154
2022-12-18,13.399042,0.015756,0.277370,-0.261613
2022-12-19,13.401780,0.014067,0.277184,-0.263117
2022-12-20,13.404517,0.016224,0.276998,-0.260774
2022-12-21,13.407255,0.016733,0.276813,-0.260080
2022-12-22,13.409993,0.014347,0.276628,-0.262281
2022-12-23,13.412731,0.013946,0.276444,-0.262498
2022-12-24,13.415469,0.013533,0.276259,-0.262726
2022-12-25,13.418207,0.012755,0.276075,-0.263320
2022-12-26,13.420945,0.013479,0.275892,-0.262413
2022-12-27,13.423682,0.012643,0.275708,-0.263066
2022-12-28,13.426420,0.008428,0.275525,-0.267097
2022-12-29,13.429158,0.007030,0.275342,-0.268312
2022-12-30,13.431896,0.005926,0.275160,-0.269234
2022-12-31,13.434634,0.005702,0.274978,-0.269276
2023-01-01,13.437372,0.005085,0.274796,-0.269711
2023-01-02,13.440110,0.007128,0.274614,-0.267486
2023-01-03,13.442847,0.006651,0.274433,-0.267782
2023-01-04,13.445585,0.009174,0.274252,-0.265079
2023-01-05,13.448323,0.008728,0.274072,-0.265343
2023-01-06,13.451061,0.008447,0.273891,-0.265444
2023-01-07,13.453799,0.010430,0.273711,-0.263281
2023-01-08,13.456537,0.010376,0.273531,-0.263156
2023-01-09,13.459274,0.017006,0.273352,-0.256346
2023-01-10,13.462012,0.020923,0.273173,-0.252250
2023-01-11,13.464750,0.024366,0.272994,-0.248628
2023-01-12,13.467488,0.045019,0.272815,-0.227796
2023-01-13,13.470226,0.057409,0.272637,-0.215228
2023-01-14,13.472964,0.092389,0.272459,-0.180070
2023-01-15,13.475702,0.091331,0.272282,-0.180950
2023-01-16,13.478439,0.097926,0.272104,-0.174179
2023-01-17,13.481177,0.104939,0.271927,-0.166989
2023-01-18,13.483915,0.098856,0.271751,-0.172895
2023-01-19,13.486653,0.094437,0.271574,-0.177137
2023-01-20,13.489391,0.105302,0.271398,-0.166097
2023-01-21,13.492129,0.132266,0.271222,-0.138957
2023-01-22,13.494867,0.129726,0.271047,-0.141321
2023-01-23,13.497604,0.129788,0.270872,-0.141084
2023-01-24,13.500342,0.131811,0.270697,-0.138886
2023-01-25,13.503080,0.127930,0.270522,-0.142593
2023-01-26,13.505818,0.133606,0.270348,-0.136742
2023-01-27,13.508556,0.132448,0.270174,-0.137726
2023-01-28,13.511294,0.132437,0.270001,-0.137563
2023-01-29,13.514031,0.139469,0.269827,-0.130359
2023-01-30,13.516769,0.137502,0.269654,-0.132153
2023-01-31,13.519507,0.131731,0.269482,-0.137750
2023-02-01,13.522245,0.134869,0.269309,-0.134440
2023-02-02,13.524983,0.144742,0.269137,-0.124395
2023-02-03,13.527721,0.138819,0.268965,-0.130146
2023-02-04,13.530459,0.136174,0.268794,-0.132620
2023-02-05,13.533196,0.132728,0.268623,-0.135895
2023-02-06,13.535934,0.127501,0.268452,-0.140951
2023-02-07,13.538672,0.128535,0.268281,-0.139746
2023-02-08,13.541410,0.130234,0.268111,-0.137877
2023-02-09,13.544148,0.120793,0.267941,-0.147148
2023-02-10,13.546886,0.105018,0.267771,-0.162753
2023-02-11,13.549624,0.103295,0.267602,-0.164307
2023-02-12,13.552361,0.106927,0.267433,-0.160506
2023-02-13,13.555099,0.103212,0.267264,-0.164052
2023-02-14,13.557837,0.106499,0.267096,-0.160597
2023-02-15,13.560575,0.120580,0.266928,-0.146348
2023-02-16,13.563313,0.155021,0.266760,-0.111739
2023-02-17,13.566051,0.145657,0.266593,-0.120936
2023-02-18,13.568789,0.154872,0.266426,-0.111554
2023-02-19,13.571526,0.154754,0.266259,-0.111505
2023-02-20,13.574264,0.154525,0.266092,-0.111567
2023-02-21,13.577002,0.154694,0.265926,-0.111232
2023-02-22,13.579740,0.143723,0.265760,-0.122038
2023-02-23,13.582478,0.145138,0.265595,-0.120456
2023-02-24,13.585216,0.136619,0.265429,-0.128810
2023-02-25,13.587953,0.126081,0.265264,-0.139184
2023-02-26,13.590691,0.129157,0.265100,-0.135943
2023-02-27,13.593429,0.131633,0.264935,-0.133303
2023-02-28,13.596167,0.130144,0.264771,-0.134627
2023-03-01,13.598905,0.133306,0.264608,-0.131302
2023-03-02,13.601643,0.130312,0.264444,-0.134133
2023-03-03,13.604381,0.112057,0.264281,-0.152224
2023-03-04,13.607118,0.109932,0.264118,-0.154186
2023-03-05,13.609856,0.111594,0.263956,-0.152362
2023-03-06,13.612594,0.111117,0.263794,-0.152677
2023-03-07,13.615332,0.108719,0.263632,-0.154913
2023-03-08,13.618070,0.102754,0.263471,-0.160717
2023-03-09,13.620808,0.090339,0.263309,-0.172970
2023-03-10,13.623546,0.061185,0.263148,-0.201963
2023-03-11,13.626283,0.069951,0.262988,-0.193036
2023-03-12,13.629021,0.078535,0.262828,-0.184292
2023-03-13,13.631759,0.119173,0.262668,-0.143494
2023-03-14,13.634497,0.149159,0.262508,-0.113349
2023-03-15,13.637235,0.147215,0.262349,-0.115133
2023-03-16,13.639973,0.147583,0.262190,-0.114607
2023-03-17,13.642710,0.171168,0.262031,-0.090863
2023-03-18,13.645448,0.187572,0.261873,-0.074301
2023-03-19,13.648186,0.189469,0.261715,-0.072245
2023-03-20,13.650924,0.195512,0.261557,-0.066045
2023-03-21,13.653662,0.196118,0.261399,-0.065281
2023-03-22,13.656400,0.196772,0.261242,-0.064470
2023-03-23,13.659138,0.192235,0.261085,-0.068851
2023-03-24,13.661875,0.194814,0.260929,-0.066115
2023-03-25,13.664613,0.187812,0.260773,-0.072961
2023-03-26,13.667351,0.190615,0.260617,-0.070002
2023-03-27,13.670089,0.187483,0.260461,-0.072978
2023-03-28,13.672827,0.179906,0.260306,-0.080400
2023-03-29,13.675565,0.194872,0.260151,-0.065279
2023-03-30,13.678303,0.198408,0.259997,-0.061588
2023-03-31,13.681040,0.195962,0.259842,-0.063880
2023-04-01,13.683778,0.198782,0.259688,-0.060907
2023-04-02,13.686516,0.195845,0.259535,-0.063690
2023-04-03,13.689254,0.191094,0.259381,-0.068287
2023-04-04,13.691992,0.191424,0.259228,-0.067804
2023-04-05,13.694730,0.194878,0.259076,-0.064198
2023-04-06,13.697467,0.190185,0.258923,-0.068739
2023-04-07,13.700205,0.189167,0.258771,-0.069604
2023-04-08,13.702943,0.189440,0.258619,-0.069180
2023-04-09,13.705681,0.189670,0.258468,-0.068798
2023-04-10,13.708419,0.196892,0.258317,-0.061425
2023-04-11,13.711157,0.218060,0.258166,-0.040106
2023-04-12,13.713895,0.216465,0.258016,-0.041551
2023-04-13,13.716632,0.218541,0.257865,-0.039325
2023-04-14,13.719370,0.224438,0.257716,-0.033277
2023-04-15,13.722108,0.222472,0.257566,-0.035094
2023-04-16,13.724846,0.220923,0.257417,-0.036494
2023-04-17,13.727584,0.208722,0.257268,-0.048546
2023-04-18,13.730322,0.208533,0.257119,-0.048586
2023-04-19,13.733060,0.201256,0.256971,-0.055715
2023-04-20,13.735797,0.186531,0.256823,-0.070292
2023-04-21,13.738535,0.175012,0.256676,-0.081663
2023-04-22,13.741273,0.166510,0.256528,-0.090018
2023-04-23,13.744011,0.169149,0.256381,-0.087232
2023-04-24,13.746749,0.166649,0.256235,-0.089586
2023-04-25,13.749487,0.166137,0.256088,-0.089951
2023-04-26,13.752225,0.185943,0.255942,-0.069999
2023-04-27,13.754962,0.190666,0.255797,-0.065131
2023-04-28,13.757700,0.192717,0.255651,-0.062934
2023-04-29,13.760438,0.192052,0.255506,-0.063454
2023-04-30,13.763176,0.192065,0.255361,-0.063296
2023-05-01,13.765914,0.178257,0.255217,-0.076960
2023-05-02,13.768652,0.175973,0.255073,-0.079100
2023-05-03,13.771389,0.179998,0.254929,-0.074931
2023-05-04,13.774127,0.185308,0.254785,-0.069477
2023-05-05,13.776865,0.189204,0.254642,-0.065438
2023-05-06,13.779603,0.186887,0.254499,-0.067612
2023-05-07,13.782341,0.183548,0.254357,-0.070809
2023-05-08,13.785079,0.168199,0.254215,-0.086015
2023-05-09,13.787817,0.161532,0.254073,-0.092541
2023-05-10,13.790554,0.162869,0.253931,-0.091062
2023-05-11,13.793292,0.155610,0.253790,-0.098180
2023-05-12,13.796030,0.142699,0.253649,-0.110950
2023-05-13,13.798768,0.147323,0.253508,-0.106186
2023-05-14,13.801506,0.147494,0.253368,-0.105875
2023-05-15,13.804244,0.154904,0.253228,-0.098324
2023-05-16,13.806982,0.150594,0.253089,-0.102495
2023-05-17,13.809719,0.148762,0.252949,-0.104187
2023-05-18,13.812457,0.150755,0.252810,-0.102055
2023-05-19,13.815195,0.146286,0.252672,-0.106386
2023-05-20,13.817933,0.146873,0.252533,-0.105660
2023-05-21,13.820671,0.147212,0.252395,-0.105184
2023-05-22,13.823409,0.144619,0.252257,-0.107639
2023-05-23,13.826146,0.150314,0.252120,-0.101806
2023-05-24,13.828884,0.140325,0.251983,-0.111658
2023-05-25,13.831622,0.135099,0.251846,-0.116747
2023-05-26,13.834360,0.139124,0.251710,-0.112586
2023-05-27,13.837098,0.141211,0.251574,-0.110363
2023-05-28,13.839836,0.149947,0.251438,-0.101490
2023-05-29,13.842574,0.157658,0.251302,-0.093644
2023-05-30,13.845311,0.155895,0.251167,-0.095272
2023-05-31,13.848049,0.146583,0.251032,-0.104449
2023-06-01,13.850787,0.141253,0.250898,-0.109645
2023-06-02,13.853525,0.142971,0.250764,-0.107793
2023-06-03,13.856263,0.144010,0.250630,-0.106620
2023-06-04,13.859001,0.143994,0.250496,-0.106502
2023-06-05,13.861739,0.132639,0.250363,-0.117724
2023-06-06,13.864476,0.126795,0.250230,-0.123435
2023-06-07,13.867214,0.135773,0.250097,-0.114324
2023-06-08,13.869952,0.132282,0.249965,-0.117684
2023-06-09,13.872690,0.132508,0.249833,-0.117325
2023-06-10,13.875428,0.121702,0.249702,-0.127999
2023-06-11,13.878166,0.121668,0.249570,-0.127903
2023-06-12,13.880903,0.121668,0.249439,-0.127771
2023-06-13,13.883641,0.122656,0.249309,-0.126652
2023-06-14,13.886379,0.119620,0.249178,-0.129558
2023-06-15,13.889117,0.107445,0.249048,-0.141603
2023-06-16,13.891855,0.117502,0.248918,-0.131416
2023-06-17,13.894593,0.128898,0.248789,-0.119891
2023-06-18,13.897331,0.130560,0.248660,-0.118100
2023-06-19,13.900068,0.129387,0.248531,-0.119145
2023-06-20,13.902806,0.139244,0.248403,-0.109159
2023-06-21,13.905544,0.170211,0.248275,-0.078064
2023-06-22,13.908282,0.180878,0.248147,-0.067269
2023-06-23,13.911020,0.183978,0.248020,-0.064042
2023-06-24,13.913758,0.187254,0.247892,-0.060638
2023-06-25,13.916496,0.186452,0.247766,-0.061314
2023-06-26,13.919233,0.181782,0.247639,-0.065857
2023-06-27,13.921971,0.184892,0.247513,-0.062621
2023-06-28,13.924709,0.181928,0.247387,-0.065459
2023-06-29,13.927447,0.182552,0.247262,-0.064709
2023-06-30,13.930185,0.183842,0.247136,-0.063295
2023-07-01,13.932923,0.182250,0.247012,-0.064761
2023-07-02,13.935661,0.182222,0.246887,-0.064665
2023-07-03,13.938398,0.185403,0.246763,-0.061360
2023-07-04,13.941136,0.187224,0.246639,-0.059415
2023-07-05,13.943874,0.181716,0.246515,-0.064799
2023-07-06,13.946612,0.180314,0.246392,-0.066078
2023-07-07,13.949350,0.175561,0.246269,-0.070708
2023-07-08,13.952088,0.175408,0.246146,-0.070739
2023-07-09,13.954825,0.175686,0.246024,-0.070338
2023-07-10,13.957563,0.175006,0.245902,-0.070897
2023-07-11,13.960301,0.177790,0.245781,-0.067991
2023-07-12,13.963039,0.178397,0.245659,-0.067262
2023-07-13,13.965777,0.179680,0.245538,-0.065858
2023-07-14,13.968515,0.182527,0.245417,-0.062890
2023-07-15,13.971253,0.173248,0.245297,-0.072049
2023-07-16,13.973990,0.172602,0.245177,-0.072575
2023-07-17,13.976728,0.170758,0.245057,-0.074300
2023-07-18,13.979466,0.167113,0.244938,-0.077825
2023-07-19,13.982204,0.167150,0.244819,-0.077669
2023-07-20,13.984942,0.166776,0.244700,-0.077924
2023-07-21,13.987680,0.164675,0.244582,-0.079907
2023-07-22,13.990418,0.164950,0.244464,-0.079514
2023-07-23,13.993155,0.165415,0.244346,-0.078931
2023-07-24,13.995893,0.157666,0.244228,-0.086562
2023-07-25,13.998631,0.154090,0.244111,-0.090022
2023-07-26,14.001369,0.154795,0.243994,-0.089199
2023-07-27,14.004107,0.155232,0.243878,-0.088646
2023-07-28,14.006845,0.153350,0.243762,-0.090411
2023-07-29,14.009582,0.153783,0.243646,-0.089863
2023-07-30,14.012320,0.152878,0.243530,-0.090652
2023-07-31,14.015058,0.153114,0.243415,-0.090301
2023-08-01,14.017796,0.148737,0.243300,-0.094563
2023-08-02,14.020534,0.153966,0.243186,-0.089220
2023-08-03,14.023272,0.150407,0.243071,-0.092665
2023-08-04,14.026010,0.149876,0.242958,-0.093081
2023-08-05,14.028747,0.147959,0.242844,-0.094885
2023-08-06,14.031485,0.147565,0.242731,-0.095166
2023-08-07,14.034223,0.147394,0.242618,-0.095224
2023-08-08,14.036961,0.152410,0.242505,-0.090095
2023-08-09,14.039699,0.155255,0.242393,-0.087138
2023-08-10,14.042437,0.152078,0.242281,-0.090203
2023-08-11,14.045175,0.150326,0.242169,-0.091843
2023-08-12,14.047912,0.150003,0.242058,-0.092054
2023-08-13,14.050650,0.149457,0.241947,-0.092490
2023-08-14,14.053388,0.149018,0.241836,-0.092818
2023-08-15,14.056126,0.148275,0.241726,-0.093451
2023-08-16,14.058864,0.145009,0.241616,-0.096606
2023-08-17,14.061602,0.131149,0.241506,-0.110356
2023-08-18,14.064339,0.102593,0.241397,-0.138804
2023-08-19,14.067077,0.097501,0.241287,-0.143786
2023-08-20,14.069815,0.098345,0.241179,-0.142833
2023-08-21,14.072553,0.096869,0.241070,-0.144202
2023-08-22,14.075291,0.094901,0.240962,-0.146061
2023-08-23,14.078029,0.097945,0.240854,-0.142909
2023-08-24,14.080767,0.098718,0.240747,-0.142029
2023-08-25,14.083504,0.094500,0.240640,-0.146140
2023-08-26,14.086242,0.093890,0.240533,-0.146643
2023-08-27,14.088980,0.093893,0.240426,-0.146533
2023-08-28,14.091718,0.092993,0.240320,-0.147327
2023-08-29,14.094456,0.103075,0.240214,-0.137139
2023-08-30,14.097194,0.112176,0.240109,-0.127933
2023-08-31,14.099932,0.104513,0.240004,-0.135490
2023-09-01,14.102669,0.089641,0.239899,-0.150257
2023-09-02,14.105407,0.087727,0.239794,-0.152067
2023-09-03,14.108145,0.088379,0.239690,-0.151311
2023-09-04,14.110883,0.087651,0.239586,-0.151935
2023-09-05,14.113621,0.084705,0.239482,-0.154778
2023-09-06,14.116359,0.083834,0.239379,-0.155545
2023-09-07,14.119097,0.084896,0.239276,-0.154380
2023-09-08,14.121834,0.087396,0.239173,-0.151778
2023-09-09,14.124572,0.084429,0.239071,-0.154643
2023-09-10,14.127310,0.083515,0.238969,-0.155454
2023-09-11,14.130048,0.078163,0.238867,-0.160704
2023-09-12,14.132786,0.083810,0.238766,-0.154957
2023-09-13,14.135524,0.086689,0.238665,-0.151976
2023-09-14,14.138261,0.091431,0.238564,-0.147133
2023-09-15,14.140999,0.091986,0.238464,-0.146478
2023-09-16,14.143737,0.092591,0.238364,-0.145773
2023-09-17,14.146475,0.091606,0.238264,-0.146659
2023-09-18,14.149213,0.096322,0.238165,-0.141843
2023-09-19,14.151951,0.098927,0.238066,-0.139138
2023-09-20,14.154689,0.099623,0.237967,-0.138344
2023-09-21,14.157426,0.093896,0.237868,-0.143972
2023-09-22,14.160164,0.090829,0.237770,-0.146942
2023-09-23,14.162902,0.089814,0.237672,-0.147859
2023-09-24,14.165640,0.089162,0.237575,-0.148413
2023-09-25,14.168378,0.082771,0.237478,-0.154707
2023-09-26,14.171116,0.082825,0.237381,-0.154556
2023-09-27,14.173854,0.083546,0.237284,-0.153739
2023-09-28,14.176591,0.089129,0.237188,-0.148059
2023-09-29,14.179329,0.092772,0.237092,-0.144321
2023-09-30,14.182067,0.092267,0.236997,-0.144730
2023-10-01,14.184805,0.094715,0.236901,-0.142186
2023-10-02,14.187543,0.107248,0.236807,-0.129559
2023-10-03,14.190281,0.099083,0.236712,-0.137629
2023-10-04,14.193018,0.099046,0.236618,-0.137572
2023-10-05,14.195756,0.100522,0.236524,-0.136001
2023-10-06,14.198494,0.101291,0.236430,-0.135139
2023-10-07,14.201232,0.104346,0.236337,-0.131991
2023-10-08,14.203970,0.103999,0.236244,-0.132245
2023-10-09,14.206708,0.099767,0.236151,-0.136384
2023-10-10,14.209446,0.097116,0.236059,-0.138942
2023-10-11,14.212183,0.088665,0.235967,-0.147301
2023-10-12,14.214921,0.084852,0.235875,-0.151022
2023-10-13,14.217659,0.085353,0.235784,-0.150431
2023-10-14,14.220397,0.085533,0.235692,-0.150160
2023-10-15,14.223135,0.086089,0.235602,-0.149512
2023-10-16,14.225873,0.101008,0.235511,-0.134503
2023-10-17,14.228611,0.107404,0.235421,-0.128017
2023-10-18,14.231348,0.107421,0.235331,-0.127910
2023-10-19,14.234086,0.108312,0.235242,-0.126930
2023-10-20,14.236824,0.121126,0.235153,-0.114027
2023-10-21,14.239562,0.125626,0.235064,-0.109438
2023-10-22,14.242300,0.127148,0.234975,-0.107828
2023-10-23,14.245038,0.140515,0.234887,-0.094372
2023-10-24,14.247775,0.181501,0.234799,-0.053298
2023-10-25,14.250513,0.184475,0.234712,-0.050237
2023-10-26,14.253251,0.184069,0.234624,-0.050556
2023-10-27,14.255989,0.179256,0.234538,-0.055282
2023-10-28,14.258727,0.180387,0.234451,-0.054064
2023-10-29,14.261465,0.182308,0.234365,-0.052057
2023-10-30,14.264203,0.183227,0.234279,-0.051052
2023-10-31,14.266940,0.182311,0.234193,-0.051882
2023-11-01,14.269678,0.184715,0.234108,-0.049392
2023-11-02,14.272416,0.190804,0.234023,-0.043218
2023-11-03,14.275154,0.183447,0.233938,-0.050491
2023-11-04,14.277892,0.185474,0.233854,-0.048380
2023-11-05,14.280630,0.187583,0.233770,-0.046187
2023-11-06,14.283368,0.186382,0.233686,-0.047304
2023-11-07,14.286105,0.185766,0.233603,-0.047837
2023-11-08,14.288843,0.190559,0.233519,-0.042961
2023-11-09,14.291581,0.204207,0.233437,-0.029229
2023-11-10,14.294319,0.208260,0.233354,-0.025094
2023-11-11,14.297057,0.210085,0.233272,-0.023187
2023-11-12,14.299795,0.209534,0.233190,-0.023657
2023-11-13,14.302533,0.206973,0.233109,-0.026136
2023-11-14,14.305270,0.199109,0.233028,-0.033918
2023-11-15,14.308008,0.199030,0.232947,-0.033917
2023-11-16,14.310746,0.205832,0.232866,-0.027035
2023-11-17,14.313484,0.199962,0.232786,-0.032824
2023-11-18,14.316222,0.201338,0.232706,-0.031368
2023-11-19,14.318960,0.202255,0.232626,-0.030372
2023-11-20,14.321697,0.209112,0.232547,-0.023435
2023-11-21,14.324435,0.206822,0.232468,-0.025646
2023-11-22,14.327173,0.202140,0.232390,-0.030249
2023-11-23,14.329911,0.208334,0.232311,-0.023977
2023-11-24,14.332649,0.212064,0.232233,-0.020170
2023-11-25,14.335387,0.212589,0.232156,-0.019567
2023-11-26,14.338125,0.210225,0.232078,-0.021853
2023-11-27,14.340862,0.205206,0.232001,-0.026795
2023-11-28,14.343600,0.208334,0.231925,-0.023590
2023-11-29,14.346338,0.212837,0.231848,-0.019011
2023-11-30,14.349076,0.211239,0.231772,-0.020533
2023-12-01,14.351814,0.217842,0.231696,-0.013854
2023-12-02,14.354552,0.222500,0.231621,-0.009121
2023-12-03,14.357290,0.228297,0.231546,-0.003248
2023-12-04,14.360027,0.247965,0.231471,0.016494
2023-12-05,14.362765,0.258332,0.231396,0.026936
2023-12-06,14.365503,0.274392,0.231322,0.043070
2023-12-07,14.368241,0.269919,0.231248,0.038671
2023-12-08,14.370979,0.270660,0.231175,0.039486
2023-12-09,14.373717,0.273176,0.231101,0.042074
2023-12-10,14.376454,0.271232,0.231028,0.040204
2023-12-11,14.379192,0.252010,0.230956,0.021054
2023-12-12,14.381930,0.248058,0.230884,0.017174
2023-12-13,14.384668,0.248919,0.230812,0.018108
2023-12-14,14.387406,0.260467,0.230740,0.029727
2023-12-15,14.390144,0.256192,0.230669,0.025523
2023-12-16,14.392882,0.253583,0.230598,0.022985
2023-12-17,14.395619,0.249527,0.230527,0.019000
2023-12-18,14.398357,0.244274,0.230456,0.013818
2023-12-19,14.401095,0.256622,0.230386,0.026236
2023-12-20,14.403833,0.261422,0.230317,0.031105
2023-12-21,14.406571,0.265977,0.230247,0.035730
2023-12-22,14.409309,0.266144,0.230178,0.035966
2023-12-23,14.412047,0.264534,0.230109,0.034425
2023-12-24,14.414784,0.263478,0.230041,0.033437
2023-12-25,14.417522,0.260551,0.229972,0.030579
2023-12-26,14.420260,0.253497,0.229905,0.023593
2023-12-27,14.422998,0.254857,0.229837,0.025020
2023-12-28,14.425736,0.254842,0.229770,0.025072
2023-12-29,14.428474,0.249402,0.229703,0.019699
2023-12-30,14.431211,0.246115,0.229636,0.016479
2023-12-31,14.433949,0.249141,0.229570,0.019571
2024-01-01,14.436687,0.252550,0.229504,0.023046
2024-01-02,14.439425,0.275744,0.229438,0.046306
2024-01-03,14.442163,0.263282,0.229373,0.033909
2024-01-04,14.444901,0.259756,0.229308,0.030448
2024-01-05,14.447639,0.261683,0.229243,0.032439
2024-01-06,14.450376,0.262112,0.229179,0.032933
2024-01-07,14.453114,0.264160,0.229114,0.035045
2024-01-08,14.455852,0.271865,0.229051,0.042815
2024-01-09,14.458590,0.287791,0.228987,0.058803
2024-01-10,14.461328,0.279366,0.228924,0.050442
2024-01-11,14.464066,0.285597,0.228861,0.056736
2024-01-12,14.466804,0.270864,0.228799,0.042065
2024-01-13,14.469541,0.249122,0.228736,0.020385
2024-01-14,14.472279,0.247954,0.228674,0.019279
2024-01-15,14.475017,0.244953,0.228613,0.016340
2024-01-16,14.477755,0.247729,0.228552,0.019178
2024-01-17,14.480493,0.245134,0.228491,0.016644
2024-01-18,14.483231,0.239549,0.228430,0.011119
2024-01-19,14.485969,0.229915,0.228369,0.001546
2024-01-20,14.488706,0.232603,0.228309,0.004294
2024-01-21,14.491444,0.233706,0.228250,0.005457
2024-01-22,14.494182,0.223679,0.228190,-0.004511
2024-01-23,14.496920,0.210969,0.228131,-0.017163
2024-01-24,14.499658,0.215312,0.228072,-0.012761
2024-01-25,14.502396,0.214922,0.228014,-0.013092
2024-01-26,14.505133,0.223319,0.227956,-0.004637
2024-01-27,14.507871,0.231965,0.227898,0.004067
2024-01-28,14.510609,0.235748,0.227840,0.007908
2024-01-29,14.513347,0.237439,0.227783,0.009656
2024-01-30,14.516085,0.246584,0.227726,0.018858
2024-01-31,14.518823,0.241232,0.227669,0.013563
2024-02-01,14.521561,0.236774,0.227613,0.009161
2024-02-02,14.524298,0.241768,0.227557,0.014211
2024-02-03,14.527036,0.241722,0.227501,0.014221
2024-02-04,14.529774,0.238962,0.227446,0.011516
2024-02-05,14.532512,0.237758,0.227391,0.010367
2024-02-06,14.535250,0.239104,0.227336,0.011768
2024-02-07,14.537988,0.242373,0.227282,0.015091
2024-02-08,14.540726,0.257043,0.227228,0.029816
2024-02-09,14.543463,0.274093,0.227174,0.046919
2024-02-10,14.546201,0.278752,0.227120,0.051632
2024-02-11,14.548939,0.284779,0.227067,0.057712
2024-02-12,14.551677,0.289759,0.227014,0.062745
2024-02-13,14.554415,0.296047,0.226961,0.069085
2024-02-14,14.557153,0.306390,0.226909,0.079481
2024-02-15,14.559890,0.315396,0.226857,0.088539
2024-02-16,14.562628,0.314563,0.226806,0.087758
2024-02-17,14.565366,0.310269,0.226754,0.083515
2024-02-18,14.568104,0.311383,0.226703,0.084680
2024-02-19,14.570842,0.314009,0.226652,0.087356
2024-02-20,14.573580,0.311397,0.226602,0.084795
2024-02-21,14.576318,0.307960,0.226552,0.081409
2024-02-22,14.579055,0.308406,0.226502,0.081904
2024-02-23,14.581793,0.304123,0.226452,0.077671
2024-02-24,14.584531,0.304835,0.226403,0.078431
2024-02-25,14.587269,0.308230,0.226354,0.081876
2024-02-26,14.590007,0.314300,0.226306,0.087994
2024-02-27,14.592745,0.345539,0.226257,0.119281
2024-02-28,14.595483,0.366573,0.226209,0.140363
2024-02-29,14.598220,0.385554,0.226162,0.159392
2024-03-01,14.600958,0.383965,0.226114,0.157850
2024-03-02,14.603696,0.384461,0.226067,0.158394
2024-03-03,14.606434,0.386886,0.226021,0.160865
2024-03-04,14.609172,0.407000,0.225974,0.181026
2024-03-05,14.611910,0.411238,0.225928,0.185310
2024-03-06,14.614648,0.409555,0.225882,0.183673
2024-03-07,14.617385,0.414890,0.225837,0.189054
2024-03-08,14.620123,0.420850,0.225791,0.195059
2024-03-09,14.622861,0.424182,0.225746,0.198435
2024-03-10,14.625599,0.430092,0.225702,0.204390
2024-03-11,14.628337,0.439939,0.225657,0.214281
2024-03-12,14.631075,0.443673,0.225613,0.218059
2024-03-13,14.633812,0.449886,0.225570,0.224316
2024-03-14,14.636550,0.446081,0.225526,0.220555
2024-03-15,14.639288,0.423729,0.225483,0.198246
2024-03-16,14.642026,0.421505,0.225440,0.196065
2024-03-17,14.644764,0.413686,0.225398,0.188288
2024-03-18,14.647502,0.418048,0.225356,0.192692
2024-03-19,14.650240,0.395637,0.225314,0.170323
2024-03-20,14.652977,0.391680,0.225272,0.166407
2024-03-21,14.655715,0.409399,0.225231,0.184168
2024-03-22,14.658453,0.394946,0.225190,0.169756
2024-03-23,14.661191,0.394807,0.225149,0.169658
2024-03-24,14.663929,0.399090,0.225109,0.173981
2024-03-25,14.666667,0.418779,0.225069,0.193710
2024-03-26,14.669405,0.429996,0.225029,0.204966
2024-03-27,14.672142,0.426107,0.224990,0.201117
2024-03-28,14.674880,0.429848,0.224951,0.204897
2024-03-29,14.677618,0.426697,0.224912,0.201785
2024-03-30,14.680356,0.426430,0.224873,0.201557
2024-03-31,14.683094,0.428925,0.224835,0.204090
2024-04-01,14.685832,0.423712,0.224797,0.198915
2024-04-02,14.688569,0.402305,0.224759,0.177546
2024-04-03,14.691307,0.400261,0.224722,0.175539
2024-04-04,14.694045,0.405634,0.224685,0.180949
2024-04-05,14.696783,0.408845,0.224648,0.184196
2024-04-06,14.699521,0.411937,0.224612,0.187325
2024-04-07,14.702259,0.419611,0.224576,0.195035
2024-04-08,14.704997,0.429905,0.224540,0.205365
2024-04-09,14.707734,0.422935,0.224504,0.198431
2024-04-10,14.710472,0.417345,0.224469,0.192876
2024-04-11,14.713210,0.424419,0.224434,0.199985
2024-04-12,14.715948,0.417153,0.224400,0.192753
2024-04-13,14.718686,0.399390,0.224365,0.175024
2024-04-14,14.721424,0.385563,0.224331,0.161232
2024-04-15,14.724162,0.390478,0.224298,0.166180
2024-04-16,14.726899,0.377249,0.224264,0.152985
2024-04-17,14.729637,0.372126,0.224231,0.147895
2024-04-18,14.732375,0.371968,0.224198,0.147770
2024-04-19,14.735113,0.380927,0.224166,0.156761
2024-04-20,14.737851,0.383136,0.224133,0.159002
2024-04-21,14.740589,0.387188,0.224102,0.163086
2024-04-22,14.743326,0.393862,0.224070,0.169792
2024-04-23,14.746064,0.396414,0.224039,0.172375
2024-04-24,14.748802,0.390237,0.224008,0.166230
2024-04-25,14.751540,0.381032,0.223977,0.157055
2024-04-26,14.754278,0.380815,0.223946,0.156869
2024-04-27,14.757016,0.373351,0.223916,0.149434
2024-04-28,14.759754,0.376000,0.223886,0.152113
2024-04-29,14.762491,0.370550,0.223857,0.146694
2024-04-30,14.765229,0.364054,0.223828,0.140227
2024-05-01,14.767967,0.339703,0.223799,0.115904
2024-05-02,14.770705,0.338533,0.223770,0.114764
2024-05-03,14.773443,0.353401,0.223742,0.129659
2024-05-04,14.776181,0.371945,0.223714,0.148232
2024-05-05,14.778919,0.373571,0.223686,0.149885
2024-05-06,14.781656,0.373682,0.223658,0.150023
2024-05-07,14.784394,0.370379,0.223631,0.146748
2024-05-08,14.787132,0.361450,0.223604,0.137846
2024-05-09,14.789870,0.358742,0.223578,0.135164
2024-05-10,14.792608,0.360301,0.223551,0.136750
2024-05-11,14.795346,0.352624,0.223525,0.129099
2024-05-12,14.798084,0.354553,0.223500,0.131053
2024-05-13,14.800821,0.360961,0.223474,0.137487
2024-05-14,14.803559,0.357653,0.223449,0.134204
2024-05-15,14.806297,0.369380,0.223424,0.145956
2024-05-16,14.809035,0.381912,0.223400,0.158512
2024-05-17,14.811773,0.384897,0.223376,0.161521
2024-05-18,14.814511,0.388367,0.223352,0.165016
2024-05-19,14.817248,0.387636,0.223328,0.164308
2024-05-20,14.819986,0.392911,0.223305,0.169607
2024-05-21,14.822724,0.408502,0.223282,0.185221
2024-05-22,14.825462,0.403497,0.223259,0.180238
2024-05-23,14.828200,0.395723,0.223236,0.172487
2024-05-24,14.830938,0.392331,0.223214,0.169117
2024-05-25,14.833676,0.398734,0.223192,0.175542
2024-05-26,14.836413,0.398436,0.223171,0.175265
2024-05-27,14.839151,0.399435,0.223150,0.176286
2024-05-28,14.841889,0.393671,0.223129,0.170542
2024-05-29,14.844627,0.391095,0.223108,0.167987
2024-05-30,14.847365,0.392691,0.223087,0.169604
2024-05-31,14.850103,0.391081,0.223067,0.168014
2024-06-01,14.852841,0.389642,0.223048,0.166594
2024-06-02,14.855578,0.389941,0.223028,0.166913
2024-06-03,14.858316,0.395918,0.223009,0.172910
2024-06-04,14.861054,0.399654,0.222990,0.176664
2024-06-05,14.863792,0.406967,0.222971,0.183996
2024-06-06,14.866530,0.407067,0.222953,0.184114
2024-06-07,14.869268,0.404107,0.222935,0.181172
2024-06-08,14.872005,0.399368,0.222917,0.176451
2024-06-09,14.874743,0.399346,0.222899,0.176446
2024-06-10,14.877481,0.399399,0.222882,0.176517
2024-06-11,14.880219,0.387000,0.222865,0.164135
2024-06-12,14.882957,0.390782,0.222849,0.167933
2024-06-13,14.885695,0.386162,0.222832,0.163330
2024-06-14,14.888433,0.379768,0.222816,0.156952
2024-06-15,14.891170,0.377006,0.222800,0.154206
2024-06-16,14.893908,0.378647,0.222785,0.155862
2024-06-17,14.896646,0.375462,0.222770,0.152692
2024-06-18,14.899384,0.368311,0.222755,0.145556
2024-06-19,14.902122,0.366389,0.222740,0.143649
2024-06-20,14.904860,0.364225,0.222726,0.141499
2024-06-21,14.907598,0.356318,0.222712,0.133606
2024-06-22,14.910335,0.358920,0.222698,0.136221
2024-06-23,14.913073,0.358173,0.222685,0.135488
2024-06-24,14.915811,0.337552,0.222672,0.114880
2024-06-25,14.918549,0.336344,0.222659,0.113686
2024-06-26,14.921287,0.336570,0.222646,0.113924
2024-06-27,14.924025,0.335155,0.222634,0.112521
2024-06-28,14.926762,0.332938,0.222622,0.110316
2024-06-29,14.929500,0.330946,0.222610,0.108336
2024-06-30,14.932238,0.334641,0.222599,0.112042
2024-07-01,14.934976,0.344465,0.222587,0.121878
2024-07-02,14.937714,0.339698,0.222576,0.117122
2024-07-03,14.940452,0.325620,0.222566,0.103055
2024-07-04,14.943190,0.308510,0.222556,0.085955
2024-07-05,14.945927,0.289195,0.222546,0.066649
2024-07-06,14.948665,0.300178,0.222536,0.077642
2024-07-07,14.951403,0.300070,0.222526,0.077543
2024-07-08,14.954141,0.291948,0.222517,0.069431
2024-07-09,14.956879,0.300575,0.222508,0.078067
2024-07-10,14.959617,0.305398,0.222500,0.082898
2024-07-11,14.962355,0.304296,0.222491,0.081805
2024-07-12,14.965092,0.300566,0.222483,0.078083
2024-07-13,14.967830,0.306652,0.222476,0.084177
2024-07-14,14.970568,0.318306,0.222468,0.095838
2024-07-15,14.973306,0.338102,0.222461,0.115641
2024-07-16,14.976044,0.345371,0.222454,0.122917
2024-07-17,14.978782,0.349907,0.222447,0.127460
2024-07-18,14.981520,0.345802,0.222441,0.123361
2024-07-19,14.984257,0.351392,0.222435,0.128957
2024-07-20,14.986995,0.361410,0.222429,0.138981
2024-07-21,14.989733,0.363076,0.222424,0.140652
2024-07-22,14.992471,0.365145,0.222419,0.142727
2024-07-23,14.995209,0.358999,0.222414,0.136586
2024-07-24,14.997947,0.354104,0.222409,0.131695
2024-07-25,15.000684,0.345887,0.222405,0.123482
2024-07-26,15.003422,0.361475,0.222401,0.139075
2024-07-27,15.006160,0.366953,0.222397,0.144556
2024-07-28,15.008898,0.364871,0.222393,0.142478
2024-07-29,15.011636,0.367943,0.222390,0.145553
2024-07-30,15.014374,0.353708,0.222387,0.131321
2024-07-31,15.017112,0.351426,0.222384,0.129042
2024-08-01,15.019849,0.338711,0.222382,0.116329
2024-08-02,15.022587,0.335645,0.222380,0.113265
2024-08-03,15.025325,0.318353,0.222378,0.095975
2024-08-04,15.028063,0.308654,0.222376,0.086278
2024-08-05,15.030801,0.261896,0.222375,0.039521
2024-08-06,15.033539,0.277820,0.222374,0.055446
2024-08-07,15.036277,0.280806,0.222373,0.058433
2024-08-08,15.039014,0.295277,0.222373,0.072904
2024-08-09,15.041752,0.311266,0.222373,0.088894
2024-08-10,15.044490,0.312184,0.222373,0.089811
2024-08-11,15.047228,0.307758,0.222373,0.085385
2024-08-12,15.049966,0.298118,0.222374,0.075744
2024-08-13,15.052704,0.304135,0.222375,0.081760
2024-08-14,15.055441,0.305333,0.222376,0.082957
2024-08-15,15.058179,0.292435,0.222378,0.070057
2024-08-16,15.060917,0.292735,0.222379,0.070356
2024-08-17,15.063655,0.298441,0.222381,0.076059
2024-08-18,15.066393,0.300797,0.222384,0.078413
2024-08-19,15.069131,0.292875,0.222386,0.070489
2024-08-20,15.071869,0.301703,0.222389,0.079314
2024-08-21,15.074606,0.302186,0.222392,0.079793
2024-08-22,15.077344,0.305214,0.222396,0.082818
2024-08-23,15.080082,0.314258,0.222399,0.091859
2024-08-24,15.082820,0.327803,0.222403,0.105399
2024-08-25,15.085558,0.328463,0.222408,0.106056
2024-08-26,15.088296,0.324354,0.222412,0.101942
2024-08-27,15.091034,0.314338,0.222417,0.091921
2024-08-28,15.093771,0.293035,0.222422,0.070613
2024-08-29,15.096509,0.296724,0.222427,0.074296
2024-08-30,15.099247,0.290878,0.222433,0.068445
2024-08-31,15.101985,0.292026,0.222439,0.069587
2024-09-01,15.104723,0.284602,0.222445,0.062156
2024-09-02,15.107461,0.285295,0.222452,0.062843
2024-09-03,15.110198,0.285762,0.222458,0.063304
2024-09-04,15.112936,0.275359,0.222465,0.052893
2024-09-05,15.115674,0.272278,0.222473,0.049806
2024-09-06,15.118412,0.259144,0.222480,0.036664
2024-09-07,15.121150,0.253408,0.222488,0.030920
2024-09-08,15.123888,0.254176,0.222496,0.031680
2024-09-09,15.126626,0.262954,0.222504,0.040450
2024-09-10,15.129363,0.272554,0.222513,0.050041
2024-09-11,15.132101,0.271250,0.222522,0.048728
2024-09-12,15.134839,0.279378,0.222531,0.056847
2024-09-13,15.137577,0.285184,0.222540,0.062644
2024-09-14,15.140315,0.292758,0.222550,0.070208
2024-09-15,15.143053,0.291118,0.222560,0.068558
2024-09-16,15.145791,0.279327,0.222570,0.056757
2024-09-17,15.148528,0.287778,0.222581,0.065197
2024-09-18,15.151266,0.291955,0.222591,0.069363
2024-09-19,15.154004,0.308716,0.222603,0.086113
2024-09-20,15.156742,0.312267,0.222614,0.089653
2024-09-21,15.159480,0.310926,0.222625,0.088300
2024-09-22,15.162218,0.309634,0.222637,0.086997
2024-09-23,15.164956,0.312491,0.222649,0.089842
2024-09-24,15.167693,0.311919,0.222662,0.089257
2024-09-25,15.170431,0.313105,0.222674,0.090431
2024-09-26,15.173169,0.316365,0.222687,0.093678
2024-09-27,15.175907,0.324552,0.222701,0.101851
2024-09-28,15.178645,0.325349,0.222714,0.102635
2024-09-29,15.181383,0.324652,0.222728,0.101924
2024-09-30,15.184120,0.312570,0.222742,0.089829
2024-10-01,15.186858,0.302773,0.222756,0.080017
2024-10-02,15.189596,0.292667,0.222770,0.069896
2024-10-03,15.192334,0.288763,0.222785,0.065977
2024-10-04,15.195072,0.294505,0.222800,0.071704
2024-10-05,15.197810,0.297435,0.222816,0.074619
2024-10-06,15.200548,0.298480,0.222831,0.075649
2024-10-07,15.203285,0.305245,0.222847,0.082398
2024-10-08,15.206023,0.298213,0.222863,0.075350
2024-10-09,15.208761,0.293486,0.222880,0.070607
2024-10-10,15.211499,0.284148,0.222896,0.061252
2024-10-11,15.214237,0.291269,0.222913,0.068356
2024-10-12,15.216975,0.300354,0.222930,0.077424
2024-10-13,15.219713,0.298579,0.222948,0.075632
2024-10-14,15.222450,0.312508,0.222965,0.089543
2024-10-15,15.225188,0.320157,0.222983,0.097174
2024-10-16,15.227926,0.328635,0.223002,0.105633
2024-10-17,15.230664,0.326417,0.223020,0.103397
2024-10-18,15.233402,0.331704,0.223039,0.108665
2024-10-19,15.236140,0.332063,0.223058,0.109005
2024-10-20,15.238877,0.332913,0.223077,0.109836
2024-10-21,15.241615,0.330289,0.223097,0.107192
2024-10-22,15.244353,0.324558,0.223116,0.101441
2024-10-23,15.247091,0.319365,0.223136,0.096228
2024-10-24,15.249829,0.325055,0.223157,0.101898
2024-10-25,15.252567,0.325376,0.223177,0.102199
2024-10-26,15.255305,0.321030,0.223198,0.097832
2024-10-27,15.258042,0.323482,0.223219,0.100263
2024-10-28,15.260780,0.330933,0.223241,0.107693
2024-10-29,15.263518,0.348578,0.223262,0.125316
2024-10-30,15.266256,0.351871,0.223284,0.128587
2024-10-31,15.268994,0.346399,0.223306,0.123093
2024-11-01,15.271732,0.335593,0.223329,0.112264
2024-11-02,15.274470,0.334237,0.223351,0.110886
2024-11-03,15.277207,0.327212,0.223374,0.103838
2024-11-04,15.279945,0.326481,0.223397,0.103084
2024-11-05,15.282683,0.329888,0.223421,0.106467
2024-11-06,15.285421,0.360828,0.223445,0.137384
2024-11-07,15.288159,0.367537,0.223468,0.144069
2024-11-08,15.290897,0.371669,0.223493,0.148176
2024-11-09,15.293634,0.372493,0.223517,0.148976
2024-11-10,15.296372,0.387416,0.223542,0.163874
2024-11-11,15.299110,0.409082,0.223567,0.185515
2024-11-12,15.301848,0.432582,0.223592,0.208990
2024-11-13,15.304586,0.436981,0.223618,0.213363
2024-11-14,15.307324,0.439683,0.223643,0.216040
2024-11-15,15.310062,0.437226,0.223669,0.213557
2024-11-16,15.312799,0.444763,0.223696,0.221067
2024-11-17,15.315537,0.441625,0.223722,0.217903
2024-11-18,15.318275,0.444170,0.223749,0.220421
2024-11-19,15.321013,0.448993,0.223776,0.225217
2024-11-20,15.323751,0.455107,0.223803,0.231304
2024-11-21,15.326489,0.471572,0.223831,0.247741
2024-11-22,15.329227,0.478022,0.223858,0.254164
2024-11-23,15.331964,0.475404,0.223886,0.251518
2024-11-24,15.334702,0.471476,0.223915,0.247561
2024-11-25,15.337440,0.467114,0.223943,0.243170
2024-11-26,15.340178,0.451678,0.223972,0.227706
2024-11-27,15.342916,0.456696,0.224001,0.232695
2024-11-28,15.345654,0.461316,0.224030,0.237286
2024-11-29,15.348392,0.466307,0.224060,0.242246
2024-11-30,15.351129,0.464180,0.224090,0.240091
2024-12-01,15.353867,0.465635,0.224120,0.241515
2024-12-02,15.356605,0.462308,0.224150,0.238158
2024-12-03,15.359343,0.459314,0.224181,0.235133
2024-12-04,15.362081,0.463772,0.224212,0.239561
2024-12-05,15.364819,0.482867,0.224243,0.258624
2024-12-06,15.367556,0.474150,0.224274,0.249876
2024-12-07,15.370294,0.477339,0.224306,0.253034
2024-12-08,15.373032,0.477098,0.224337,0.252760
2024-12-09,15.375770,0.470237,0.224369,0.245868
2024-12-10,15.378508,0.463356,0.224402,0.238955
2024-12-11,15.381246,0.471391,0.224434,0.246957
2024-12-12,15.383984,0.479727,0.224467,0.255260
2024-12-13,15.386721,0.477525,0.224500,0.253025
2024-12-14,15.389459,0.481655,0.224533,0.257122
2024-12-15,15.392197,0.486198,0.224567,0.261630
2024-12-16,15.394935,0.497092,0.224601,0.272492
2024-12-17,15.397673,0.501446,0.224635,0.276811
2024-12-18,15.400411,0.489242,0.224669,0.264573
2024-12-19,15.403149,0.473598,0.224704,0.248895
2024-12-20,15.405886,0.459854,0.224739,0.235116
2024-12-21,15.408624,0.462812,0.224774,0.238038
2024-12-22,15.411362,0.455513,0.224809,0.230704
2024-12-23,15.414100,0.448411,0.224844,0.223566
2024-12-24,15.416838,0.455231,0.224880,0.230351
2024-12-25,15.419576,0.464215,0.224916,0.239299
2024-12-26,15.422313,0.456507,0.224953,0.231554
2024-12-27,15.425051,0.451124,0.224989,0.226135
2024-12-28,15.427789,0.446791,0.225026,0.221765
2024-12-29,15.430527,0.445225,0.225063,0.220162
2024-12-30,15.433265,0.439416,0.225100,0.214316
2024-12-31,15.436003,0.440541,0.225138,0.215403
2025-01-01,15.438741,0.440947,0.225175,0.215772
2025-01-02,15.441478,0.451377,0.225213,0.226164
2025-01-03,15.444216,0.455893,0.225252,0.230641
2025-01-04,15.446954,0.458479,0.225290,0.233189
2025-01-05,15.449692,0.458327,0.225329,0.232998
2025-01-06,15.452430,0.466988,0.225368,0.241621
2025-01-07,15.455168,0.463719,0.225407,0.238312
2025-01-08,15.457906,0.444725,0.225446,0.219279
2025-01-09,15.460643,0.435179,0.225486,0.209693
2025-01-10,15.463381,0.438812,0.225526,0.213286
2025-01-11,15.466119,0.439415,0.225566,0.213849
2025-01-12,15.468857,0.439740,0.225607,0.214133
2025-01-13,15.471595,0.431756,0.225647,0.206109
2025-01-14,15.474333,0.445207,0.225688,0.219519
2025-01-15,15.477070,0.454433,0.225729,0.228704
2025-01-16,15.479808,0.459105,0.225771,0.233334
2025-01-17,15.482546,0.474007,0.225812,0.248195
2025-01-18,15.485284,0.477608,0.225854,0.251754
2025-01-19,15.488022,0.480582,0.225896,0.254686
2025-01-20,15.490760,0.481427,0.225939,0.255488
2025-01-21,15.493498,0.476886,0.225981,0.250905
2025-01-22,15.496235,0.480772,0.226024,0.254748
2025-01-23,15.498973,0.474182,0.226067,0.248115
2025-01-24,15.501711,0.480670,0.226110,0.254559
2025-01-25,15.504449,0.478729,0.226154,0.252575
2025-01-26,15.507187,0.478835,0.226198,0.252637
2025-01-27,15.509925,0.459623,0.226242,0.233382
2025-01-28,15.512663,0.468401,0.226286,0.242115
2025-01-29,15.515400,0.468211,0.226330,0.241881
2025-01-30,15.518138,0.478685,0.226375,0.252310
2025-01-31,15.520876,0.473724,0.226420,0.247304
2025-02-01,15.523614,0.464914,0.226465,0.238449
2025-02-02,15.526352,0.454160,0.226511,0.227649
2025-02-03,15.529090,0.442472,0.226556,0.215915
2025-02-04,15.531828,0.453734,0.226602,0.227132
2025-02-05,15.534565,0.445742,0.226648,0.219094
2025-02-06,15.537303,0.444436,0.226695,0.217741
2025-02-07,15.540041,0.442818,0.226741,0.216077
2025-02-08,15.542779,0.438029,0.226788,0.211241
2025-02-09,15.545517,0.437770,0.226835,0.210934
2025-02-10,15.548255,0.441083,0.226882,0.214201
2025-02-11,15.550992,0.438748,0.226930,0.211818
2025-02-12,15.553730,0.435303,0.226978,0.208325
2025-02-13,15.556468,0.436195,0.227026,0.209169
2025-02-14,15.559206,0.438743,0.227074,0.211669
2025-02-15,15.561944,0.440493,0.227123,0.213371
2025-02-16,15.564682,0.438523,0.227171,0.211351
2025-02-17,15.567420,0.433329,0.227220,0.206109
2025-02-18,15.570157,0.428894,0.227269,0.201625
2025-02-19,15.572895,0.431725,0.227319,0.204407
2025-02-20,15.575633,0.437962,0.227368,0.210594
2025-02-21,15.578371,0.438904,0.227418,0.211486
2025-02-22,15.581109,0.433003,0.227468,0.205535
2025-02-23,15.583847,0.430804,0.227519,0.203285
2025-02-24,15.586585,0.424231,0.227569,0.196662
2025-02-25,15.589322,0.400017,0.227620,0.172397
2025-02-26,15.592060,0.386832,0.227671,0.159161
2025-02-27,15.594798,0.377822,0.227722,0.150100
2025-02-28,15.597536,0.359610,0.227774,0.131836
2025-03-01,15.600274,0.376531,0.227825,0.148706
2025-03-02,15.603012,0.392478,0.227877,0.164601
2025-03-03,15.605749,0.402806,0.227929,0.174876
2025-03-04,15.608487,0.373582,0.227982,0.145600
2025-03-05,15.611225,0.392904,0.228034,0.164869
2025-03-06,15.613963,0.401357,0.228087,0.173270
2025-03-07,15.616701,0.388571,0.228140,0.160431
2025-03-08,15.619439,0.379855,0.228194,0.151662
2025-03-09,15.622177,0.370408,0.228247,0.142160
2025-03-10,15.624914,0.351858,0.228301,0.123557
2025-03-11,15.627652,0.351437,0.228355,0.123082
2025-03-12,15.630390,0.359239,0.228409,0.130830
2025-03-13,15.633128,0.357637,0.228464,0.129173
2025-03-14,15.635866,0.362267,0.228518,0.133749
2025-03-15,15.638604,0.366694,0.228573,0.138120
2025-03-16,15.641342,0.363096,0.228628,0.134468
2025-03-17,15.644079,0.362457,0.228684,0.133774
2025-03-18,15.646817,0.356959,0.228739,0.128220
2025-03-19,15.649555,0.363976,0.228795,0.135181
2025-03-20,15.652293,0.370016,0.228851,0.141165
2025-03-21,15.655031,0.363946,0.228907,0.135039
2025-03-22,15.657769,0.363643,0.228964,0.134679
2025-03-23,15.660507,0.365505,0.229020,0.136485
2025-03-24,15.663244,0.378680,0.229077,0.149603
2025-03-25,15.665982,0.378430,0.229134,0.149296
2025-03-26,15.668720,0.377978,0.229192,0.148786
2025-03-27,15.671458,0.376823,0.229249,0.147574
2025-03-28,15.674196,0.366385,0.229307,0.137078
2025-03-29,15.676934,0.355521,0.229365,0.126157
2025-03-30,15.679671,0.353713,0.229423,0.124290
2025-03-31,15.682409,0.350680,0.229482,0.121199
2025-04-01,15.685147,0.358917,0.229540,0.129377
2025-04-02,15.687885,0.364740,0.229599,0.135141
2025-04-03,15.690623,0.350794,0.229658,0.121135
2025-04-04,15.693361,0.354036,0.229718,0.124318
2025-04-05,15.696099,0.352647,0.229777,0.122870
2025-04-06,15.698836,0.342883,0.229837,0.113046
2025-04-07,15.701574,0.322860,0.229897,0.092964
2025-04-08,15.704312,0.328250,0.229957,0.098293
2025-04-09,15.707050,0.326483,0.230018,0.096466
2025-04-10,15.709788,0.339578,0.230078,0.109500
2025-04-11,15.712526,0.344168,0.230139,0.114029
2025-04-12,15.715264,0.354722,0.230200,0.124522
2025-04-13,15.718001,0.356134,0.230261,0.125873
2025-04-14,15.720739,0.356756,0.230323,0.126433
2025-04-15,15.723477,0.359272,0.230385,0.128888
2025-04-16,15.726215,0.353207,0.230447,0.122761
2025-04-17,15.728953,0.355426,0.230509,0.124917
2025-04-18,15.731691,0.355130,0.230571,0.124559
2025-04-19,15.734428,0.357018,0.230634,0.126384
2025-04-20,15.737166,0.355362,0.230697,0.124666
2025-04-21,15.739904,0.366946,0.230760,0.136186
2025-04-22,15.742642,0.379052,0.230823,0.148229
2025-04-23,15.745380,0.397079,0.230886,0.166193
2025-04-24,15.748118,0.394038,0.230950,0.163088
2025-04-25,15.750856,0.399261,0.231014,0.168247
2025-04-26,15.753593,0.400277,0.231078,0.169199
2025-04-27,15.756331,0.398436,0.231142,0.167294
2025-04-28,15.759069,0.398830,0.231207,0.167623
2025-04-29,15.761807,0.400797,0.231272,0.169526
2025-04-30,15.764545,0.398863,0.231336,0.167527
2025-05-01,15.767283,0.404492,0.231402,0.173091
2025-05-02,15.770021,0.408774,0.231467,0.177307
2025-05-03,15.772758,0.406056,0.231533,0.174523
2025-05-04,15.775496,0.402819,0.231598,0.171220
2025-05-05,15.778234,0.396698,0.231664,0.165034
2025-05-06,15.780972,0.396912,0.231731,0.165181
2025-05-07,15.783710,0.406266,0.231797,0.174469
2025-05-08,15.786448,0.419760,0.231864,0.187897
2025-05-09,15.789185,0.432615,0.231931,0.200685
2025-05-10,15.791923,0.433734,0.231998,0.201737
2025-05-11,15.794661,0.436180,0.232065,0.204115
2025-05-12,15.797399,0.431593,0.232132,0.199461
2025-05-13,15.800137,0.431867,0.232200,0.199666
2025-05-14,15.802875,0.432565,0.232268,0.200297
2025-05-15,15.805613,0.429365,0.232336,0.197029
2025-05-16,15.808350,0.433139,0.232404,0.200735
2025-05-17,15.811088,0.430383,0.232473,0.197910
2025-05-18,15.813826,0.433639,0.232542,0.201098
2025-05-19,15.816564,0.433158,0.232611,0.200547
2025-05-20,15.819302,0.438681,0.232680,0.206001
2025-05-21,15.822040,0.446017,0.232749,0.213268
2025-05-22,15.824778,0.458116,0.232819,0.225297
2025-05-23,15.827515,0.454129,0.232889,0.221240
2025-05-24,15.830253,0.449231,0.232958,0.216272
2025-05-25,15.832991,0.445661,0.233029,0.212632
2025-05-26,15.835729,0.452338,0.233099,0.219239
2025-05-27,15.838467,0.451802,0.233170,0.218632
2025-05-28,15.841205,0.447045,0.233240,0.213804
2025-05-29,15.843943,0.442136,0.233311,0.208825
2025-05-30,15.846680,0.434301,0.233383,0.200918
2025-05-31,15.849418,0.428868,0.233454,0.195414
2025-06-01,15.852156,0.430594,0.233526,0.197069
2025-06-02,15.854894,0.430766,0.233598,0.197168
2025-06-03,15.857632,0.434460,0.233670,0.200790
2025-06-04,15.860370,0.432234,0.233742,0.198492
2025-06-05,15.863107,0.426169,0.233814,0.192355
2025-06-06,15.865845,0.424815,0.233887,0.190928
2025-06-07,15.868583,0.431094,0.233960,0.197134
2025-06-08,15.871321,0.432434,0.234033,0.198401
2025-06-09,15.874059,0.439700,0.234106,0.205594
2025-06-10,15.876797,0.445523,0.234179,0.211343
2025-06-11,15.879535,0.445338,0.234253,0.211085
2025-06-12,15.882272,0.436496,0.234327,0.202169
2025-06-13,15.885010,0.426286,0.234401,0.191885
2025-06-14,15.887748,0.427211,0.234475,0.192735
2025-06-15,15.890486,0.427747,0.234550,0.193197
2025-06-16,15.893224,0.434474,0.234624,0.199850
2025-06-17,15.895962,0.429308,0.234699,0.194609
2025-06-18,15.898700,0.424771,0.234774,0.189996
2025-06-19,15.901437,0.423852,0.234850,0.189003
2025-06-20,15.904175,0.423832,0.234925,0.188907
2025-06-21,15.906913,0.416367,0.235001,0.181366
2025-06-22,15.909651,0.407994,0.235076,0.172917
2025-06-23,15.912389,0.411068,0.235153,0.175915
2025-06-24,15.915127,0.425335,0.235229,0.190106
2025-06-25,15.917864,0.430726,0.235305,0.195421
2025-06-26,15.920602,0.432227,0.235382,0.196845
2025-06-27,15.923340,0.431217,0.235459,0.195759
2025-06-28,15.926078,0.431803,0.235536,0.196267
2025-06-29,15.928816,0.432928,0.235613,0.197315
2025-06-30,15.931554,0.432518,0.235690,0.196828
2025-07-01,15.934292,0.427002,0.235768,0.191234
2025-07-02,15.937029,0.431685,0.235846,0.195840
2025-07-03,15.939767,0.438002,0.235924,0.202078
2025-07-04,15.942505,0.434288,0.236002,0.198286
2025-07-05,15.945243,0.432654,0.236080,0.196573
2025-07-06,15.947981,0.433780,0.236159,0.197621
2025-07-07,15.950719,0.432900,0.236238,0.196662
2025-07-08,15.953457,0.432673,0.236317,0.196356
2025-07-09,15.956194,0.435393,0.236396,0.198997
2025-07-10,15.958932,0.445066,0.236475,0.208591
2025-07-11,15.961670,0.464226,0.236555,0.227672
2025-07-12,15.964408,0.464426,0.236635,0.227792
2025-07-13,15.967146,0.466243,0.236715,0.229529
2025-07-14,15.969884,0.475528,0.236795,0.238733
2025-07-15,15.972621,0.462969,0.236875,0.226094
2025-07-16,15.975359,0.466761,0.236956,0.229805
2025-07-17,15.978097,0.466814,0.237036,0.229778
2025-07-18,15.980835,0.467224,0.237117,0.230107
2025-07-19,15.983573,0.464099,0.237198,0.226901
2025-07-20,15.986311,0.463190,0.237280,0.225911
2025-07-21,15.989049,0.462909,0.237361,0.225548
2025-07-22,15.991786,0.464061,0.237443,0.226618
2025-07-23,15.994524,0.463766,0.237525,0.226241
2025-07-24,15.997262,0.464184,0.237607,0.226577
2025-07-25,16.000000,0.455427,0.237689,0.217738
2025-07-26,16.002738,0.460086,0.237771,0.222314
2025-07-27,16.005476,0.462264,0.237854,0.224410
2025-07-28,16.008214,0.462352,0.237937,0.224415
2025-07-29,16.010951,0.460633,0.238020,0.222613
2025-07-30,16.013689,0.458875,0.238103,0.220772
2025-07-31,16.016427,0.459028,0.238186,0.220842
2025-08-01,16.019165,0.447605,0.238270,0.209335
2025-08-02,16.021903,0.441609,0.238353,0.203255
2025-08-03,16.024641,0.442176,0.238437,0.203739
2025-08-04,16.027379,0.445275,0.238521,0.206753
2025-08-05,16.030116,0.442580,0.238606,0.203974
2025-08-06,16.032854,0.443440,0.238690,0.204750
2025-08-07,16.035592,0.448395,0.238775,0.209620
2025-08-08,16.038330,0.450784,0.238860,0.211925
2025-08-09,16.041068,0.450704,0.238945,0.211759
2025-08-10,16.043806,0.455552,0.239030,0.216522
2025-08-11,16.046543,0.463463,0.239115,0.224348
2025-08-12,16.049281,0.458700,0.239201,0.219499
2025-08-13,16.052019,0.463765,0.239287,0.224479
2025-08-14,16.054757,0.462392,0.239373,0.223019
2025-08-15,16.057495,0.454727,0.239459,0.215268
2025-08-16,16.060233,0.452393,0.239545,0.212848
2025-08-17,16.062971,0.453035,0.239632,0.213403
2025-08-18,16.065708,0.444926,0.239718,0.205207
2025-08-19,16.068446,0.439884,0.239805,0.200079
2025-08-20,16.071184,0.435636,0.239892,0.195744
2025-08-21,16.073922,0.433776,0.239980,0.193796
2025-08-22,16.076660,0.437402,0.240067,0.197335
2025-08-23,16.079398,0.440759,0.240155,0.200605
2025-08-24,16.082136,0.436478,0.240242,0.196236
2025-08-25,16.084873,0.427353,0.240330,0.187023
2025-08-26,16.087611,0.419305,0.240418,0.178886
2025-08-27,16.090349,0.423554,0.240507,0.183048
2025-08-28,16.093087,0.427077,0.240595,0.186482
2025-08-29,16.095825,0.416287,0.240684,0.175603
2025-08-30,16.098563,0.411596,0.240773,0.170824
2025-08-31,16.101300,0.412686,0.240862,0.171824
2025-09-01,16.104038,0.411569,0.240951,0.170618
2025-09-02,16.106776,0.418022,0.241040,0.176981
2025-09-03,16.109514,0.422130,0.241130,0.181000
2025-09-04,16.112252,0.418770,0.241220,0.177550
2025-09-05,16.114990,0.421483,0.241310,0.180174
2025-09-06,16.117728,0.417804,0.241400,0.176405
2025-09-07,16.120465,0.418646,0.241490,0.177156
2025-09-08,16.123203,0.421288,0.241581,0.179707
2025-09-09,16.125941,0.421276,0.241671,0.179604
2025-09-10,16.128679,0.423896,0.241762,0.182134
2025-09-11,16.131417,0.428815,0.241853,0.186962
2025-09-12,16.134155,0.433223,0.241944,0.191279
2025-09-13,16.136893,0.434077,0.242035,0.192041
2025-09-14,16.139630,0.433548,0.242127,0.191421
2025-09-15,16.142368,0.432143,0.242219,0.189925
2025-09-16,16.145106,0.433733,0.242311,0.191423
2025-09-17,16.147844,0.435415,0.242403,0.193012
2025-09-18,16.150582,0.437994,0.242495,0.195499
2025-09-19,16.153320,0.434719,0.242587,0.192131
2025-09-20,16.156057,0.432381,0.242680,0.189702
2025-09-21,16.158795,0.431354,0.242772,0.188581
2025-09-22,16.161533,0.421826,0.242865,0.178960
2025-09-23,16.164271,0.418859,0.242958,0.175901
2025-09-24,16.167009,0.419772,0.243052,0.176721
2025-09-25,16.169747,0.412994,0.243145,0.169849
2025-09-26,16.172485,0.405523,0.243239,0.162284
2025-09-27,16.175222,0.405714,0.243332,0.162381
2025-09-28,16.177960,0.407031,0.243426,0.163605
2025-09-29,16.180698,0.417678,0.243520,0.174158
2025-09-30,16.183436,0.420397,0.243615,0.176783
2025-10-01,16.186174,0.428859,0.243709,0.185150
2025-10-02,16.188912,0.440104,0.243804,0.196301
2025-10-03,16.191650,0.445822,0.243898,0.201923
2025-10-04,16.194387,0.449575,0.243993,0.205581
2025-10-05,16.197125,0.453875,0.244089,0.209786
2025-10-06,16.199863,0.456616,0.244184,0.212432
2025-10-07,16.202601,0.452512,0.244279,0.208233
2025-10-08,16.205339,0.449475,0.244375,0.205100
2025-10-09,16.208077,0.446750,0.244471,0.202279
2025-10-10,16.210815,0.438168,0.244567,0.193601
2025-10-11,16.213552,0.409258,0.244663,0.164596
2025-10-12,16.216290,0.411322,0.244759,0.166563
2025-10-13,16.219028,0.420735,0.244855,0.175880
2025-10-14,16.221766,0.411286,0.244952,0.166334
2025-10-15,16.224504,0.408323,0.245049,0.163274
2025-10-16,16.227242,0.401180,0.245146,0.156035
2025-10-17,16.229979,0.387662,0.245243,0.142419
2025-10-18,16.232717,0.387471,0.245340,0.142130
2025-10-19,16.235455,0.391016,0.245438,0.145578
2025-10-20,16.238193,0.401352,0.245535,0.155816
2025-10-21,16.240931,0.397596,0.245633,0.151963
2025-10-22,16.243669,0.390868,0.245731,0.145137
2025-10-23,16.246407,0.395682,0.245829,0.149853
2025-10-24,16.249144,0.400470,0.245927,0.154543
2025-10-25,16.251882,0.402533,0.246026,0.156507
2025-10-26,16.254620,0.406845,0.246124,0.160721
2025-10-27,16.257358,0.415294,0.246223,0.169070
2025-10-28,16.260096,0.412025,0.246322,0.165703
2025-10-29,16.262834,0.404768,0.246421,0.158347
2025-10-30,16.265572,0.391868,0.246520,0.145348
2025-10-31,16.268309,0.393586,0.246620,0.146966
2025-11-01,16.271047,0.395037,0.246719,0.148318
2025-11-02,16.273785,0.395684,0.246819,0.148865
2025-11-03,16.276523,0.384675,0.246919,0.137756
2025-11-04,16.279261,0.368902,0.247019,0.121883
2025-11-05,16.281999,0.363301,0.247119,0.116182
2025-11-06,16.284736,0.363761,0.247220,0.116541
2025-11-07,16.287474,0.358750,0.247320,0.111430
2025-11-08,16.290212,0.360333,0.247421,0.112912
2025-11-09,16.292950,0.362184,0.247522,0.114662
2025-11-10,16.295688,0.374189,0.247623,0.126566
2025-11-11,16.298426,0.369452,0.247724,0.121728
2025-11-12,16.301164,0.362921,0.247825,0.115095
2025-11-13,16.303901,0.356096,0.247927,0.108169
2025-11-14,16.306639,0.336586,0.248028,0.088557
2025-11-15,16.309377,0.331734,0.248130,0.083604
2025-11-16,16.312115,0.328975,0.248232,0.080743
2025-11-17,16.314853,0.325128,0.248334,0.076794
2025-11-18,16.317591,0.314504,0.248436,0.066068
2025-11-19,16.320329,0.311144,0.248539,0.062606
2025-11-20,16.323066,0.305737,0.248641,0.057096
2025-11-21,16.325804,0.277447,0.248744,0.028703
2025-11-22,16.328542,0.275675,0.248847,0.026828
2025-11-23,16.331280,0.284769,0.248950,0.035819
2025-11-24,16.334018,0.287431,0.249053,0.038378
2025-11-25,16.336756,0.288716,0.249157,0.039559
2025-11-26,16.339493,0.291478,0.249260,0.042218
2025-11-27,16.342231,0.305784,0.249364,0.056420
2025-11-28,16.344969,0.307019,0.249468,0.057552
2025-11-29,16.347707,0.304643,0.249572,0.055071
2025-11-30,16.350445,0.305700,0.249676,0.056025
2025-12-01,16.353183,0.281670,0.249780,0.031890
2025-12-02,16.355921,0.292688,0.249884,0.042803
2025-12-03,16.358658,0.310349,0.249989,0.060360
2025-12-04,16.361396,0.310705,0.250094,0.060611
2025-12-05,16.364134,0.302060,0.250199,0.051861
2025-12-06,16.366872,0.294658,0.250304,0.044355
2025-12-07,16.369610,0.295367,0.250409,0.044958
2025-12-08,16.372348,0.299216,0.250514,0.048702
2025-12-09,16.375086,0.299890,0.250620,0.049271
2025-12-10,16.377823,0.304590,0.250725,0.053864
2025-12-11,16.380561,0.295855,0.250831,0.045024
2025-12-12,16.383299,0.299816,0.250937,0.048879
2025-12-13,16.386037,0.293503,0.251043,0.042460
2025-12-14,16.388775,0.289397,0.251149,0.038248
2025-12-15,16.391513,0.282620,0.251256,0.031364
2025-12-16,16.394251,0.275308,0.251362,0.023946
2025-12-17,16.396988,0.275192,0.251469,0.023723
2025-12-18,16.399726,0.273658,0.251576,0.022082
2025-12-19,16.402464,0.277116,0.251683,0.025433
2025-12-20,16.405202,0.280202,0.251790,0.028412
2025-12-21,16.407940,0.280103,0.251897,0.028206
2025-12-22,16.410678,0.283924,0.252005,0.031919
2025-12-23,16.413415,0.276985,0.252112,0.024873
2025-12-24,16.416153,0.273659,0.252220,0.021440
2025-12-25,16.418891,0.275592,0.252328,0.023264
2025-12-26,16.421629,0.276903,0.252436,0.024468
2025-12-27,16.424367,0.273436,0.252544,0.020892
2025-12-28,16.427105,0.274249,0.252652,0.021597
2025-12-29,16.429843,0.276412,0.252761,0.023651
2025-12-30,16.432580,0.274301,0.252869,0.021432
2025-12-31,16.435318,0.275822,0.252978,0.022844
2026-01-01,16.438056,0.273698,0.253087,0.020611
2026-01-02,16.440794,0.280327,0.253196,0.027131
2026-01-03,16.443532,0.283295,0.253305,0.029990
2026-01-04,16.446270,0.288922,0.253414,0.035508
2026-01-05,16.449008,0.297557,0.253524,0.044033
2026-01-06,16.451745,0.297963,0.253633,0.044330
2026-01-07,16.454483,0.291154,0.253743,0.037411
2026-01-08,16.457221,0.284644,0.253853,0.030791
2026-01-09,16.459959,0.284476,0.253963,0.030513
2026-01-10,16.462697,0.283369,0.254073,0.029296
2026-01-11,16.465435,0.283225,0.254183,0.029042
2026-01-12,16.468172,0.286170,0.254294,0.031876
2026-01-13,16.470910,0.291637,0.254404,0.037233
2026-01-14,16.473648,0.306635,0.254515,0.052120
2026-01-15,16.476386,0.308177,0.254626,0.053551
2026-01-16,16.479124,0.303774,0.254737,0.049037
2026-01-17,16.481862,0.302898,0.254848,0.048050
2026-01-18,16.484600,0.301816,0.254959,0.046857
2026-01-19,16.487337,0.290595,0.255071,0.035524
2026-01-20,16.490075,0.280564,0.255182,0.025381
2026-01-21,16.492813,0.272902,0.255294,0.017608
2026-01-22,16.495551,0.274481,0.255406,0.019075
2026-01-23,16.498289,0.273416,0.255518,0.017898
2026-01-24,16.501027,0.272165,0.255630,0.016536
2026-01-25,16.503765,0.265496,0.255742,0.009754
2026-01-26,16.506502,0.263161,0.255854,0.007307
2026-01-27,16.509240,0.265613,0.255967,0.009646
2026-01-28,16.511978,0.270085,0.256080,0.014005
2026-01-29,16.514716,0.256975,0.256192,0.000783
2026-01-30,16.517454,0.237566,0.256305,-0.018740
2026-01-31,16.520192,0.230317,0.256418,-0.026101
2026-02-01,16.522930,0.209168,0.256532,-0.047364
2026-02-02,16.525667,0.207016,0.256645,-0.049629
2026-02-03,16.528405,0.205795,0.256758,-0.050964
2026-02-04,16.531143,0.191820,0.256872,-0.065052
2026-02-05,16.533881,0.154555,0.256986,-0.102430
2026-02-06,16.536619,0.142503,0.257100,-0.114597
2026-02-07,16.539357,0.156447,0.257214,-0.100767
2026-02-08,16.542094,0.161859,0.257328,-0.095469
2026-02-09,16.544832,0.161254,0.257442,-0.096188
2026-02-10,16.547570,0.150398,0.257556,-0.107158
2026-02-11,16.550308,0.141921,0.257671,-0.115750
2026-02-12,16.553046,0.134112,0.257786,-0.123674
2026-02-13,16.555784,0.150997,0.257900,-0.106903
2026-02-14,16.558522,0.156848,0.258015,-0.101168
2026-02-15,16.561259,0.150214,0.258130,-0.107917
2026-02-16,16.563997,0.147736,0.258246,-0.110510
2026-02-17,16.566735,0.140487,0.258361,-0.117874
2026-02-18,16.569473,0.132880,0.258476,-0.125597
2026-02-19,16.572211,0.135901,0.258592,-0.122691
2026-02-20,16.574949,0.142786,0.258708,-0.115922
2026-02-21,16.577687,0.141838,0.258824,-0.116985
2026-02-22,16.580424,0.139567,0.258939,-0.119372
2026-02-23,16.583162,0.119941,0.259056,-0.139115
2026-02-24,16.585900,0.115491,0.259172,-0.143680
2026-02-25,16.588638,0.143492,0.259288,-0.115796
2026-02-26,16.591376,0.137492,0.259405,-0.121912
2026-02-27,16.594114,0.124425,0.259521,-0.135096
2026-02-28,16.596851,0.134347,0.259638,-0.125291
2026-03-01,16.599589,0.121129,0.259755,-0.138626
2026-03-02,16.602327,0.147622,0.259872,-0.112250
2026-03-03,16.605065,0.140169,0.259989,-0.119820
2026-03-04,16.607803,0.167254,0.260106,-0.092852
2026-03-05,16.610541,0.157917,0.260224,-0.102306
2026-03-06,16.613279,0.140009,0.260341,-0.120333
2026-03-07,16.616016,0.132188,0.260459,-0.128271
2026-03-08,16.618754,0.125278,0.260577,-0.135298
2026-03-09,16.621492,0.140383,0.260694,-0.120311
2026-03-10,16.624230,0.146680,0.260812,-0.114133
2026-03-11,16.626968,0.150605,0.260931,-0.110326
2026-03-12,16.629706,0.148812,0.261049,-0.112237
2026-03-13,16.632444,0.152299,0.261167,-0.108868
2026-03-14,16.635181,0.151501,0.261286,-0.109785
2026-03-15,16.637919,0.163601,0.261404,-0.097803
2026-03-16,16.640657,0.174625,0.261523,-0.086898
2026-03-17,16.643395,0.171902,0.261642,-0.089740
2026-03-18,16.646133,0.152563,0.261761,-0.109198
2026-03-19,16.648871,0.146117,0.261880,-0.115763
2026-03-20,16.651608,0.149656,0.261999,-0.112343
2026-03-21,16.654346,0.146280,0.262119,-0.115838
2026-03-22,16.657084,0.133408,0.262238,-0.128830
2026-03-23,16.659822,0.148393,0.262358,-0.113965
2026-03-24,16.662560,0.145401,0.262477,-0.117076
2026-03-25,16.665298,0.151262,0.262597,-0.111335
2026-03-26,16.668036,0.135299,0.262717,-0.127419
2026-03-27,16.670773,0.116604,0.262837,-0.146233
