date,years,excess,fit,residual
2010-07-26,1.002053,0.276323,0.649542,-0.373219
2010-07-27,1.004791,0.315149,0.636795,-0.321646
2010-07-28,1.007529,0.303992,0.624097,-0.320105
2010-07-29,1.010267,0.325445,0.611453,-0.286008
2010-07-30,1.013005,0.345279,0.598867,-0.253589
2010-07-31,1.015743,0.317580,0.586346,-0.268766
2010-08-01,1.018480,0.301491,0.573892,-0.272401
2010-08-02,1.021218,0.301592,0.561512,-0.259920
2010-08-03,1.023956,0.294410,0.549209,-0.254799
2010-08-04,1.026694,0.284264,0.536988,-0.252724
2010-08-05,1.029432,0.273498,0.524852,-0.251354
2010-08-06,1.032170,0.281307,0.512807,-0.231500
2010-08-07,1.034908,0.265214,0.500855,-0.235642
2010-08-08,1.037645,0.256204,0.489002,-0.232798
2010-08-09,1.040383,0.283963,0.477250,-0.193287
2010-08-10,1.043121,0.306183,0.465604,-0.159420
2010-08-11,1.045859,0.298874,0.454066,-0.155192
2010-08-12,1.048597,0.281971,0.442641,-0.160671
2010-08-13,1.051335,0.264601,0.431332,-0.166731
2010-08-14,1.054073,0.265159,0.420141,-0.154982
2010-08-15,1.056810,0.254009,0.409073,-0.155064
2010-08-16,1.059548,0.245009,0.398130,-0.153121
2010-08-17,1.062286,0.249150,0.387315,-0.138165
2010-08-18,1.065024,0.260214,0.376631,-0.116417
2010-08-19,1.067762,0.242071,0.366080,-0.124009
2010-08-20,1.070500,0.226819,0.355666,-0.128847
2010-08-21,1.073238,0.218457,0.345391,-0.126933
2010-08-22,1.075975,0.199242,0.335256,-0.136014
2010-08-23,1.078713,0.203339,0.325266,-0.121927
2010-08-24,1.081451,0.202656,0.315421,-0.112765
2010-08-25,1.084189,0.194553,0.305724,-0.111171
2010-08-26,1.086927,0.184551,0.296177,-0.111626
2010-08-27,1.089665,0.177080,0.286781,-0.109702
2010-08-28,1.092402,0.173726,0.277540,-0.103814
2010-08-29,1.095140,0.165991,0.268454,-0.102463
2010-08-30,1.097878,0.151148,0.259525,-0.108377
2010-08-31,1.100616,0.145303,0.250755,-0.105452
2010-09-01,1.103354,0.125300,0.242145,-0.116845
2010-09-02,1.106092,0.120912,0.233696,-0.112785
2010-09-03,1.108830,0.120190,0.225411,-0.105221
2010-09-04,1.111567,0.112637,0.217290,-0.104653
2010-09-05,1.114305,0.111057,0.209334,-0.098277
2010-09-06,1.117043,0.104057,0.201544,-0.097487
2010-09-07,1.119781,0.095476,0.193922,-0.098445
2010-09-08,1.122519,0.088694,0.186468,-0.097773
2010-09-09,1.125257,0.085451,0.179183,-0.093732
2010-09-10,1.127995,0.075368,0.172068,-0.096699
2010-09-11,1.130732,0.083336,0.165123,-0.081787
2010-09-12,1.133470,0.071163,0.158350,-0.087186
2010-09-13,1.136208,0.066174,0.151748,-0.085574
2010-09-14,1.138946,0.078084,0.145318,-0.067234
2010-09-15,1.141684,0.050936,0.139060,-0.088125
2010-09-16,1.144422,0.050516,0.132976,-0.082460
2010-09-17,1.147159,0.035881,0.127064,-0.091184
2010-09-18,1.149897,0.029138,0.121326,-0.092188
2010-09-19,1.152635,0.035001,0.115761,-0.080760
2010-09-20,1.155373,0.033832,0.110369,-0.076537
2010-09-21,1.158111,0.030962,0.105150,-0.074189
2010-09-22,1.160849,0.020723,0.100105,-0.079382
2010-09-23,1.163587,0.016453,0.095233,-0.078780
2010-09-24,1.166324,0.010825,0.090534,-0.079708
2010-09-25,1.169062,0.004280,0.086007,-0.081727
2010-09-26,1.171800,-0.000503,0.081653,-0.082156
2010-09-27,1.174538,-0.005572,0.077470,-0.083042
2010-09-28,1.177276,-0.011810,0.073459,-0.085269
2010-09-29,1.180014,-0.017717,0.069619,-0.087336
2010-09-30,1.182752,-0.023555,0.065949,-0.089504
2010-10-01,1.185489,-0.027254,0.062450,-0.089703
2010-10-02,1.188227,-0.035865,0.059119,-0.094984
2010-10-03,1.190965,-0.042328,0.055957,-0.098285
2010-10-04,1.193703,-0.048135,0.052963,-0.101098
2010-10-05,1.196441,-0.050704,0.050136,-0.100840
2010-10-06,1.199179,-0.047071,0.047475,-0.094546
2010-10-07,1.201916,-0.044306,0.044979,-0.089285
2010-10-08,1.204654,0.029280,0.042648,-0.013368
2010-10-09,1.207392,0.068829,0.040480,0.028349
2010-10-10,1.210130,0.119719,0.038475,0.081244
2010-10-11,1.212868,0.108789,0.036631,0.072158
2010-10-12,1.215606,0.087080,0.034948,0.052133
2010-10-13,1.218344,0.101025,0.033423,0.067601
2010-10-14,1.221081,0.114591,0.032057,0.082534
2010-10-15,1.223819,0.116723,0.030848,0.085875
2010-10-16,1.226557,0.111843,0.029794,0.082049
2010-10-17,1.229295,0.110909,0.028895,0.082014
2010-10-18,1.232033,0.102225,0.028149,0.074076
2010-10-19,1.234771,0.090195,0.027555,0.062640
2010-10-20,1.237509,0.074806,0.027111,0.047695
2010-10-21,1.240246,0.085489,0.026816,0.058672
2010-10-22,1.242984,0.095722,0.026669,0.069053
2010-10-23,1.245722,0.104897,0.026669,0.078228
2010-10-24,1.248460,0.154877,0.026813,0.128064
2010-10-25,1.251198,0.173780,0.027100,0.146680
2010-10-26,1.253936,0.247708,0.027530,0.220178
2010-10-27,1.256674,0.293468,0.028099,0.265368
2010-10-28,1.259411,0.312396,0.028808,0.283588
2010-10-29,1.262149,0.306655,0.029653,0.277002
2010-10-30,1.264887,0.315893,0.030634,0.285259
2010-10-31,1.267625,0.320483,0.031749,0.288733
2010-11-01,1.270363,0.307537,0.032997,0.274541
2010-11-02,1.273101,0.307113,0.034375,0.272738
2010-11-03,1.275838,0.277616,0.035882,0.241735
2010-11-04,1.278576,0.332622,0.037516,0.295106
2010-11-05,1.281314,0.379538,0.039277,0.340262
2010-11-06,1.284052,0.439842,0.041161,0.398682
2010-11-07,1.286790,0.555587,0.043167,0.512420
2010-11-08,1.289528,0.497220,0.045294,0.451926
2010-11-09,1.292266,0.402200,0.047539,0.354661
2010-11-10,1.295003,0.284627,0.049901,0.234725
2010-11-11,1.297741,0.334002,0.052379,0.281623
2010-11-12,1.300479,0.365918,0.054970,0.310948
2010-11-13,1.303217,0.415250,0.057673,0.357578
2010-11-14,1.305955,0.411217,0.060485,0.350732
2010-11-15,1.308693,0.404500,0.063405,0.341094
2010-11-16,1.311431,0.359611,0.066432,0.293179
2010-11-17,1.314168,0.349679,0.069563,0.280116
2010-11-18,1.316906,0.349374,0.072796,0.276578
2010-11-19,1.319644,0.376365,0.076130,0.300235
2010-11-20,1.322382,0.380921,0.079563,0.301357
2010-11-21,1.325120,0.375977,0.083093,0.292884
2010-11-22,1.327858,0.373618,0.086718,0.286899
2010-11-23,1.330595,0.373841,0.090437,0.283404
2010-11-24,1.333333,0.367718,0.094247,0.273471
2010-11-25,1.336071,0.362816,0.098146,0.264670
2010-11-26,1.338809,0.359594,0.102134,0.257461
2010-11-27,1.341547,0.357280,0.106207,0.251073
2010-11-28,1.344285,0.345915,0.110364,0.235551
2010-11-29,1.347023,0.306370,0.114604,0.191767
2010-11-30,1.349760,0.225547,0.118923,0.106624
2010-12-01,1.352498,0.226730,0.123322,0.103409
2010-12-02,1.355236,0.256240,0.127797,0.128443
2010-12-03,1.357974,0.272020,0.132346,0.139674
2010-12-04,1.360712,0.255160,0.136969,0.118191
2010-12-05,1.363450,0.195560,0.141663,0.053897
2010-12-06,1.366188,0.163574,0.146426,0.017148
2010-12-07,1.368925,0.180773,0.151257,0.029516
2010-12-08,1.371663,0.219355,0.156153,0.063203
2010-12-09,1.374401,0.164245,0.161113,0.003132
2010-12-10,1.377139,0.134283,0.166135,-0.031852
2010-12-11,1.379877,0.185367,0.171217,0.014150
2010-12-12,1.382615,0.174740,0.176358,-0.001618
2010-12-13,1.385352,0.177177,0.181555,-0.004379
2010-12-14,1.388090,0.188360,0.186807,0.001553
2010-12-15,1.390828,0.208408,0.192113,0.016295
2010-12-16,1.393566,0.199981,0.197469,0.002512
2010-12-17,1.396304,0.206921,0.202875,0.004046
2010-12-18,1.399042,0.204430,0.208329,-0.003899
2010-12-19,1.401780,0.196776,0.213828,-0.017052
2010-12-20,1.404517,0.210482,0.219372,-0.008891
2010-12-21,1.407255,0.210955,0.224959,-0.014004
2010-12-22,1.409993,0.189749,0.230586,-0.040837
2010-12-23,1.412731,0.185485,0.236253,-0.050768
2010-12-24,1.415469,0.182341,0.241957,-0.059616
2010-12-25,1.418207,0.178022,0.247697,-0.069674
2010-12-26,1.420945,0.184582,0.253470,-0.068889
2010-12-27,1.423682,0.184179,0.259277,-0.075098
2010-12-28,1.426420,0.200276,0.265114,-0.064837
2010-12-29,1.429158,0.226763,0.270980,-0.044217
2010-12-30,1.431896,0.230596,0.276874,-0.046277
2010-12-31,1.434634,0.228942,0.282793,-0.053851
2011-01-01,1.437372,0.224371,0.288737,-0.064366
2011-01-02,1.440110,0.220205,0.294704,-0.074499
2011-01-03,1.442847,0.211084,0.300692,-0.089608
2011-01-04,1.445585,0.208918,0.306699,-0.097781
2011-01-05,1.448323,0.205788,0.312724,-0.106936
2011-01-06,1.451061,0.203709,0.318766,-0.115058
2011-01-07,1.453799,0.222555,0.324823,-0.102268
2011-01-08,1.456537,0.221149,0.330894,-0.109745
2011-01-09,1.459274,0.227386,0.336976,-0.109590
2011-01-10,1.462012,0.227114,0.343069,-0.115955
2011-01-11,1.464750,0.223070,0.349171,-0.126101
2011-01-12,1.467488,0.227719,0.355280,-0.127561
2011-01-13,1.470226,0.266863,0.361396,-0.094533
2011-01-14,1.472964,0.270671,0.367516,-0.096846
2011-01-15,1.475702,0.286475,0.373640,-0.087165
2011-01-16,1.478439,0.284355,0.379766,-0.095411
2011-01-17,1.481177,0.263809,0.385892,-0.122083
2011-01-18,1.483915,0.205002,0.392018,-0.187016
2011-01-19,1.486653,0.170014,0.398141,-0.228127
2011-01-20,1.489391,0.206324,0.404261,-0.197937
2011-01-21,1.492129,0.262089,0.410376,-0.148287
2011-01-22,1.494867,0.288327,0.416485,-0.128158
2011-01-23,1.497604,0.301106,0.422587,-0.121480
2011-01-24,1.500342,0.269479,0.428680,-0.159200
2011-01-25,1.503080,0.271840,0.434763,-0.162922
2011-01-26,1.505818,0.261115,0.440835,-0.179720
2011-01-27,1.508556,0.262203,0.446894,-0.184691
2011-01-28,1.511294,0.275505,0.452941,-0.177435
2011-01-29,1.514031,0.280757,0.458972,-0.178215
2011-01-30,1.516769,0.297974,0.464987,-0.167013
2011-01-31,1.519507,0.329071,0.470986,-0.141915
2011-02-01,1.522245,0.454422,0.476966,-0.022544
2011-02-02,1.524983,0.481502,0.482927,-0.001425
2011-02-03,1.527721,0.469653,0.488867,-0.019215
2011-02-04,1.530459,0.499996,0.494786,0.005209
2011-02-05,1.533196,0.550902,0.500682,0.050220
2011-02-06,1.535934,0.556209,0.506555,0.049654
2011-02-07,1.538672,0.541215,0.512403,0.028812
2011-02-08,1.541410,0.547695,0.518225,0.029470
2011-02-09,1.544148,0.560874,0.524020,0.036854
2011-02-10,1.546886,0.602760,0.529788,0.072972
2011-02-11,1.549624,0.576391,0.535527,0.040864
2011-02-12,1.552361,0.597540,0.541236,0.056304
2011-02-13,1.555099,0.595774,0.546914,0.048859
2011-02-14,1.557837,0.597775,0.552561,0.045214
2011-02-15,1.560575,0.590230,0.558176,0.032054
2011-02-16,1.563313,0.582016,0.563757,0.018260
2011-02-17,1.566051,0.580664,0.569303,0.011360
2011-02-18,1.568789,0.556802,0.574815,-0.018013
2011-02-19,1.571526,0.522777,0.580290,-0.057513
2011-02-20,1.574264,0.488214,0.585729,-0.097515
2011-02-21,1.577002,0.475345,0.591130,-0.115785
2011-02-22,1.579740,0.477775,0.596492,-0.118718
2011-02-23,1.582478,0.495228,0.601816,-0.106587
2011-02-24,1.585216,0.510005,0.607099,-0.097093
2011-02-25,1.587953,0.515817,0.612341,-0.096524
2011-02-26,1.590691,0.500649,0.617542,-0.116893
2011-02-27,1.593429,0.495054,0.622700,-0.127646
2011-02-28,1.596167,0.470240,0.627816,-0.157576
2011-03-01,1.598905,0.478988,0.632887,-0.153900
2011-03-02,1.601643,0.476717,0.637915,-0.161197
2011-03-03,1.604381,0.475965,0.642897,-0.166932
2011-03-04,1.607118,0.464788,0.647833,-0.183045
2011-03-05,1.609856,0.456984,0.652724,-0.195739
2011-03-06,1.612594,0.424113,0.657567,-0.233454
2011-03-07,1.615332,0.433854,0.662362,-0.228508
2011-03-08,1.618070,0.429040,0.667110,-0.238070
2011-03-09,1.620808,0.418912,0.671808,-0.252896
2011-03-10,1.623546,0.418583,0.676458,-0.257875
2011-03-11,1.626283,0.428939,0.681057,-0.252118
2011-03-12,1.629021,0.427214,0.685606,-0.258392
2011-03-13,1.631759,0.424800,0.690104,-0.265304
2011-03-14,1.634497,0.415359,0.694551,-0.279192
2011-03-15,1.637235,0.408176,0.698945,-0.290770
2011-03-16,1.639973,0.393488,0.703288,-0.309800
2011-03-17,1.642710,0.378957,0.707577,-0.328620
2011-03-18,1.645448,0.359159,0.711813,-0.352654
2011-03-19,1.648186,0.329250,0.715995,-0.386744
2011-03-20,1.650924,0.330637,0.720123,-0.389485
2011-03-21,1.653662,0.316824,0.724196,-0.407372
2011-03-22,1.656400,0.327713,0.728214,-0.400501
2011-03-23,1.659138,0.352927,0.732177,-0.379250
2011-03-24,1.661875,0.360653,0.736084,-0.375431
2011-03-25,1.664613,0.368325,0.739935,-0.371610
2011-03-26,1.667351,0.360244,0.743730,-0.383486
2011-03-27,1.670089,0.345258,0.747467,-0.402209
2011-03-28,1.672827,0.321408,0.751147,-0.429740
2011-03-29,1.675565,0.307643,0.754770,-0.447127
2011-03-30,1.678303,0.302941,0.758336,-0.455394
2011-03-31,1.681040,0.300603,0.761843,-0.461239
2011-04-01,1.683778,0.292948,0.765291,-0.472343
2011-04-02,1.686516,0.292396,0.768682,-0.476285
2011-04-03,1.689254,0.285904,0.772013,-0.486109
2011-04-04,1.691992,0.230493,0.775285,-0.544793
2011-04-05,1.694730,0.203564,0.778498,-0.574934
2011-04-06,1.697467,0.236939,0.781652,-0.544713
2011-04-07,1.700205,0.255485,0.784746,-0.529261
2011-04-08,1.702943,0.258442,0.787780,-0.529337
2011-04-09,1.705681,0.245024,0.790753,-0.545729
2011-04-10,1.708419,0.237641,0.793667,-0.556026
2011-04-11,1.711157,0.244786,0.796520,-0.551735
2011-04-12,1.713895,0.284655,0.799313,-0.514658
2011-04-13,1.716632,0.320006,0.802045,-0.482039
2011-04-14,1.719370,0.323821,0.804716,-0.480895
2011-04-15,1.722108,0.355283,0.807327,-0.452043
2011-04-16,1.724846,0.359072,0.809876,-0.450804
2011-04-17,1.727584,0.363177,0.812364,-0.449188
2011-04-18,1.730322,0.398515,0.814791,-0.416276
2011-04-19,1.733060,0.405497,0.817157,-0.411661
2011-04-20,1.735797,0.398431,0.819462,-0.421031
2011-04-21,1.738535,0.395296,0.821705,-0.426409
2011-04-22,1.741273,0.429828,0.823887,-0.394058
2011-04-23,1.744011,0.488116,0.826007,-0.337891
2011-04-24,1.746749,0.543531,0.828066,-0.284535
2011-04-25,1.749487,0.516613,0.830063,-0.313450
2011-04-26,1.752225,0.524638,0.831999,-0.307362
2011-04-27,1.754962,0.575776,0.833874,-0.258098
2011-04-28,1.757700,0.604998,0.835687,-0.230689
2011-04-29,1.760438,0.695978,0.837439,-0.141460
2011-04-30,1.763176,0.794127,0.839129,-0.045002
2011-05-01,1.765914,0.815904,0.840758,-0.024854
2011-05-02,1.768652,0.793871,0.842326,-0.048455
2011-05-03,1.771389,0.803420,0.843832,-0.040413
2011-05-04,1.774127,0.814432,0.845277,-0.030845
2011-05-05,1.776865,0.812794,0.846662,-0.033868
2011-05-06,1.779603,0.817505,0.847985,-0.030480
2011-05-07,1.782341,0.824693,0.849247,-0.024554
2011-05-08,1.785079,0.844290,0.850449,-0.006159
2011-05-09,1.787817,0.847191,0.851590,-0.004399
2011-05-10,1.790554,0.931240,0.852670,0.078570
2011-05-11,1.793292,1.007114,0.853690,0.153424
2011-05-12,1.796030,1.006944,0.854649,0.152295
2011-05-13,1.798768,1.125205,0.855549,0.269656
2011-05-14,1.801506,1.165183,0.856388,0.308795
2011-05-15,1.804244,1.070661,0.857168,0.213494
2011-05-16,1.806982,1.128177,0.857887,0.270290
2011-05-17,1.809719,1.120841,0.858548,0.262294
2011-05-18,1.812457,1.089885,0.859148,0.230737
2011-05-19,1.815195,1.075605,0.859690,0.215915
2011-05-20,1.817933,1.050341,0.860173,0.190168
2011-05-21,1.820671,0.994977,0.860597,0.134380
2011-05-22,1.823409,1.025860,0.860962,0.164898
2011-05-23,1.826146,1.068374,0.861269,0.207105
2011-05-24,1.828884,1.065913,0.861517,0.204396
2011-05-25,1.831622,1.082018,0.861708,0.220310
2011-05-26,1.834360,1.139000,0.861841,0.277159
2011-05-27,1.837098,1.144660,0.861917,0.282743
2011-05-28,1.839836,1.129532,0.861935,0.267598
2011-05-29,1.842574,1.117087,0.861896,0.255191
2011-05-30,1.845311,1.129353,0.861800,0.267553
2011-05-31,1.848049,1.141086,0.861648,0.279438
2011-06-01,1.850787,1.144882,0.861440,0.283442
2011-06-02,1.853525,1.187510,0.861176,0.326334
2011-06-03,1.856263,1.286167,0.860856,0.425311
2011-06-04,1.859001,1.389739,0.860480,0.529259
2011-06-05,1.861739,1.417831,0.860049,0.557781
2011-06-06,1.864476,1.434261,0.859564,0.574697
2011-06-07,1.867214,1.448973,0.859024,0.589949
2011-06-08,1.869952,1.602165,0.858429,0.743736
2011-06-09,1.872690,1.633441,0.857781,0.775660
2011-06-10,1.875428,1.583629,0.857079,0.726550
2011-06-11,1.878166,1.455091,0.856323,0.598768
2011-06-12,1.880903,1.374129,0.855515,0.518614
2011-06-13,1.883641,1.469430,0.854654,0.614777
2011-06-14,1.886379,1.430060,0.853740,0.576320
2011-06-15,1.889117,1.439261,0.852774,0.586487
2011-06-16,1.891855,1.425236,0.851756,0.573480
2011-06-17,1.894593,1.334391,0.850687,0.483704
2011-06-18,1.897331,1.334351,0.849567,0.484784
2011-06-19,1.900068,1.378253,0.848396,0.529857
2011-06-20,1.902806,1.273712,0.847175,0.426537
2011-06-21,1.905544,1.303361,0.845903,0.457458
2011-06-22,1.908282,1.330704,0.844582,0.486121
2011-06-23,1.911020,1.360788,0.843212,0.517576
2011-06-24,1.913758,1.357849,0.841792,0.516057
2011-06-25,1.916496,1.354668,0.840324,0.514344
2011-06-26,1.919233,1.351739,0.838807,0.512931
2011-06-27,1.921971,1.335984,0.837243,0.498741
2011-06-28,1.924709,1.319595,0.835631,0.483965
2011-06-29,1.927447,1.303068,0.833972,0.469096
2011-06-30,1.930185,1.286120,0.832266,0.453855
2011-07-01,1.932923,1.268725,0.830513,0.438212
2011-07-02,1.935661,1.250852,0.828715,0.422137
2011-07-03,1.938398,1.235557,0.826871,0.408686
2011-07-04,1.941136,1.203770,0.824981,0.378789
2011-07-05,1.943874,1.187990,0.823047,0.364943
2011-07-06,1.946612,1.245621,0.821068,0.424553
2011-07-07,1.949350,1.226345,0.819045,0.407300
2011-07-08,1.952088,1.228878,0.816978,0.411900
2011-07-09,1.954825,1.228774,0.814868,0.413906
2011-07-10,1.957563,1.241157,0.812715,0.428442
2011-07-11,1.960301,1.207975,0.810520,0.397455
2011-07-12,1.963039,1.202019,0.808282,0.393737
2011-07-13,1.965777,1.198761,0.806003,0.392758
2011-07-14,1.968515,1.198936,0.803682,0.395254
2011-07-15,1.971253,1.204760,0.801320,0.403440
2011-07-16,1.973990,1.176176,0.798918,0.377257
2011-07-17,1.976728,1.171659,0.796476,0.375183
2011-07-18,1.979466,1.170260,0.793994,0.376266
2011-07-19,1.982204,1.171551,0.791473,0.380078
2011-07-20,1.984942,1.169985,0.788913,0.381072
2011-07-21,1.987680,1.171542,0.786314,0.385228
2011-07-22,1.990418,1.166804,0.783678,0.383126
2011-07-23,1.993155,1.159788,0.781003,0.378785
2011-07-24,1.995893,1.160992,0.778292,0.382700
2011-07-25,1.998631,1.167398,0.775544,0.391854
2011-07-26,2.001369,1.163993,0.772759,0.391234
2011-07-27,2.004107,1.157298,0.769939,0.387359
2011-07-28,2.006845,1.145672,0.767083,0.378590
2011-07-29,2.009582,1.138659,0.764192,0.374468
2011-07-30,2.012320,1.138698,0.761266,0.377433
2011-07-31,2.015058,1.128732,0.758306,0.370427
2011-08-01,2.017796,1.118679,0.755312,0.363367
2011-08-02,2.020534,1.096513,0.752284,0.344229
2011-08-03,2.023272,1.019197,0.749224,0.269973
2011-08-04,2.026010,1.018710,0.746131,0.272579
2011-08-05,2.028747,1.013159,0.743006,0.270153
2011-08-06,2.031485,0.931394,0.739849,0.191545
2011-08-07,2.034223,0.886160,0.736661,0.149499
2011-08-08,2.036961,0.879089,0.733442,0.145647
2011-08-09,2.039699,0.956264,0.730193,0.226071
2011-08-10,2.042437,0.973620,0.726913,0.246706
2011-08-11,2.045175,0.958292,0.723604,0.234688
2011-08-12,2.047912,0.936458,0.720266,0.216192
2011-08-13,2.050650,0.947715,0.716899,0.230816
2011-08-14,2.053388,0.975810,0.713504,0.262306
2011-08-15,2.056126,1.002006,0.710081,0.291925
2011-08-16,2.058864,0.995356,0.706630,0.288726
2011-08-17,2.061602,0.988091,0.703152,0.284938
2011-08-18,2.064339,0.984921,0.699648,0.285272
2011-08-19,2.067077,0.996996,0.696118,0.300879
2011-08-20,2.069815,1.000186,0.692561,0.307624
2011-08-21,2.072553,0.992871,0.688980,0.303892
2011-08-22,2.075291,0.980324,0.685373,0.294950
2011-08-23,2.078029,0.973859,0.681742,0.292117
2011-08-24,2.080767,0.967081,0.678087,0.288994
2011-08-25,2.083504,0.937259,0.674408,0.262851
2011-08-26,2.086242,0.924505,0.670706,0.253799
2011-08-27,2.088980,0.857737,0.666981,0.190756
2011-08-28,2.091718,0.862512,0.663233,0.199279
2011-08-29,2.094456,0.865036,0.659464,0.205572
2011-08-30,2.097194,0.856870,0.655673,0.201197
2011-08-31,2.099932,0.835508,0.651861,0.183647
2011-09-01,2.102669,0.820581,0.648028,0.172553
2011-09-02,2.105407,0.828766,0.644175,0.184591
2011-09-03,2.108145,0.830930,0.640302,0.190629
2011-09-04,2.110883,0.812597,0.636409,0.176188
2011-09-05,2.113621,0.778662,0.632497,0.146165
2011-09-06,2.116359,0.723815,0.628566,0.095249
2011-09-07,2.119097,0.737207,0.624617,0.112590
2011-09-08,2.121834,0.721892,0.620651,0.101241
2011-09-09,2.124572,0.608261,0.616666,-0.008405
2011-09-10,2.127310,0.587557,0.612665,-0.025109
2011-09-11,2.130048,0.638023,0.608647,0.029376
2011-09-12,2.132786,0.664562,0.604613,0.059949
2011-09-13,2.135524,0.649182,0.600563,0.048619
2011-09-14,2.138261,0.619032,0.596497,0.022535
2011-09-15,2.140999,0.579974,0.592416,-0.012442
2011-09-16,2.143737,0.550200,0.588321,-0.038121
2011-09-17,2.146475,0.550083,0.584211,-0.034129
2011-09-18,2.149213,0.551435,0.580088,-0.028652
2011-09-19,2.151951,0.559986,0.575950,-0.015964
2011-09-20,2.154689,0.607663,0.571800,0.035863
2011-09-21,2.157426,0.603727,0.567637,0.036090
2011-09-22,2.160164,0.594319,0.563462,0.030858
2011-09-23,2.162902,0.593707,0.559274,0.034432
2011-09-24,2.165640,0.589809,0.555076,0.034734
2011-09-25,2.168378,0.595575,0.550866,0.044709
2011-09-26,2.171116,0.573674,0.546645,0.027029
2011-09-27,2.173854,0.521184,0.542413,-0.021229
2011-09-28,2.176591,0.515044,0.538172,-0.023128
2011-09-29,2.179329,0.505918,0.533921,-0.028003
2011-09-30,2.182067,0.524413,0.529660,-0.005247
2011-10-01,2.184805,0.518351,0.525391,-0.007040
2011-10-02,2.187543,0.515118,0.521113,-0.005995
2011-10-03,2.190281,0.504952,0.516827,-0.011875
2011-10-04,2.193018,0.506724,0.512533,-0.005809
2011-10-05,2.195756,0.512353,0.508232,0.004121
2011-10-06,2.198494,0.490209,0.503923,-0.013715
2011-10-07,2.201232,0.461608,0.499608,-0.038000
2011-10-08,2.203970,0.428228,0.495286,-0.067058
2011-10-09,2.206708,0.402835,0.490959,-0.088124
2011-10-10,2.209446,0.416385,0.486625,-0.070240
2011-10-11,2.212183,0.418902,0.482287,-0.063385
2011-10-12,2.214921,0.389001,0.477943,-0.088942
2011-10-13,2.217659,0.392940,0.473595,-0.080654
2011-10-14,2.220397,0.390700,0.469242,-0.078542
2011-10-15,2.223135,0.375990,0.464886,-0.088896
2011-10-16,2.225873,0.350226,0.460526,-0.110300
2011-10-17,2.228611,0.319274,0.456162,-0.136888
2011-10-18,2.231348,0.189541,0.451796,-0.262255
2011-10-19,2.234086,0.148188,0.447427,-0.299239
2011-10-20,2.236824,0.127186,0.443056,-0.315870
2011-10-21,2.239562,0.149933,0.438683,-0.288750
2011-10-22,2.242300,0.241211,0.434309,-0.193097
2011-10-23,2.245038,0.249740,0.429933,-0.180193
2011-10-24,2.247775,0.222894,0.425556,-0.202662
2011-10-25,2.250513,0.191169,0.421179,-0.230009
2011-10-26,2.253251,0.189838,0.416801,-0.226963
2011-10-27,2.255989,0.208012,0.412424,-0.204412
2011-10-28,2.258727,0.273136,0.408046,-0.134910
2011-10-29,2.261465,0.316541,0.403670,-0.087129
2011-10-30,2.264203,0.280955,0.399294,-0.118340
2011-10-31,2.266940,0.246934,0.394920,-0.147986
2011-11-01,2.269678,0.242817,0.390547,-0.147730
2011-11-02,2.272416,0.242684,0.386177,-0.143492
2011-11-03,2.275154,0.240708,0.381808,-0.141100
2011-11-04,2.277892,0.239716,0.377442,-0.137726
2011-11-05,2.280630,0.210383,0.373079,-0.162696
2011-11-06,2.283368,0.192626,0.368719,-0.176093
2011-11-07,2.286105,0.195200,0.364362,-0.169162
2011-11-08,2.288843,0.210918,0.360009,-0.149091
2011-11-09,2.291581,0.203645,0.355660,-0.152016
2011-11-10,2.294319,0.200527,0.351316,-0.150789
2011-11-11,2.297057,0.201394,0.346976,-0.145582
2011-11-12,2.299795,0.207601,0.342640,-0.135040
2011-11-13,2.302533,0.200749,0.338310,-0.137561
2011-11-14,2.305270,0.123827,0.333986,-0.210158
2011-11-15,2.308008,0.110585,0.329667,-0.219081
2011-11-16,2.310746,0.105817,0.325354,-0.219537
2011-11-17,2.313484,0.100461,0.321047,-0.220586
2011-11-18,2.316222,0.060773,0.316747,-0.255974
2011-11-19,2.318960,0.050837,0.312453,-0.261616
2011-11-20,2.321697,0.037736,0.308167,-0.270431
2011-11-21,2.324435,0.057365,0.303888,-0.246522
2011-11-22,2.327173,0.054083,0.299616,-0.245533
2011-11-23,2.329911,0.030347,0.295353,-0.265006
2011-11-24,2.332649,0.078910,0.291097,-0.212187
2011-11-25,2.335387,0.282123,0.286850,-0.004727
2011-11-26,2.338125,0.071220,0.282611,-0.211391
2011-11-27,2.340862,0.057838,0.278381,-0.220543
2011-11-28,2.343600,0.081459,0.274161,-0.192702
2011-11-29,2.346338,0.119808,0.269949,-0.150141
2011-11-30,2.349076,0.126197,0.265747,-0.139551
2011-12-01,2.351814,0.165552,0.261555,-0.096003
2011-12-02,2.354552,0.147709,0.257373,-0.109664
2011-12-03,2.357290,0.122758,0.253202,-0.130444
2011-12-04,2.360027,0.090744,0.249041,-0.158296
2011-12-05,2.362765,0.104263,0.244890,-0.140627
2011-12-06,2.365503,0.118719,0.240751,-0.122032
2011-12-07,2.368241,0.131675,0.236623,-0.104948
2011-12-08,2.370979,0.129213,0.232506,-0.103293
2011-12-09,2.373717,0.110869,0.228401,-0.117533
2011-12-10,2.376454,0.121159,0.224308,-0.103149
2011-12-11,2.379192,0.135804,0.220227,-0.084423
2011-12-12,2.381930,0.154437,0.216158,-0.061721
2011-12-13,2.384668,0.140108,0.212102,-0.071995
2011-12-14,2.387406,0.140203,0.208059,-0.067856
2011-12-15,2.390144,0.140318,0.204028,-0.063710
2011-12-16,2.392882,0.133896,0.200011,-0.066115
2011-12-17,2.395619,0.137681,0.196007,-0.058326
2011-12-18,2.398357,0.139052,0.192017,-0.052964
2011-12-19,2.401095,0.168958,0.188040,-0.019082
2011-12-20,2.403833,0.237696,0.184077,0.053618
2011-12-21,2.406571,0.222648,0.180129,0.042519
2011-12-22,2.409309,0.205539,0.176195,0.029344
2011-12-23,2.412047,0.205975,0.172275,0.033700
2011-12-24,2.414784,0.222638,0.168370,0.054268
2011-12-25,2.417522,0.218172,0.164480,0.053691
2011-12-26,2.420260,0.219647,0.160605,0.059042
2011-12-27,2.422998,0.208361,0.156746,0.051615
2011-12-28,2.425736,0.218086,0.152902,0.065185
2011-12-29,2.428474,0.215592,0.149073,0.066519
2011-12-30,2.431211,0.221136,0.145260,0.075876
2011-12-31,2.433949,0.230404,0.141464,0.088940
2012-01-01,2.436687,0.266522,0.137683,0.128839
2012-01-02,2.439425,0.286195,0.133919,0.152276
2012-01-03,2.442163,0.283231,0.130171,0.153060
2012-01-04,2.444901,0.286139,0.126440,0.159699
2012-01-05,2.447639,0.352848,0.122726,0.230122
2012-01-06,2.450376,0.386352,0.119029,0.267323
2012-01-07,2.453114,0.391873,0.115349,0.276524
2012-01-08,2.455852,0.404441,0.111686,0.292755
2012-01-09,2.458590,0.382324,0.108040,0.274283
2012-01-10,2.461328,0.367428,0.104413,0.263015
2012-01-11,2.464066,0.390514,0.100803,0.289712
2012-01-12,2.466804,0.387753,0.097210,0.290543
2012-01-13,2.469541,0.375094,0.093636,0.281458
2012-01-14,2.472279,0.358448,0.090080,0.268368
2012-01-15,2.475017,0.387350,0.086543,0.300807
2012-01-16,2.477755,0.370432,0.083024,0.287408
2012-01-17,2.480493,0.351719,0.079523,0.272196
2012-01-18,2.483231,0.318388,0.076041,0.242347
2012-01-19,2.485969,0.325358,0.072578,0.252779
2012-01-20,2.488706,0.351466,0.069134,0.282331
2012-01-21,2.491444,0.333325,0.065710,0.267616
2012-01-22,2.494182,0.329640,0.062304,0.267336
2012-01-23,2.496920,0.325056,0.058918,0.266138
2012-01-24,2.499658,0.326089,0.055551,0.270538
2012-01-25,2.502396,0.315184,0.052204,0.262980
2012-01-26,2.505133,0.284242,0.048877,0.235365
2012-01-27,2.507871,0.242250,0.045569,0.196680
2012-01-28,2.510609,0.225139,0.042282,0.182857
2012-01-29,2.513347,0.253069,0.039014,0.214055
2012-01-30,2.516085,0.247640,0.035767,0.211873
2012-01-31,2.518823,0.253242,0.032540,0.220702
2012-02-01,2.521561,0.259282,0.029334,0.229948
2012-02-02,2.524298,0.284191,0.026148,0.258043
2012-02-03,2.527036,0.282934,0.022982,0.259952
2012-02-04,2.529774,0.273213,0.019838,0.253375
2012-02-05,2.532512,0.250820,0.016714,0.234106
2012-02-06,2.535250,0.233611,0.013611,0.220000
2012-02-07,2.537988,0.236944,0.010529,0.226415
2012-02-08,2.540726,0.231892,0.007468,0.224424
2012-02-09,2.543463,0.240190,0.004429,0.235761
2012-02-10,2.546201,0.249174,0.001410,0.247763
2012-02-11,2.548939,0.234606,-0.001587,0.236192
2012-02-12,2.551677,0.227428,-0.004562,0.231991
2012-02-13,2.554415,0.217012,-0.007516,0.224528
2012-02-14,2.557153,0.163660,-0.010449,0.174109
2012-02-15,2.559890,0.150998,-0.013359,0.164357
2012-02-16,2.562628,0.119674,-0.016248,0.135922
2012-02-17,2.565366,0.129478,-0.019115,0.148593
2012-02-18,2.568104,0.103743,-0.021960,0.125703
2012-02-19,2.570842,0.093093,-0.024783,0.117876
2012-02-20,2.573580,0.103651,-0.027584,0.131235
2012-02-21,2.576318,0.098486,-0.030363,0.128849
2012-02-22,2.579055,0.102763,-0.033120,0.135883
2012-02-23,2.581793,0.131288,-0.035854,0.167142
2012-02-24,2.584531,0.148599,-0.038566,0.187165
2012-02-25,2.587269,0.141089,-0.041255,0.182344
2012-02-26,2.590007,0.133092,-0.043922,0.177015
2012-02-27,2.592745,0.138917,-0.046567,0.185485
2012-02-28,2.595483,0.131563,-0.049189,0.180752
2012-02-29,2.598220,0.126075,-0.051788,0.177864
2012-03-01,2.600958,0.127637,-0.054365,0.182002
2012-03-02,2.603696,0.107599,-0.056919,0.164518
2012-03-03,2.606434,0.102855,-0.059450,0.162305
2012-03-04,2.609172,0.103514,-0.061958,0.165472
2012-03-05,2.611910,0.114850,-0.064443,0.179293
2012-03-06,2.614648,0.118177,-0.066906,0.185082
2012-03-07,2.617385,0.116941,-0.069345,0.186286
2012-03-08,2.620123,0.109132,-0.071761,0.180894
2012-03-09,2.622861,0.108793,-0.074154,0.182947
2012-03-10,2.625599,0.099895,-0.076525,0.176419
2012-03-11,2.628337,0.099446,-0.078871,0.178317
2012-03-12,2.631075,0.099751,-0.081195,0.180947
2012-03-13,2.633812,0.111018,-0.083496,0.194514
2012-03-14,2.636550,0.131223,-0.085773,0.216996
2012-03-15,2.639288,0.126613,-0.088027,0.214640
2012-03-16,2.642026,0.123180,-0.090257,0.213438
2012-03-17,2.644764,0.124340,-0.092465,0.216805
2012-03-18,2.647502,0.117329,-0.094649,0.211978
2012-03-19,2.650240,0.095869,-0.096809,0.192678
2012-03-20,2.652977,0.074043,-0.098946,0.172989
2012-03-21,2.655715,0.074467,-0.101060,0.175527
2012-03-22,2.658453,0.067875,-0.103150,0.171025
2012-03-23,2.661191,0.057332,-0.105216,0.162548
2012-03-24,2.663929,0.052271,-0.107259,0.159531
2012-03-25,2.666667,0.042944,-0.109279,0.152222
2012-03-26,2.669405,0.040264,-0.111275,0.151538
2012-03-27,2.672142,0.046662,-0.113247,0.159909
2012-03-28,2.674880,0.052448,-0.115196,0.167643
2012-03-29,2.677618,0.049426,-0.117121,0.166547
2012-03-30,2.680356,0.048272,-0.119023,0.167295
2012-03-31,2.683094,0.053145,-0.120900,0.174045
2012-04-01,2.685832,0.044983,-0.122755,0.167737
2012-04-02,2.688569,0.049631,-0.124585,0.174217
2012-04-03,2.691307,0.050429,-0.126392,0.176821
2012-04-04,2.694045,0.047363,-0.128176,0.175538
2012-04-05,2.696783,0.045049,-0.129936,0.174985
2012-04-06,2.699521,0.043288,-0.131672,0.174960
2012-04-07,2.702259,0.031126,-0.133384,0.164510
2012-04-08,2.704997,0.021947,-0.135073,0.157019
2012-04-09,2.707734,0.022071,-0.136738,0.158809
2012-04-10,2.710472,0.024027,-0.138379,0.162407
2012-04-11,2.713210,0.022245,-0.139997,0.162242
2012-04-12,2.715948,0.024574,-0.141591,0.166166
2012-04-13,2.718686,0.022621,-0.143162,0.165783
2012-04-14,2.721424,0.025894,-0.144709,0.170603
2012-04-15,2.724162,0.022171,-0.146232,0.168403
2012-04-16,2.726899,0.021414,-0.147732,0.169145
2012-04-17,2.729637,0.020787,-0.149208,0.169995
2012-04-18,2.732375,0.030295,-0.150661,0.180956
2012-04-19,2.735113,0.031754,-0.152090,0.183844
2012-04-20,2.737851,0.034341,-0.153495,0.187836
2012-04-21,2.740589,0.038364,-0.154877,0.193241
2012-04-22,2.743326,0.029778,-0.156235,0.186014
2012-04-23,2.746064,0.024422,-0.157570,0.181992
2012-04-24,2.748802,0.015304,-0.158882,0.174185
2012-04-25,2.751540,0.014425,-0.160170,0.174594
2012-04-26,2.754278,0.010034,-0.161434,0.171468
2012-04-27,2.757016,0.017153,-0.162675,0.179828
2012-04-28,2.759754,-0.002489,-0.163893,0.161404
2012-04-29,2.762491,-0.009841,-0.165087,0.155246
2012-04-30,2.765229,-0.009219,-0.166258,0.157039
2012-05-01,2.767967,-0.010950,-0.167406,0.156455
2012-05-02,2.770705,-0.000002,-0.168530,0.168528
2012-05-03,2.773443,-0.004821,-0.169631,0.164810
2012-05-04,2.776181,-0.002449,-0.170709,0.168260
2012-05-05,2.778919,-0.007452,-0.171764,0.164312
2012-05-06,2.781656,-0.013466,-0.172795,0.159330
2012-05-07,2.784394,-0.017022,-0.173804,0.156782
2012-05-08,2.787132,-0.019366,-0.174789,0.155423
2012-05-09,2.789870,-0.016390,-0.175751,0.159362
2012-05-10,2.792608,-0.026566,-0.176691,0.150125
2012-05-11,2.795346,-0.029442,-0.177607,0.148165
2012-05-12,2.798084,-0.037457,-0.178500,0.141043
2012-05-13,2.800821,-0.039170,-0.179371,0.140201
2012-05-14,2.803559,-0.041907,-0.180218,0.138311
2012-05-15,2.806297,-0.042074,-0.181043,0.138969
2012-05-16,2.809035,-0.040884,-0.181844,0.140960
2012-05-17,2.811773,-0.041703,-0.182624,0.140920
2012-05-18,2.814511,-0.040642,-0.183380,0.142738
2012-05-19,2.817248,-0.040452,-0.184114,0.143661
2012-05-20,2.819986,-0.038558,-0.184825,0.146267
2012-05-21,2.822724,-0.045612,-0.185513,0.139902
2012-05-22,2.825462,-0.048475,-0.186179,0.137704
2012-05-23,2.828200,-0.047144,-0.186823,0.139679
2012-05-24,2.830938,-0.050261,-0.187444,0.137182
2012-05-25,2.833676,-0.052074,-0.188043,0.135969
2012-05-26,2.836413,-0.054986,-0.188619,0.133632
2012-05-27,2.839151,-0.054953,-0.189173,0.134220
2012-05-28,2.841889,-0.058925,-0.189705,0.130779
2012-05-29,2.844627,-0.061503,-0.190214,0.128711
2012-05-30,2.847365,-0.062376,-0.190702,0.128325
2012-05-31,2.850103,-0.063279,-0.191167,0.127888
2012-06-01,2.852841,-0.058894,-0.191611,0.132717
2012-06-02,2.855578,-0.061659,-0.192032,0.130373
2012-06-03,2.858316,-0.064446,-0.192432,0.127985
2012-06-04,2.861054,-0.066469,-0.192809,0.126341
2012-06-05,2.863792,-0.058589,-0.193165,0.134576
2012-06-06,2.866530,-0.053789,-0.193499,0.139711
2012-06-07,2.869268,-0.051065,-0.193812,0.142747
2012-06-08,2.872005,-0.044256,-0.194102,0.149847
2012-06-09,2.874743,-0.045300,-0.194372,0.149071
2012-06-10,2.877481,-0.054199,-0.194619,0.140420
2012-06-11,2.880219,-0.055909,-0.194845,0.138937
2012-06-12,2.882957,-0.049040,-0.195050,0.146010
2012-06-13,2.885695,-0.035179,-0.195234,0.160055
2012-06-14,2.888433,-0.033712,-0.195396,0.161684
2012-06-15,2.891170,-0.030426,-0.195537,0.165111
2012-06-16,2.893908,-0.005069,-0.195657,0.190588
2012-06-17,2.896646,-0.006396,-0.195756,0.189360
2012-06-18,2.899384,-0.014864,-0.195834,0.180970
2012-06-19,2.902122,-0.006108,-0.195891,0.189783
2012-06-20,2.904860,0.002139,-0.195927,0.198066
2012-06-21,2.907598,0.006444,-0.195942,0.202387
2012-06-22,2.910335,-0.001941,-0.195937,0.193996
2012-06-23,2.913073,-0.009725,-0.195911,0.186185
2012-06-24,2.915811,-0.020278,-0.195864,0.175585
2012-06-25,2.918549,-0.024615,-0.195797,0.171181
2012-06-26,2.921287,-0.026451,-0.195709,0.169258
2012-06-27,2.924025,-0.018251,-0.195601,0.177350
2012-06-28,2.926762,-0.019566,-0.195472,0.175906
2012-06-29,2.929500,-0.009021,-0.195324,0.186303
2012-06-30,2.932238,-0.018227,-0.195155,0.176927
2012-07-01,2.934976,-0.020541,-0.194966,0.174424
2012-07-02,2.937714,-0.010989,-0.194757,0.183768
2012-07-03,2.940452,-0.025284,-0.194528,0.169244
2012-07-04,2.943190,-0.030044,-0.194279,0.164235
2012-07-05,2.945927,-0.026206,-0.194010,0.167804
2012-07-06,2.948665,-0.030415,-0.193722,0.163307
2012-07-07,2.951403,-0.026729,-0.193414,0.166685
2012-07-08,2.954141,-0.026235,-0.193086,0.166851
2012-07-09,2.956879,-0.022574,-0.192739,0.170165
2012-07-10,2.959617,-0.003082,-0.192372,0.189291
2012-07-11,2.962355,-0.003101,-0.191986,0.188885
2012-07-12,2.965092,-0.004725,-0.191581,0.186856
2012-07-13,2.967830,0.015621,-0.191157,0.206777
2012-07-14,2.970568,0.012946,-0.190713,0.203659
2012-07-15,2.973306,0.020469,-0.190251,0.210719
2012-07-16,2.976044,0.023327,-0.189769,0.213096
2012-07-17,2.978782,0.046537,-0.189269,0.235805
2012-07-18,2.981520,0.074253,-0.188749,0.263002
2012-07-19,2.984257,0.079522,-0.188211,0.267733
2012-07-20,2.986995,0.041818,-0.187655,0.229473
2012-07-21,2.989733,0.057818,-0.187079,0.244898
2012-07-22,2.992471,0.052604,-0.186486,0.239089
2012-07-23,2.995209,0.051695,-0.185874,0.237569
2012-07-24,2.997947,0.048586,-0.185243,0.233829
2012-07-25,3.000684,0.040469,-0.184595,0.225063
2012-07-26,3.003422,0.046094,-0.183928,0.230022
2012-07-27,3.006160,0.052429,-0.183243,0.235672
2012-07-28,3.008898,0.052509,-0.182540,0.235050
2012-07-29,3.011636,0.046496,-0.181819,0.228316
2012-07-30,3.014374,0.047945,-0.181081,0.229025
2012-07-31,3.017112,0.061715,-0.180324,0.242039
2012-08-01,3.019849,0.072877,-0.179550,0.252427
2012-08-02,3.022587,0.084491,-0.178759,0.263250
2012-08-03,3.025325,0.118765,-0.177950,0.296715
2012-08-04,3.028063,0.133657,-0.177123,0.310780
2012-08-05,3.030801,0.112200,-0.176280,0.288479
2012-08-06,3.033539,0.122809,-0.175419,0.298228
2012-08-07,3.036277,0.122856,-0.174541,0.297396
2012-08-08,3.039014,0.127831,-0.173645,0.301476
2012-08-09,3.041752,0.132645,-0.172733,0.305378
2012-08-10,3.044490,0.131677,-0.171804,0.303481
2012-08-11,3.047228,0.136105,-0.170858,0.306963
2012-08-12,3.049966,0.138989,-0.169896,0.308884
2012-08-13,3.052704,0.142981,-0.168917,0.311898
2012-08-14,3.055441,0.152298,-0.167921,0.320219
2012-08-15,3.058179,0.169772,-0.166909,0.336681
2012-08-16,3.060917,0.192345,-0.165880,0.358225
2012-08-17,3.063655,0.207574,-0.164835,0.372410
2012-08-18,3.066393,0.143063,-0.163775,0.306837
2012-08-19,3.069131,0.054382,-0.162697,0.217079
2012-08-20,3.071869,0.043792,-0.161604,0.205397
2012-08-21,3.074606,0.065299,-0.160495,0.225794
2012-08-22,3.077344,0.058732,-0.159371,0.218102
2012-08-23,3.080082,0.056293,-0.158230,0.214523
2012-08-24,3.082820,0.062937,-0.157074,0.220011
2012-08-25,3.085558,0.073510,-0.155902,0.229413
2012-08-26,3.088296,0.073359,-0.154715,0.228074
2012-08-27,3.091034,0.097553,-0.153512,0.251066
2012-08-28,3.093771,0.086737,-0.152294,0.239032
2012-08-29,3.096509,0.077469,-0.151061,0.228531
2012-08-30,3.099247,0.073488,-0.149813,0.223301
2012-08-31,3.101985,0.057914,-0.148550,0.206464
2012-09-01,3.104723,0.039746,-0.147272,0.187018
2012-09-02,3.107461,0.036853,-0.145979,0.182831
2012-09-03,3.110198,0.044840,-0.144671,0.189511
2012-09-04,3.112936,0.045930,-0.143349,0.189278
2012-09-05,3.115674,0.049347,-0.142012,0.191358
2012-09-06,3.118412,0.064454,-0.140660,0.205114
2012-09-07,3.121150,0.074688,-0.139294,0.213982
2012-09-08,3.123888,0.065461,-0.137914,0.203376
2012-09-09,3.126626,0.065995,-0.136520,0.202515
2012-09-10,3.129363,0.061188,-0.135111,0.196299
2012-09-11,3.132101,0.061244,-0.133689,0.194933
2012-09-12,3.134839,0.064862,-0.132253,0.197114
2012-09-13,3.137577,0.065893,-0.130802,0.196696
2012-09-14,3.140315,0.074211,-0.129338,0.203550
2012-09-15,3.143053,0.073985,-0.127861,0.201846
2012-09-16,3.145791,0.081986,-0.126370,0.208356
2012-09-17,3.148528,0.078178,-0.124865,0.203043
2012-09-18,3.151266,0.081137,-0.123347,0.204484
2012-09-19,3.154004,0.092276,-0.121816,0.214092
2012-09-20,3.156742,0.099527,-0.120271,0.219798
2012-09-21,3.159480,0.088614,-0.118714,0.207328
2012-09-22,3.162218,0.083799,-0.117143,0.200942
2012-09-23,3.164956,0.075994,-0.115560,0.191554
2012-09-24,3.167693,0.071765,-0.113963,0.185728
2012-09-25,3.170431,0.069691,-0.112354,0.182045
2012-09-26,3.173169,0.071240,-0.110733,0.181973
2012-09-27,3.175907,0.074367,-0.109098,0.183465
2012-09-28,3.178645,0.074365,-0.107452,0.181816
2012-09-29,3.181383,0.074953,-0.105792,0.180746
2012-09-30,3.184120,0.071298,-0.104121,0.175419
2012-10-01,3.186858,0.067164,-0.102438,0.169601
2012-10-02,3.189596,0.073578,-0.100742,0.174320
2012-10-03,3.192334,0.083206,-0.099034,0.182240
2012-10-04,3.195072,0.081912,-0.097315,0.179227
2012-10-05,3.197810,0.074548,-0.095584,0.170132
2012-10-06,3.200548,0.069870,-0.093840,0.163710
2012-10-07,3.203285,0.052383,-0.092086,0.144469
2012-10-08,3.206023,0.023693,-0.090320,0.114013
2012-10-09,3.208761,0.039870,-0.088542,0.128412
2012-10-10,3.211499,0.043543,-0.086753,0.130296
2012-10-11,3.214237,0.041051,-0.084953,0.126003
2012-10-12,3.216975,0.039299,-0.083141,0.122440
2012-10-13,3.219713,0.035459,-0.081319,0.116778
2012-10-14,3.222450,0.030781,-0.079485,0.110266
2012-10-15,3.225188,0.019612,-0.077641,0.097253
2012-10-16,3.227926,0.021038,-0.075786,0.096823
2012-10-17,3.230664,0.022111,-0.073920,0.096031
2012-10-18,3.233402,0.021002,-0.072043,0.093046
2012-10-19,3.236140,0.017330,-0.070156,0.087486
2012-10-20,3.238877,0.010506,-0.068259,0.078765
2012-10-21,3.241615,0.006690,-0.066351,0.073041
2012-10-22,3.244353,0.003128,-0.064433,0.067561
2012-10-23,3.247091,0.004337,-0.062505,0.066842
2012-10-24,3.249829,-0.001063,-0.060566,0.059503
2012-10-25,3.252567,-0.021123,-0.058618,0.037495
2012-10-26,3.255305,-0.050514,-0.056660,0.006146
2012-10-27,3.258042,-0.060074,-0.054692,-0.005382
2012-10-28,3.260780,-0.064373,-0.052714,-0.011658
2012-10-29,3.263518,-0.051524,-0.050727,-0.000797
2012-10-30,3.266256,-0.042793,-0.048730,0.005937
2012-10-31,3.268994,-0.038702,-0.046724,0.008022
2012-11-01,3.271732,-0.034947,-0.044708,0.009762
2012-11-02,3.274470,-0.047564,-0.042684,-0.004880
2012-11-03,3.277207,-0.057693,-0.040650,-0.017044
2012-11-04,3.279945,-0.064380,-0.038606,-0.025774
2012-11-05,3.282683,-0.060289,-0.036554,-0.023735
2012-11-06,3.285421,-0.060610,-0.034493,-0.026117
2012-11-07,3.288159,-0.056362,-0.032424,-0.023938
2012-11-08,3.290897,-0.059871,-0.030345,-0.029526
2012-11-09,3.293634,-0.060224,-0.028258,-0.031965
2012-11-10,3.296372,-0.062392,-0.026162,-0.036229
2012-11-11,3.299110,-0.064821,-0.024058,-0.040762
2012-11-12,3.301848,-0.060191,-0.021946,-0.038245
2012-11-13,3.304586,-0.063629,-0.019825,-0.043804
2012-11-14,3.307324,-0.065444,-0.017696,-0.047748
2012-11-15,3.310062,-0.064832,-0.015559,-0.049273
2012-11-16,3.312799,-0.052411,-0.013414,-0.038997
2012-11-17,3.315537,-0.045156,-0.011261,-0.033895
2012-11-18,3.318275,-0.045056,-0.009101,-0.035955
2012-11-19,3.321013,-0.047035,-0.006932,-0.040103
2012-11-20,3.323751,-0.048527,-0.004756,-0.043770
2012-11-21,3.326489,-0.050435,-0.002572,-0.047862
2012-11-22,3.329227,-0.043657,-0.000381,-0.043276
2012-11-23,3.331964,-0.036243,0.001817,-0.038061
2012-11-24,3.334702,-0.028794,0.004023,-0.032817
2012-11-25,3.337440,-0.033067,0.006236,-0.039303
2012-11-26,3.340178,-0.033437,0.008456,-0.041893
2012-11-27,3.342916,-0.045313,0.010684,-0.055997
2012-11-28,3.345654,-0.041338,0.012918,-0.054256
2012-11-29,3.348392,-0.041599,0.015159,-0.056758
2012-11-30,3.351129,-0.038986,0.017407,-0.056393
2012-12-01,3.353867,-0.038398,0.019661,-0.058059
2012-12-02,3.356605,-0.040197,0.021922,-0.062119
2012-12-03,3.359343,-0.041175,0.024190,-0.065365
2012-12-04,3.362081,-0.033990,0.026464,-0.060454
2012-12-05,3.364819,-0.018930,0.028744,-0.047674
2012-12-06,3.367556,-0.017397,0.031031,-0.048428
2012-12-07,3.370294,-0.018676,0.033324,-0.052000
2012-12-08,3.373032,-0.020413,0.035623,-0.056036
2012-12-09,3.375770,-0.030516,0.037928,-0.068444
2012-12-10,3.378508,-0.026686,0.040239,-0.066925
2012-12-11,3.381246,-0.025544,0.042555,-0.068099
2012-12-12,3.383984,-0.024568,0.044878,-0.069446
2012-12-13,3.386721,-0.024991,0.047206,-0.072197
2012-12-14,3.389459,-0.023851,0.049540,-0.073390
2012-12-15,3.392197,-0.028243,0.051879,-0.080122
2012-12-16,3.394935,-0.034730,0.054224,-0.088953
2012-12-17,3.397673,-0.041885,0.056574,-0.098459
2012-12-18,3.400411,-0.046054,0.058929,-0.104984
2012-12-19,3.403149,-0.045584,0.061290,-0.106874
2012-12-20,3.405886,-0.046205,0.063655,-0.109860
2012-12-21,3.408624,-0.043303,0.066026,-0.109329
2012-12-22,3.411362,-0.047727,0.068401,-0.116128
2012-12-23,3.414100,-0.053891,0.070781,-0.124672
2012-12-24,3.416838,-0.054463,0.073166,-0.127629
2012-12-25,3.419576,-0.057270,0.075556,-0.132826
2012-12-26,3.422313,-0.060133,0.077950,-0.138083
2012-12-27,3.425051,-0.059478,0.080349,-0.139827
2012-12-28,3.427789,-0.060442,0.082753,-0.143195
2012-12-29,3.430527,-0.058840,0.085160,-0.144001
2012-12-30,3.433265,-0.062739,0.087572,-0.150311
2012-12-31,3.436003,-0.063876,0.089988,-0.153864
2013-01-01,3.438741,-0.066083,0.092408,-0.158491
2013-01-02,3.441478,-0.070407,0.094833,-0.165240
2013-01-03,3.444216,-0.070136,0.097261,-0.167397
2013-01-04,3.446954,-0.074778,0.099693,-0.174471
2013-01-05,3.449692,-0.074097,0.102129,-0.176226
2013-01-06,3.452430,-0.077682,0.104568,-0.182251
2013-01-07,3.455168,-0.077251,0.107012,-0.184263
2013-01-08,3.457906,-0.076642,0.109458,-0.186100
2013-01-09,3.460643,-0.070419,0.111909,-0.182328
2013-01-10,3.463381,-0.068153,0.114362,-0.182515
2013-01-11,3.466119,-0.060152,0.116819,-0.176971
2013-01-12,3.468857,-0.060156,0.119279,-0.179436
2013-01-13,3.471595,-0.064304,0.121743,-0.186047
2013-01-14,3.474333,-0.066258,0.124209,-0.190467
2013-01-15,3.477070,-0.062063,0.126679,-0.188742
2013-01-16,3.479808,-0.057032,0.129151,-0.186183
2013-01-17,3.482546,-0.043985,0.131627,-0.175611
2013-01-18,3.485284,-0.027048,0.134105,-0.161153
2013-01-19,3.488022,-0.033040,0.136585,-0.169626
2013-01-20,3.490760,-0.031094,0.139069,-0.170163
2013-01-21,3.493498,-0.014161,0.141555,-0.155716
2013-01-22,3.496235,0.003518,0.144043,-0.140525
2013-01-23,3.498973,0.009276,0.146534,-0.137258
2013-01-24,3.501711,0.025846,0.149027,-0.123182
2013-01-25,3.504449,-0.001383,0.151523,-0.152906
2013-01-26,3.507187,-0.001277,0.154020,-0.155297
2013-01-27,3.509925,0.006308,0.156520,-0.150212
2013-01-28,3.512663,0.031587,0.159022,-0.127435
2013-01-29,3.515400,0.040984,0.161525,-0.120541
2013-01-30,3.518138,0.044358,0.164031,-0.119673
2013-01-31,3.520876,0.063622,0.166538,-0.102916
2013-02-01,3.523614,0.069979,0.169047,-0.099069
2013-02-02,3.526352,0.056102,0.171558,-0.115456
2013-02-03,3.529090,0.055586,0.174070,-0.118484
2013-02-04,3.531828,0.061146,0.176584,-0.115438
2013-02-05,3.534565,0.059415,0.179100,-0.119685
2013-02-06,3.537303,0.066355,0.181616,-0.115262
2013-02-07,3.540041,0.075429,0.184134,-0.108706
2013-02-08,3.542779,0.092522,0.186654,-0.094132
2013-02-09,3.545517,0.110650,0.189174,-0.078524
2013-02-10,3.548255,0.105510,0.191696,-0.086185
2013-02-11,3.550992,0.115855,0.194218,-0.078363
2013-02-12,3.553730,0.134503,0.196742,-0.062238
2013-02-13,3.556468,0.141625,0.199266,-0.057641
2013-02-14,3.559206,0.144177,0.201791,-0.057614
2013-02-15,3.561944,0.164065,0.204317,-0.040252
2013-02-16,3.564682,0.165422,0.206844,-0.041421
2013-02-17,3.567420,0.158557,0.209371,-0.050814
2013-02-18,3.570157,0.153554,0.211898,-0.058344
2013-02-19,3.572895,0.172904,0.214427,-0.041522
2013-02-20,3.575633,0.193321,0.216955,-0.023634
2013-02-21,3.578371,0.195613,0.219484,-0.023871
2013-02-22,3.581109,0.204009,0.222013,-0.018004
2013-02-23,3.583847,0.185156,0.224543,-0.039386
2013-02-24,3.586585,0.189277,0.227072,-0.037795
2013-02-25,3.589322,0.191247,0.229602,-0.038355
2013-02-26,3.592060,0.201521,0.232131,-0.030611
2013-02-27,3.594798,0.208150,0.234660,-0.026511
2013-02-28,3.597536,0.227564,0.237190,-0.009626
2013-03-01,3.600274,0.239558,0.239719,-0.000161
2013-03-02,3.603012,0.238713,0.242248,-0.003535
2013-03-03,3.605749,0.233965,0.244776,-0.010811
2013-03-04,3.608487,0.249441,0.247304,0.002137
2013-03-05,3.611225,0.294719,0.249832,0.044888
2013-03-06,3.613963,0.358400,0.252359,0.106041
2013-03-07,3.616701,0.323581,0.254885,0.068695
2013-03-08,3.619439,0.331403,0.257411,0.073992
2013-03-09,3.622177,0.346943,0.259936,0.087007
2013-03-10,3.624914,0.369095,0.262460,0.106635
2013-03-11,3.627652,0.373899,0.264984,0.108915
2013-03-12,3.630390,0.349645,0.267506,0.082139
2013-03-13,3.633128,0.360268,0.270028,0.090240
2013-03-14,3.635866,0.362428,0.272548,0.089880
2013-03-15,3.638604,0.357932,0.275068,0.082864
2013-03-16,3.641342,0.354473,0.277586,0.076887
2013-03-17,3.644079,0.354276,0.280103,0.074174
2013-03-18,3.646817,0.358576,0.282618,0.075958
2013-03-19,3.649555,0.412937,0.285133,0.127805
2013-03-20,3.652293,0.462639,0.287645,0.174994
2013-03-21,3.655031,0.511637,0.290157,0.221480
2013-03-22,3.657769,0.529025,0.292667,0.236358
2013-03-23,3.660507,0.488268,0.295175,0.193093
2013-03-24,3.663244,0.502295,0.297682,0.204614
2013-03-25,3.665982,0.534346,0.300187,0.234159
2013-03-26,3.668720,0.556633,0.302690,0.253944
2013-03-27,3.671458,0.596893,0.305191,0.291702
2013-03-28,3.674196,0.622270,0.307690,0.314579
2013-03-29,3.676934,0.615801,0.310188,0.305614
2013-03-30,3.679671,0.623219,0.312683,0.310536
2013-03-31,3.682409,0.628236,0.315176,0.313060
2013-04-01,3.685147,0.648604,0.317668,0.330936
2013-04-02,3.687885,0.686676,0.320157,0.366519
2013-04-03,3.690623,0.764435,0.322643,0.441792
2013-04-04,3.693361,0.773228,0.325128,0.448100
2013-04-05,3.696099,0.788947,0.327610,0.461337
2013-04-06,3.698836,0.799393,0.330090,0.469304
2013-04-07,3.701574,0.825284,0.332567,0.492717
2013-04-08,3.704312,0.901136,0.335041,0.566094
2013-04-09,3.707050,0.960747,0.337514,0.623234
2013-04-10,3.709788,0.991666,0.339983,0.651683
2013-04-11,3.712526,0.757028,0.342450,0.414579
2013-04-12,3.715264,0.569023,0.344914,0.224109
2013-04-13,3.718001,0.658929,0.347375,0.311554
2013-04-14,3.720739,0.629364,0.349833,0.279531
2013-04-15,3.723477,0.600369,0.352289,0.248081
2013-04-16,3.726215,0.456787,0.354741,0.102046
2013-04-17,3.728953,0.543702,0.357190,0.186512
2013-04-18,3.731691,0.603389,0.359637,0.243753
2013-04-19,3.734428,0.700252,0.362080,0.338172
2013-04-20,3.737166,0.707195,0.364520,0.342676
2013-04-21,3.739904,0.709531,0.366957,0.342574
2013-04-22,3.742642,0.707905,0.369390,0.338515
2013-04-23,3.745380,0.732876,0.371820,0.361055
2013-04-24,3.748118,0.786317,0.374247,0.412070
2013-04-25,3.750856,0.793843,0.376670,0.417172
2013-04-26,3.753593,0.744053,0.379090,0.364963
2013-04-27,3.756331,0.739814,0.381506,0.358308
2013-04-28,3.759069,0.735304,0.383919,0.351385
2013-04-29,3.761807,0.752907,0.386328,0.366579
2013-04-30,3.764545,0.758022,0.388733,0.369289
2013-05-01,3.767283,0.716687,0.391135,0.325553
2013-05-02,3.770021,0.653455,0.393532,0.259923
2013-05-03,3.772758,0.575743,0.395926,0.179817
2013-05-04,3.775496,0.622301,0.398316,0.223985
2013-05-05,3.778234,0.657925,0.400702,0.257223
2013-05-06,3.780972,0.674898,0.403084,0.271814
2013-05-07,3.783710,0.636987,0.405462,0.231525
2013-05-08,3.786448,0.645147,0.407836,0.237312
2013-05-09,3.789185,0.640391,0.410205,0.230185
2013-05-10,3.791923,0.654758,0.412571,0.242187
2013-05-11,3.794661,0.653921,0.414932,0.238989
2013-05-12,3.797399,0.648038,0.417289,0.230749
2013-05-13,3.800137,0.651827,0.419642,0.232185
2013-05-14,3.802875,0.651444,0.421990,0.229454
2013-05-15,3.805613,0.624942,0.424333,0.200609
2013-05-16,3.808350,0.629362,0.426673,0.202690
2013-05-17,3.811088,0.642294,0.429008,0.213286
2013-05-18,3.813826,0.648326,0.431338,0.216988
2013-05-19,3.816564,0.650511,0.433663,0.216848
2013-05-20,3.819302,0.646946,0.435984,0.210962
2013-05-21,3.822040,0.645087,0.438300,0.206786
2013-05-22,3.824778,0.647970,0.440612,0.207358
2013-05-23,3.827515,0.654712,0.442918,0.211794
2013-05-24,3.830253,0.670330,0.445220,0.225110
2013-05-25,3.832991,0.679319,0.447517,0.231802
2013-05-26,3.835729,0.681138,0.449809,0.231329
2013-05-27,3.838467,0.677597,0.452096,0.225501
2013-05-28,3.841205,0.665445,0.454378,0.211067
2013-05-29,3.843943,0.668987,0.456655,0.212332
2013-05-30,3.846680,0.673892,0.458927,0.214965
2013-05-31,3.849418,0.665340,0.461193,0.204146
2013-06-01,3.852156,0.661499,0.463455,0.198044
2013-06-02,3.854894,0.646239,0.465711,0.180528
2013-06-03,3.857632,0.633407,0.467962,0.165445
2013-06-04,3.860370,0.634995,0.470208,0.164787
2013-06-05,3.863107,0.631007,0.472448,0.158559
2013-06-06,3.865845,0.630372,0.474683,0.155689
2013-06-07,3.868583,0.606158,0.476912,0.129246
2013-06-08,3.871321,0.583203,0.479136,0.104066
2013-06-09,3.874059,0.544893,0.481354,0.063538
2013-06-10,3.876797,0.557366,0.483567,0.073799
2013-06-11,3.879535,0.568021,0.485775,0.082246
2013-06-12,3.882272,0.572923,0.487976,0.084947
2013-06-13,3.885010,0.565477,0.490172,0.075305
2013-06-14,3.887748,0.539703,0.492362,0.047341
2013-06-15,3.890486,0.534917,0.494547,0.040371
2013-06-16,3.893224,0.536937,0.496725,0.040212
2013-06-17,3.895962,0.533296,0.498898,0.034398
2013-06-18,3.898700,0.547925,0.501065,0.046860
2013-06-19,3.901437,0.552923,0.503226,0.049697
2013-06-20,3.904175,0.555309,0.505381,0.049928
2013-06-21,3.906913,0.539686,0.507530,0.032156
2013-06-22,3.909651,0.497846,0.509673,-0.011827
2013-06-23,3.912389,0.528668,0.511810,0.016859
2013-06-24,3.915127,0.486157,0.513941,-0.027784
2013-06-25,3.917864,0.519361,0.516065,0.003295
2013-06-26,3.920602,0.514529,0.518184,-0.003655
2013-06-27,3.923340,0.509787,0.520296,-0.010509
2013-06-28,3.926078,0.482477,0.522402,-0.039925
2013-06-29,3.928816,0.471028,0.524502,-0.053474
2013-06-30,3.931554,0.467272,0.526595,-0.059323
2013-07-01,3.934292,0.457812,0.528682,-0.070870
2013-07-02,3.937029,0.444213,0.530763,-0.086550
2013-07-03,3.939767,0.434480,0.532837,-0.098357
2013-07-04,3.942505,0.399981,0.534905,-0.134924
2013-07-05,3.945243,0.367527,0.536966,-0.169439
2013-07-06,3.947981,0.329281,0.539021,-0.209740
2013-07-07,3.950719,0.329547,0.541069,-0.211522
2013-07-08,3.953457,0.371699,0.543111,-0.171412
2013-07-09,3.956194,0.366597,0.545146,-0.178548
2013-07-10,3.958932,0.385112,0.547174,-0.162062
2013-07-11,3.961670,0.427923,0.549195,-0.121273
2013-07-12,3.964408,0.459309,0.551210,-0.091901
2013-07-13,3.967146,0.443749,0.553218,-0.109469
2013-07-14,3.969884,0.453912,0.555220,-0.101308
2013-07-15,3.972621,0.455200,0.557214,-0.102014
2013-07-16,3.975359,0.456014,0.559202,-0.103188
2013-07-17,3.978097,0.422756,0.561182,-0.138426
2013-07-18,3.980835,0.417065,0.563156,-0.146091
2013-07-19,3.983573,0.414944,0.565123,-0.150179
2013-07-20,3.986311,0.425698,0.567083,-0.141385
2013-07-21,3.989049,0.413955,0.569035,-0.155081
2013-07-22,3.991786,0.416450,0.570981,-0.154532
2013-07-23,3.994524,0.418946,0.572920,-0.153974
2013-07-24,3.997262,0.421487,0.574851,-0.153364
2013-07-25,4.000000,0.426085,0.576776,-0.150691
2013-07-26,4.002738,0.429938,0.578693,-0.148755
2013-07-27,4.005476,0.423304,0.580603,-0.157299
2013-07-28,4.008214,0.425214,0.582506,-0.157293
2013-07-29,4.010951,0.437504,0.584402,-0.146898
2013-07-30,4.013689,0.442555,0.586290,-0.143735
2013-07-31,4.016427,0.462197,0.588171,-0.125974
2013-08-01,4.019165,0.455303,0.590045,-0.134742
2013-08-02,4.021903,0.451754,0.591911,-0.140157
2013-08-03,4.024641,0.446989,0.593770,-0.146781
2013-08-04,4.027379,0.445696,0.595621,-0.149925
2013-08-05,4.030116,0.449558,0.597465,-0.147907
2013-08-06,4.032854,0.449918,0.599302,-0.149384
2013-08-07,4.035592,0.447469,0.601131,-0.153662
2013-08-08,4.038330,0.437086,0.602952,-0.165866
2013-08-09,4.041068,0.427992,0.604766,-0.176775
2013-08-10,4.043806,0.424533,0.606573,-0.182039
2013-08-11,4.046543,0.425712,0.608371,-0.182659
2013-08-12,4.049281,0.426139,0.610162,-0.184024
2013-08-13,4.052019,0.431864,0.611946,-0.180082
2013-08-14,4.054757,0.449068,0.613722,-0.164654
2013-08-15,4.057495,0.441611,0.615490,-0.173879
2013-08-16,4.060233,0.436695,0.617250,-0.180555
2013-08-17,4.062971,0.437523,0.619003,-0.181480
2013-08-18,4.065708,0.439526,0.620747,-0.181221
2013-08-19,4.068446,0.449691,0.622484,-0.172793
2013-08-20,4.071184,0.453651,0.624213,-0.170562
2013-08-21,4.073922,0.466921,0.625935,-0.159014
2013-08-22,4.076660,0.479732,0.627648,-0.147916
2013-08-23,4.079398,0.468014,0.629353,-0.161340
2013-08-24,4.082136,0.465713,0.631051,-0.165338
2013-08-25,4.084873,0.474132,0.632740,-0.158609
2013-08-26,4.087611,0.470819,0.634422,-0.163603
2013-08-27,4.090349,0.491545,0.636096,-0.144551
2013-08-28,4.093087,0.495808,0.637761,-0.141953
2013-08-29,4.095825,0.497936,0.639419,-0.141483
2013-08-30,4.098563,0.501833,0.641068,-0.139235
2013-08-31,4.101300,0.528045,0.642710,-0.114665
2013-09-01,4.104038,0.536278,0.644343,-0.108064
2013-09-02,4.106776,0.532640,0.645968,-0.113328
2013-09-03,4.109514,0.529488,0.647585,-0.118097
2013-09-04,4.112252,0.519616,0.649194,-0.129578
2013-09-05,4.114990,0.497302,0.650794,-0.153493
2013-09-06,4.117728,0.500151,0.652387,-0.152236
2013-09-07,4.120465,0.485390,0.653971,-0.168581
2013-09-08,4.123203,0.483742,0.655547,-0.171805
2013-09-09,4.125941,0.479546,0.657114,-0.177568
2013-09-10,4.128679,0.492547,0.658674,-0.166127
2013-09-11,4.131417,0.495198,0.660225,-0.165027
2013-09-12,4.134155,0.507337,0.661767,-0.154431
2013-09-13,4.136893,0.508588,0.663302,-0.154714
2013-09-14,4.139630,0.502754,0.664828,-0.162073
2013-09-15,4.142368,0.496284,0.666345,-0.170061
2013-09-16,4.145106,0.497492,0.667855,-0.170363
2013-09-17,4.147844,0.499069,0.669355,-0.170286
2013-09-18,4.150582,0.500578,0.670848,-0.170269
2013-09-19,4.153320,0.493966,0.672331,-0.178366
2013-09-20,4.156057,0.484615,0.673807,-0.189192
2013-09-21,4.158795,0.480632,0.675274,-0.194642
2013-09-22,4.161533,0.479247,0.676732,-0.197485
2013-09-23,4.164271,0.483559,0.678182,-0.194623
2013-09-24,4.167009,0.484736,0.679623,-0.194887
2013-09-25,4.169747,0.482347,0.681056,-0.198709
2013-09-26,4.172485,0.482702,0.682480,-0.199778
2013-09-27,4.175222,0.482760,0.683895,-0.201135
2013-09-28,4.177960,0.486392,0.685302,-0.198910
2013-09-29,4.180698,0.486673,0.686701,-0.200028
2013-09-30,4.183436,0.476361,0.688090,-0.211729
2013-10-01,4.186174,0.478707,0.689471,-0.210764
2013-10-02,4.188912,0.462902,0.690843,-0.227941
2013-10-03,4.191650,0.426719,0.692207,-0.265488
2013-10-04,4.194387,0.458038,0.693562,-0.235524
2013-10-05,4.197125,0.457208,0.694908,-0.237701
2013-10-06,4.199863,0.454844,0.696246,-0.241402
2013-10-07,4.202601,0.459366,0.697574,-0.238209
2013-10-08,4.205339,0.458456,0.698894,-0.240438
2013-10-09,4.208077,0.460772,0.700205,-0.239434
2013-10-10,4.210815,0.463004,0.701508,-0.238503
2013-10-11,4.213552,0.464381,0.702801,-0.238420
2013-10-12,4.216290,0.463931,0.704086,-0.240155
2013-10-13,4.219028,0.470633,0.705362,-0.234728
2013-10-14,4.221766,0.485404,0.706629,-0.221225
2013-10-15,4.224504,0.492649,0.707887,-0.215238
2013-10-16,4.227242,0.506510,0.709136,-0.202626
2013-10-17,4.229979,0.502706,0.710377,-0.207670
2013-10-18,4.232717,0.518692,0.711608,-0.192916
2013-10-19,4.235455,0.552557,0.712831,-0.160274
2013-10-20,4.238193,0.563188,0.714044,-0.150856
2013-10-21,4.240931,0.582610,0.715249,-0.132639
2013-10-22,4.243669,0.611404,0.716445,-0.105041
2013-10-23,4.246407,0.631353,0.717632,-0.086279
2013-10-24,4.249144,0.626412,0.718810,-0.092397
2013-10-25,4.251882,0.597609,0.719979,-0.122370
2013-10-26,4.254620,0.595819,0.721139,-0.125320
2013-10-27,4.257358,0.602516,0.722289,-0.119773
2013-10-28,4.260096,0.620393,0.723431,-0.103038
2013-10-29,4.262834,0.627893,0.724564,-0.096671
2013-10-30,4.265572,0.633873,0.725688,-0.091815
2013-10-31,4.268309,0.630886,0.726803,-0.095917
2013-11-01,4.271047,0.635688,0.727909,-0.092221
2013-11-02,4.273785,0.635597,0.729005,-0.093409
2013-11-03,4.276523,0.638377,0.730093,-0.091716
2013-11-04,4.279261,0.654505,0.731172,-0.076667
2013-11-05,4.281999,0.694164,0.732241,-0.038077
2013-11-06,4.284736,0.728238,0.733302,-0.005064
2013-11-07,4.287474,0.769087,0.734353,0.034734
2013-11-08,4.290212,0.815884,0.735395,0.080489
2013-11-09,4.292950,0.858211,0.736428,0.121782
2013-11-10,4.295688,0.802901,0.737452,0.065449
2013-11-11,4.298426,0.839979,0.738467,0.101513
2013-11-12,4.301164,0.862946,0.739473,0.123473
2013-11-13,4.303901,0.891430,0.740469,0.150961
2013-11-14,4.306639,0.929477,0.741456,0.188020
2013-11-15,4.309377,0.932463,0.742435,0.190028
2013-11-16,4.312115,0.939010,0.743404,0.195607
2013-11-17,4.314853,0.970729,0.744363,0.226366
2013-11-18,4.317591,1.046845,0.745314,0.301531
2013-11-19,4.320329,1.104728,0.746256,0.358472
2013-11-20,4.323066,1.024577,0.747188,0.277390
2013-11-21,4.325804,1.112210,0.748111,0.364099
2013-11-22,4.328542,1.160606,0.749025,0.411581
2013-11-23,4.331280,1.214585,0.749929,0.464656
2013-11-24,4.334018,1.190015,0.750825,0.439190
2013-11-25,4.336756,1.196415,0.751711,0.444704
2013-11-26,4.339493,1.214061,0.752588,0.461473
2013-11-27,4.342231,1.258015,0.753455,0.504560
2013-11-28,4.344969,1.287377,0.754314,0.533063
2013-11-29,4.347707,1.316748,0.755163,0.561585
2013-11-30,4.350445,1.340488,0.756003,0.584485
2013-12-01,4.353183,1.282706,0.756834,0.525872
2013-12-02,4.355921,1.285273,0.757655,0.527618
2013-12-03,4.358658,1.301874,0.758467,0.543406
2013-12-04,4.361396,1.318631,0.759270,0.559361
2013-12-05,4.364134,1.294646,0.760064,0.534582
2013-12-06,4.366872,1.255809,0.760848,0.494961
2013-12-07,4.369610,1.152377,0.761623,0.390754
2013-12-08,4.372348,1.143474,0.762389,0.381085
2013-12-09,4.375086,1.215270,0.763146,0.452125
2013-12-10,4.377823,1.249343,0.763893,0.485450
2013-12-11,4.380561,1.234464,0.764631,0.469833
2013-12-12,4.383299,1.212076,0.765360,0.446716
2013-12-13,4.386037,1.219376,0.766079,0.453297
2013-12-14,4.388775,1.208378,0.766789,0.441589
2013-12-15,4.391513,1.185653,0.767490,0.418164
2013-12-16,4.394251,1.165783,0.768181,0.397602
2013-12-17,4.396988,1.107172,0.768863,0.338309
2013-12-18,4.399726,1.013873,0.769536,0.244337
2013-12-19,4.402464,1.055043,0.770200,0.284843
2013-12-20,4.405202,1.088485,0.770854,0.317632
2013-12-21,4.407940,1.048254,0.771499,0.276756
2013-12-22,4.410678,1.056749,0.772134,0.284614
2013-12-23,4.413415,1.062277,0.772761,0.289517
2013-12-24,4.416153,1.069604,0.773378,0.296226
2013-12-25,4.418891,1.072305,0.773985,0.298319
2013-12-26,4.421629,1.106838,0.774584,0.332254
2013-12-27,4.424367,1.114737,0.775173,0.339564
2013-12-28,4.427105,1.109265,0.775752,0.333513
2013-12-29,4.429843,1.104203,0.776323,0.327880
2013-12-30,4.432580,1.113577,0.776884,0.336693
2013-12-31,4.435318,1.109065,0.777436,0.331629
2014-01-01,4.438056,1.116170,0.777978,0.338191
2014-01-02,4.440794,1.123661,0.778511,0.345150
2014-01-03,4.443532,1.143028,0.779035,0.363992
2014-01-04,4.446270,1.147920,0.779550,0.368371
2014-01-05,4.449008,1.177324,0.780055,0.397269
2014-01-06,4.451745,1.209178,0.780551,0.428627
2014-01-07,4.454483,1.181085,0.781038,0.400048
2014-01-08,4.457221,1.147765,0.781515,0.366250
2014-01-09,4.459959,1.150316,0.781983,0.368333
2014-01-10,4.462697,1.150821,0.782442,0.368379
2014-01-11,4.465435,1.176194,0.782891,0.393303
2014-01-12,4.468172,1.169038,0.783331,0.385706
2014-01-13,4.470910,1.145015,0.783762,0.361253
2014-01-14,4.473648,1.144663,0.784184,0.360479
2014-01-15,4.476386,1.150175,0.784596,0.365579
2014-01-16,4.479124,1.145453,0.784999,0.360454
2014-01-17,4.481862,1.128658,0.785393,0.343265
2014-01-18,4.484600,1.131105,0.785777,0.345328
2014-01-19,4.487337,1.134231,0.786153,0.348078
2014-01-20,4.490075,1.139089,0.786518,0.352571
2014-01-21,4.492813,1.133394,0.786875,0.346519
2014-01-22,4.495551,1.129596,0.787222,0.342373
2014-01-23,4.498289,1.127476,0.787561,0.339915
2014-01-24,4.501027,1.114620,0.787890,0.326731
2014-01-25,4.503765,1.116503,0.788209,0.328294
2014-01-26,4.506502,1.120506,0.788520,0.331986
2014-01-27,4.509240,1.115062,0.788821,0.326241
2014-01-28,4.511978,1.104252,0.789113,0.315139
2014-01-29,4.514716,1.108195,0.789395,0.318800
2014-01-30,4.517454,1.105879,0.789669,0.316211
2014-01-31,4.520192,1.108985,0.789933,0.319052
2014-02-01,4.522930,1.112918,0.790188,0.322730
2014-02-02,4.525667,1.113749,0.790434,0.323315
2014-02-03,4.528405,1.109031,0.790671,0.318360
2014-02-04,4.531143,1.106349,0.790898,0.315451
2014-02-05,4.533881,1.101947,0.791116,0.310831
2014-02-06,4.536619,1.088974,0.791325,0.297649
2014-02-07,4.539357,1.054397,0.791525,0.262872
2014-02-08,4.542094,1.041347,0.791716,0.249631
2014-02-09,4.544832,1.035154,0.791898,0.243257
2014-02-10,4.547570,1.019320,0.792070,0.227250
2014-02-11,4.550308,1.028553,0.792233,0.236320
2014-02-12,4.553046,1.010325,0.792387,0.217938
2014-02-13,4.555784,0.994288,0.792532,0.201756
2014-02-14,4.558522,0.978921,0.792668,0.186252
2014-02-15,4.561259,0.993034,0.792795,0.200239
2014-02-16,4.563997,0.978776,0.792912,0.185864
2014-02-17,4.566735,0.976788,0.793021,0.183767
2014-02-18,4.569473,0.972681,0.793120,0.179560
2014-02-19,4.572211,0.967401,0.793211,0.174191
2014-02-20,4.574949,0.943726,0.793292,0.150434
2014-02-21,4.577687,0.918511,0.793364,0.125147
2014-02-22,4.580424,0.928908,0.793427,0.135481
2014-02-23,4.583162,0.955002,0.793481,0.161521
2014-02-24,4.585900,0.921086,0.793526,0.127560
2014-02-25,4.588638,0.862944,0.793562,0.069382
2014-02-26,4.591376,0.926703,0.793589,0.133114
2014-02-27,4.594114,0.932168,0.793607,0.138562
2014-02-28,4.596851,0.921499,0.793616,0.127883
2014-03-01,4.599589,0.915914,0.793615,0.122298
2014-03-02,4.602327,0.916520,0.793606,0.122914
2014-03-03,4.605065,0.948241,0.793588,0.154653
2014-03-04,4.607803,0.988537,0.793561,0.194976
2014-03-05,4.610541,0.982042,0.793525,0.188517
2014-03-06,4.613279,0.981196,0.793480,0.187715
2014-03-07,4.616016,0.963796,0.793426,0.170369
2014-03-08,4.618754,0.948969,0.793363,0.155606
2014-03-09,4.621492,0.951557,0.793291,0.158265
2014-03-10,4.624230,0.951172,0.793211,0.157961
2014-03-11,4.626968,0.947067,0.793121,0.153946
2014-03-12,4.629706,0.953604,0.793023,0.160582
2014-03-13,4.632444,0.954995,0.792915,0.162080
2014-03-14,4.635181,0.949914,0.792799,0.157115
2014-03-15,4.637919,0.948247,0.792674,0.155573
2014-03-16,4.640657,0.947432,0.792540,0.154892
2014-03-17,4.643395,0.940486,0.792397,0.148089
2014-03-18,4.646133,0.930620,0.792245,0.138375
2014-03-19,4.648871,0.929372,0.792085,0.137287
2014-03-20,4.651608,0.915513,0.791916,0.123597
2014-03-21,4.654346,0.903609,0.791738,0.111871
2014-03-22,4.657084,0.887401,0.791551,0.095850
2014-03-23,4.659822,0.887609,0.791355,0.096254
2014-03-24,4.662560,0.885737,0.791151,0.094586
2014-03-25,4.665298,0.894905,0.790938,0.103967
2014-03-26,4.668036,0.895055,0.790716,0.104339
2014-03-27,4.670773,0.866701,0.790486,0.076215
2014-03-28,4.673511,0.835312,0.790247,0.045065
2014-03-29,4.676249,0.827198,0.789999,0.037199
2014-03-30,4.678987,0.798623,0.789742,0.008880
2014-03-31,4.681725,0.785753,0.789477,-0.003724
2014-04-01,4.684463,0.801728,0.789203,0.012525
2014-04-02,4.687201,0.789029,0.788921,0.000108
2014-04-03,4.689938,0.760964,0.788629,-0.027666
2014-04-04,4.692676,0.767929,0.788330,-0.020401
2014-04-05,4.695414,0.773486,0.788021,-0.014536
2014-04-06,4.698152,0.777922,0.787705,-0.009783
2014-04-07,4.700890,0.773865,0.787379,-0.013514
2014-04-08,4.703628,0.771576,0.787045,-0.015469
2014-04-09,4.706366,0.765115,0.786703,-0.021588
2014-04-10,4.709103,0.723005,0.786352,-0.063347
2014-04-11,4.711841,0.713916,0.785992,-0.072076
2014-04-12,4.714579,0.740308,0.785624,-0.045315
2014-04-13,4.717317,0.727689,0.785247,-0.057559
2014-04-14,4.720055,0.754488,0.784862,-0.030374
2014-04-15,4.722793,0.794387,0.784469,0.009918
2014-04-16,4.725530,0.816917,0.784067,0.032850
2014-04-17,4.728268,0.805826,0.783657,0.022169
2014-04-18,4.731006,0.790362,0.783238,0.007124
2014-04-19,4.733744,0.793428,0.782811,0.010617
2014-04-20,4.736482,0.801303,0.782376,0.018927
2014-04-21,4.739220,0.797032,0.781932,0.015100
2014-04-22,4.741958,0.790792,0.781480,0.009312
2014-04-23,4.744695,0.784559,0.781019,0.003540
2014-04-24,4.747433,0.783085,0.780551,0.002535
2014-04-25,4.750171,0.758528,0.780073,-0.021545
2014-04-26,4.752909,0.753824,0.779588,-0.025764
2014-04-27,4.755647,0.744830,0.779095,-0.034265
2014-04-28,4.758385,0.729455,0.778593,-0.049138
2014-04-29,4.761123,0.733241,0.778083,-0.044842
2014-04-30,4.763860,0.733735,0.777565,-0.043829
2014-05-01,4.766598,0.742283,0.777038,-0.034755
2014-05-02,4.769336,0.736639,0.776504,-0.039864
2014-05-03,4.772074,0.725827,0.775961,-0.050134
2014-05-04,4.774812,0.718658,0.775410,-0.056752
2014-05-05,4.777550,0.714745,0.774851,-0.060106
2014-05-06,4.780287,0.709648,0.774284,-0.064636
2014-05-07,4.783025,0.717909,0.773709,-0.055800
2014-05-08,4.785763,0.721792,0.773126,-0.051334
2014-05-09,4.788501,0.724410,0.772534,-0.048125
2014-05-10,4.791239,0.726546,0.771935,-0.045389
2014-05-11,4.793977,0.717495,0.771328,-0.053832
2014-05-12,4.796715,0.712027,0.770712,-0.058686
2014-05-13,4.799452,0.710404,0.770089,-0.059685
2014-05-14,4.802190,0.713223,0.769458,-0.056235
2014-05-15,4.804928,0.715925,0.768819,-0.052894
2014-05-16,4.807666,0.715344,0.768172,-0.052827
2014-05-17,4.810404,0.715085,0.767517,-0.052431
2014-05-18,4.813142,0.711213,0.766854,-0.055640
2014-05-19,4.815880,0.708486,0.766183,-0.057697
2014-05-20,4.818617,0.728364,0.765504,-0.037140
2014-05-21,4.821355,0.749236,0.764818,-0.015582
2014-05-22,4.824093,0.764056,0.764124,-0.000067
2014-05-23,4.826831,0.777705,0.763422,0.014283
2014-05-24,4.829569,0.769108,0.762712,0.006396
2014-05-25,4.832307,0.799414,0.761994,0.037419
2014-05-26,4.835044,0.815261,0.761269,0.053992
2014-05-27,4.837782,0.808848,0.760536,0.048311
2014-05-28,4.840520,0.807643,0.759796,0.047848
2014-05-29,4.843258,0.803574,0.759047,0.044526
2014-05-30,4.845996,0.824413,0.758292,0.066122
2014-05-31,4.848734,0.839464,0.757528,0.081936
2014-06-01,4.851472,0.854777,0.756757,0.098020
2014-06-02,4.854209,0.848848,0.755978,0.092870
2014-06-03,4.856947,0.866592,0.755192,0.111400
2014-06-04,4.859685,0.850104,0.754398,0.095706
2014-06-05,4.862423,0.855945,0.753597,0.102349
2014-06-06,4.865161,0.856347,0.752788,0.103559
2014-06-07,4.867899,0.852044,0.751971,0.100073
2014-06-08,4.870637,0.852814,0.751148,0.101667
2014-06-09,4.873374,0.847898,0.750316,0.097582
2014-06-10,4.876112,0.848004,0.749478,0.098527
2014-06-11,4.878850,0.840127,0.748632,0.091495
2014-06-12,4.881588,0.823339,0.747778,0.075561
2014-06-13,4.884326,0.803893,0.746917,0.056975
2014-06-14,4.887064,0.787158,0.746049,0.041109
2014-06-15,4.889802,0.778913,0.745174,0.033739
2014-06-16,4.892539,0.800069,0.744291,0.055778
2014-06-17,4.895277,0.800564,0.743401,0.057163
2014-06-18,4.898015,0.807981,0.742504,0.065477
2014-06-19,4.900753,0.804851,0.741600,0.063251
2014-06-20,4.903491,0.794209,0.740688,0.053520
2014-06-21,4.906229,0.791931,0.739769,0.052162
2014-06-22,4.908966,0.798696,0.738843,0.059853
2014-06-23,4.911704,0.789454,0.737910,0.051543
2014-06-24,4.914442,0.785845,0.736970,0.048875
2014-06-25,4.917180,0.771924,0.736023,0.035901
2014-06-26,4.919918,0.771404,0.735069,0.036336
2014-06-27,4.922656,0.779844,0.734107,0.045737
2014-06-28,4.925394,0.788052,0.733139,0.054913
2014-06-29,4.928131,0.785633,0.732164,0.053470
2014-06-30,4.930869,0.803390,0.731181,0.072209
2014-07-01,4.933607,0.819558,0.730192,0.089366
2014-07-02,4.936345,0.817681,0.729196,0.088486
2014-07-03,4.939083,0.815314,0.728193,0.087121
2014-07-04,4.941821,0.808247,0.727183,0.081064
2014-07-05,4.944559,0.801813,0.726166,0.075647
2014-07-06,4.947296,0.803956,0.725142,0.078814
2014-07-07,4.950034,0.797356,0.724112,0.073244
2014-07-08,4.952772,0.792212,0.723075,0.069137
2014-07-09,4.955510,0.791620,0.722031,0.069589
2014-07-10,4.958248,0.786678,0.720980,0.065698
2014-07-11,4.960986,0.789001,0.719923,0.069078
2014-07-12,4.963723,0.794224,0.718859,0.075365
2014-07-13,4.966461,0.791598,0.717788,0.073811
2014-07-14,4.969199,0.785605,0.716710,0.068895
2014-07-15,4.971937,0.783484,0.715626,0.067858
2014-07-16,4.974675,0.780720,0.714536,0.066184
2014-07-17,4.977413,0.779963,0.713439,0.066524
2014-07-18,4.980151,0.781296,0.712335,0.068961
2014-07-19,4.982888,0.782368,0.711225,0.071143
2014-07-20,4.985626,0.779206,0.710108,0.069098
2014-07-21,4.988364,0.776396,0.708985,0.067411
2014-07-22,4.991102,0.773858,0.707856,0.066002
2014-07-23,4.993840,0.772025,0.706720,0.065306
2014-07-24,4.996578,0.763508,0.705577,0.057931
2014-07-25,4.999316,0.756732,0.704429,0.052304
2014-07-26,5.002053,0.751293,0.703274,0.048019
2014-07-27,5.004791,0.749906,0.702112,0.047794
2014-07-28,5.007529,0.740506,0.700945,0.039561
2014-07-29,5.010267,0.739019,0.699771,0.039248
2014-07-30,5.013005,0.730630,0.698591,0.032039
2014-07-31,5.015743,0.730608,0.697404,0.033204
2014-08-01,5.018480,0.738721,0.696212,0.042509
2014-08-02,5.021218,0.739597,0.695013,0.044584
2014-08-03,5.023956,0.734038,0.693809,0.040230
2014-08-04,5.026694,0.735290,0.692598,0.042693
2014-08-05,5.029432,0.730336,0.691381,0.038955
2014-08-06,5.032170,0.727646,0.690158,0.037488
2014-08-07,5.034908,0.728725,0.688929,0.039796
2014-08-08,5.037645,0.731521,0.687694,0.043827
2014-08-09,5.040383,0.727558,0.686453,0.041105
2014-08-10,5.043121,0.727895,0.685206,0.042689
2014-08-11,5.045859,0.722928,0.683953,0.038975
2014-08-12,5.048597,0.711457,0.682695,0.028763
2014-08-13,5.051335,0.697445,0.681430,0.016015
2014-08-14,5.054073,0.669217,0.680160,-0.010943
2014-08-15,5.056810,0.659859,0.678884,-0.019025
2014-08-16,5.059548,0.655106,0.677602,-0.022496
2014-08-17,5.062286,0.653958,0.676314,-0.022356
2014-08-18,5.065024,0.629171,0.675021,-0.045849
2014-08-19,5.067762,0.629494,0.673721,-0.044228
2014-08-20,5.070500,0.640665,0.672417,-0.031752
2014-08-21,5.073238,0.662182,0.671106,-0.008924
2014-08-22,5.075975,0.656697,0.669790,-0.013094
2014-08-23,5.078713,0.647335,0.668469,-0.021134
2014-08-24,5.081451,0.649082,0.667142,-0.018060
2014-08-25,5.084189,0.642226,0.665809,-0.023583
2014-08-26,5.086927,0.645521,0.664471,-0.018950
2014-08-27,5.089665,0.651685,0.663127,-0.011442
2014-08-28,5.092402,0.641906,0.661778,-0.019872
2014-08-29,5.095140,0.643825,0.660423,-0.016598
2014-08-30,5.097878,0.638143,0.659063,-0.020920
2014-08-31,5.100616,0.625330,0.657698,-0.032369
2014-09-01,5.103354,0.615881,0.656328,-0.040447
2014-09-02,5.106092,0.618915,0.654952,-0.036037
2014-09-03,5.108830,0.607715,0.653570,-0.045855
2014-09-04,5.111567,0.610361,0.652184,-0.041823
2014-09-05,5.114305,0.613239,0.650792,-0.037554
2014-09-06,5.117043,0.617099,0.649396,-0.032297
2014-09-07,5.119781,0.609533,0.647994,-0.038460
2014-09-08,5.122519,0.599553,0.646586,-0.047033
2014-09-09,5.125257,0.594019,0.645174,-0.051155
2014-09-10,5.127995,0.602075,0.643757,-0.041682
2014-09-11,5.130732,0.598321,0.642334,-0.044013
2014-09-12,5.133470,0.594520,0.640907,-0.046387
2014-09-13,5.136208,0.595778,0.639475,-0.043697
2014-09-14,5.138946,0.597962,0.638037,-0.040075
2014-09-15,5.141684,0.592220,0.636595,-0.044375
2014-09-16,5.144422,0.589174,0.635148,-0.045974
2014-09-17,5.147159,0.574245,0.633696,-0.059451
2014-09-18,5.149897,0.554177,0.632239,-0.078062
2014-09-19,5.152635,0.518352,0.630778,-0.112426
2014-09-20,5.155373,0.523816,0.629311,-0.105495
2014-09-21,5.158111,0.516508,0.627840,-0.111332
2014-09-22,5.160849,0.504563,0.626364,-0.121801
2014-09-23,5.163587,0.522708,0.624883,-0.102175
2014-09-24,5.166324,0.536085,0.623398,-0.087313
2014-09-25,5.169062,0.517867,0.621908,-0.104041
2014-09-26,5.171800,0.510883,0.620414,-0.109531
2014-09-27,5.174538,0.506195,0.618915,-0.112719
2014-09-28,5.177276,0.499469,0.617411,-0.117941
2014-09-29,5.180014,0.478636,0.615903,-0.137267
2014-09-30,5.182752,0.478318,0.614390,-0.136072
2014-10-01,5.185489,0.482983,0.612873,-0.129890
2014-10-02,5.188227,0.472947,0.611352,-0.138405
2014-10-03,5.190965,0.462516,0.609826,-0.147309
2014-10-04,5.193703,0.434917,0.608295,-0.173379
2014-10-05,5.196441,0.390988,0.606761,-0.215772
2014-10-06,5.199179,0.399876,0.605222,-0.205346
2014-10-07,5.201916,0.406227,0.603679,-0.197452
2014-10-08,5.204654,0.409000,0.602131,-0.193131
2014-10-09,5.207392,0.449438,0.600580,-0.151141
2014-10-10,5.210130,0.435828,0.599024,-0.163196
2014-10-11,5.212868,0.432868,0.597464,-0.164596
2014-10-12,5.215606,0.444419,0.595900,-0.151481
2014-10-13,5.218344,0.458328,0.594332,-0.136003
2014-10-14,5.221081,0.485504,0.592759,-0.107255
2014-10-15,5.223819,0.476201,0.591183,-0.114982
2014-10-16,5.226557,0.466413,0.589603,-0.123190
2014-10-17,5.229295,0.457614,0.588019,-0.130405
2014-10-18,5.232033,0.460454,0.586431,-0.125977
2014-10-19,5.234771,0.465065,0.584839,-0.119774
2014-10-20,5.237509,0.458087,0.583243,-0.125156
2014-10-21,5.240246,0.460709,0.581643,-0.120934
2014-10-22,5.242984,0.456945,0.580039,-0.123095
2014-10-23,5.245722,0.437877,0.578432,-0.140556
2014-10-24,5.248460,0.424112,0.576821,-0.152709
2014-10-25,5.251198,0.416085,0.575206,-0.159121
2014-10-26,5.253936,0.417878,0.573588,-0.155710
2014-10-27,5.256674,0.416614,0.571966,-0.155351
2014-10-28,5.259411,0.413228,0.570340,-0.157111
2014-10-29,5.262149,0.402591,0.568710,-0.166119
2014-10-30,5.264887,0.393724,0.567077,-0.173354
2014-10-31,5.267625,0.396842,0.565441,-0.168599
2014-11-01,5.270363,0.380230,0.563801,-0.183571
2014-11-02,5.273101,0.372067,0.562158,-0.190090
2014-11-03,5.275838,0.373248,0.560511,-0.187263
2014-11-04,5.278576,0.371220,0.558861,-0.187640
2014-11-05,5.281314,0.382277,0.557207,-0.174930
2014-11-06,5.284052,0.390730,0.555550,-0.164820
2014-11-07,5.286790,0.390906,0.553890,-0.162984
2014-11-08,5.289528,0.388413,0.552226,-0.163813
2014-11-09,5.292266,0.394283,0.550560,-0.156276
2014-11-10,5.295003,0.411581,0.548890,-0.137309
2014-11-11,5.297741,0.413397,0.547216,-0.133819
2014-11-12,5.300479,0.443816,0.545540,-0.101724
2014-11-13,5.303217,0.474033,0.543861,-0.069827
2014-11-14,5.305955,0.447161,0.542178,-0.095017
2014-11-15,5.308693,0.432099,0.540493,-0.108393
2014-11-16,5.311431,0.430707,0.538804,-0.108097
2014-11-17,5.314168,0.441226,0.537112,-0.095886
2014-11-18,5.316906,0.423804,0.535418,-0.111614
2014-11-19,5.319644,0.418898,0.533721,-0.114822
2014-11-20,5.322382,0.401804,0.532020,-0.130216
2014-11-21,5.325120,0.389227,0.530317,-0.141090
2014-11-22,5.327858,0.389115,0.528611,-0.139496
2014-11-23,5.330595,0.390024,0.526902,-0.136878
2014-11-24,5.333333,0.408440,0.525191,-0.116751
2014-11-25,5.336071,0.416535,0.523476,-0.106941
2014-11-26,5.338809,0.402060,0.521759,-0.119699
2014-11-27,5.341547,0.400788,0.520040,-0.119252
2014-11-28,5.344285,0.397774,0.518317,-0.120543
2014-11-29,5.347023,0.406576,0.516593,-0.110017
2014-11-30,5.349760,0.405581,0.514865,-0.109285
2014-12-01,5.352498,0.397215,0.513135,-0.115920
2014-12-02,5.355236,0.404872,0.511403,-0.106531
2014-12-03,5.357974,0.401554,0.509668,-0.108114
2014-12-04,5.360712,0.395834,0.507930,-0.112097
2014-12-05,5.363450,0.393071,0.506191,-0.113120
2014-12-06,5.366188,0.394580,0.504448,-0.109868
2014-12-07,5.368925,0.392262,0.502704,-0.110442
2014-12-08,5.371663,0.385918,0.500957,-0.115040
2014-12-09,5.374401,0.364935,0.499208,-0.134273
2014-12-10,5.377139,0.364453,0.497457,-0.133004
2014-12-11,5.379877,0.362233,0.495703,-0.133470
2014-12-12,5.382615,0.363185,0.493947,-0.130763
2014-12-13,5.385352,0.356726,0.492190,-0.135464
2014-12-14,5.388090,0.357080,0.490430,-0.133350
2014-12-15,5.390828,0.352585,0.488668,-0.136083
2014-12-16,5.393566,0.337306,0.486904,-0.149598
2014-12-17,5.396304,0.319717,0.485138,-0.165420
2014-12-18,5.399042,0.311296,0.483369,-0.172073
2014-12-19,5.401780,0.304800,0.481599,-0.176799
2014-12-20,5.404517,0.316438,0.479828,-0.163389
2014-12-21,5.407255,0.314300,0.478054,-0.163754
2014-12-22,5.409993,0.316750,0.476278,-0.159528
2014-12-23,5.412731,0.323108,0.474501,-0.151393
2014-12-24,5.415469,0.317416,0.472721,-0.155306
2014-12-25,5.418207,0.303549,0.470940,-0.167391
2014-12-26,5.420945,0.306527,0.469158,-0.162630
2014-12-27,5.423682,0.301231,0.467373,-0.166142
2014-12-28,5.426420,0.296211,0.465587,-0.169376
2014-12-29,5.429158,0.294332,0.463800,-0.169467
2014-12-30,5.431896,0.289622,0.462010,-0.172388
2014-12-31,5.434634,0.289222,0.460220,-0.170997
2015-01-01,5.437372,0.291237,0.458427,-0.167190
2015-01-02,5.440110,0.289181,0.456633,-0.167452
2015-01-03,5.442847,0.271101,0.454838,-0.183737
2015-01-04,5.445585,0.228558,0.453042,-0.224484
2015-01-05,5.448323,0.223118,0.451243,-0.228126
2015-01-06,5.451061,0.227205,0.449444,-0.222239
2015-01-07,5.453799,0.244273,0.447643,-0.203370
2015-01-08,5.456537,0.248439,0.445841,-0.197403
2015-01-09,5.459274,0.242556,0.444038,-0.201482
2015-01-10,5.462012,0.231576,0.442234,-0.210657
2015-01-11,5.464750,0.218974,0.440428,-0.221454
2015-01-12,5.467488,0.211020,0.438621,-0.227601
2015-01-13,5.470226,0.164509,0.436813,-0.272304
2015-01-14,5.472964,0.072149,0.435004,-0.362855
2015-01-15,5.475702,0.091059,0.433194,-0.342135
2015-01-16,5.478439,0.100691,0.431383,-0.330692
2015-01-17,5.481177,0.077288,0.429571,-0.352282
2015-01-18,5.483915,0.089261,0.427758,-0.338496
2015-01-19,5.486653,0.097928,0.425944,-0.328015
2015-01-20,5.489391,0.095175,0.424129,-0.328954
2015-01-21,5.492129,0.103627,0.422313,-0.318686
2015-01-22,5.494867,0.130548,0.420497,-0.289948
2015-01-23,5.497604,0.128303,0.418679,-0.290376
2015-01-24,5.500342,0.142094,0.416861,-0.274767
2015-01-25,5.503080,0.161300,0.415042,-0.253743
2015-01-26,5.505818,0.211284,0.413223,-0.201939
2015-01-27,5.508556,0.179060,0.411403,-0.232343
2015-01-28,5.511294,0.165970,0.409582,-0.243612
2015-01-29,5.514031,0.128811,0.407761,-0.278949
2015-01-30,5.516769,0.126485,0.405939,-0.279454
2015-01-31,5.519507,0.118649,0.404116,-0.285467
2015-02-01,5.522245,0.101574,0.402293,-0.300719
2015-02-02,5.524983,0.112968,0.400470,-0.287502
2015-02-03,5.527721,0.130483,0.398646,-0.268163
2015-02-04,5.530459,0.111363,0.396822,-0.285458
2015-02-05,5.533196,0.098439,0.394997,-0.296558
2015-02-06,5.535934,0.093715,0.393172,-0.299457
2015-02-07,5.538672,0.102308,0.391347,-0.289038
2015-02-08,5.541410,0.101601,0.389521,-0.287920
2015-02-09,5.544148,0.092417,0.387696,-0.295279
2015-02-10,5.546886,0.087047,0.385870,-0.298823
2015-02-11,5.549624,0.088413,0.384044,-0.295631
2015-02-12,5.552361,0.087950,0.382217,-0.294268
2015-02-13,5.555099,0.108977,0.380391,-0.271414
2015-02-14,5.557837,0.131185,0.378565,-0.247379
2015-02-15,5.560575,0.137297,0.376738,-0.239441
2015-02-16,5.563313,0.112686,0.374912,-0.262226
2015-02-17,5.566051,0.117632,0.373085,-0.255453
2015-02-18,5.568789,0.117377,0.371259,-0.253882
2015-02-19,5.571526,0.115161,0.369433,-0.254272
2015-02-20,5.574264,0.121713,0.367607,-0.245894
2015-02-21,5.577002,0.121338,0.365781,-0.244443
2015-02-22,5.579740,0.116253,0.363955,-0.247703
2015-02-23,5.582478,0.106718,0.362130,-0.255412
2015-02-24,5.585216,0.109088,0.360304,-0.251216
2015-02-25,5.587953,0.107396,0.358480,-0.251084
2015-02-26,5.590691,0.103917,0.356655,-0.252738
2015-02-27,5.593429,0.124480,0.354831,-0.230350
2015-02-28,5.596167,0.128388,0.353007,-0.224619
2015-03-01,5.598905,0.126859,0.351183,-0.224325
2015-03-02,5.601643,0.143902,0.349360,-0.205458
2015-03-03,5.604381,0.162572,0.347538,-0.184966
2015-03-04,5.607118,0.168591,0.345716,-0.177125
2015-03-05,5.609856,0.156169,0.343895,-0.187726
2015-03-06,5.612594,0.156095,0.342074,-0.185979
2015-03-07,5.615332,0.156127,0.340254,-0.184127
2015-03-08,5.618070,0.158211,0.338434,-0.180223
2015-03-09,5.620808,0.166667,0.336615,-0.169948
2015-03-10,5.623546,0.181356,0.334797,-0.153441
2015-03-11,5.626283,0.182817,0.332980,-0.150162
2015-03-12,5.629021,0.183204,0.331163,-0.147959
2015-03-13,5.631759,0.177879,0.329347,-0.151469
2015-03-14,5.634497,0.170527,0.327532,-0.157005
2015-03-15,5.637235,0.166572,0.325718,-0.159146
2015-03-16,5.639973,0.174536,0.323905,-0.149369
2015-03-17,5.642710,0.170196,0.322093,-0.151897
2015-03-18,5.645448,0.146068,0.320282,-0.174213
2015-03-19,5.648186,0.120561,0.318471,-0.197911
2015-03-20,5.650924,0.124400,0.316662,-0.192262
2015-03-21,5.653662,0.120432,0.314854,-0.194422
2015-03-22,5.656400,0.122372,0.313047,-0.190675
2015-03-23,5.659138,0.129846,0.311241,-0.181396
2015-03-24,5.661875,0.110709,0.309436,-0.198727
2015-03-25,5.664613,0.090935,0.307633,-0.216698
2015-03-26,5.667351,0.097556,0.305831,-0.208275
2015-03-27,5.670089,0.092809,0.304030,-0.211221
2015-03-28,5.672827,0.097468,0.302230,-0.204762
2015-03-29,5.675565,0.086867,0.300432,-0.213565
2015-03-30,5.678303,0.086506,0.298634,-0.212129
2015-03-31,5.681040,0.084602,0.296839,-0.212237
2015-04-01,5.683778,0.079615,0.295045,-0.215430
2015-04-02,5.686516,0.085331,0.293252,-0.207921
2015-04-03,5.689254,0.092450,0.291461,-0.199011
2015-04-04,5.691992,0.091976,0.289671,-0.197695
2015-04-05,5.694730,0.095913,0.287883,-0.191970
2015-04-06,5.697467,0.095558,0.286096,-0.190537
2015-04-07,5.700205,0.089071,0.284311,-0.195240
2015-04-08,5.702943,0.081028,0.282527,-0.201500
2015-04-09,5.705681,0.073437,0.280746,-0.207308
2015-04-10,5.708419,0.062479,0.278966,-0.216487
2015-04-11,5.711157,0.057887,0.277187,-0.219300
2015-04-12,5.713895,0.056144,0.275411,-0.219267
2015-04-13,5.716632,0.046106,0.273636,-0.227530
2015-04-14,5.719370,0.025532,0.271863,-0.246331
2015-04-15,5.722108,0.025552,0.270092,-0.244540
2015-04-16,5.724846,0.034186,0.268323,-0.234137
2015-04-17,5.727584,0.028172,0.266556,-0.238384
2015-04-18,5.730322,0.024281,0.264791,-0.240509
2015-04-19,5.733060,0.025694,0.263027,-0.237333
2015-04-20,5.735797,0.024334,0.261266,-0.236932
2015-04-21,5.738535,0.026560,0.259507,-0.232946
2015-04-22,5.741273,0.040949,0.257750,-0.216800
2015-04-23,5.744011,0.038825,0.255995,-0.217169
2015-04-24,5.746749,0.034157,0.254242,-0.220085
2015-04-25,5.749487,0.027049,0.252491,-0.225442
2015-04-26,5.752225,0.010311,0.250742,-0.240431
2015-04-27,5.754962,0.012523,0.248996,-0.236473
2015-04-28,5.757700,0.017315,0.247252,-0.229937
2015-04-29,5.760438,0.016153,0.245510,-0.229358
2015-04-30,5.763176,0.027297,0.243771,-0.216474
2015-05-01,5.765914,0.032595,0.242034,-0.209439
2015-05-02,5.768652,0.030042,0.240299,-0.210257
2015-05-03,5.771389,0.037154,0.238567,-0.201413
2015-05-04,5.774127,0.036506,0.236837,-0.200331
2015-05-05,5.776865,0.027615,0.235110,-0.207494
2015-05-06,5.779603,0.026348,0.233385,-0.207036
2015-05-07,5.782341,0.020853,0.231662,-0.210809
2015-05-08,5.785079,0.031397,0.229942,-0.198545
2015-05-09,5.787817,0.035853,0.228225,-0.192372
2015-05-10,5.790554,0.032948,0.226511,-0.193562
2015-05-11,5.793292,0.032674,0.224799,-0.192125
2015-05-12,5.796030,0.031924,0.223089,-0.191165
2015-05-13,5.798768,0.031868,0.221383,-0.189515
2015-05-14,5.801506,0.022353,0.219679,-0.197326
2015-05-15,5.804244,0.022433,0.217978,-0.195545
2015-05-16,5.806982,0.019853,0.216280,-0.196426
2015-05-17,5.809719,0.018022,0.214584,-0.196562
2015-05-18,5.812457,0.015650,0.212892,-0.197241
2015-05-19,5.815195,0.009984,0.211202,-0.201219
2015-05-20,5.817933,0.009297,0.209515,-0.200218
2015-05-21,5.820671,0.010832,0.207832,-0.196999
2015-05-22,5.823409,0.013298,0.206151,-0.192852
2015-05-23,5.826146,0.016552,0.204473,-0.187921
2015-05-24,5.828884,0.015149,0.202798,-0.187649
2015-05-25,5.831622,0.012039,0.201126,-0.189087
2015-05-26,5.834360,0.009033,0.199458,-0.190425
2015-05-27,5.837098,0.008111,0.197792,-0.189681
2015-05-28,5.839836,0.006817,0.196130,-0.189312
2015-05-29,5.842574,0.004806,0.194470,-0.189664
2015-05-30,5.845311,-0.000500,0.192814,-0.193314
2015-05-31,5.848049,-0.004019,0.191161,-0.195180
2015-06-01,5.850787,-0.014611,0.189512,-0.204123
2015-06-02,5.853525,-0.020210,0.187866,-0.208075
2015-06-03,5.856263,-0.018947,0.186223,-0.205170
2015-06-04,5.859001,-0.020317,0.184583,-0.204900
2015-06-05,5.861739,-0.023684,0.182947,-0.206631
2015-06-06,5.864476,-0.024803,0.181314,-0.206117
2015-06-07,5.867214,-0.026594,0.179685,-0.206279
2015-06-08,5.869952,-0.023962,0.178059,-0.202020
2015-06-09,5.872690,-0.019218,0.176436,-0.195654
2015-06-10,5.875428,-0.021430,0.174817,-0.196247
2015-06-11,5.878166,-0.021167,0.173202,-0.194368
2015-06-12,5.880903,-0.021618,0.171590,-0.193208
2015-06-13,5.883641,-0.021887,0.169981,-0.191869
2015-06-14,5.886379,-0.018933,0.168377,-0.187310
2015-06-15,5.889117,-0.016275,0.166776,-0.183051
2015-06-16,5.891855,-0.004589,0.165178,-0.169768
2015-06-17,5.894593,0.009461,0.163585,-0.154124
2015-06-18,5.897331,0.005386,0.161995,-0.156609
2015-06-19,5.900068,0.002978,0.160409,-0.157431
2015-06-20,5.902806,-0.004476,0.158826,-0.163302
2015-06-21,5.905544,-0.005867,0.157248,-0.163115
2015-06-22,5.908282,-0.004102,0.155673,-0.159775
2015-06-23,5.911020,-0.006225,0.154102,-0.160327
2015-06-24,5.913758,-0.011500,0.152535,-0.164035
2015-06-25,5.916496,-0.013393,0.150972,-0.164365
2015-06-26,5.919233,-0.013750,0.149413,-0.163163
2015-06-27,5.921971,-0.008915,0.147858,-0.156773
2015-06-28,5.924709,-0.004574,0.146307,-0.150881
2015-06-29,5.927447,0.001093,0.144760,-0.143666
2015-06-30,5.930185,0.016833,0.143217,-0.126384
2015-07-01,5.932923,0.010403,0.141678,-0.131274
2015-07-02,5.935661,0.005080,0.140143,-0.135063
2015-07-03,5.938398,0.001568,0.138612,-0.137044
2015-07-04,5.941136,0.002356,0.137085,-0.134729
2015-07-05,5.943874,0.012899,0.135563,-0.122664
2015-07-06,5.946612,0.023971,0.134045,-0.110073
2015-07-07,5.949350,0.017605,0.132531,-0.114926
2015-07-08,5.952088,0.018049,0.131021,-0.112972
2015-07-09,5.954825,0.019151,0.129515,-0.110364
2015-07-10,5.957563,0.036833,0.128014,-0.091181
2015-07-11,5.960301,0.050734,0.126517,-0.075783
2015-07-12,5.963039,0.068263,0.125025,-0.056761
2015-07-13,5.965777,0.054350,0.123537,-0.069187
2015-07-14,5.968515,0.048313,0.122053,-0.073739
2015-07-15,5.971253,0.045256,0.120574,-0.075317
2015-07-16,5.973990,0.031968,0.119099,-0.087131
2015-07-17,5.976728,0.024030,0.117628,-0.093598
2015-07-18,5.979466,0.023371,0.116162,-0.092791
2015-07-19,5.982204,0.018965,0.114701,-0.095736
2015-07-20,5.984942,0.019213,0.113244,-0.094031
2015-07-21,5.987680,0.021144,0.111792,-0.090648
2015-07-22,5.990418,0.016858,0.110345,-0.093486
2015-07-23,5.993155,0.016543,0.108902,-0.092359
2015-07-24,5.995893,0.025213,0.107463,-0.082250
2015-07-25,5.998631,0.032461,0.106030,-0.073568
2015-07-26,6.001369,0.034688,0.104601,-0.069912
2015-07-27,6.004107,0.035495,0.103176,-0.067682
2015-07-28,6.006845,0.037674,0.101757,-0.064083
2015-07-29,6.009582,0.031396,0.100342,-0.068947
2015-07-30,6.012320,0.026066,0.098932,-0.072866
2015-07-31,6.015058,0.021561,0.097527,-0.075966
2015-08-01,6.017796,0.015014,0.096127,-0.081112
2015-08-02,6.020534,0.012136,0.094731,-0.082596
2015-08-03,6.023272,0.015183,0.093341,-0.078157
2015-08-04,6.026010,0.015845,0.091955,-0.076110
2015-08-05,6.028747,0.013147,0.090574,-0.077428
2015-08-06,6.031485,0.007579,0.089199,-0.081620
2015-08-07,6.034223,0.004685,0.087828,-0.083143
2015-08-08,6.036961,-0.005096,0.086462,-0.091559
2015-08-09,6.039699,-0.021239,0.085101,-0.106341
2015-08-10,6.042437,-0.020502,0.083746,-0.104248
2015-08-11,6.045175,-0.018725,0.082395,-0.101120
2015-08-12,6.047912,-0.017226,0.081049,-0.098275
2015-08-13,6.050650,-0.023658,0.079709,-0.103367
2015-08-14,6.053388,-0.023779,0.078374,-0.102153
2015-08-15,6.056126,-0.024505,0.077043,-0.101549
2015-08-16,6.058864,-0.035012,0.075718,-0.110731
2015-08-17,6.061602,-0.038043,0.074399,-0.112442
2015-08-18,6.064339,-0.046061,0.073084,-0.119145
2015-08-19,6.067077,-0.086454,0.071775,-0.158229
2015-08-20,6.069815,-0.085613,0.070471,-0.156083
2015-08-21,6.072553,-0.085628,0.069172,-0.154800
2015-08-22,6.075291,-0.093391,0.067878,-0.161269
2015-08-23,6.078029,-0.095524,0.066590,-0.162115
2015-08-24,6.080767,-0.114513,0.065307,-0.179820
2015-08-25,6.083504,-0.123296,0.064030,-0.187326
2015-08-26,6.086242,-0.104719,0.062758,-0.167477
2015-08-27,6.088980,-0.105746,0.061491,-0.167237
2015-08-28,6.091718,-0.103018,0.060230,-0.163248
2015-08-29,6.094456,-0.100175,0.058974,-0.159149
2015-08-30,6.097194,-0.104081,0.057724,-0.161805
2015-08-31,6.099932,-0.104414,0.056479,-0.160893
2015-09-01,6.102669,-0.105732,0.055240,-0.160972
2015-09-02,6.105407,-0.107221,0.054006,-0.161227
2015-09-03,6.108145,-0.109628,0.052778,-0.162406
2015-09-04,6.110883,-0.107511,0.051555,-0.159066
2015-09-05,6.113621,-0.102693,0.050338,-0.153031
2015-09-06,6.116359,-0.090059,0.049126,-0.139186
2015-09-07,6.119097,-0.089637,0.047920,-0.137557
2015-09-08,6.121834,-0.085656,0.046720,-0.132376
2015-09-09,6.124572,-0.092083,0.045526,-0.137609
2015-09-10,6.127310,-0.095995,0.044337,-0.140331
2015-09-11,6.130048,-0.093905,0.043154,-0.137058
2015-09-12,6.132786,-0.097125,0.041976,-0.139102
2015-09-13,6.135524,-0.108354,0.040804,-0.149158
2015-09-14,6.138261,-0.114089,0.039638,-0.153727
2015-09-15,6.140999,-0.114600,0.038478,-0.153079
2015-09-16,6.143737,-0.119441,0.037324,-0.156765
2015-09-17,6.146475,-0.117662,0.036175,-0.153838
2015-09-18,6.149213,-0.113570,0.035033,-0.148603
2015-09-19,6.151951,-0.117213,0.033896,-0.151109
2015-09-20,6.154689,-0.118975,0.032765,-0.151740
2015-09-21,6.157426,-0.125936,0.031640,-0.157576
2015-09-22,6.160164,-0.125067,0.030521,-0.155588
2015-09-23,6.162902,-0.123207,0.029407,-0.152614
2015-09-24,6.165640,-0.121597,0.028300,-0.149897
2015-09-25,6.168378,-0.116824,0.027199,-0.144022
2015-09-26,6.171116,-0.119703,0.026103,-0.145806
2015-09-27,6.173854,-0.122443,0.025014,-0.147456
2015-09-28,6.176591,-0.116161,0.023930,-0.140091
2015-09-29,6.179329,-0.115961,0.022853,-0.138814
2015-09-30,6.182067,-0.119051,0.021782,-0.140832
2015-10-01,6.184805,-0.119466,0.020716,-0.140182
2015-10-02,6.187543,-0.119591,0.019657,-0.139248
2015-10-03,6.190281,-0.119382,0.018604,-0.137986
2015-10-04,6.193018,-0.119344,0.017557,-0.136901
2015-10-05,6.195756,-0.120379,0.016516,-0.136895
2015-10-06,6.198494,-0.114579,0.015482,-0.130060
2015-10-07,6.201232,-0.112160,0.014453,-0.126613
2015-10-08,6.203970,-0.115010,0.013431,-0.128441
2015-10-09,6.206708,-0.115068,0.012414,-0.127482
2015-10-10,6.209446,-0.115183,0.011404,-0.126588
2015-10-11,6.212183,-0.113725,0.010401,-0.124126
2015-10-12,6.214921,-0.113760,0.009403,-0.123164
2015-10-13,6.217659,-0.113156,0.008412,-0.121568
2015-10-14,6.220397,-0.108344,0.007427,-0.115771
2015-10-15,6.223135,-0.103997,0.006448,-0.110445
2015-10-16,6.225873,-0.095736,0.005476,-0.101212
2015-10-17,6.228611,-0.081771,0.004509,-0.086280
2015-10-18,6.231348,-0.086553,0.003550,-0.090103
2015-10-19,6.234086,-0.091769,0.002596,-0.094365
2015-10-20,6.236824,-0.086660,0.001649,-0.088309
2015-10-21,6.239562,-0.087099,0.000708,-0.087807
2015-10-22,6.242300,-0.081993,-0.000226,-0.081767
2015-10-23,6.245038,-0.075117,-0.001154,-0.073963
2015-10-24,6.247775,-0.071523,-0.002076,-0.069448
2015-10-25,6.250513,-0.058330,-0.002991,-0.055339
2015-10-26,6.253251,-0.065911,-0.003899,-0.062012
2015-10-27,6.255989,-0.056062,-0.004802,-0.051260
2015-10-28,6.258727,-0.044844,-0.005697,-0.039146
2015-10-29,6.261465,-0.033956,-0.006587,-0.027369
2015-10-30,6.264203,-0.013545,-0.007469,-0.006076
2015-10-31,6.266940,-0.017478,-0.008346,-0.009132
2015-11-01,6.269678,-0.024149,-0.009215,-0.014934
2015-11-02,6.272416,-0.001854,-0.010079,0.008225
2015-11-03,6.275154,0.051934,-0.010935,0.062869
2015-11-04,6.277892,0.117465,-0.011785,0.129251
2015-11-05,6.280630,0.072479,-0.012629,0.085108
2015-11-06,6.283368,0.040505,-0.013466,0.053971
2015-11-07,6.286105,0.052304,-0.014296,0.066601
2015-11-08,6.288843,0.049375,-0.015120,0.064495
2015-11-09,6.291581,0.040116,-0.015937,0.056054
2015-11-10,6.294319,0.027936,-0.016748,0.044683
2015-11-11,6.297057,-0.034568,-0.017552,-0.017016
2015-11-12,6.299795,-0.020081,-0.018349,-0.001732
2015-11-13,6.302533,-0.012549,-0.019140,0.006590
2015-11-14,6.305270,-0.012909,-0.019923,0.007014
2015-11-15,6.308008,-0.021713,-0.020701,-0.001012
2015-11-16,6.310746,-0.030273,-0.021471,-0.008802
2015-11-17,6.313484,-0.016050,-0.022235,0.006185
2015-11-18,6.316222,-0.019141,-0.022992,0.003851
2015-11-19,6.318960,-0.023713,-0.023742,0.000030
2015-11-20,6.321697,-0.038188,-0.024486,-0.013702
2015-11-21,6.324435,-0.033278,-0.025223,-0.008055
2015-11-22,6.327173,-0.034878,-0.025953,-0.008925
2015-11-23,6.329911,-0.037357,-0.026676,-0.010681
2015-11-24,6.332649,-0.041333,-0.027393,-0.013940
2015-11-25,6.335387,-0.039278,-0.028103,-0.011175
2015-11-26,6.338125,-0.014104,-0.028806,0.014702
2015-11-27,6.340862,0.000644,-0.029502,0.030146
2015-11-28,6.343600,-0.000869,-0.030191,0.029322
2015-11-29,6.346338,0.004463,-0.030874,0.035336
2015-11-30,6.349076,0.021594,-0.031549,0.053143
2015-12-01,6.351814,0.010486,-0.032218,0.042704
2015-12-02,6.354552,-0.003399,-0.032880,0.029481
2015-12-03,6.357290,0.002967,-0.033535,0.036502
2015-12-04,6.360027,-0.000189,-0.034183,0.033994
2015-12-05,6.362765,0.014917,-0.034825,0.049742
2015-12-06,6.365503,0.034422,-0.035459,0.069881
2015-12-07,6.368241,0.033364,-0.036087,0.069451
2015-12-08,6.370979,0.034607,-0.036707,0.071314
2015-12-09,6.373717,0.056342,-0.037321,0.093663
2015-12-10,6.376454,0.061466,-0.037928,0.099393
2015-12-11,6.379192,0.071061,-0.038527,0.109589
2015-12-12,6.381930,0.070564,-0.039120,0.109684
2015-12-13,6.384668,0.071523,-0.039706,0.111229
2015-12-14,6.387406,0.075972,-0.040285,0.116257
2015-12-15,6.390144,0.089122,-0.040857,0.129980
2015-12-16,6.392882,0.088889,-0.041423,0.130312
2015-12-17,6.395619,0.086194,-0.041981,0.128174
2015-12-18,6.398357,0.095077,-0.042532,0.137609
2015-12-19,6.401095,0.091811,-0.043076,0.134886
2015-12-20,6.403833,0.082393,-0.043613,0.126006
2015-12-21,6.406571,0.067463,-0.044143,0.111606
2015-12-22,6.409309,0.067010,-0.044666,0.111676
2015-12-23,6.412047,0.067803,-0.045182,0.112985
2015-12-24,6.414784,0.079789,-0.045691,0.125481
2015-12-25,6.417522,0.079944,-0.046193,0.126137
2015-12-26,6.420260,0.055241,-0.046688,0.101929
2015-12-27,6.422998,0.042917,-0.047176,0.090093
2015-12-28,6.425736,0.047535,-0.047657,0.095193
2015-12-29,6.428474,0.047969,-0.048131,0.096100
2015-12-30,6.431211,0.050445,-0.048598,0.099043
2015-12-31,6.433949,0.046513,-0.049058,0.095571
2016-01-01,6.436687,0.051013,-0.049511,0.100524
2016-01-02,6.439425,0.051494,-0.049956,0.101450
2016-01-03,6.442163,0.045938,-0.050395,0.096333
2016-01-04,6.444901,0.047267,-0.050826,0.098093
2016-01-05,6.447639,0.047161,-0.051251,0.098411
2016-01-06,6.450376,0.044220,-0.051668,0.095888
2016-01-07,6.453114,0.060883,-0.052078,0.112961
2016-01-08,6.455852,0.066728,-0.052481,0.119209
2016-01-09,6.458590,0.061737,-0.052877,0.114614
2016-01-10,6.461328,0.055504,-0.053266,0.108771
2016-01-11,6.464066,0.056945,-0.053648,0.110593
2016-01-12,6.466804,0.055595,-0.054023,0.109618
2016-01-13,6.469541,0.037714,-0.054390,0.092105
2016-01-14,6.472279,0.037939,-0.054751,0.092690
2016-01-15,6.475017,0.008386,-0.055104,0.063491
2016-01-16,6.477755,-0.028594,-0.055450,0.026856
2016-01-17,6.480493,-0.014366,-0.055790,0.041424
2016-01-18,6.483231,-0.016685,-0.056122,0.039437
2016-01-19,6.485969,-0.017150,-0.056446,0.039296
2016-01-20,6.488706,-0.007084,-0.056764,0.049680
2016-01-21,6.491444,0.014908,-0.057075,0.071982
2016-01-22,6.494182,-0.008815,-0.057378,0.048563
2016-01-23,6.496920,-0.015261,-0.057674,0.042413
2016-01-24,6.499658,-0.008042,-0.057964,0.049922
2016-01-25,6.502396,-0.009711,-0.058246,0.048534
2016-01-26,6.505133,-0.012681,-0.058520,0.045840
2016-01-27,6.507871,-0.012609,-0.058788,0.046179
2016-01-28,6.510609,-0.025304,-0.059049,0.033745
2016-01-29,6.513347,-0.034929,-0.059302,0.024373
2016-01-30,6.516085,-0.033477,-0.059548,0.026071
2016-01-31,6.518823,-0.034842,-0.059787,0.024946
2016-02-01,6.521561,-0.040755,-0.060019,0.019264
2016-02-02,6.524298,-0.041332,-0.060244,0.018912
2016-02-03,6.527036,-0.045325,-0.060462,0.015137
2016-02-04,6.529774,-0.038946,-0.060672,0.021726
2016-02-05,6.532512,-0.030271,-0.060876,0.030604
2016-02-06,6.535250,-0.042085,-0.061072,0.018987
2016-02-07,6.537988,-0.043500,-0.061261,0.017761
2016-02-08,6.540726,-0.044881,-0.061443,0.016561
2016-02-09,6.543463,-0.048246,-0.061617,0.013372
2016-02-10,6.546201,-0.044344,-0.061785,0.017441
2016-02-11,6.548939,-0.044975,-0.061945,0.016970
2016-02-12,6.551677,-0.042757,-0.062099,0.019342
2016-02-13,6.554415,-0.035859,-0.062245,0.026386
2016-02-14,6.557153,-0.025545,-0.062384,0.036838
2016-02-15,6.559890,-0.022579,-0.062516,0.039937
2016-02-16,6.562628,-0.022215,-0.062640,0.040425
2016-02-17,6.565366,-0.012080,-0.062758,0.050677
2016-02-18,6.568104,-0.006864,-0.062868,0.056004
2016-02-19,6.570842,-0.007576,-0.062971,0.055395
2016-02-20,6.573580,0.001466,-0.063067,0.064534
2016-02-21,6.576318,0.008087,-0.063156,0.071244
2016-02-22,6.579055,0.005686,-0.063238,0.068924
2016-02-23,6.581793,-0.004164,-0.063313,0.059148
2016-02-24,6.584531,-0.011249,-0.063380,0.052131
2016-02-25,6.587269,-0.010031,-0.063441,0.053410
2016-02-26,6.590007,-0.009988,-0.063494,0.053506
2016-02-27,6.592745,-0.002808,-0.063540,0.060732
2016-02-28,6.595483,-0.006571,-0.063579,0.057008
2016-02-29,6.598220,-0.000438,-0.063611,0.063173
2016-03-01,6.600958,-0.003372,-0.063636,0.060264
2016-03-02,6.603696,-0.006744,-0.063653,0.056909
2016-03-03,6.606434,-0.018127,-0.063664,0.045537
2016-03-04,6.609172,-0.021296,-0.063667,0.042372
2016-03-05,6.611910,-0.039403,-0.063664,0.024260
2016-03-06,6.614648,-0.040133,-0.063653,0.023520
2016-03-07,6.617385,-0.034784,-0.063635,0.028851
2016-03-08,6.620123,-0.032458,-0.063610,0.031152
2016-03-09,6.622861,-0.033548,-0.063578,0.030030
2016-03-10,6.625599,-0.032503,-0.063539,0.031036
2016-03-11,6.628337,-0.027257,-0.063493,0.036236
2016-03-12,6.631075,-0.034016,-0.063439,0.029423
2016-03-13,6.633812,-0.036127,-0.063379,0.027252
2016-03-14,6.636550,-0.035530,-0.063312,0.027782
2016-03-15,6.639288,-0.034537,-0.063237,0.028700
2016-03-16,6.642026,-0.035682,-0.063156,0.027474
2016-03-17,6.644764,-0.033649,-0.063067,0.029418
2016-03-18,6.647502,-0.039675,-0.062972,0.023297
2016-03-19,6.650240,-0.045652,-0.062869,0.017217
2016-03-20,6.652977,-0.044013,-0.062759,0.018746
2016-03-21,6.655715,-0.045717,-0.062642,0.016926
2016-03-22,6.658453,-0.040775,-0.062519,0.021743
2016-03-23,6.661191,-0.040170,-0.062388,0.022218
2016-03-24,6.663929,-0.042398,-0.062250,0.019852
2016-03-25,6.666667,-0.043974,-0.062105,0.018131
2016-03-26,6.669405,-0.044257,-0.061954,0.017696
2016-03-27,6.672142,-0.041293,-0.061795,0.020502
2016-03-28,6.674880,-0.038661,-0.061629,0.022968
2016-03-29,6.677618,-0.044576,-0.061456,0.016880
2016-03-30,6.680356,-0.050765,-0.061277,0.010512
2016-03-31,6.683094,-0.049162,-0.061090,0.011928
2016-04-01,6.685832,-0.049969,-0.060897,0.010927
2016-04-02,6.688569,-0.047533,-0.060696,0.013163
2016-04-03,6.691307,-0.049083,-0.060488,0.011405
2016-04-04,6.694045,-0.049464,-0.060274,0.010810
2016-04-05,6.696783,-0.047484,-0.060053,0.012569
2016-04-06,6.699521,-0.048028,-0.059824,0.011797
2016-04-07,6.702259,-0.050070,-0.059589,0.009519
2016-04-08,6.704997,-0.050604,-0.059347,0.008743
2016-04-09,6.707734,-0.055311,-0.059098,0.003787
2016-04-10,6.710472,-0.053523,-0.058842,0.005320
2016-04-11,6.713210,-0.053471,-0.058580,0.005108
2016-04-12,6.715948,-0.050798,-0.058310,0.007512
2016-04-13,6.718686,-0.051500,-0.058034,0.006534
2016-04-14,6.721424,-0.053003,-0.057750,0.004747
2016-04-15,6.724162,-0.050930,-0.057460,0.006530
2016-04-16,6.726899,-0.049005,-0.057163,0.008158
2016-04-17,6.729637,-0.051891,-0.056859,0.004968
2016-04-18,6.732375,-0.052982,-0.056549,0.003567
2016-04-19,6.735113,-0.052513,-0.056231,0.003718
2016-04-20,6.737851,-0.044985,-0.055907,0.010922
2016-04-21,6.740589,-0.040068,-0.055576,0.015509
2016-04-22,6.743326,-0.038493,-0.055238,0.016746
2016-04-23,6.746064,-0.038855,-0.054894,0.016039
2016-04-24,6.748802,-0.033227,-0.054543,0.021315
2016-04-25,6.751540,-0.029279,-0.054184,0.024905
2016-04-26,6.754278,-0.025785,-0.053820,0.028034
2016-04-27,6.757016,-0.030526,-0.053448,0.022923
2016-04-28,6.759754,-0.044986,-0.053070,0.008084
2016-04-29,6.762491,-0.040707,-0.052685,0.011978
2016-04-30,6.765229,-0.039563,-0.052294,0.012731
2016-05-01,6.767967,-0.041898,-0.051895,0.009997
2016-05-02,6.770705,-0.046951,-0.051490,0.004539
2016-05-03,6.773443,-0.047466,-0.051079,0.003612
2016-05-04,6.776181,-0.047489,-0.050660,0.003172
2016-05-05,6.778919,-0.048738,-0.050236,0.001498
2016-05-06,6.781656,-0.045358,-0.049804,0.004446
2016-05-07,6.784394,-0.040377,-0.049366,0.008989
2016-05-08,6.787132,-0.041775,-0.048921,0.007147
2016-05-09,6.789870,-0.041247,-0.048470,0.007223
2016-05-10,6.792608,-0.044636,-0.048012,0.003376
2016-05-11,6.795346,-0.048656,-0.047548,-0.001109
2016-05-12,6.798084,-0.051030,-0.047077,-0.003954
2016-05-13,6.800821,-0.049049,-0.046599,-0.002450
2016-05-14,6.803559,-0.049190,-0.046115,-0.003074
2016-05-15,6.806297,-0.049397,-0.045625,-0.003773
2016-05-16,6.809035,-0.050329,-0.045127,-0.005201
2016-05-17,6.811773,-0.053768,-0.044624,-0.009145
2016-05-18,6.814511,-0.054152,-0.044114,-0.010038
2016-05-19,6.817248,-0.059925,-0.043597,-0.016327
2016-05-20,6.819986,-0.068882,-0.043075,-0.025807
2016-05-21,6.822724,-0.069136,-0.042545,-0.026591
2016-05-22,6.825462,-0.070354,-0.042009,-0.028344
2016-05-23,6.828200,-0.071127,-0.041467,-0.029660
2016-05-24,6.830938,-0.068647,-0.040919,-0.027728
2016-05-25,6.833676,-0.066562,-0.040364,-0.026198
2016-05-26,6.836413,-0.064759,-0.039802,-0.024956
2016-05-27,6.839151,-0.046890,-0.039235,-0.007656
2016-05-28,6.841889,-0.025993,-0.038661,0.012668
2016-05-29,6.844627,-0.004339,-0.038080,0.033741
2016-05-30,6.847365,0.002719,-0.037494,0.040213
2016-05-31,6.850103,0.004130,-0.036901,0.041030
2016-06-01,6.852841,0.002504,-0.036302,0.038805
2016-06-02,6.855578,0.006096,-0.035696,0.041793
2016-06-03,6.858316,0.017203,-0.035084,0.052288
2016-06-04,6.861054,0.031561,-0.034466,0.066028
2016-06-05,6.863792,0.032566,-0.033842,0.066408
2016-06-06,6.866530,0.035438,-0.033212,0.068650
2016-06-07,6.869268,0.035462,-0.032575,0.068037
2016-06-08,6.872005,0.031969,-0.031933,0.063902
2016-06-09,6.874743,0.030384,-0.031284,0.061668
2016-06-10,6.877481,0.028651,-0.030629,0.059280
2016-06-11,6.880219,0.032772,-0.029968,0.062740
2016-06-12,6.882957,0.071649,-0.029300,0.100950
2016-06-13,6.885695,0.102484,-0.028627,0.131112
2016-06-14,6.888433,0.100958,-0.027948,0.128906
2016-06-15,6.891170,0.098446,-0.027262,0.125708
2016-06-16,6.893908,0.129778,-0.026571,0.156349
2016-06-17,6.896646,0.135007,-0.025873,0.160880
2016-06-18,6.899384,0.136271,-0.025170,0.161441
2016-06-19,6.902122,0.137414,-0.024460,0.161874
2016-06-20,6.904860,0.132357,-0.023744,0.156101
2016-06-21,6.907598,0.091204,-0.023023,0.114227
2016-06-22,6.910335,0.070652,-0.022296,0.092947
2016-06-23,6.913073,0.029831,-0.021562,0.051393
2016-06-24,6.915811,0.073479,-0.020823,0.094302
2016-06-25,6.918549,0.082558,-0.020078,0.102636
2016-06-26,6.921287,0.061483,-0.019327,0.080810
2016-06-27,6.924025,0.059628,-0.018570,0.078198
2016-06-28,6.926762,0.066168,-0.017807,0.083975
2016-06-29,6.929500,0.054209,-0.017039,0.071248
2016-06-30,6.932238,0.065547,-0.016264,0.081811
2016-07-01,6.934976,0.078885,-0.015484,0.094370
2016-07-02,6.937714,0.084971,-0.014698,0.099669
2016-07-03,6.940452,0.076147,-0.013907,0.090054
2016-07-04,6.943190,0.072364,-0.013109,0.085474
2016-07-05,6.945927,0.073405,-0.012306,0.085711
2016-07-06,6.948665,0.071889,-0.011498,0.083386
2016-07-07,6.951403,0.051343,-0.010683,0.062027
2016-07-08,6.954141,0.053850,-0.009863,0.063713
2016-07-09,6.956879,0.055969,-0.009037,0.065006
2016-07-10,6.959617,0.052342,-0.008206,0.060548
2016-07-11,6.962355,0.052215,-0.007369,0.059584
2016-07-12,6.965092,0.057774,-0.006527,0.064301
2016-07-13,6.967830,0.061124,-0.005679,0.066803
2016-07-14,6.970568,0.055839,-0.004825,0.060664
2016-07-15,6.973306,0.058659,-0.003966,0.062625
2016-07-16,6.976044,0.058150,-0.003101,0.061252
2016-07-17,6.978782,0.061161,-0.002231,0.063392
2016-07-18,6.981520,0.064390,-0.001356,0.065746
2016-07-19,6.984257,0.059932,-0.000475,0.060407
2016-07-20,6.986995,0.058363,0.000412,0.057952
2016-07-21,6.989733,0.053426,0.001304,0.052122
2016-07-22,6.992471,0.050816,0.002201,0.048615
2016-07-23,6.995209,0.045533,0.003103,0.042429
2016-07-24,6.997947,0.046778,0.004011,0.042767
2016-07-25,7.000684,0.045480,0.004924,0.040555
2016-07-26,7.003422,0.041927,0.005843,0.036084
2016-07-27,7.006160,0.041981,0.006767,0.035215
2016-07-28,7.008898,0.042115,0.007696,0.034420
2016-07-29,7.011636,0.042018,0.008630,0.033388
2016-07-30,7.014374,0.040623,0.009569,0.031054
2016-07-31,7.017112,0.026789,0.010514,0.016274
2016-08-01,7.019849,0.015181,0.011464,0.003717
2016-08-02,7.022587,-0.005724,0.012419,-0.018143
2016-08-03,7.025325,-0.038024,0.013379,-0.051403
2016-08-04,7.028063,-0.022269,0.014344,-0.036613
2016-08-05,7.030801,-0.023335,0.015315,-0.038649
2016-08-06,7.033539,-0.021677,0.016290,-0.037967
2016-08-07,7.036277,-0.011064,0.017271,-0.028335
2016-08-08,7.039014,-0.012193,0.018256,-0.030449
2016-08-09,7.041752,-0.015227,0.019247,-0.034473
2016-08-10,7.044490,-0.013277,0.020242,-0.033520
2016-08-11,7.047228,-0.012748,0.021242,-0.033991
2016-08-12,7.049966,-0.017846,0.022248,-0.040094
2016-08-13,7.052704,-0.018617,0.023258,-0.041875
2016-08-14,7.055441,-0.027443,0.024273,-0.051717
2016-08-15,7.058179,-0.033351,0.025293,-0.058644
2016-08-16,7.060917,-0.032032,0.026318,-0.058350
2016-08-17,7.063655,-0.030944,0.027348,-0.058292
2016-08-18,7.066393,-0.032292,0.028382,-0.060675
2016-08-19,7.069131,-0.031989,0.029422,-0.061411
2016-08-20,7.071869,-0.031320,0.030466,-0.061785
2016-08-21,7.074606,-0.029511,0.031514,-0.061025
2016-08-22,7.077344,-0.027043,0.032568,-0.059610
2016-08-23,7.080082,-0.029084,0.033626,-0.062710
2016-08-24,7.082820,-0.032325,0.034689,-0.067014
2016-08-25,7.085558,-0.036802,0.035756,-0.072558
2016-08-26,7.088296,-0.036439,0.036828,-0.073267
2016-08-27,7.091034,-0.041015,0.037905,-0.078920
2016-08-28,7.093771,-0.043026,0.038986,-0.082012
2016-08-29,7.096509,-0.042284,0.040072,-0.082355
2016-08-30,7.099247,-0.039680,0.041162,-0.080842
2016-08-31,7.101985,-0.044576,0.042257,-0.086833
2016-09-01,7.104723,-0.046086,0.043356,-0.089442
2016-09-02,7.107461,-0.046559,0.044460,-0.091019
2016-09-03,7.110198,-0.042447,0.045568,-0.088015
2016-09-04,7.112936,-0.026212,0.046681,-0.072893
2016-09-05,7.115674,-0.025713,0.047798,-0.073510
2016-09-06,7.118412,-0.024853,0.048919,-0.073771
2016-09-07,7.121150,-0.023618,0.050044,-0.073662
2016-09-08,7.123888,-0.016731,0.051174,-0.067906
2016-09-09,7.126626,-0.016839,0.052309,-0.069148
2016-09-10,7.129363,-0.016350,0.053447,-0.069797
2016-09-11,7.132101,-0.019148,0.054590,-0.073737
2016-09-12,7.134839,-0.028416,0.055737,-0.084153
2016-09-13,7.137577,-0.028127,0.056888,-0.085015
2016-09-14,7.140315,-0.028062,0.058043,-0.086105
2016-09-15,7.143053,-0.029696,0.059202,-0.088898
2016-09-16,7.145791,-0.031682,0.060366,-0.092048
2016-09-17,7.148528,-0.033264,0.061533,-0.094798
2016-09-18,7.151266,-0.033599,0.062705,-0.096304
2016-09-19,7.154004,-0.033795,0.063881,-0.097676
2016-09-20,7.156742,-0.034822,0.065060,-0.099883
2016-09-21,7.159480,-0.042626,0.066244,-0.108870
2016-09-22,7.162218,-0.044844,0.067432,-0.112276
2016-09-23,7.164956,-0.044431,0.068623,-0.113054
2016-09-24,7.167693,-0.042922,0.069819,-0.112741
2016-09-25,7.170431,-0.045003,0.071018,-0.116021
2016-09-26,7.173169,-0.042721,0.072221,-0.114942
2016-09-27,7.175907,-0.043201,0.073428,-0.116629
2016-09-28,7.178645,-0.044531,0.074639,-0.119170
2016-09-29,7.181383,-0.045375,0.075854,-0.121229
2016-09-30,7.184120,-0.046511,0.077072,-0.123583
2016-10-01,7.186858,-0.042450,0.078294,-0.120744
2016-10-02,7.189596,-0.044408,0.079520,-0.123928
2016-10-03,7.192334,-0.045095,0.080750,-0.125845
2016-10-04,7.195072,-0.046736,0.081983,-0.128719
2016-10-05,7.197810,-0.045810,0.083219,-0.129030
2016-10-06,7.200548,-0.047023,0.084460,-0.131483
2016-10-07,7.203285,-0.045986,0.085704,-0.131690
2016-10-08,7.206023,-0.044728,0.086951,-0.131679
2016-10-09,7.208761,-0.046677,0.088202,-0.134880
2016-10-10,7.211499,-0.047246,0.089457,-0.136703
2016-10-11,7.214237,-0.037693,0.090715,-0.128408
2016-10-12,7.216975,-0.034665,0.091976,-0.126641
2016-10-13,7.219713,-0.035857,0.093241,-0.129098
2016-10-14,7.222450,-0.036191,0.094509,-0.130700
2016-10-15,7.225188,-0.035517,0.095781,-0.131298
2016-10-16,7.227926,-0.035770,0.097056,-0.132825
2016-10-17,7.230664,-0.037644,0.098334,-0.135978
2016-10-18,7.233402,-0.039762,0.099615,-0.139377
2016-10-19,7.236140,-0.043841,0.100900,-0.144741
2016-10-20,7.238877,-0.046762,0.102188,-0.148950
2016-10-21,7.241615,-0.046280,0.103479,-0.149759
2016-10-22,7.244353,-0.039875,0.104773,-0.144648
2016-10-23,7.247091,-0.032835,0.106071,-0.138906
2016-10-24,7.249829,-0.035870,0.107372,-0.143242
2016-10-25,7.252567,-0.033661,0.108675,-0.142336
2016-10-26,7.255305,-0.027872,0.109982,-0.137854
2016-10-27,7.258042,-0.018304,0.111292,-0.129596
2016-10-28,7.260780,-0.016315,0.112605,-0.128919
2016-10-29,7.263518,-0.004634,0.113920,-0.118555
2016-10-30,7.266256,-0.006812,0.115239,-0.122051
2016-10-31,7.268994,-0.010238,0.116561,-0.126799
2016-11-01,7.271732,0.002234,0.117885,-0.115651
2016-11-02,7.274470,0.004637,0.119213,-0.114576
2016-11-03,7.277207,0.002670,0.120543,-0.117873
2016-11-04,7.279945,-0.013602,0.121876,-0.135478
2016-11-05,7.282683,-0.011694,0.123212,-0.134906
2016-11-06,7.285421,-0.008883,0.124551,-0.133434
2016-11-07,7.288159,-0.012094,0.125892,-0.137986
2016-11-08,7.290897,-0.012001,0.127236,-0.139237
2016-11-09,7.293634,-0.001900,0.128583,-0.130483
2016-11-10,7.296372,-0.008784,0.129932,-0.138716
2016-11-11,7.299110,-0.009626,0.131284,-0.140910
2016-11-12,7.301848,-0.014052,0.132639,-0.146691
2016-11-13,7.304586,-0.022729,0.133996,-0.156726
2016-11-14,7.307324,-0.019950,0.135356,-0.155306
2016-11-15,7.310062,-0.015140,0.136718,-0.151858
2016-11-16,7.312799,-0.007086,0.138083,-0.145169
2016-11-17,7.315537,0.002032,0.139450,-0.137418
2016-11-18,7.318275,0.001234,0.140820,-0.139586
2016-11-19,7.321013,0.004189,0.142192,-0.138003
2016-11-20,7.323751,-0.001441,0.143566,-0.145007
2016-11-21,7.326489,-0.006150,0.144943,-0.151093
2016-11-22,7.329227,-0.002761,0.146322,-0.149083
2016-11-23,7.331964,-0.002955,0.147703,-0.150658
2016-11-24,7.334702,-0.006353,0.149087,-0.155440
2016-11-25,7.337440,-0.009288,0.150472,-0.159761
2016-11-26,7.340178,-0.010552,0.151860,-0.162412
2016-11-27,7.342916,-0.012194,0.153251,-0.165445
2016-11-28,7.345654,-0.007024,0.154643,-0.161666
2016-11-29,7.348392,-0.014015,0.156037,-0.170052
2016-11-30,7.351129,-0.011272,0.157434,-0.168705
2016-12-01,7.353867,-0.006701,0.158832,-0.165533
2016-12-02,7.356605,0.003555,0.160233,-0.156678
2016-12-03,7.359343,0.001377,0.161636,-0.160258
2016-12-04,7.362081,0.000162,0.163040,-0.162878
2016-12-05,7.364819,-0.005799,0.164447,-0.170246
2016-12-06,7.367556,-0.006147,0.165855,-0.172002
2016-12-07,7.370294,-0.003649,0.167265,-0.170914
2016-12-08,7.373032,-0.001467,0.168678,-0.170145
2016-12-09,7.375770,-0.001111,0.170092,-0.171202
2016-12-10,7.378508,0.000551,0.171507,-0.170957
2016-12-11,7.381246,-0.002650,0.172925,-0.175575
2016-12-12,7.383984,0.000360,0.174344,-0.173984
2016-12-13,7.386721,0.000508,0.175765,-0.175257
2016-12-14,7.389459,-0.000884,0.177188,-0.178072
2016-12-15,7.392197,-0.001751,0.178612,-0.180363
2016-12-16,7.394935,-0.001475,0.180038,-0.181513
2016-12-17,7.397673,0.002464,0.181466,-0.179002
2016-12-18,7.400411,0.001873,0.182895,-0.181022
2016-12-19,7.403149,0.001654,0.184326,-0.182671
2016-12-20,7.405886,0.001841,0.185758,-0.183917
2016-12-21,7.408624,0.012809,0.187191,-0.174383
2016-12-22,7.411362,0.034013,0.188626,-0.154614
2016-12-23,7.414100,0.054118,0.190063,-0.135945
2016-12-24,7.416838,0.055264,0.191501,-0.136237
2016-12-25,7.419576,0.041990,0.192940,-0.150950
2016-12-26,7.422313,0.053076,0.194381,-0.141305
2016-12-27,7.425051,0.060457,0.195823,-0.135366
2016-12-28,7.427789,0.077261,0.197266,-0.120005
2016-12-29,7.430527,0.081784,0.198710,-0.116927
2016-12-30,7.433265,0.073989,0.200156,-0.126167
2016-12-31,7.436003,0.075029,0.201603,-0.126574
2017-01-01,7.438741,0.082766,0.203051,-0.120285
2017-01-02,7.441478,0.098834,0.204500,-0.105666
2017-01-03,7.444216,0.100797,0.205950,-0.105154
2017-01-04,7.446954,0.123780,0.207402,-0.083621
2017-01-05,7.449692,0.109552,0.208854,-0.099302
2017-01-06,7.452430,0.058596,0.210308,-0.151712
2017-01-07,7.455168,0.027929,0.211762,-0.183833
2017-01-08,7.457906,0.048130,0.213217,-0.165087
2017-01-09,7.460643,0.037545,0.214674,-0.177128
2017-01-10,7.463381,0.041705,0.216131,-0.174426
2017-01-11,7.466119,0.012597,0.217589,-0.204991
2017-01-12,7.468857,-0.019963,0.219048,-0.239011
2017-01-13,7.471595,-0.008684,0.220507,-0.229191
2017-01-14,7.474333,0.000882,0.221968,-0.221086
2017-01-15,7.477070,-0.004301,0.223429,-0.227730
2017-01-16,7.479808,-0.000000,0.224891,-0.224891
2017-01-17,7.482546,0.023556,0.226353,-0.202798
2017-01-18,7.485284,0.027019,0.227817,-0.200798
2017-01-19,7.488022,0.030089,0.229281,-0.199192
2017-01-20,7.490760,0.030094,0.230745,-0.200651
2017-01-21,7.493498,0.039848,0.232210,-0.192362
2017-01-22,7.496235,0.041373,0.233676,-0.192303
2017-01-23,7.498973,0.039311,0.235142,-0.195831
2017-01-24,7.501711,0.032175,0.236609,-0.204434
2017-01-25,7.504449,0.025911,0.238076,-0.212165
2017-01-26,7.507187,0.030269,0.239544,-0.209274
2017-01-27,7.509925,0.034594,0.241012,-0.206418
2017-01-28,7.512663,0.034566,0.242480,-0.207914
2017-01-29,7.515400,0.033900,0.243949,-0.210048
2017-01-30,7.518138,0.032586,0.245418,-0.212832
2017-01-31,7.520876,0.042429,0.246887,-0.204457
2017-02-01,7.523614,0.055279,0.248356,-0.193077
2017-02-02,7.526352,0.063299,0.249826,-0.186528
2017-02-03,7.529090,0.071351,0.251296,-0.179945
2017-02-04,7.531828,0.072652,0.252766,-0.180114
2017-02-05,7.534565,0.073097,0.254237,-0.181139
2017-02-06,7.537303,0.072724,0.255707,-0.182983
2017-02-07,7.540041,0.079949,0.257177,-0.177228
2017-02-08,7.542779,0.084669,0.258648,-0.173979
2017-02-09,7.545517,0.071049,0.260118,-0.189069
2017-02-10,7.548255,0.051318,0.261589,-0.210271
2017-02-11,7.550992,0.063282,0.263060,-0.199777
2017-02-12,7.553730,0.061371,0.264530,-0.203159
2017-02-13,7.556468,0.058131,0.266000,-0.207869
2017-02-14,7.559206,0.061000,0.267471,-0.206471
2017-02-15,7.561944,0.061484,0.268941,-0.207457
2017-02-16,7.564682,0.067573,0.270411,-0.202837
2017-02-17,7.567420,0.074249,0.271880,-0.197632
2017-02-18,7.570157,0.079737,0.273350,-0.193613
2017-02-19,7.572895,0.076088,0.274819,-0.198731
2017-02-20,7.575633,0.077082,0.276288,-0.199206
2017-02-21,7.578371,0.092762,0.277756,-0.184995
2017-02-22,7.581109,0.100225,0.279225,-0.179000
2017-02-23,7.583847,0.108754,0.280693,-0.171938
2017-02-24,7.586585,0.121572,0.282160,-0.160588
2017-02-25,7.589322,0.115386,0.283627,-0.168241
2017-02-26,7.592060,0.112212,0.285094,-0.172882
2017-02-27,7.594798,0.119384,0.286560,-0.167176
2017-02-28,7.597536,0.121011,0.288025,-0.167015
2017-03-01,7.600274,0.126067,0.289490,-0.163424
2017-03-02,7.603012,0.136174,0.290955,-0.154781
2017-03-03,7.605749,0.147994,0.292418,-0.144424
2017-03-04,7.608487,0.146291,0.293882,-0.147591
2017-03-05,7.611225,0.142634,0.295344,-0.152710
2017-03-06,7.613963,0.145969,0.296806,-0.150837
2017-03-07,7.616701,0.138408,0.298267,-0.159859
2017-03-08,7.619439,0.117599,0.299727,-0.182128
2017-03-09,7.622177,0.109108,0.301187,-0.192079
2017-03-10,7.624914,0.117678,0.302646,-0.184968
2017-03-11,7.627652,0.105577,0.304104,-0.198527
2017-03-12,7.630390,0.114751,0.305561,-0.190810
2017-03-13,7.633128,0.126088,0.307017,-0.180929
2017-03-14,7.635866,0.128563,0.308472,-0.179909
2017-03-15,7.638604,0.131068,0.309926,-0.178858
2017-03-16,7.641342,0.120290,0.311380,-0.191089
2017-03-17,7.644079,0.086542,0.312832,-0.226290
2017-03-18,7.646817,0.046567,0.314283,-0.267716
2017-03-19,7.649555,0.038499,0.315733,-0.277235
2017-03-20,7.652293,0.046792,0.317183,-0.270391
2017-03-21,7.655031,0.065861,0.318631,-0.252769
2017-03-22,7.657769,0.053593,0.320077,-0.266485
2017-03-23,7.660507,0.047577,0.321523,-0.273946
2017-03-24,7.663244,0.025889,0.322968,-0.297079
2017-03-25,7.665982,-0.002775,0.324411,-0.327186
2017-03-26,7.668720,0.013445,0.325853,-0.312408
2017-03-27,7.671458,0.025867,0.327294,-0.301427
2017-03-28,7.674196,0.041671,0.328733,-0.287062
2017-03-29,7.676934,0.037031,0.330171,-0.293140
2017-03-30,7.679671,0.036933,0.331608,-0.294675
2017-03-31,7.682409,0.045025,0.333043,-0.288019
2017-04-01,7.685147,0.054087,0.334477,-0.280390
2017-04-02,7.687885,0.055815,0.335910,-0.280095
2017-04-03,7.690623,0.072863,0.337341,-0.264478
2017-04-04,7.693361,0.075692,0.338770,-0.263078
2017-04-05,7.696099,0.070778,0.340198,-0.269420
2017-04-06,7.698836,0.083299,0.341625,-0.258326
2017-04-07,7.701574,0.089947,0.343049,-0.253102
2017-04-08,7.704312,0.088294,0.344473,-0.256179
2017-04-09,7.707050,0.090896,0.345894,-0.254998
2017-04-10,7.709788,0.095501,0.347314,-0.251813
2017-04-11,7.712526,0.096857,0.348732,-0.251875
2017-04-12,7.715264,0.098044,0.350149,-0.252105
2017-04-13,7.718001,0.086284,0.351564,-0.265280
2017-04-14,7.720739,0.083643,0.352977,-0.269333
2017-04-15,7.723477,0.083637,0.354388,-0.270751
2017-04-16,7.726215,0.082364,0.355797,-0.273433
2017-04-17,7.728953,0.082998,0.357205,-0.274207
2017-04-18,7.731691,0.090332,0.358610,-0.268278
2017-04-19,7.734428,0.089869,0.360014,-0.270145
2017-04-20,7.737166,0.095205,0.361416,-0.266211
2017-04-21,7.739904,0.102466,0.362816,-0.260349
2017-04-22,7.742642,0.100597,0.364214,-0.263617
2017-04-23,7.745380,0.101097,0.365610,-0.264513
2017-04-24,7.748118,0.101736,0.367003,-0.265267
2017-04-25,7.750856,0.108078,0.368395,-0.260317
2017-04-26,7.753593,0.116573,0.369785,-0.253212
2017-04-27,7.756331,0.123533,0.371172,-0.247639
2017-04-28,7.759069,0.125150,0.372558,-0.247408
2017-04-29,7.761807,0.125064,0.373941,-0.248877
2017-04-30,7.764545,0.124634,0.375322,-0.250688
2017-05-01,7.767283,0.140599,0.376701,-0.236102
2017-05-02,7.770021,0.156426,0.378077,-0.221652
2017-05-03,7.772758,0.164408,0.379452,-0.215044
2017-05-04,7.775496,0.182926,0.380824,-0.197898
2017-05-05,7.778234,0.186928,0.382194,-0.195266
2017-05-06,7.780972,0.184091,0.383561,-0.199470
2017-05-07,7.783710,0.183748,0.384926,-0.201178
2017-05-08,7.786448,0.197936,0.386288,-0.188353
2017-05-09,7.789185,0.224031,0.387649,-0.163617
2017-05-10,7.791923,0.230705,0.389006,-0.158302
2017-05-11,7.794661,0.249316,0.390362,-0.141046
2017-05-12,7.797399,0.237667,0.391714,-0.154047
2017-05-13,7.800137,0.221232,0.393065,-0.171833
2017-05-14,7.802875,0.238336,0.394412,-0.156077
2017-05-15,7.805613,0.226633,0.395757,-0.169124
2017-05-16,7.808350,0.223124,0.397100,-0.173976
2017-05-17,7.811088,0.239877,0.398440,-0.158562
2017-05-18,7.813826,0.247705,0.399777,-0.152071
2017-05-19,7.816564,0.268342,0.401111,-0.132769
2017-05-20,7.819302,0.278870,0.402443,-0.123573
2017-05-21,7.822040,0.289073,0.403772,-0.114699
2017-05-22,7.824778,0.308236,0.405099,-0.096863
2017-05-23,7.827515,0.324415,0.406422,-0.082008
2017-05-24,7.830253,0.353047,0.407743,-0.054696
2017-05-25,7.832991,0.388782,0.409061,-0.020279
2017-05-26,7.835729,0.358289,0.410376,-0.052088
2017-05-27,7.838467,0.296452,0.411689,-0.115237
2017-05-28,7.841205,0.315976,0.412998,-0.097022
2017-05-29,7.843943,0.322840,0.414305,-0.091465
2017-05-30,7.846680,0.331440,0.415608,-0.084169
2017-05-31,7.849418,0.325041,0.416909,-0.091868
2017-06-01,7.852156,0.348424,0.418206,-0.069782
2017-06-02,7.854894,0.356051,0.419501,-0.063450
2017-06-03,7.857632,0.370418,0.420793,-0.050374
2017-06-04,7.860370,0.371553,0.422081,-0.050529
2017-06-05,7.863107,0.383311,0.423367,-0.040056
2017-06-06,7.865845,0.417730,0.424649,-0.006919
2017-06-07,7.868583,0.414850,0.425928,-0.011078
2017-06-08,7.871321,0.405584,0.427204,-0.021620
2017-06-09,7.874059,0.415956,0.428477,-0.012521
2017-06-10,7.876797,0.418697,0.429747,-0.011050
2017-06-11,7.879535,0.426922,0.431013,-0.004092
2017-06-12,7.882272,0.413164,0.432276,-0.019112
2017-06-13,7.885010,0.398317,0.433536,-0.035219
2017-06-14,7.887748,0.387912,0.434793,-0.046882
2017-06-15,7.890486,0.341472,0.436047,-0.094574
2017-06-16,7.893224,0.355850,0.437297,-0.081447
2017-06-17,7.895962,0.371958,0.438543,-0.066585
2017-06-18,7.898700,0.372681,0.439787,-0.067106
2017-06-19,7.901437,0.370531,0.441026,-0.070496
2017-06-20,7.904175,0.380595,0.442263,-0.061667
2017-06-21,7.906913,0.387999,0.443496,-0.055497
2017-06-22,7.909651,0.384984,0.444726,-0.059741
2017-06-23,7.912389,0.390691,0.445952,-0.055260
2017-06-24,7.915127,0.382272,0.447174,-0.064903
2017-06-25,7.917864,0.367303,0.448393,-0.081091
2017-06-26,7.920602,0.348273,0.449609,-0.101336
2017-06-27,7.923340,0.337681,0.450821,-0.113140
2017-06-28,7.926078,0.356905,0.452029,-0.095125
2017-06-29,7.928816,0.360480,0.453234,-0.092754
2017-06-30,7.931554,0.353596,0.454435,-0.100839
2017-07-01,7.934292,0.343054,0.455633,-0.112578
2017-07-02,7.937029,0.338795,0.456826,-0.118031
2017-07-03,7.939767,0.350770,0.458016,-0.107246
2017-07-04,7.942505,0.362828,0.459203,-0.096375
2017-07-05,7.945243,0.361459,0.460385,-0.098926
2017-07-06,7.947981,0.361404,0.461564,-0.100160
2017-07-07,7.950719,0.352390,0.462739,-0.110349
2017-07-08,7.953457,0.347109,0.463910,-0.116801
2017-07-09,7.956194,0.350461,0.465078,-0.114616
2017-07-10,7.958932,0.335500,0.466242,-0.130741
2017-07-11,7.961670,0.314467,0.467401,-0.152934
2017-07-12,7.964408,0.313169,0.468557,-0.155388
2017-07-13,7.967146,0.316152,0.469709,-0.153557
2017-07-14,7.969884,0.299502,0.470857,-0.171355
2017-07-15,7.972621,0.259019,0.472001,-0.212982
2017-07-16,7.975359,0.227294,0.473141,-0.245847
2017-07-17,7.978097,0.251521,0.474277,-0.222756
2017-07-18,7.980835,0.294269,0.475410,-0.181141
2017-07-19,7.983573,0.301386,0.476538,-0.175151
2017-07-20,7.986311,0.331634,0.477662,-0.146028
2017-07-21,7.989049,0.367524,0.478782,-0.111257
2017-07-22,7.991786,0.376329,0.479898,-0.103568
2017-07-23,7.994524,0.373734,0.481009,-0.107276
2017-07-24,7.997262,0.370966,0.482117,-0.111151
2017-07-25,8.000000,0.350713,0.483221,-0.132507
2017-07-26,8.002738,0.330128,0.484320,-0.154192
2017-07-27,8.005476,0.340362,0.485415,-0.145053
2017-07-28,8.008214,0.366006,0.486507,-0.120500
2017-07-29,8.010951,0.362362,0.487593,-0.125231
2017-07-30,8.013689,0.357232,0.488676,-0.131444
2017-07-31,8.016427,0.366812,0.489754,-0.122942
2017-08-01,8.019165,0.367132,0.490828,-0.123696
2017-08-02,8.021903,0.358766,0.491898,-0.133132
2017-08-03,8.024641,0.362230,0.492964,-0.130734
2017-08-04,8.027379,0.372941,0.494025,-0.121084
2017-08-05,8.030116,0.419589,0.495082,-0.075493
2017-08-06,8.032854,0.429958,0.496134,-0.066176
2017-08-07,8.035592,0.439708,0.497183,-0.057474
2017-08-08,8.038330,0.453640,0.498226,-0.044586
2017-08-09,8.041068,0.442175,0.499266,-0.057091
2017-08-10,8.043806,0.450727,0.500301,-0.049574
2017-08-11,8.046543,0.464495,0.501331,-0.036836
2017-08-12,8.049281,0.491777,0.502357,-0.010580
2017-08-13,8.052019,0.522819,0.503379,0.019441
2017-08-14,8.054757,0.536882,0.504396,0.032487
2017-08-15,8.057495,0.538627,0.505408,0.033218
2017-08-16,8.060233,0.535308,0.506416,0.028892
2017-08-17,8.062971,0.553471,0.507420,0.046052
2017-08-18,8.065708,0.541003,0.508419,0.032584
2017-08-19,8.068446,0.526158,0.509413,0.016744
2017-08-20,8.071184,0.526907,0.510403,0.016504
2017-08-21,8.073922,0.519830,0.511388,0.008442
2017-08-22,8.076660,0.507345,0.512369,-0.005023
2017-08-23,8.079398,0.528538,0.513344,0.015193
2017-08-24,8.082136,0.533158,0.514316,0.018842
2017-08-25,8.084873,0.547529,0.515282,0.032246
2017-08-26,8.087611,0.543287,0.516244,0.027043
2017-08-27,8.090349,0.544994,0.517201,0.027793
2017-08-28,8.093087,0.541483,0.518154,0.023329
2017-08-29,8.095825,0.555391,0.519102,0.036289
2017-08-30,8.098563,0.565479,0.520045,0.045434
2017-08-31,8.101300,0.573076,0.520983,0.052093
2017-09-01,8.104038,0.584406,0.521917,0.062490
2017-09-02,8.106776,0.574171,0.522845,0.051326
2017-09-03,8.109514,0.565554,0.523769,0.041785
2017-09-04,8.112252,0.550095,0.524688,0.025407
2017-09-05,8.114990,0.534831,0.525602,0.009229
2017-09-06,8.117728,0.559799,0.526512,0.033287
2017-09-07,8.120465,0.562323,0.527416,0.034906
2017-09-08,8.123203,0.552040,0.528316,0.023724
2017-09-09,8.125941,0.535012,0.529211,0.005801
2017-09-10,8.128679,0.524471,0.530101,-0.005630
2017-09-11,8.131417,0.524798,0.530986,-0.006188
2017-09-12,8.134155,0.526246,0.531866,-0.005620
2017-09-13,8.136893,0.492933,0.532741,-0.039808
2017-09-14,8.139630,0.455739,0.533611,-0.077872
2017-09-15,8.142368,0.429187,0.534476,-0.105290
2017-09-16,8.145106,0.466023,0.535336,-0.069314
2017-09-17,8.147844,0.457992,0.536192,-0.078200
2017-09-18,8.150582,0.488486,0.537042,-0.048555
2017-09-19,8.153320,0.489967,0.537887,-0.047920
2017-09-20,8.156057,0.485968,0.538727,-0.052760
2017-09-21,8.158795,0.469054,0.539562,-0.070508
2017-09-22,8.161533,0.448626,0.540392,-0.091766
2017-09-23,8.164271,0.457140,0.541217,-0.084077
2017-09-24,8.167009,0.454346,0.542037,-0.087691
2017-09-25,8.169747,0.467614,0.542852,-0.075238
2017-09-26,8.172485,0.477392,0.543662,-0.066270
2017-09-27,8.175222,0.489467,0.544466,-0.054999
2017-09-28,8.177960,0.504478,0.545266,-0.040788
2017-09-29,8.180698,0.499019,0.546060,-0.047041
2017-09-30,8.183436,0.511432,0.546849,-0.035417
2017-10-01,8.186174,0.514637,0.547633,-0.032996
2017-10-02,8.188912,0.523227,0.548412,-0.025185
2017-10-03,8.191650,0.513769,0.549185,-0.035416
2017-10-04,8.194387,0.505027,0.549954,-0.044927
2017-10-05,8.197125,0.506199,0.550717,-0.044518
2017-10-06,8.199863,0.515314,0.551475,-0.036162
2017-10-07,8.202601,0.513914,0.552228,-0.038314
2017-10-08,8.205339,0.527277,0.552975,-0.025699
2017-10-09,8.208077,0.540426,0.553718,-0.013291
2017-10-10,8.210815,0.555390,0.554455,0.000935
2017-10-11,8.213552,0.552448,0.555187,-0.002738
2017-10-12,8.216290,0.579493,0.555913,0.023580
2017-10-13,8.219028,0.617266,0.556634,0.060632
2017-10-14,8.221766,0.621941,0.557350,0.064591
2017-10-15,8.224504,0.618350,0.558061,0.060289
2017-10-16,8.227242,0.621519,0.558766,0.062753
2017-10-17,8.229979,0.617547,0.559466,0.058081
2017-10-18,8.232717,0.601539,0.560161,0.041378
2017-10-19,8.235455,0.617955,0.560850,0.057105
2017-10-20,8.238193,0.627288,0.561534,0.065754
2017-10-21,8.240931,0.646433,0.562212,0.084220
2017-10-22,8.243669,0.636388,0.562886,0.073502
2017-10-23,8.246407,0.633042,0.563554,0.069489
2017-10-24,8.249144,0.616865,0.564216,0.052649
2017-10-25,8.251882,0.606758,0.564873,0.041885
2017-10-26,8.254620,0.627017,0.565525,0.061493
2017-10-27,8.257358,0.626598,0.566171,0.060427
2017-10-28,8.260096,0.620051,0.566812,0.053240
2017-10-29,8.262834,0.626221,0.567447,0.058774
2017-10-30,8.265572,0.643677,0.568077,0.075600
2017-10-31,8.268309,0.651645,0.568701,0.082944
2017-11-01,8.271047,0.669799,0.569320,0.100478
2017-11-02,8.273785,0.698924,0.569934,0.128990
2017-11-03,8.276523,0.714389,0.570542,0.143847
2017-11-04,8.279261,0.714300,0.571145,0.143155
2017-11-05,8.281999,0.725598,0.571742,0.153856
2017-11-06,8.284736,0.714062,0.572334,0.141729
2017-11-07,8.287474,0.705500,0.572920,0.132581
2017-11-08,8.290212,0.718864,0.573501,0.145363
2017-11-09,8.292950,0.711415,0.574076,0.137340
2017-11-10,8.295688,0.692042,0.574645,0.117396
2017-11-11,8.298426,0.665989,0.575210,0.090780
2017-11-12,8.301164,0.635023,0.575768,0.059255
2017-11-13,8.303901,0.651311,0.576321,0.074990
2017-11-14,8.306639,0.667031,0.576869,0.090162
2017-11-15,8.309377,0.694757,0.577411,0.117347
2017-11-16,8.312115,0.717910,0.577947,0.139963
2017-11-17,8.314853,0.738117,0.578478,0.159639
2017-11-18,8.317591,0.730394,0.579004,0.151390
2017-11-19,8.320329,0.736247,0.579523,0.156724
2017-11-20,8.323066,0.750163,0.580038,0.170126
2017-11-21,8.325804,0.753015,0.580546,0.172469
2017-11-22,8.328542,0.750049,0.581049,0.168999
2017-11-23,8.331280,0.752709,0.581547,0.171163
2017-11-24,8.334018,0.750646,0.582039,0.168607
2017-11-25,8.336756,0.765665,0.582525,0.183140
2017-11-26,8.339493,0.793845,0.583006,0.210839
2017-11-27,8.342231,0.818789,0.583481,0.235308
2017-11-28,8.344969,0.829759,0.583950,0.245809
2017-11-29,8.347707,0.855715,0.584414,0.271301
2017-11-30,8.350445,0.833740,0.584873,0.248867
2017-12-01,8.353183,0.844264,0.585325,0.258938
2017-12-02,8.355921,0.872166,0.585772,0.286393
2017-12-03,8.358658,0.886318,0.586214,0.300104
2017-12-04,8.361396,0.887336,0.586650,0.300686
2017-12-05,8.364134,0.901067,0.587080,0.313987
2017-12-06,8.366872,0.933371,0.587505,0.345866
2017-12-07,8.369610,1.009758,0.587923,0.421835
2017-12-08,8.372348,1.028605,0.588337,0.440268
2017-12-09,8.375086,1.011762,0.588744,0.423018
2017-12-10,8.377823,0.991075,0.589146,0.401929
2017-12-11,8.380561,1.044268,0.589543,0.454726
2017-12-12,8.383299,1.054824,0.589933,0.464891
2017-12-13,8.386037,1.047098,0.590319,0.456780
2017-12-14,8.388775,1.042947,0.590698,0.452249
2017-12-15,8.391513,1.065093,0.591072,0.474021
2017-12-16,8.394251,1.084914,0.591440,0.493474
2017-12-17,8.396988,1.111055,0.591802,0.519252
2017-12-18,8.399726,1.097489,0.592159,0.505330
2017-12-19,8.402464,1.087655,0.592510,0.495144
2017-12-20,8.405202,1.048660,0.592856,0.455805
2017-12-21,8.407940,1.032419,0.593196,0.439224
2017-12-22,8.410678,0.964434,0.593530,0.370904
2017-12-23,8.413415,0.994918,0.593858,0.401060
2017-12-24,8.416153,0.959653,0.594181,0.365472
2017-12-25,8.418891,0.967541,0.594498,0.373043
2017-12-26,8.421629,1.005738,0.594810,0.410928
2017-12-27,8.424367,1.014667,0.595116,0.419552
2017-12-28,8.427105,0.978670,0.595416,0.383254
2017-12-29,8.429843,0.981449,0.595710,0.385738
2017-12-30,8.432580,0.940232,0.595999,0.344233
2017-12-31,8.435318,0.941806,0.596282,0.345524
2018-01-01,8.438056,0.949258,0.596560,0.352698
2018-01-02,8.440794,0.961058,0.596832,0.364227
2018-01-03,8.443532,0.990201,0.597098,0.393103
2018-01-04,8.446270,0.984720,0.597358,0.387361
2018-01-05,8.449008,1.013451,0.597613,0.415838
2018-01-06,8.451745,1.035514,0.597863,0.437651
2018-01-07,8.454483,1.032080,0.598106,0.433974
2018-01-08,8.457221,1.000475,0.598344,0.402131
2018-01-09,8.459959,0.987050,0.598576,0.388474
2018-01-10,8.462697,0.963207,0.598803,0.364404
2018-01-11,8.465435,0.950801,0.599024,0.351777
2018-01-12,8.468172,0.945452,0.599239,0.346213
2018-01-13,8.470910,0.962087,0.599449,0.362639
2018-01-14,8.473648,0.947282,0.599653,0.347629
2018-01-15,8.476386,0.949681,0.599851,0.349830
2018-01-16,8.479124,0.895570,0.600044,0.295527
2018-01-17,8.481862,0.834635,0.600231,0.234404
2018-01-18,8.484600,0.866207,0.600412,0.265795
2018-01-19,8.487337,0.866670,0.600588,0.266082
2018-01-20,8.490075,0.900910,0.600758,0.300152
2018-01-21,8.492813,0.880466,0.600922,0.279544
2018-01-22,8.495551,0.851764,0.601081,0.250683
2018-01-23,8.498289,0.832960,0.601235,0.231725
2018-01-24,8.501027,0.843363,0.601382,0.241981
2018-01-25,8.503765,0.853022,0.601524,0.251498
2018-01-26,8.506502,0.841811,0.601661,0.240151
2018-01-27,8.509240,0.849122,0.601791,0.247331
2018-01-28,8.511978,0.859044,0.601917,0.257128
2018-01-29,8.514716,0.846264,0.602036,0.244228
2018-01-30,8.517454,0.823630,0.602150,0.221480
2018-01-31,8.520192,0.796888,0.602259,0.194630
2018-02-01,8.522930,0.773719,0.602361,0.171358
2018-02-02,8.525667,0.726126,0.602458,0.123668
2018-02-03,8.528405,0.744441,0.602550,0.141891
2018-02-04,8.531143,0.734890,0.602636,0.132254
2018-02-05,8.533881,0.673465,0.602717,0.070749
2018-02-06,8.536619,0.625604,0.602792,0.022813
2018-02-07,8.539357,0.687204,0.602861,0.084343
2018-02-08,8.542094,0.702967,0.602925,0.100042
2018-02-09,8.544832,0.704462,0.602983,0.101479
2018-02-10,8.547570,0.721063,0.603036,0.118027
2018-02-11,8.550308,0.699213,0.603083,0.096130
2018-02-12,8.553046,0.717953,0.603124,0.114829
2018-02-13,8.555784,0.719155,0.603160,0.115994
2018-02-14,8.558522,0.737569,0.603191,0.134378
2018-02-15,8.561259,0.770811,0.603216,0.167596
2018-02-16,8.563997,0.782163,0.603235,0.178927
2018-02-17,8.566735,0.808590,0.603249,0.205341
2018-02-18,8.569473,0.810412,0.603258,0.207154
2018-02-19,8.572211,0.815175,0.603261,0.211914
2018-02-20,8.574949,0.839696,0.603258,0.236438
2018-02-21,8.577687,0.812985,0.603251,0.209735
2018-02-22,8.580424,0.790695,0.603237,0.187458
2018-02-23,8.583162,0.778260,0.603218,0.175042
2018-02-24,8.585900,0.774500,0.603194,0.171306
2018-02-25,8.588638,0.759231,0.603164,0.156067
2018-02-26,8.591376,0.770921,0.603129,0.167792
2018-02-27,8.594114,0.796873,0.603088,0.193785
2018-02-28,8.596851,0.799506,0.603042,0.196464
2018-03-01,8.599589,0.797993,0.602990,0.195003
2018-03-02,8.602327,0.812040,0.602933,0.209106
2018-03-03,8.605065,0.824895,0.602871,0.222024
2018-03-04,8.607803,0.820882,0.602803,0.218079
2018-03-05,8.610541,0.826354,0.602730,0.223623
2018-03-06,8.613279,0.810459,0.602652,0.207807
2018-03-07,8.616016,0.787783,0.602568,0.185215
2018-03-08,8.618754,0.757554,0.602478,0.155075
2018-03-09,8.621492,0.719961,0.602384,0.117577
2018-03-10,8.624230,0.733113,0.602284,0.130829
2018-03-11,8.626968,0.724204,0.602179,0.122025
2018-03-12,8.629706,0.740428,0.602068,0.138360
2018-03-13,8.632444,0.726914,0.601952,0.124962
2018-03-14,8.635181,0.709169,0.601831,0.107339
2018-03-15,8.637919,0.674092,0.601704,0.072388
2018-03-16,8.640657,0.681864,0.601572,0.080291
2018-03-17,8.643395,0.669241,0.601435,0.067806
2018-03-18,8.646133,0.646869,0.601293,0.045577
2018-03-19,8.648871,0.681505,0.601145,0.080360
2018-03-20,8.651608,0.694784,0.600992,0.093792
2018-03-21,8.654346,0.712398,0.600834,0.111565
2018-03-22,8.657084,0.701472,0.600670,0.100802
2018-03-23,8.659822,0.688104,0.600502,0.087602
2018-03-24,8.662560,0.703078,0.600328,0.102750
2018-03-25,8.665298,0.687560,0.600149,0.087412
2018-03-26,8.668036,0.670602,0.599964,0.070638
2018-03-27,8.670773,0.656289,0.599775,0.056514
2018-03-28,8.673511,0.653018,0.599580,0.053438
2018-03-29,8.676249,0.636594,0.599380,0.037213
2018-03-30,8.678987,0.592632,0.599176,-0.006543
2018-03-31,8.681725,0.597792,0.598965,-0.001174
2018-04-01,8.684463,0.584366,0.598750,-0.014384
2018-04-02,8.687201,0.594895,0.598530,-0.003635
2018-04-03,8.689938,0.614334,0.598305,0.016029
2018-04-04,8.692676,0.599373,0.598074,0.001299
2018-04-05,8.695414,0.578926,0.597838,-0.018912
2018-04-06,8.698152,0.570137,0.597598,-0.027461
2018-04-07,8.700890,0.583963,0.597352,-0.013389
2018-04-08,8.703628,0.589446,0.597101,-0.007655
2018-04-09,8.706366,0.582920,0.596846,-0.013926
2018-04-10,8.709103,0.575178,0.596585,-0.021407
2018-04-11,8.711841,0.580229,0.596319,-0.016089
2018-04-12,8.714579,0.607107,0.596048,0.011059
2018-04-13,8.717317,0.643732,0.595772,0.047960
2018-04-14,8.720055,0.644170,0.595491,0.048679
2018-04-15,8.722793,0.653616,0.595206,0.058410
2018-04-16,8.725530,0.646596,0.594915,0.051681
2018-04-17,8.728268,0.643837,0.594619,0.049217
2018-04-18,8.731006,0.643748,0.594319,0.049429
2018-04-19,8.733744,0.651155,0.594013,0.057142
2018-04-20,8.736482,0.661981,0.593703,0.068277
2018-04-21,8.739220,0.679758,0.593388,0.086370
2018-04-22,8.741958,0.683294,0.593068,0.090226
2018-04-23,8.744695,0.683575,0.592743,0.090832
2018-04-24,8.747433,0.700013,0.592413,0.107600
2018-04-25,8.750171,0.695869,0.592079,0.103790
2018-04-26,8.752909,0.680372,0.591739,0.088633
2018-04-27,8.755647,0.694320,0.591395,0.102925
2018-04-28,8.758385,0.694258,0.591046,0.103212
2018-04-29,8.761123,0.698744,0.590692,0.108052
2018-04-30,8.763860,0.695794,0.590334,0.105461
2018-05-01,8.766598,0.681793,0.589971,0.091822
2018-05-02,8.769336,0.686066,0.589603,0.096463
2018-05-03,8.772074,0.697190,0.589230,0.107960
2018-05-04,8.774812,0.709662,0.588853,0.120809
2018-05-05,8.777550,0.715902,0.588470,0.127431
2018-05-06,8.780287,0.706963,0.588084,0.118879
2018-05-07,8.783025,0.694321,0.587692,0.106628
2018-05-08,8.785763,0.690012,0.587296,0.102716
2018-05-09,8.788501,0.685959,0.586896,0.099064
2018-05-10,8.791239,0.688510,0.586491,0.102019
2018-05-11,8.793977,0.661920,0.586081,0.075839
2018-05-12,8.796715,0.647465,0.585666,0.061798
2018-05-13,8.799452,0.653012,0.585247,0.067765
2018-05-14,8.802190,0.652618,0.584824,0.067794
2018-05-15,8.804928,0.654209,0.584396,0.069813
2018-05-16,8.807666,0.635999,0.583963,0.052035
2018-05-17,8.810404,0.634690,0.583526,0.051163
2018-05-18,8.813142,0.624938,0.583085,0.041853
2018-05-19,8.815880,0.631938,0.582639,0.049299
2018-05-20,8.818617,0.637009,0.582189,0.054821
2018-05-21,8.821355,0.640991,0.581734,0.059257
2018-05-22,8.824093,0.628962,0.581275,0.047688
2018-05-23,8.826831,0.604887,0.580811,0.024076
2018-05-24,8.829569,0.590033,0.580343,0.009690
2018-05-25,8.832307,0.585555,0.579870,0.005685
2018-05-26,8.835044,0.585049,0.579394,0.005655
2018-05-27,8.837782,0.575125,0.578913,-0.003788
2018-05-28,8.840520,0.570470,0.578427,-0.007957
2018-05-29,8.843258,0.572230,0.577938,-0.005708
2018-05-30,8.845996,0.579652,0.577444,0.002208
2018-05-31,8.848734,0.582328,0.576946,0.005382
2018-06-01,8.851472,0.580589,0.576443,0.004146
2018-06-02,8.854209,0.586411,0.575936,0.010474
2018-06-03,8.856947,0.590790,0.575426,0.015364
2018-06-04,8.859685,0.583367,0.574911,0.008456
2018-06-05,8.862423,0.578125,0.574391,0.003733
2018-06-06,8.865161,0.583722,0.573868,0.009854
2018-06-07,8.867899,0.587795,0.573340,0.014455
2018-06-08,8.870637,0.584020,0.572809,0.011211
2018-06-09,8.873374,0.583218,0.572273,0.010945
2018-06-10,8.876112,0.554323,0.571733,-0.017411
2018-06-11,8.878850,0.530265,0.571189,-0.040925
2018-06-12,8.881588,0.529140,0.570641,-0.041501
2018-06-13,8.884326,0.508270,0.570089,-0.061819
2018-06-14,8.887064,0.511083,0.569533,-0.058451
2018-06-15,8.889802,0.513628,0.568974,-0.055346
2018-06-16,8.892539,0.507659,0.568410,-0.060751
2018-06-17,8.895277,0.509550,0.567842,-0.058292
2018-06-18,8.898015,0.510078,0.567270,-0.057192
2018-06-19,8.900753,0.521388,0.566694,-0.045307
2018-06-20,8.903491,0.517952,0.566115,-0.048163
2018-06-21,8.906229,0.520375,0.565531,-0.045156
2018-06-22,8.908966,0.495861,0.564944,-0.069083
2018-06-23,8.911704,0.480775,0.564353,-0.083577
2018-06-24,8.914442,0.472515,0.563758,-0.091242
2018-06-25,8.917180,0.483866,0.563159,-0.079292
2018-06-26,8.919918,0.482779,0.562556,-0.079778
2018-06-27,8.922656,0.474663,0.561950,-0.087287
2018-06-28,8.925394,0.472603,0.561340,-0.088736
2018-06-29,8.928131,0.460431,0.560726,-0.100295
2018-06-30,8.930869,0.491053,0.560108,-0.069055
2018-07-01,8.933607,0.489103,0.559487,-0.070384
2018-07-02,8.936345,0.495358,0.558862,-0.063505
2018-07-03,8.939083,0.503899,0.558234,-0.054335
2018-07-04,8.941821,0.501901,0.557602,-0.055700
2018-07-05,8.944559,0.502302,0.556966,-0.054664
2018-07-06,8.947296,0.499335,0.556327,-0.056991
2018-07-07,8.950034,0.500683,0.555684,-0.055001
2018-07-08,8.952772,0.509707,0.555038,-0.045331
2018-07-09,8.955510,0.507377,0.554388,-0.047011
2018-07-10,8.958248,0.492855,0.553734,-0.060880
2018-07-11,8.960986,0.483811,0.553078,-0.069266
2018-07-12,8.963723,0.473328,0.552417,-0.079089
2018-07-13,8.966461,0.473096,0.551753,-0.078658
2018-07-14,8.969199,0.471822,0.551086,-0.079265
2018-07-15,8.971937,0.476667,0.550416,-0.073748
2018-07-16,8.974675,0.489487,0.549742,-0.060255
2018-07-17,8.977413,0.511715,0.549064,-0.037350
2018-07-18,8.980151,0.542999,0.548384,-0.005385
2018-07-19,8.982888,0.541738,0.547700,-0.005962
2018-07-20,8.985626,0.543029,0.547013,-0.003983
2018-07-21,8.988364,0.538259,0.546322,-0.008064
2018-07-22,8.991102,0.543174,0.545628,-0.002454
2018-07-23,8.993840,0.555446,0.544932,0.010514
2018-07-24,8.996578,0.576635,0.544231,0.032404
2018-07-25,8.999316,0.585261,0.543528,0.041733
2018-07-26,9.002053,0.581564,0.542822,0.038743
2018-07-27,9.004791,0.571609,0.542112,0.029497
2018-07-28,9.007529,0.579435,0.541399,0.038036
2018-07-29,9.010267,0.580099,0.540683,0.039416
2018-07-30,9.013005,0.575946,0.539964,0.035981
2018-07-31,9.015743,0.563722,0.539242,0.024480
2018-08-01,9.018480,0.544196,0.538517,0.005679
2018-08-02,9.021218,0.544446,0.537789,0.006656
2018-08-03,9.023956,0.532443,0.537058,-0.004615
2018-08-04,9.026694,0.522993,0.536324,-0.013332
2018-08-05,9.029432,0.507133,0.535588,-0.028455
2018-08-06,9.032170,0.505822,0.534848,-0.029025
2018-08-07,9.034908,0.505020,0.534105,-0.029085
2018-08-08,9.037645,0.469328,0.533360,-0.064031
2018-08-09,9.040383,0.465450,0.532611,-0.067161
2018-08-10,9.043121,0.463535,0.531860,-0.068325
2018-08-11,9.045859,0.450470,0.531106,-0.080636
2018-08-12,9.048597,0.457898,0.530349,-0.072451
2018-08-13,9.051335,0.459759,0.529589,-0.069831
2018-08-14,9.054073,0.439347,0.528827,-0.089480
2018-08-15,9.056810,0.459352,0.528062,-0.068710
2018-08-16,9.059548,0.456795,0.527294,-0.070499
2018-08-17,9.062286,0.464328,0.526524,-0.062195
2018-08-18,9.065024,0.462381,0.525751,-0.063370
2018-08-19,9.067762,0.458670,0.524975,-0.066305
2018-08-20,9.070500,0.461067,0.524197,-0.063130
2018-08-21,9.073238,0.457558,0.523416,-0.065858
2018-08-22,9.075975,0.468347,0.522633,-0.054286
2018-08-23,9.078713,0.458417,0.521847,-0.063429
2018-08-24,9.081451,0.465602,0.521058,-0.055456
2018-08-25,9.084189,0.475259,0.520267,-0.045008
2018-08-26,9.086927,0.471567,0.519474,-0.047907
2018-08-27,9.089665,0.473650,0.518678,-0.045028
2018-08-28,9.092402,0.490024,0.517880,-0.027856
2018-08-29,9.095140,0.493304,0.517079,-0.023775
2018-08-30,9.097878,0.485436,0.516276,-0.030840
2018-08-31,9.100616,0.487688,0.515471,-0.027783
2018-09-01,9.103354,0.494669,0.514664,-0.019995
2018-09-02,9.106092,0.502227,0.513854,-0.011626
2018-09-03,9.108830,0.502636,0.513041,-0.010406
2018-09-04,9.111567,0.505703,0.512227,-0.006524
2018-09-05,9.114305,0.493394,0.511410,-0.018017
2018-09-06,9.117043,0.449101,0.510591,-0.061490
2018-09-07,9.119781,0.450010,0.509770,-0.059760
2018-09-08,9.122519,0.443757,0.508947,-0.065191
2018-09-09,9.125257,0.438526,0.508122,-0.069596
2018-09-10,9.127995,0.437587,0.507294,-0.069707
2018-09-11,9.130732,0.436777,0.506465,-0.069688
2018-09-12,9.133470,0.434570,0.505633,-0.071064
2018-09-13,9.136208,0.445260,0.504800,-0.059540
2018-09-14,9.138946,0.447849,0.503964,-0.056115
2018-09-15,9.141684,0.448356,0.503127,-0.054771
2018-09-16,9.144422,0.445596,0.502287,-0.056691
2018-09-17,9.147159,0.439288,0.501446,-0.062158
2018-09-18,9.149897,0.431960,0.500602,-0.068642
2018-09-19,9.152635,0.433794,0.499757,-0.065962
2018-09-20,9.155373,0.438158,0.498910,-0.060752
2018-09-21,9.158111,0.453640,0.498061,-0.044421
2018-09-22,9.160849,0.456065,0.497210,-0.041145
2018-09-23,9.163587,0.455368,0.496357,-0.040989
2018-09-24,9.166324,0.450190,0.495503,-0.045313
2018-09-25,9.169062,0.435224,0.494647,-0.059423
2018-09-26,9.171800,0.437749,0.493789,-0.056041
2018-09-27,9.174538,0.441098,0.492930,-0.051832
2018-09-28,9.177276,0.449744,0.492069,-0.042325
2018-09-29,9.180014,0.441525,0.491206,-0.049681
2018-09-30,9.182752,0.443238,0.490341,-0.047104
2018-10-01,9.185489,0.442388,0.489475,-0.047088
2018-10-02,9.188227,0.439821,0.488608,-0.048787
2018-10-03,9.190965,0.433332,0.487739,-0.054407
2018-10-04,9.193703,0.438813,0.486868,-0.048055
2018-10-05,9.196441,0.438220,0.485996,-0.047776
2018-10-06,9.199179,0.438026,0.485122,-0.047096
2018-10-07,9.201916,0.436168,0.484247,-0.048079
2018-10-08,9.204654,0.438878,0.483371,-0.044493
2018-10-09,9.207392,0.438392,0.482493,-0.044101
2018-10-10,9.210130,0.433915,0.481614,-0.047699
2018-10-11,9.212868,0.413800,0.480733,-0.066934
2018-10-12,9.215606,0.412551,0.479851,-0.067301
2018-10-13,9.218344,0.411870,0.478968,-0.067098
2018-10-14,9.221081,0.413433,0.478084,-0.064651
2018-10-15,9.223819,0.425251,0.477198,-0.051947
2018-10-16,9.226557,0.428208,0.476311,-0.048104
2018-10-17,9.229295,0.427377,0.475423,-0.048046
2018-10-18,9.232033,0.425805,0.474534,-0.048729
2018-10-19,9.234771,0.421403,0.473644,-0.052241
2018-10-20,9.237509,0.421055,0.472752,-0.051697
2018-10-21,9.240246,0.422747,0.471859,-0.049113
2018-10-22,9.242984,0.420121,0.470966,-0.050845
2018-10-23,9.245722,0.418774,0.470071,-0.051297
2018-10-24,9.248460,0.419950,0.469175,-0.049225
2018-10-25,9.251198,0.417683,0.468278,-0.050596
2018-10-26,9.253936,0.416874,0.467381,-0.050506
2018-10-27,9.256674,0.416223,0.466482,-0.050259
2018-10-28,9.259411,0.415093,0.465582,-0.050489
2018-10-29,9.262149,0.409673,0.464682,-0.055009
2018-10-30,9.264887,0.404587,0.463781,-0.059194
2018-10-31,9.267625,0.404298,0.462879,-0.058580
2018-11-01,9.270363,0.405724,0.461976,-0.056251
2018-11-02,9.273101,0.407642,0.461072,-0.053430
2018-11-03,9.275838,0.405495,0.460167,-0.054672
2018-11-04,9.278576,0.406655,0.459262,-0.052607
2018-11-05,9.281314,0.408412,0.458356,-0.049944
2018-11-06,9.284052,0.408177,0.457449,-0.049272
2018-11-07,9.286790,0.413580,0.456542,-0.042962
2018-11-08,9.289528,0.409512,0.455634,-0.046122
2018-11-09,9.292266,0.403841,0.454725,-0.050884
2018-11-10,9.295003,0.402636,0.453816,-0.051180
2018-11-11,9.297741,0.400780,0.452906,-0.052126
2018-11-12,9.300479,0.401002,0.451996,-0.050994
2018-11-13,9.303217,0.397346,0.451085,-0.053739
2018-11-14,9.305955,0.379477,0.450174,-0.070697
2018-11-15,9.308693,0.340264,0.449262,-0.108998
2018-11-16,9.311431,0.341434,0.448350,-0.106916
2018-11-17,9.314168,0.336691,0.447437,-0.110746
2018-11-18,9.316906,0.339385,0.446524,-0.107139
2018-11-19,9.319644,0.311152,0.445610,-0.134458
2018-11-20,9.322382,0.252187,0.444697,-0.192509
2018-11-21,9.325120,0.243766,0.443783,-0.200016
2018-11-22,9.327858,0.244090,0.442868,-0.198779
2018-11-23,9.330595,0.222147,0.441954,-0.219807
2018-11-24,9.333333,0.216755,0.441039,-0.224284
2018-11-25,9.336071,0.168238,0.440124,-0.271885
2018-11-26,9.338809,0.177624,0.439209,-0.261584
2018-11-27,9.341547,0.159934,0.438293,-0.278359
2018-11-28,9.344285,0.197894,0.437378,-0.239484
2018-11-29,9.347023,0.213523,0.436462,-0.222939
2018-11-30,9.349760,0.197756,0.435546,-0.237790
2018-12-01,9.352498,0.197376,0.434631,-0.237255
2018-12-02,9.355236,0.201545,0.433715,-0.232169
2018-12-03,9.357974,0.180208,0.432799,-0.252591
2018-12-04,9.360712,0.177026,0.431883,-0.254857
2018-12-05,9.363450,0.165151,0.430967,-0.265816
2018-12-06,9.366188,0.152296,0.430052,-0.277755
2018-12-07,9.368925,0.110610,0.429136,-0.318526
2018-12-08,9.371663,0.112741,0.428220,-0.315480
2018-12-09,9.374401,0.123291,0.427305,-0.304014
2018-12-10,9.377139,0.122366,0.426390,-0.304024
2018-12-11,9.379877,0.108769,0.425475,-0.316706
2018-12-12,9.382615,0.112170,0.424560,-0.312390
2018-12-13,9.385352,0.106655,0.423645,-0.316991
2018-12-14,9.388090,0.089470,0.422731,-0.333261
2018-12-15,9.390828,0.081325,0.421817,-0.340493
2018-12-16,9.393566,0.085769,0.420903,-0.335135
2018-12-17,9.396304,0.100460,0.419990,-0.319530
2018-12-18,9.399042,0.121055,0.419077,-0.298023
2018-12-19,9.401780,0.148917,0.418164,-0.269247
2018-12-20,9.404517,0.168182,0.417252,-0.249070
2018-12-21,9.407255,0.172966,0.416341,-0.243374
2018-12-22,9.409993,0.159756,0.415429,-0.255674
2018-12-23,9.412731,0.172627,0.414518,-0.241891
2018-12-24,9.415469,0.187481,0.413608,-0.226128
2018-12-25,9.418207,0.149033,0.412698,-0.263665
2018-12-26,9.420945,0.149709,0.411789,-0.262080
2018-12-27,9.423682,0.142205,0.410881,-0.268675
2018-12-28,9.426420,0.139901,0.409973,-0.270071
2018-12-29,9.429158,0.157564,0.409065,-0.251501
2018-12-30,9.431896,0.147895,0.408159,-0.260263
2018-12-31,9.434634,0.143837,0.407253,-0.263416
2019-01-01,9.437372,0.137504,0.406347,-0.268844
2019-01-02,9.440110,0.150244,0.405443,-0.255199
2019-01-03,9.442847,0.149694,0.404539,-0.254845
2019-01-04,9.445585,0.144134,0.403636,-0.259502
2019-01-05,9.448323,0.148630,0.402734,-0.254104
2019-01-06,9.451061,0.152198,0.401833,-0.249635
2019-01-07,9.453799,0.166992,0.400932,-0.233940
2019-01-08,9.456537,0.164754,0.400032,-0.235278
2019-01-09,9.459274,0.164428,0.399134,-0.234706
2019-01-10,9.462012,0.140311,0.398236,-0.257925
2019-01-11,9.464750,0.121935,0.397339,-0.275405
2019-01-12,9.467488,0.120051,0.396443,-0.276393
2019-01-13,9.470226,0.113913,0.395548,-0.281635
2019-01-14,9.472964,0.113148,0.394655,-0.281506
2019-01-15,9.475702,0.119376,0.393762,-0.274386
2019-01-16,9.478439,0.114360,0.392870,-0.278510
2019-01-17,9.481177,0.113360,0.391980,-0.278620
2019-01-18,9.483915,0.114253,0.391090,-0.276837
2019-01-19,9.486653,0.120080,0.390202,-0.270122
2019-01-20,9.489391,0.111660,0.389315,-0.277655
2019-01-21,9.492129,0.102465,0.388429,-0.285964
2019-01-22,9.494867,0.103650,0.387544,-0.283894
2019-01-23,9.497604,0.105105,0.386661,-0.281555
2019-01-24,9.500342,0.102622,0.385778,-0.283156
2019-01-25,9.503080,0.102243,0.384897,-0.282654
2019-01-26,9.505818,0.103686,0.384018,-0.280332
2019-01-27,9.508556,0.099575,0.383140,-0.283565
2019-01-28,9.511294,0.085982,0.382263,-0.296280
2019-01-29,9.514031,0.080291,0.381387,-0.301096
2019-01-30,9.516769,0.082847,0.380513,-0.297666
2019-01-31,9.519507,0.082385,0.379640,-0.297256
2019-02-01,9.522245,0.080782,0.378769,-0.297987
2019-02-02,9.524983,0.082169,0.377899,-0.295731
2019-02-03,9.527721,0.080671,0.377031,-0.296360
2019-02-04,9.530459,0.078767,0.376165,-0.297397
2019-02-05,9.533196,0.078841,0.375299,-0.296458
2019-02-06,9.535934,0.072489,0.374436,-0.301947
2019-02-07,9.538672,0.071304,0.373574,-0.302270
2019-02-08,9.541410,0.082109,0.372713,-0.290605
2019-02-09,9.544148,0.100169,0.371855,-0.271685
2019-02-10,9.546886,0.098664,0.370998,-0.272333
2019-02-11,9.549624,0.096801,0.370142,-0.273341
2019-02-12,9.552361,0.094292,0.369289,-0.274996
2019-02-13,9.555099,0.094217,0.368437,-0.274220
2019-02-14,9.557837,0.092206,0.367587,-0.275381
2019-02-15,9.560575,0.091858,0.366738,-0.274880
2019-02-16,9.563313,0.093394,0.365892,-0.272497
2019-02-17,9.566051,0.092307,0.365047,-0.272739
2019-02-18,9.568789,0.111086,0.364204,-0.253117
2019-02-19,9.571526,0.125915,0.363363,-0.237448
2019-02-20,9.574264,0.126745,0.362524,-0.235778
2019-02-21,9.577002,0.125878,0.361686,-0.235809
2019-02-22,9.579740,0.127089,0.360851,-0.233762
2019-02-23,9.582478,0.132031,0.360018,-0.227987
2019-02-24,9.585216,0.132098,0.359186,-0.227089
2019-02-25,9.587953,0.110740,0.358357,-0.247617
2019-02-26,9.590691,0.110760,0.357530,-0.246770
2019-02-27,9.593429,0.109741,0.356704,-0.246964
2019-02-28,9.596167,0.111046,0.355881,-0.244835
2019-03-01,9.598905,0.110620,0.355060,-0.244440
2019-03-02,9.601643,0.109042,0.354241,-0.245199
2019-03-03,9.604381,0.108131,0.353424,-0.245293
2019-03-04,9.607118,0.098942,0.352610,-0.253668
2019-03-05,9.609856,0.102766,0.351797,-0.249031
2019-03-06,9.612594,0.109948,0.350987,-0.241038
2019-03-07,9.615332,0.111724,0.350179,-0.238455
2019-03-08,9.618070,0.112321,0.349373,-0.237052
2019-03-09,9.620808,0.113788,0.348569,-0.234781
2019-03-10,9.623546,0.113257,0.347768,-0.234510
2019-03-11,9.626283,0.109592,0.346969,-0.237376
2019-03-12,9.629021,0.107471,0.346172,-0.238701
2019-03-13,9.631759,0.107555,0.345378,-0.237823
2019-03-14,9.634497,0.106473,0.344586,-0.238113
2019-03-15,9.637235,0.108931,0.343796,-0.234865
2019-03-16,9.639973,0.119026,0.343009,-0.223984
2019-03-17,9.642710,0.116884,0.342224,-0.225341
2019-03-18,9.645448,0.116846,0.341442,-0.224596
2019-03-19,9.648186,0.117248,0.340662,-0.223414
2019-03-20,9.650924,0.118616,0.339885,-0.221270
2019-03-21,9.653662,0.118521,0.339110,-0.220590
2019-03-22,9.656400,0.115030,0.338338,-0.223308
2019-03-23,9.659138,0.114513,0.337569,-0.223055
2019-03-24,9.661875,0.112685,0.336801,-0.224117
2019-03-25,9.664613,0.109923,0.336037,-0.226114
2019-03-26,9.667351,0.104766,0.335275,-0.230509
2019-03-27,9.670089,0.113029,0.334516,-0.221487
2019-03-28,9.672827,0.114206,0.333759,-0.219554
2019-03-29,9.675565,0.118874,0.333006,-0.214132
2019-03-30,9.678303,0.120793,0.332254,-0.211461
2019-03-31,9.681040,0.120633,0.331506,-0.210873
2019-04-01,9.683778,0.123661,0.330760,-0.207099
2019-04-02,9.686516,0.174178,0.330017,-0.155839
2019-04-03,9.689254,0.206480,0.329277,-0.122797
2019-04-04,9.691992,0.201497,0.328540,-0.127042
2019-04-05,9.694730,0.202082,0.327805,-0.125724
2019-04-06,9.697467,0.206773,0.327073,-0.120300
2019-04-07,9.700205,0.213610,0.326345,-0.112734
2019-04-08,9.702943,0.221790,0.325619,-0.103829
2019-04-09,9.705681,0.219913,0.324896,-0.104983
2019-04-10,9.708419,0.223375,0.324175,-0.100801
2019-04-11,9.711157,0.210628,0.323458,-0.112830
2019-04-12,9.713895,0.203925,0.322744,-0.118819
2019-04-13,9.716632,0.206634,0.322033,-0.115398
2019-04-14,9.719370,0.205734,0.321324,-0.115590
2019-04-15,9.722108,0.208269,0.320619,-0.112350
2019-04-16,9.724846,0.205874,0.319917,-0.114043
2019-04-17,9.727584,0.214915,0.319218,-0.104303
2019-04-18,9.730322,0.217894,0.318521,-0.100627
2019-04-19,9.733060,0.216828,0.317828,-0.101000
2019-04-20,9.735797,0.220452,0.317138,-0.096687
2019-04-21,9.738535,0.217948,0.316452,-0.098503
2019-04-22,9.741273,0.219840,0.315768,-0.095928
2019-04-23,9.744011,0.236066,0.315087,-0.079022
2019-04-24,9.746749,0.232023,0.314410,-0.082387
2019-04-25,9.749487,0.226635,0.313736,-0.087101
2019-04-26,9.752225,0.207904,0.313065,-0.105161
2019-04-27,9.754962,0.207862,0.312397,-0.104535
2019-04-28,9.757700,0.208462,0.311733,-0.103271
2019-04-29,9.760438,0.206414,0.311072,-0.104658
2019-04-30,9.763176,0.208875,0.310414,-0.101539
2019-05-01,9.765914,0.215847,0.309759,-0.093912
2019-05-02,9.768652,0.219893,0.309108,-0.089215
2019-05-03,9.771389,0.239028,0.308460,-0.069432
2019-05-04,9.774127,0.243720,0.307815,-0.064095
2019-05-05,9.776865,0.245729,0.307174,-0.061445
2019-05-06,9.779603,0.240613,0.306536,-0.065923
2019-05-07,9.782341,0.254568,0.305902,-0.051334
2019-05-08,9.785079,0.252663,0.305271,-0.052607
2019-05-09,9.787817,0.266429,0.304643,-0.038214
2019-05-10,9.790554,0.282328,0.304019,-0.021691
2019-05-11,9.793292,0.314203,0.303398,0.010805
2019-05-12,9.796030,0.333712,0.302781,0.030931
2019-05-13,9.798768,0.348696,0.302167,0.046528
2019-05-14,9.801506,0.381049,0.301557,0.079492
2019-05-15,9.804244,0.383452,0.300950,0.082502
2019-05-16,9.806982,0.379500,0.300347,0.079152
2019-05-17,9.809719,0.338986,0.299748,0.039239
2019-05-18,9.812457,0.342298,0.299152,0.043146
2019-05-19,9.815195,0.375228,0.298560,0.076669
2019-05-20,9.817933,0.372424,0.297971,0.074453
2019-05-21,9.820671,0.374494,0.297386,0.077108
2019-05-22,9.823409,0.370767,0.296804,0.073963
2019-05-23,9.826146,0.360757,0.296227,0.064531
2019-05-24,9.828884,0.374904,0.295652,0.079252
2019-05-25,9.831622,0.376821,0.295082,0.081739
2019-05-26,9.834360,0.380519,0.294515,0.086004
2019-05-27,9.837098,0.412326,0.293952,0.118373
2019-05-28,9.839836,0.409610,0.293393,0.116217
2019-05-29,9.842574,0.406170,0.292838,0.113332
2019-05-30,9.845311,0.405182,0.292286,0.112897
2019-05-31,9.848049,0.391024,0.291738,0.099287
2019-06-01,9.850787,0.399887,0.291194,0.108693
2019-06-02,9.853525,0.405376,0.290653,0.114723
2019-06-03,9.856263,0.397581,0.290117,0.107464
2019-06-04,9.859001,0.361865,0.289584,0.072281
2019-06-05,9.861739,0.357110,0.289055,0.068055
2019-06-06,9.864476,0.354917,0.288530,0.066387
2019-06-07,9.867214,0.364439,0.288009,0.076430
2019-06-08,9.869952,0.363953,0.287492,0.076461
2019-06-09,9.872690,0.355728,0.286979,0.068749
2019-06-10,9.875428,0.356254,0.286469,0.069784
2019-06-11,9.878166,0.359630,0.285964,0.073666
2019-06-12,9.880903,0.366654,0.285463,0.081191
2019-06-13,9.883641,0.372840,0.284965,0.087875
2019-06-14,9.886379,0.381873,0.284472,0.097401
2019-06-15,9.889117,0.400006,0.283982,0.116024
2019-06-16,9.891855,0.416279,0.283496,0.132783
2019-06-17,9.894593,0.422589,0.283015,0.139574
2019-06-18,9.897331,0.418414,0.282537,0.135876
2019-06-19,9.900068,0.418086,0.282064,0.136022
2019-06-20,9.902806,0.426983,0.281595,0.145388
2019-06-21,9.905544,0.446479,0.281129,0.165350
2019-06-22,9.908282,0.483947,0.280668,0.203279
2019-06-23,9.911020,0.484925,0.280211,0.204714
2019-06-24,9.913758,0.488617,0.279758,0.208859
2019-06-25,9.916496,0.506113,0.279309,0.226804
2019-06-26,9.919233,0.552774,0.278864,0.273910
2019-06-27,9.921971,0.523131,0.278423,0.244708
2019-06-28,9.924709,0.519724,0.277987,0.241737
2019-06-29,9.927447,0.524987,0.277554,0.247432
2019-06-30,9.930185,0.512437,0.277126,0.235311
2019-07-01,9.932923,0.478833,0.276702,0.202131
2019-07-02,9.935661,0.462525,0.276282,0.186243
2019-07-03,9.938398,0.502733,0.275866,0.226867
2019-07-04,9.941136,0.517919,0.275455,0.242464
2019-07-05,9.943874,0.494174,0.275048,0.219126
2019-07-06,9.946612,0.504212,0.274645,0.229567
2019-07-07,9.949350,0.499695,0.274246,0.225449
2019-07-08,9.952088,0.516760,0.273852,0.242908
2019-07-09,9.954825,0.540998,0.273462,0.267536
2019-07-10,9.957563,0.545015,0.273076,0.271939
2019-07-11,9.960301,0.507494,0.272694,0.234800
2019-07-12,9.963039,0.506992,0.272317,0.234675
2019-07-13,9.965777,0.500202,0.271944,0.228258
2019-07-14,9.968515,0.477304,0.271575,0.205729
2019-07-15,9.971253,0.459833,0.271211,0.188622
2019-07-16,9.973990,0.456137,0.270851,0.185286
2019-07-17,9.976728,0.421826,0.270495,0.151330
2019-07-18,9.979466,0.442297,0.270144,0.172153
2019-07-19,9.982204,0.458762,0.269797,0.188965
2019-07-20,9.984942,0.466763,0.269455,0.197309
2019-07-21,9.987680,0.461718,0.269116,0.192602
2019-07-22,9.990418,0.456102,0.268783,0.187319
2019-07-23,9.993155,0.439973,0.268453,0.171520
2019-07-24,9.995893,0.423575,0.268129,0.155446
2019-07-25,9.998631,0.436613,0.267808,0.168805
2019-07-26,10.001369,0.425252,0.267492,0.157760
2019-07-27,10.004107,0.422403,0.267180,0.155222
2019-07-28,10.006845,0.411562,0.266873,0.144689
2019-07-29,10.009582,0.412952,0.266571,0.146381
2019-07-30,10.012320,0.412354,0.266272,0.146081
2019-07-31,10.015058,0.425637,0.265979,0.159659
2019-08-01,10.017796,0.434722,0.265689,0.169032
2019-08-02,10.020534,0.450288,0.265405,0.184883
2019-08-03,10.023272,0.462259,0.265124,0.197135
2019-08-04,10.026010,0.462895,0.264848,0.198047
2019-08-05,10.028747,0.495383,0.264577,0.230806
2019-08-06,10.031485,0.497377,0.264310,0.233067
2019-08-07,10.034223,0.495557,0.264048,0.231509
2019-08-08,10.036961,0.498482,0.263791,0.234691
2019-08-09,10.039699,0.498633,0.263537,0.235096
2019-08-10,10.042437,0.489106,0.263289,0.225817
2019-08-11,10.045175,0.481054,0.263045,0.218009
2019-08-12,10.047912,0.480999,0.262805,0.218194
2019-08-13,10.050650,0.470614,0.262571,0.208043
2019-08-14,10.053388,0.441932,0.262340,0.179592
2019-08-15,10.056126,0.424203,0.262114,0.162088
2019-08-16,10.058864,0.432624,0.261893,0.170730
2019-08-17,10.061602,0.434626,0.261677,0.172950
2019-08-18,10.064339,0.433965,0.261465,0.172501
2019-08-19,10.067077,0.446406,0.261258,0.185148
2019-08-20,10.069815,0.451216,0.261055,0.190161
2019-08-21,10.072553,0.427587,0.260857,0.166730
2019-08-22,10.075291,0.421346,0.260663,0.160683
2019-08-23,10.078029,0.429872,0.260474,0.169397
2019-08-24,10.080767,0.424208,0.260290,0.163918
2019-08-25,10.083504,0.421586,0.260111,0.161476
2019-08-26,10.086242,0.430867,0.259936,0.170932
2019-08-27,10.088980,0.423277,0.259765,0.163512
2019-08-28,10.091718,0.417383,0.259600,0.157783
2019-08-29,10.094456,0.394124,0.259439,0.134686
2019-08-30,10.097194,0.394309,0.259282,0.135027
2019-08-31,10.099932,0.396072,0.259131,0.136941
2019-09-01,10.102669,0.396775,0.258984,0.137791
2019-09-02,10.105407,0.410018,0.258842,0.151176
2019-09-03,10.108145,0.432888,0.258704,0.174184
2019-09-04,10.110883,0.434357,0.258571,0.175786
2019-09-05,10.113621,0.433877,0.258443,0.175434
2019-09-06,10.116359,0.436665,0.258319,0.178346
2019-09-07,10.119097,0.427046,0.258200,0.168845
2019-09-08,10.121834,0.427872,0.258086,0.169786
2019-09-09,10.124572,0.420923,0.257977,0.162946
2019-09-10,10.127310,0.416871,0.257872,0.158999
2019-09-11,10.130048,0.409739,0.257772,0.151967
2019-09-12,10.132786,0.415861,0.257677,0.158185
2019-09-13,10.135524,0.418975,0.257586,0.161389
2019-09-14,10.138261,0.419338,0.257500,0.161838
2019-09-15,10.140999,0.417681,0.257419,0.160262
2019-09-16,10.143737,0.414446,0.257343,0.157103
2019-09-17,10.146475,0.412397,0.257271,0.155126
2019-09-18,10.149213,0.410780,0.257204,0.153576
2019-09-19,10.151951,0.401903,0.257142,0.144761
2019-09-20,10.154689,0.409040,0.257084,0.151956
2019-09-21,10.157426,0.402629,0.257031,0.145598
2019-09-22,10.160164,0.399590,0.256983,0.142607
2019-09-23,10.162902,0.394537,0.256940,0.137597
2019-09-24,10.165640,0.373418,0.256902,0.116517
2019-09-25,10.168378,0.326506,0.256868,0.069638
2019-09-26,10.171116,0.314973,0.256839,0.058135
2019-09-27,10.173854,0.303327,0.256814,0.046512
2019-09-28,10.176591,0.309172,0.256795,0.052378
2019-09-29,10.179329,0.304007,0.256780,0.047228
2019-09-30,10.182067,0.303517,0.256770,0.046747
2019-10-01,10.184805,0.318091,0.256764,0.061326
2019-10-02,10.187543,0.312006,0.256764,0.055243
2019-10-03,10.190281,0.310599,0.256768,0.053831
2019-10-04,10.193018,0.304903,0.256777,0.048126
2019-10-05,10.195756,0.302250,0.256790,0.045460
2019-10-06,10.198494,0.294668,0.256809,0.037860
2019-10-07,10.201232,0.297713,0.256832,0.040881
2019-10-08,10.203970,0.305220,0.256860,0.048360
2019-10-09,10.206708,0.310935,0.256892,0.054042
2019-10-10,10.209446,0.321500,0.256930,0.064571
2019-10-11,10.212183,0.313333,0.256972,0.056361
2019-10-12,10.214921,0.309656,0.257019,0.052637
2019-10-13,10.217659,0.310419,0.257070,0.053348
2019-10-14,10.220397,0.307154,0.257127,0.050027
2019-10-15,10.223135,0.304310,0.257188,0.047122
2019-10-16,10.225873,0.293112,0.257254,0.035858
2019-10-17,10.228611,0.290965,0.257324,0.033640
2019-10-18,10.231348,0.286757,0.257400,0.029357
2019-10-19,10.234086,0.286291,0.257480,0.028811
2019-10-20,10.236824,0.289027,0.257565,0.031462
2019-10-21,10.239562,0.298694,0.257654,0.041040
2019-10-22,10.242300,0.296853,0.257749,0.039104
2019-10-23,10.245038,0.271815,0.257848,0.013967
2019-10-24,10.247775,0.254889,0.257951,-0.003062
2019-10-25,10.250513,0.278906,0.258060,0.020846
2019-10-26,10.253251,0.350116,0.258173,0.091943
2019-10-27,10.255989,0.353121,0.258291,0.094830
2019-10-28,10.258727,0.354529,0.258414,0.096116
2019-10-29,10.261465,0.349588,0.258541,0.091046
2019-10-30,10.264203,0.340400,0.258673,0.081727
2019-10-31,10.266940,0.339160,0.258810,0.080350
2019-11-01,10.269678,0.338072,0.258952,0.079120
2019-11-02,10.272416,0.343256,0.259098,0.084158
2019-11-03,10.275154,0.339697,0.259249,0.080448
2019-11-04,10.277892,0.340917,0.259404,0.081513
2019-11-05,10.280630,0.344111,0.259565,0.084546
2019-11-06,10.283368,0.343102,0.259730,0.083372
2019-11-07,10.286105,0.338092,0.259900,0.078192
2019-11-08,10.288843,0.325479,0.260074,0.065405
2019-11-09,10.291581,0.317063,0.260253,0.056810
2019-11-10,10.294319,0.320582,0.260437,0.060145
2019-11-11,10.297057,0.315347,0.260625,0.054722
2019-11-12,10.299795,0.311847,0.260818,0.051029
2019-11-13,10.302533,0.312176,0.261016,0.051160
2019-11-14,10.305270,0.307005,0.261219,0.045786
2019-11-15,10.308008,0.300552,0.261426,0.039126
2019-11-16,10.310746,0.296663,0.261638,0.035026
2019-11-17,10.313484,0.298209,0.261854,0.036355
2019-11-18,10.316222,0.290767,0.262075,0.028692
2019-11-19,10.318960,0.276585,0.262301,0.014285
2019-11-20,10.321697,0.275004,0.262531,0.012473
2019-11-21,10.324435,0.260949,0.262766,-0.001817
2019-11-22,10.327173,0.231908,0.263006,-0.031097
2019-11-23,10.329911,0.225872,0.263250,-0.037378
2019-11-24,10.332649,0.219573,0.263498,-0.043925
2019-11-25,10.335387,0.207895,0.263752,-0.055856
2019-11-26,10.338125,0.217296,0.264010,-0.046714
2019-11-27,10.340862,0.223498,0.264272,-0.040774
2019-11-28,10.343600,0.238287,0.264540,-0.026252
2019-11-29,10.346338,0.243136,0.264811,-0.021675
2019-11-30,10.349076,0.244665,0.265088,-0.020423
2019-12-01,10.351814,0.226952,0.265369,-0.038417
2019-12-02,10.354552,0.223965,0.265654,-0.041690
2019-12-03,10.357290,0.223861,0.265944,-0.042083
2019-12-04,10.360027,0.220420,0.266239,-0.045819
2019-12-05,10.362765,0.222882,0.266538,-0.043656
2019-12-06,10.365503,0.226779,0.266841,-0.040062
2019-12-07,10.368241,0.233533,0.267150,-0.033617
2019-12-08,10.370979,0.230749,0.267462,-0.036713
2019-12-09,10.373717,0.228224,0.267779,-0.039555
2019-12-10,10.376454,0.218335,0.268101,-0.049766
2019-12-11,10.379192,0.212577,0.268427,-0.055850
2019-12-12,10.381930,0.209857,0.268758,-0.058901
2019-12-13,10.384668,0.212533,0.269093,-0.056560
2019-12-14,10.387406,0.208022,0.269433,-0.061411
2019-12-15,10.390144,0.203217,0.269777,-0.066560
2019-12-16,10.392882,0.199283,0.270125,-0.070842
2019-12-17,10.395619,0.183872,0.270478,-0.086606
2019-12-18,10.398357,0.182352,0.270836,-0.088484
2019-12-19,10.401095,0.204448,0.271198,-0.066749
2019-12-20,10.403833,0.203996,0.271564,-0.067568
2019-12-21,10.406571,0.203203,0.271935,-0.068732
2019-12-22,10.409309,0.207392,0.272310,-0.064918
2019-12-23,10.412047,0.222507,0.272689,-0.050183
2019-12-24,10.414784,0.209759,0.273073,-0.063314
2019-12-25,10.417522,0.204474,0.273462,-0.068988
2019-12-26,10.420260,0.204720,0.273854,-0.069134
2019-12-27,10.422998,0.202412,0.274251,-0.071839
2019-12-28,10.425736,0.207962,0.274653,-0.066691
2019-12-29,10.428474,0.209881,0.275058,-0.065177
2019-12-30,10.431211,0.206382,0.275468,-0.069087
2019-12-31,10.433949,0.200230,0.275883,-0.075652
2020-01-01,10.436687,0.199667,0.276301,-0.076634
2020-01-02,10.439425,0.191564,0.276724,-0.085160
2020-01-03,10.442163,0.199783,0.277151,-0.077368
2020-01-04,10.444901,0.204749,0.277583,-0.072834
2020-01-05,10.447639,0.210211,0.278019,-0.067808
2020-01-06,10.450376,0.215551,0.278459,-0.062908
2020-01-07,10.453114,0.236659,0.278903,-0.042244
2020-01-08,10.455852,0.252203,0.279351,-0.027148
2020-01-09,10.458590,0.234131,0.279804,-0.045674
2020-01-10,10.461328,0.233487,0.280261,-0.046774
2020-01-11,10.464066,0.244830,0.280722,-0.035892
2020-01-12,10.466804,0.244288,0.281188,-0.036899
2020-01-13,10.469541,0.243266,0.281657,-0.038391
2020-01-14,10.472279,0.266698,0.282131,-0.015433
2020-01-15,10.475017,0.274171,0.282609,-0.008437
2020-01-16,10.477755,0.270293,0.283091,-0.012798
2020-01-17,10.480493,0.278425,0.283577,-0.005152
2020-01-18,10.483231,0.279808,0.284067,-0.004259
2020-01-19,10.485969,0.277198,0.284562,-0.007364
2020-01-20,10.488706,0.266836,0.285060,-0.018224
2020-01-21,10.491444,0.266227,0.285563,-0.019336
2020-01-22,10.494182,0.266700,0.286069,-0.019369
2020-01-23,10.496920,0.254570,0.286580,-0.032010
2020-01-24,10.499658,0.251441,0.287095,-0.035654
2020-01-25,10.502396,0.247814,0.287614,-0.039799
2020-01-26,10.505133,0.252860,0.288136,-0.035276
2020-01-27,10.507871,0.266652,0.288663,-0.022011
2020-01-28,10.510609,0.281134,0.289194,-0.008060
2020-01-29,10.513347,0.293594,0.289729,0.003865
2020-01-30,10.516085,0.294659,0.290268,0.004392
2020-01-31,10.518823,0.292884,0.290810,0.002074
2020-02-01,10.521561,0.293739,0.291357,0.002382
2020-02-02,10.524298,0.293356,0.291908,0.001448
2020-02-03,10.527036,0.290662,0.292462,-0.001800
2020-02-04,10.529774,0.284319,0.293021,-0.008701
2020-02-05,10.532512,0.292887,0.293583,-0.000696
2020-02-06,10.535250,0.304944,0.294149,0.010795
2020-02-07,10.537988,0.308245,0.294719,0.013525
2020-02-08,10.540726,0.309224,0.295293,0.013930
2020-02-09,10.543463,0.320272,0.295871,0.024401
2020-02-10,10.546201,0.312593,0.296453,0.016141
2020-02-11,10.548939,0.313834,0.297038,0.016795
2020-02-12,10.551677,0.329734,0.297627,0.032106
2020-02-13,10.554415,0.326886,0.298220,0.028666
2020-02-14,10.557153,0.325165,0.298817,0.026348
2020-02-15,10.559890,0.319351,0.299418,0.019934
2020-02-16,10.562628,0.308775,0.300022,0.008753
2020-02-17,10.565366,0.300152,0.300630,-0.000478
2020-02-18,10.568104,0.305174,0.301241,0.003933
2020-02-19,10.570842,0.315003,0.301857,0.013146
2020-02-20,10.573580,0.293190,0.302476,-0.009286
2020-02-21,10.576318,0.297467,0.303099,-0.005631
2020-02-22,10.579055,0.295805,0.303725,-0.007920
2020-02-23,10.581793,0.304236,0.304355,-0.000119
2020-02-24,10.584531,0.297258,0.304989,-0.007730
2020-02-25,10.587269,0.286142,0.305626,-0.019484
2020-02-26,10.590007,0.264841,0.306266,-0.041425
2020-02-27,10.592745,0.252985,0.306911,-0.053926
2020-02-28,10.595483,0.247583,0.307559,-0.059976
2020-02-29,10.598220,0.246259,0.308210,-0.061952
2020-03-01,10.600958,0.239445,0.308865,-0.069420
2020-03-02,10.603696,0.247957,0.309524,-0.061567
2020-03-03,10.606434,0.249517,0.310186,-0.060668
2020-03-04,10.609172,0.247614,0.310851,-0.063237
2020-03-05,10.611910,0.259446,0.311520,-0.052074
2020-03-06,10.614648,0.262615,0.312192,-0.049577
2020-03-07,10.617385,0.259845,0.312868,-0.053023
2020-03-08,10.620123,0.235863,0.313547,-0.077684
2020-03-09,10.622861,0.199962,0.314230,-0.114267
2020-03-10,10.625599,0.202543,0.314915,-0.112372
2020-03-11,10.628337,0.196658,0.315605,-0.118946
2020-03-12,10.631075,0.125461,0.316297,-0.190836
2020-03-13,10.633812,0.028663,0.316993,-0.288331
2020-03-14,10.636550,0.035874,0.317692,-0.281818
2020-03-15,10.639288,0.027152,0.318395,-0.291243
2020-03-16,10.642026,-0.000213,0.319101,-0.319313
2020-03-17,10.644764,0.025343,0.319810,-0.294467
2020-03-18,10.647502,0.022076,0.320522,-0.298446
2020-03-19,10.650240,0.058061,0.321237,-0.263176
2020-03-20,10.652977,0.099603,0.321956,-0.222353
2020-03-21,10.655715,0.085457,0.322678,-0.237221
2020-03-22,10.658453,0.082983,0.323403,-0.240420
2020-03-23,10.661191,0.081051,0.324131,-0.243080
2020-03-24,10.663929,0.116842,0.324862,-0.208021
2020-03-25,10.666667,0.116509,0.325597,-0.209088
2020-03-26,10.669405,0.116543,0.326334,-0.209791
2020-03-27,10.672142,0.116859,0.327075,-0.210216
2020-03-28,10.674880,0.085717,0.327819,-0.242102
2020-03-29,10.677618,0.077159,0.328565,-0.251406
2020-03-30,10.680356,0.088290,0.329315,-0.241025
2020-03-31,10.683094,0.099558,0.330068,-0.230510
2020-04-01,10.685832,0.089364,0.330823,-0.241459
2020-04-02,10.688569,0.115662,0.331582,-0.215920
2020-04-03,10.691307,0.120499,0.332343,-0.211845
2020-04-04,10.694045,0.117264,0.333108,-0.215844
2020-04-05,10.696783,0.118132,0.333875,-0.215744
2020-04-06,10.699521,0.135538,0.334646,-0.199107
2020-04-07,10.702259,0.148610,0.335419,-0.186809
2020-04-08,10.704997,0.147343,0.336195,-0.188851
2020-04-09,10.707734,0.146716,0.336974,-0.190258
2020-04-10,10.710472,0.126392,0.337755,-0.211363
2020-04-11,10.713210,0.119788,0.338540,-0.218751
2020-04-12,10.715948,0.124230,0.339327,-0.215097
2020-04-13,10.718686,0.111601,0.340117,-0.228516
2020-04-14,10.721424,0.119533,0.340909,-0.221376
2020-04-15,10.724162,0.113897,0.341705,-0.227807
2020-04-16,10.726899,0.120138,0.342503,-0.222365
2020-04-17,10.729637,0.128537,0.343304,-0.214767
2020-04-18,10.732375,0.132348,0.344107,-0.211759
2020-04-19,10.735113,0.132931,0.344913,-0.211982
2020-04-20,10.737851,0.125304,0.345722,-0.220417
2020-04-21,10.740589,0.113808,0.346533,-0.232725
2020-04-22,10.743326,0.121393,0.347347,-0.225954
2020-04-23,10.746064,0.137991,0.348163,-0.210172
2020-04-24,10.748802,0.150314,0.348982,-0.198668
2020-04-25,10.751540,0.151034,0.349803,-0.198769
2020-04-26,10.754278,0.153684,0.350627,-0.196943
2020-04-27,10.757016,0.159562,0.351454,-0.191892
2020-04-28,10.759754,0.160041,0.352283,-0.192241
2020-04-29,10.762491,0.187511,0.353114,-0.165603
2020-04-30,10.765229,0.219278,0.353947,-0.134669
2020-05-01,10.767967,0.213742,0.354783,-0.141041
2020-05-02,10.770705,0.217717,0.355622,-0.137905
2020-05-03,10.773443,0.222060,0.356463,-0.134403
2020-05-04,10.776181,0.211426,0.357306,-0.145880
2020-05-05,10.778919,0.218716,0.358151,-0.139435
2020-05-06,10.781656,0.229012,0.358999,-0.129987
2020-05-07,10.784394,0.243698,0.359849,-0.116151
2020-05-08,10.787132,0.262324,0.360701,-0.098377
2020-05-09,10.789870,0.253122,0.361555,-0.108433
2020-05-10,10.792608,0.203494,0.362412,-0.158918
2020-05-11,10.795346,0.204295,0.363271,-0.158975
2020-05-12,10.798084,0.207341,0.364132,-0.156791
2020-05-13,10.800821,0.219657,0.364995,-0.145338
2020-05-14,10.803559,0.244036,0.365860,-0.121823
2020-05-15,10.806297,0.240534,0.366727,-0.126193
2020-05-16,10.809035,0.234745,0.367596,-0.132851
2020-05-17,10.811773,0.244257,0.368468,-0.124210
2020-05-18,10.814511,0.247758,0.369341,-0.121583
2020-05-19,10.817248,0.245139,0.370216,-0.125077
2020-05-20,10.819986,0.244626,0.371094,-0.126468
2020-05-21,10.822724,0.226156,0.371973,-0.145817
2020-05-22,10.825462,0.218478,0.372854,-0.154376
2020-05-23,10.828200,0.221805,0.373738,-0.151933
2020-05-24,10.830938,0.217282,0.374623,-0.157341
2020-05-25,10.833676,0.202520,0.375510,-0.172990
2020-05-26,10.836413,0.204019,0.376398,-0.172380
2020-05-27,10.839151,0.211502,0.377289,-0.165787
2020-05-28,10.841889,0.224238,0.378181,-0.153944
2020-05-29,10.844627,0.229694,0.379076,-0.149382
2020-05-30,10.847365,0.231692,0.379972,-0.148280
2020-05-31,10.850103,0.232709,0.380869,-0.148161
2020-06-01,10.852841,0.233872,0.381769,-0.147897
2020-06-02,10.855578,0.245496,0.382670,-0.137174
2020-06-03,10.858316,0.231512,0.383573,-0.152061
2020-06-04,10.861054,0.237530,0.384477,-0.146947
2020-06-05,10.863792,0.238696,0.385383,-0.146687
2020-06-06,10.866530,0.233706,0.386291,-0.152585
2020-06-07,10.869268,0.232413,0.387200,-0.154787
2020-06-08,10.872005,0.236400,0.388111,-0.151711
2020-06-09,10.874743,0.235278,0.389023,-0.153745
2020-06-10,10.877481,0.238124,0.389937,-0.151813
2020-06-11,10.880219,0.230938,0.390852,-0.159914
2020-06-12,10.882957,0.220361,0.391769,-0.171408
2020-06-13,10.885695,0.220468,0.392687,-0.172219
2020-06-14,10.888433,0.218972,0.393607,-0.174635
2020-06-15,10.891170,0.211152,0.394528,-0.183376
2020-06-16,10.893908,0.222020,0.395450,-0.173430
2020-06-17,10.896646,0.219068,0.396374,-0.177306
2020-06-18,10.899384,0.216718,0.397299,-0.180581
2020-06-19,10.902122,0.212714,0.398226,-0.185511
2020-06-20,10.904860,0.211097,0.399153,-0.188056
2020-06-21,10.907598,0.212811,0.400082,-0.187271
2020-06-22,10.910335,0.218120,0.401012,-0.182893
2020-06-23,10.913073,0.224324,0.401944,-0.177619
2020-06-24,10.915811,0.214844,0.402876,-0.188032
2020-06-25,10.918549,0.205233,0.403810,-0.198577
2020-06-26,10.921287,0.202271,0.404745,-0.202474
2020-06-27,10.924025,0.198243,0.405681,-0.207437
2020-06-28,10.926762,0.195698,0.406618,-0.210920
2020-06-29,10.929500,0.197836,0.407556,-0.209720
2020-06-30,10.932238,0.198458,0.408495,-0.210037
2020-07-01,10.934976,0.199656,0.409435,-0.209779
2020-07-02,10.937714,0.197930,0.410377,-0.212447
2020-07-03,10.940452,0.194207,0.411319,-0.217112
2020-07-04,10.943190,0.193607,0.412262,-0.218655
2020-07-05,10.945927,0.191594,0.413206,-0.221611
2020-07-06,10.948665,0.197821,0.414151,-0.216329
2020-07-07,10.951403,0.199610,0.415097,-0.215486
2020-07-08,10.954141,0.202737,0.416043,-0.213306
2020-07-09,10.956879,0.201364,0.416991,-0.215627
2020-07-10,10.959617,0.194688,0.417939,-0.223251
2020-07-11,10.962355,0.196086,0.418888,-0.222802
2020-07-12,10.965092,0.196046,0.419838,-0.223791
2020-07-13,10.967830,0.196793,0.420788,-0.223995
2020-07-14,10.970568,0.193468,0.421740,-0.228272
2020-07-15,10.973306,0.193024,0.422692,-0.229668
2020-07-16,10.976044,0.188309,0.423644,-0.235335
2020-07-17,10.978782,0.187975,0.424598,-0.236623
2020-07-18,10.981520,0.188707,0.425551,-0.236844
2020-07-19,10.984257,0.187830,0.426506,-0.238676
2020-07-20,10.986995,0.188323,0.427461,-0.239137
2020-07-21,10.989733,0.193799,0.428416,-0.234617
2020-07-22,10.992471,0.195842,0.429372,-0.233530
2020-07-23,10.995209,0.203267,0.430329,-0.227062
2020-07-24,10.997947,0.203453,0.431286,-0.227833
2020-07-25,11.000684,0.205739,0.432244,-0.226504
2020-07-26,11.003422,0.214561,0.433201,-0.218640
2020-07-27,11.006160,0.240100,0.434160,-0.194060
2020-07-28,11.008898,0.261428,0.435118,-0.173690
2020-07-29,11.011636,0.265483,0.436077,-0.170595
2020-07-30,11.014374,0.262475,0.437037,-0.174561
2020-07-31,11.017112,0.268227,0.437996,-0.169770
2020-08-01,11.019849,0.283322,0.438956,-0.155635
2020-08-02,11.022587,0.271619,0.439916,-0.168297
2020-08-03,11.025325,0.268642,0.440877,-0.172235
2020-08-04,11.028063,0.267702,0.441837,-0.174135
2020-08-05,11.030801,0.275784,0.442798,-0.167014
2020-08-06,11.033539,0.285816,0.443759,-0.157943
2020-08-07,11.036277,0.283818,0.444720,-0.160902
2020-08-08,11.039014,0.282254,0.445681,-0.163427
2020-08-09,11.041752,0.281214,0.446642,-0.165428
2020-08-10,11.044490,0.288766,0.447604,-0.158837
2020-08-11,11.047228,0.278342,0.448565,-0.170223
2020-08-12,11.049966,0.271814,0.449526,-0.177712
2020-08-13,11.052704,0.274566,0.450487,-0.175921
2020-08-14,11.055441,0.281631,0.451449,-0.169817
2020-08-15,11.058179,0.285377,0.452410,-0.167033
2020-08-16,11.060917,0.283859,0.453371,-0.169512
2020-08-17,11.063655,0.291152,0.454332,-0.163180
2020-08-18,11.066393,0.294199,0.455293,-0.161093
2020-08-19,11.069131,0.280404,0.456253,-0.175849
2020-08-20,11.071869,0.280039,0.457214,-0.177174
2020-08-21,11.074606,0.277394,0.458174,-0.180780
2020-08-22,11.077344,0.270052,0.459134,-0.189081
2020-08-23,11.080082,0.271833,0.460093,-0.188260
2020-08-24,11.082820,0.275481,0.461053,-0.185572
2020-08-25,11.085558,0.266265,0.462012,-0.195747
2020-08-26,11.088296,0.261998,0.462971,-0.200973
2020-08-27,11.091034,0.259251,0.463929,-0.204678
2020-08-28,11.093771,0.262370,0.464887,-0.202517
2020-08-29,11.096509,0.264241,0.465845,-0.201604
2020-08-30,11.099247,0.267081,0.466802,-0.199721
2020-08-31,11.101985,0.269784,0.467759,-0.197974
2020-09-01,11.104723,0.276144,0.468715,-0.192571
2020-09-02,11.107461,0.264539,0.469670,-0.205132
2020-09-03,11.110198,0.243238,0.470626,-0.227387
2020-09-04,11.112936,0.216551,0.471580,-0.255029
2020-09-05,11.115674,0.210747,0.472534,-0.261787
2020-09-06,11.118412,0.207619,0.473488,-0.265869
2020-09-07,11.121150,0.205223,0.474440,-0.269218
2020-09-08,11.123888,0.204091,0.475392,-0.271301
2020-09-09,11.126626,0.205338,0.476344,-0.271006
2020-09-10,11.129363,0.211224,0.477295,-0.266071
2020-09-11,11.132101,0.209122,0.478244,-0.269122
2020-09-12,11.134839,0.211396,0.479194,-0.267798
2020-09-13,11.137577,0.211875,0.480142,-0.268267
2020-09-14,11.140315,0.216131,0.481090,-0.264959
2020-09-15,11.143053,0.226370,0.482037,-0.255667
2020-09-16,11.145791,0.230805,0.482983,-0.252178
2020-09-17,11.148528,0.230017,0.483928,-0.253910
2020-09-18,11.151266,0.230777,0.484872,-0.254094
2020-09-19,11.154004,0.233788,0.485815,-0.252027
2020-09-20,11.156742,0.229319,0.486757,-0.257438
2020-09-21,11.159480,0.219061,0.487699,-0.268637
2020-09-22,11.162218,0.210077,0.488639,-0.278561
2020-09-23,11.164956,0.208017,0.489578,-0.281561
2020-09-24,11.167693,0.208061,0.490516,-0.282455
2020-09-25,11.170431,0.216749,0.491454,-0.274705
2020-09-26,11.173169,0.218122,0.492390,-0.274268
2020-09-27,11.175907,0.217532,0.493324,-0.275793
2020-09-28,11.178645,0.223450,0.494258,-0.270808
2020-09-29,11.181383,0.216964,0.495191,-0.278226
2020-09-30,11.184120,0.216887,0.496122,-0.279235
2020-10-01,11.186858,0.216903,0.497053,-0.280149
2020-10-02,11.189596,0.207065,0.497981,-0.290917
2020-10-03,11.192334,0.207483,0.498909,-0.291426
2020-10-04,11.195072,0.209184,0.499836,-0.290652
2020-10-05,11.197810,0.212667,0.500761,-0.288094
2020-10-06,11.200548,0.211818,0.501684,-0.289866
2020-10-07,11.203285,0.208050,0.502607,-0.294556
2020-10-08,11.206023,0.212227,0.503528,-0.291301
2020-10-09,11.208761,0.221645,0.504447,-0.282802
2020-10-10,11.211499,0.234682,0.505365,-0.270683
2020-10-11,11.214237,0.235166,0.506282,-0.271116
2020-10-12,11.216975,0.237876,0.507197,-0.269321
2020-10-13,11.219713,0.237416,0.508111,-0.270695
2020-10-14,11.222450,0.235248,0.509023,-0.273775
2020-10-15,11.225188,0.235010,0.509934,-0.274923
2020-10-16,11.227926,0.232562,0.510843,-0.278281
2020-10-17,11.230664,0.231237,0.511750,-0.280514
2020-10-18,11.233402,0.234099,0.512656,-0.278557
2020-10-19,11.236140,0.239106,0.513560,-0.274454
2020-10-20,11.238877,0.248381,0.514463,-0.266082
2020-10-21,11.241615,0.269888,0.515363,-0.245475
2020-10-22,11.244353,0.285316,0.516262,-0.230946
2020-10-23,11.247091,0.284790,0.517160,-0.232370
2020-10-24,11.249829,0.287435,0.518055,-0.230621
2020-10-25,11.252567,0.287714,0.518949,-0.231235
2020-10-26,11.255305,0.287580,0.519841,-0.232261
2020-10-27,11.258042,0.296980,0.520731,-0.223751
2020-10-28,11.260780,0.298826,0.521619,-0.222793
2020-10-29,11.263518,0.294618,0.522506,-0.227888
2020-10-30,11.266256,0.297465,0.523390,-0.225925
2020-10-31,11.268994,0.306809,0.524273,-0.217464
2020-11-01,11.271732,0.307054,0.525153,-0.218099
2020-11-02,11.274470,0.300981,0.526032,-0.225050
2020-11-03,11.277207,0.300944,0.526908,-0.225964
2020-11-04,11.279945,0.309498,0.527783,-0.218285
2020-11-05,11.282683,0.334318,0.528655,-0.194338
2020-11-06,11.285421,0.357968,0.529526,-0.171558
2020-11-07,11.288159,0.350658,0.530394,-0.179736
2020-11-08,11.290897,0.346349,0.531260,-0.184912
2020-11-09,11.293634,0.350817,0.532124,-0.181308
2020-11-10,11.296372,0.348711,0.532986,-0.184276
2020-11-11,11.299110,0.355820,0.533846,-0.178026
2020-11-12,11.301848,0.364499,0.534704,-0.170205
2020-11-13,11.304586,0.373603,0.535559,-0.161956
2020-11-14,11.307324,0.365988,0.536412,-0.170424
2020-11-15,11.310062,0.364660,0.537263,-0.172602
2020-11-16,11.312799,0.374201,0.538111,-0.163911
2020-11-17,11.315537,0.392117,0.538957,-0.146840
2020-11-18,11.318275,0.411245,0.539801,-0.128556
2020-11-19,11.321013,0.409912,0.540643,-0.130731
2020-11-20,11.323751,0.421342,0.541482,-0.120139
2020-11-21,11.326489,0.429410,0.542318,-0.112908
2020-11-22,11.329227,0.422137,0.543152,-0.121016
2020-11-23,11.331964,0.422185,0.543984,-0.121800
2020-11-24,11.334702,0.431346,0.544813,-0.113467
2020-11-25,11.337440,0.435151,0.545640,-0.110489
2020-11-26,11.340178,0.394741,0.546465,-0.151723
2020-11-27,11.342916,0.384528,0.547286,-0.162758
2020-11-28,11.345654,0.392189,0.548105,-0.155917
2020-11-29,11.348392,0.408280,0.548922,-0.140642
2020-11-30,11.351129,0.429398,0.549736,-0.120338
2020-12-01,11.353867,0.436590,0.550547,-0.113958
2020-12-02,11.356605,0.429270,0.551356,-0.122086
2020-12-03,11.359343,0.436332,0.552162,-0.115830
2020-12-04,11.362081,0.431832,0.552965,-0.121133
2020-12-05,11.364819,0.428569,0.553766,-0.125197
2020-12-06,11.367556,0.431519,0.554563,-0.123044
2020-12-07,11.370294,0.432204,0.555359,-0.123154
2020-12-08,11.373032,0.425592,0.556151,-0.130559
2020-12-09,11.375770,0.409354,0.556940,-0.147587
2020-12-10,11.378508,0.409795,0.557727,-0.147932
2020-12-11,11.381246,0.400493,0.558511,-0.158018
2020-12-12,11.383984,0.412668,0.559292,-0.146624
2020-12-13,11.386721,0.427106,0.560070,-0.132963
2020-12-14,11.389459,0.427585,0.560845,-0.133260
2020-12-15,11.392197,0.431276,0.561617,-0.130341
2020-12-16,11.394935,0.446847,0.562386,-0.115540
2020-12-17,11.397673,0.497700,0.563153,-0.065452
2020-12-18,11.400411,0.502348,0.563916,-0.061568
2020-12-19,11.403149,0.510801,0.564676,-0.053876
2020-12-20,11.405886,0.514646,0.565433,-0.050788
2020-12-21,11.408624,0.507720,0.566188,-0.058468
2020-12-22,11.411362,0.504374,0.566939,-0.062565
2020-12-23,11.414100,0.511887,0.567687,-0.055800
2020-12-24,11.416838,0.505611,0.568432,-0.062821
2020-12-25,11.419576,0.519750,0.569173,-0.049424
2020-12-26,11.422313,0.541202,0.569912,-0.028710
2020-12-27,11.425051,0.569839,0.570647,-0.000809
2020-12-28,11.427789,0.568274,0.571380,-0.003105
2020-12-29,11.430527,0.563067,0.572109,-0.009042
2020-12-30,11.433265,0.585860,0.572834,0.013026
2020-12-31,11.436003,0.596103,0.573557,0.022546
2021-01-01,11.438741,0.601843,0.574276,0.027567
2021-01-02,11.441478,0.622789,0.574992,0.047797
2021-01-03,11.444216,0.658851,0.575705,0.083147
2021-01-04,11.446954,0.636626,0.576414,0.060212
2021-01-05,11.449692,0.641792,0.577120,0.064673
2021-01-06,11.452430,0.675225,0.577822,0.097402
2021-01-07,11.455168,0.712183,0.578522,0.133661
2021-01-08,11.457906,0.731343,0.579217,0.152126
2021-01-09,11.460643,0.737319,0.579910,0.157409
2021-01-10,11.463381,0.729234,0.580598,0.148636
2021-01-11,11.466119,0.664483,0.581284,0.083199
2021-01-12,11.468857,0.671502,0.581966,0.089536
2021-01-13,11.471595,0.669259,0.582644,0.086615
2021-01-14,11.474333,0.711486,0.583319,0.128167
2021-01-15,11.477070,0.705115,0.583990,0.121125
2021-01-16,11.479808,0.693981,0.584658,0.109323
2021-01-17,11.482546,0.680882,0.585322,0.095560
2021-01-18,11.485284,0.684547,0.585982,0.098564
2021-01-19,11.488022,0.692601,0.586639,0.105962
2021-01-20,11.490760,0.690700,0.587293,0.103407
2021-01-21,11.493498,0.642317,0.587942,0.054375
2021-01-22,11.496235,0.632889,0.588588,0.044301
2021-01-23,11.498973,0.633870,0.589230,0.044640
2021-01-24,11.501711,0.730720,0.589869,0.140851
2021-01-25,11.504449,0.648779,0.590504,0.058275
2021-01-26,11.507187,0.630270,0.591135,0.039135
2021-01-27,11.509925,0.665350,0.591762,0.073588
2021-01-28,11.512663,0.624234,0.592385,0.031849
2021-01-29,11.515400,0.718683,0.593005,0.125678
2021-01-30,11.518138,0.652337,0.593621,0.058716
2021-01-31,11.520876,0.643807,0.594233,0.049574
2021-02-01,11.523614,0.640975,0.594841,0.046134
2021-02-02,11.526352,0.659389,0.595445,0.063943
2021-02-03,11.529090,0.681235,0.596046,0.085189
2021-02-04,11.531828,0.691638,0.596642,0.094996
2021-02-05,11.534565,0.692451,0.597235,0.095216
2021-02-06,11.537303,0.716500,0.597823,0.118677
2021-02-07,11.540041,0.703352,0.598408,0.104944
2021-02-08,11.542779,0.730804,0.598988,0.131815
2021-02-09,11.545517,0.776139,0.599565,0.176574
2021-02-10,11.548255,0.759574,0.600138,0.159436
2021-02-11,11.550992,0.774965,0.600706,0.174258
2021-02-12,11.553730,0.790671,0.601271,0.189400
2021-02-13,11.556468,0.787157,0.601831,0.185326
2021-02-14,11.559206,0.798785,0.602388,0.196397
2021-02-15,11.561944,0.793597,0.602940,0.190657
2021-02-16,11.564682,0.803052,0.603488,0.199564
2021-02-17,11.567420,0.818676,0.604032,0.214644
2021-02-18,11.570157,0.825119,0.604572,0.220547
2021-02-19,11.572895,0.834558,0.605108,0.229450
2021-02-20,11.575633,0.855955,0.605640,0.250315
2021-02-21,11.578371,0.884215,0.606167,0.278048
2021-02-22,11.581109,0.868019,0.606690,0.261328
2021-02-23,11.583847,0.800902,0.607210,0.193692
2021-02-24,11.586585,0.804066,0.607724,0.196342
2021-02-25,11.589322,0.805104,0.608235,0.196869
2021-02-26,11.592060,0.800541,0.608741,0.191800
2021-02-27,11.594798,0.785279,0.609243,0.176036
2021-02-28,11.597536,0.756092,0.609741,0.146351
2021-03-01,11.600274,0.788459,0.610234,0.178225
2021-03-02,11.603012,0.790427,0.610723,0.179704
2021-03-03,11.605749,0.808744,0.611208,0.197537
2021-03-04,11.608487,0.800224,0.611688,0.188536
2021-03-05,11.611225,0.780990,0.612164,0.168826
2021-03-06,11.613963,0.786315,0.612636,0.173679
2021-03-07,11.616701,0.805150,0.613103,0.192047
2021-03-08,11.619439,0.808901,0.613566,0.195335
2021-03-09,11.622177,0.831448,0.614024,0.217424
2021-03-10,11.624914,0.840630,0.614478,0.226152
2021-03-11,11.627652,0.849533,0.614927,0.234606
2021-03-12,11.630390,0.853134,0.615372,0.237762
2021-03-13,11.633128,0.867432,0.615813,0.251619
2021-03-14,11.635866,0.878672,0.616249,0.262424
2021-03-15,11.638604,0.856373,0.616680,0.239692
2021-03-16,11.641342,0.839072,0.617107,0.221965
2021-03-17,11.644079,0.844108,0.617529,0.226578
2021-03-18,11.646817,0.862301,0.617947,0.244353
2021-03-19,11.649555,0.857354,0.618361,0.238994
2021-03-20,11.652293,0.864682,0.618769,0.245913
2021-03-21,11.655031,0.851682,0.619173,0.232509
2021-03-22,11.657769,0.850423,0.619573,0.230850
2021-03-23,11.660507,0.836586,0.619968,0.216618
2021-03-24,11.663244,0.833276,0.620358,0.212918
2021-03-25,11.665982,0.816690,0.620744,0.195947
2021-03-26,11.668720,0.817563,0.621125,0.196439
2021-03-27,11.671458,0.837116,0.621501,0.215615
2021-03-28,11.674196,0.837038,0.621873,0.215165
2021-03-29,11.676934,0.845091,0.622240,0.222851
2021-03-30,11.679671,0.856811,0.622602,0.234209
2021-03-31,11.682409,0.858278,0.622959,0.235319
2021-04-01,11.685147,0.857847,0.623312,0.234535
2021-04-02,11.687885,0.860299,0.623660,0.236639
2021-04-03,11.690623,0.857151,0.624003,0.233148
2021-04-04,11.693361,0.847749,0.624342,0.223407
2021-04-05,11.696099,0.850115,0.624676,0.225440
2021-04-06,11.698836,0.854097,0.625005,0.229093
2021-04-07,11.701574,0.843234,0.625329,0.217905
2021-04-08,11.704312,0.841726,0.625648,0.216078
2021-04-09,11.707050,0.848838,0.625963,0.222875
2021-04-10,11.709788,0.860591,0.626272,0.234319
2021-04-11,11.712526,0.859375,0.626577,0.232797
2021-04-12,11.715264,0.861081,0.626877,0.234204
2021-04-13,11.718001,0.860114,0.627172,0.232942
2021-04-14,11.720739,0.883463,0.627463,0.256001
2021-04-15,11.723477,0.879430,0.627748,0.251682
2021-04-16,11.726215,0.923024,0.628029,0.294995
2021-04-17,11.728953,0.843146,0.628304,0.214842
2021-04-18,11.731691,0.890134,0.628575,0.261559
2021-04-19,11.734428,0.830200,0.628841,0.201359
2021-04-20,11.737166,0.822675,0.629101,0.193574
2021-04-21,11.739904,0.821388,0.629357,0.192031
2021-04-22,11.742642,0.865538,0.629608,0.235929
2021-04-23,11.745380,0.774262,0.629854,0.144408
2021-04-24,11.748118,0.775898,0.630095,0.145803
2021-04-25,11.750856,0.775121,0.630331,0.144790
2021-04-26,11.753593,0.799804,0.630562,0.169242
2021-04-27,11.756331,0.859120,0.630788,0.228332
2021-04-28,11.759069,0.812782,0.631009,0.181773
2021-04-29,11.761807,0.820193,0.631225,0.188967
2021-04-30,11.764545,0.846243,0.631436,0.214807
2021-05-01,11.767283,0.834261,0.631642,0.202619
2021-05-02,11.770021,0.821181,0.631843,0.189338
2021-05-03,11.772758,0.834185,0.632039,0.202146
2021-05-04,11.775496,0.813255,0.632230,0.181025
2021-05-05,11.778234,0.809131,0.632415,0.176716
2021-05-06,11.780972,0.877269,0.632596,0.244673
2021-05-07,11.783710,0.823930,0.632771,0.191159
2021-05-08,11.786448,0.836291,0.632942,0.203349
2021-05-09,11.789185,0.831542,0.633107,0.198435
2021-05-10,11.791923,0.829324,0.633267,0.196056
2021-05-11,11.794661,0.868416,0.633423,0.234993
2021-05-12,11.797399,0.814451,0.633573,0.180878
2021-05-13,11.800137,0.763427,0.633718,0.129709
2021-05-14,11.802875,0.766449,0.633857,0.132592
2021-05-15,11.805613,0.753986,0.633992,0.119994
2021-05-16,11.808350,0.743264,0.634121,0.109142
2021-05-17,11.811088,0.711755,0.634246,0.077509
2021-05-18,11.813826,0.708969,0.634365,0.074604
2021-05-19,11.816564,0.666823,0.634479,0.032345
2021-05-20,11.819302,0.738422,0.634587,0.103834
2021-05-21,11.822040,0.654232,0.634691,0.019541
2021-05-22,11.824778,0.636043,0.634789,0.001253
2021-05-23,11.827515,0.613491,0.634883,-0.021392
2021-05-24,11.830253,0.629475,0.634971,-0.005496
2021-05-25,11.832991,0.664986,0.635053,0.029932
2021-05-26,11.835729,0.653687,0.635131,0.018555
2021-05-27,11.838467,0.648145,0.635203,0.012941
2021-05-28,11.841205,0.622002,0.635271,-0.013269
2021-05-29,11.843943,0.605385,0.635332,-0.029948
2021-05-30,11.846680,0.607575,0.635389,-0.027814
2021-05-31,11.849418,0.615254,0.635441,-0.020187
2021-06-01,11.852156,0.619753,0.635487,-0.015734
2021-06-02,11.854894,0.627491,0.635528,-0.008037
2021-06-03,11.857632,0.641308,0.635563,0.005745
2021-06-04,11.860370,0.624154,0.635594,-0.011439
2021-06-05,11.863107,0.617473,0.635619,-0.018146
2021-06-06,11.865845,0.609904,0.635639,-0.025735
2021-06-07,11.868583,0.694441,0.635653,0.058787
2021-06-08,11.871321,0.570039,0.635663,-0.065624
2021-06-09,11.874059,0.595119,0.635667,-0.040547
2021-06-10,11.876797,0.620096,0.635666,-0.015570
2021-06-11,11.879535,0.619693,0.635659,-0.015966
2021-06-12,11.882272,0.604056,0.635647,-0.031592
2021-06-13,11.885010,0.611646,0.635630,-0.023984
2021-06-14,11.887748,0.648359,0.635608,0.012751
2021-06-15,11.890486,0.653560,0.635580,0.017979
2021-06-16,11.893224,0.719618,0.635547,0.084071
2021-06-17,11.895962,0.635149,0.635509,-0.000360
2021-06-18,11.898700,0.616263,0.635465,-0.019202
2021-06-19,11.901437,0.601587,0.635416,-0.033830
2021-06-20,11.904175,0.592729,0.635362,-0.042633
2021-06-21,11.906913,0.567356,0.635302,-0.067946
2021-06-22,11.909651,0.552363,0.635237,-0.082874
2021-06-23,11.912389,0.574342,0.635167,-0.060825
2021-06-24,11.915127,0.573742,0.635091,-0.061350
2021-06-25,11.917864,0.567594,0.635011,-0.067417
2021-06-26,11.920602,0.542753,0.634924,-0.092171
2021-06-27,11.923340,0.563258,0.634833,-0.071575
2021-06-28,11.926078,0.634222,0.634736,-0.000514
2021-06-29,11.928816,0.593518,0.634634,-0.041115
2021-06-30,11.931554,0.585237,0.634526,-0.049289
2021-07-01,11.934292,0.569319,0.634413,-0.065094
2021-07-02,11.937029,0.563475,0.634295,-0.070819
2021-07-03,11.939767,0.575967,0.634171,-0.058204
2021-07-04,11.942505,0.587405,0.634042,-0.046637
2021-07-05,11.945243,0.571848,0.633908,-0.062060
2021-07-06,11.947981,0.572379,0.633768,-0.061389
2021-07-07,11.950719,0.576808,0.633623,-0.056815
2021-07-08,11.953457,0.555056,0.633473,-0.078417
2021-07-09,11.956194,0.558621,0.633317,-0.074696
2021-07-10,11.958932,0.564917,0.633156,-0.068239
2021-07-11,11.961670,0.559407,0.632990,-0.073583
2021-07-12,11.964408,0.563638,0.632818,-0.069180
2021-07-13,11.967146,0.552610,0.632641,-0.080030
2021-07-14,11.969884,0.547268,0.632458,-0.085190
2021-07-15,11.972621,0.541700,0.632270,-0.090571
2021-07-16,11.975359,0.536703,0.632077,-0.095374
2021-07-17,11.978097,0.533767,0.631879,-0.098112
2021-07-18,11.980835,0.535806,0.631675,-0.095869
2021-07-19,11.983573,0.527240,0.631466,-0.104226
2021-07-20,11.986311,0.507766,0.631251,-0.123485
2021-07-21,11.989049,0.526610,0.631031,-0.104422
2021-07-22,11.991786,0.538541,0.630806,-0.092265
2021-07-23,11.994524,0.542637,0.630575,-0.087938
2021-07-24,11.997262,0.559786,0.630339,-0.070554
2021-07-25,12.000000,0.565661,0.630098,-0.064438
2021-07-26,12.002738,0.611962,0.629851,-0.017889
2021-07-27,12.005476,0.604452,0.629600,-0.025147
2021-07-28,12.008214,0.628057,0.629342,-0.001285
2021-07-29,12.010951,0.627522,0.629080,-0.001558
2021-07-30,12.013689,0.624677,0.628812,-0.004134
2021-07-31,12.016427,0.645228,0.628538,0.016690
2021-08-01,12.019165,0.643003,0.628260,0.014743
2021-08-02,12.021903,0.622698,0.627976,-0.005278
2021-08-03,12.024641,0.609773,0.627687,-0.017913
2021-08-04,12.027379,0.612205,0.627392,-0.015187
2021-08-05,12.030116,0.694392,0.627092,0.067300
2021-08-06,12.032854,0.639460,0.626787,0.012673
2021-08-07,12.035592,0.661477,0.626476,0.035001
2021-08-08,12.038330,0.668508,0.626160,0.042348
2021-08-09,12.041068,0.673667,0.625839,0.047827
2021-08-10,12.043806,0.679835,0.625513,0.054322
2021-08-11,12.046543,0.683925,0.625181,0.058743
2021-08-12,12.049281,0.672268,0.624844,0.047424
2021-08-13,12.052019,0.684100,0.624502,0.059598
2021-08-14,12.054757,0.691845,0.624154,0.067691
2021-08-15,12.057495,0.685044,0.623801,0.061243
2021-08-16,12.060233,0.689029,0.623443,0.065586
2021-08-17,12.062971,0.679636,0.623080,0.056556
2021-08-18,12.065708,0.671542,0.622711,0.048831
2021-08-19,12.068446,0.671761,0.622337,0.049425
2021-08-20,12.071184,0.749568,0.621958,0.127610
2021-08-21,12.073922,0.705838,0.621573,0.084264
2021-08-22,12.076660,0.703910,0.621183,0.082727
2021-08-23,12.079398,0.712182,0.620788,0.091394
2021-08-24,12.082136,0.702959,0.620388,0.082571
2021-08-25,12.084873,0.696982,0.619983,0.076999
2021-08-26,12.087611,0.688215,0.619572,0.068643
2021-08-27,12.090349,0.691437,0.619156,0.072281
2021-08-28,12.093087,0.700961,0.618735,0.082226
2021-08-29,12.095825,0.698354,0.618308,0.080045
2021-08-30,12.098563,0.692781,0.617877,0.074904
2021-08-31,12.101300,0.685231,0.617440,0.067791
2021-09-01,12.104038,0.688220,0.616998,0.071221
2021-09-02,12.106776,0.705216,0.616551,0.088665
2021-09-03,12.109514,0.706855,0.616098,0.090757
2021-09-04,12.112252,0.707653,0.615641,0.092012
2021-09-05,12.114990,0.709804,0.615178,0.094625
2021-09-06,12.117728,0.721339,0.614710,0.106629
2021-09-07,12.120465,0.705091,0.614237,0.090854
2021-09-08,12.123203,0.672142,0.613759,0.058383
2021-09-09,12.125941,0.655675,0.613276,0.042399
2021-09-10,12.128679,0.667828,0.612787,0.055041
2021-09-11,12.131417,0.662242,0.612294,0.049949
2021-09-12,12.134155,0.664077,0.611795,0.052282
2021-09-13,12.136893,0.656044,0.611291,0.044753
2021-09-14,12.139630,0.667311,0.610782,0.056529
2021-09-15,12.142368,0.680567,0.610268,0.070299
2021-09-16,12.145106,0.682581,0.609749,0.072832
2021-09-17,12.147844,0.679359,0.609225,0.070135
2021-09-18,12.150582,0.684844,0.608695,0.076148
2021-09-19,12.153320,0.679794,0.608161,0.071633
2021-09-20,12.156057,0.650420,0.607621,0.042799
2021-09-21,12.158795,0.614785,0.607077,0.007708
2021-09-22,12.161533,0.629485,0.606527,0.022958
2021-09-23,12.164271,0.644238,0.605973,0.038265
2021-09-24,12.167009,0.619227,0.605413,0.013814
2021-09-25,12.169747,0.628919,0.604848,0.024071
2021-09-26,12.172485,0.630267,0.604279,0.025988
2021-09-27,12.175222,0.636692,0.603704,0.032988
2021-09-28,12.177960,0.620442,0.603124,0.017317
2021-09-29,12.180698,0.618982,0.602540,0.016442
2021-09-30,12.183436,0.632968,0.601950,0.031018
2021-10-01,12.186174,0.659313,0.601356,0.057957
2021-10-02,12.188912,0.674764,0.600756,0.074008
2021-10-03,12.191650,0.675826,0.600152,0.075674
2021-10-04,12.194387,0.676686,0.599542,0.077144
2021-10-05,12.197125,0.692993,0.598928,0.094065
2021-10-06,12.199863,0.716326,0.598309,0.118018
2021-10-07,12.202601,0.727065,0.597684,0.129381
2021-10-08,12.205339,0.727413,0.597055,0.130357
2021-10-09,12.208077,0.729263,0.596421,0.132842
2021-10-10,12.210815,0.732152,0.595783,0.136369
2021-10-11,12.213552,0.743547,0.595139,0.148408
2021-10-12,12.216290,0.742488,0.594490,0.147998
2021-10-13,12.219028,0.737664,0.593837,0.143827
2021-10-14,12.221766,0.749213,0.593179,0.156034
2021-10-15,12.224504,0.765287,0.592516,0.172771
2021-10-16,12.227242,0.774558,0.591848,0.182710
2021-10-17,12.229979,0.771169,0.591175,0.179994
2021-10-18,12.232717,0.777402,0.590498,0.186904
2021-10-19,12.235455,0.783711,0.589816,0.193895
2021-10-20,12.238193,0.790616,0.589129,0.201487
2021-10-21,12.240931,0.792815,0.588437,0.204378
2021-10-22,12.243669,0.777887,0.587741,0.190146
2021-10-23,12.246407,0.769696,0.587039,0.182656
2021-10-24,12.249144,0.774791,0.586334,0.188457
2021-10-25,12.251882,0.785975,0.585623,0.200352
2021-10-26,12.254620,0.776839,0.584908,0.191931
2021-10-27,12.257358,0.756716,0.584188,0.172528
2021-10-28,12.260096,0.761486,0.583463,0.178023
2021-10-29,12.262834,0.752821,0.582734,0.170087
2021-10-30,12.265572,0.770074,0.582000,0.188074
2021-10-31,12.268309,0.765983,0.581261,0.184722
2021-11-01,12.271047,0.766565,0.580518,0.186047
2021-11-02,12.273785,0.775161,0.579770,0.195390
2021-11-03,12.276523,0.776447,0.579018,0.197430
2021-11-04,12.279261,0.769207,0.578261,0.190946
2021-11-05,12.281999,0.766869,0.577499,0.189369
2021-11-06,12.284736,0.762530,0.576733,0.185797
2021-11-07,12.287474,0.770034,0.575963,0.194071
2021-11-08,12.290212,0.793922,0.575188,0.218735
2021-11-09,12.292950,0.804635,0.574408,0.230227
2021-11-10,12.295688,0.799773,0.573624,0.226149
2021-11-11,12.298426,0.787217,0.572835,0.214381
2021-11-12,12.301164,0.781846,0.572042,0.209804
2021-11-13,12.303901,0.780537,0.571245,0.209292
2021-11-14,12.306639,0.783239,0.570443,0.212796
2021-11-15,12.309377,0.786554,0.569636,0.216918
2021-11-16,12.312115,0.773878,0.568825,0.205052
2021-11-17,12.314853,0.750703,0.568010,0.182693
2021-11-18,12.317591,0.743783,0.567191,0.176592
2021-11-19,12.320329,0.730189,0.566367,0.163823
2021-11-20,12.323066,0.740660,0.565538,0.175122
2021-11-21,12.325804,0.743441,0.564706,0.178735
2021-11-22,12.328542,0.729691,0.563869,0.165822
2021-11-23,12.331280,0.725796,0.563027,0.162768
2021-11-24,12.334018,0.723923,0.562182,0.161741
2021-11-25,12.336756,0.734646,0.561332,0.173314
2021-11-26,12.339493,0.714735,0.560478,0.154257
2021-11-27,12.342231,0.707125,0.559620,0.147506
2021-11-28,12.344969,0.706455,0.558757,0.147698
2021-11-29,12.347707,0.728193,0.557890,0.170303
2021-11-30,12.350445,0.725130,0.557019,0.168111
2021-12-01,12.353183,0.724628,0.556144,0.168484
2021-12-02,12.355921,0.719354,0.555265,0.164089
2021-12-03,12.358658,0.712691,0.554381,0.158310
2021-12-04,12.361396,0.662629,0.553493,0.109135
2021-12-05,12.364134,0.657678,0.552602,0.105076
2021-12-06,12.366872,0.660951,0.551706,0.109246
2021-12-07,12.369610,0.711428,0.550806,0.160622
2021-12-08,12.372348,0.665949,0.549902,0.116048
2021-12-09,12.375086,0.654409,0.548994,0.105415
2021-12-10,12.377823,0.647086,0.548082,0.099004
2021-12-11,12.380561,0.649026,0.547166,0.101861
2021-12-12,12.383299,0.658160,0.546245,0.111914
2021-12-13,12.386037,0.645371,0.545321,0.100049
2021-12-14,12.388775,0.635977,0.544393,0.091584
2021-12-15,12.391513,0.643920,0.543461,0.100459
2021-12-16,12.394251,0.644283,0.542525,0.101758
2021-12-17,12.396988,0.629669,0.541585,0.088084
2021-12-18,12.399726,0.624855,0.540642,0.084213
2021-12-19,12.402464,0.629715,0.539694,0.090021
2021-12-20,12.405202,0.622228,0.538742,0.083485
2021-12-21,12.407940,0.639937,0.537787,0.102150
2021-12-22,12.410678,0.644343,0.536828,0.107515
2021-12-23,12.413415,0.644831,0.535865,0.108966
2021-12-24,12.416153,0.661116,0.534898,0.126218
2021-12-25,12.418891,0.663412,0.533927,0.129484
2021-12-26,12.421629,0.652868,0.532953,0.119915
2021-12-27,12.424367,0.660289,0.531975,0.128314
2021-12-28,12.427105,0.640785,0.530993,0.109791
2021-12-29,12.429843,0.628717,0.530008,0.098709
2021-12-30,12.432580,0.623441,0.529019,0.094423
2021-12-31,12.435318,0.624729,0.528026,0.096704
2022-01-01,12.438056,0.622971,0.527029,0.095941
2022-01-02,12.440794,0.623484,0.526029,0.097455
2022-01-03,12.443532,0.619064,0.525025,0.094038
2022-01-04,12.446270,0.614897,0.524018,0.090878
2022-01-05,12.449008,0.609158,0.523007,0.086151
2022-01-06,12.451745,0.581701,0.521993,0.059709
2022-01-07,12.454483,0.569958,0.520975,0.048983
2022-01-08,12.457221,0.635448,0.519953,0.115495
2022-01-09,12.459959,0.568448,0.518928,0.049520
2022-01-10,12.462697,0.564792,0.517900,0.046892
2022-01-11,12.465435,0.587238,0.516868,0.070370
2022-01-12,12.468172,0.580234,0.515833,0.064402
2022-01-13,12.470910,0.581963,0.514794,0.067169
2022-01-14,12.473648,0.574727,0.513752,0.060975
2022-01-15,12.476386,0.578075,0.512706,0.065369
2022-01-16,12.479124,0.577144,0.511658,0.065486
2022-01-17,12.481862,0.636314,0.510605,0.125709
2022-01-18,12.484600,0.564360,0.509550,0.054811
2022-01-19,12.487337,0.563754,0.508491,0.055263
2022-01-20,12.490075,0.566348,0.507429,0.058919
2022-01-21,12.492813,0.527741,0.506364,0.021378
2022-01-22,12.495551,0.490993,0.505295,-0.014302
2022-01-23,12.498289,0.489873,0.504223,-0.014350
2022-01-24,12.501027,0.485404,0.503148,-0.017745
2022-01-25,12.503765,0.501658,0.502070,-0.000413
2022-01-26,12.506502,0.512928,0.500989,0.011939
2022-01-27,12.509240,0.498905,0.499904,-0.001000
2022-01-28,12.511978,0.506744,0.498817,0.007927
2022-01-29,12.514716,0.515210,0.497726,0.017483
2022-01-30,12.517454,0.515832,0.496632,0.019200
2022-01-31,12.520192,0.510731,0.495536,0.015195
2022-02-01,12.522930,0.521619,0.494436,0.027184
2022-02-02,12.525667,0.515126,0.493333,0.021793
2022-02-03,12.528405,0.500574,0.492227,0.008347
2022-02-04,12.531143,0.521506,0.491119,0.030387
2022-02-05,12.533881,0.551432,0.490007,0.061425
2022-02-06,12.536619,0.551693,0.488892,0.062800
2022-02-07,12.539357,0.566631,0.487775,0.078856
2022-02-08,12.542094,0.573437,0.486654,0.086782
2022-02-09,12.544832,0.573650,0.485531,0.088119
2022-02-10,12.547570,0.576923,0.484405,0.092518
2022-02-11,12.550308,0.565111,0.483276,0.081835
2022-02-12,12.553046,0.556370,0.482145,0.074225
2022-02-13,12.555784,0.556157,0.481010,0.075147
2022-02-14,12.558522,0.554661,0.479873,0.074788
2022-02-15,12.561259,0.570826,0.478733,0.092093
2022-02-16,12.563997,0.571125,0.477590,0.093535
2022-02-17,12.566735,0.564876,0.476445,0.088431
2022-02-18,12.569473,0.533584,0.475297,0.058287
2022-02-19,12.572211,0.529727,0.474147,0.055581
2022-02-20,12.574949,0.514922,0.472994,0.041928
2022-02-21,12.577687,0.511478,0.471838,0.039640
2022-02-22,12.580424,0.499008,0.470679,0.028329
2022-02-23,12.583162,0.507523,0.469518,0.038004
2022-02-24,12.585900,0.482748,0.468355,0.014392
2022-02-25,12.588638,0.513636,0.467189,0.046447
2022-02-26,12.591376,0.517347,0.466021,0.051326
2022-02-27,12.594114,0.510989,0.464850,0.046139
2022-02-28,12.596851,0.518977,0.463677,0.055301
2022-03-01,12.599589,0.562522,0.462501,0.100021
2022-03-02,12.602327,0.566574,0.461323,0.105252
2022-03-03,12.605065,0.556816,0.460142,0.096674
2022-03-04,12.607803,0.535230,0.458960,0.076271
2022-03-05,12.610541,0.515239,0.457774,0.057464
2022-03-06,12.613279,0.513727,0.456587,0.057140
2022-03-07,12.616016,0.504553,0.455397,0.049156
2022-03-08,12.618754,0.513493,0.454205,0.059288
2022-03-09,12.621492,0.538364,0.453011,0.085352
2022-03-10,12.624230,0.589801,0.451815,0.137986
2022-03-11,12.626968,0.509999,0.450616,0.059382
2022-03-12,12.629706,0.510898,0.449416,0.061483
2022-03-13,12.632444,0.507916,0.448213,0.059703
2022-03-14,12.635181,0.505970,0.447008,0.058962
2022-03-15,12.637919,0.508570,0.445801,0.062768
2022-03-16,12.640657,0.521322,0.444592,0.076730
2022-03-17,12.643395,0.527677,0.443381,0.084296
2022-03-18,12.646133,0.527569,0.442168,0.085401
2022-03-19,12.648871,0.535985,0.440953,0.095032
2022-03-20,12.651608,0.532750,0.439736,0.093014
2022-03-21,12.654346,0.526877,0.438517,0.088360
2022-03-22,12.657084,0.540255,0.437296,0.102959
2022-03-23,12.659822,0.538173,0.436073,0.102100
2022-03-24,12.662560,0.548577,0.434848,0.113728
2022-03-25,12.665298,0.557359,0.433622,0.123737
2022-03-26,12.668036,0.557118,0.432393,0.124725
2022-03-27,12.670773,0.562998,0.431163,0.131835
2022-03-28,12.673511,0.584014,0.429931,0.154083
2022-03-29,12.676249,0.585161,0.428698,0.156463
2022-03-30,12.678987,0.581764,0.427462,0.154302
2022-03-31,12.681725,0.576193,0.426225,0.149968
2022-04-01,12.684463,0.565598,0.424986,0.140612
2022-04-02,12.687201,0.573974,0.423746,0.150228
2022-04-03,12.689938,0.572324,0.422504,0.149820
2022-04-04,12.692676,0.569171,0.421260,0.147911
2022-04-05,12.695414,0.571663,0.420015,0.151648
2022-04-06,12.698152,0.555324,0.418768,0.136556
2022-04-07,12.700890,0.544238,0.417520,0.126718
2022-04-08,12.703628,0.542487,0.416270,0.126217
2022-04-09,12.706366,0.533803,0.415019,0.118785
2022-04-10,12.709103,0.536395,0.413766,0.122629
2022-04-11,12.711841,0.519785,0.412512,0.107273
2022-04-12,12.714579,0.506493,0.411256,0.095237
2022-04-13,12.717317,0.511996,0.409999,0.101997
2022-04-14,12.720055,0.513577,0.408741,0.104836
2022-04-15,12.722793,0.508438,0.407481,0.100956
2022-04-16,12.725530,0.578932,0.406220,0.172712
2022-04-17,12.728268,0.508239,0.404958,0.103281
2022-04-18,12.731006,0.501332,0.403695,0.097637
2022-04-19,12.733744,0.515746,0.402430,0.113316
2022-04-20,12.736482,0.519423,0.401164,0.118259
2022-04-21,12.739220,0.521198,0.399897,0.121301
2022-04-22,12.741958,0.504382,0.398629,0.105753
2022-04-23,12.744695,0.499481,0.397359,0.102122
2022-04-24,12.747433,0.498784,0.396089,0.102696
2022-04-25,12.750171,0.494187,0.394817,0.099370
2022-04-26,12.752909,0.497850,0.393545,0.104305
2022-04-27,12.755647,0.488685,0.392271,0.096414
2022-04-28,12.758385,0.495891,0.390996,0.104895
2022-04-29,12.761123,0.488347,0.389721,0.098627
2022-04-30,12.763860,0.481623,0.388444,0.093178
2022-05-01,12.766598,0.475959,0.387167,0.088792
2022-05-02,12.769336,0.567310,0.385888,0.181422
2022-05-03,12.772074,0.563666,0.384609,0.179057
2022-05-04,12.774812,0.483252,0.383329,0.099923
2022-05-05,12.777550,0.477822,0.382048,0.095775
2022-05-06,12.780287,0.452170,0.380766,0.071405
2022-05-07,12.783025,0.450669,0.379483,0.071185
2022-05-08,12.785763,0.435094,0.378200,0.056893
2022-05-09,12.788501,0.410422,0.376916,0.033506
2022-05-10,12.791239,0.392487,0.375631,0.016855
2022-05-11,12.793977,0.381392,0.374346,0.007046
2022-05-12,12.796715,0.350692,0.373060,-0.022368
2022-05-13,12.799452,0.373854,0.371773,0.002081
2022-05-14,12.802190,0.360455,0.370486,-0.010031
2022-05-15,12.804928,0.371632,0.369198,0.002434
2022-05-16,12.807666,0.366846,0.367910,-0.001064
2022-05-17,12.810404,0.370858,0.366621,0.004237
2022-05-18,12.813142,0.360563,0.365331,-0.004768
2022-05-19,12.815880,0.359786,0.364041,-0.004255
2022-05-20,12.818617,0.362407,0.362751,-0.000344
2022-05-21,12.821355,0.355121,0.361460,-0.006339
2022-05-22,12.824093,0.361284,0.360169,0.001114
2022-05-23,12.826831,0.364968,0.358878,0.006090
2022-05-24,12.829569,0.353197,0.357586,-0.004389
2022-05-25,12.832307,0.358995,0.356294,0.002702
2022-05-26,12.835044,0.353736,0.355001,-0.001265
2022-05-27,12.837782,0.344732,0.353708,-0.008977
2022-05-28,12.840520,0.343351,0.352415,-0.009065
2022-05-29,12.843258,0.346017,0.351122,-0.005106
2022-05-30,12.845996,0.366497,0.349829,0.016669
2022-05-31,12.848734,0.380175,0.348535,0.031639
2022-06-01,12.851472,0.370558,0.347242,0.023316
2022-06-02,12.854209,0.356362,0.345948,0.010414
2022-06-03,12.856947,0.355360,0.344654,0.010705
2022-06-04,12.859685,0.351180,0.343360,0.007819
2022-06-05,12.862423,0.352543,0.342066,0.010477
2022-06-06,12.865161,0.371839,0.340772,0.031066
2022-06-07,12.867899,0.353853,0.339478,0.014375
2022-06-08,12.870637,0.359994,0.338185,0.021810
2022-06-09,12.873374,0.356672,0.336891,0.019781
2022-06-10,12.876112,0.347656,0.335597,0.012059
2022-06-11,12.878850,0.336258,0.334303,0.001955
2022-06-12,12.881588,0.317215,0.333010,-0.015795
2022-06-13,12.884326,0.259954,0.331717,-0.071763
2022-06-14,12.887064,0.221437,0.330424,-0.108986
2022-06-15,12.889802,0.205103,0.329131,-0.124028
2022-06-16,12.892539,0.205832,0.327838,-0.122006
2022-06-17,12.895277,0.190547,0.326546,-0.135999
2022-06-18,12.898015,0.160207,0.325254,-0.165047
2022-06-19,12.900753,0.159678,0.323962,-0.164284
2022-06-20,12.903491,0.181313,0.322671,-0.141358
2022-06-21,12.906229,0.195708,0.321380,-0.125672
2022-06-22,12.908966,0.180267,0.320089,-0.139822
2022-06-23,12.911704,0.184909,0.318799,-0.133890
2022-06-24,12.914442,0.195899,0.317510,-0.121610
2022-06-25,12.917180,0.198780,0.316220,-0.117440
2022-06-26,12.919918,0.200417,0.314932,-0.114515
2022-06-27,12.922656,0.193220,0.313644,-0.120424
2022-06-28,12.925394,0.185644,0.312356,-0.126712
2022-06-29,12.928131,0.173275,0.311069,-0.137794
2022-06-30,12.930869,0.156331,0.309783,-0.153452
2022-07-01,12.933607,0.160377,0.308497,-0.148120
2022-07-02,12.936345,0.152409,0.307212,-0.154803
2022-07-03,12.939083,0.149883,0.305928,-0.156045
2022-07-04,12.941821,0.157595,0.304644,-0.147049
2022-07-05,12.944559,0.167546,0.303361,-0.135815
2022-07-06,12.947296,0.171171,0.302079,-0.130907
2022-07-07,12.950034,0.183549,0.300797,-0.117249
2022-07-08,12.952772,0.202829,0.299517,-0.096688
2022-07-09,12.955510,0.199405,0.298237,-0.098832
2022-07-10,12.958248,0.189325,0.296958,-0.107633
2022-07-11,12.960986,0.175201,0.295680,-0.120479
2022-07-12,12.963723,0.159308,0.294403,-0.135095
2022-07-13,12.966461,0.155354,0.293127,-0.137774
2022-07-14,12.969199,0.167258,0.291852,-0.124594
2022-07-15,12.971937,0.179589,0.290578,-0.110989
2022-07-16,12.974675,0.180523,0.289305,-0.108782
2022-07-17,12.977413,0.186657,0.288033,-0.101376
2022-07-18,12.980151,0.198332,0.286762,-0.088430
2022-07-19,12.982888,0.211077,0.285492,-0.074416
2022-07-20,12.985626,0.230166,0.284223,-0.054057
2022-07-21,12.988364,0.218012,0.282956,-0.064944
2022-07-22,12.991102,0.221489,0.281689,-0.060200
2022-07-23,12.993840,0.209279,0.280424,-0.071145
2022-07-24,12.996578,0.212036,0.279160,-0.067124
2022-07-25,12.999316,0.198314,0.277897,-0.079584
2022-07-26,13.002053,0.179702,0.276636,-0.096934
2022-07-27,13.004791,0.191931,0.275376,-0.083445
2022-07-28,13.007529,0.222442,0.274117,-0.051675
2022-07-29,13.010267,0.231246,0.272859,-0.041613
2022-07-30,13.013005,0.233216,0.271603,-0.038387
2022-07-31,13.015743,0.227487,0.270348,-0.042861
2022-08-01,13.018480,0.217686,0.269095,-0.051409
2022-08-02,13.021218,0.212077,0.267843,-0.055766
2022-08-03,13.023956,0.215785,0.266593,-0.050808
2022-08-04,13.026694,0.209404,0.265344,-0.055940
2022-08-05,13.029432,0.213403,0.264096,-0.050693
2022-08-06,13.032170,0.214767,0.262850,-0.048084
2022-08-07,13.034908,0.211983,0.261606,-0.049623
2022-08-08,13.037645,0.224640,0.260363,-0.035724
2022-08-09,13.040383,0.217762,0.259122,-0.041360
2022-08-10,13.043121,0.217639,0.257883,-0.040244
2022-08-11,13.045859,0.233817,0.256645,-0.022829
2022-08-12,13.048597,0.226250,0.255409,-0.029159
2022-08-13,13.051335,0.235439,0.254175,-0.018736
2022-08-14,13.054073,0.234548,0.252942,-0.018395
2022-08-15,13.056810,0.229974,0.251712,-0.021737
2022-08-16,13.059548,0.224649,0.250483,-0.025834
2022-08-17,13.062286,0.219656,0.249255,-0.029600
2022-08-18,13.065024,0.214342,0.248030,-0.033688
2022-08-19,13.067762,0.183705,0.246807,-0.063102
2022-08-20,13.070500,0.170744,0.245585,-0.074841
2022-08-21,13.073238,0.174345,0.244365,-0.070020
2022-08-22,13.075975,0.171708,0.243148,-0.071440
2022-08-23,13.078713,0.173862,0.241932,-0.068070
2022-08-24,13.081451,0.174961,0.240718,-0.065757
2022-08-25,13.084189,0.177105,0.239506,-0.062401
2022-08-26,13.086927,0.167848,0.238297,-0.070449
2022-08-27,13.089665,0.145570,0.237089,-0.091519
2022-08-28,13.092402,0.142334,0.235884,-0.093550
2022-08-29,13.095140,0.141730,0.234680,-0.092950
2022-08-30,13.097878,0.144708,0.233479,-0.088771
2022-08-31,13.100616,0.145584,0.232280,-0.086696
2022-09-01,13.103354,0.139963,0.231083,-0.091120
2022-09-02,13.106092,0.142035,0.229888,-0.087853
2022-09-03,13.108830,0.136163,0.228695,-0.092533
2022-09-04,13.111567,0.134873,0.227505,-0.092632
2022-09-05,13.114305,0.134201,0.226317,-0.092116
2022-09-06,13.117043,0.129375,0.225131,-0.095756
2022-09-07,13.119781,0.113566,0.223948,-0.110382
2022-09-08,13.122519,0.120976,0.222767,-0.101791
2022-09-09,13.125257,0.152484,0.221588,-0.069104
2022-09-10,13.127995,0.164913,0.220412,-0.055499
2022-09-11,13.130732,0.168392,0.219238,-0.050846
2022-09-12,13.133470,0.178238,0.218067,-0.039829
2022-09-13,13.136208,0.165565,0.216898,-0.051333
2022-09-14,13.138946,0.138933,0.215731,-0.076798
2022-09-15,13.141684,0.133565,0.214567,-0.081002
2022-09-16,13.144422,0.127192,0.213406,-0.086213
2022-09-17,13.147159,0.132061,0.212247,-0.080186
2022-09-18,13.149897,0.129456,0.211091,-0.081634
2022-09-19,13.152635,0.110379,0.209937,-0.099558
2022-09-20,13.155373,0.113483,0.208786,-0.095303
2022-09-21,13.158111,0.109372,0.207637,-0.098266
2022-09-22,13.160849,0.108707,0.206492,-0.097785
2022-09-23,13.163587,0.109424,0.205349,-0.095924
2022-09-24,13.166324,0.109338,0.204208,-0.094871
2022-09-25,13.169062,0.106726,0.203071,-0.096345
2022-09-26,13.171800,0.107730,0.201936,-0.094206
2022-09-27,13.174538,0.123300,0.200804,-0.077504
2022-09-28,13.177276,0.109337,0.199674,-0.090337
2022-09-29,13.180014,0.114798,0.198548,-0.083750
2022-09-30,13.182752,0.117248,0.197424,-0.080177
2022-10-01,13.185489,0.112617,0.196304,-0.083687
2022-10-02,13.188227,0.110102,0.195186,-0.085084
2022-10-03,13.190965,0.111724,0.194071,-0.082347
2022-10-04,13.193703,0.125193,0.192959,-0.067766
2022-10-05,13.196441,0.128631,0.191850,-0.063219
2022-10-06,13.199179,0.128939,0.190744,-0.061805
2022-10-07,13.201916,0.120852,0.189641,-0.068789
2022-10-08,13.204654,0.115298,0.188541,-0.073243
2022-10-09,13.207392,0.114452,0.187444,-0.072992
2022-10-10,13.210130,0.111963,0.186350,-0.074387
2022-10-11,13.212868,0.106698,0.185259,-0.078561
2022-10-12,13.215606,0.107382,0.184172,-0.076790
2022-10-13,13.218344,0.104243,0.183087,-0.078845
2022-10-14,13.221081,0.109885,0.182006,-0.072120
2022-10-15,13.223819,0.101009,0.180928,-0.079919
2022-10-16,13.226557,0.101113,0.179853,-0.078740
2022-10-17,13.229295,0.105862,0.178781,-0.072919
2022-10-18,13.232033,0.107073,0.177712,-0.070639
2022-10-19,13.234771,0.100515,0.176647,-0.076132
2022-10-20,13.237509,0.096444,0.175585,-0.079141
2022-10-21,13.240246,0.092456,0.174526,-0.082071
2022-10-22,13.242984,0.094111,0.173471,-0.079359
2022-10-23,13.245722,0.095798,0.172419,-0.076620
2022-10-24,13.248460,0.097692,0.171370,-0.073678
2022-10-25,13.251198,0.101801,0.170325,-0.068523
2022-10-26,13.253936,0.121553,0.169283,-0.047730
2022-10-27,13.256674,0.122475,0.168244,-0.045769
2022-10-28,13.259411,0.116993,0.167209,-0.050216
2022-10-29,13.262149,0.124706,0.166178,-0.041471
2022-10-30,13.264887,0.122903,0.165149,-0.042247
2022-10-31,13.267625,0.117990,0.164125,-0.046135
2022-11-01,13.270363,0.117019,0.163104,-0.046085
2022-11-02,13.273101,0.114439,0.162086,-0.047647
2022-11-03,13.275838,0.111040,0.161072,-0.050033
2022-11-04,13.278576,0.120207,0.160062,-0.039855
2022-11-05,13.281314,0.132601,0.159055,-0.026455
2022-11-06,13.284052,0.129471,0.158052,-0.028581
2022-11-07,13.286790,0.119805,0.157053,-0.037248
2022-11-08,13.289528,0.093281,0.156057,-0.062776
2022-11-09,13.292266,0.046161,0.155065,-0.108903
2022-11-10,13.295003,0.033322,0.154076,-0.120755
2022-11-11,13.297741,0.036335,0.153091,-0.116756
2022-11-12,13.300479,0.030030,0.152110,-0.122080
2022-11-13,13.303217,0.025094,0.151133,-0.126039
2022-11-14,13.305955,0.020308,0.150160,-0.129852
2022-11-15,13.308693,0.030003,0.149190,-0.119188
2022-11-16,13.311431,0.026080,0.148224,-0.122145
2022-11-17,13.314168,0.023382,0.147262,-0.123880
2022-11-18,13.316906,0.026231,0.146304,-0.120073
2022-11-19,13.319644,0.023334,0.145350,-0.122016
2022-11-20,13.322382,0.021227,0.144399,-0.123172
2022-11-21,13.325120,0.006274,0.143453,-0.137179
2022-11-22,13.327858,0.003962,0.142510,-0.138548
2022-11-23,13.330595,0.017763,0.141572,-0.123809
2022-11-24,13.333333,0.020587,0.140637,-0.120050
2022-11-25,13.336071,0.017285,0.139706,-0.122422
2022-11-26,13.338809,0.018430,0.138780,-0.120350
2022-11-27,13.341547,0.017572,0.137857,-0.120285
2022-11-28,13.344285,0.008579,0.136939,-0.128359
2022-11-29,13.347023,0.013554,0.136024,-0.122469
2022-11-30,13.349760,0.026090,0.135113,-0.109023
2022-12-01,13.352498,0.029351,0.134207,-0.104856
2022-12-02,13.355236,0.026565,0.133305,-0.106739
2022-12-03,13.357974,0.026463,0.132407,-0.105944
2022-12-04,13.360712,0.027155,0.131513,-0.104358
2022-12-05,13.363450,0.030726,0.130623,-0.099896
2022-12-06,13.366188,0.025938,0.129737,-0.103799
2022-12-07,13.368925,0.023554,0.128855,-0.105301
2022-12-08,13.371663,0.024470,0.127978,-0.103508
2022-12-09,13.374401,0.029456,0.127105,-0.097649
2022-12-10,13.377139,0.028415,0.126236,-0.097821
2022-12-11,13.379877,0.027867,0.125372,-0.097504
2022-12-12,13.382615,0.024157,0.124511,-0.100354
2022-12-13,13.385352,0.034748,0.123655,-0.088907
2022-12-14,13.388090,0.043643,0.122803,-0.079160
2022-12-15,13.390828,0.036359,0.121956,-0.085597
2022-12-16,13.393566,0.024741,0.121113,-0.096372
2022-12-17,13.396304,0.015402,0.120274,-0.104872
2022-12-18,13.399042,0.015756,0.119440,-0.103683
2022-12-19,13.401780,0.014067,0.118610,-0.104543
2022-12-20,13.404517,0.016224,0.117784,-0.101560
2022-12-21,13.407255,0.016733,0.116963,-0.100230
2022-12-22,13.409993,0.014347,0.116147,-0.101799
2022-12-23,13.412731,0.013946,0.115334,-0.101389
2022-12-24,13.415469,0.013533,0.114526,-0.100993
2022-12-25,13.418207,0.012755,0.113723,-0.100968
2022-12-26,13.420945,0.013479,0.112924,-0.099445
2022-12-27,13.423682,0.012643,0.112130,-0.099487
2022-12-28,13.426420,0.008428,0.111340,-0.102912
2022-12-29,13.429158,0.007030,0.110555,-0.103525
2022-12-30,13.431896,0.005926,0.109774,-0.103848
2022-12-31,13.434634,0.005702,0.108998,-0.103296
2023-01-01,13.437372,0.005085,0.108227,-0.103141
2023-01-02,13.440110,0.007128,0.107460,-0.100331
2023-01-03,13.442847,0.006651,0.106697,-0.100046
2023-01-04,13.445585,0.009174,0.105940,-0.096766
2023-01-05,13.448323,0.008728,0.105186,-0.096458
2023-01-06,13.451061,0.008447,0.104438,-0.095991
2023-01-07,13.453799,0.010430,0.103694,-0.093265
2023-01-08,13.456537,0.010376,0.102955,-0.092580
2023-01-09,13.459274,0.017006,0.102221,-0.085215
2023-01-10,13.462012,0.020923,0.101491,-0.080568
2023-01-11,13.464750,0.024366,0.100766,-0.076400
2023-01-12,13.467488,0.045019,0.100046,-0.055027
2023-01-13,13.470226,0.057409,0.099330,-0.041921
2023-01-14,13.472964,0.092389,0.098620,-0.006230
2023-01-15,13.475702,0.091331,0.097914,-0.006582
2023-01-16,13.478439,0.097926,0.097213,0.000713
2023-01-17,13.481177,0.104939,0.096516,0.008422
2023-01-18,13.483915,0.098856,0.095825,0.003031
2023-01-19,13.486653,0.094437,0.095138,-0.000701
2023-01-20,13.489391,0.105302,0.094456,0.010845
2023-01-21,13.492129,0.132266,0.093779,0.038487
2023-01-22,13.494867,0.129726,0.093107,0.036619
2023-01-23,13.497604,0.129788,0.092440,0.037348
2023-01-24,13.500342,0.131811,0.091777,0.040034
2023-01-25,13.503080,0.127930,0.091120,0.036810
2023-01-26,13.505818,0.133606,0.090467,0.043139
2023-01-27,13.508556,0.132448,0.089820,0.042628
2023-01-28,13.511294,0.132437,0.089177,0.043260
2023-01-29,13.514031,0.139469,0.088539,0.050930
2023-01-30,13.516769,0.137502,0.087906,0.049596
2023-01-31,13.519507,0.131731,0.087278,0.044453
2023-02-01,13.522245,0.134869,0.086655,0.048214
2023-02-02,13.524983,0.144742,0.086038,0.058705
2023-02-03,13.527721,0.138819,0.085425,0.053394
2023-02-04,13.530459,0.136174,0.084817,0.051357
2023-02-05,13.533196,0.132728,0.084214,0.048514
2023-02-06,13.535934,0.127501,0.083616,0.043884
2023-02-07,13.538672,0.128535,0.083023,0.045512
2023-02-08,13.541410,0.130234,0.082436,0.047798
2023-02-09,13.544148,0.120793,0.081853,0.038940
2023-02-10,13.546886,0.105018,0.081275,0.023743
2023-02-11,13.549624,0.103295,0.080703,0.022592
2023-02-12,13.552361,0.106927,0.080136,0.026792
2023-02-13,13.555099,0.103212,0.079573,0.023639
2023-02-14,13.557837,0.106499,0.079016,0.027483
2023-02-15,13.560575,0.120580,0.078464,0.042116
2023-02-16,13.563313,0.155021,0.077917,0.077104
2023-02-17,13.566051,0.145657,0.077375,0.068282
2023-02-18,13.568789,0.154872,0.076839,0.078033
2023-02-19,13.571526,0.154754,0.076307,0.078447
2023-02-20,13.574264,0.154525,0.075781,0.078744
2023-02-21,13.577002,0.154694,0.075260,0.079434
2023-02-22,13.579740,0.143723,0.074744,0.068979
2023-02-23,13.582478,0.145138,0.074233,0.070905
2023-02-24,13.585216,0.136619,0.073728,0.062892
2023-02-25,13.587953,0.126081,0.073227,0.052853
2023-02-26,13.590691,0.129157,0.072732,0.056425
2023-02-27,13.593429,0.131633,0.072243,0.059390
2023-02-28,13.596167,0.130144,0.071758,0.058387
2023-03-01,13.598905,0.133306,0.071279,0.062027
2023-03-02,13.601643,0.130312,0.070805,0.059507
2023-03-03,13.604381,0.112057,0.070336,0.041721
2023-03-04,13.607118,0.109932,0.069872,0.040060
2023-03-05,13.609856,0.111594,0.069414,0.042180
2023-03-06,13.612594,0.111117,0.068961,0.042156
2023-03-07,13.615332,0.108719,0.068513,0.040206
2023-03-08,13.618070,0.102754,0.068071,0.034683
2023-03-09,13.620808,0.090339,0.067634,0.022706
2023-03-10,13.623546,0.061185,0.067202,-0.006017
2023-03-11,13.626283,0.069951,0.066775,0.003176
2023-03-12,13.629021,0.078535,0.066354,0.012181
2023-03-13,13.631759,0.119173,0.065939,0.053235
2023-03-14,13.634497,0.149159,0.065528,0.083631
2023-03-15,13.637235,0.147215,0.065123,0.082092
2023-03-16,13.639973,0.147583,0.064723,0.082860
2023-03-17,13.642710,0.171168,0.064329,0.106839
2023-03-18,13.645448,0.187572,0.063940,0.123632
2023-03-19,13.648186,0.189469,0.063556,0.125913
2023-03-20,13.650924,0.195512,0.063178,0.132334
2023-03-21,13.653662,0.196118,0.062805,0.133313
2023-03-22,13.656400,0.196772,0.062438,0.134334
2023-03-23,13.659138,0.192235,0.062076,0.130159
2023-03-24,13.661875,0.194814,0.061719,0.133095
2023-03-25,13.664613,0.187812,0.061368,0.126444
2023-03-26,13.667351,0.190615,0.061022,0.129593
2023-03-27,13.670089,0.187483,0.060681,0.126802
2023-03-28,13.672827,0.179906,0.060346,0.119560
2023-03-29,13.675565,0.194872,0.060017,0.134855
2023-03-30,13.678303,0.198408,0.059692,0.138716
2023-03-31,13.681040,0.195962,0.059374,0.136588
2023-04-01,13.683778,0.198782,0.059060,0.139722
2023-04-02,13.686516,0.195845,0.058752,0.137092
2023-04-03,13.689254,0.191094,0.058450,0.132644
2023-04-04,13.691992,0.191424,0.058153,0.133271
2023-04-05,13.694730,0.194878,0.057862,0.137016
2023-04-06,13.697467,0.190185,0.057575,0.132609
2023-04-07,13.700205,0.189167,0.057295,0.131872
2023-04-08,13.702943,0.189440,0.057020,0.132420
2023-04-09,13.705681,0.189670,0.056750,0.132920
2023-04-10,13.708419,0.196892,0.056486,0.140406
2023-04-11,13.711157,0.218060,0.056227,0.161833
2023-04-12,13.713895,0.216465,0.055974,0.160491
2023-04-13,13.716632,0.218541,0.055726,0.162815
2023-04-14,13.719370,0.224438,0.055484,0.168954
2023-04-15,13.722108,0.222472,0.055247,0.167224
2023-04-16,13.724846,0.220923,0.055016,0.165907
2023-04-17,13.727584,0.208722,0.054790,0.153932
2023-04-18,13.730322,0.208533,0.054570,0.153963
2023-04-19,13.733060,0.201256,0.054355,0.146901
2023-04-20,13.735797,0.186531,0.054146,0.132385
2023-04-21,13.738535,0.175012,0.053942,0.121071
2023-04-22,13.741273,0.166510,0.053744,0.112767
2023-04-23,13.744011,0.169149,0.053551,0.115599
2023-04-24,13.746749,0.166649,0.053363,0.113286
2023-04-25,13.749487,0.166137,0.053182,0.112955
2023-04-26,13.752225,0.185943,0.053005,0.132938
2023-04-27,13.754962,0.190666,0.052835,0.137831
2023-04-28,13.757700,0.192717,0.052669,0.140048
2023-04-29,13.760438,0.192052,0.052510,0.139543
2023-04-30,13.763176,0.192065,0.052355,0.139710
2023-05-01,13.765914,0.178257,0.052207,0.126051
2023-05-02,13.768652,0.175973,0.052063,0.123909
2023-05-03,13.771389,0.179998,0.051926,0.128073
2023-05-04,13.774127,0.185308,0.051794,0.133514
2023-05-05,13.776865,0.189204,0.051667,0.137537
2023-05-06,13.779603,0.186887,0.051546,0.135342
2023-05-07,13.782341,0.183548,0.051430,0.132118
2023-05-08,13.785079,0.168199,0.051320,0.116879
2023-05-09,13.787817,0.161532,0.051215,0.110317
2023-05-10,13.790554,0.162869,0.051116,0.111753
2023-05-11,13.793292,0.155610,0.051023,0.104587
2023-05-12,13.796030,0.142699,0.050935,0.091764
2023-05-13,13.798768,0.147323,0.050852,0.096471
2023-05-14,13.801506,0.147494,0.050775,0.096719
2023-05-15,13.804244,0.154904,0.050704,0.104201
2023-05-16,13.806982,0.150594,0.050637,0.099956
2023-05-17,13.809719,0.148762,0.050577,0.098185
2023-05-18,13.812457,0.150755,0.050522,0.100233
2023-05-19,13.815195,0.146286,0.050472,0.095813
2023-05-20,13.817933,0.146873,0.050428,0.096445
2023-05-21,13.820671,0.147212,0.050390,0.096822
2023-05-22,13.823409,0.144619,0.050357,0.094262
2023-05-23,13.826146,0.150314,0.050329,0.099985
2023-05-24,13.828884,0.140325,0.050307,0.090018
2023-05-25,13.831622,0.135099,0.050291,0.084808
2023-05-26,13.834360,0.139124,0.050280,0.088844
2023-05-27,13.837098,0.141211,0.050274,0.090936
2023-05-28,13.839836,0.149947,0.050274,0.099673
2023-05-29,13.842574,0.157658,0.050280,0.107378
2023-05-30,13.845311,0.155895,0.050291,0.105605
2023-05-31,13.848049,0.146583,0.050307,0.096276
2023-06-01,13.850787,0.141253,0.050329,0.090924
2023-06-02,13.853525,0.142971,0.050356,0.092615
2023-06-03,13.856263,0.144010,0.050389,0.093621
2023-06-04,13.859001,0.143994,0.050427,0.093567
2023-06-05,13.861739,0.132639,0.050471,0.082168
2023-06-06,13.864476,0.126795,0.050520,0.076275
2023-06-07,13.867214,0.135773,0.050575,0.085198
2023-06-08,13.869952,0.132282,0.050635,0.081647
2023-06-09,13.872690,0.132508,0.050700,0.081808
2023-06-10,13.875428,0.121702,0.050771,0.070931
2023-06-11,13.878166,0.121668,0.050848,0.070820
2023-06-12,13.880903,0.121668,0.050930,0.070738
2023-06-13,13.883641,0.122656,0.051017,0.071640
2023-06-14,13.886379,0.119620,0.051110,0.068511
2023-06-15,13.889117,0.107445,0.051208,0.056237
2023-06-16,13.891855,0.117502,0.051311,0.066191
2023-06-17,13.894593,0.128898,0.051420,0.077478
2023-06-18,13.897331,0.130560,0.051534,0.079025
2023-06-19,13.900068,0.129387,0.051654,0.077732
2023-06-20,13.902806,0.139244,0.051779,0.087465
2023-06-21,13.905544,0.170211,0.051910,0.118301
2023-06-22,13.908282,0.180878,0.052046,0.128832
2023-06-23,13.911020,0.183978,0.052187,0.131791
2023-06-24,13.913758,0.187254,0.052334,0.134921
2023-06-25,13.916496,0.186452,0.052486,0.133966
2023-06-26,13.919233,0.181782,0.052643,0.129139
2023-06-27,13.921971,0.184892,0.052806,0.132087
2023-06-28,13.924709,0.181928,0.052974,0.128954
2023-06-29,13.927447,0.182552,0.053147,0.129405
2023-06-30,13.930185,0.183842,0.053326,0.130516
2023-07-01,13.932923,0.182250,0.053510,0.128741
2023-07-02,13.935661,0.182222,0.053699,0.128523
2023-07-03,13.938398,0.185403,0.053894,0.131509
2023-07-04,13.941136,0.187224,0.054094,0.133130
2023-07-05,13.943874,0.181716,0.054299,0.127417
2023-07-06,13.946612,0.180314,0.054510,0.125804
2023-07-07,13.949350,0.175561,0.054726,0.120835
2023-07-08,13.952088,0.175408,0.054947,0.120461
2023-07-09,13.954825,0.175686,0.055173,0.120513
2023-07-10,13.957563,0.175006,0.055405,0.119601
2023-07-11,13.960301,0.177790,0.055642,0.122148
2023-07-12,13.963039,0.178397,0.055884,0.122513
2023-07-13,13.965777,0.179680,0.056131,0.123549
2023-07-14,13.968515,0.182527,0.056384,0.126143
2023-07-15,13.971253,0.173248,0.056642,0.116607
2023-07-16,13.973990,0.172602,0.056905,0.115697
2023-07-17,13.976728,0.170758,0.057173,0.113585
2023-07-18,13.979466,0.167113,0.057447,0.109667
2023-07-19,13.982204,0.167150,0.057725,0.109425
2023-07-20,13.984942,0.166776,0.058009,0.108767
2023-07-21,13.987680,0.164675,0.058298,0.106377
2023-07-22,13.990418,0.164950,0.058592,0.106358
2023-07-23,13.993155,0.165415,0.058891,0.106523
2023-07-24,13.995893,0.157666,0.059196,0.098470
2023-07-25,13.998631,0.154090,0.059505,0.094584
2023-07-26,14.001369,0.154795,0.059820,0.094975
2023-07-27,14.004107,0.155232,0.060140,0.095092
2023-07-28,14.006845,0.153350,0.060465,0.092885
2023-07-29,14.009582,0.153783,0.060795,0.092988
2023-07-30,14.012320,0.152878,0.061130,0.091748
2023-07-31,14.015058,0.153114,0.061470,0.091644
2023-08-01,14.017796,0.148737,0.061815,0.086922
2023-08-02,14.020534,0.153966,0.062165,0.091801
2023-08-03,14.023272,0.150407,0.062521,0.087886
2023-08-04,14.026010,0.149876,0.062881,0.086995
2023-08-05,14.028747,0.147959,0.063246,0.084713
2023-08-06,14.031485,0.147565,0.063617,0.083948
2023-08-07,14.034223,0.147394,0.063992,0.083402
2023-08-08,14.036961,0.152410,0.064372,0.088038
2023-08-09,14.039699,0.155255,0.064758,0.090497
2023-08-10,14.042437,0.152078,0.065148,0.086930
2023-08-11,14.045175,0.150326,0.065543,0.084783
2023-08-12,14.047912,0.150003,0.065943,0.084060
2023-08-13,14.050650,0.149457,0.066349,0.083108
2023-08-14,14.053388,0.149018,0.066759,0.082259
2023-08-15,14.056126,0.148275,0.067174,0.081101
2023-08-16,14.058864,0.145009,0.067593,0.077416
2023-08-17,14.061602,0.131149,0.068018,0.063131
2023-08-18,14.064339,0.102593,0.068448,0.034145
2023-08-19,14.067077,0.097501,0.068882,0.028619
2023-08-20,14.069815,0.098345,0.069321,0.029024
2023-08-21,14.072553,0.096869,0.069765,0.027103
2023-08-22,14.075291,0.094901,0.070214,0.024687
2023-08-23,14.078029,0.097945,0.070668,0.027277
2023-08-24,14.080767,0.098718,0.071127,0.027591
2023-08-25,14.083504,0.094500,0.071590,0.022910
2023-08-26,14.086242,0.093890,0.072058,0.021832
2023-08-27,14.088980,0.093893,0.072531,0.021362
2023-08-28,14.091718,0.092993,0.073008,0.019985
2023-08-29,14.094456,0.103075,0.073491,0.029585
2023-08-30,14.097194,0.112176,0.073978,0.038198
2023-08-31,14.099932,0.104513,0.074470,0.030044
2023-09-01,14.102669,0.089641,0.074966,0.014675
2023-09-02,14.105407,0.087727,0.075467,0.012260
2023-09-03,14.108145,0.088379,0.075973,0.012406
2023-09-04,14.110883,0.087651,0.076483,0.011168
2023-09-05,14.113621,0.084705,0.076998,0.007706
2023-09-06,14.116359,0.083834,0.077518,0.006316
2023-09-07,14.119097,0.084896,0.078042,0.006854
2023-09-08,14.121834,0.087396,0.078571,0.008825
2023-09-09,14.124572,0.084429,0.079104,0.005324
2023-09-10,14.127310,0.083515,0.079642,0.003873
2023-09-11,14.130048,0.078163,0.080185,-0.002022
2023-09-12,14.132786,0.083810,0.080732,0.003077
2023-09-13,14.135524,0.086689,0.081284,0.005406
2023-09-14,14.138261,0.091431,0.081840,0.009591
2023-09-15,14.140999,0.091986,0.082400,0.009585
2023-09-16,14.143737,0.092591,0.082965,0.009625
2023-09-17,14.146475,0.091606,0.083535,0.008071
2023-09-18,14.149213,0.096322,0.084109,0.012213
2023-09-19,14.151951,0.098927,0.084687,0.014240
2023-09-20,14.154689,0.099623,0.085270,0.014353
2023-09-21,14.157426,0.093896,0.085857,0.008039
2023-09-22,14.160164,0.090829,0.086449,0.004380
2023-09-23,14.162902,0.089814,0.087045,0.002769
2023-09-24,14.165640,0.089162,0.087645,0.001517
2023-09-25,14.168378,0.082771,0.088250,-0.005479
2023-09-26,14.171116,0.082825,0.088859,-0.006034
2023-09-27,14.173854,0.083546,0.089472,-0.005926
2023-09-28,14.176591,0.089129,0.090090,-0.000960
2023-09-29,14.179329,0.092772,0.090711,0.002060
2023-09-30,14.182067,0.092267,0.091337,0.000930
2023-10-01,14.184805,0.094715,0.091968,0.002747
2023-10-02,14.187543,0.107248,0.092602,0.014645
2023-10-03,14.190281,0.099083,0.093241,0.005842
2023-10-04,14.193018,0.099046,0.093884,0.005162
2023-10-05,14.195756,0.100522,0.094531,0.005991
2023-10-06,14.198494,0.101291,0.095182,0.006109
2023-10-07,14.201232,0.104346,0.095838,0.008508
2023-10-08,14.203970,0.103999,0.096497,0.007502
2023-10-09,14.206708,0.099767,0.097161,0.002607
2023-10-10,14.209446,0.097116,0.097828,-0.000712
2023-10-11,14.212183,0.088665,0.098500,-0.009835
2023-10-12,14.214921,0.084852,0.099176,-0.014323
2023-10-13,14.217659,0.085353,0.099856,-0.014503
2023-10-14,14.220397,0.085533,0.100539,-0.015007
2023-10-15,14.223135,0.086089,0.101227,-0.015138
2023-10-16,14.225873,0.101008,0.101919,-0.000911
2023-10-17,14.228611,0.107404,0.102615,0.004789
2023-10-18,14.231348,0.107421,0.103314,0.004107
2023-10-19,14.234086,0.108312,0.104018,0.004294
2023-10-20,14.236824,0.121126,0.104726,0.016400
2023-10-21,14.239562,0.125626,0.105437,0.020189
2023-10-22,14.242300,0.127148,0.106152,0.020996
2023-10-23,14.245038,0.140515,0.106871,0.033644
2023-10-24,14.247775,0.181501,0.107594,0.073907
2023-10-25,14.250513,0.184475,0.108321,0.076154
2023-10-26,14.253251,0.184069,0.109052,0.075017
2023-10-27,14.255989,0.179256,0.109786,0.069470
2023-10-28,14.258727,0.180387,0.110524,0.069863
2023-10-29,14.261465,0.182308,0.111266,0.071042
2023-10-30,14.264203,0.183227,0.112011,0.071215
2023-10-31,14.266940,0.182311,0.112761,0.069551
2023-11-01,14.269678,0.184715,0.113513,0.071202
2023-11-02,14.272416,0.190804,0.114270,0.076534
2023-11-03,14.275154,0.183447,0.115030,0.068417
2023-11-04,14.277892,0.185474,0.115794,0.069680
2023-11-05,14.280630,0.187583,0.116561,0.071021
2023-11-06,14.283368,0.186382,0.117332,0.069050
2023-11-07,14.286105,0.185766,0.118107,0.067659
2023-11-08,14.288843,0.190559,0.118885,0.071673
2023-11-09,14.291581,0.204207,0.119667,0.084540
2023-11-10,14.294319,0.208260,0.120452,0.087808
2023-11-11,14.297057,0.210085,0.121241,0.088845
2023-11-12,14.299795,0.209534,0.122033,0.087501
2023-11-13,14.302533,0.206973,0.122828,0.084144
2023-11-14,14.305270,0.199109,0.123627,0.075482
2023-11-15,14.308008,0.199030,0.124430,0.074600
2023-11-16,14.310746,0.205832,0.125235,0.080596
2023-11-17,14.313484,0.199962,0.126044,0.073917
2023-11-18,14.316222,0.201338,0.126857,0.074481
2023-11-19,14.318960,0.202255,0.127673,0.074582
2023-11-20,14.321697,0.209112,0.128492,0.080620
2023-11-21,14.324435,0.206822,0.129314,0.077508
2023-11-22,14.327173,0.202140,0.130140,0.072001
2023-11-23,14.329911,0.208334,0.130968,0.077366
2023-11-24,14.332649,0.212064,0.131801,0.080263
2023-11-25,14.335387,0.212589,0.132636,0.079953
2023-11-26,14.338125,0.210225,0.133474,0.076751
2023-11-27,14.340862,0.205206,0.134316,0.070891
2023-11-28,14.343600,0.208334,0.135160,0.073174
2023-11-29,14.346338,0.212837,0.136008,0.076829
2023-11-30,14.349076,0.211239,0.136859,0.074380
2023-12-01,14.351814,0.217842,0.137713,0.080129
2023-12-02,14.354552,0.222500,0.138570,0.083930
2023-12-03,14.357290,0.228297,0.139430,0.088867
2023-12-04,14.360027,0.247965,0.140293,0.107672
2023-12-05,14.362765,0.258332,0.141159,0.117173
2023-12-06,14.365503,0.274392,0.142028,0.132364
2023-12-07,14.368241,0.269919,0.142900,0.127019
2023-12-08,14.370979,0.270660,0.143775,0.126885
2023-12-09,14.373717,0.273176,0.144653,0.128523
2023-12-10,14.376454,0.271232,0.145533,0.125699
2023-12-11,14.379192,0.252010,0.146417,0.105593
2023-12-12,14.381930,0.248058,0.147303,0.100755
2023-12-13,14.384668,0.248919,0.148192,0.100727
2023-12-14,14.387406,0.260467,0.149084,0.111383
2023-12-15,14.390144,0.256192,0.149979,0.106213
2023-12-16,14.392882,0.253583,0.150876,0.102706
2023-12-17,14.395619,0.249527,0.151776,0.097751
2023-12-18,14.398357,0.244274,0.152679,0.091595
2023-12-19,14.401095,0.256622,0.153584,0.103037
2023-12-20,14.403833,0.261422,0.154493,0.106929
2023-12-21,14.406571,0.265977,0.155403,0.110574
2023-12-22,14.409309,0.266144,0.156317,0.109827
2023-12-23,14.412047,0.264534,0.157233,0.107302
2023-12-24,14.414784,0.263478,0.158151,0.105327
2023-12-25,14.417522,0.260551,0.159072,0.101479
2023-12-26,14.420260,0.253497,0.159996,0.093501
2023-12-27,14.422998,0.254857,0.160922,0.093935
2023-12-28,14.425736,0.254842,0.161850,0.092992
2023-12-29,14.428474,0.249402,0.162781,0.086621
2023-12-30,14.431211,0.246115,0.163714,0.082401
2023-12-31,14.433949,0.249141,0.164650,0.084491
2024-01-01,14.436687,0.252550,0.165588,0.086962
2024-01-02,14.439425,0.275744,0.166529,0.109215
2024-01-03,14.442163,0.263282,0.167471,0.095811
2024-01-04,14.444901,0.259756,0.168417,0.091339
2024-01-05,14.447639,0.261683,0.169364,0.092319
2024-01-06,14.450376,0.262112,0.170314,0.091798
2024-01-07,14.453114,0.264160,0.171265,0.092895
2024-01-08,14.455852,0.271865,0.172219,0.099646
2024-01-09,14.458590,0.287791,0.173176,0.114615
2024-01-10,14.461328,0.279366,0.174134,0.105232
2024-01-11,14.464066,0.285597,0.175095,0.110502
2024-01-12,14.466804,0.270864,0.176057,0.094806
2024-01-13,14.469541,0.249122,0.177022,0.072100
2024-01-14,14.472279,0.247954,0.177989,0.069965
2024-01-15,14.475017,0.244953,0.178958,0.065995
2024-01-16,14.477755,0.247729,0.179929,0.067800
2024-01-17,14.480493,0.245134,0.180902,0.064233
2024-01-18,14.483231,0.239549,0.181877,0.057672
2024-01-19,14.485969,0.229915,0.182853,0.047062
2024-01-20,14.488706,0.232603,0.183832,0.048771
2024-01-21,14.491444,0.233706,0.184813,0.048894
2024-01-22,14.494182,0.223679,0.185795,0.037884
2024-01-23,14.496920,0.210969,0.186780,0.024189
2024-01-24,14.499658,0.215312,0.187766,0.027546
2024-01-25,14.502396,0.214922,0.188754,0.026168
2024-01-26,14.505133,0.223319,0.189744,0.033575
2024-01-27,14.507871,0.231965,0.190735,0.041230
2024-01-28,14.510609,0.235748,0.191728,0.044020
2024-01-29,14.513347,0.237439,0.192723,0.044716
2024-01-30,14.516085,0.246584,0.193720,0.052864
2024-01-31,14.518823,0.241232,0.194718,0.046514
2024-02-01,14.521561,0.236774,0.195718,0.041056
2024-02-02,14.524298,0.241768,0.196720,0.045048
2024-02-03,14.527036,0.241722,0.197723,0.043999
2024-02-04,14.529774,0.238962,0.198728,0.040234
2024-02-05,14.532512,0.237758,0.199734,0.038024
2024-02-06,14.535250,0.239104,0.200742,0.038362
2024-02-07,14.537988,0.242373,0.201751,0.040622
2024-02-08,14.540726,0.257043,0.202761,0.054282
2024-02-09,14.543463,0.274093,0.203774,0.070319
2024-02-10,14.546201,0.278752,0.204787,0.073965
2024-02-11,14.548939,0.284779,0.205802,0.078977
2024-02-12,14.551677,0.289759,0.206818,0.082941
2024-02-13,14.554415,0.296047,0.207836,0.088211
2024-02-14,14.557153,0.306390,0.208855,0.097535
2024-02-15,14.559890,0.315396,0.209875,0.105521
2024-02-16,14.562628,0.314563,0.210896,0.103667
2024-02-17,14.565366,0.310269,0.211919,0.098350
2024-02-18,14.568104,0.311383,0.212943,0.098440
2024-02-19,14.570842,0.314009,0.213968,0.100040
2024-02-20,14.573580,0.311397,0.214994,0.096403
2024-02-21,14.576318,0.307960,0.216022,0.091939
2024-02-22,14.579055,0.308406,0.217050,0.091355
2024-02-23,14.581793,0.304123,0.218080,0.086043
2024-02-24,14.584531,0.304835,0.219110,0.085724
2024-02-25,14.587269,0.308230,0.220142,0.088088
2024-02-26,14.590007,0.314300,0.221175,0.093125
2024-02-27,14.592745,0.345539,0.222208,0.123330
2024-02-28,14.595483,0.366573,0.223243,0.143330
2024-02-29,14.598220,0.385554,0.224279,0.161276
2024-03-01,14.600958,0.383965,0.225315,0.158650
2024-03-02,14.603696,0.384461,0.226352,0.158108
2024-03-03,14.606434,0.386886,0.227391,0.159495
2024-03-04,14.609172,0.407000,0.228430,0.178570
2024-03-05,14.611910,0.411238,0.229470,0.181768
2024-03-06,14.614648,0.409555,0.230510,0.179045
2024-03-07,14.617385,0.414890,0.231552,0.183339
2024-03-08,14.620123,0.420850,0.232594,0.188256
2024-03-09,14.622861,0.424182,0.233637,0.190545
2024-03-10,14.625599,0.430092,0.234680,0.195411
2024-03-11,14.628337,0.439939,0.235724,0.204214
2024-03-12,14.631075,0.443673,0.236769,0.206904
2024-03-13,14.633812,0.449886,0.237815,0.212072
2024-03-14,14.636550,0.446081,0.238861,0.207221
2024-03-15,14.639288,0.423729,0.239907,0.183822
2024-03-16,14.642026,0.421505,0.240954,0.180551
2024-03-17,14.644764,0.413686,0.242002,0.171684
2024-03-18,14.647502,0.418048,0.243050,0.174998
2024-03-19,14.650240,0.395637,0.244098,0.151539
2024-03-20,14.652977,0.391680,0.245147,0.146533
2024-03-21,14.655715,0.409399,0.246197,0.163202
2024-03-22,14.658453,0.394946,0.247246,0.147700
2024-03-23,14.661191,0.394807,0.248296,0.146511
2024-03-24,14.663929,0.399090,0.249347,0.149743
2024-03-25,14.666667,0.418779,0.250397,0.168382
2024-03-26,14.669405,0.429996,0.251448,0.178547
2024-03-27,14.672142,0.426107,0.252500,0.173608
2024-03-28,14.674880,0.429848,0.253551,0.176297
2024-03-29,14.677618,0.426697,0.254603,0.172094
2024-03-30,14.680356,0.426430,0.255655,0.170775
2024-03-31,14.683094,0.428925,0.256706,0.172219
2024-04-01,14.685832,0.423712,0.257759,0.165953
2024-04-02,14.688569,0.402305,0.258811,0.143494
2024-04-03,14.691307,0.400261,0.259863,0.140398
2024-04-04,14.694045,0.405634,0.260915,0.144718
2024-04-05,14.696783,0.408845,0.261968,0.146877
2024-04-06,14.699521,0.411937,0.263020,0.148917
2024-04-07,14.702259,0.419611,0.264072,0.155538
2024-04-08,14.704997,0.429905,0.265124,0.164780
2024-04-09,14.707734,0.422935,0.266177,0.156759
2024-04-10,14.710472,0.417345,0.267229,0.150116
2024-04-11,14.713210,0.424419,0.268280,0.156139
2024-04-12,14.715948,0.417153,0.269332,0.147820
2024-04-13,14.718686,0.399390,0.270384,0.129006
2024-04-14,14.721424,0.385563,0.271435,0.114128
2024-04-15,14.724162,0.390478,0.272486,0.117991
2024-04-16,14.726899,0.377249,0.273537,0.103712
2024-04-17,14.729637,0.372126,0.274588,0.097538
2024-04-18,14.732375,0.371968,0.275638,0.096330
2024-04-19,14.735113,0.380927,0.276688,0.104239
2024-04-20,14.737851,0.383136,0.277737,0.105398
2024-04-21,14.740589,0.387188,0.278787,0.108401
2024-04-22,14.743326,0.393862,0.279835,0.114027
2024-04-23,14.746064,0.396414,0.280884,0.115530
2024-04-24,14.748802,0.390237,0.281932,0.108306
2024-04-25,14.751540,0.381032,0.282979,0.098053
2024-04-26,14.754278,0.380815,0.284026,0.096789
2024-04-27,14.757016,0.373351,0.285072,0.088278
2024-04-28,14.759754,0.376000,0.286118,0.089882
2024-04-29,14.762491,0.370550,0.287163,0.083387
2024-04-30,14.765229,0.364054,0.288208,0.075847
2024-05-01,14.767967,0.339703,0.289252,0.050451
2024-05-02,14.770705,0.338533,0.290295,0.048239
2024-05-03,14.773443,0.353401,0.291337,0.062063
2024-05-04,14.776181,0.371945,0.292379,0.079566
2024-05-05,14.778919,0.373571,0.293420,0.080151
2024-05-06,14.781656,0.373682,0.294461,0.079221
2024-05-07,14.784394,0.370379,0.295500,0.074878
2024-05-08,14.787132,0.361450,0.296539,0.064911
2024-05-09,14.789870,0.358742,0.297577,0.061165
2024-05-10,14.792608,0.360301,0.298614,0.061687
2024-05-11,14.795346,0.352624,0.299650,0.052974
2024-05-12,14.798084,0.354553,0.300685,0.053867
2024-05-13,14.800821,0.360961,0.301720,0.059241
2024-05-14,14.803559,0.357653,0.302753,0.054900
2024-05-15,14.806297,0.369380,0.303785,0.065595
2024-05-16,14.809035,0.381912,0.304817,0.077095
2024-05-17,14.811773,0.384897,0.305847,0.079050
2024-05-18,14.814511,0.388367,0.306876,0.081491
2024-05-19,14.817248,0.387636,0.307904,0.079731
2024-05-20,14.819986,0.392911,0.308932,0.083980
2024-05-21,14.822724,0.408502,0.309957,0.098545
2024-05-22,14.825462,0.403497,0.310982,0.092515
2024-05-23,14.828200,0.395723,0.312006,0.083717
2024-05-24,14.830938,0.392331,0.313028,0.079303
2024-05-25,14.833676,0.398734,0.314049,0.084685
2024-05-26,14.836413,0.398436,0.315069,0.083367
2024-05-27,14.839151,0.399435,0.316088,0.083348
2024-05-28,14.841889,0.393671,0.317105,0.076566
2024-05-29,14.844627,0.391095,0.318121,0.072974
2024-05-30,14.847365,0.392691,0.319135,0.073556
2024-05-31,14.850103,0.391081,0.320149,0.070933
2024-06-01,14.852841,0.389642,0.321160,0.068481
2024-06-02,14.855578,0.389941,0.322171,0.067770
2024-06-03,14.858316,0.395918,0.323180,0.072739
2024-06-04,14.861054,0.399654,0.324187,0.075467
2024-06-05,14.863792,0.406967,0.325193,0.081775
2024-06-06,14.866530,0.407067,0.326197,0.080870
2024-06-07,14.869268,0.404107,0.327200,0.076907
2024-06-08,14.872005,0.399368,0.328201,0.071167
2024-06-09,14.874743,0.399346,0.329201,0.070145
2024-06-10,14.877481,0.399399,0.330199,0.069200
2024-06-11,14.880219,0.387000,0.331195,0.055805
2024-06-12,14.882957,0.390782,0.332190,0.058592
2024-06-13,14.885695,0.386162,0.333183,0.052979
2024-06-14,14.888433,0.379768,0.334174,0.045594
2024-06-15,14.891170,0.377006,0.335164,0.041842
2024-06-16,14.893908,0.378647,0.336152,0.042495
2024-06-17,14.896646,0.375462,0.337138,0.038325
2024-06-18,14.899384,0.368311,0.338122,0.030189
2024-06-19,14.902122,0.366389,0.339104,0.027285
2024-06-20,14.904860,0.364225,0.340085,0.024140
2024-06-21,14.907598,0.356318,0.341063,0.015255
2024-06-22,14.910335,0.358920,0.342040,0.016880
2024-06-23,14.913073,0.358173,0.343015,0.015158
2024-06-24,14.915811,0.337552,0.343988,-0.006436
2024-06-25,14.918549,0.336344,0.344958,-0.008614
2024-06-26,14.921287,0.336570,0.345927,-0.009357
2024-06-27,14.924025,0.335155,0.346894,-0.011739
2024-06-28,14.926762,0.332938,0.347859,-0.014921
2024-06-29,14.929500,0.330946,0.348822,-0.017876
2024-06-30,14.932238,0.334641,0.349782,-0.015141
2024-07-01,14.934976,0.344465,0.350741,-0.006276
2024-07-02,14.937714,0.339698,0.351697,-0.011999
2024-07-03,14.940452,0.325620,0.352651,-0.027031
2024-07-04,14.943190,0.308510,0.353603,-0.045093
2024-07-05,14.945927,0.289195,0.354553,-0.065358
2024-07-06,14.948665,0.300178,0.355500,-0.055322
2024-07-07,14.951403,0.300070,0.356446,-0.056376
2024-07-08,14.954141,0.291948,0.357389,-0.065440
2024-07-09,14.956879,0.300575,0.358330,-0.057754
2024-07-10,14.959617,0.305398,0.359268,-0.053870
2024-07-11,14.962355,0.304296,0.360204,-0.055908
2024-07-12,14.965092,0.300566,0.361138,-0.060571
2024-07-13,14.967830,0.306652,0.362069,-0.055417
2024-07-14,14.970568,0.318306,0.362998,-0.044692
2024-07-15,14.973306,0.338102,0.363924,-0.025822
2024-07-16,14.976044,0.345371,0.364848,-0.019477
2024-07-17,14.978782,0.349907,0.365770,-0.015863
2024-07-18,14.981520,0.345802,0.366689,-0.020887
2024-07-19,14.984257,0.351392,0.367606,-0.016214
2024-07-20,14.986995,0.361410,0.368520,-0.007110
2024-07-21,14.989733,0.363076,0.369431,-0.006355
2024-07-22,14.992471,0.365145,0.370340,-0.005195
2024-07-23,14.995209,0.358999,0.371246,-0.012247
2024-07-24,14.997947,0.354104,0.372150,-0.018046
2024-07-25,15.000684,0.345887,0.373051,-0.027164
2024-07-26,15.003422,0.361475,0.373949,-0.012473
2024-07-27,15.006160,0.366953,0.374845,-0.007892
2024-07-28,15.008898,0.364871,0.375737,-0.010866
2024-07-29,15.011636,0.367943,0.376628,-0.008684
2024-07-30,15.014374,0.353708,0.377515,-0.023807
2024-07-31,15.017112,0.351426,0.378400,-0.026974
2024-08-01,15.019849,0.338711,0.379281,-0.040570
2024-08-02,15.022587,0.335645,0.380160,-0.044516
2024-08-03,15.025325,0.318353,0.381037,-0.062684
2024-08-04,15.028063,0.308654,0.381910,-0.073255
2024-08-05,15.030801,0.261896,0.382780,-0.120884
2024-08-06,15.033539,0.277820,0.383648,-0.105827
2024-08-07,15.036277,0.280806,0.384512,-0.103706
2024-08-08,15.039014,0.295277,0.385374,-0.090097
2024-08-09,15.041752,0.311266,0.386233,-0.074966
2024-08-10,15.044490,0.312184,0.387088,-0.074904
2024-08-11,15.047228,0.307758,0.387941,-0.080182
2024-08-12,15.049966,0.298118,0.388791,-0.090673
2024-08-13,15.052704,0.304135,0.389637,-0.085503
2024-08-14,15.055441,0.305333,0.390481,-0.085148
2024-08-15,15.058179,0.292435,0.391321,-0.098887
2024-08-16,15.060917,0.292735,0.392158,-0.099423
2024-08-17,15.063655,0.298441,0.392993,-0.094552
2024-08-18,15.066393,0.300797,0.393824,-0.093027
2024-08-19,15.069131,0.292875,0.394652,-0.101776
2024-08-20,15.071869,0.301703,0.395476,-0.093774
2024-08-21,15.074606,0.302186,0.396298,-0.094112
2024-08-22,15.077344,0.305214,0.397116,-0.091902
2024-08-23,15.080082,0.314258,0.397931,-0.083673
2024-08-24,15.082820,0.327803,0.398743,-0.070940
2024-08-25,15.085558,0.328463,0.399551,-0.071088
2024-08-26,15.088296,0.324354,0.400357,-0.076002
2024-08-27,15.091034,0.314338,0.401159,-0.086820
2024-08-28,15.093771,0.293035,0.401957,-0.108922
2024-08-29,15.096509,0.296724,0.402752,-0.106028
2024-08-30,15.099247,0.290878,0.403544,-0.112666
2024-08-31,15.101985,0.292026,0.404332,-0.112307
2024-09-01,15.104723,0.284602,0.405117,-0.120516
2024-09-02,15.107461,0.285295,0.405899,-0.120604
2024-09-03,15.110198,0.285762,0.406677,-0.120915
2024-09-04,15.112936,0.275359,0.407452,-0.132093
2024-09-05,15.115674,0.272278,0.408223,-0.135944
2024-09-06,15.118412,0.259144,0.408990,-0.149846
2024-09-07,15.121150,0.253408,0.409754,-0.156347
2024-09-08,15.123888,0.254176,0.410515,-0.156339
2024-09-09,15.126626,0.262954,0.411272,-0.148318
2024-09-10,15.129363,0.272554,0.412025,-0.139472
2024-09-11,15.132101,0.271250,0.412775,-0.141525
2024-09-12,15.134839,0.279378,0.413521,-0.134143
2024-09-13,15.137577,0.285184,0.414264,-0.129080
2024-09-14,15.140315,0.292758,0.415003,-0.122245
2024-09-15,15.143053,0.291118,0.415738,-0.124620
2024-09-16,15.145791,0.279327,0.416470,-0.137142
2024-09-17,15.148528,0.287778,0.417197,-0.129420
2024-09-18,15.151266,0.291955,0.417921,-0.125967
2024-09-19,15.154004,0.308716,0.418642,-0.109926
2024-09-20,15.156742,0.312267,0.419358,-0.107091
2024-09-21,15.159480,0.310926,0.420071,-0.109146
2024-09-22,15.162218,0.309634,0.420780,-0.111146
2024-09-23,15.164956,0.312491,0.421486,-0.108995
2024-09-24,15.167693,0.311919,0.422187,-0.110268
2024-09-25,15.170431,0.313105,0.422885,-0.109779
2024-09-26,15.173169,0.316365,0.423578,-0.107213
2024-09-27,15.175907,0.324552,0.424268,-0.099717
2024-09-28,15.178645,0.325349,0.424954,-0.099605
2024-09-29,15.181383,0.324652,0.425636,-0.100984
2024-09-30,15.184120,0.312570,0.426314,-0.113744
2024-10-01,15.186858,0.302773,0.426989,-0.124216
2024-10-02,15.189596,0.292667,0.427659,-0.134992
2024-10-03,15.192334,0.288763,0.428325,-0.139562
2024-10-04,15.195072,0.294505,0.428987,-0.134483
2024-10-05,15.197810,0.297435,0.429646,-0.132211
2024-10-06,15.200548,0.298480,0.430300,-0.131820
2024-10-07,15.203285,0.305245,0.430950,-0.125705
2024-10-08,15.206023,0.298213,0.431596,-0.133383
2024-10-09,15.208761,0.293486,0.432238,-0.138752
2024-10-10,15.211499,0.284148,0.432876,-0.148728
2024-10-11,15.214237,0.291269,0.433510,-0.142242
2024-10-12,15.216975,0.300354,0.434140,-0.133786
2024-10-13,15.219713,0.298579,0.434766,-0.136187
2024-10-14,15.222450,0.312508,0.435388,-0.122879
2024-10-15,15.225188,0.320157,0.436005,-0.115848
2024-10-16,15.227926,0.328635,0.436618,-0.107983
2024-10-17,15.230664,0.326417,0.437227,-0.110810
2024-10-18,15.233402,0.331704,0.437832,-0.106128
2024-10-19,15.236140,0.332063,0.438433,-0.106370
2024-10-20,15.238877,0.332913,0.439029,-0.106116
2024-10-21,15.241615,0.330289,0.439621,-0.109333
2024-10-22,15.244353,0.324558,0.440209,-0.115652
2024-10-23,15.247091,0.319365,0.440793,-0.121428
2024-10-24,15.249829,0.325055,0.441372,-0.116317
2024-10-25,15.252567,0.325376,0.441948,-0.116572
2024-10-26,15.255305,0.321030,0.442518,-0.121488
2024-10-27,15.258042,0.323482,0.443085,-0.119603
2024-10-28,15.260780,0.330933,0.443647,-0.112713
2024-10-29,15.263518,0.348578,0.444205,-0.095626
2024-10-30,15.266256,0.351871,0.444758,-0.092887
2024-10-31,15.268994,0.346399,0.445307,-0.098908
2024-11-01,15.271732,0.335593,0.445852,-0.110259
2024-11-02,15.274470,0.334237,0.446392,-0.112155
2024-11-03,15.277207,0.327212,0.446928,-0.119716
2024-11-04,15.279945,0.326481,0.447459,-0.120978
2024-11-05,15.282683,0.329888,0.447986,-0.118099
2024-11-06,15.285421,0.360828,0.448509,-0.087680
2024-11-07,15.288159,0.367537,0.449027,-0.081490
2024-11-08,15.290897,0.371669,0.449541,-0.077872
2024-11-09,15.293634,0.372493,0.450050,-0.077556
2024-11-10,15.296372,0.387416,0.450554,-0.063138
2024-11-11,15.299110,0.409082,0.451054,-0.041973
2024-11-12,15.301848,0.432582,0.451550,-0.018968
2024-11-13,15.304586,0.436981,0.452041,-0.015060
2024-11-14,15.307324,0.439683,0.452527,-0.012844
2024-11-15,15.310062,0.437226,0.453009,-0.015783
2024-11-16,15.312799,0.444763,0.453487,-0.008724
2024-11-17,15.315537,0.441625,0.453959,-0.012334
2024-11-18,15.318275,0.444170,0.454428,-0.010258
2024-11-19,15.321013,0.448993,0.454891,-0.005899
2024-11-20,15.323751,0.455107,0.455350,-0.000243
2024-11-21,15.326489,0.471572,0.455804,0.015768
2024-11-22,15.329227,0.478022,0.456254,0.021768
2024-11-23,15.331964,0.475404,0.456699,0.018705
2024-11-24,15.334702,0.471476,0.457140,0.014337
2024-11-25,15.337440,0.467114,0.457575,0.009538
2024-11-26,15.340178,0.451678,0.458006,-0.006328
2024-11-27,15.342916,0.456696,0.458433,-0.001737
2024-11-28,15.345654,0.461316,0.458854,0.002462
2024-11-29,15.348392,0.466307,0.459271,0.007035
2024-11-30,15.351129,0.464180,0.459683,0.004497
2024-12-01,15.353867,0.465635,0.460091,0.005544
2024-12-02,15.356605,0.462308,0.460494,0.001815
2024-12-03,15.359343,0.459314,0.460892,-0.001578
2024-12-04,15.362081,0.463772,0.461285,0.002487
2024-12-05,15.364819,0.482867,0.461673,0.021194
2024-12-06,15.367556,0.474150,0.462057,0.012093
2024-12-07,15.370294,0.477339,0.462436,0.014903
2024-12-08,15.373032,0.477098,0.462810,0.014288
2024-12-09,15.375770,0.470237,0.463180,0.007058
2024-12-10,15.378508,0.463356,0.463544,-0.000188
2024-12-11,15.381246,0.471391,0.463904,0.007488
2024-12-12,15.383984,0.479727,0.464259,0.015468
2024-12-13,15.386721,0.477525,0.464609,0.012917
2024-12-14,15.389459,0.481655,0.464954,0.016701
2024-12-15,15.392197,0.486198,0.465294,0.020903
2024-12-16,15.394935,0.497092,0.465630,0.031463
2024-12-17,15.397673,0.501446,0.465960,0.035485
2024-12-18,15.400411,0.489242,0.466286,0.022956
2024-12-19,15.403149,0.473598,0.466607,0.006991
2024-12-20,15.405886,0.459854,0.466923,-0.007069
2024-12-21,15.408624,0.462812,0.467234,-0.004422
2024-12-22,15.411362,0.455513,0.467540,-0.012027
2024-12-23,15.414100,0.448411,0.467841,-0.019430
2024-12-24,15.416838,0.455231,0.468138,-0.012906
2024-12-25,15.419576,0.464215,0.468429,-0.004214
2024-12-26,15.422313,0.456507,0.468715,-0.012208
2024-12-27,15.425051,0.451124,0.468997,-0.017873
2024-12-28,15.427789,0.446791,0.469274,-0.022482
2024-12-29,15.430527,0.445225,0.469545,-0.024321
2024-12-30,15.433265,0.439416,0.469812,-0.030395
2024-12-31,15.436003,0.440541,0.470073,-0.029533
2025-01-01,15.438741,0.440947,0.470330,-0.029383
2025-01-02,15.441478,0.451377,0.470582,-0.019205
2025-01-03,15.444216,0.455893,0.470829,-0.014936
2025-01-04,15.446954,0.458479,0.471070,-0.012592
2025-01-05,15.449692,0.458327,0.471307,-0.012980
2025-01-06,15.452430,0.466988,0.471539,-0.004551
2025-01-07,15.455168,0.463719,0.471766,-0.008047
2025-01-08,15.457906,0.444725,0.471987,-0.027262
2025-01-09,15.460643,0.435179,0.472204,-0.037025
2025-01-10,15.463381,0.438812,0.472416,-0.033604
2025-01-11,15.466119,0.439415,0.472623,-0.033208
2025-01-12,15.468857,0.439740,0.472824,-0.033085
2025-01-13,15.471595,0.431756,0.473021,-0.041265
2025-01-14,15.474333,0.445207,0.473212,-0.028005
2025-01-15,15.477070,0.454433,0.473399,-0.018966
2025-01-16,15.479808,0.459105,0.473580,-0.014475
2025-01-17,15.482546,0.474007,0.473757,0.000250
2025-01-18,15.485284,0.477608,0.473928,0.003680
2025-01-19,15.488022,0.480582,0.474094,0.006488
2025-01-20,15.490760,0.481427,0.474256,0.007171
2025-01-21,15.493498,0.476886,0.474412,0.002474
2025-01-22,15.496235,0.480772,0.474563,0.006209
2025-01-23,15.498973,0.474182,0.474709,-0.000527
2025-01-24,15.501711,0.480670,0.474850,0.005820
2025-01-25,15.504449,0.478729,0.474985,0.003743
2025-01-26,15.507187,0.478835,0.475116,0.003718
2025-01-27,15.509925,0.459623,0.475242,-0.015619
2025-01-28,15.512663,0.468401,0.475362,-0.006962
2025-01-29,15.515400,0.468211,0.475478,-0.007267
2025-01-30,15.518138,0.478685,0.475588,0.003097
2025-01-31,15.520876,0.473724,0.475693,-0.001970
2025-02-01,15.523614,0.464914,0.475794,-0.010880
2025-02-02,15.526352,0.454160,0.475889,-0.021729
2025-02-03,15.529090,0.442472,0.475979,-0.033507
2025-02-04,15.531828,0.453734,0.476063,-0.022330
2025-02-05,15.534565,0.445742,0.476143,-0.030401
2025-02-06,15.537303,0.444436,0.476218,-0.031782
2025-02-07,15.540041,0.442818,0.476287,-0.033469
2025-02-08,15.542779,0.438029,0.476351,-0.038323
2025-02-09,15.545517,0.437770,0.476411,-0.038641
2025-02-10,15.548255,0.441083,0.476465,-0.035382
2025-02-11,15.550992,0.438748,0.476514,-0.037766
2025-02-12,15.553730,0.435303,0.476558,-0.041254
2025-02-13,15.556468,0.436195,0.476596,-0.040402
2025-02-14,15.559206,0.438743,0.476630,-0.037887
2025-02-15,15.561944,0.440493,0.476659,-0.036165
2025-02-16,15.564682,0.438523,0.476682,-0.038159
2025-02-17,15.567420,0.433329,0.476700,-0.043371
2025-02-18,15.570157,0.428894,0.476713,-0.047819
2025-02-19,15.572895,0.431725,0.476721,-0.044996
2025-02-20,15.575633,0.437962,0.476724,-0.038762
2025-02-21,15.578371,0.438904,0.476722,-0.037818
2025-02-22,15.581109,0.433003,0.476714,-0.043711
2025-02-23,15.583847,0.430804,0.476702,-0.045898
2025-02-24,15.586585,0.424231,0.476684,-0.052453
2025-02-25,15.589322,0.400017,0.476661,-0.076645
2025-02-26,15.592060,0.386832,0.476633,-0.089801
2025-02-27,15.594798,0.377822,0.476600,-0.098778
2025-02-28,15.597536,0.359610,0.476562,-0.116952
2025-03-01,15.600274,0.376531,0.476519,-0.099988
2025-03-02,15.603012,0.392478,0.476471,-0.083992
2025-03-03,15.605749,0.402806,0.476417,-0.073611
2025-03-04,15.608487,0.373582,0.476358,-0.102777
2025-03-05,15.611225,0.392904,0.476295,-0.083391
2025-03-06,15.613963,0.401357,0.476226,-0.074869
2025-03-07,15.616701,0.388571,0.476152,-0.087581
2025-03-08,15.619439,0.379855,0.476073,-0.096217
2025-03-09,15.622177,0.370408,0.475988,-0.105581
2025-03-10,15.624914,0.351858,0.475899,-0.124041
2025-03-11,15.627652,0.351437,0.475805,-0.124368
2025-03-12,15.630390,0.359239,0.475705,-0.116466
2025-03-13,15.633128,0.357637,0.475600,-0.117963
2025-03-14,15.635866,0.362267,0.475491,-0.113223
2025-03-15,15.638604,0.366694,0.475376,-0.108682
2025-03-16,15.641342,0.363096,0.475256,-0.112160
2025-03-17,15.644079,0.362457,0.475131,-0.112674
2025-03-18,15.646817,0.356959,0.475001,-0.118042
2025-03-19,15.649555,0.363976,0.474865,-0.110889
2025-03-20,15.652293,0.370016,0.474725,-0.104709
2025-03-21,15.655031,0.363946,0.474580,-0.110634
2025-03-22,15.657769,0.363643,0.474429,-0.110787
2025-03-23,15.660507,0.365505,0.474274,-0.108768
2025-03-24,15.663244,0.378680,0.474113,-0.095433
2025-03-25,15.665982,0.378430,0.473948,-0.095518
2025-03-26,15.668720,0.377978,0.473777,-0.095799
2025-03-27,15.671458,0.376823,0.473601,-0.096778
2025-03-28,15.674196,0.366385,0.473420,-0.107035
2025-03-29,15.676934,0.355521,0.473234,-0.117713
2025-03-30,15.679671,0.353713,0.473043,-0.119331
2025-03-31,15.682409,0.350680,0.472847,-0.122167
2025-04-01,15.685147,0.358917,0.472646,-0.113729
2025-04-02,15.687885,0.364740,0.472440,-0.107700
2025-04-03,15.690623,0.350794,0.472229,-0.121436
2025-04-04,15.693361,0.354036,0.472013,-0.117977
2025-04-05,15.696099,0.352647,0.471792,-0.119145
2025-04-06,15.698836,0.342883,0.471566,-0.128683
2025-04-07,15.701574,0.322860,0.471335,-0.148475
2025-04-08,15.704312,0.328250,0.471099,-0.142849
2025-04-09,15.707050,0.326483,0.470858,-0.144374
2025-04-10,15.709788,0.339578,0.470612,-0.131033
2025-04-11,15.712526,0.344168,0.470361,-0.126193
2025-04-12,15.715264,0.354722,0.470105,-0.115383
2025-04-13,15.718001,0.356134,0.469844,-0.113710
2025-04-14,15.720739,0.356756,0.469578,-0.112822
2025-04-15,15.723477,0.359272,0.469307,-0.110035
2025-04-16,15.726215,0.353207,0.469031,-0.115823
2025-04-17,15.728953,0.355426,0.468750,-0.113324
2025-04-18,15.731691,0.355130,0.468464,-0.113335
2025-04-19,15.734428,0.357018,0.468174,-0.111156
2025-04-20,15.737166,0.355362,0.467878,-0.112516
2025-04-21,15.739904,0.366946,0.467578,-0.100632
2025-04-22,15.742642,0.379052,0.467272,-0.088220
2025-04-23,15.745380,0.397079,0.466962,-0.069883
2025-04-24,15.748118,0.394038,0.466647,-0.072608
2025-04-25,15.750856,0.399261,0.466327,-0.067066
2025-04-26,15.753593,0.400277,0.466002,-0.065725
2025-04-27,15.756331,0.398436,0.465672,-0.067235
2025-04-28,15.759069,0.398830,0.465337,-0.066507
2025-04-29,15.761807,0.400797,0.464997,-0.064200
2025-04-30,15.764545,0.398863,0.464653,-0.065790
2025-05-01,15.767283,0.404492,0.464304,-0.059811
2025-05-02,15.770021,0.408774,0.463950,-0.055176
2025-05-03,15.772758,0.406056,0.463591,-0.057535
2025-05-04,15.775496,0.402819,0.463227,-0.060408
2025-05-05,15.778234,0.396698,0.462859,-0.066160
2025-05-06,15.780972,0.396912,0.462485,-0.065573
2025-05-07,15.783710,0.406266,0.462107,-0.055842
2025-05-08,15.786448,0.419760,0.461724,-0.041964
2025-05-09,15.789185,0.432615,0.461337,-0.028721
2025-05-10,15.791923,0.433734,0.460944,-0.027210
2025-05-11,15.794661,0.436180,0.460547,-0.024367
2025-05-12,15.797399,0.431593,0.460145,-0.028552
2025-05-13,15.800137,0.431867,0.459738,-0.027872
2025-05-14,15.802875,0.432565,0.459327,-0.026762
2025-05-15,15.805613,0.429365,0.458911,-0.029546
2025-05-16,15.808350,0.433139,0.458490,-0.025351
2025-05-17,15.811088,0.430383,0.458065,-0.027682
2025-05-18,15.813826,0.433639,0.457635,-0.023995
2025-05-19,15.816564,0.433158,0.457200,-0.024042
2025-05-20,15.819302,0.438681,0.456760,-0.018079
2025-05-21,15.822040,0.446017,0.456316,-0.010299
2025-05-22,15.824778,0.458116,0.455867,0.002248
2025-05-23,15.827515,0.454129,0.455414,-0.001285
2025-05-24,15.830253,0.449231,0.454956,-0.005725
2025-05-25,15.832991,0.445661,0.454493,-0.008832
2025-05-26,15.835729,0.452338,0.454026,-0.001688
2025-05-27,15.838467,0.451802,0.453554,-0.001753
2025-05-28,15.841205,0.447045,0.453078,-0.006033
2025-05-29,15.843943,0.442136,0.452597,-0.010461
2025-05-30,15.846680,0.434301,0.452112,-0.017811
2025-05-31,15.849418,0.428868,0.451621,-0.022754
2025-06-01,15.852156,0.430594,0.451127,-0.020532
2025-06-02,15.854894,0.430766,0.450628,-0.019862
2025-06-03,15.857632,0.434460,0.450124,-0.015665
2025-06-04,15.860370,0.432234,0.449616,-0.017383
2025-06-05,15.863107,0.426169,0.449104,-0.022934
2025-06-06,15.865845,0.424815,0.448587,-0.023771
2025-06-07,15.868583,0.431094,0.448065,-0.016971
2025-06-08,15.871321,0.432434,0.447539,-0.015105
2025-06-09,15.874059,0.439700,0.447009,-0.007308
2025-06-10,15.876797,0.445523,0.446474,-0.000951
2025-06-11,15.879535,0.445338,0.445935,-0.000597
2025-06-12,15.882272,0.436496,0.445391,-0.008895
2025-06-13,15.885010,0.426286,0.444843,-0.018557
2025-06-14,15.887748,0.427211,0.444291,-0.017080
2025-06-15,15.890486,0.427747,0.443734,-0.015988
2025-06-16,15.893224,0.434474,0.443173,-0.008699
2025-06-17,15.895962,0.429308,0.442608,-0.013300
2025-06-18,15.898700,0.424771,0.442038,-0.017268
2025-06-19,15.901437,0.423852,0.441464,-0.017612
2025-06-20,15.904175,0.423832,0.440886,-0.017054
2025-06-21,15.906913,0.416367,0.440304,-0.023937
2025-06-22,15.909651,0.407994,0.439717,-0.031723
2025-06-23,15.912389,0.411068,0.439126,-0.028058
2025-06-24,15.915127,0.425335,0.438530,-0.013195
2025-06-25,15.917864,0.430726,0.437931,-0.007205
2025-06-26,15.920602,0.432227,0.437327,-0.005100
2025-06-27,15.923340,0.431217,0.436719,-0.005502
2025-06-28,15.926078,0.431803,0.436107,-0.004304
2025-06-29,15.928816,0.432928,0.435491,-0.002564
2025-06-30,15.931554,0.432518,0.434871,-0.002353
2025-07-01,15.934292,0.427002,0.434246,-0.007245
2025-07-02,15.937029,0.431685,0.433618,-0.001932
2025-07-03,15.939767,0.438002,0.432985,0.005017
2025-07-04,15.942505,0.434288,0.432348,0.001939
2025-07-05,15.945243,0.432654,0.431708,0.000946
2025-07-06,15.947981,0.433780,0.431063,0.002717
2025-07-07,15.950719,0.432900,0.430414,0.002486
2025-07-08,15.953457,0.432673,0.429761,0.002912
2025-07-09,15.956194,0.435393,0.429104,0.006289
2025-07-10,15.958932,0.445066,0.428443,0.016623
2025-07-11,15.961670,0.464226,0.427778,0.036448
2025-07-12,15.964408,0.464426,0.427109,0.037317
2025-07-13,15.967146,0.466243,0.426436,0.039807
2025-07-14,15.969884,0.475528,0.425759,0.049769
2025-07-15,15.972621,0.462969,0.425079,0.037890
2025-07-16,15.975359,0.466761,0.424394,0.042367
2025-07-17,15.978097,0.466814,0.423706,0.043109
2025-07-18,15.980835,0.467224,0.423013,0.044210
2025-07-19,15.983573,0.464099,0.422317,0.041782
2025-07-20,15.986311,0.463190,0.421617,0.041573
2025-07-21,15.989049,0.462909,0.420913,0.041995
2025-07-22,15.991786,0.464061,0.420206,0.043855
2025-07-23,15.994524,0.463766,0.419494,0.044272
2025-07-24,15.997262,0.464184,0.418779,0.045405
2025-07-25,16.000000,0.455427,0.418060,0.037367
2025-07-26,16.002738,0.460086,0.417338,0.042748
2025-07-27,16.005476,0.462264,0.416611,0.045653
2025-07-28,16.008214,0.462352,0.415881,0.046471
2025-07-29,16.010951,0.460633,0.415147,0.045485
2025-07-30,16.013689,0.458875,0.414410,0.044465
2025-07-31,16.016427,0.459028,0.413669,0.045359
2025-08-01,16.019165,0.447605,0.412924,0.034680
2025-08-02,16.021903,0.441609,0.412176,0.029433
2025-08-03,16.024641,0.442176,0.411424,0.030752
2025-08-04,16.027379,0.445275,0.410669,0.034606
2025-08-05,16.030116,0.442580,0.409910,0.032670
2025-08-06,16.032854,0.443440,0.409147,0.034293
2025-08-07,16.035592,0.448395,0.408381,0.040014
2025-08-08,16.038330,0.450784,0.407612,0.043173
2025-08-09,16.041068,0.450704,0.406839,0.043865
2025-08-10,16.043806,0.455552,0.406062,0.049490
2025-08-11,16.046543,0.463463,0.405282,0.058181
2025-08-12,16.049281,0.458700,0.404499,0.054201
2025-08-13,16.052019,0.463765,0.403712,0.060053
2025-08-14,16.054757,0.462392,0.402922,0.059470
2025-08-15,16.057495,0.454727,0.402129,0.052599
2025-08-16,16.060233,0.452393,0.401332,0.051062
2025-08-17,16.062971,0.453035,0.400531,0.052503
2025-08-18,16.065708,0.444926,0.399728,0.045198
2025-08-19,16.068446,0.439884,0.398921,0.040963
2025-08-20,16.071184,0.435636,0.398111,0.037525
2025-08-21,16.073922,0.433776,0.397298,0.036478
2025-08-22,16.076660,0.437402,0.396481,0.040921
2025-08-23,16.079398,0.440759,0.395661,0.045098
2025-08-24,16.082136,0.436478,0.394838,0.041640
2025-08-25,16.084873,0.427353,0.394012,0.033341
2025-08-26,16.087611,0.419305,0.393183,0.026122
2025-08-27,16.090349,0.423554,0.392350,0.031204
2025-08-28,16.093087,0.427077,0.391515,0.035562
2025-08-29,16.095825,0.416287,0.390676,0.025610
2025-08-30,16.098563,0.411596,0.389834,0.021762
2025-08-31,16.101300,0.412686,0.388990,0.023697
2025-09-01,16.104038,0.411569,0.388142,0.023427
2025-09-02,16.106776,0.418022,0.387291,0.030731
2025-09-03,16.109514,0.422130,0.386437,0.035693
2025-09-04,16.112252,0.418770,0.385580,0.033190
2025-09-05,16.114990,0.421483,0.384720,0.036763
2025-09-06,16.117728,0.417804,0.383858,0.033947
2025-09-07,16.120465,0.418646,0.382992,0.035654
2025-09-08,16.123203,0.421288,0.382124,0.039164
2025-09-09,16.125941,0.421276,0.381252,0.040024
2025-09-10,16.128679,0.423896,0.380378,0.043518
2025-09-11,16.131417,0.428815,0.379501,0.049314
2025-09-12,16.134155,0.433223,0.378621,0.054602
2025-09-13,16.136893,0.434077,0.377738,0.056339
2025-09-14,16.139630,0.433548,0.376853,0.056695
2025-09-15,16.142368,0.432143,0.375964,0.056179
2025-09-16,16.145106,0.433733,0.375073,0.058660
2025-09-17,16.147844,0.435415,0.374180,0.061235
2025-09-18,16.150582,0.437994,0.373283,0.064711
2025-09-19,16.153320,0.434719,0.372384,0.062334
2025-09-20,16.156057,0.432381,0.371483,0.060899
2025-09-21,16.158795,0.431354,0.370578,0.060775
2025-09-22,16.161533,0.421826,0.369672,0.052154
2025-09-23,16.164271,0.418859,0.368762,0.050097
2025-09-24,16.167009,0.419772,0.367850,0.051922
2025-09-25,16.169747,0.412994,0.366936,0.046059
2025-09-26,16.172485,0.405523,0.366018,0.039504
2025-09-27,16.175222,0.405714,0.365099,0.040615
2025-09-28,16.177960,0.407031,0.364177,0.042854
2025-09-29,16.180698,0.417678,0.363252,0.054426
2025-09-30,16.183436,0.420397,0.362326,0.058072
2025-10-01,16.186174,0.428859,0.361396,0.067463
2025-10-02,16.188912,0.440104,0.360465,0.079640
2025-10-03,16.191650,0.445822,0.359531,0.086291
2025-10-04,16.194387,0.449575,0.358594,0.090981
2025-10-05,16.197125,0.453875,0.357655,0.096220
2025-10-06,16.199863,0.456616,0.356715,0.099902
2025-10-07,16.202601,0.452512,0.355771,0.096741
2025-10-08,16.205339,0.449475,0.354826,0.094649
2025-10-09,16.208077,0.446750,0.353878,0.092872
2025-10-10,16.210815,0.438168,0.352928,0.085240
2025-10-11,16.213552,0.409258,0.351976,0.057282
2025-10-12,16.216290,0.411322,0.351022,0.060301
2025-10-13,16.219028,0.420735,0.350065,0.070670
2025-10-14,16.221766,0.411286,0.349107,0.062180
2025-10-15,16.224504,0.408323,0.348146,0.060177
2025-10-16,16.227242,0.401180,0.347184,0.053997
2025-10-17,16.229979,0.387662,0.346219,0.041443
2025-10-18,16.232717,0.387471,0.345252,0.042218
2025-10-19,16.235455,0.391016,0.344284,0.046733
2025-10-20,16.238193,0.401352,0.343313,0.058039
2025-10-21,16.240931,0.397596,0.342340,0.055256
2025-10-22,16.243669,0.390868,0.341366,0.049503
2025-10-23,16.246407,0.395682,0.340389,0.055293
2025-10-24,16.249144,0.400470,0.339411,0.061059
2025-10-25,16.251882,0.402533,0.338431,0.064102
2025-10-26,16.254620,0.406845,0.337449,0.069397
2025-10-27,16.257358,0.415294,0.336465,0.078829
2025-10-28,16.260096,0.412025,0.335479,0.076546
2025-10-29,16.262834,0.404768,0.334492,0.070277
2025-10-30,16.265572,0.391868,0.333503,0.058365
2025-10-31,16.268309,0.393586,0.332512,0.061074
2025-11-01,16.271047,0.395037,0.331519,0.063518
2025-11-02,16.273785,0.395684,0.330525,0.065159
2025-11-03,16.276523,0.384675,0.329529,0.055146
2025-11-04,16.279261,0.368902,0.328532,0.040370
2025-11-05,16.281999,0.363301,0.327533,0.035768
2025-11-06,16.284736,0.363761,0.326532,0.037229
2025-11-07,16.287474,0.358750,0.325530,0.033220
2025-11-08,16.290212,0.360333,0.324526,0.035807
2025-11-09,16.292950,0.362184,0.323521,0.038663
2025-11-10,16.295688,0.374189,0.322514,0.051675
2025-11-11,16.298426,0.369452,0.321506,0.047946
2025-11-12,16.301164,0.362921,0.320497,0.042424
2025-11-13,16.303901,0.356096,0.319486,0.036610
2025-11-14,16.306639,0.336586,0.318473,0.018112
2025-11-15,16.309377,0.331734,0.317460,0.014275
2025-11-16,16.312115,0.328975,0.316445,0.012531
2025-11-17,16.314853,0.325128,0.315428,0.009700
2025-11-18,16.317591,0.314504,0.314411,0.000094
2025-11-19,16.320329,0.311144,0.313392,-0.002247
2025-11-20,16.323066,0.305737,0.312371,-0.006634
2025-11-21,16.325804,0.277447,0.311350,-0.033903
2025-11-22,16.328542,0.275675,0.310328,-0.034653
2025-11-23,16.331280,0.284769,0.309304,-0.024535
2025-11-24,16.334018,0.287431,0.308279,-0.020848
2025-11-25,16.336756,0.288716,0.307253,-0.018537
2025-11-26,16.339493,0.291478,0.306226,-0.014748
2025-11-27,16.342231,0.305784,0.305198,0.000586
2025-11-28,16.344969,0.307019,0.304169,0.002850
2025-11-29,16.347707,0.304643,0.303139,0.001504
2025-11-30,16.350445,0.305700,0.302108,0.003593
2025-12-01,16.353183,0.281670,0.301076,-0.019406
2025-12-02,16.355921,0.292688,0.300043,-0.007355
2025-12-03,16.358658,0.310349,0.299009,0.011340
2025-12-04,16.361396,0.310705,0.297974,0.012731
2025-12-05,16.364134,0.302060,0.296938,0.005122
2025-12-06,16.366872,0.294658,0.295901,-0.001243
2025-12-07,16.369610,0.295367,0.294864,0.000503
2025-12-08,16.372348,0.299216,0.293826,0.005390
2025-12-09,16.375086,0.299890,0.292787,0.007104
2025-12-10,16.377823,0.304590,0.291747,0.012842
2025-12-11,16.380561,0.295855,0.290707,0.005148
2025-12-12,16.383299,0.299816,0.289666,0.010150
2025-12-13,16.386037,0.293503,0.288624,0.004879
2025-12-14,16.388775,0.289397,0.287582,0.001815
2025-12-15,16.391513,0.282620,0.286539,-0.003919
2025-12-16,16.394251,0.275308,0.285495,-0.010187
2025-12-17,16.396988,0.275192,0.284451,-0.009259
2025-12-18,16.399726,0.273658,0.283406,-0.009748
2025-12-19,16.402464,0.277116,0.282361,-0.005245
2025-12-20,16.405202,0.280202,0.281315,-0.001113
2025-12-21,16.407940,0.280103,0.280269,-0.000166
2025-12-22,16.410678,0.283924,0.279222,0.004701
2025-12-23,16.413415,0.276985,0.278175,-0.001190
2025-12-24,16.416153,0.273659,0.277128,-0.003468
2025-12-25,16.418891,0.275592,0.276080,-0.000488
2025-12-26,16.421629,0.276903,0.275032,0.001871
2025-12-27,16.424367,0.273436,0.273984,-0.000548
2025-12-28,16.427105,0.274249,0.272935,0.001314
2025-12-29,16.429843,0.276412,0.271886,0.004526
2025-12-30,16.432580,0.274301,0.270837,0.003465
2025-12-31,16.435318,0.275822,0.269787,0.006035
2026-01-01,16.438056,0.273698,0.268737,0.004960
2026-01-02,16.440794,0.280327,0.267688,0.012640
2026-01-03,16.443532,0.283295,0.266638,0.016657
2026-01-04,16.446270,0.288922,0.265587,0.023335
2026-01-05,16.449008,0.297557,0.264537,0.033019
2026-01-06,16.451745,0.297963,0.263487,0.034476
2026-01-07,16.454483,0.291154,0.262437,0.028717
2026-01-08,16.457221,0.284644,0.261386,0.023258
2026-01-09,16.459959,0.284476,0.260336,0.024140
2026-01-10,16.462697,0.283369,0.259286,0.024083
2026-01-11,16.465435,0.283225,0.258236,0.024989
2026-01-12,16.468172,0.286170,0.257186,0.028984
2026-01-13,16.470910,0.291637,0.256136,0.035502
2026-01-14,16.473648,0.306635,0.255086,0.051549
2026-01-15,16.476386,0.308177,0.254036,0.054141
2026-01-16,16.479124,0.303774,0.252987,0.050787
2026-01-17,16.481862,0.302898,0.251937,0.050961
2026-01-18,16.484600,0.301816,0.250888,0.050928
2026-01-19,16.487337,0.290595,0.249839,0.040756
2026-01-20,16.490075,0.280564,0.248791,0.031773
2026-01-21,16.492813,0.272902,0.247743,0.025159
2026-01-22,16.495551,0.274481,0.246695,0.027786
2026-01-23,16.498289,0.273416,0.245647,0.027769
2026-01-24,16.501027,0.272165,0.244600,0.027565
2026-01-25,16.503765,0.265496,0.243554,0.021942
2026-01-26,16.506502,0.263161,0.242507,0.020654
2026-01-27,16.509240,0.265613,0.241462,0.024151
2026-01-28,16.511978,0.270085,0.240416,0.029668
2026-01-29,16.514716,0.256975,0.239372,0.017603
2026-01-30,16.517454,0.237566,0.238327,-0.000762
2026-01-31,16.520192,0.230317,0.237284,-0.006967
2026-02-01,16.522930,0.209168,0.236241,-0.027073
2026-02-02,16.525667,0.207016,0.235198,-0.028182
2026-02-03,16.528405,0.205795,0.234156,-0.028362
2026-02-04,16.531143,0.191820,0.233115,-0.041295
2026-02-05,16.533881,0.154555,0.232075,-0.077519
2026-02-06,16.536619,0.142503,0.231035,-0.088532
2026-02-07,16.539357,0.156447,0.229996,-0.073549
2026-02-08,16.542094,0.161859,0.228958,-0.067099
2026-02-09,16.544832,0.161254,0.227920,-0.066667
2026-02-10,16.547570,0.150398,0.226884,-0.076485
2026-02-11,16.550308,0.141921,0.225848,-0.083926
2026-02-12,16.553046,0.134112,0.224813,-0.090701
2026-02-13,16.555784,0.150997,0.223779,-0.072781
2026-02-14,16.558522,0.156848,0.222746,-0.065898
2026-02-15,16.561259,0.150214,0.221714,-0.071500
2026-02-16,16.563997,0.147736,0.220682,-0.072947
2026-02-17,16.566735,0.140487,0.219652,-0.079165
2026-02-18,16.569473,0.132880,0.218623,-0.085743
2026-02-19,16.572211,0.135901,0.217595,-0.081694
2026-02-20,16.574949,0.142786,0.216568,-0.073782
2026-02-21,16.577687,0.141838,0.215542,-0.073704
2026-02-22,16.580424,0.139567,0.214517,-0.074949
2026-02-23,16.583162,0.119941,0.213493,-0.093552
2026-02-24,16.585900,0.115491,0.212470,-0.096979
2026-02-25,16.588638,0.143492,0.211449,-0.067957
2026-02-26,16.591376,0.137492,0.210429,-0.072937
2026-02-27,16.594114,0.124425,0.209410,-0.084984
2026-02-28,16.596851,0.134347,0.208392,-0.074045
2026-03-01,16.599589,0.121129,0.207376,-0.086247
2026-03-02,16.602327,0.147622,0.206361,-0.058739
2026-03-03,16.605065,0.140169,0.205347,-0.065178
2026-03-04,16.607803,0.167254,0.204335,-0.037080
2026-03-05,16.610541,0.157917,0.203324,-0.045406
2026-03-06,16.613279,0.140009,0.202314,-0.062305
2026-03-07,16.616016,0.132188,0.201306,-0.069118
2026-03-08,16.618754,0.125278,0.200299,-0.075021
2026-03-09,16.621492,0.140383,0.199294,-0.058911
2026-03-10,16.624230,0.146680,0.198290,-0.051610
2026-03-11,16.626968,0.150605,0.197288,-0.046683
2026-03-12,16.629706,0.148812,0.196287,-0.047475
2026-03-13,16.632444,0.152299,0.195288,-0.042990
2026-03-14,16.635181,0.151501,0.194291,-0.042790
2026-03-15,16.637919,0.163601,0.193295,-0.029694
2026-03-16,16.640657,0.174625,0.192301,-0.017676
2026-03-17,16.643395,0.171902,0.191309,-0.019406
2026-03-18,16.646133,0.152563,0.190318,-0.037754
2026-03-19,16.648871,0.146117,0.189329,-0.043212
2026-03-20,16.651608,0.149656,0.188341,-0.038685
2026-03-21,16.654346,0.146280,0.187356,-0.041076
2026-03-22,16.657084,0.133408,0.186372,-0.052964
2026-03-23,16.659822,0.148393,0.185390,-0.036997
2026-03-24,16.662560,0.145401,0.184410,-0.039009
2026-03-25,16.665298,0.151262,0.183432,-0.032170
2026-03-26,16.668036,0.135299,0.182456,-0.047157
2026-03-27,16.670773,0.116604,0.181481,-0.064877
