date,years,excess,fit,residual
2010-07-26,1.002053,0.276323,0.436429,-0.160107
2010-07-27,1.004791,0.315149,0.436687,-0.121538
2010-07-28,1.007529,0.303992,0.436944,-0.132952
2010-07-29,1.010267,0.325445,0.437200,-0.111755
2010-07-30,1.013005,0.345279,0.437455,-0.092176
2010-07-31,1.015743,0.317580,0.437708,-0.120128
2010-08-01,1.018480,0.301491,0.437961,-0.136470
2010-08-02,1.021218,0.301592,0.438213,-0.136621
2010-08-03,1.023956,0.294410,0.438464,-0.144054
2010-08-04,1.026694,0.284264,0.438714,-0.154450
2010-08-05,1.029432,0.273498,0.438962,-0.165464
2010-08-06,1.032170,0.281307,0.439210,-0.157903
2010-08-07,1.034908,0.265214,0.439456,-0.174243
2010-08-08,1.037645,0.256204,0.439702,-0.183498
2010-08-09,1.040383,0.283963,0.439946,-0.155983
2010-08-10,1.043121,0.306183,0.440189,-0.134006
2010-08-11,1.045859,0.298874,0.440431,-0.141557
2010-08-12,1.048597,0.281971,0.440672,-0.158702
2010-08-13,1.051335,0.264601,0.440912,-0.176312
2010-08-14,1.054073,0.265159,0.441151,-0.175992
2010-08-15,1.056810,0.254009,0.441388,-0.187379
2010-08-16,1.059548,0.245009,0.441624,-0.196615
2010-08-17,1.062286,0.249150,0.441860,-0.192709
2010-08-18,1.065024,0.260214,0.442093,-0.181879
2010-08-19,1.067762,0.242071,0.442326,-0.200255
2010-08-20,1.070500,0.226819,0.442557,-0.215739
2010-08-21,1.073238,0.218457,0.442787,-0.224330
2010-08-22,1.075975,0.199242,0.443016,-0.243774
2010-08-23,1.078713,0.203339,0.443244,-0.239905
2010-08-24,1.081451,0.202656,0.443470,-0.240814
2010-08-25,1.084189,0.194553,0.443695,-0.249142
2010-08-26,1.086927,0.184551,0.443919,-0.259368
2010-08-27,1.089665,0.177080,0.444141,-0.267062
2010-08-28,1.092402,0.173726,0.444362,-0.270637
2010-08-29,1.095140,0.165991,0.444582,-0.278591
2010-08-30,1.097878,0.151148,0.444800,-0.293653
2010-08-31,1.100616,0.145303,0.445017,-0.299714
2010-09-01,1.103354,0.125300,0.445233,-0.319933
2010-09-02,1.106092,0.120912,0.445447,-0.324536
2010-09-03,1.108830,0.120190,0.445660,-0.325470
2010-09-04,1.111567,0.112637,0.445871,-0.333235
2010-09-05,1.114305,0.111057,0.446081,-0.335024
2010-09-06,1.117043,0.104057,0.446290,-0.342232
2010-09-07,1.119781,0.095476,0.446497,-0.351020
2010-09-08,1.122519,0.088694,0.446702,-0.358008
2010-09-09,1.125257,0.085451,0.446906,-0.361455
2010-09-10,1.127995,0.075368,0.447109,-0.371741
2010-09-11,1.130732,0.083336,0.447310,-0.363974
2010-09-12,1.133470,0.071163,0.447510,-0.376347
2010-09-13,1.136208,0.066174,0.447708,-0.381534
2010-09-14,1.138946,0.078084,0.447905,-0.369820
2010-09-15,1.141684,0.050936,0.448100,-0.397164
2010-09-16,1.144422,0.050516,0.448293,-0.397777
2010-09-17,1.147159,0.035881,0.448485,-0.412604
2010-09-18,1.149897,0.029138,0.448675,-0.419537
2010-09-19,1.152635,0.035001,0.448864,-0.413863
2010-09-20,1.155373,0.033832,0.449051,-0.415219
2010-09-21,1.158111,0.030962,0.449237,-0.418275
2010-09-22,1.160849,0.020723,0.449421,-0.428698
2010-09-23,1.163587,0.016453,0.449603,-0.433150
2010-09-24,1.166324,0.010825,0.449784,-0.438959
2010-09-25,1.169062,0.004280,0.449963,-0.445683
2010-09-26,1.171800,-0.000503,0.450140,-0.450643
2010-09-27,1.174538,-0.005572,0.450316,-0.455887
2010-09-28,1.177276,-0.011810,0.450490,-0.462300
2010-09-29,1.180014,-0.017717,0.450662,-0.468379
2010-09-30,1.182752,-0.023555,0.450832,-0.474387
2010-10-01,1.185489,-0.027254,0.451001,-0.478255
2010-10-02,1.188227,-0.035865,0.451168,-0.487033
2010-10-03,1.190965,-0.042328,0.451334,-0.493662
2010-10-04,1.193703,-0.048135,0.451497,-0.499632
2010-10-05,1.196441,-0.050704,0.451659,-0.502363
2010-10-06,1.199179,-0.047071,0.451819,-0.498890
2010-10-07,1.201916,-0.044306,0.451977,-0.496283
2010-10-08,1.204654,0.029280,0.452134,-0.422853
2010-10-09,1.207392,0.068829,0.452288,-0.383459
2010-10-10,1.210130,0.119719,0.452441,-0.332722
2010-10-11,1.212868,0.108789,0.452592,-0.343803
2010-10-12,1.215606,0.087080,0.452741,-0.365661
2010-10-13,1.218344,0.101025,0.452888,-0.351864
2010-10-14,1.221081,0.114591,0.453034,-0.338442
2010-10-15,1.223819,0.116723,0.453177,-0.336455
2010-10-16,1.226557,0.111843,0.453319,-0.341476
2010-10-17,1.229295,0.110909,0.453459,-0.342550
2010-10-18,1.232033,0.102225,0.453596,-0.351372
2010-10-19,1.234771,0.090195,0.453732,-0.363537
2010-10-20,1.237509,0.074806,0.453866,-0.379060
2010-10-21,1.240246,0.085489,0.453998,-0.368510
2010-10-22,1.242984,0.095722,0.454128,-0.358406
2010-10-23,1.245722,0.104897,0.454257,-0.349360
2010-10-24,1.248460,0.154877,0.454383,-0.299506
2010-10-25,1.251198,0.173780,0.454507,-0.280727
2010-10-26,1.253936,0.247708,0.454629,-0.206921
2010-10-27,1.256674,0.293468,0.454749,-0.161282
2010-10-28,1.259411,0.312396,0.454867,-0.142472
2010-10-29,1.262149,0.306655,0.454984,-0.148329
2010-10-30,1.264887,0.315893,0.455098,-0.139205
2010-10-31,1.267625,0.320483,0.455210,-0.134727
2010-11-01,1.270363,0.307537,0.455320,-0.147783
2010-11-02,1.273101,0.307113,0.455428,-0.148315
2010-11-03,1.275838,0.277616,0.455534,-0.177917
2010-11-04,1.278576,0.332622,0.455637,-0.123015
2010-11-05,1.281314,0.379538,0.455739,-0.076201
2010-11-06,1.284052,0.439842,0.455839,-0.015996
2010-11-07,1.286790,0.555587,0.455936,0.099650
2010-11-08,1.289528,0.497220,0.456032,0.041188
2010-11-09,1.292266,0.402200,0.456125,-0.053924
2010-11-10,1.295003,0.284627,0.456216,-0.171589
2010-11-11,1.297741,0.334002,0.456305,-0.122303
2010-11-12,1.300479,0.365918,0.456392,-0.090474
2010-11-13,1.303217,0.415250,0.456476,-0.041226
2010-11-14,1.305955,0.411217,0.456559,-0.045341
2010-11-15,1.308693,0.404500,0.456639,-0.052139
2010-11-16,1.311431,0.359611,0.456717,-0.097106
2010-11-17,1.314168,0.349679,0.456793,-0.107114
2010-11-18,1.316906,0.349374,0.456866,-0.107492
2010-11-19,1.319644,0.376365,0.456938,-0.080573
2010-11-20,1.322382,0.380921,0.457007,-0.076086
2010-11-21,1.325120,0.375977,0.457074,-0.081096
2010-11-22,1.327858,0.373618,0.457139,-0.083521
2010-11-23,1.330595,0.373841,0.457201,-0.083360
2010-11-24,1.333333,0.367718,0.457261,-0.089543
2010-11-25,1.336071,0.362816,0.457319,-0.094503
2010-11-26,1.338809,0.359594,0.457375,-0.097780
2010-11-27,1.341547,0.357280,0.457428,-0.100148
2010-11-28,1.344285,0.345915,0.457479,-0.111564
2010-11-29,1.347023,0.306370,0.457528,-0.151157
2010-11-30,1.349760,0.225547,0.457574,-0.232027
2010-12-01,1.352498,0.226730,0.457618,-0.230888
2010-12-02,1.355236,0.256240,0.457660,-0.201420
2010-12-03,1.357974,0.272020,0.457699,-0.185678
2010-12-04,1.360712,0.255160,0.457736,-0.202576
2010-12-05,1.363450,0.195560,0.457770,-0.262210
2010-12-06,1.366188,0.163574,0.457803,-0.294229
2010-12-07,1.368925,0.180773,0.457833,-0.277060
2010-12-08,1.371663,0.219355,0.457860,-0.238505
2010-12-09,1.374401,0.164245,0.457885,-0.293640
2010-12-10,1.377139,0.134283,0.457908,-0.323625
2010-12-11,1.379877,0.185367,0.457928,-0.272561
2010-12-12,1.382615,0.174740,0.457946,-0.283206
2010-12-13,1.385352,0.177177,0.457961,-0.280784
2010-12-14,1.388090,0.188360,0.457974,-0.269614
2010-12-15,1.390828,0.208408,0.457985,-0.249577
2010-12-16,1.393566,0.199981,0.457993,-0.258012
2010-12-17,1.396304,0.206921,0.457998,-0.251077
2010-12-18,1.399042,0.204430,0.458002,-0.253572
2010-12-19,1.401780,0.196776,0.458002,-0.261226
2010-12-20,1.404517,0.210482,0.458000,-0.247519
2010-12-21,1.407255,0.210955,0.457996,-0.247041
2010-12-22,1.409993,0.189749,0.457989,-0.268240
2010-12-23,1.412731,0.185485,0.457980,-0.272495
2010-12-24,1.415469,0.182341,0.457968,-0.275627
2010-12-25,1.418207,0.178022,0.457954,-0.279932
2010-12-26,1.420945,0.184582,0.457937,-0.273355
2010-12-27,1.423682,0.184179,0.457918,-0.273739
2010-12-28,1.426420,0.200276,0.457896,-0.257619
2010-12-29,1.429158,0.226763,0.457871,-0.231108
2010-12-30,1.431896,0.230596,0.457844,-0.227248
2010-12-31,1.434634,0.228942,0.457815,-0.228873
2011-01-01,1.437372,0.224371,0.457783,-0.233412
2011-01-02,1.440110,0.220205,0.457748,-0.237543
2011-01-03,1.442847,0.211084,0.457711,-0.246627
2011-01-04,1.445585,0.208918,0.457671,-0.248753
2011-01-05,1.448323,0.205788,0.457628,-0.251840
2011-01-06,1.451061,0.203709,0.457583,-0.253875
2011-01-07,1.453799,0.222555,0.457536,-0.234980
2011-01-08,1.456537,0.221149,0.457486,-0.236337
2011-01-09,1.459274,0.227386,0.457433,-0.230047
2011-01-10,1.462012,0.227114,0.457377,-0.230263
2011-01-11,1.464750,0.223070,0.457319,-0.234250
2011-01-12,1.467488,0.227719,0.457258,-0.229539
2011-01-13,1.470226,0.266863,0.457195,-0.190332
2011-01-14,1.472964,0.270671,0.457129,-0.186459
2011-01-15,1.475702,0.286475,0.457060,-0.170585
2011-01-16,1.478439,0.284355,0.456989,-0.172634
2011-01-17,1.481177,0.263809,0.456915,-0.193106
2011-01-18,1.483915,0.205002,0.456839,-0.251837
2011-01-19,1.486653,0.170014,0.456759,-0.286745
2011-01-20,1.489391,0.206324,0.456677,-0.250354
2011-01-21,1.492129,0.262089,0.456593,-0.194504
2011-01-22,1.494867,0.288327,0.456505,-0.168178
2011-01-23,1.497604,0.301106,0.456415,-0.155309
2011-01-24,1.500342,0.269479,0.456323,-0.186843
2011-01-25,1.503080,0.271840,0.456227,-0.184387
2011-01-26,1.505818,0.261115,0.456129,-0.195015
2011-01-27,1.508556,0.262203,0.456029,-0.193825
2011-01-28,1.511294,0.275505,0.455925,-0.180420
2011-01-29,1.514031,0.280757,0.455819,-0.175062
2011-01-30,1.516769,0.297974,0.455710,-0.157736
2011-01-31,1.519507,0.329071,0.455598,-0.126527
2011-02-01,1.522245,0.454422,0.455484,-0.001062
2011-02-02,1.524983,0.481502,0.455367,0.026135
2011-02-03,1.527721,0.469653,0.455247,0.014406
2011-02-04,1.530459,0.499996,0.455124,0.044871
2011-02-05,1.533196,0.550902,0.454999,0.095903
2011-02-06,1.535934,0.556209,0.454871,0.101338
2011-02-07,1.538672,0.541215,0.454740,0.086475
2011-02-08,1.541410,0.547695,0.454606,0.093088
2011-02-09,1.544148,0.560874,0.454470,0.106404
2011-02-10,1.546886,0.602760,0.454331,0.148429
2011-02-11,1.549624,0.576391,0.454189,0.122202
2011-02-12,1.552361,0.597540,0.454044,0.143495
2011-02-13,1.555099,0.595774,0.453897,0.141877
2011-02-14,1.557837,0.597775,0.453747,0.144028
2011-02-15,1.560575,0.590230,0.453594,0.136636
2011-02-16,1.563313,0.582016,0.453438,0.128578
2011-02-17,1.566051,0.580664,0.453280,0.127384
2011-02-18,1.568789,0.556802,0.453118,0.103683
2011-02-19,1.571526,0.522777,0.452954,0.069823
2011-02-20,1.574264,0.488214,0.452787,0.035427
2011-02-21,1.577002,0.475345,0.452618,0.022727
2011-02-22,1.579740,0.477775,0.452445,0.025329
2011-02-23,1.582478,0.495228,0.452270,0.042958
2011-02-24,1.585216,0.510005,0.452092,0.057913
2011-02-25,1.587953,0.515817,0.451911,0.063906
2011-02-26,1.590691,0.500649,0.451727,0.048922
2011-02-27,1.593429,0.495054,0.451541,0.043513
2011-02-28,1.596167,0.470240,0.451352,0.018888
2011-03-01,1.598905,0.478988,0.451160,0.027828
2011-03-02,1.601643,0.476717,0.450965,0.025752
2011-03-03,1.604381,0.475965,0.450767,0.025198
2011-03-04,1.607118,0.464788,0.450566,0.014222
2011-03-05,1.609856,0.456984,0.450363,0.006621
2011-03-06,1.612594,0.424113,0.450157,-0.026044
2011-03-07,1.615332,0.433854,0.449948,-0.016094
2011-03-08,1.618070,0.429040,0.449736,-0.020697
2011-03-09,1.620808,0.418912,0.449522,-0.030609
2011-03-10,1.623546,0.418583,0.449304,-0.030721
2011-03-11,1.626283,0.428939,0.449084,-0.020145
2011-03-12,1.629021,0.427214,0.448861,-0.021647
2011-03-13,1.631759,0.424800,0.448635,-0.023835
2011-03-14,1.634497,0.415359,0.448406,-0.033048
2011-03-15,1.637235,0.408176,0.448175,-0.039999
2011-03-16,1.639973,0.393488,0.447940,-0.054453
2011-03-17,1.642710,0.378957,0.447703,-0.068746
2011-03-18,1.645448,0.359159,0.447463,-0.088304
2011-03-19,1.648186,0.329250,0.447220,-0.117970
2011-03-20,1.650924,0.330637,0.446975,-0.116337
2011-03-21,1.653662,0.316824,0.446726,-0.129902
2011-03-22,1.656400,0.327713,0.446475,-0.118762
2011-03-23,1.659138,0.352927,0.446221,-0.093294
2011-03-24,1.661875,0.360653,0.445964,-0.085311
2011-03-25,1.664613,0.368325,0.445704,-0.077379
2011-03-26,1.667351,0.360244,0.445442,-0.085198
2011-03-27,1.670089,0.345258,0.445176,-0.099919
2011-03-28,1.672827,0.321408,0.444908,-0.123500
2011-03-29,1.675565,0.307643,0.444637,-0.136994
2011-03-30,1.678303,0.302941,0.444363,-0.141422
2011-03-31,1.681040,0.300603,0.444087,-0.143483
2011-04-01,1.683778,0.292948,0.443807,-0.150859
2011-04-02,1.686516,0.292396,0.443525,-0.151128
2011-04-03,1.689254,0.285904,0.443240,-0.157335
2011-04-04,1.691992,0.230493,0.442952,-0.212459
2011-04-05,1.694730,0.203564,0.442661,-0.239097
2011-04-06,1.697467,0.236939,0.442367,-0.205428
2011-04-07,1.700205,0.255485,0.442071,-0.186586
2011-04-08,1.702943,0.258442,0.441772,-0.183330
2011-04-09,1.705681,0.245024,0.441470,-0.196446
2011-04-10,1.708419,0.237641,0.441165,-0.203524
2011-04-11,1.711157,0.244786,0.440858,-0.196072
2011-04-12,1.713895,0.284655,0.440547,-0.155892
2011-04-13,1.716632,0.320006,0.440234,-0.120228
2011-04-14,1.719370,0.323821,0.439918,-0.116097
2011-04-15,1.722108,0.355283,0.439600,-0.084316
2011-04-16,1.724846,0.359072,0.439278,-0.080206
2011-04-17,1.727584,0.363177,0.438954,-0.075777
2011-04-18,1.730322,0.398515,0.438627,-0.040111
2011-04-19,1.733060,0.405497,0.438297,-0.032800
2011-04-20,1.735797,0.398431,0.437964,-0.039534
2011-04-21,1.738535,0.395296,0.437629,-0.042333
2011-04-22,1.741273,0.429828,0.437291,-0.007463
2011-04-23,1.744011,0.488116,0.436950,0.051166
2011-04-24,1.746749,0.543531,0.436606,0.106925
2011-04-25,1.749487,0.516613,0.436260,0.080354
2011-04-26,1.752225,0.524638,0.435910,0.088727
2011-04-27,1.754962,0.575776,0.435558,0.140218
2011-04-28,1.757700,0.604998,0.435204,0.169794
2011-04-29,1.760438,0.695978,0.434846,0.261132
2011-04-30,1.763176,0.794127,0.434486,0.359641
2011-05-01,1.765914,0.815904,0.434123,0.381780
2011-05-02,1.768652,0.793871,0.433758,0.360113
2011-05-03,1.771389,0.803420,0.433389,0.370030
2011-05-04,1.774127,0.814432,0.433018,0.381414
2011-05-05,1.776865,0.812794,0.432644,0.380149
2011-05-06,1.779603,0.817505,0.432268,0.385237
2011-05-07,1.782341,0.824693,0.431889,0.392804
2011-05-08,1.785079,0.844290,0.431507,0.412783
2011-05-09,1.787817,0.847191,0.431122,0.416069
2011-05-10,1.790554,0.931240,0.430735,0.500506
2011-05-11,1.793292,1.007114,0.430345,0.576769
2011-05-12,1.796030,1.006944,0.429952,0.576992
2011-05-13,1.798768,1.125205,0.429557,0.695648
2011-05-14,1.801506,1.165183,0.429159,0.736024
2011-05-15,1.804244,1.070661,0.428758,0.641903
2011-05-16,1.806982,1.128177,0.428355,0.699823
2011-05-17,1.809719,1.120841,0.427949,0.692893
2011-05-18,1.812457,1.089885,0.427540,0.662345
2011-05-19,1.815195,1.075605,0.427129,0.648476
2011-05-20,1.817933,1.050341,0.426715,0.623626
2011-05-21,1.820671,0.994977,0.426298,0.568678
2011-05-22,1.823409,1.025860,0.425879,0.599981
2011-05-23,1.826146,1.068374,0.425457,0.642917
2011-05-24,1.828884,1.065913,0.425033,0.640880
2011-05-25,1.831622,1.082018,0.424606,0.657412
2011-05-26,1.834360,1.139000,0.424176,0.714824
2011-05-27,1.837098,1.144660,0.423744,0.720916
2011-05-28,1.839836,1.129532,0.423309,0.706223
2011-05-29,1.842574,1.117087,0.422872,0.694215
2011-05-30,1.845311,1.129353,0.422432,0.706921
2011-05-31,1.848049,1.141086,0.421989,0.719097
2011-06-01,1.850787,1.144882,0.421544,0.723338
2011-06-02,1.853525,1.187510,0.421097,0.766413
2011-06-03,1.856263,1.286167,0.420646,0.865520
2011-06-04,1.859001,1.389739,0.420194,0.969545
2011-06-05,1.861739,1.417831,0.419739,0.998092
2011-06-06,1.864476,1.434261,0.419281,1.014980
2011-06-07,1.867214,1.448973,0.418821,1.030152
2011-06-08,1.869952,1.602165,0.418358,1.183808
2011-06-09,1.872690,1.633441,0.417893,1.215548
2011-06-10,1.875428,1.583629,0.417425,1.166204
2011-06-11,1.878166,1.455091,0.416955,1.038136
2011-06-12,1.880903,1.374129,0.416482,0.957647
2011-06-13,1.883641,1.469430,0.416007,1.053424
2011-06-14,1.886379,1.430060,0.415529,1.014530
2011-06-15,1.889117,1.439261,0.415049,1.024211
2011-06-16,1.891855,1.425236,0.414567,1.010670
2011-06-17,1.894593,1.334391,0.414082,0.920309
2011-06-18,1.897331,1.334351,0.413595,0.920756
2011-06-19,1.900068,1.378253,0.413105,0.965148
2011-06-20,1.902806,1.273712,0.412613,0.861100
2011-06-21,1.905544,1.303361,0.412118,0.891243
2011-06-22,1.908282,1.330704,0.411621,0.919082
2011-06-23,1.911020,1.360788,0.411122,0.949665
2011-06-24,1.913758,1.357849,0.410620,0.947229
2011-06-25,1.916496,1.354668,0.410116,0.944551
2011-06-26,1.919233,1.351739,0.409610,0.942129
2011-06-27,1.921971,1.335984,0.409101,0.926882
2011-06-28,1.924709,1.319595,0.408591,0.911005
2011-06-29,1.927447,1.303068,0.408077,0.894991
2011-06-30,1.930185,1.286120,0.407562,0.878559
2011-07-01,1.932923,1.268725,0.407044,0.861681
2011-07-02,1.935661,1.250852,0.406524,0.844328
2011-07-03,1.938398,1.235557,0.406001,0.829556
2011-07-04,1.941136,1.203770,0.405476,0.798294
2011-07-05,1.943874,1.187990,0.404950,0.783040
2011-07-06,1.946612,1.245621,0.404420,0.841200
2011-07-07,1.949350,1.226345,0.403889,0.822456
2011-07-08,1.952088,1.228878,0.403355,0.825523
2011-07-09,1.954825,1.228774,0.402819,0.825955
2011-07-10,1.957563,1.241157,0.402281,0.838875
2011-07-11,1.960301,1.207975,0.401741,0.806234
2011-07-12,1.963039,1.202019,0.401199,0.800820
2011-07-13,1.965777,1.198761,0.400654,0.798107
2011-07-14,1.968515,1.198936,0.400108,0.798828
2011-07-15,1.971253,1.204760,0.399559,0.805201
2011-07-16,1.973990,1.176176,0.399008,0.777168
2011-07-17,1.976728,1.171659,0.398455,0.773204
2011-07-18,1.979466,1.170260,0.397899,0.772360
2011-07-19,1.982204,1.171551,0.397342,0.774209
2011-07-20,1.984942,1.169985,0.396783,0.773202
2011-07-21,1.987680,1.171542,0.396221,0.775320
2011-07-22,1.990418,1.166804,0.395658,0.771146
2011-07-23,1.993155,1.159788,0.395092,0.764696
2011-07-24,1.995893,1.160992,0.394525,0.766468
2011-07-25,1.998631,1.167398,0.393955,0.773442
2011-07-26,2.001369,1.163993,0.393384,0.770609
2011-07-27,2.004107,1.157298,0.392810,0.764488
2011-07-28,2.006845,1.145672,0.392234,0.753438
2011-07-29,2.009582,1.138659,0.391657,0.747002
2011-07-30,2.012320,1.138698,0.391077,0.747621
2011-07-31,2.015058,1.128732,0.390496,0.738236
2011-08-01,2.017796,1.118679,0.389913,0.728766
2011-08-02,2.020534,1.096513,0.389327,0.707185
2011-08-03,2.023272,1.019197,0.388740,0.630457
2011-08-04,2.026010,1.018710,0.388151,0.630559
2011-08-05,2.028747,1.013159,0.387560,0.625599
2011-08-06,2.031485,0.931394,0.386967,0.544426
2011-08-07,2.034223,0.886160,0.386373,0.499788
2011-08-08,2.036961,0.879089,0.385776,0.493313
2011-08-09,2.039699,0.956264,0.385178,0.571086
2011-08-10,2.042437,0.973620,0.384578,0.589042
2011-08-11,2.045175,0.958292,0.383976,0.574316
2011-08-12,2.047912,0.936458,0.383372,0.553086
2011-08-13,2.050650,0.947715,0.382767,0.564948
2011-08-14,2.053388,0.975810,0.382160,0.593650
2011-08-15,2.056126,1.002006,0.381551,0.620455
2011-08-16,2.058864,0.995356,0.380940,0.614416
2011-08-17,2.061602,0.988091,0.380328,0.607763
2011-08-18,2.064339,0.984921,0.379714,0.605207
2011-08-19,2.067077,0.996996,0.379098,0.617898
2011-08-20,2.069815,1.000186,0.378481,0.621705
2011-08-21,2.072553,0.992871,0.377862,0.615009
2011-08-22,2.075291,0.980324,0.377241,0.603082
2011-08-23,2.078029,0.973859,0.376619,0.597240
2011-08-24,2.080767,0.967081,0.375995,0.591085
2011-08-25,2.083504,0.937259,0.375370,0.561889
2011-08-26,2.086242,0.924505,0.374743,0.549763
2011-08-27,2.088980,0.857737,0.374114,0.483623
2011-08-28,2.091718,0.862512,0.373484,0.489028
2011-08-29,2.094456,0.865036,0.372852,0.492184
2011-08-30,2.097194,0.856870,0.372219,0.484651
2011-08-31,2.099932,0.835508,0.371584,0.463923
2011-09-01,2.102669,0.820581,0.370948,0.449632
2011-09-02,2.105407,0.828766,0.370311,0.458455
2011-09-03,2.108145,0.830930,0.369672,0.461259
2011-09-04,2.110883,0.812597,0.369031,0.443565
2011-09-05,2.113621,0.778662,0.368389,0.410273
2011-09-06,2.116359,0.723815,0.367746,0.356069
2011-09-07,2.119097,0.737207,0.367101,0.370106
2011-09-08,2.121834,0.721892,0.366455,0.355436
2011-09-09,2.124572,0.608261,0.365808,0.242453
2011-09-10,2.127310,0.587557,0.365159,0.222397
2011-09-11,2.130048,0.638023,0.364509,0.273514
2011-09-12,2.132786,0.664562,0.363858,0.300704
2011-09-13,2.135524,0.649182,0.363206,0.285976
2011-09-14,2.138261,0.619032,0.362552,0.256480
2011-09-15,2.140999,0.579974,0.361897,0.218078
2011-09-16,2.143737,0.550200,0.361240,0.188960
2011-09-17,2.146475,0.550083,0.360583,0.189500
2011-09-18,2.149213,0.551435,0.359924,0.191511
2011-09-19,2.151951,0.559986,0.359264,0.200722
2011-09-20,2.154689,0.607663,0.358603,0.249060
2011-09-21,2.157426,0.603727,0.357941,0.245786
2011-09-22,2.160164,0.594319,0.357278,0.237042
2011-09-23,2.162902,0.593707,0.356613,0.237093
2011-09-24,2.165640,0.589809,0.355948,0.233862
2011-09-25,2.168378,0.595575,0.355281,0.240294
2011-09-26,2.171116,0.573674,0.354613,0.219061
2011-09-27,2.173854,0.521184,0.353945,0.167239
2011-09-28,2.176591,0.515044,0.353275,0.161769
2011-09-29,2.179329,0.505918,0.352604,0.153314
2011-09-30,2.182067,0.524413,0.351932,0.172481
2011-10-01,2.184805,0.518351,0.351260,0.167091
2011-10-02,2.187543,0.515118,0.350586,0.164532
2011-10-03,2.190281,0.504952,0.349912,0.155040
2011-10-04,2.193018,0.506724,0.349236,0.157488
2011-10-05,2.195756,0.512353,0.348560,0.163793
2011-10-06,2.198494,0.490209,0.347883,0.142326
2011-10-07,2.201232,0.461608,0.347204,0.114404
2011-10-08,2.203970,0.428228,0.346526,0.081703
2011-10-09,2.206708,0.402835,0.345846,0.056989
2011-10-10,2.209446,0.416385,0.345165,0.071220
2011-10-11,2.212183,0.418902,0.344484,0.074418
2011-10-12,2.214921,0.389001,0.343802,0.045199
2011-10-13,2.217659,0.392940,0.343119,0.049821
2011-10-14,2.220397,0.390700,0.342435,0.048265
2011-10-15,2.223135,0.375990,0.341751,0.034239
2011-10-16,2.225873,0.350226,0.341066,0.009159
2011-10-17,2.228611,0.319274,0.340381,-0.021107
2011-10-18,2.231348,0.189541,0.339694,-0.150154
2011-10-19,2.234086,0.148188,0.339008,-0.190820
2011-10-20,2.236824,0.127186,0.338320,-0.211134
2011-10-21,2.239562,0.149933,0.337632,-0.187699
2011-10-22,2.242300,0.241211,0.336943,-0.095732
2011-10-23,2.245038,0.249740,0.336254,-0.086514
2011-10-24,2.247775,0.222894,0.335564,-0.112671
2011-10-25,2.250513,0.191169,0.334874,-0.143705
2011-10-26,2.253251,0.189838,0.334183,-0.144345
2011-10-27,2.255989,0.208012,0.333492,-0.125481
2011-10-28,2.258727,0.273136,0.332800,-0.059664
2011-10-29,2.261465,0.316541,0.332108,-0.015567
2011-10-30,2.264203,0.280955,0.331416,-0.050461
2011-10-31,2.266940,0.246934,0.330723,-0.083788
2011-11-01,2.269678,0.242817,0.330030,-0.087212
2011-11-02,2.272416,0.242684,0.329336,-0.086652
2011-11-03,2.275154,0.240708,0.328642,-0.087934
2011-11-04,2.277892,0.239716,0.327948,-0.088231
2011-11-05,2.280630,0.210383,0.327253,-0.116870
2011-11-06,2.283368,0.192626,0.326558,-0.133932
2011-11-07,2.286105,0.195200,0.325863,-0.130663
2011-11-08,2.288843,0.210918,0.325168,-0.114250
2011-11-09,2.291581,0.203645,0.324472,-0.120828
2011-11-10,2.294319,0.200527,0.323777,-0.123250
2011-11-11,2.297057,0.201394,0.323081,-0.121687
2011-11-12,2.299795,0.207601,0.322385,-0.114784
2011-11-13,2.302533,0.200749,0.321689,-0.120939
2011-11-14,2.305270,0.123827,0.320992,-0.197165
2011-11-15,2.308008,0.110585,0.320296,-0.209710
2011-11-16,2.310746,0.105817,0.319599,-0.213782
2011-11-17,2.313484,0.100461,0.318903,-0.218442
2011-11-18,2.316222,0.060773,0.318206,-0.257434
2011-11-19,2.318960,0.050837,0.317510,-0.266673
2011-11-20,2.321697,0.037736,0.316813,-0.279078
2011-11-21,2.324435,0.057365,0.316117,-0.258752
2011-11-22,2.327173,0.054083,0.315421,-0.261337
2011-11-23,2.329911,0.030347,0.314724,-0.284377
2011-11-24,2.332649,0.078910,0.314028,-0.235118
2011-11-25,2.335387,0.282123,0.313332,-0.031209
2011-11-26,2.338125,0.071220,0.312636,-0.241416
2011-11-27,2.340862,0.057838,0.311940,-0.254102
2011-11-28,2.343600,0.081459,0.311245,-0.229786
2011-11-29,2.346338,0.119808,0.310549,-0.190742
2011-11-30,2.349076,0.126197,0.309854,-0.183657
2011-12-01,2.351814,0.165552,0.309159,-0.143607
2011-12-02,2.354552,0.147709,0.308465,-0.160756
2011-12-03,2.357290,0.122758,0.307770,-0.185012
2011-12-04,2.360027,0.090744,0.307076,-0.216332
2011-12-05,2.362765,0.104263,0.306382,-0.202119
2011-12-06,2.365503,0.118719,0.305689,-0.186970
2011-12-07,2.368241,0.131675,0.304996,-0.173321
2011-12-08,2.370979,0.129213,0.304304,-0.175090
2011-12-09,2.373717,0.110869,0.303612,-0.192743
2011-12-10,2.376454,0.121159,0.302920,-0.181761
2011-12-11,2.379192,0.135804,0.302229,-0.166425
2011-12-12,2.381930,0.154437,0.301538,-0.147101
2011-12-13,2.384668,0.140108,0.300848,-0.160740
2011-12-14,2.387406,0.140203,0.300158,-0.159955
2011-12-15,2.390144,0.140318,0.299469,-0.159151
2011-12-16,2.392882,0.133896,0.298780,-0.164884
2011-12-17,2.395619,0.137681,0.298092,-0.160411
2011-12-18,2.398357,0.139052,0.297405,-0.158353
2011-12-19,2.401095,0.168958,0.296718,-0.127760
2011-12-20,2.403833,0.237696,0.296032,-0.058336
2011-12-21,2.406571,0.222648,0.295347,-0.072699
2011-12-22,2.409309,0.205539,0.294662,-0.089124
2011-12-23,2.412047,0.205975,0.293978,-0.088004
2011-12-24,2.414784,0.222638,0.293295,-0.070657
2011-12-25,2.417522,0.218172,0.292613,-0.074441
2011-12-26,2.420260,0.219647,0.291931,-0.072284
2011-12-27,2.422998,0.208361,0.291250,-0.082889
2011-12-28,2.425736,0.218086,0.290570,-0.072484
2011-12-29,2.428474,0.215592,0.289891,-0.074299
2011-12-30,2.431211,0.221136,0.289213,-0.068077
2011-12-31,2.433949,0.230404,0.288536,-0.058132
2012-01-01,2.436687,0.266522,0.287859,-0.021338
2012-01-02,2.439425,0.286195,0.287184,-0.000990
2012-01-03,2.442163,0.283231,0.286510,-0.003279
2012-01-04,2.444901,0.286139,0.285836,0.000303
2012-01-05,2.447639,0.352848,0.285164,0.067684
2012-01-06,2.450376,0.386352,0.284492,0.101860
2012-01-07,2.453114,0.391873,0.283822,0.108051
2012-01-08,2.455852,0.404441,0.283153,0.121288
2012-01-09,2.458590,0.382324,0.282485,0.099839
2012-01-10,2.461328,0.367428,0.281818,0.085610
2012-01-11,2.464066,0.390514,0.281152,0.109363
2012-01-12,2.466804,0.387753,0.280487,0.107266
2012-01-13,2.469541,0.375094,0.279824,0.095270
2012-01-14,2.472279,0.358448,0.279161,0.079286
2012-01-15,2.475017,0.387350,0.278500,0.108850
2012-01-16,2.477755,0.370432,0.277841,0.092591
2012-01-17,2.480493,0.351719,0.277182,0.074537
2012-01-18,2.483231,0.318388,0.276525,0.041863
2012-01-19,2.485969,0.325358,0.275869,0.049489
2012-01-20,2.488706,0.351466,0.275215,0.076251
2012-01-21,2.491444,0.333325,0.274562,0.058764
2012-01-22,2.494182,0.329640,0.273910,0.055730
2012-01-23,2.496920,0.325056,0.273260,0.051796
2012-01-24,2.499658,0.326089,0.272611,0.053478
2012-01-25,2.502396,0.315184,0.271964,0.043221
2012-01-26,2.505133,0.284242,0.271318,0.012924
2012-01-27,2.507871,0.242250,0.270673,-0.028424
2012-01-28,2.510609,0.225139,0.270031,-0.044892
2012-01-29,2.513347,0.253069,0.269389,-0.016320
2012-01-30,2.516085,0.247640,0.268750,-0.021109
2012-01-31,2.518823,0.253242,0.268112,-0.014869
2012-02-01,2.521561,0.259282,0.267475,-0.008193
2012-02-02,2.524298,0.284191,0.266840,0.017351
2012-02-03,2.527036,0.282934,0.266207,0.016727
2012-02-04,2.529774,0.273213,0.265576,0.007638
2012-02-05,2.532512,0.250820,0.264946,-0.014126
2012-02-06,2.535250,0.233611,0.264318,-0.030707
2012-02-07,2.537988,0.236944,0.263692,-0.026748
2012-02-08,2.540726,0.231892,0.263067,-0.031175
2012-02-09,2.543463,0.240190,0.262444,-0.022255
2012-02-10,2.546201,0.249174,0.261824,-0.012650
2012-02-11,2.548939,0.234606,0.261205,-0.026599
2012-02-12,2.551677,0.227428,0.260588,-0.033159
2012-02-13,2.554415,0.217012,0.259972,-0.042961
2012-02-14,2.557153,0.163660,0.259359,-0.095699
2012-02-15,2.559890,0.150998,0.258748,-0.107750
2012-02-16,2.562628,0.119674,0.258138,-0.138464
2012-02-17,2.565366,0.129478,0.257531,-0.128053
2012-02-18,2.568104,0.103743,0.256925,-0.153183
2012-02-19,2.570842,0.093093,0.256322,-0.163229
2012-02-20,2.573580,0.103651,0.255721,-0.152070
2012-02-21,2.576318,0.098486,0.255121,-0.156635
2012-02-22,2.579055,0.102763,0.254524,-0.151761
2012-02-23,2.581793,0.131288,0.253929,-0.122641
2012-02-24,2.584531,0.148599,0.253336,-0.104737
2012-02-25,2.587269,0.141089,0.252745,-0.111656
2012-02-26,2.590007,0.133092,0.252157,-0.119064
2012-02-27,2.592745,0.138917,0.251570,-0.112653
2012-02-28,2.595483,0.131563,0.250986,-0.119423
2012-02-29,2.598220,0.126075,0.250404,-0.124329
2012-03-01,2.600958,0.127637,0.249825,-0.122188
2012-03-02,2.603696,0.107599,0.249247,-0.141648
2012-03-03,2.606434,0.102855,0.248672,-0.145817
2012-03-04,2.609172,0.103514,0.248099,-0.144586
2012-03-05,2.611910,0.114850,0.247529,-0.132679
2012-03-06,2.614648,0.118177,0.246961,-0.128785
2012-03-07,2.617385,0.116941,0.246396,-0.129455
2012-03-08,2.620123,0.109132,0.245832,-0.136700
2012-03-09,2.622861,0.108793,0.245272,-0.136479
2012-03-10,2.625599,0.099895,0.244714,-0.144819
2012-03-11,2.628337,0.099446,0.244158,-0.144712
2012-03-12,2.631075,0.099751,0.243605,-0.143853
2012-03-13,2.633812,0.111018,0.243054,-0.132036
2012-03-14,2.636550,0.131223,0.242506,-0.111283
2012-03-15,2.639288,0.126613,0.241960,-0.115347
2012-03-16,2.642026,0.123180,0.241417,-0.118237
2012-03-17,2.644764,0.124340,0.240877,-0.116537
2012-03-18,2.647502,0.117329,0.240339,-0.123010
2012-03-19,2.650240,0.095869,0.239804,-0.143935
2012-03-20,2.652977,0.074043,0.239272,-0.165229
2012-03-21,2.655715,0.074467,0.238742,-0.164275
2012-03-22,2.658453,0.067875,0.238215,-0.170340
2012-03-23,2.661191,0.057332,0.237691,-0.180360
2012-03-24,2.663929,0.052271,0.237170,-0.184898
2012-03-25,2.666667,0.042944,0.236651,-0.193708
2012-03-26,2.669405,0.040264,0.236135,-0.195872
2012-03-27,2.672142,0.046662,0.235622,-0.188961
2012-03-28,2.674880,0.052448,0.235112,-0.182665
2012-03-29,2.677618,0.049426,0.234605,-0.185179
2012-03-30,2.680356,0.048272,0.234101,-0.185829
2012-03-31,2.683094,0.053145,0.233599,-0.180455
2012-04-01,2.685832,0.044983,0.233101,-0.188118
2012-04-02,2.688569,0.049631,0.232605,-0.182974
2012-04-03,2.691307,0.050429,0.232113,-0.181684
2012-04-04,2.694045,0.047363,0.231623,-0.184261
2012-04-05,2.696783,0.045049,0.231137,-0.186088
2012-04-06,2.699521,0.043288,0.230653,-0.187365
2012-04-07,2.702259,0.031126,0.230173,-0.199047
2012-04-08,2.704997,0.021947,0.229696,-0.207749
2012-04-09,2.707734,0.022071,0.229221,-0.207151
2012-04-10,2.710472,0.024027,0.228750,-0.204723
2012-04-11,2.713210,0.022245,0.228282,-0.206037
2012-04-12,2.715948,0.024574,0.227818,-0.203243
2012-04-13,2.718686,0.022621,0.227356,-0.204735
2012-04-14,2.721424,0.025894,0.226898,-0.201003
2012-04-15,2.724162,0.022171,0.226443,-0.204271
2012-04-16,2.726899,0.021414,0.225991,-0.204577
2012-04-17,2.729637,0.020787,0.225542,-0.204755
2012-04-18,2.732375,0.030295,0.225097,-0.194802
2012-04-19,2.735113,0.031754,0.224655,-0.192900
2012-04-20,2.737851,0.034341,0.224216,-0.189875
2012-04-21,2.740589,0.038364,0.223781,-0.185417
2012-04-22,2.743326,0.029778,0.223349,-0.193570
2012-04-23,2.746064,0.024422,0.222920,-0.198498
2012-04-24,2.748802,0.015304,0.222495,-0.207191
2012-04-25,2.751540,0.014425,0.222073,-0.207648
2012-04-26,2.754278,0.010034,0.221655,-0.211621
2012-04-27,2.757016,0.017153,0.221240,-0.204087
2012-04-28,2.759754,-0.002489,0.220829,-0.223318
2012-04-29,2.762491,-0.009841,0.220421,-0.230262
2012-04-30,2.765229,-0.009219,0.220016,-0.229236
2012-05-01,2.767967,-0.010950,0.219616,-0.230566
2012-05-02,2.770705,-0.000002,0.219218,-0.219221
2012-05-03,2.773443,-0.004821,0.218825,-0.223646
2012-05-04,2.776181,-0.002449,0.218435,-0.220884
2012-05-05,2.778919,-0.007452,0.218048,-0.225500
2012-05-06,2.781656,-0.013466,0.217665,-0.231131
2012-05-07,2.784394,-0.017022,0.217286,-0.234308
2012-05-08,2.787132,-0.019366,0.216911,-0.236277
2012-05-09,2.789870,-0.016390,0.216539,-0.232929
2012-05-10,2.792608,-0.026566,0.216171,-0.242737
2012-05-11,2.795346,-0.029442,0.215807,-0.245249
2012-05-12,2.798084,-0.037457,0.215446,-0.252904
2012-05-13,2.800821,-0.039170,0.215090,-0.254259
2012-05-14,2.803559,-0.041907,0.214737,-0.256643
2012-05-15,2.806297,-0.042074,0.214387,-0.256461
2012-05-16,2.809035,-0.040884,0.214042,-0.254926
2012-05-17,2.811773,-0.041703,0.213700,-0.255404
2012-05-18,2.814511,-0.040642,0.213363,-0.254005
2012-05-19,2.817248,-0.040452,0.213029,-0.253481
2012-05-20,2.819986,-0.038558,0.212699,-0.251257
2012-05-21,2.822724,-0.045612,0.212373,-0.257985
2012-05-22,2.825462,-0.048475,0.212051,-0.260526
2012-05-23,2.828200,-0.047144,0.211733,-0.258877
2012-05-24,2.830938,-0.050261,0.211419,-0.261681
2012-05-25,2.833676,-0.052074,0.211109,-0.263183
2012-05-26,2.836413,-0.054986,0.210803,-0.265789
2012-05-27,2.839151,-0.054953,0.210501,-0.265453
2012-05-28,2.841889,-0.058925,0.210203,-0.269128
2012-05-29,2.844627,-0.061503,0.209909,-0.271412
2012-05-30,2.847365,-0.062376,0.209619,-0.271995
2012-05-31,2.850103,-0.063279,0.209333,-0.272612
2012-06-01,2.852841,-0.058894,0.209051,-0.267945
2012-06-02,2.855578,-0.061659,0.208773,-0.270433
2012-06-03,2.858316,-0.064446,0.208500,-0.272946
2012-06-04,2.861054,-0.066469,0.208231,-0.274699
2012-06-05,2.863792,-0.058589,0.207966,-0.266555
2012-06-06,2.866530,-0.053789,0.207705,-0.261493
2012-06-07,2.869268,-0.051065,0.207448,-0.258512
2012-06-08,2.872005,-0.044256,0.207195,-0.251451
2012-06-09,2.874743,-0.045300,0.206947,-0.252247
2012-06-10,2.877481,-0.054199,0.206703,-0.260902
2012-06-11,2.880219,-0.055909,0.206463,-0.262372
2012-06-12,2.882957,-0.049040,0.206228,-0.255268
2012-06-13,2.885695,-0.035179,0.205997,-0.241175
2012-06-14,2.888433,-0.033712,0.205770,-0.239482
2012-06-15,2.891170,-0.030426,0.205547,-0.235974
2012-06-16,2.893908,-0.005069,0.205329,-0.210398
2012-06-17,2.896646,-0.006396,0.205115,-0.211511
2012-06-18,2.899384,-0.014864,0.204906,-0.219770
2012-06-19,2.902122,-0.006108,0.204701,-0.210808
2012-06-20,2.904860,0.002139,0.204500,-0.202361
2012-06-21,2.907598,0.006444,0.204304,-0.197859
2012-06-22,2.910335,-0.001941,0.204112,-0.206053
2012-06-23,2.913073,-0.009725,0.203925,-0.213650
2012-06-24,2.915811,-0.020278,0.203742,-0.224020
2012-06-25,2.918549,-0.024615,0.203564,-0.228179
2012-06-26,2.921287,-0.026451,0.203390,-0.229841
2012-06-27,2.924025,-0.018251,0.203220,-0.221471
2012-06-28,2.926762,-0.019566,0.203055,-0.222622
2012-06-29,2.929500,-0.009021,0.202895,-0.211916
2012-06-30,2.932238,-0.018227,0.202739,-0.220967
2012-07-01,2.934976,-0.020541,0.202588,-0.223130
2012-07-02,2.937714,-0.010989,0.202442,-0.213431
2012-07-03,2.940452,-0.025284,0.202300,-0.227583
2012-07-04,2.943190,-0.030044,0.202162,-0.232207
2012-07-05,2.945927,-0.026206,0.202030,-0.228236
2012-07-06,2.948665,-0.030415,0.201902,-0.232316
2012-07-07,2.951403,-0.026729,0.201778,-0.228507
2012-07-08,2.954141,-0.026235,0.201659,-0.227894
2012-07-09,2.956879,-0.022574,0.201545,-0.224119
2012-07-10,2.959617,-0.003082,0.201436,-0.204517
2012-07-11,2.962355,-0.003101,0.201331,-0.204432
2012-07-12,2.965092,-0.004725,0.201231,-0.205956
2012-07-13,2.967830,0.015621,0.201136,-0.185515
2012-07-14,2.970568,0.012946,0.201045,-0.188099
2012-07-15,2.973306,0.020469,0.200959,-0.180491
2012-07-16,2.976044,0.023327,0.200878,-0.177551
2012-07-17,2.978782,0.046537,0.200802,-0.154266
2012-07-18,2.981520,0.074253,0.200731,-0.126478
2012-07-19,2.984257,0.079522,0.200664,-0.121143
2012-07-20,2.986995,0.041818,0.200602,-0.158784
2012-07-21,2.989733,0.057818,0.200545,-0.142727
2012-07-22,2.992471,0.052604,0.200493,-0.147890
2012-07-23,2.995209,0.051695,0.200446,-0.148750
2012-07-24,2.997947,0.048586,0.200403,-0.151818
2012-07-25,3.000684,0.040469,0.200366,-0.159897
2012-07-26,3.003422,0.046094,0.200333,-0.154239
2012-07-27,3.006160,0.052429,0.200305,-0.147876
2012-07-28,3.008898,0.052509,0.200282,-0.147773
2012-07-29,3.011636,0.046496,0.200264,-0.153768
2012-07-30,3.014374,0.047945,0.200251,-0.152307
2012-07-31,3.017112,0.061715,0.200243,-0.138529
2012-08-01,3.019849,0.072877,0.200240,-0.127363
2012-08-02,3.022587,0.084491,0.200242,-0.115751
2012-08-03,3.025325,0.118765,0.200249,-0.081484
2012-08-04,3.028063,0.133657,0.200260,-0.066604
2012-08-05,3.030801,0.112200,0.200277,-0.088078
2012-08-06,3.033539,0.122809,0.200299,-0.077490
2012-08-07,3.036277,0.122856,0.200326,-0.077470
2012-08-08,3.039014,0.127831,0.200357,-0.072527
2012-08-09,3.041752,0.132645,0.200394,-0.067750
2012-08-10,3.044490,0.131677,0.200436,-0.068759
2012-08-11,3.047228,0.136105,0.200483,-0.064378
2012-08-12,3.049966,0.138989,0.200535,-0.061546
2012-08-13,3.052704,0.142981,0.200592,-0.057611
2012-08-14,3.055441,0.152298,0.200654,-0.048356
2012-08-15,3.058179,0.169772,0.200721,-0.030949
2012-08-16,3.060917,0.192345,0.200793,-0.008449
2012-08-17,3.063655,0.207574,0.200871,0.006704
2012-08-18,3.066393,0.143063,0.200953,-0.057891
2012-08-19,3.069131,0.054382,0.201041,-0.146659
2012-08-20,3.071869,0.043792,0.201133,-0.157341
2012-08-21,3.074606,0.065299,0.201231,-0.135932
2012-08-22,3.077344,0.058732,0.201334,-0.142602
2012-08-23,3.080082,0.056293,0.201442,-0.145150
2012-08-24,3.082820,0.062937,0.201555,-0.138618
2012-08-25,3.085558,0.073510,0.201674,-0.128163
2012-08-26,3.088296,0.073359,0.201797,-0.128439
2012-08-27,3.091034,0.097553,0.201926,-0.104373
2012-08-28,3.093771,0.086737,0.202060,-0.115323
2012-08-29,3.096509,0.077469,0.202199,-0.124730
2012-08-30,3.099247,0.073488,0.202344,-0.128856
2012-08-31,3.101985,0.057914,0.202493,-0.144579
2012-09-01,3.104723,0.039746,0.202648,-0.162902
2012-09-02,3.107461,0.036853,0.202808,-0.165955
2012-09-03,3.110198,0.044840,0.202973,-0.158133
2012-09-04,3.112936,0.045930,0.203144,-0.157214
2012-09-05,3.115674,0.049347,0.203319,-0.153972
2012-09-06,3.118412,0.064454,0.203500,-0.139046
2012-09-07,3.121150,0.074688,0.203686,-0.128998
2012-09-08,3.123888,0.065461,0.203878,-0.138416
2012-09-09,3.126626,0.065995,0.204074,-0.138079
2012-09-10,3.129363,0.061188,0.204276,-0.143089
2012-09-11,3.132101,0.061244,0.204483,-0.143239
2012-09-12,3.134839,0.064862,0.204696,-0.139834
2012-09-13,3.137577,0.065893,0.204913,-0.139020
2012-09-14,3.140315,0.074211,0.205136,-0.130925
2012-09-15,3.143053,0.073985,0.205365,-0.131380
2012-09-16,3.145791,0.081986,0.205598,-0.123612
2012-09-17,3.148528,0.078178,0.205837,-0.127659
2012-09-18,3.151266,0.081137,0.206081,-0.124944
2012-09-19,3.154004,0.092276,0.206331,-0.114055
2012-09-20,3.156742,0.099527,0.206586,-0.107059
2012-09-21,3.159480,0.088614,0.206846,-0.118232
2012-09-22,3.162218,0.083799,0.207111,-0.123312
2012-09-23,3.164956,0.075994,0.207382,-0.131387
2012-09-24,3.167693,0.071765,0.207658,-0.135893
2012-09-25,3.170431,0.069691,0.207939,-0.138248
2012-09-26,3.173169,0.071240,0.208226,-0.136986
2012-09-27,3.175907,0.074367,0.208518,-0.134151
2012-09-28,3.178645,0.074365,0.208815,-0.134451
2012-09-29,3.181383,0.074953,0.209118,-0.134165
2012-09-30,3.184120,0.071298,0.209426,-0.138128
2012-10-01,3.186858,0.067164,0.209739,-0.142576
2012-10-02,3.189596,0.073578,0.210058,-0.136480
2012-10-03,3.192334,0.083206,0.210382,-0.127176
2012-10-04,3.195072,0.081912,0.210712,-0.128800
2012-10-05,3.197810,0.074548,0.211046,-0.136498
2012-10-06,3.200548,0.069870,0.211386,-0.141517
2012-10-07,3.203285,0.052383,0.211732,-0.159349
2012-10-08,3.206023,0.023693,0.212083,-0.188390
2012-10-09,3.208761,0.039870,0.212439,-0.172569
2012-10-10,3.211499,0.043543,0.212800,-0.169258
2012-10-11,3.214237,0.041051,0.213167,-0.172117
2012-10-12,3.216975,0.039299,0.213539,-0.174241
2012-10-13,3.219713,0.035459,0.213917,-0.178458
2012-10-14,3.222450,0.030781,0.214300,-0.183519
2012-10-15,3.225188,0.019612,0.214688,-0.195076
2012-10-16,3.227926,0.021038,0.215082,-0.194044
2012-10-17,3.230664,0.022111,0.215481,-0.193370
2012-10-18,3.233402,0.021002,0.215885,-0.194883
2012-10-19,3.236140,0.017330,0.216295,-0.198965
2012-10-20,3.238877,0.010506,0.216710,-0.206204
2012-10-21,3.241615,0.006690,0.217130,-0.210440
2012-10-22,3.244353,0.003128,0.217556,-0.214428
2012-10-23,3.247091,0.004337,0.217987,-0.213650
2012-10-24,3.249829,-0.001063,0.218423,-0.219486
2012-10-25,3.252567,-0.021123,0.218865,-0.239988
2012-10-26,3.255305,-0.050514,0.219312,-0.269826
2012-10-27,3.258042,-0.060074,0.219765,-0.279839
2012-10-28,3.260780,-0.064373,0.220223,-0.284595
2012-10-29,3.263518,-0.051524,0.220686,-0.272210
2012-10-30,3.266256,-0.042793,0.221154,-0.263947
2012-10-31,3.268994,-0.038702,0.221628,-0.260330
2012-11-01,3.271732,-0.034947,0.222107,-0.257054
2012-11-02,3.274470,-0.047564,0.222592,-0.270156
2012-11-03,3.277207,-0.057693,0.223082,-0.280775
2012-11-04,3.279945,-0.064380,0.223577,-0.287957
2012-11-05,3.282683,-0.060289,0.224077,-0.284367
2012-11-06,3.285421,-0.060610,0.224583,-0.285193
2012-11-07,3.288159,-0.056362,0.225094,-0.281456
2012-11-08,3.290897,-0.059871,0.225611,-0.285482
2012-11-09,3.293634,-0.060224,0.226133,-0.286356
2012-11-10,3.296372,-0.062392,0.226660,-0.289051
2012-11-11,3.299110,-0.064821,0.227192,-0.292013
2012-11-12,3.301848,-0.060191,0.227730,-0.287921
2012-11-13,3.304586,-0.063629,0.228273,-0.291902
2012-11-14,3.307324,-0.065444,0.228821,-0.294265
2012-11-15,3.310062,-0.064832,0.229374,-0.294206
2012-11-16,3.312799,-0.052411,0.229933,-0.282345
2012-11-17,3.315537,-0.045156,0.230497,-0.275654
2012-11-18,3.318275,-0.045056,0.231067,-0.276122
2012-11-19,3.321013,-0.047035,0.231641,-0.278677
2012-11-20,3.323751,-0.048527,0.232221,-0.280748
2012-11-21,3.326489,-0.050435,0.232806,-0.283241
2012-11-22,3.329227,-0.043657,0.233397,-0.277053
2012-11-23,3.331964,-0.036243,0.233992,-0.270236
2012-11-24,3.334702,-0.028794,0.234593,-0.263387
2012-11-25,3.337440,-0.033067,0.235199,-0.268266
2012-11-26,3.340178,-0.033437,0.235811,-0.269248
2012-11-27,3.342916,-0.045313,0.236427,-0.281740
2012-11-28,3.345654,-0.041338,0.237049,-0.278387
2012-11-29,3.348392,-0.041599,0.237676,-0.279275
2012-11-30,3.351129,-0.038986,0.238308,-0.277294
2012-12-01,3.353867,-0.038398,0.238945,-0.277343
2012-12-02,3.356605,-0.040197,0.239588,-0.279784
2012-12-03,3.359343,-0.041175,0.240236,-0.281411
2012-12-04,3.362081,-0.033990,0.240888,-0.274878
2012-12-05,3.364819,-0.018930,0.241546,-0.260476
2012-12-06,3.367556,-0.017397,0.242210,-0.259607
2012-12-07,3.370294,-0.018676,0.242878,-0.261554
2012-12-08,3.373032,-0.020413,0.243551,-0.263965
2012-12-09,3.375770,-0.030516,0.244230,-0.274746
2012-12-10,3.378508,-0.026686,0.244914,-0.271600
2012-12-11,3.381246,-0.025544,0.245603,-0.271146
2012-12-12,3.383984,-0.024568,0.246296,-0.270865
2012-12-13,3.386721,-0.024991,0.246996,-0.271986
2012-12-14,3.389459,-0.023851,0.247700,-0.271550
2012-12-15,3.392197,-0.028243,0.248409,-0.276652
2012-12-16,3.394935,-0.034730,0.249123,-0.283853
2012-12-17,3.397673,-0.041885,0.249842,-0.291727
2012-12-18,3.400411,-0.046054,0.250567,-0.296621
2012-12-19,3.403149,-0.045584,0.251296,-0.296880
2012-12-20,3.405886,-0.046205,0.252031,-0.298236
2012-12-21,3.408624,-0.043303,0.252770,-0.296073
2012-12-22,3.411362,-0.047727,0.253514,-0.301242
2012-12-23,3.414100,-0.053891,0.254264,-0.308155
2012-12-24,3.416838,-0.054463,0.255018,-0.309481
2012-12-25,3.419576,-0.057270,0.255778,-0.313048
2012-12-26,3.422313,-0.060133,0.256542,-0.316675
2012-12-27,3.425051,-0.059478,0.257312,-0.316789
2012-12-28,3.427789,-0.060442,0.258086,-0.318528
2012-12-29,3.430527,-0.058840,0.258865,-0.317705
2012-12-30,3.433265,-0.062739,0.259649,-0.322388
2012-12-31,3.436003,-0.063876,0.260438,-0.324314
2013-01-01,3.438741,-0.066083,0.261232,-0.327315
2013-01-02,3.441478,-0.070407,0.262031,-0.332438
2013-01-03,3.444216,-0.070136,0.262835,-0.332971
2013-01-04,3.446954,-0.074778,0.263643,-0.338421
2013-01-05,3.449692,-0.074097,0.264457,-0.338554
2013-01-06,3.452430,-0.077682,0.265275,-0.342957
2013-01-07,3.455168,-0.077251,0.266098,-0.343349
2013-01-08,3.457906,-0.076642,0.266926,-0.343567
2013-01-09,3.460643,-0.070419,0.267758,-0.338177
2013-01-10,3.463381,-0.068153,0.268596,-0.336748
2013-01-11,3.466119,-0.060152,0.269438,-0.329589
2013-01-12,3.468857,-0.060156,0.270285,-0.330441
2013-01-13,3.471595,-0.064304,0.271137,-0.335441
2013-01-14,3.474333,-0.066258,0.271993,-0.338251
2013-01-15,3.477070,-0.062063,0.272854,-0.334917
2013-01-16,3.479808,-0.057032,0.273720,-0.330752
2013-01-17,3.482546,-0.043985,0.274591,-0.318575
2013-01-18,3.485284,-0.027048,0.275466,-0.302514
2013-01-19,3.488022,-0.033040,0.276346,-0.309386
2013-01-20,3.490760,-0.031094,0.277230,-0.308324
2013-01-21,3.493498,-0.014161,0.278119,-0.292280
2013-01-22,3.496235,0.003518,0.279013,-0.275495
2013-01-23,3.498973,0.009276,0.279911,-0.270636
2013-01-24,3.501711,0.025846,0.280814,-0.254969
2013-01-25,3.504449,-0.001383,0.281722,-0.283105
2013-01-26,3.507187,-0.001277,0.282634,-0.283911
2013-01-27,3.509925,0.006308,0.283550,-0.277243
2013-01-28,3.512663,0.031587,0.284472,-0.252885
2013-01-29,3.515400,0.040984,0.285397,-0.244413
2013-01-30,3.518138,0.044358,0.286327,-0.241969
2013-01-31,3.520876,0.063622,0.287262,-0.223640
2013-02-01,3.523614,0.069979,0.288201,-0.218222
2013-02-02,3.526352,0.056102,0.289144,-0.233042
2013-02-03,3.529090,0.055586,0.290092,-0.234506
2013-02-04,3.531828,0.061146,0.291044,-0.229898
2013-02-05,3.534565,0.059415,0.292001,-0.232586
2013-02-06,3.537303,0.066355,0.292962,-0.226607
2013-02-07,3.540041,0.075429,0.293927,-0.218499
2013-02-08,3.542779,0.092522,0.294897,-0.202375
2013-02-09,3.545517,0.110650,0.295871,-0.185221
2013-02-10,3.548255,0.105510,0.296850,-0.191339
2013-02-11,3.550992,0.115855,0.297832,-0.181977
2013-02-12,3.553730,0.134503,0.298819,-0.164316
2013-02-13,3.556468,0.141625,0.299810,-0.158185
2013-02-14,3.559206,0.144177,0.300805,-0.156629
2013-02-15,3.561944,0.164065,0.301805,-0.137740
2013-02-16,3.564682,0.165422,0.302809,-0.137387
2013-02-17,3.567420,0.158557,0.303817,-0.145260
2013-02-18,3.570157,0.153554,0.304829,-0.151274
2013-02-19,3.572895,0.172904,0.305845,-0.132941
2013-02-20,3.575633,0.193321,0.306865,-0.113544
2013-02-21,3.578371,0.195613,0.307890,-0.112276
2013-02-22,3.581109,0.204009,0.308918,-0.104909
2013-02-23,3.583847,0.185156,0.309951,-0.124795
2013-02-24,3.586585,0.189277,0.310987,-0.121710
2013-02-25,3.589322,0.191247,0.312028,-0.120781
2013-02-26,3.592060,0.201521,0.313072,-0.111552
2013-02-27,3.594798,0.208150,0.314121,-0.105971
2013-02-28,3.597536,0.227564,0.315173,-0.087610
2013-03-01,3.600274,0.239558,0.316230,-0.076672
2013-03-02,3.603012,0.238713,0.317290,-0.078578
2013-03-03,3.605749,0.233965,0.318354,-0.084389
2013-03-04,3.608487,0.249441,0.319423,-0.069981
2013-03-05,3.611225,0.294719,0.320495,-0.025775
2013-03-06,3.613963,0.358400,0.321570,0.036830
2013-03-07,3.616701,0.323581,0.322650,0.000931
2013-03-08,3.619439,0.331403,0.323733,0.007670
2013-03-09,3.622177,0.346943,0.324820,0.022123
2013-03-10,3.624914,0.369095,0.325911,0.043184
2013-03-11,3.627652,0.373899,0.327006,0.046893
2013-03-12,3.630390,0.349645,0.328104,0.021541
2013-03-13,3.633128,0.360268,0.329206,0.031062
2013-03-14,3.635866,0.362428,0.330312,0.032116
2013-03-15,3.638604,0.357932,0.331421,0.026511
2013-03-16,3.641342,0.354473,0.332534,0.021939
2013-03-17,3.644079,0.354276,0.333650,0.020626
2013-03-18,3.646817,0.358576,0.334770,0.023806
2013-03-19,3.649555,0.412937,0.335894,0.077043
2013-03-20,3.652293,0.462639,0.337021,0.125618
2013-03-21,3.655031,0.511637,0.338152,0.173485
2013-03-22,3.657769,0.529025,0.339286,0.189740
2013-03-23,3.660507,0.488268,0.340423,0.147845
2013-03-24,3.663244,0.502295,0.341564,0.160731
2013-03-25,3.665982,0.534346,0.342708,0.191638
2013-03-26,3.668720,0.556633,0.343856,0.212777
2013-03-27,3.671458,0.596893,0.345007,0.251886
2013-03-28,3.674196,0.622270,0.346161,0.276108
2013-03-29,3.676934,0.615801,0.347319,0.268482
2013-03-30,3.679671,0.623219,0.348480,0.274740
2013-03-31,3.682409,0.628236,0.349644,0.278592
2013-04-01,3.685147,0.648604,0.350812,0.297792
2013-04-02,3.687885,0.686676,0.351982,0.334694
2013-04-03,3.690623,0.764435,0.353156,0.411279
2013-04-04,3.693361,0.773228,0.354333,0.418895
2013-04-05,3.696099,0.788947,0.355513,0.433434
2013-04-06,3.698836,0.799393,0.356696,0.442697
2013-04-07,3.701574,0.825284,0.357883,0.467401
2013-04-08,3.704312,0.901136,0.359072,0.542064
2013-04-09,3.707050,0.960747,0.360264,0.600483
2013-04-10,3.709788,0.991666,0.361460,0.630207
2013-04-11,3.712526,0.757028,0.362658,0.394370
2013-04-12,3.715264,0.569023,0.363859,0.205164
2013-04-13,3.718001,0.658929,0.365063,0.293865
2013-04-14,3.720739,0.629364,0.366271,0.263093
2013-04-15,3.723477,0.600369,0.367481,0.232889
2013-04-16,3.726215,0.456787,0.368693,0.088094
2013-04-17,3.728953,0.543702,0.369909,0.173793
2013-04-18,3.731691,0.603389,0.371128,0.232262
2013-04-19,3.734428,0.700252,0.372349,0.327903
2013-04-20,3.737166,0.707195,0.373573,0.333623
2013-04-21,3.739904,0.709531,0.374799,0.334732
2013-04-22,3.742642,0.707905,0.376029,0.331877
2013-04-23,3.745380,0.732876,0.377261,0.355615
2013-04-24,3.748118,0.786317,0.378495,0.407821
2013-04-25,3.750856,0.793843,0.379733,0.414110
2013-04-26,3.753593,0.744053,0.380972,0.363081
2013-04-27,3.756331,0.739814,0.382215,0.357599
2013-04-28,3.759069,0.735304,0.383460,0.351845
2013-04-29,3.761807,0.752907,0.384707,0.368200
2013-04-30,3.764545,0.758022,0.385957,0.372066
2013-05-01,3.767283,0.716687,0.387209,0.329478
2013-05-02,3.770021,0.653455,0.388464,0.264992
2013-05-03,3.772758,0.575743,0.389721,0.186022
2013-05-04,3.775496,0.622301,0.390980,0.231321
2013-05-05,3.778234,0.657925,0.392242,0.265683
2013-05-06,3.780972,0.674898,0.393506,0.281392
2013-05-07,3.783710,0.636987,0.394772,0.242215
2013-05-08,3.786448,0.645147,0.396041,0.249107
2013-05-09,3.789185,0.640391,0.397311,0.243079
2013-05-10,3.791923,0.654758,0.398584,0.256174
2013-05-11,3.794661,0.653921,0.399859,0.254061
2013-05-12,3.797399,0.648038,0.401136,0.246901
2013-05-13,3.800137,0.651827,0.402416,0.249411
2013-05-14,3.802875,0.651444,0.403697,0.247747
2013-05-15,3.805613,0.624942,0.404980,0.219962
2013-05-16,3.808350,0.629362,0.406266,0.223097
2013-05-17,3.811088,0.642294,0.407553,0.234741
2013-05-18,3.813826,0.648326,0.408842,0.239484
2013-05-19,3.816564,0.650511,0.410133,0.240378
2013-05-20,3.819302,0.646946,0.411426,0.235520
2013-05-21,3.822040,0.645087,0.412721,0.232365
2013-05-22,3.824778,0.647970,0.414018,0.233952
2013-05-23,3.827515,0.654712,0.415317,0.239395
2013-05-24,3.830253,0.670330,0.416617,0.253713
2013-05-25,3.832991,0.679319,0.417919,0.261400
2013-05-26,3.835729,0.681138,0.419223,0.261915
2013-05-27,3.838467,0.677597,0.420528,0.257069
2013-05-28,3.841205,0.665445,0.421835,0.243610
2013-05-29,3.843943,0.668987,0.423144,0.245843
2013-05-30,3.846680,0.673892,0.424454,0.249438
2013-05-31,3.849418,0.665340,0.425765,0.239574
2013-06-01,3.852156,0.661499,0.427079,0.234420
2013-06-02,3.854894,0.646239,0.428393,0.217846
2013-06-03,3.857632,0.633407,0.429710,0.203697
2013-06-04,3.860370,0.634995,0.431027,0.203967
2013-06-05,3.863107,0.631007,0.432346,0.198661
2013-06-06,3.865845,0.630372,0.433667,0.196706
2013-06-07,3.868583,0.606158,0.434988,0.171170
2013-06-08,3.871321,0.583203,0.436311,0.146891
2013-06-09,3.874059,0.544893,0.437635,0.107257
2013-06-10,3.876797,0.557366,0.438961,0.118406
2013-06-11,3.879535,0.568021,0.440287,0.127733
2013-06-12,3.882272,0.572923,0.441615,0.131308
2013-06-13,3.885010,0.565477,0.442944,0.122533
2013-06-14,3.887748,0.539703,0.444274,0.095429
2013-06-15,3.890486,0.534917,0.445605,0.089312
2013-06-16,3.893224,0.536937,0.446937,0.090000
2013-06-17,3.895962,0.533296,0.448271,0.085026
2013-06-18,3.898700,0.547925,0.449605,0.098320
2013-06-19,3.901437,0.552923,0.450940,0.101983
2013-06-20,3.904175,0.555309,0.452276,0.103033
2013-06-21,3.906913,0.539686,0.453613,0.086073
2013-06-22,3.909651,0.497846,0.454950,0.042896
2013-06-23,3.912389,0.528668,0.456289,0.072380
2013-06-24,3.915127,0.486157,0.457628,0.028529
2013-06-25,3.917864,0.519361,0.458968,0.060393
2013-06-26,3.920602,0.514529,0.460309,0.054220
2013-06-27,3.923340,0.509787,0.461650,0.048137
2013-06-28,3.926078,0.482477,0.462992,0.019485
2013-06-29,3.928816,0.471028,0.464335,0.006693
2013-06-30,3.931554,0.467272,0.465678,0.001594
2013-07-01,3.934292,0.457812,0.467022,-0.009210
2013-07-02,3.937029,0.444213,0.468366,-0.024153
2013-07-03,3.939767,0.434480,0.469711,-0.035231
2013-07-04,3.942505,0.399981,0.471056,-0.071075
2013-07-05,3.945243,0.367527,0.472401,-0.104875
2013-07-06,3.947981,0.329281,0.473747,-0.144467
2013-07-07,3.950719,0.329547,0.475094,-0.145547
2013-07-08,3.953457,0.371699,0.476440,-0.104742
2013-07-09,3.956194,0.366597,0.477787,-0.111190
2013-07-10,3.958932,0.385112,0.479134,-0.094022
2013-07-11,3.961670,0.427923,0.480482,-0.052559
2013-07-12,3.964408,0.459309,0.481829,-0.022520
2013-07-13,3.967146,0.443749,0.483177,-0.039428
2013-07-14,3.969884,0.453912,0.484525,-0.030613
2013-07-15,3.972621,0.455200,0.485872,-0.030673
2013-07-16,3.975359,0.456014,0.487220,-0.031206
2013-07-17,3.978097,0.422756,0.488568,-0.065812
2013-07-18,3.980835,0.417065,0.489916,-0.072851
2013-07-19,3.983573,0.414944,0.491264,-0.076320
2013-07-20,3.986311,0.425698,0.492611,-0.066914
2013-07-21,3.989049,0.413955,0.493959,-0.080004
2013-07-22,3.991786,0.416450,0.495306,-0.078856
2013-07-23,3.994524,0.418946,0.496653,-0.077707
2013-07-24,3.997262,0.421487,0.498000,-0.076513
2013-07-25,4.000000,0.426085,0.499347,-0.073262
2013-07-26,4.002738,0.429938,0.500693,-0.070755
2013-07-27,4.005476,0.423304,0.502039,-0.078734
2013-07-28,4.008214,0.425214,0.503384,-0.078171
2013-07-29,4.010951,0.437504,0.504729,-0.067226
2013-07-30,4.013689,0.442555,0.506074,-0.063519
2013-07-31,4.016427,0.462197,0.507418,-0.045221
2013-08-01,4.019165,0.455303,0.508762,-0.053459
2013-08-02,4.021903,0.451754,0.510105,-0.058351
2013-08-03,4.024641,0.446989,0.511448,-0.064459
2013-08-04,4.027379,0.445696,0.512790,-0.067093
2013-08-05,4.030116,0.449558,0.514131,-0.064573
2013-08-06,4.032854,0.449918,0.515471,-0.065553
2013-08-07,4.035592,0.447469,0.516811,-0.069342
2013-08-08,4.038330,0.437086,0.518150,-0.081064
2013-08-09,4.041068,0.427992,0.519489,-0.091497
2013-08-10,4.043806,0.424533,0.520826,-0.096293
2013-08-11,4.046543,0.425712,0.522163,-0.096450
2013-08-12,4.049281,0.426139,0.523498,-0.097359
2013-08-13,4.052019,0.431864,0.524833,-0.092969
2013-08-14,4.054757,0.449068,0.526167,-0.077099
2013-08-15,4.057495,0.441611,0.527499,-0.085889
2013-08-16,4.060233,0.436695,0.528831,-0.092136
2013-08-17,4.062971,0.437523,0.530162,-0.092639
2013-08-18,4.065708,0.439526,0.531491,-0.091965
2013-08-19,4.068446,0.449691,0.532819,-0.083128
2013-08-20,4.071184,0.453651,0.534146,-0.080495
2013-08-21,4.073922,0.466921,0.535472,-0.068551
2013-08-22,4.076660,0.479732,0.536797,-0.057065
2013-08-23,4.079398,0.468014,0.538120,-0.070107
2013-08-24,4.082136,0.465713,0.539442,-0.073729
2013-08-25,4.084873,0.474132,0.540763,-0.066631
2013-08-26,4.087611,0.470819,0.542082,-0.071263
2013-08-27,4.090349,0.491545,0.543400,-0.051855
2013-08-28,4.093087,0.495808,0.544716,-0.048909
2013-08-29,4.095825,0.497936,0.546031,-0.048096
2013-08-30,4.098563,0.501833,0.547344,-0.045511
2013-08-31,4.101300,0.528045,0.548656,-0.020611
2013-09-01,4.104038,0.536278,0.549966,-0.013688
2013-09-02,4.106776,0.532640,0.551275,-0.018634
2013-09-03,4.109514,0.529488,0.552581,-0.023093
2013-09-04,4.112252,0.519616,0.553886,-0.034271
2013-09-05,4.114990,0.497302,0.555190,-0.057888
2013-09-06,4.117728,0.500151,0.556491,-0.056340
2013-09-07,4.120465,0.485390,0.557791,-0.072401
2013-09-08,4.123203,0.483742,0.559088,-0.075347
2013-09-09,4.125941,0.479546,0.560384,-0.080838
2013-09-10,4.128679,0.492547,0.561678,-0.069131
2013-09-11,4.131417,0.495198,0.562970,-0.067772
2013-09-12,4.134155,0.507337,0.564260,-0.056924
2013-09-13,4.136893,0.508588,0.565548,-0.056960
2013-09-14,4.139630,0.502754,0.566834,-0.064079
2013-09-15,4.142368,0.496284,0.568117,-0.071833
2013-09-16,4.145106,0.497492,0.569399,-0.071907
2013-09-17,4.147844,0.499069,0.570678,-0.071609
2013-09-18,4.150582,0.500578,0.571955,-0.071377
2013-09-19,4.153320,0.493966,0.573230,-0.079265
2013-09-20,4.156057,0.484615,0.574503,-0.089888
2013-09-21,4.158795,0.480632,0.575773,-0.095141
2013-09-22,4.161533,0.479247,0.577041,-0.097794
2013-09-23,4.164271,0.483559,0.578306,-0.094747
2013-09-24,4.167009,0.484736,0.579569,-0.094834
2013-09-25,4.169747,0.482347,0.580830,-0.098483
2013-09-26,4.172485,0.482702,0.582088,-0.099386
2013-09-27,4.175222,0.482760,0.583344,-0.100583
2013-09-28,4.177960,0.486392,0.584597,-0.098204
2013-09-29,4.180698,0.486673,0.585847,-0.099174
2013-09-30,4.183436,0.476361,0.587095,-0.110733
2013-10-01,4.186174,0.478707,0.588340,-0.109633
2013-10-02,4.188912,0.462902,0.589582,-0.126680
2013-10-03,4.191650,0.426719,0.590821,-0.164102
2013-10-04,4.194387,0.458038,0.592058,-0.134020
2013-10-05,4.197125,0.457208,0.593292,-0.136084
2013-10-06,4.199863,0.454844,0.594523,-0.139679
2013-10-07,4.202601,0.459366,0.595751,-0.136386
2013-10-08,4.205339,0.458456,0.596976,-0.138520
2013-10-09,4.208077,0.460772,0.598199,-0.137427
2013-10-10,4.210815,0.463004,0.599418,-0.136413
2013-10-11,4.213552,0.464381,0.600634,-0.136253
2013-10-12,4.216290,0.463931,0.601847,-0.137916
2013-10-13,4.219028,0.470633,0.603057,-0.132424
2013-10-14,4.221766,0.485404,0.604264,-0.118860
2013-10-15,4.224504,0.492649,0.605468,-0.112818
2013-10-16,4.227242,0.506510,0.606668,-0.100158
2013-10-17,4.229979,0.502706,0.607865,-0.105159
2013-10-18,4.232717,0.518692,0.609059,-0.090367
2013-10-19,4.235455,0.552557,0.610250,-0.057693
2013-10-20,4.238193,0.563188,0.611437,-0.048249
2013-10-21,4.240931,0.582610,0.612621,-0.030011
2013-10-22,4.243669,0.611404,0.613801,-0.002398
2013-10-23,4.246407,0.631353,0.614978,0.016375
2013-10-24,4.249144,0.626412,0.616152,0.010260
2013-10-25,4.251882,0.597609,0.617322,-0.019713
2013-10-26,4.254620,0.595819,0.618488,-0.022670
2013-10-27,4.257358,0.602516,0.619651,-0.017135
2013-10-28,4.260096,0.620393,0.620810,-0.000417
2013-10-29,4.262834,0.627893,0.621966,0.005928
2013-10-30,4.265572,0.633873,0.623118,0.010755
2013-10-31,4.268309,0.630886,0.624266,0.006620
2013-11-01,4.271047,0.635688,0.625410,0.010278
2013-11-02,4.273785,0.635597,0.626551,0.009046
2013-11-03,4.276523,0.638377,0.627687,0.010690
2013-11-04,4.279261,0.654505,0.628820,0.025684
2013-11-05,4.281999,0.694164,0.629949,0.064215
2013-11-06,4.284736,0.728238,0.631074,0.097164
2013-11-07,4.287474,0.769087,0.632195,0.136892
2013-11-08,4.290212,0.815884,0.633312,0.182572
2013-11-09,4.292950,0.858211,0.634425,0.223786
2013-11-10,4.295688,0.802901,0.635534,0.167368
2013-11-11,4.298426,0.839979,0.636638,0.203341
2013-11-12,4.301164,0.862946,0.637739,0.225207
2013-11-13,4.303901,0.891430,0.638835,0.252595
2013-11-14,4.306639,0.929477,0.639928,0.289549
2013-11-15,4.309377,0.932463,0.641016,0.291447
2013-11-16,4.312115,0.939010,0.642099,0.296911
2013-11-17,4.314853,0.970729,0.643179,0.327550
2013-11-18,4.317591,1.046845,0.644254,0.402591
2013-11-19,4.320329,1.104728,0.645324,0.459404
2013-11-20,4.323066,1.024577,0.646391,0.378187
2013-11-21,4.325804,1.112210,0.647452,0.464757
2013-11-22,4.328542,1.160606,0.648510,0.512096
2013-11-23,4.331280,1.214585,0.649562,0.565023
2013-11-24,4.334018,1.190015,0.650611,0.539404
2013-11-25,4.336756,1.196415,0.651654,0.544760
2013-11-26,4.339493,1.214061,0.652693,0.561367
2013-11-27,4.342231,1.258015,0.653728,0.604287
2013-11-28,4.344969,1.287377,0.654758,0.632620
2013-11-29,4.347707,1.316748,0.655783,0.660966
2013-11-30,4.350445,1.340488,0.656803,0.683685
2013-12-01,4.353183,1.282706,0.657819,0.624887
2013-12-02,4.355921,1.285273,0.658829,0.626444
2013-12-03,4.358658,1.301874,0.659835,0.642039
2013-12-04,4.361396,1.318631,0.660836,0.657795
2013-12-05,4.364134,1.294646,0.661832,0.632813
2013-12-06,4.366872,1.255809,0.662824,0.592986
2013-12-07,4.369610,1.152377,0.663810,0.488567
2013-12-08,4.372348,1.143474,0.664791,0.478683
2013-12-09,4.375086,1.215270,0.665767,0.549503
2013-12-10,4.377823,1.249343,0.666738,0.582605
2013-12-11,4.380561,1.234464,0.667705,0.566759
2013-12-12,4.383299,1.212076,0.668665,0.543410
2013-12-13,4.386037,1.219376,0.669621,0.549755
2013-12-14,4.388775,1.208378,0.670572,0.537806
2013-12-15,4.391513,1.185653,0.671517,0.514136
2013-12-16,4.394251,1.165783,0.672457,0.493326
2013-12-17,4.396988,1.107172,0.673392,0.433780
2013-12-18,4.399726,1.013873,0.674322,0.339551
2013-12-19,4.402464,1.055043,0.675246,0.379797
2013-12-20,4.405202,1.088485,0.676165,0.412321
2013-12-21,4.407940,1.048254,0.677078,0.371176
2013-12-22,4.410678,1.056749,0.677986,0.378762
2013-12-23,4.413415,1.062277,0.678889,0.383389
2013-12-24,4.416153,1.069604,0.679786,0.389818
2013-12-25,4.418891,1.072305,0.680677,0.391627
2013-12-26,4.421629,1.106838,0.681563,0.425275
2013-12-27,4.424367,1.114737,0.682444,0.432293
2013-12-28,4.427105,1.109265,0.683318,0.425947
2013-12-29,4.429843,1.104203,0.684187,0.420015
2013-12-30,4.432580,1.113577,0.685051,0.428526
2013-12-31,4.435318,1.109065,0.685909,0.423156
2014-01-01,4.438056,1.116170,0.686761,0.429409
2014-01-02,4.440794,1.123661,0.687607,0.436054
2014-01-03,4.443532,1.143028,0.688447,0.454580
2014-01-04,4.446270,1.147920,0.689282,0.458638
2014-01-05,4.449008,1.177324,0.690111,0.487214
2014-01-06,4.451745,1.209178,0.690934,0.518244
2014-01-07,4.454483,1.181085,0.691751,0.489335
2014-01-08,4.457221,1.147765,0.692562,0.455203
2014-01-09,4.459959,1.150316,0.693367,0.456950
2014-01-10,4.462697,1.150821,0.694166,0.456655
2014-01-11,4.465435,1.176194,0.694959,0.481235
2014-01-12,4.468172,1.169038,0.695746,0.473292
2014-01-13,4.470910,1.145015,0.696527,0.448488
2014-01-14,4.473648,1.144663,0.697302,0.447361
2014-01-15,4.476386,1.150175,0.698070,0.452105
2014-01-16,4.479124,1.145453,0.698833,0.446621
2014-01-17,4.481862,1.128658,0.699589,0.429069
2014-01-18,4.484600,1.131105,0.700339,0.430766
2014-01-19,4.487337,1.134231,0.701083,0.433148
2014-01-20,4.490075,1.139089,0.701821,0.437268
2014-01-21,4.492813,1.133394,0.702552,0.430842
2014-01-22,4.495551,1.129596,0.703277,0.426319
2014-01-23,4.498289,1.127476,0.703996,0.423480
2014-01-24,4.501027,1.114620,0.704708,0.409913
2014-01-25,4.503765,1.116503,0.705414,0.411090
2014-01-26,4.506502,1.120506,0.706113,0.414393
2014-01-27,4.509240,1.115062,0.706806,0.408256
2014-01-28,4.511978,1.104252,0.707492,0.396760
2014-01-29,4.514716,1.108195,0.708172,0.400023
2014-01-30,4.517454,1.105879,0.708846,0.397034
2014-01-31,4.520192,1.108985,0.709513,0.399472
2014-02-01,4.522930,1.112918,0.710173,0.402745
2014-02-02,4.525667,1.113749,0.710826,0.402923
2014-02-03,4.528405,1.109031,0.711473,0.397558
2014-02-04,4.531143,1.106349,0.712114,0.394235
2014-02-05,4.533881,1.101947,0.712747,0.389200
2014-02-06,4.536619,1.088974,0.713374,0.375600
2014-02-07,4.539357,1.054397,0.713994,0.340403
2014-02-08,4.542094,1.041347,0.714608,0.326739
2014-02-09,4.544832,1.035154,0.715214,0.319940
2014-02-10,4.547570,1.019320,0.715814,0.303506
2014-02-11,4.550308,1.028553,0.716407,0.312147
2014-02-12,4.553046,1.010325,0.716993,0.293332
2014-02-13,4.555784,0.994288,0.717572,0.276716
2014-02-14,4.558522,0.978921,0.718144,0.260776
2014-02-15,4.561259,0.993034,0.718710,0.274325
2014-02-16,4.563997,0.978776,0.719268,0.259508
2014-02-17,4.566735,0.976788,0.719819,0.256968
2014-02-18,4.569473,0.972681,0.720364,0.252317
2014-02-19,4.572211,0.967401,0.720901,0.246500
2014-02-20,4.574949,0.943726,0.721431,0.222295
2014-02-21,4.577687,0.918511,0.721954,0.196557
2014-02-22,4.580424,0.928908,0.722470,0.206438
2014-02-23,4.583162,0.955002,0.722979,0.232022
2014-02-24,4.585900,0.921086,0.723481,0.197605
2014-02-25,4.588638,0.862944,0.723976,0.138969
2014-02-26,4.591376,0.926703,0.724463,0.202240
2014-02-27,4.594114,0.932168,0.724943,0.207225
2014-02-28,4.596851,0.921499,0.725416,0.196082
2014-03-01,4.599589,0.915914,0.725882,0.190032
2014-03-02,4.602327,0.916520,0.726340,0.190180
2014-03-03,4.605065,0.948241,0.726792,0.221449
2014-03-04,4.607803,0.988537,0.727235,0.261302
2014-03-05,4.610541,0.982042,0.727672,0.254370
2014-03-06,4.613279,0.981196,0.728101,0.253095
2014-03-07,4.616016,0.963796,0.728523,0.235273
2014-03-08,4.618754,0.948969,0.728937,0.220032
2014-03-09,4.621492,0.951557,0.729344,0.222213
2014-03-10,4.624230,0.951172,0.729743,0.221428
2014-03-11,4.626968,0.947067,0.730135,0.216932
2014-03-12,4.629706,0.953604,0.730520,0.223085
2014-03-13,4.632444,0.954995,0.730897,0.224099
2014-03-14,4.635181,0.949914,0.731266,0.218647
2014-03-15,4.637919,0.948247,0.731628,0.216619
2014-03-16,4.640657,0.947432,0.731982,0.215449
2014-03-17,4.643395,0.940486,0.732329,0.208157
2014-03-18,4.646133,0.930620,0.732668,0.197952
2014-03-19,4.648871,0.929372,0.733000,0.196372
2014-03-20,4.651608,0.915513,0.733324,0.182189
2014-03-21,4.654346,0.903609,0.733640,0.169969
2014-03-22,4.657084,0.887401,0.733948,0.153453
2014-03-23,4.659822,0.887609,0.734249,0.153360
2014-03-24,4.662560,0.885737,0.734542,0.151194
2014-03-25,4.665298,0.894905,0.734828,0.160078
2014-03-26,4.668036,0.895055,0.735105,0.159950
2014-03-27,4.670773,0.866701,0.735375,0.131326
2014-03-28,4.673511,0.835312,0.735637,0.099674
2014-03-29,4.676249,0.827198,0.735892,0.091306
2014-03-30,4.678987,0.798623,0.736138,0.062485
2014-03-31,4.681725,0.785753,0.736377,0.049376
2014-04-01,4.684463,0.801728,0.736607,0.065120
2014-04-02,4.687201,0.789029,0.736830,0.052198
2014-04-03,4.689938,0.760964,0.737045,0.023919
2014-04-04,4.692676,0.767929,0.737252,0.030677
2014-04-05,4.695414,0.773486,0.737451,0.036034
2014-04-06,4.698152,0.777922,0.737643,0.040279
2014-04-07,4.700890,0.773865,0.737826,0.036039
2014-04-08,4.703628,0.771576,0.738001,0.033575
2014-04-09,4.706366,0.765115,0.738169,0.026946
2014-04-10,4.709103,0.723005,0.738328,-0.015323
2014-04-11,4.711841,0.713916,0.738479,-0.024563
2014-04-12,4.714579,0.740308,0.738622,0.001686
2014-04-13,4.717317,0.727689,0.738758,-0.011069
2014-04-14,4.720055,0.754488,0.738885,0.015604
2014-04-15,4.722793,0.794387,0.739004,0.055383
2014-04-16,4.725530,0.816917,0.739115,0.077802
2014-04-17,4.728268,0.805826,0.739218,0.066608
2014-04-18,4.731006,0.790362,0.739313,0.051049
2014-04-19,4.733744,0.793428,0.739399,0.054029
2014-04-20,4.736482,0.801303,0.739478,0.061825
2014-04-21,4.739220,0.797032,0.739548,0.057484
2014-04-22,4.741958,0.790792,0.739611,0.051181
2014-04-23,4.744695,0.784559,0.739665,0.044895
2014-04-24,4.747433,0.783085,0.739711,0.043375
2014-04-25,4.750171,0.758528,0.739748,0.018780
2014-04-26,4.752909,0.753824,0.739778,0.014046
2014-04-27,4.755647,0.744830,0.739799,0.005031
2014-04-28,4.758385,0.729455,0.739812,-0.010357
2014-04-29,4.761123,0.733241,0.739817,-0.006576
2014-04-30,4.763860,0.733735,0.739813,-0.006078
2014-05-01,4.766598,0.742283,0.739801,0.002482
2014-05-02,4.769336,0.736639,0.739781,-0.003142
2014-05-03,4.772074,0.725827,0.739753,-0.013925
2014-05-04,4.774812,0.718658,0.739716,-0.021058
2014-05-05,4.777550,0.714745,0.739671,-0.024926
2014-05-06,4.780287,0.709648,0.739618,-0.029970
2014-05-07,4.783025,0.717909,0.739556,-0.021647
2014-05-08,4.785763,0.721792,0.739486,-0.017694
2014-05-09,4.788501,0.724410,0.739408,-0.014998
2014-05-10,4.791239,0.726546,0.739321,-0.012775
2014-05-11,4.793977,0.717495,0.739226,-0.021730
2014-05-12,4.796715,0.712027,0.739122,-0.027096
2014-05-13,4.799452,0.710404,0.739010,-0.028607
2014-05-14,4.802190,0.713223,0.738890,-0.025667
2014-05-15,4.804928,0.715925,0.738761,-0.022837
2014-05-16,4.807666,0.715344,0.738624,-0.023280
2014-05-17,4.810404,0.715085,0.738479,-0.023393
2014-05-18,4.813142,0.711213,0.738325,-0.027111
2014-05-19,4.815880,0.708486,0.738162,-0.029676
2014-05-20,4.818617,0.728364,0.737991,-0.009627
2014-05-21,4.821355,0.749236,0.737812,0.011424
2014-05-22,4.824093,0.764056,0.737624,0.026432
2014-05-23,4.826831,0.777705,0.737428,0.040277
2014-05-24,4.829569,0.769108,0.737223,0.031885
2014-05-25,4.832307,0.799414,0.737010,0.062404
2014-05-26,4.835044,0.815261,0.736788,0.078473
2014-05-27,4.837782,0.808848,0.736558,0.072290
2014-05-28,4.840520,0.807643,0.736319,0.071324
2014-05-29,4.843258,0.803574,0.736072,0.067502
2014-05-30,4.845996,0.824413,0.735816,0.088597
2014-05-31,4.848734,0.839464,0.735552,0.103912
2014-06-01,4.851472,0.854777,0.735279,0.119498
2014-06-02,4.854209,0.848848,0.734997,0.113851
2014-06-03,4.856947,0.866592,0.734707,0.131885
2014-06-04,4.859685,0.850104,0.734409,0.115695
2014-06-05,4.862423,0.855945,0.734102,0.121843
2014-06-06,4.865161,0.856347,0.733786,0.122560
2014-06-07,4.867899,0.852044,0.733462,0.118582
2014-06-08,4.870637,0.852814,0.733130,0.119685
2014-06-09,4.873374,0.847898,0.732788,0.115110
2014-06-10,4.876112,0.848004,0.732439,0.115566
2014-06-11,4.878850,0.840127,0.732080,0.108047
2014-06-12,4.881588,0.823339,0.731713,0.091625
2014-06-13,4.884326,0.803893,0.731338,0.072555
2014-06-14,4.887064,0.787158,0.730954,0.056205
2014-06-15,4.889802,0.778913,0.730561,0.048352
2014-06-16,4.892539,0.800069,0.730160,0.069909
2014-06-17,4.895277,0.800564,0.729750,0.070814
2014-06-18,4.898015,0.807981,0.729332,0.078650
2014-06-19,4.900753,0.804851,0.728905,0.075946
2014-06-20,4.903491,0.794209,0.728469,0.065739
2014-06-21,4.906229,0.791931,0.728025,0.063906
2014-06-22,4.908966,0.798696,0.727572,0.071124
2014-06-23,4.911704,0.789454,0.727111,0.062343
2014-06-24,4.914442,0.785845,0.726641,0.059204
2014-06-25,4.917180,0.771924,0.726162,0.045762
2014-06-26,4.919918,0.771404,0.725675,0.045729
2014-06-27,4.922656,0.779844,0.725180,0.054664
2014-06-28,4.925394,0.788052,0.724675,0.063377
2014-06-29,4.928131,0.785633,0.724162,0.061471
2014-06-30,4.930869,0.803390,0.723641,0.079749
2014-07-01,4.933607,0.819558,0.723111,0.096447
2014-07-02,4.936345,0.817681,0.722572,0.095109
2014-07-03,4.939083,0.815314,0.722025,0.093289
2014-07-04,4.941821,0.808247,0.721469,0.086778
2014-07-05,4.944559,0.801813,0.720905,0.080908
2014-07-06,4.947296,0.803956,0.720332,0.083624
2014-07-07,4.950034,0.797356,0.719750,0.077606
2014-07-08,4.952772,0.792212,0.719160,0.073052
2014-07-09,4.955510,0.791620,0.718561,0.073059
2014-07-10,4.958248,0.786678,0.717954,0.068724
2014-07-11,4.960986,0.789001,0.717338,0.071663
2014-07-12,4.963723,0.794224,0.716714,0.077510
2014-07-13,4.966461,0.791598,0.716081,0.075518
2014-07-14,4.969199,0.785605,0.715439,0.070166
2014-07-15,4.971937,0.783484,0.714789,0.068695
2014-07-16,4.974675,0.780720,0.714131,0.066589
2014-07-17,4.977413,0.779963,0.713463,0.066500
2014-07-18,4.980151,0.781296,0.712788,0.068509
2014-07-19,4.982888,0.782368,0.712103,0.070265
2014-07-20,4.985626,0.779206,0.711411,0.067795
2014-07-21,4.988364,0.776396,0.710709,0.065687
2014-07-22,4.991102,0.773858,0.709999,0.063859
2014-07-23,4.993840,0.772025,0.709281,0.062744
2014-07-24,4.996578,0.763508,0.708554,0.054954
2014-07-25,4.999316,0.756732,0.707819,0.048914
2014-07-26,5.002053,0.751293,0.707075,0.044218
2014-07-27,5.004791,0.749906,0.706323,0.043584
2014-07-28,5.007529,0.740506,0.705562,0.034944
2014-07-29,5.010267,0.739019,0.704792,0.034226
2014-07-30,5.013005,0.730630,0.704015,0.026615
2014-07-31,5.015743,0.730608,0.703228,0.027380
2014-08-01,5.018480,0.738721,0.702434,0.036288
2014-08-02,5.021218,0.739597,0.701630,0.037967
2014-08-03,5.023956,0.734038,0.700819,0.033219
2014-08-04,5.026694,0.735290,0.699999,0.035291
2014-08-05,5.029432,0.730336,0.699170,0.031166
2014-08-06,5.032170,0.727646,0.698334,0.029312
2014-08-07,5.034908,0.728725,0.697488,0.031237
2014-08-08,5.037645,0.731521,0.696635,0.034886
2014-08-09,5.040383,0.727558,0.695773,0.031785
2014-08-10,5.043121,0.727895,0.694902,0.032993
2014-08-11,5.045859,0.722928,0.694023,0.028905
2014-08-12,5.048597,0.711457,0.693136,0.018321
2014-08-13,5.051335,0.697445,0.692241,0.005205
2014-08-14,5.054073,0.669217,0.691337,-0.022120
2014-08-15,5.056810,0.659859,0.690425,-0.030565
2014-08-16,5.059548,0.655106,0.689504,-0.034398
2014-08-17,5.062286,0.653958,0.688575,-0.034617
2014-08-18,5.065024,0.629171,0.687638,-0.058467
2014-08-19,5.067762,0.629494,0.686693,-0.057199
2014-08-20,5.070500,0.640665,0.685739,-0.045074
2014-08-21,5.073238,0.662182,0.684777,-0.022595
2014-08-22,5.075975,0.656697,0.683807,-0.027110
2014-08-23,5.078713,0.647335,0.682828,-0.035494
2014-08-24,5.081451,0.649082,0.681842,-0.032760
2014-08-25,5.084189,0.642226,0.680847,-0.038621
2014-08-26,5.086927,0.645521,0.679844,-0.034323
2014-08-27,5.089665,0.651685,0.678833,-0.027147
2014-08-28,5.092402,0.641906,0.677813,-0.035907
2014-08-29,5.095140,0.643825,0.676785,-0.032960
2014-08-30,5.097878,0.638143,0.675750,-0.037606
2014-08-31,5.100616,0.625330,0.674706,-0.049376
2014-09-01,5.103354,0.615881,0.673654,-0.057773
2014-09-02,5.106092,0.618915,0.672594,-0.053679
2014-09-03,5.108830,0.607715,0.671525,-0.063810
2014-09-04,5.111567,0.610361,0.670449,-0.060089
2014-09-05,5.114305,0.613239,0.669365,-0.056126
2014-09-06,5.117043,0.617099,0.668272,-0.051174
2014-09-07,5.119781,0.609533,0.667172,-0.057639
2014-09-08,5.122519,0.599553,0.666064,-0.066510
2014-09-09,5.125257,0.594019,0.664947,-0.070928
2014-09-10,5.127995,0.602075,0.663823,-0.061748
2014-09-11,5.130732,0.598321,0.662690,-0.064369
2014-09-12,5.133470,0.594520,0.661550,-0.067029
2014-09-13,5.136208,0.595778,0.660401,-0.064624
2014-09-14,5.138946,0.597962,0.659245,-0.061283
2014-09-15,5.141684,0.592220,0.658081,-0.065861
2014-09-16,5.144422,0.589174,0.656909,-0.067735
2014-09-17,5.147159,0.574245,0.655729,-0.081484
2014-09-18,5.149897,0.554177,0.654541,-0.100364
2014-09-19,5.152635,0.518352,0.653346,-0.134994
2014-09-20,5.155373,0.523816,0.652142,-0.128326
2014-09-21,5.158111,0.516508,0.650931,-0.134423
2014-09-22,5.160849,0.504563,0.649712,-0.145149
2014-09-23,5.163587,0.522708,0.648485,-0.125777
2014-09-24,5.166324,0.536085,0.647251,-0.111166
2014-09-25,5.169062,0.517867,0.646009,-0.128141
2014-09-26,5.171800,0.510883,0.644759,-0.133876
2014-09-27,5.174538,0.506195,0.643501,-0.137306
2014-09-28,5.177276,0.499469,0.642236,-0.142766
2014-09-29,5.180014,0.478636,0.640963,-0.162327
2014-09-30,5.182752,0.478318,0.639682,-0.161364
2014-10-01,5.185489,0.482983,0.638394,-0.155411
2014-10-02,5.188227,0.472947,0.637098,-0.164151
2014-10-03,5.190965,0.462516,0.635795,-0.173278
2014-10-04,5.193703,0.434917,0.634484,-0.199567
2014-10-05,5.196441,0.390988,0.633166,-0.242177
2014-10-06,5.199179,0.399876,0.631840,-0.231963
2014-10-07,5.201916,0.406227,0.630506,-0.224279
2014-10-08,5.204654,0.409000,0.629165,-0.220165
2014-10-09,5.207392,0.449438,0.627817,-0.178379
2014-10-10,5.210130,0.435828,0.626461,-0.190633
2014-10-11,5.212868,0.432868,0.625098,-0.192230
2014-10-12,5.215606,0.444419,0.623727,-0.179308
2014-10-13,5.218344,0.458328,0.622350,-0.164021
2014-10-14,5.221081,0.485504,0.620964,-0.135460
2014-10-15,5.223819,0.476201,0.619572,-0.143371
2014-10-16,5.226557,0.466413,0.618172,-0.151759
2014-10-17,5.229295,0.457614,0.616765,-0.159151
2014-10-18,5.232033,0.460454,0.615351,-0.154897
2014-10-19,5.234771,0.465065,0.613929,-0.148864
2014-10-20,5.237509,0.458087,0.612500,-0.154413
2014-10-21,5.240246,0.460709,0.611064,-0.150355
2014-10-22,5.242984,0.456945,0.609621,-0.152677
2014-10-23,5.245722,0.437877,0.608171,-0.170295
2014-10-24,5.248460,0.424112,0.606714,-0.182602
2014-10-25,5.251198,0.416085,0.605250,-0.189165
2014-10-26,5.253936,0.417878,0.603778,-0.185900
2014-10-27,5.256674,0.416614,0.602300,-0.185686
2014-10-28,5.259411,0.413228,0.600814,-0.187586
2014-10-29,5.262149,0.402591,0.599322,-0.196730
2014-10-30,5.264887,0.393724,0.597823,-0.204099
2014-10-31,5.267625,0.396842,0.596316,-0.199474
2014-11-01,5.270363,0.380230,0.594803,-0.214573
2014-11-02,5.273101,0.372067,0.593283,-0.221216
2014-11-03,5.275838,0.373248,0.591756,-0.218508
2014-11-04,5.278576,0.371220,0.590223,-0.219002
2014-11-05,5.281314,0.382277,0.588682,-0.206405
2014-11-06,5.284052,0.390730,0.587135,-0.196405
2014-11-07,5.286790,0.390906,0.585581,-0.194675
2014-11-08,5.289528,0.388413,0.584020,-0.195607
2014-11-09,5.292266,0.394283,0.582453,-0.188169
2014-11-10,5.295003,0.411581,0.580879,-0.169298
2014-11-11,5.297741,0.413397,0.579298,-0.165901
2014-11-12,5.300479,0.443816,0.577711,-0.133895
2014-11-13,5.303217,0.474033,0.576117,-0.102084
2014-11-14,5.305955,0.447161,0.574517,-0.127356
2014-11-15,5.308693,0.432099,0.572910,-0.140811
2014-11-16,5.311431,0.430707,0.571297,-0.140589
2014-11-17,5.314168,0.441226,0.569677,-0.128450
2014-11-18,5.316906,0.423804,0.568051,-0.144247
2014-11-19,5.319644,0.418898,0.566418,-0.147519
2014-11-20,5.322382,0.401804,0.564779,-0.162975
2014-11-21,5.325120,0.389227,0.563134,-0.173906
2014-11-22,5.327858,0.389115,0.561482,-0.172367
2014-11-23,5.330595,0.390024,0.559824,-0.169800
2014-11-24,5.333333,0.408440,0.558160,-0.149720
2014-11-25,5.336071,0.416535,0.556489,-0.139954
2014-11-26,5.338809,0.402060,0.554813,-0.152752
2014-11-27,5.341547,0.400788,0.553130,-0.152342
2014-11-28,5.344285,0.397774,0.551441,-0.153667
2014-11-29,5.347023,0.406576,0.549746,-0.143170
2014-11-30,5.349760,0.405581,0.548045,-0.142465
2014-12-01,5.352498,0.397215,0.546338,-0.149123
2014-12-02,5.355236,0.404872,0.544625,-0.139753
2014-12-03,5.357974,0.401554,0.542906,-0.141352
2014-12-04,5.360712,0.395834,0.541181,-0.145347
2014-12-05,5.363450,0.393071,0.539450,-0.146379
2014-12-06,5.366188,0.394580,0.537713,-0.143133
2014-12-07,5.368925,0.392262,0.535971,-0.143708
2014-12-08,5.371663,0.385918,0.534222,-0.148305
2014-12-09,5.374401,0.364935,0.532468,-0.167533
2014-12-10,5.377139,0.364453,0.530708,-0.166255
2014-12-11,5.379877,0.362233,0.528942,-0.166709
2014-12-12,5.382615,0.363185,0.527171,-0.163986
2014-12-13,5.385352,0.356726,0.525394,-0.168668
2014-12-14,5.388090,0.357080,0.523611,-0.166532
2014-12-15,5.390828,0.352585,0.521823,-0.169238
2014-12-16,5.393566,0.337306,0.520029,-0.182723
2014-12-17,5.396304,0.319717,0.518230,-0.198513
2014-12-18,5.399042,0.311296,0.516425,-0.205129
2014-12-19,5.401780,0.304800,0.514615,-0.209815
2014-12-20,5.404517,0.316438,0.512799,-0.196361
2014-12-21,5.407255,0.314300,0.510978,-0.196679
2014-12-22,5.409993,0.316750,0.509152,-0.192402
2014-12-23,5.412731,0.323108,0.507320,-0.184213
2014-12-24,5.415469,0.317416,0.505483,-0.188068
2014-12-25,5.418207,0.303549,0.503641,-0.200092
2014-12-26,5.420945,0.306527,0.501794,-0.195267
2014-12-27,5.423682,0.301231,0.499941,-0.198711
2014-12-28,5.426420,0.296211,0.498084,-0.201873
2014-12-29,5.429158,0.294332,0.496221,-0.201889
2014-12-30,5.431896,0.289622,0.494353,-0.204731
2014-12-31,5.434634,0.289222,0.492480,-0.203258
2015-01-01,5.437372,0.291237,0.490602,-0.199365
2015-01-02,5.440110,0.289181,0.488720,-0.199538
2015-01-03,5.442847,0.271101,0.486832,-0.215731
2015-01-04,5.445585,0.228558,0.484939,-0.256382
2015-01-05,5.448323,0.223118,0.483042,-0.259924
2015-01-06,5.451061,0.227205,0.481139,-0.253934
2015-01-07,5.453799,0.244273,0.479232,-0.234959
2015-01-08,5.456537,0.248439,0.477321,-0.228882
2015-01-09,5.459274,0.242556,0.475404,-0.232848
2015-01-10,5.462012,0.231576,0.473483,-0.241907
2015-01-11,5.464750,0.218974,0.471557,-0.252583
2015-01-12,5.467488,0.211020,0.469627,-0.258607
2015-01-13,5.470226,0.164509,0.467692,-0.303183
2015-01-14,5.472964,0.072149,0.465753,-0.393603
2015-01-15,5.475702,0.091059,0.463809,-0.372750
2015-01-16,5.478439,0.100691,0.461861,-0.361169
2015-01-17,5.481177,0.077288,0.459908,-0.382619
2015-01-18,5.483915,0.089261,0.457951,-0.368689
2015-01-19,5.486653,0.097928,0.455989,-0.358061
2015-01-20,5.489391,0.095175,0.454024,-0.358849
2015-01-21,5.492129,0.103627,0.452054,-0.348427
2015-01-22,5.494867,0.130548,0.450080,-0.319531
2015-01-23,5.497604,0.128303,0.448102,-0.319799
2015-01-24,5.500342,0.142094,0.446119,-0.304025
2015-01-25,5.503080,0.161300,0.444133,-0.282833
2015-01-26,5.505818,0.211284,0.442142,-0.230858
2015-01-27,5.508556,0.179060,0.440148,-0.261088
2015-01-28,5.511294,0.165970,0.438149,-0.272179
2015-01-29,5.514031,0.128811,0.436147,-0.307335
2015-01-30,5.516769,0.126485,0.434140,-0.307655
2015-01-31,5.519507,0.118649,0.432130,-0.313481
2015-02-01,5.522245,0.101574,0.430116,-0.328543
2015-02-02,5.524983,0.112968,0.428098,-0.315131
2015-02-03,5.527721,0.130483,0.426077,-0.295594
2015-02-04,5.530459,0.111363,0.424052,-0.312689
2015-02-05,5.533196,0.098439,0.422023,-0.323584
2015-02-06,5.535934,0.093715,0.419991,-0.326276
2015-02-07,5.538672,0.102308,0.417955,-0.315646
2015-02-08,5.541410,0.101601,0.415915,-0.314314
2015-02-09,5.544148,0.092417,0.413872,-0.321455
2015-02-10,5.546886,0.087047,0.411826,-0.324778
2015-02-11,5.549624,0.088413,0.409776,-0.321363
2015-02-12,5.552361,0.087950,0.407723,-0.319773
2015-02-13,5.555099,0.108977,0.405666,-0.296689
2015-02-14,5.557837,0.131185,0.403606,-0.272421
2015-02-15,5.560575,0.137297,0.401543,-0.264246
2015-02-16,5.563313,0.112686,0.399477,-0.286791
2015-02-17,5.566051,0.117632,0.397408,-0.279775
2015-02-18,5.568789,0.117377,0.395335,-0.277958
2015-02-19,5.571526,0.115161,0.393259,-0.278099
2015-02-20,5.574264,0.121713,0.391181,-0.269468
2015-02-21,5.577002,0.121338,0.389099,-0.267761
2015-02-22,5.579740,0.116253,0.387015,-0.270762
2015-02-23,5.582478,0.106718,0.384927,-0.278209
2015-02-24,5.585216,0.109088,0.382837,-0.273749
2015-02-25,5.587953,0.107396,0.380744,-0.273348
2015-02-26,5.590691,0.103917,0.378648,-0.274731
2015-02-27,5.593429,0.124480,0.376549,-0.252069
2015-02-28,5.596167,0.128388,0.374448,-0.246061
2015-03-01,5.598905,0.126859,0.372344,-0.245485
2015-03-02,5.601643,0.143902,0.370238,-0.226335
2015-03-03,5.604381,0.162572,0.368128,-0.205557
2015-03-04,5.607118,0.168591,0.366017,-0.197426
2015-03-05,5.609856,0.156169,0.363903,-0.207734
2015-03-06,5.612594,0.156095,0.361786,-0.205691
2015-03-07,5.615332,0.156127,0.359667,-0.203541
2015-03-08,5.618070,0.158211,0.357546,-0.199335
2015-03-09,5.620808,0.166667,0.355422,-0.188756
2015-03-10,5.623546,0.181356,0.353297,-0.171940
2015-03-11,5.626283,0.182817,0.351169,-0.168351
2015-03-12,5.629021,0.183204,0.349038,-0.165835
2015-03-13,5.631759,0.177879,0.346906,-0.169028
2015-03-14,5.634497,0.170527,0.344772,-0.174244
2015-03-15,5.637235,0.166572,0.342635,-0.176064
2015-03-16,5.639973,0.174536,0.340497,-0.165961
2015-03-17,5.642710,0.170196,0.338356,-0.168160
2015-03-18,5.645448,0.146068,0.336214,-0.190146
2015-03-19,5.648186,0.120561,0.334070,-0.213509
2015-03-20,5.650924,0.124400,0.331924,-0.207524
2015-03-21,5.653662,0.120432,0.329776,-0.209345
2015-03-22,5.656400,0.122372,0.327627,-0.205255
2015-03-23,5.659138,0.129846,0.325476,-0.195630
2015-03-24,5.661875,0.110709,0.323323,-0.212614
2015-03-25,5.664613,0.090935,0.321169,-0.230233
2015-03-26,5.667351,0.097556,0.319013,-0.221457
2015-03-27,5.670089,0.092809,0.316855,-0.224047
2015-03-28,5.672827,0.097468,0.314696,-0.217229
2015-03-29,5.675565,0.086867,0.312536,-0.225669
2015-03-30,5.678303,0.086506,0.310374,-0.223869
2015-03-31,5.681040,0.084602,0.308211,-0.223610
2015-04-01,5.683778,0.079615,0.306047,-0.226433
2015-04-02,5.686516,0.085331,0.303882,-0.218551
2015-04-03,5.689254,0.092450,0.301715,-0.209265
2015-04-04,5.691992,0.091976,0.299547,-0.207571
2015-04-05,5.694730,0.095913,0.297378,-0.201466
2015-04-06,5.697467,0.095558,0.295208,-0.199650
2015-04-07,5.700205,0.089071,0.293037,-0.203966
2015-04-08,5.702943,0.081028,0.290865,-0.209838
2015-04-09,5.705681,0.073437,0.288693,-0.215255
2015-04-10,5.708419,0.062479,0.286519,-0.224040
2015-04-11,5.711157,0.057887,0.284344,-0.226457
2015-04-12,5.713895,0.056144,0.282169,-0.226025
2015-04-13,5.716632,0.046106,0.279993,-0.233887
2015-04-14,5.719370,0.025532,0.277816,-0.252284
2015-04-15,5.722108,0.025552,0.275639,-0.250087
2015-04-16,5.724846,0.034186,0.273461,-0.239275
2015-04-17,5.727584,0.028172,0.271282,-0.243110
2015-04-18,5.730322,0.024281,0.269103,-0.244822
2015-04-19,5.733060,0.025694,0.266924,-0.241230
2015-04-20,5.735797,0.024334,0.264744,-0.240410
2015-04-21,5.738535,0.026560,0.262564,-0.236003
2015-04-22,5.741273,0.040949,0.260383,-0.219434
2015-04-23,5.744011,0.038825,0.258202,-0.219377
2015-04-24,5.746749,0.034157,0.256021,-0.221865
2015-04-25,5.749487,0.027049,0.253840,-0.226791
2015-04-26,5.752225,0.010311,0.251659,-0.241347
2015-04-27,5.754962,0.012523,0.249477,-0.236954
2015-04-28,5.757700,0.017315,0.247296,-0.229980
2015-04-29,5.760438,0.016153,0.245114,-0.228961
2015-04-30,5.763176,0.027297,0.242933,-0.215636
2015-05-01,5.765914,0.032595,0.240751,-0.208157
2015-05-02,5.768652,0.030042,0.238570,-0.208528
2015-05-03,5.771389,0.037154,0.236389,-0.199235
2015-05-04,5.774127,0.036506,0.234208,-0.197702
2015-05-05,5.776865,0.027615,0.232028,-0.204412
2015-05-06,5.779603,0.026348,0.229847,-0.203499
2015-05-07,5.782341,0.020853,0.227668,-0.206814
2015-05-08,5.785079,0.031397,0.225488,-0.194091
2015-05-09,5.787817,0.035853,0.223309,-0.187456
2015-05-10,5.790554,0.032948,0.221131,-0.188183
2015-05-11,5.793292,0.032674,0.218953,-0.186279
2015-05-12,5.796030,0.031924,0.216776,-0.184851
2015-05-13,5.798768,0.031868,0.214599,-0.182731
2015-05-14,5.801506,0.022353,0.212423,-0.190070
2015-05-15,5.804244,0.022433,0.210248,-0.187815
2015-05-16,5.806982,0.019853,0.208074,-0.188221
2015-05-17,5.809719,0.018022,0.205900,-0.187878
2015-05-18,5.812457,0.015650,0.203728,-0.188077
2015-05-19,5.815195,0.009984,0.201556,-0.191573
2015-05-20,5.817933,0.009297,0.199385,-0.190088
2015-05-21,5.820671,0.010832,0.197216,-0.186384
2015-05-22,5.823409,0.013298,0.195047,-0.181749
2015-05-23,5.826146,0.016552,0.192880,-0.176328
2015-05-24,5.828884,0.015149,0.190713,-0.175564
2015-05-25,5.831622,0.012039,0.188548,-0.176509
2015-05-26,5.834360,0.009033,0.186384,-0.177352
2015-05-27,5.837098,0.008111,0.184222,-0.176111
2015-05-28,5.839836,0.006817,0.182061,-0.175244
2015-05-29,5.842574,0.004806,0.179901,-0.175095
2015-05-30,5.845311,-0.000500,0.177743,-0.178242
2015-05-31,5.848049,-0.004019,0.175586,-0.179605
2015-06-01,5.850787,-0.014611,0.173431,-0.188042
2015-06-02,5.853525,-0.020210,0.171277,-0.191486
2015-06-03,5.856263,-0.018947,0.169125,-0.188072
2015-06-04,5.859001,-0.020317,0.166974,-0.187292
2015-06-05,5.861739,-0.023684,0.164826,-0.188510
2015-06-06,5.864476,-0.024803,0.162679,-0.187481
2015-06-07,5.867214,-0.026594,0.160534,-0.187128
2015-06-08,5.869952,-0.023962,0.158390,-0.182352
2015-06-09,5.872690,-0.019218,0.156249,-0.175467
2015-06-10,5.875428,-0.021430,0.154110,-0.175540
2015-06-11,5.878166,-0.021167,0.151972,-0.173139
2015-06-12,5.880903,-0.021618,0.149837,-0.171455
2015-06-13,5.883641,-0.021887,0.147704,-0.169591
2015-06-14,5.886379,-0.018933,0.145573,-0.164506
2015-06-15,5.889117,-0.016275,0.143444,-0.159719
2015-06-16,5.891855,-0.004589,0.141317,-0.145907
2015-06-17,5.894593,0.009461,0.139193,-0.129732
2015-06-18,5.897331,0.005386,0.137071,-0.131684
2015-06-19,5.900068,0.002978,0.134951,-0.131973
2015-06-20,5.902806,-0.004476,0.132834,-0.137310
2015-06-21,5.905544,-0.005867,0.130719,-0.136586
2015-06-22,5.908282,-0.004102,0.128607,-0.132708
2015-06-23,5.911020,-0.006225,0.126497,-0.132722
2015-06-24,5.913758,-0.011500,0.124390,-0.135890
2015-06-25,5.916496,-0.013393,0.122285,-0.135678
2015-06-26,5.919233,-0.013750,0.120184,-0.133933
2015-06-27,5.921971,-0.008915,0.118085,-0.127000
2015-06-28,5.924709,-0.004574,0.115988,-0.120563
2015-06-29,5.927447,0.001093,0.113895,-0.112802
2015-06-30,5.930185,0.016833,0.111804,-0.094972
2015-07-01,5.932923,0.010403,0.109717,-0.099314
2015-07-02,5.935661,0.005080,0.107632,-0.102552
2015-07-03,5.938398,0.001568,0.105550,-0.103983
2015-07-04,5.941136,0.002356,0.103472,-0.101116
2015-07-05,5.943874,0.012899,0.101396,-0.088497
2015-07-06,5.946612,0.023971,0.099324,-0.075353
2015-07-07,5.949350,0.017605,0.097255,-0.079650
2015-07-08,5.952088,0.018049,0.095189,-0.077140
2015-07-09,5.954825,0.019151,0.093126,-0.073975
2015-07-10,5.957563,0.036833,0.091067,-0.054234
2015-07-11,5.960301,0.050734,0.089011,-0.038277
2015-07-12,5.963039,0.068263,0.086959,-0.018695
2015-07-13,5.965777,0.054350,0.084910,-0.030560
2015-07-14,5.968515,0.048313,0.082864,-0.034551
2015-07-15,5.971253,0.045256,0.080822,-0.035566
2015-07-16,5.973990,0.031968,0.078784,-0.046816
2015-07-17,5.976728,0.024030,0.076749,-0.052719
2015-07-18,5.979466,0.023371,0.074718,-0.051347
2015-07-19,5.982204,0.018965,0.072691,-0.053726
2015-07-20,5.984942,0.019213,0.070667,-0.051454
2015-07-21,5.987680,0.021144,0.068648,-0.047504
2015-07-22,5.990418,0.016858,0.066632,-0.049774
2015-07-23,5.993155,0.016543,0.064620,-0.048077
2015-07-24,5.995893,0.025213,0.062612,-0.037399
2015-07-25,5.998631,0.032461,0.060608,-0.028147
2015-07-26,6.001369,0.034688,0.058608,-0.023920
2015-07-27,6.004107,0.035495,0.056612,-0.021117
2015-07-28,6.006845,0.037674,0.054621,-0.016947
2015-07-29,6.009582,0.031396,0.052633,-0.021237
2015-07-30,6.012320,0.026066,0.050650,-0.024584
2015-07-31,6.015058,0.021561,0.048671,-0.027110
2015-08-01,6.017796,0.015014,0.046696,-0.031682
2015-08-02,6.020534,0.012136,0.044726,-0.032590
2015-08-03,6.023272,0.015183,0.042760,-0.027576
2015-08-04,6.026010,0.015845,0.040798,-0.024953
2015-08-05,6.028747,0.013147,0.038841,-0.025694
2015-08-06,6.031485,0.007579,0.036888,-0.029310
2015-08-07,6.034223,0.004685,0.034940,-0.030255
2015-08-08,6.036961,-0.005096,0.032997,-0.038093
2015-08-09,6.039699,-0.021239,0.031058,-0.052298
2015-08-10,6.042437,-0.020502,0.029124,-0.049626
2015-08-11,6.045175,-0.018725,0.027195,-0.045920
2015-08-12,6.047912,-0.017226,0.025270,-0.042496
2015-08-13,6.050650,-0.023658,0.023351,-0.047009
2015-08-14,6.053388,-0.023779,0.021436,-0.045215
2015-08-15,6.056126,-0.024505,0.019526,-0.044031
2015-08-16,6.058864,-0.035012,0.017621,-0.052633
2015-08-17,6.061602,-0.038043,0.015721,-0.053764
2015-08-18,6.064339,-0.046061,0.013826,-0.059887
2015-08-19,6.067077,-0.086454,0.011936,-0.098391
2015-08-20,6.069815,-0.085613,0.010051,-0.095664
2015-08-21,6.072553,-0.085628,0.008172,-0.093800
2015-08-22,6.075291,-0.093391,0.006297,-0.099688
2015-08-23,6.078029,-0.095524,0.004428,-0.099953
2015-08-24,6.080767,-0.114513,0.002564,-0.117077
2015-08-25,6.083504,-0.123296,0.000706,-0.124002
2015-08-26,6.086242,-0.104719,-0.001147,-0.103572
2015-08-27,6.088980,-0.105746,-0.002995,-0.102751
2015-08-28,6.091718,-0.103018,-0.004837,-0.098180
2015-08-29,6.094456,-0.100175,-0.006674,-0.093501
2015-08-30,6.097194,-0.104081,-0.008505,-0.095576
2015-08-31,6.099932,-0.104414,-0.010331,-0.094083
2015-09-01,6.102669,-0.105732,-0.012151,-0.093581
2015-09-02,6.105407,-0.107221,-0.013966,-0.093256
2015-09-03,6.108145,-0.109628,-0.015775,-0.093854
2015-09-04,6.110883,-0.107511,-0.017578,-0.089933
2015-09-05,6.113621,-0.102693,-0.019375,-0.083318
2015-09-06,6.116359,-0.090059,-0.021166,-0.068893
2015-09-07,6.119097,-0.089637,-0.022952,-0.066685
2015-09-08,6.121834,-0.085656,-0.024732,-0.060924
2015-09-09,6.124572,-0.092083,-0.026505,-0.065578
2015-09-10,6.127310,-0.095995,-0.028273,-0.067721
2015-09-11,6.130048,-0.093905,-0.030035,-0.063870
2015-09-12,6.132786,-0.097125,-0.031791,-0.065335
2015-09-13,6.135524,-0.108354,-0.033540,-0.074813
2015-09-14,6.138261,-0.114089,-0.035284,-0.078805
2015-09-15,6.140999,-0.114600,-0.037021,-0.077579
2015-09-16,6.143737,-0.119441,-0.038752,-0.080688
2015-09-17,6.146475,-0.117662,-0.040477,-0.077185
2015-09-18,6.149213,-0.113570,-0.042196,-0.071374
2015-09-19,6.151951,-0.117213,-0.043908,-0.073304
2015-09-20,6.154689,-0.118975,-0.045614,-0.073360
2015-09-21,6.157426,-0.125936,-0.047314,-0.078622
2015-09-22,6.160164,-0.125067,-0.049007,-0.076060
2015-09-23,6.162902,-0.123207,-0.050694,-0.072513
2015-09-24,6.165640,-0.121597,-0.052374,-0.069223
2015-09-25,6.168378,-0.116824,-0.054047,-0.062776
2015-09-26,6.171116,-0.119703,-0.055714,-0.063989
2015-09-27,6.173854,-0.122443,-0.057375,-0.065068
2015-09-28,6.176591,-0.116161,-0.059028,-0.057132
2015-09-29,6.179329,-0.115961,-0.060676,-0.055286
2015-09-30,6.182067,-0.119051,-0.062316,-0.056735
2015-10-01,6.184805,-0.119466,-0.063949,-0.055517
2015-10-02,6.187543,-0.119591,-0.065576,-0.054015
2015-10-03,6.190281,-0.119382,-0.067196,-0.052186
2015-10-04,6.193018,-0.119344,-0.068809,-0.050535
2015-10-05,6.195756,-0.120379,-0.070415,-0.049964
2015-10-06,6.198494,-0.114579,-0.072014,-0.042564
2015-10-07,6.201232,-0.112160,-0.073606,-0.038553
2015-10-08,6.203970,-0.115010,-0.075192,-0.039818
2015-10-09,6.206708,-0.115068,-0.076770,-0.038298
2015-10-10,6.209446,-0.115183,-0.078341,-0.036843
2015-10-11,6.212183,-0.113725,-0.079904,-0.033821
2015-10-12,6.214921,-0.113760,-0.081461,-0.032299
2015-10-13,6.217659,-0.113156,-0.083011,-0.030145
2015-10-14,6.220397,-0.108344,-0.084553,-0.023791
2015-10-15,6.223135,-0.103997,-0.086088,-0.017909
2015-10-16,6.225873,-0.095736,-0.087616,-0.008120
2015-10-17,6.228611,-0.081771,-0.089136,0.007365
2015-10-18,6.231348,-0.086553,-0.090649,0.004096
2015-10-19,6.234086,-0.091769,-0.092155,0.000386
2015-10-20,6.236824,-0.086660,-0.093653,0.006993
2015-10-21,6.239562,-0.087099,-0.095143,0.008045
2015-10-22,6.242300,-0.081993,-0.096627,0.014634
2015-10-23,6.245038,-0.075117,-0.098102,0.022985
2015-10-24,6.247775,-0.071523,-0.099570,0.028047
2015-10-25,6.250513,-0.058330,-0.101031,0.042701
2015-10-26,6.253251,-0.065911,-0.102484,0.036573
2015-10-27,6.255989,-0.056062,-0.103929,0.047867
2015-10-28,6.258727,-0.044844,-0.105366,0.060523
2015-10-29,6.261465,-0.033956,-0.106796,0.072841
2015-10-30,6.264203,-0.013545,-0.108218,0.094673
2015-10-31,6.266940,-0.017478,-0.109632,0.092154
2015-11-01,6.269678,-0.024149,-0.111039,0.086889
2015-11-02,6.272416,-0.001854,-0.112437,0.110583
2015-11-03,6.275154,0.051934,-0.113828,0.165762
2015-11-04,6.277892,0.117465,-0.115210,0.232676
2015-11-05,6.280630,0.072479,-0.116585,0.189064
2015-11-06,6.283368,0.040505,-0.117952,0.158457
2015-11-07,6.286105,0.052304,-0.119311,0.171615
2015-11-08,6.288843,0.049375,-0.120661,0.170036
2015-11-09,6.291581,0.040116,-0.122004,0.162120
2015-11-10,6.294319,0.027936,-0.123338,0.151274
2015-11-11,6.297057,-0.034568,-0.124665,0.090097
2015-11-12,6.299795,-0.020081,-0.125983,0.105902
2015-11-13,6.302533,-0.012549,-0.127293,0.114744
2015-11-14,6.305270,-0.012909,-0.128595,0.115685
2015-11-15,6.308008,-0.021713,-0.129888,0.108175
2015-11-16,6.310746,-0.030273,-0.131174,0.100900
2015-11-17,6.313484,-0.016050,-0.132451,0.116401
2015-11-18,6.316222,-0.019141,-0.133719,0.114578
2015-11-19,6.318960,-0.023713,-0.134979,0.111267
2015-11-20,6.321697,-0.038188,-0.136231,0.098043
2015-11-21,6.324435,-0.033278,-0.137475,0.104196
2015-11-22,6.327173,-0.034878,-0.138710,0.103832
2015-11-23,6.329911,-0.037357,-0.139936,0.102579
2015-11-24,6.332649,-0.041333,-0.141154,0.099821
2015-11-25,6.335387,-0.039278,-0.142363,0.103085
2015-11-26,6.338125,-0.014104,-0.143564,0.129461
2015-11-27,6.340862,0.000644,-0.144757,0.145401
2015-11-28,6.343600,-0.000869,-0.145940,0.145072
2015-11-29,6.346338,0.004463,-0.147115,0.151578
2015-11-30,6.349076,0.021594,-0.148282,0.169875
2015-12-01,6.351814,0.010486,-0.149439,0.159925
2015-12-02,6.354552,-0.003399,-0.150588,0.147189
2015-12-03,6.357290,0.002967,-0.151728,0.154695
2015-12-04,6.360027,-0.000189,-0.152860,0.152670
2015-12-05,6.362765,0.014917,-0.153982,0.168900
2015-12-06,6.365503,0.034422,-0.155096,0.189518
2015-12-07,6.368241,0.033364,-0.156201,0.189566
2015-12-08,6.370979,0.034607,-0.157297,0.191904
2015-12-09,6.373717,0.056342,-0.158384,0.214727
2015-12-10,6.376454,0.061466,-0.159463,0.220928
2015-12-11,6.379192,0.071061,-0.160532,0.231593
2015-12-12,6.381930,0.070564,-0.161592,0.232156
2015-12-13,6.384668,0.071523,-0.162644,0.234166
2015-12-14,6.387406,0.075972,-0.163686,0.239658
2015-12-15,6.390144,0.089122,-0.164719,0.253842
2015-12-16,6.392882,0.088889,-0.165743,0.254632
2015-12-17,6.395619,0.086194,-0.166759,0.252952
2015-12-18,6.398357,0.095077,-0.167765,0.262842
2015-12-19,6.401095,0.091811,-0.168761,0.260572
2015-12-20,6.403833,0.082393,-0.169749,0.252143
2015-12-21,6.406571,0.067463,-0.170728,0.238191
2015-12-22,6.409309,0.067010,-0.171697,0.238707
2015-12-23,6.412047,0.067803,-0.172657,0.240460
2015-12-24,6.414784,0.079789,-0.173608,0.253397
2015-12-25,6.417522,0.079944,-0.174550,0.254493
2015-12-26,6.420260,0.055241,-0.175482,0.230723
2015-12-27,6.422998,0.042917,-0.176405,0.219322
2015-12-28,6.425736,0.047535,-0.177319,0.224854
2015-12-29,6.428474,0.047969,-0.178223,0.226192
2015-12-30,6.431211,0.050445,-0.179118,0.229563
2015-12-31,6.433949,0.046513,-0.180004,0.226517
2016-01-01,6.436687,0.051013,-0.180880,0.231893
2016-01-02,6.439425,0.051494,-0.181747,0.233241
2016-01-03,6.442163,0.045938,-0.182604,0.228542
2016-01-04,6.444901,0.047267,-0.183452,0.230719
2016-01-05,6.447639,0.047161,-0.184290,0.231451
2016-01-06,6.450376,0.044220,-0.185119,0.229339
2016-01-07,6.453114,0.060883,-0.185938,0.246821
2016-01-08,6.455852,0.066728,-0.186748,0.253476
2016-01-09,6.458590,0.061737,-0.187548,0.249285
2016-01-10,6.461328,0.055504,-0.188339,0.243844
2016-01-11,6.464066,0.056945,-0.189120,0.246065
2016-01-12,6.466804,0.055595,-0.189892,0.245486
2016-01-13,6.469541,0.037714,-0.190654,0.228368
2016-01-14,6.472279,0.037939,-0.191406,0.229344
2016-01-15,6.475017,0.008386,-0.192148,0.200535
2016-01-16,6.477755,-0.028594,-0.192881,0.164287
2016-01-17,6.480493,-0.014366,-0.193604,0.179238
2016-01-18,6.483231,-0.016685,-0.194318,0.177633
2016-01-19,6.485969,-0.017150,-0.195021,0.177871
2016-01-20,6.488706,-0.007084,-0.195715,0.188631
2016-01-21,6.491444,0.014908,-0.196400,0.211307
2016-01-22,6.494182,-0.008815,-0.197074,0.188259
2016-01-23,6.496920,-0.015261,-0.197739,0.182477
2016-01-24,6.499658,-0.008042,-0.198394,0.190352
2016-01-25,6.502396,-0.009711,-0.199039,0.189327
2016-01-26,6.505133,-0.012681,-0.199674,0.186993
2016-01-27,6.507871,-0.012609,-0.200299,0.187690
2016-01-28,6.510609,-0.025304,-0.200915,0.175611
2016-01-29,6.513347,-0.034929,-0.201520,0.166591
2016-01-30,6.516085,-0.033477,-0.202116,0.168639
2016-01-31,6.518823,-0.034842,-0.202702,0.167860
2016-02-01,6.521561,-0.040755,-0.203278,0.162523
2016-02-02,6.524298,-0.041332,-0.203844,0.162512
2016-02-03,6.527036,-0.045325,-0.204400,0.159075
2016-02-04,6.529774,-0.038946,-0.204946,0.166000
2016-02-05,6.532512,-0.030271,-0.205482,0.175211
2016-02-06,6.535250,-0.042085,-0.206008,0.163923
2016-02-07,6.537988,-0.043500,-0.206524,0.163024
2016-02-08,6.540726,-0.044881,-0.207030,0.162149
2016-02-09,6.543463,-0.048246,-0.207527,0.159281
2016-02-10,6.546201,-0.044344,-0.208013,0.163668
2016-02-11,6.548939,-0.044975,-0.208489,0.163514
2016-02-12,6.551677,-0.042757,-0.208955,0.166198
2016-02-13,6.554415,-0.035859,-0.209411,0.173552
2016-02-14,6.557153,-0.025545,-0.209857,0.184312
2016-02-15,6.559890,-0.022579,-0.210293,0.187714
2016-02-16,6.562628,-0.022215,-0.210719,0.188504
2016-02-17,6.565366,-0.012080,-0.211134,0.199054
2016-02-18,6.568104,-0.006864,-0.211540,0.204676
2016-02-19,6.570842,-0.007576,-0.211936,0.204360
2016-02-20,6.573580,0.001466,-0.212321,0.213787
2016-02-21,6.576318,0.008087,-0.212696,0.220784
2016-02-22,6.579055,0.005686,-0.213061,0.218747
2016-02-23,6.581793,-0.004164,-0.213416,0.209252
2016-02-24,6.584531,-0.011249,-0.213761,0.202512
2016-02-25,6.587269,-0.010031,-0.214096,0.204065
2016-02-26,6.590007,-0.009988,-0.214420,0.204432
2016-02-27,6.592745,-0.002808,-0.214735,0.211927
2016-02-28,6.595483,-0.006571,-0.215039,0.208468
2016-02-29,6.598220,-0.000438,-0.215333,0.214895
2016-03-01,6.600958,-0.003372,-0.215617,0.212245
2016-03-02,6.603696,-0.006744,-0.215890,0.209146
2016-03-03,6.606434,-0.018127,-0.216154,0.198027
2016-03-04,6.609172,-0.021296,-0.216407,0.195111
2016-03-05,6.611910,-0.039403,-0.216650,0.177246
2016-03-06,6.614648,-0.040133,-0.216883,0.176750
2016-03-07,6.617385,-0.034784,-0.217105,0.182321
2016-03-08,6.620123,-0.032458,-0.217317,0.184860
2016-03-09,6.622861,-0.033548,-0.217520,0.183972
2016-03-10,6.625599,-0.032503,-0.217711,0.185209
2016-03-11,6.628337,-0.027257,-0.217893,0.190636
2016-03-12,6.631075,-0.034016,-0.218064,0.184048
2016-03-13,6.633812,-0.036127,-0.218226,0.182098
2016-03-14,6.636550,-0.035530,-0.218376,0.182847
2016-03-15,6.639288,-0.034537,-0.218517,0.183980
2016-03-16,6.642026,-0.035682,-0.218647,0.182965
2016-03-17,6.644764,-0.033649,-0.218767,0.185118
2016-03-18,6.647502,-0.039675,-0.218877,0.179203
2016-03-19,6.650240,-0.045652,-0.218977,0.173325
2016-03-20,6.652977,-0.044013,-0.219066,0.175053
2016-03-21,6.655715,-0.045717,-0.219145,0.173429
2016-03-22,6.658453,-0.040775,-0.219214,0.178439
2016-03-23,6.661191,-0.040170,-0.219273,0.179102
2016-03-24,6.663929,-0.042398,-0.219321,0.176923
2016-03-25,6.666667,-0.043974,-0.219359,0.175385
2016-03-26,6.669405,-0.044257,-0.219387,0.175129
2016-03-27,6.672142,-0.041293,-0.219404,0.178111
2016-03-28,6.674880,-0.038661,-0.219411,0.180750
2016-03-29,6.677618,-0.044576,-0.219408,0.174832
2016-03-30,6.680356,-0.050765,-0.219395,0.168630
2016-03-31,6.683094,-0.049162,-0.219371,0.170209
2016-04-01,6.685832,-0.049969,-0.219337,0.169368
2016-04-02,6.688569,-0.047533,-0.219293,0.171760
2016-04-03,6.691307,-0.049083,-0.219239,0.170155
2016-04-04,6.694045,-0.049464,-0.219174,0.169710
2016-04-05,6.696783,-0.047484,-0.219099,0.171615
2016-04-06,6.699521,-0.048028,-0.219014,0.170986
2016-04-07,6.702259,-0.050070,-0.218918,0.168848
2016-04-08,6.704997,-0.050604,-0.218813,0.168208
2016-04-09,6.707734,-0.055311,-0.218697,0.163385
2016-04-10,6.710472,-0.053523,-0.218570,0.165048
2016-04-11,6.713210,-0.053471,-0.218434,0.164963
2016-04-12,6.715948,-0.050798,-0.218287,0.167490
2016-04-13,6.718686,-0.051500,-0.218130,0.166630
2016-04-14,6.721424,-0.053003,-0.217963,0.164960
2016-04-15,6.724162,-0.050930,-0.217786,0.166856
2016-04-16,6.726899,-0.049005,-0.217598,0.168593
2016-04-17,6.729637,-0.051891,-0.217400,0.165509
2016-04-18,6.732375,-0.052982,-0.217192,0.164211
2016-04-19,6.735113,-0.052513,-0.216974,0.164461
2016-04-20,6.737851,-0.044985,-0.216746,0.171761
2016-04-21,6.740589,-0.040068,-0.216507,0.176439
2016-04-22,6.743326,-0.038493,-0.216258,0.177766
2016-04-23,6.746064,-0.038855,-0.215999,0.177145
2016-04-24,6.748802,-0.033227,-0.215730,0.182503
2016-04-25,6.751540,-0.029279,-0.215451,0.186171
2016-04-26,6.754278,-0.025785,-0.215161,0.189376
2016-04-27,6.757016,-0.030526,-0.214862,0.184336
2016-04-28,6.759754,-0.044986,-0.214552,0.169566
2016-04-29,6.762491,-0.040707,-0.214232,0.173525
2016-04-30,6.765229,-0.039563,-0.213902,0.174339
2016-05-01,6.767967,-0.041898,-0.213562,0.171663
2016-05-02,6.770705,-0.046951,-0.213211,0.166260
2016-05-03,6.773443,-0.047466,-0.212851,0.165384
2016-05-04,6.776181,-0.047489,-0.212480,0.164992
2016-05-05,6.778919,-0.048738,-0.212100,0.163362
2016-05-06,6.781656,-0.045358,-0.211709,0.166351
2016-05-07,6.784394,-0.040377,-0.211308,0.170932
2016-05-08,6.787132,-0.041775,-0.210898,0.169123
2016-05-09,6.789870,-0.041247,-0.210477,0.169229
2016-05-10,6.792608,-0.044636,-0.210046,0.165410
2016-05-11,6.795346,-0.048656,-0.209605,0.160948
2016-05-12,6.798084,-0.051030,-0.209154,0.158123
2016-05-13,6.800821,-0.049049,-0.208693,0.159644
2016-05-14,6.803559,-0.049190,-0.208222,0.159032
2016-05-15,6.806297,-0.049397,-0.207741,0.158344
2016-05-16,6.809035,-0.050329,-0.207250,0.156922
2016-05-17,6.811773,-0.053768,-0.206749,0.152981
2016-05-18,6.814511,-0.054152,-0.206239,0.152087
2016-05-19,6.817248,-0.059925,-0.205718,0.145793
2016-05-20,6.819986,-0.068882,-0.205187,0.136306
2016-05-21,6.822724,-0.069136,-0.204647,0.135510
2016-05-22,6.825462,-0.070354,-0.204096,0.133743
2016-05-23,6.828200,-0.071127,-0.203536,0.132409
2016-05-24,6.830938,-0.068647,-0.202966,0.134319
2016-05-25,6.833676,-0.066562,-0.202386,0.135824
2016-05-26,6.836413,-0.064759,-0.201796,0.137037
2016-05-27,6.839151,-0.046890,-0.201196,0.154305
2016-05-28,6.841889,-0.025993,-0.200586,0.174593
2016-05-29,6.844627,-0.004339,-0.199967,0.195628
2016-05-30,6.847365,0.002719,-0.199338,0.202057
2016-05-31,6.850103,0.004130,-0.198699,0.202829
2016-06-01,6.852841,0.002504,-0.198050,0.200554
2016-06-02,6.855578,0.006096,-0.197392,0.203489
2016-06-03,6.858316,0.017203,-0.196724,0.213927
2016-06-04,6.861054,0.031561,-0.196046,0.227608
2016-06-05,6.863792,0.032566,-0.195359,0.227925
2016-06-06,6.866530,0.035438,-0.194662,0.230100
2016-06-07,6.869268,0.035462,-0.193955,0.229416
2016-06-08,6.872005,0.031969,-0.193238,0.225207
2016-06-09,6.874743,0.030384,-0.192512,0.222896
2016-06-10,6.877481,0.028651,-0.191776,0.220428
2016-06-11,6.880219,0.032772,-0.191031,0.223803
2016-06-12,6.882957,0.071649,-0.190276,0.261926
2016-06-13,6.885695,0.102484,-0.189512,0.291997
2016-06-14,6.888433,0.100958,-0.188738,0.289696
2016-06-15,6.891170,0.098446,-0.187955,0.286401
2016-06-16,6.893908,0.129778,-0.187162,0.316940
2016-06-17,6.896646,0.135007,-0.186359,0.321366
2016-06-18,6.899384,0.136271,-0.185548,0.321819
2016-06-19,6.902122,0.137414,-0.184726,0.322140
2016-06-20,6.904860,0.132357,-0.183896,0.316252
2016-06-21,6.907598,0.091204,-0.183055,0.274260
2016-06-22,6.910335,0.070652,-0.182206,0.252858
2016-06-23,6.913073,0.029831,-0.181347,0.211178
2016-06-24,6.915811,0.073479,-0.180479,0.253958
2016-06-25,6.918549,0.082558,-0.179601,0.262160
2016-06-26,6.921287,0.061483,-0.178715,0.240198
2016-06-27,6.924025,0.059628,-0.177819,0.237447
2016-06-28,6.926762,0.066168,-0.176913,0.243081
2016-06-29,6.929500,0.054209,-0.175999,0.230208
2016-06-30,6.932238,0.065547,-0.175075,0.240622
2016-07-01,6.934976,0.078885,-0.174142,0.253028
2016-07-02,6.937714,0.084971,-0.173200,0.258171
2016-07-03,6.940452,0.076147,-0.172249,0.248396
2016-07-04,6.943190,0.072364,-0.171288,0.243653
2016-07-05,6.945927,0.073405,-0.170319,0.243724
2016-07-06,6.948665,0.071889,-0.169341,0.241229
2016-07-07,6.951403,0.051343,-0.168353,0.219696
2016-07-08,6.954141,0.053850,-0.167356,0.221206
2016-07-09,6.956879,0.055969,-0.166351,0.222320
2016-07-10,6.959617,0.052342,-0.165336,0.217678
2016-07-11,6.962355,0.052215,-0.164313,0.216528
2016-07-12,6.965092,0.057774,-0.163280,0.221055
2016-07-13,6.967830,0.061124,-0.162239,0.223363
2016-07-14,6.970568,0.055839,-0.161189,0.217027
2016-07-15,6.973306,0.058659,-0.160129,0.218789
2016-07-16,6.976044,0.058150,-0.159062,0.217212
2016-07-17,6.978782,0.061161,-0.157985,0.219146
2016-07-18,6.981520,0.064390,-0.156899,0.221289
2016-07-19,6.984257,0.059932,-0.155805,0.215737
2016-07-20,6.986995,0.058363,-0.154702,0.213065
2016-07-21,6.989733,0.053426,-0.153590,0.207016
2016-07-22,6.992471,0.050816,-0.152470,0.203286
2016-07-23,6.995209,0.045533,-0.151341,0.196874
2016-07-24,6.997947,0.046778,-0.150203,0.196981
2016-07-25,7.000684,0.045480,-0.149057,0.194537
2016-07-26,7.003422,0.041927,-0.147902,0.189829
2016-07-27,7.006160,0.041981,-0.146739,0.188720
2016-07-28,7.008898,0.042115,-0.145567,0.187682
2016-07-29,7.011636,0.042018,-0.144387,0.186405
2016-07-30,7.014374,0.040623,-0.143198,0.183821
2016-07-31,7.017112,0.026789,-0.142001,0.168789
2016-08-01,7.019849,0.015181,-0.140795,0.155976
2016-08-02,7.022587,-0.005724,-0.139581,0.133857
2016-08-03,7.025325,-0.038024,-0.138359,0.100335
2016-08-04,7.028063,-0.022269,-0.137128,0.114859
2016-08-05,7.030801,-0.023335,-0.135889,0.112554
2016-08-06,7.033539,-0.021677,-0.134642,0.112965
2016-08-07,7.036277,-0.011064,-0.133386,0.122322
2016-08-08,7.039014,-0.012193,-0.132123,0.119930
2016-08-09,7.041752,-0.015227,-0.130851,0.115624
2016-08-10,7.044490,-0.013277,-0.129571,0.116294
2016-08-11,7.047228,-0.012748,-0.128283,0.115535
2016-08-12,7.049966,-0.017846,-0.126987,0.109141
2016-08-13,7.052704,-0.018617,-0.125683,0.107066
2016-08-14,7.055441,-0.027443,-0.124370,0.096927
2016-08-15,7.058179,-0.033351,-0.123050,0.089700
2016-08-16,7.060917,-0.032032,-0.121722,0.089691
2016-08-17,7.063655,-0.030944,-0.120386,0.089442
2016-08-18,7.066393,-0.032292,-0.119042,0.086750
2016-08-19,7.069131,-0.031989,-0.117690,0.085701
2016-08-20,7.071869,-0.031320,-0.116331,0.085011
2016-08-21,7.074606,-0.029511,-0.114963,0.085452
2016-08-22,7.077344,-0.027043,-0.113588,0.086546
2016-08-23,7.080082,-0.029084,-0.112205,0.083121
2016-08-24,7.082820,-0.032325,-0.110815,0.078490
2016-08-25,7.085558,-0.036802,-0.109417,0.072614
2016-08-26,7.088296,-0.036439,-0.108011,0.071572
2016-08-27,7.091034,-0.041015,-0.106597,0.065583
2016-08-28,7.093771,-0.043026,-0.105176,0.062151
2016-08-29,7.096509,-0.042284,-0.103748,0.061464
2016-08-30,7.099247,-0.039680,-0.102311,0.062631
2016-08-31,7.101985,-0.044576,-0.100868,0.056292
2016-09-01,7.104723,-0.046086,-0.099417,0.053331
2016-09-02,7.107461,-0.046559,-0.097959,0.051400
2016-09-03,7.110198,-0.042447,-0.096493,0.054046
2016-09-04,7.112936,-0.026212,-0.095020,0.068807
2016-09-05,7.115674,-0.025713,-0.093539,0.067827
2016-09-06,7.118412,-0.024853,-0.092052,0.067199
2016-09-07,7.121150,-0.023618,-0.090557,0.066939
2016-09-08,7.123888,-0.016731,-0.089055,0.072324
2016-09-09,7.126626,-0.016839,-0.087546,0.070707
2016-09-10,7.129363,-0.016350,-0.086029,0.069680
2016-09-11,7.132101,-0.019148,-0.084506,0.065358
2016-09-12,7.134839,-0.028416,-0.082976,0.054559
2016-09-13,7.137577,-0.028127,-0.081438,0.053311
2016-09-14,7.140315,-0.028062,-0.079894,0.051832
2016-09-15,7.143053,-0.029696,-0.078343,0.048646
2016-09-16,7.145791,-0.031682,-0.076784,0.045102
2016-09-17,7.148528,-0.033264,-0.075219,0.041955
2016-09-18,7.151266,-0.033599,-0.073647,0.040048
2016-09-19,7.154004,-0.033795,-0.072069,0.038274
2016-09-20,7.156742,-0.034822,-0.070483,0.035661
2016-09-21,7.159480,-0.042626,-0.068891,0.026265
2016-09-22,7.162218,-0.044844,-0.067292,0.022448
2016-09-23,7.164956,-0.044431,-0.065687,0.021256
2016-09-24,7.167693,-0.042922,-0.064075,0.021152
2016-09-25,7.170431,-0.045003,-0.062456,0.017453
2016-09-26,7.173169,-0.042721,-0.060831,0.018109
2016-09-27,7.175907,-0.043201,-0.059199,0.015998
2016-09-28,7.178645,-0.044531,-0.057561,0.013030
2016-09-29,7.181383,-0.045375,-0.055916,0.010541
2016-09-30,7.184120,-0.046511,-0.054265,0.007754
2016-10-01,7.186858,-0.042450,-0.052608,0.010158
2016-10-02,7.189596,-0.044408,-0.050945,0.006536
2016-10-03,7.192334,-0.045095,-0.049275,0.004180
2016-10-04,7.195072,-0.046736,-0.047599,0.000863
2016-10-05,7.197810,-0.045810,-0.045917,0.000106
2016-10-06,7.200548,-0.047023,-0.044228,-0.002795
2016-10-07,7.203285,-0.045986,-0.042534,-0.003452
2016-10-08,7.206023,-0.044728,-0.040833,-0.003894
2016-10-09,7.208761,-0.046677,-0.039127,-0.007551
2016-10-10,7.211499,-0.047246,-0.037414,-0.009832
2016-10-11,7.214237,-0.037693,-0.035696,-0.001998
2016-10-12,7.216975,-0.034665,-0.033971,-0.000694
2016-10-13,7.219713,-0.035857,-0.032241,-0.003616
2016-10-14,7.222450,-0.036191,-0.030505,-0.005686
2016-10-15,7.225188,-0.035517,-0.028763,-0.006754
2016-10-16,7.227926,-0.035770,-0.027016,-0.008754
2016-10-17,7.230664,-0.037644,-0.025263,-0.012381
2016-10-18,7.233402,-0.039762,-0.023504,-0.016258
2016-10-19,7.236140,-0.043841,-0.021739,-0.022102
2016-10-20,7.238877,-0.046762,-0.019969,-0.026793
2016-10-21,7.241615,-0.046280,-0.018193,-0.028086
2016-10-22,7.244353,-0.039875,-0.016412,-0.023463
2016-10-23,7.247091,-0.032835,-0.014626,-0.018209
2016-10-24,7.249829,-0.035870,-0.012834,-0.023037
2016-10-25,7.252567,-0.033661,-0.011036,-0.022625
2016-10-26,7.255305,-0.027872,-0.009234,-0.018639
2016-10-27,7.258042,-0.018304,-0.007426,-0.010878
2016-10-28,7.260780,-0.016315,-0.005613,-0.010702
2016-10-29,7.263518,-0.004634,-0.003794,-0.000840
2016-10-30,7.266256,-0.006812,-0.001971,-0.004841
2016-10-31,7.268994,-0.010238,-0.000142,-0.010096
2016-11-01,7.271732,0.002234,0.001692,0.000542
2016-11-02,7.274470,0.004637,0.003530,0.001106
2016-11-03,7.277207,0.002670,0.005374,-0.002705
2016-11-04,7.279945,-0.013602,0.007223,-0.020825
2016-11-05,7.282683,-0.011694,0.009076,-0.020771
2016-11-06,7.285421,-0.008883,0.010935,-0.019818
2016-11-07,7.288159,-0.012094,0.012798,-0.024893
2016-11-08,7.290897,-0.012001,0.014666,-0.026667
2016-11-09,7.293634,-0.001900,0.016539,-0.018439
2016-11-10,7.296372,-0.008784,0.018416,-0.027200
2016-11-11,7.299110,-0.009626,0.020298,-0.029924
2016-11-12,7.301848,-0.014052,0.022185,-0.036237
2016-11-13,7.304586,-0.022729,0.024076,-0.046806
2016-11-14,7.307324,-0.019950,0.025972,-0.045922
2016-11-15,7.310062,-0.015140,0.027872,-0.043012
2016-11-16,7.312799,-0.007086,0.029777,-0.036863
2016-11-17,7.315537,0.002032,0.031686,-0.029654
2016-11-18,7.318275,0.001234,0.033599,-0.032365
2016-11-19,7.321013,0.004189,0.035517,-0.031328
2016-11-20,7.323751,-0.001441,0.037438,-0.038879
2016-11-21,7.326489,-0.006150,0.039365,-0.045514
2016-11-22,7.329227,-0.002761,0.041295,-0.044056
2016-11-23,7.331964,-0.002955,0.043229,-0.046184
2016-11-24,7.334702,-0.006353,0.045167,-0.051520
2016-11-25,7.337440,-0.009288,0.047110,-0.056398
2016-11-26,7.340178,-0.010552,0.049056,-0.059608
2016-11-27,7.342916,-0.012194,0.051006,-0.063201
2016-11-28,7.345654,-0.007024,0.052961,-0.059984
2016-11-29,7.348392,-0.014015,0.054919,-0.068933
2016-11-30,7.351129,-0.011272,0.056880,-0.068152
2016-12-01,7.353867,-0.006701,0.058846,-0.065547
2016-12-02,7.356605,0.003555,0.060815,-0.057260
2016-12-03,7.359343,0.001377,0.062788,-0.061411
2016-12-04,7.362081,0.000162,0.064764,-0.064603
2016-12-05,7.364819,-0.005799,0.066744,-0.072543
2016-12-06,7.367556,-0.006147,0.068728,-0.074875
2016-12-07,7.370294,-0.003649,0.070715,-0.074364
2016-12-08,7.373032,-0.001467,0.072706,-0.074173
2016-12-09,7.375770,-0.001111,0.074699,-0.075810
2016-12-10,7.378508,0.000551,0.076697,-0.076146
2016-12-11,7.381246,-0.002650,0.078697,-0.081347
2016-12-12,7.383984,0.000360,0.080701,-0.080341
2016-12-13,7.386721,0.000508,0.082708,-0.082200
2016-12-14,7.389459,-0.000884,0.084718,-0.085602
2016-12-15,7.392197,-0.001751,0.086731,-0.088482
2016-12-16,7.394935,-0.001475,0.088747,-0.090222
2016-12-17,7.397673,0.002464,0.090766,-0.088303
2016-12-18,7.400411,0.001873,0.092789,-0.090916
2016-12-19,7.403149,0.001654,0.094814,-0.093159
2016-12-20,7.405886,0.001841,0.096842,-0.095001
2016-12-21,7.408624,0.012809,0.098873,-0.086064
2016-12-22,7.411362,0.034013,0.100906,-0.066893
2016-12-23,7.414100,0.054118,0.102942,-0.048824
2016-12-24,7.416838,0.055264,0.104981,-0.049718
2016-12-25,7.419576,0.041990,0.107023,-0.065033
2016-12-26,7.422313,0.053076,0.109067,-0.055991
2016-12-27,7.425051,0.060457,0.111114,-0.050657
2016-12-28,7.427789,0.077261,0.113163,-0.035902
2016-12-29,7.430527,0.081784,0.115215,-0.033431
2016-12-30,7.433265,0.073989,0.117269,-0.043280
2016-12-31,7.436003,0.075029,0.119325,-0.044297
2017-01-01,7.438741,0.082766,0.121384,-0.038618
2017-01-02,7.441478,0.098834,0.123445,-0.024611
2017-01-03,7.444216,0.100797,0.125508,-0.024712
2017-01-04,7.446954,0.123780,0.127574,-0.003793
2017-01-05,7.449692,0.109552,0.129641,-0.020089
2017-01-06,7.452430,0.058596,0.131711,-0.073115
2017-01-07,7.455168,0.027929,0.133783,-0.105853
2017-01-08,7.457906,0.048130,0.135856,-0.087726
2017-01-09,7.460643,0.037545,0.137932,-0.100386
2017-01-10,7.463381,0.041705,0.140009,-0.098304
2017-01-11,7.466119,0.012597,0.142088,-0.129491
2017-01-12,7.468857,-0.019963,0.144169,-0.164132
2017-01-13,7.471595,-0.008684,0.146252,-0.154936
2017-01-14,7.474333,0.000882,0.148336,-0.147454
2017-01-15,7.477070,-0.004301,0.150422,-0.154723
2017-01-16,7.479808,-0.000000,0.152510,-0.152510
2017-01-17,7.482546,0.023556,0.154599,-0.131044
2017-01-18,7.485284,0.027019,0.156690,-0.129671
2017-01-19,7.488022,0.030089,0.158782,-0.128693
2017-01-20,7.490760,0.030094,0.160875,-0.130781
2017-01-21,7.493498,0.039848,0.162970,-0.123122
2017-01-22,7.496235,0.041373,0.165067,-0.123693
2017-01-23,7.498973,0.039311,0.167164,-0.127853
2017-01-24,7.501711,0.032175,0.169263,-0.137087
2017-01-25,7.504449,0.025911,0.171362,-0.145451
2017-01-26,7.507187,0.030269,0.173463,-0.143194
2017-01-27,7.509925,0.034594,0.175565,-0.140971
2017-01-28,7.512663,0.034566,0.177668,-0.143102
2017-01-29,7.515400,0.033900,0.179772,-0.145872
2017-01-30,7.518138,0.032586,0.181877,-0.149292
2017-01-31,7.520876,0.042429,0.183983,-0.141554
2017-02-01,7.523614,0.055279,0.186090,-0.130810
2017-02-02,7.526352,0.063299,0.188197,-0.124898
2017-02-03,7.529090,0.071351,0.190305,-0.118954
2017-02-04,7.531828,0.072652,0.192414,-0.119762
2017-02-05,7.534565,0.073097,0.194523,-0.121426
2017-02-06,7.537303,0.072724,0.196633,-0.123909
2017-02-07,7.540041,0.079949,0.198744,-0.118795
2017-02-08,7.542779,0.084669,0.200855,-0.116186
2017-02-09,7.545517,0.071049,0.202966,-0.131917
2017-02-10,7.548255,0.051318,0.205078,-0.153760
2017-02-11,7.550992,0.063282,0.207191,-0.143908
2017-02-12,7.553730,0.061371,0.209303,-0.147932
2017-02-13,7.556468,0.058131,0.211416,-0.153284
2017-02-14,7.559206,0.061000,0.213529,-0.152529
2017-02-15,7.561944,0.061484,0.215642,-0.154158
2017-02-16,7.564682,0.067573,0.217755,-0.150182
2017-02-17,7.567420,0.074249,0.219868,-0.145620
2017-02-18,7.570157,0.079737,0.221982,-0.142245
2017-02-19,7.572895,0.076088,0.224095,-0.148007
2017-02-20,7.575633,0.077082,0.226208,-0.149126
2017-02-21,7.578371,0.092762,0.228321,-0.135560
2017-02-22,7.581109,0.100225,0.230434,-0.130209
2017-02-23,7.583847,0.108754,0.232547,-0.123792
2017-02-24,7.586585,0.121572,0.234659,-0.113087
2017-02-25,7.589322,0.115386,0.236771,-0.121385
2017-02-26,7.592060,0.112212,0.238883,-0.126671
2017-02-27,7.594798,0.119384,0.240994,-0.121610
2017-02-28,7.597536,0.121011,0.243105,-0.122094
2017-03-01,7.600274,0.126067,0.245215,-0.119149
2017-03-02,7.603012,0.136174,0.247325,-0.111151
2017-03-03,7.605749,0.147994,0.249434,-0.101440
2017-03-04,7.608487,0.146291,0.251542,-0.105252
2017-03-05,7.611225,0.142634,0.253650,-0.111016
2017-03-06,7.613963,0.145969,0.255757,-0.109788
2017-03-07,7.616701,0.138408,0.257863,-0.119455
2017-03-08,7.619439,0.117599,0.259969,-0.142369
2017-03-09,7.622177,0.109108,0.262073,-0.152965
2017-03-10,7.624914,0.117678,0.264177,-0.146499
2017-03-11,7.627652,0.105577,0.266279,-0.160702
2017-03-12,7.630390,0.114751,0.268381,-0.153630
2017-03-13,7.633128,0.126088,0.270481,-0.144393
2017-03-14,7.635866,0.128563,0.272580,-0.144017
2017-03-15,7.638604,0.131068,0.274678,-0.143611
2017-03-16,7.641342,0.120290,0.276775,-0.156485
2017-03-17,7.644079,0.086542,0.278871,-0.192329
2017-03-18,7.646817,0.046567,0.280965,-0.234398
2017-03-19,7.649555,0.038499,0.283058,-0.244559
2017-03-20,7.652293,0.046792,0.285149,-0.238358
2017-03-21,7.655031,0.065861,0.287239,-0.221378
2017-03-22,7.657769,0.053593,0.289328,-0.235735
2017-03-23,7.660507,0.047577,0.291415,-0.243837
2017-03-24,7.663244,0.025889,0.293500,-0.267612
2017-03-25,7.665982,-0.002775,0.295584,-0.298359
2017-03-26,7.668720,0.013445,0.297666,-0.284221
2017-03-27,7.671458,0.025867,0.299746,-0.273880
2017-03-28,7.674196,0.041671,0.301825,-0.260154
2017-03-29,7.676934,0.037031,0.303902,-0.266870
2017-03-30,7.679671,0.036933,0.305976,-0.269044
2017-03-31,7.682409,0.045025,0.308049,-0.263025
2017-04-01,7.685147,0.054087,0.310120,-0.256033
2017-04-02,7.687885,0.055815,0.312189,-0.256375
2017-04-03,7.690623,0.072863,0.314256,-0.241393
2017-04-04,7.693361,0.075692,0.316321,-0.240629
2017-04-05,7.696099,0.070778,0.318383,-0.247605
2017-04-06,7.698836,0.083299,0.320444,-0.237145
2017-04-07,7.701574,0.089947,0.322502,-0.232555
2017-04-08,7.704312,0.088294,0.324558,-0.236264
2017-04-09,7.707050,0.090896,0.326611,-0.235715
2017-04-10,7.709788,0.095501,0.328662,-0.233162
2017-04-11,7.712526,0.096857,0.330711,-0.233854
2017-04-12,7.715264,0.098044,0.332757,-0.234713
2017-04-13,7.718001,0.086284,0.334801,-0.248517
2017-04-14,7.720739,0.083643,0.336842,-0.253199
2017-04-15,7.723477,0.083637,0.338881,-0.255244
2017-04-16,7.726215,0.082364,0.340917,-0.258553
2017-04-17,7.728953,0.082998,0.342950,-0.259952
2017-04-18,7.731691,0.090332,0.344980,-0.254648
2017-04-19,7.734428,0.089869,0.347008,-0.257139
2017-04-20,7.737166,0.095205,0.349033,-0.253828
2017-04-21,7.739904,0.102466,0.351055,-0.248588
2017-04-22,7.742642,0.100597,0.353074,-0.252477
2017-04-23,7.745380,0.101097,0.355090,-0.253993
2017-04-24,7.748118,0.101736,0.357103,-0.255367
2017-04-25,7.750856,0.108078,0.359113,-0.251034
2017-04-26,7.753593,0.116573,0.361120,-0.244547
2017-04-27,7.756331,0.123533,0.363123,-0.239590
2017-04-28,7.759069,0.125150,0.365124,-0.239974
2017-04-29,7.761807,0.125064,0.367121,-0.242057
2017-04-30,7.764545,0.124634,0.369115,-0.244482
2017-05-01,7.767283,0.140599,0.371106,-0.230507
2017-05-02,7.770021,0.156426,0.373094,-0.216668
2017-05-03,7.772758,0.164408,0.375078,-0.210669
2017-05-04,7.775496,0.182926,0.377058,-0.194132
2017-05-05,7.778234,0.186928,0.379035,-0.192108
2017-05-06,7.780972,0.184091,0.381009,-0.196917
2017-05-07,7.783710,0.183748,0.382979,-0.199231
2017-05-08,7.786448,0.197936,0.384945,-0.187009
2017-05-09,7.789185,0.224031,0.386908,-0.162876
2017-05-10,7.791923,0.230705,0.388867,-0.158162
2017-05-11,7.794661,0.249316,0.390822,-0.141506
2017-05-12,7.797399,0.237667,0.392773,-0.155106
2017-05-13,7.800137,0.221232,0.394721,-0.173489
2017-05-14,7.802875,0.238336,0.396664,-0.158329
2017-05-15,7.805613,0.226633,0.398604,-0.171971
2017-05-16,7.808350,0.223124,0.400540,-0.177416
2017-05-17,7.811088,0.239877,0.402472,-0.162595
2017-05-18,7.813826,0.247705,0.404400,-0.156694
2017-05-19,7.816564,0.268342,0.406323,-0.137981
2017-05-20,7.819302,0.278870,0.408243,-0.129373
2017-05-21,7.822040,0.289073,0.410158,-0.121085
2017-05-22,7.824778,0.308236,0.412070,-0.103833
2017-05-23,7.827515,0.324415,0.413976,-0.089562
2017-05-24,7.830253,0.353047,0.415879,-0.062832
2017-05-25,7.832991,0.388782,0.417777,-0.028996
2017-05-26,7.835729,0.358289,0.419671,-0.061383
2017-05-27,7.838467,0.296452,0.421561,-0.125109
2017-05-28,7.841205,0.315976,0.423446,-0.107470
2017-05-29,7.843943,0.322840,0.425327,-0.102486
2017-05-30,7.846680,0.331440,0.427203,-0.095763
2017-05-31,7.849418,0.325041,0.429074,-0.104033
2017-06-01,7.852156,0.348424,0.430941,-0.082517
2017-06-02,7.854894,0.356051,0.432803,-0.076752
2017-06-03,7.857632,0.370418,0.434661,-0.064242
2017-06-04,7.860370,0.371553,0.436513,-0.064961
2017-06-05,7.863107,0.383311,0.438361,-0.055051
2017-06-06,7.865845,0.417730,0.440205,-0.022475
2017-06-07,7.868583,0.414850,0.442043,-0.027193
2017-06-08,7.871321,0.405584,0.443876,-0.038292
2017-06-09,7.874059,0.415956,0.445705,-0.029749
2017-06-10,7.876797,0.418697,0.447528,-0.028832
2017-06-11,7.879535,0.426922,0.449347,-0.022425
2017-06-12,7.882272,0.413164,0.451160,-0.037996
2017-06-13,7.885010,0.398317,0.452969,-0.054651
2017-06-14,7.887748,0.387912,0.454772,-0.066860
2017-06-15,7.890486,0.341472,0.456570,-0.115098
2017-06-16,7.893224,0.355850,0.458363,-0.102513
2017-06-17,7.895962,0.371958,0.460151,-0.088192
2017-06-18,7.898700,0.372681,0.461933,-0.089252
2017-06-19,7.901437,0.370531,0.463710,-0.093180
2017-06-20,7.904175,0.380595,0.465482,-0.084886
2017-06-21,7.906913,0.387999,0.467248,-0.079249
2017-06-22,7.909651,0.384984,0.469009,-0.084025
2017-06-23,7.912389,0.390691,0.470765,-0.080073
2017-06-24,7.915127,0.382272,0.472515,-0.090243
2017-06-25,7.917864,0.367303,0.474259,-0.106957
2017-06-26,7.920602,0.348273,0.475998,-0.127725
2017-06-27,7.923340,0.337681,0.477731,-0.140050
2017-06-28,7.926078,0.356905,0.479459,-0.122554
2017-06-29,7.928816,0.360480,0.481181,-0.120701
2017-06-30,7.931554,0.353596,0.482897,-0.129301
2017-07-01,7.934292,0.343054,0.484607,-0.141553
2017-07-02,7.937029,0.338795,0.486312,-0.147517
2017-07-03,7.939767,0.350770,0.488011,-0.137241
2017-07-04,7.942505,0.362828,0.489704,-0.126876
2017-07-05,7.945243,0.361459,0.491391,-0.129932
2017-07-06,7.947981,0.361404,0.493072,-0.131668
2017-07-07,7.950719,0.352390,0.494747,-0.142357
2017-07-08,7.953457,0.347109,0.496416,-0.149307
2017-07-09,7.956194,0.350461,0.498080,-0.147618
2017-07-10,7.958932,0.335500,0.499737,-0.164236
2017-07-11,7.961670,0.314467,0.501388,-0.186921
2017-07-12,7.964408,0.313169,0.503033,-0.189864
2017-07-13,7.967146,0.316152,0.504671,-0.188520
2017-07-14,7.969884,0.299502,0.506304,-0.206802
2017-07-15,7.972621,0.259019,0.507930,-0.248911
2017-07-16,7.975359,0.227294,0.509550,-0.282256
2017-07-17,7.978097,0.251521,0.511164,-0.259643
2017-07-18,7.980835,0.294269,0.512771,-0.218503
2017-07-19,7.983573,0.301386,0.514372,-0.212986
2017-07-20,7.986311,0.331634,0.515967,-0.184333
2017-07-21,7.989049,0.367524,0.517555,-0.150031
2017-07-22,7.991786,0.376329,0.519137,-0.142807
2017-07-23,7.994524,0.373734,0.520712,-0.146978
2017-07-24,7.997262,0.370966,0.522281,-0.151315
2017-07-25,8.000000,0.350713,0.523843,-0.173129
2017-07-26,8.002738,0.330128,0.525398,-0.195270
2017-07-27,8.005476,0.340362,0.526947,-0.186585
2017-07-28,8.008214,0.366006,0.528489,-0.162483
2017-07-29,8.010951,0.362362,0.530025,-0.167663
2017-07-30,8.013689,0.357232,0.531554,-0.174322
2017-07-31,8.016427,0.366812,0.533076,-0.166264
2017-08-01,8.019165,0.367132,0.534591,-0.167459
2017-08-02,8.021903,0.358766,0.536100,-0.177334
2017-08-03,8.024641,0.362230,0.537602,-0.175372
2017-08-04,8.027379,0.372941,0.539097,-0.166155
2017-08-05,8.030116,0.419589,0.540584,-0.120996
2017-08-06,8.032854,0.429958,0.542065,-0.112107
2017-08-07,8.035592,0.439708,0.543540,-0.103831
2017-08-08,8.038330,0.453640,0.545007,-0.091366
2017-08-09,8.041068,0.442175,0.546467,-0.104292
2017-08-10,8.043806,0.450727,0.547920,-0.097193
2017-08-11,8.046543,0.464495,0.549366,-0.084871
2017-08-12,8.049281,0.491777,0.550805,-0.059027
2017-08-13,8.052019,0.522819,0.552236,-0.029417
2017-08-14,8.054757,0.536882,0.553661,-0.016778
2017-08-15,8.057495,0.538627,0.555078,-0.016452
2017-08-16,8.060233,0.535308,0.556489,-0.021181
2017-08-17,8.062971,0.553471,0.557892,-0.004420
2017-08-18,8.065708,0.541003,0.559287,-0.018284
2017-08-19,8.068446,0.526158,0.560676,-0.034518
2017-08-20,8.071184,0.526907,0.562057,-0.035150
2017-08-21,8.073922,0.519830,0.563431,-0.043600
2017-08-22,8.076660,0.507345,0.564797,-0.057451
2017-08-23,8.079398,0.528538,0.566156,-0.037618
2017-08-24,8.082136,0.533158,0.567507,-0.034350
2017-08-25,8.084873,0.547529,0.568852,-0.021323
2017-08-26,8.087611,0.543287,0.570188,-0.026901
2017-08-27,8.090349,0.544994,0.571517,-0.026523
2017-08-28,8.093087,0.541483,0.572839,-0.031356
2017-08-29,8.095825,0.555391,0.574153,-0.018762
2017-08-30,8.098563,0.565479,0.575460,-0.009981
2017-08-31,8.101300,0.573076,0.576759,-0.003683
2017-09-01,8.104038,0.584406,0.578050,0.006356
2017-09-02,8.106776,0.574171,0.579334,-0.005162
2017-09-03,8.109514,0.565554,0.580609,-0.015055
2017-09-04,8.112252,0.550095,0.581878,-0.031783
2017-09-05,8.114990,0.534831,0.583138,-0.048307
2017-09-06,8.117728,0.559799,0.584391,-0.024593
2017-09-07,8.120465,0.562323,0.585636,-0.023313
2017-09-08,8.123203,0.552040,0.586873,-0.034834
2017-09-09,8.125941,0.535012,0.588103,-0.053091
2017-09-10,8.128679,0.524471,0.589325,-0.064854
2017-09-11,8.131417,0.524798,0.590538,-0.065741
2017-09-12,8.134155,0.526246,0.591744,-0.065499
2017-09-13,8.136893,0.492933,0.592942,-0.100009
2017-09-14,8.139630,0.455739,0.594132,-0.138393
2017-09-15,8.142368,0.429187,0.595314,-0.166128
2017-09-16,8.145106,0.466023,0.596489,-0.130466
2017-09-17,8.147844,0.457992,0.597655,-0.139663
2017-09-18,8.150582,0.488486,0.598813,-0.110327
2017-09-19,8.153320,0.489967,0.599963,-0.109996
2017-09-20,8.156057,0.485968,0.601105,-0.115138
2017-09-21,8.158795,0.469054,0.602239,-0.133186
2017-09-22,8.161533,0.448626,0.603365,-0.154739
2017-09-23,8.164271,0.457140,0.604483,-0.147343
2017-09-24,8.167009,0.454346,0.605593,-0.151247
2017-09-25,8.169747,0.467614,0.606695,-0.139080
2017-09-26,8.172485,0.477392,0.607788,-0.130396
2017-09-27,8.175222,0.489467,0.608873,-0.119406
2017-09-28,8.177960,0.504478,0.609950,-0.105472
2017-09-29,8.180698,0.499019,0.611019,-0.112000
2017-09-30,8.183436,0.511432,0.612080,-0.100648
2017-10-01,8.186174,0.514637,0.613132,-0.098495
2017-10-02,8.188912,0.523227,0.614176,-0.090949
2017-10-03,8.191650,0.513769,0.615212,-0.101442
2017-10-04,8.194387,0.505027,0.616239,-0.111212
2017-10-05,8.197125,0.506199,0.617258,-0.111060
2017-10-06,8.199863,0.515314,0.618269,-0.102956
2017-10-07,8.202601,0.513914,0.619272,-0.105358
2017-10-08,8.205339,0.527277,0.620266,-0.092989
2017-10-09,8.208077,0.540426,0.621251,-0.080825
2017-10-10,8.210815,0.555390,0.622229,-0.066839
2017-10-11,8.213552,0.552448,0.623197,-0.070749
2017-10-12,8.216290,0.579493,0.624158,-0.044665
2017-10-13,8.219028,0.617266,0.625110,-0.007843
2017-10-14,8.221766,0.621941,0.626053,-0.004112
2017-10-15,8.224504,0.618350,0.626988,-0.008638
2017-10-16,8.227242,0.621519,0.627915,-0.006396
2017-10-17,8.229979,0.617547,0.628833,-0.011286
2017-10-18,8.232717,0.601539,0.629742,-0.028203
2017-10-19,8.235455,0.617955,0.630643,-0.012688
2017-10-20,8.238193,0.627288,0.631535,-0.004248
2017-10-21,8.240931,0.646433,0.632419,0.014013
2017-10-22,8.243669,0.636388,0.633294,0.003094
2017-10-23,8.246407,0.633042,0.634161,-0.001119
2017-10-24,8.249144,0.616865,0.635019,-0.018154
2017-10-25,8.251882,0.606758,0.635868,-0.029110
2017-10-26,8.254620,0.627017,0.636709,-0.009692
2017-10-27,8.257358,0.626598,0.637541,-0.010943
2017-10-28,8.260096,0.620051,0.638364,-0.018313
2017-10-29,8.262834,0.626221,0.639179,-0.012959
2017-10-30,8.265572,0.643677,0.639985,0.003692
2017-10-31,8.268309,0.651645,0.640783,0.010863
2017-11-01,8.271047,0.669799,0.641571,0.028227
2017-11-02,8.273785,0.698924,0.642351,0.056573
2017-11-03,8.276523,0.714389,0.643122,0.071267
2017-11-04,8.279261,0.714300,0.643885,0.070415
2017-11-05,8.281999,0.725598,0.644639,0.080960
2017-11-06,8.284736,0.714062,0.645384,0.068679
2017-11-07,8.287474,0.705500,0.646120,0.059381
2017-11-08,8.290212,0.718864,0.646847,0.072017
2017-11-09,8.292950,0.711415,0.647566,0.063850
2017-11-10,8.295688,0.692042,0.648276,0.043766
2017-11-11,8.298426,0.665989,0.648977,0.017013
2017-11-12,8.301164,0.635023,0.649669,-0.014646
2017-11-13,8.303901,0.651311,0.650352,0.000958
2017-11-14,8.306639,0.667031,0.651027,0.016004
2017-11-15,8.309377,0.694757,0.651693,0.043065
2017-11-16,8.312115,0.717910,0.652350,0.065560
2017-11-17,8.314853,0.738117,0.652998,0.085120
2017-11-18,8.317591,0.730394,0.653637,0.076757
2017-11-19,8.320329,0.736247,0.654267,0.081980
2017-11-20,8.323066,0.750163,0.654889,0.095275
2017-11-21,8.325804,0.753015,0.655501,0.097514
2017-11-22,8.328542,0.750049,0.656105,0.093944
2017-11-23,8.331280,0.752709,0.656700,0.096010
2017-11-24,8.334018,0.750646,0.657285,0.093360
2017-11-25,8.336756,0.765665,0.657862,0.107802
2017-11-26,8.339493,0.793845,0.658431,0.135414
2017-11-27,8.342231,0.818789,0.658990,0.159800
2017-11-28,8.344969,0.829759,0.659540,0.170220
2017-11-29,8.347707,0.855715,0.660081,0.195634
2017-11-30,8.350445,0.833740,0.660614,0.173126
2017-12-01,8.353183,0.844264,0.661137,0.183127
2017-12-02,8.355921,0.872166,0.661652,0.210514
2017-12-03,8.358658,0.886318,0.662157,0.224161
2017-12-04,8.361396,0.887336,0.662654,0.224682
2017-12-05,8.364134,0.901067,0.663141,0.237926
2017-12-06,8.366872,0.933371,0.663620,0.269750
2017-12-07,8.369610,1.009758,0.664090,0.345668
2017-12-08,8.372348,1.028605,0.664551,0.364054
2017-12-09,8.375086,1.011762,0.665003,0.346759
2017-12-10,8.377823,0.991075,0.665446,0.325630
2017-12-11,8.380561,1.044268,0.665879,0.378389
2017-12-12,8.383299,1.054824,0.666304,0.388520
2017-12-13,8.386037,1.047098,0.666720,0.380378
2017-12-14,8.388775,1.042947,0.667127,0.375820
2017-12-15,8.391513,1.065093,0.667526,0.397568
2017-12-16,8.394251,1.084914,0.667915,0.416999
2017-12-17,8.396988,1.111055,0.668295,0.442760
2017-12-18,8.399726,1.097489,0.668666,0.428823
2017-12-19,8.402464,1.087655,0.669028,0.418627
2017-12-20,8.405202,1.048660,0.669381,0.379279
2017-12-21,8.407940,1.032419,0.669726,0.362694
2017-12-22,8.410678,0.964434,0.670061,0.294373
2017-12-23,8.413415,0.994918,0.670387,0.324531
2017-12-24,8.416153,0.959653,0.670704,0.288949
2017-12-25,8.418891,0.967541,0.671013,0.296529
2017-12-26,8.421629,1.005738,0.671312,0.334426
2017-12-27,8.424367,1.014667,0.671603,0.343065
2017-12-28,8.427105,0.978670,0.671884,0.306786
2017-12-29,8.429843,0.981449,0.672157,0.309292
2017-12-30,8.432580,0.940232,0.672420,0.267812
2017-12-31,8.435318,0.941806,0.672675,0.269132
2018-01-01,8.438056,0.949258,0.672920,0.276337
2018-01-02,8.440794,0.961058,0.673157,0.287901
2018-01-03,8.443532,0.990201,0.673385,0.316816
2018-01-04,8.446270,0.984720,0.673604,0.311116
2018-01-05,8.449008,1.013451,0.673814,0.339637
2018-01-06,8.451745,1.035514,0.674015,0.361499
2018-01-07,8.454483,1.032080,0.674207,0.357874
2018-01-08,8.457221,1.000475,0.674390,0.326085
2018-01-09,8.459959,0.987050,0.674564,0.312486
2018-01-10,8.462697,0.963207,0.674729,0.288478
2018-01-11,8.465435,0.950801,0.674885,0.275916
2018-01-12,8.468172,0.945452,0.675033,0.270419
2018-01-13,8.470910,0.962087,0.675171,0.286916
2018-01-14,8.473648,0.947282,0.675301,0.271981
2018-01-15,8.476386,0.949681,0.675422,0.274259
2018-01-16,8.479124,0.895570,0.675534,0.220037
2018-01-17,8.481862,0.834635,0.675637,0.158998
2018-01-18,8.484600,0.866207,0.675731,0.190476
2018-01-19,8.487337,0.866670,0.675816,0.190854
2018-01-20,8.490075,0.900910,0.675892,0.225017
2018-01-21,8.492813,0.880466,0.675960,0.204506
2018-01-22,8.495551,0.851764,0.676019,0.175745
2018-01-23,8.498289,0.832960,0.676069,0.156891
2018-01-24,8.501027,0.843363,0.676110,0.167254
2018-01-25,8.503765,0.853022,0.676142,0.176880
2018-01-26,8.506502,0.841811,0.676165,0.165646
2018-01-27,8.509240,0.849122,0.676180,0.172942
2018-01-28,8.511978,0.859044,0.676186,0.182859
2018-01-29,8.514716,0.846264,0.676183,0.170081
2018-01-30,8.517454,0.823630,0.676171,0.147459
2018-01-31,8.520192,0.796888,0.676151,0.120738
2018-02-01,8.522930,0.773719,0.676122,0.097597
2018-02-02,8.525667,0.726126,0.676084,0.050042
2018-02-03,8.528405,0.744441,0.676037,0.068404
2018-02-04,8.531143,0.734890,0.675982,0.058908
2018-02-05,8.533881,0.673465,0.675917,-0.002452
2018-02-06,8.536619,0.625604,0.675845,-0.050240
2018-02-07,8.539357,0.687204,0.675763,0.011441
2018-02-08,8.542094,0.702967,0.675673,0.027294
2018-02-09,8.544832,0.704462,0.675574,0.028888
2018-02-10,8.547570,0.721063,0.675467,0.045596
2018-02-11,8.550308,0.699213,0.675350,0.023862
2018-02-12,8.553046,0.717953,0.675226,0.042728
2018-02-13,8.555784,0.719155,0.675092,0.044062
2018-02-14,8.558522,0.737569,0.674950,0.062619
2018-02-15,8.561259,0.770811,0.674800,0.096012
2018-02-16,8.563997,0.782163,0.674641,0.107522
2018-02-17,8.566735,0.808590,0.674473,0.134117
2018-02-18,8.569473,0.810412,0.674297,0.136115
2018-02-19,8.572211,0.815175,0.674112,0.141064
2018-02-20,8.574949,0.839696,0.673918,0.165778
2018-02-21,8.577687,0.812985,0.673717,0.139269
2018-02-22,8.580424,0.790695,0.673506,0.117189
2018-02-23,8.583162,0.778260,0.673287,0.104973
2018-02-24,8.585900,0.774500,0.673060,0.101440
2018-02-25,8.588638,0.759231,0.672824,0.086407
2018-02-26,8.591376,0.770921,0.672580,0.098341
2018-02-27,8.594114,0.796873,0.672328,0.124546
2018-02-28,8.596851,0.799506,0.672066,0.127439
2018-03-01,8.599589,0.797993,0.671797,0.126196
2018-03-02,8.602327,0.812040,0.671519,0.140520
2018-03-03,8.605065,0.824895,0.671233,0.153662
2018-03-04,8.607803,0.820882,0.670939,0.149943
2018-03-05,8.610541,0.826354,0.670636,0.155718
2018-03-06,8.613279,0.810459,0.670325,0.140134
2018-03-07,8.616016,0.787783,0.670005,0.117777
2018-03-08,8.618754,0.757554,0.669678,0.087876
2018-03-09,8.621492,0.719961,0.669342,0.050619
2018-03-10,8.624230,0.733113,0.668998,0.064115
2018-03-11,8.626968,0.724204,0.668645,0.055558
2018-03-12,8.629706,0.740428,0.668285,0.072143
2018-03-13,8.632444,0.726914,0.667916,0.058998
2018-03-14,8.635181,0.709169,0.667539,0.041630
2018-03-15,8.637919,0.674092,0.667154,0.006938
2018-03-16,8.640657,0.681864,0.666761,0.015103
2018-03-17,8.643395,0.669241,0.666359,0.002881
2018-03-18,8.646133,0.646869,0.665950,-0.019080
2018-03-19,8.648871,0.681505,0.665532,0.015972
2018-03-20,8.651608,0.694784,0.665107,0.029677
2018-03-21,8.654346,0.712398,0.664673,0.047725
2018-03-22,8.657084,0.701472,0.664232,0.037240
2018-03-23,8.659822,0.688104,0.663782,0.024322
2018-03-24,8.662560,0.703078,0.663325,0.039753
2018-03-25,8.665298,0.687560,0.662859,0.024701
2018-03-26,8.668036,0.670602,0.662386,0.008216
2018-03-27,8.670773,0.656289,0.661904,-0.005615
2018-03-28,8.673511,0.653018,0.661415,-0.008397
2018-03-29,8.676249,0.636594,0.660918,-0.024324
2018-03-30,8.678987,0.592632,0.660413,-0.067781
2018-03-31,8.681725,0.597792,0.659900,-0.062109
2018-04-01,8.684463,0.584366,0.659380,-0.075014
2018-04-02,8.687201,0.594895,0.658852,-0.063956
2018-04-03,8.689938,0.614334,0.658316,-0.043982
2018-04-04,8.692676,0.599373,0.657772,-0.058399
2018-04-05,8.695414,0.578926,0.657220,-0.078294
2018-04-06,8.698152,0.570137,0.656661,-0.086524
2018-04-07,8.700890,0.583963,0.656094,-0.072131
2018-04-08,8.703628,0.589446,0.655520,-0.066074
2018-04-09,8.706366,0.582920,0.654938,-0.072018
2018-04-10,8.709103,0.575178,0.654348,-0.079170
2018-04-11,8.711841,0.580229,0.653751,-0.073521
2018-04-12,8.714579,0.607107,0.653146,-0.046039
2018-04-13,8.717317,0.643732,0.652533,-0.008801
2018-04-14,8.720055,0.644170,0.651914,-0.007743
2018-04-15,8.722793,0.653616,0.651286,0.002330
2018-04-16,8.725530,0.646596,0.650651,-0.004056
2018-04-17,8.728268,0.643837,0.650009,-0.006172
2018-04-18,8.731006,0.643748,0.649360,-0.005611
2018-04-19,8.733744,0.651155,0.648703,0.002453
2018-04-20,8.736482,0.661981,0.648038,0.013942
2018-04-21,8.739220,0.679758,0.647367,0.032391
2018-04-22,8.741958,0.683294,0.646688,0.036606
2018-04-23,8.744695,0.683575,0.646002,0.037574
2018-04-24,8.747433,0.700013,0.645308,0.054705
2018-04-25,8.750171,0.695869,0.644607,0.051261
2018-04-26,8.752909,0.680372,0.643900,0.036472
2018-04-27,8.755647,0.694320,0.643185,0.051135
2018-04-28,8.758385,0.694258,0.642462,0.051796
2018-04-29,8.761123,0.698744,0.641733,0.057011
2018-04-30,8.763860,0.695794,0.640997,0.054797
2018-05-01,8.766598,0.681793,0.640253,0.041539
2018-05-02,8.769336,0.686066,0.639503,0.046563
2018-05-03,8.772074,0.697190,0.638746,0.058444
2018-05-04,8.774812,0.709662,0.637981,0.071680
2018-05-05,8.777550,0.715902,0.637210,0.078692
2018-05-06,8.780287,0.706963,0.636432,0.070531
2018-05-07,8.783025,0.694321,0.635646,0.058674
2018-05-08,8.785763,0.690012,0.634854,0.055157
2018-05-09,8.788501,0.685959,0.634056,0.051904
2018-05-10,8.791239,0.688510,0.633250,0.055260
2018-05-11,8.793977,0.661920,0.632438,0.029482
2018-05-12,8.796715,0.647465,0.631618,0.015846
2018-05-13,8.799452,0.653012,0.630793,0.022220
2018-05-14,8.802190,0.652618,0.629960,0.022658
2018-05-15,8.804928,0.654209,0.629121,0.025088
2018-05-16,8.807666,0.635999,0.628275,0.007724
2018-05-17,8.810404,0.634690,0.627423,0.007267
2018-05-18,8.813142,0.624938,0.626564,-0.001625
2018-05-19,8.815880,0.631938,0.625698,0.006240
2018-05-20,8.818617,0.637009,0.624826,0.012183
2018-05-21,8.821355,0.640991,0.623947,0.017043
2018-05-22,8.824093,0.628962,0.623063,0.005899
2018-05-23,8.826831,0.604887,0.622171,-0.017284
2018-05-24,8.829569,0.590033,0.621273,-0.031240
2018-05-25,8.832307,0.585555,0.620369,-0.034814
2018-05-26,8.835044,0.585049,0.619459,-0.034410
2018-05-27,8.837782,0.575125,0.618542,-0.043417
2018-05-28,8.840520,0.570470,0.617619,-0.047149
2018-05-29,8.843258,0.572230,0.616690,-0.044461
2018-05-30,8.845996,0.579652,0.615755,-0.036103
2018-05-31,8.848734,0.582328,0.614813,-0.032486
2018-06-01,8.851472,0.580589,0.613866,-0.033276
2018-06-02,8.854209,0.586411,0.612912,-0.026501
2018-06-03,8.856947,0.590790,0.611952,-0.021162
2018-06-04,8.859685,0.583367,0.610986,-0.027620
2018-06-05,8.862423,0.578125,0.610014,-0.031890
2018-06-06,8.865161,0.583722,0.609036,-0.025315
2018-06-07,8.867899,0.587795,0.608053,-0.020257
2018-06-08,8.870637,0.584020,0.607063,-0.023043
2018-06-09,8.873374,0.583218,0.606068,-0.022850
2018-06-10,8.876112,0.554323,0.605066,-0.050743
2018-06-11,8.878850,0.530265,0.604059,-0.073794
2018-06-12,8.881588,0.529140,0.603046,-0.073906
2018-06-13,8.884326,0.508270,0.602027,-0.093757
2018-06-14,8.887064,0.511083,0.601003,-0.089921
2018-06-15,8.889802,0.513628,0.599973,-0.086345
2018-06-16,8.892539,0.507659,0.598937,-0.091279
2018-06-17,8.895277,0.509550,0.597896,-0.088347
2018-06-18,8.898015,0.510078,0.596849,-0.086772
2018-06-19,8.900753,0.521388,0.595797,-0.074409
2018-06-20,8.903491,0.517952,0.594739,-0.076788
2018-06-21,8.906229,0.520375,0.593676,-0.073301
2018-06-22,8.908966,0.495861,0.592607,-0.096747
2018-06-23,8.911704,0.480775,0.591533,-0.110758
2018-06-24,8.914442,0.472515,0.590454,-0.117939
2018-06-25,8.917180,0.483866,0.589369,-0.105503
2018-06-26,8.919918,0.482779,0.588279,-0.105501
2018-06-27,8.922656,0.474663,0.587184,-0.112521
2018-06-28,8.925394,0.472603,0.586083,-0.113480
2018-06-29,8.928131,0.460431,0.584978,-0.124547
2018-06-30,8.930869,0.491053,0.583867,-0.092814
2018-07-01,8.933607,0.489103,0.582751,-0.093648
2018-07-02,8.936345,0.495358,0.581630,-0.086273
2018-07-03,8.939083,0.503899,0.580504,-0.076605
2018-07-04,8.941821,0.501901,0.579373,-0.077472
2018-07-05,8.944559,0.502302,0.578237,-0.075935
2018-07-06,8.947296,0.499335,0.577096,-0.077761
2018-07-07,8.950034,0.500683,0.575951,-0.075268
2018-07-08,8.952772,0.509707,0.574800,-0.065093
2018-07-09,8.955510,0.507377,0.573645,-0.066268
2018-07-10,8.958248,0.492855,0.572485,-0.079630
2018-07-11,8.960986,0.483811,0.571320,-0.087508
2018-07-12,8.963723,0.473328,0.570150,-0.096822
2018-07-13,8.966461,0.473096,0.568976,-0.095880
2018-07-14,8.969199,0.471822,0.567797,-0.095975
2018-07-15,8.971937,0.476667,0.566613,-0.089946
2018-07-16,8.974675,0.489487,0.565425,-0.075938
2018-07-17,8.977413,0.511715,0.564233,-0.052518
2018-07-18,8.980151,0.542999,0.563036,-0.020037
2018-07-19,8.982888,0.541738,0.561834,-0.020096
2018-07-20,8.985626,0.543029,0.560629,-0.017599
2018-07-21,8.988364,0.538259,0.559418,-0.021160
2018-07-22,8.991102,0.543174,0.558204,-0.015030
2018-07-23,8.993840,0.555446,0.556985,-0.001539
2018-07-24,8.996578,0.576635,0.555762,0.020873
2018-07-25,8.999316,0.585261,0.554535,0.030726
2018-07-26,9.002053,0.581564,0.553303,0.028261
2018-07-27,9.004791,0.571609,0.552068,0.019541
2018-07-28,9.007529,0.579435,0.550828,0.028606
2018-07-29,9.010267,0.580099,0.549585,0.030514
2018-07-30,9.013005,0.575946,0.548337,0.027609
2018-07-31,9.015743,0.563722,0.547085,0.016637
2018-08-01,9.018480,0.544196,0.545830,-0.001633
2018-08-02,9.021218,0.544446,0.544570,-0.000124
2018-08-03,9.023956,0.532443,0.543307,-0.010863
2018-08-04,9.026694,0.522993,0.542039,-0.019047
2018-08-05,9.029432,0.507133,0.540768,-0.033636
2018-08-06,9.032170,0.505822,0.539494,-0.033671
2018-08-07,9.034908,0.505020,0.538215,-0.033195
2018-08-08,9.037645,0.469328,0.536933,-0.067605
2018-08-09,9.040383,0.465450,0.535648,-0.070197
2018-08-10,9.043121,0.463535,0.534358,-0.070823
2018-08-11,9.045859,0.450470,0.533066,-0.082596
2018-08-12,9.048597,0.457898,0.531769,-0.073872
2018-08-13,9.051335,0.459759,0.530469,-0.070711
2018-08-14,9.054073,0.439347,0.529166,-0.089819
2018-08-15,9.056810,0.459352,0.527860,-0.068508
2018-08-16,9.059548,0.456795,0.526550,-0.069755
2018-08-17,9.062286,0.464328,0.525237,-0.060908
2018-08-18,9.065024,0.462381,0.523920,-0.061539
2018-08-19,9.067762,0.458670,0.522600,-0.063930
2018-08-20,9.070500,0.461067,0.521277,-0.060210
2018-08-21,9.073238,0.457558,0.519951,-0.062394
2018-08-22,9.075975,0.468347,0.518622,-0.050276
2018-08-23,9.078713,0.458417,0.517290,-0.058873
2018-08-24,9.081451,0.465602,0.515955,-0.050353
2018-08-25,9.084189,0.475259,0.514617,-0.039358
2018-08-26,9.086927,0.471567,0.513276,-0.041709
2018-08-27,9.089665,0.473650,0.511932,-0.038282
2018-08-28,9.092402,0.490024,0.510585,-0.020561
2018-08-29,9.095140,0.493304,0.509235,-0.015931
2018-08-30,9.097878,0.485436,0.507883,-0.022446
2018-08-31,9.100616,0.487688,0.506527,-0.018839
2018-09-01,9.103354,0.494669,0.505169,-0.010501
2018-09-02,9.106092,0.502227,0.503809,-0.001581
2018-09-03,9.108830,0.502636,0.502446,0.000190
2018-09-04,9.111567,0.505703,0.501080,0.004623
2018-09-05,9.114305,0.493394,0.499712,-0.006318
2018-09-06,9.117043,0.449101,0.498341,-0.049240
2018-09-07,9.119781,0.450010,0.496968,-0.046957
2018-09-08,9.122519,0.443757,0.495592,-0.051836
2018-09-09,9.125257,0.438526,0.494214,-0.055688
2018-09-10,9.127995,0.437587,0.492834,-0.055247
2018-09-11,9.130732,0.436777,0.491451,-0.054675
2018-09-12,9.133470,0.434570,0.490067,-0.055497
2018-09-13,9.136208,0.445260,0.488680,-0.043420
2018-09-14,9.138946,0.447849,0.487291,-0.039441
2018-09-15,9.141684,0.448356,0.485899,-0.037543
2018-09-16,9.144422,0.445596,0.484506,-0.038910
2018-09-17,9.147159,0.439288,0.483111,-0.043823
2018-09-18,9.149897,0.431960,0.481713,-0.049753
2018-09-19,9.152635,0.433794,0.480314,-0.046519
2018-09-20,9.155373,0.438158,0.478913,-0.040754
2018-09-21,9.158111,0.453640,0.477510,-0.023870
2018-09-22,9.160849,0.456065,0.476105,-0.020040
2018-09-23,9.163587,0.455368,0.474698,-0.019330
2018-09-24,9.166324,0.450190,0.473290,-0.023100
2018-09-25,9.169062,0.435224,0.471879,-0.036656
2018-09-26,9.171800,0.437749,0.470468,-0.032719
2018-09-27,9.174538,0.441098,0.469054,-0.027957
2018-09-28,9.177276,0.449744,0.467639,-0.017895
2018-09-29,9.180014,0.441525,0.466223,-0.024698
2018-09-30,9.182752,0.443238,0.464805,-0.021567
2018-10-01,9.185489,0.442388,0.463385,-0.020997
2018-10-02,9.188227,0.439821,0.461964,-0.022143
2018-10-03,9.190965,0.433332,0.460542,-0.027210
2018-10-04,9.193703,0.438813,0.459119,-0.020306
2018-10-05,9.196441,0.438220,0.457694,-0.019474
2018-10-06,9.199179,0.438026,0.456268,-0.018241
2018-10-07,9.201916,0.436168,0.454841,-0.018673
2018-10-08,9.204654,0.438878,0.453412,-0.014534
2018-10-09,9.207392,0.438392,0.451983,-0.013591
2018-10-10,9.210130,0.433915,0.450552,-0.016637
2018-10-11,9.212868,0.413800,0.449120,-0.035321
2018-10-12,9.215606,0.412551,0.447688,-0.035137
2018-10-13,9.218344,0.411870,0.446254,-0.034384
2018-10-14,9.221081,0.413433,0.444820,-0.031387
2018-10-15,9.223819,0.425251,0.443385,-0.018134
2018-10-16,9.226557,0.428208,0.441948,-0.013741
2018-10-17,9.229295,0.427377,0.440512,-0.013134
2018-10-18,9.232033,0.425805,0.439074,-0.013269
2018-10-19,9.234771,0.421403,0.437636,-0.016233
2018-10-20,9.237509,0.421055,0.436197,-0.015141
2018-10-21,9.240246,0.422747,0.434757,-0.012010
2018-10-22,9.242984,0.420121,0.433317,-0.013196
2018-10-23,9.245722,0.418774,0.431876,-0.013102
2018-10-24,9.248460,0.419950,0.430435,-0.010484
2018-10-25,9.251198,0.417683,0.428993,-0.011311
2018-10-26,9.253936,0.416874,0.427551,-0.010677
2018-10-27,9.256674,0.416223,0.426109,-0.009886
2018-10-28,9.259411,0.415093,0.424666,-0.009573
2018-10-29,9.262149,0.409673,0.423223,-0.013551
2018-10-30,9.264887,0.404587,0.421780,-0.017193
2018-10-31,9.267625,0.404298,0.420337,-0.016038
2018-11-01,9.270363,0.405724,0.418893,-0.013169
2018-11-02,9.273101,0.407642,0.417449,-0.009807
2018-11-03,9.275838,0.405495,0.416006,-0.010511
2018-11-04,9.278576,0.406655,0.414562,-0.007907
2018-11-05,9.281314,0.408412,0.413118,-0.004706
2018-11-06,9.284052,0.408177,0.411675,-0.003497
2018-11-07,9.286790,0.413580,0.410231,0.003349
2018-11-08,9.289528,0.409512,0.408788,0.000724
2018-11-09,9.292266,0.403841,0.407344,-0.003503
2018-11-10,9.295003,0.402636,0.405901,-0.003265
2018-11-11,9.297741,0.400780,0.404458,-0.003679
2018-11-12,9.300479,0.401002,0.403016,-0.002014
2018-11-13,9.303217,0.397346,0.401574,-0.004228
2018-11-14,9.305955,0.379477,0.400132,-0.020655
2018-11-15,9.308693,0.340264,0.398691,-0.058427
2018-11-16,9.311431,0.341434,0.397250,-0.055816
2018-11-17,9.314168,0.336691,0.395810,-0.059119
2018-11-18,9.316906,0.339385,0.394370,-0.054985
2018-11-19,9.319644,0.311152,0.392931,-0.081779
2018-11-20,9.322382,0.252187,0.391492,-0.139305
2018-11-21,9.325120,0.243766,0.390055,-0.146288
2018-11-22,9.327858,0.244090,0.388617,-0.144528
2018-11-23,9.330595,0.222147,0.387181,-0.165034
2018-11-24,9.333333,0.216755,0.385746,-0.168991
2018-11-25,9.336071,0.168238,0.384311,-0.216072
2018-11-26,9.338809,0.177624,0.382877,-0.205253
2018-11-27,9.341547,0.159934,0.381444,-0.221510
2018-11-28,9.344285,0.197894,0.380012,-0.182119
2018-11-29,9.347023,0.213523,0.378581,-0.165058
2018-11-30,9.349760,0.197756,0.377151,-0.179395
2018-12-01,9.352498,0.197376,0.375723,-0.178347
2018-12-02,9.355236,0.201545,0.374295,-0.172750
2018-12-03,9.357974,0.180208,0.372868,-0.192660
2018-12-04,9.360712,0.177026,0.371443,-0.194417
2018-12-05,9.363450,0.165151,0.370019,-0.204868
2018-12-06,9.366188,0.152296,0.368596,-0.216300
2018-12-07,9.368925,0.110610,0.367175,-0.256564
2018-12-08,9.371663,0.112741,0.365755,-0.253014
2018-12-09,9.374401,0.123291,0.364336,-0.241045
2018-12-10,9.377139,0.122366,0.362919,-0.240553
2018-12-11,9.379877,0.108769,0.361503,-0.252734
2018-12-12,9.382615,0.112170,0.360089,-0.247919
2018-12-13,9.385352,0.106655,0.358676,-0.252022
2018-12-14,9.388090,0.089470,0.357265,-0.267795
2018-12-15,9.390828,0.081325,0.355856,-0.274531
2018-12-16,9.393566,0.085769,0.354448,-0.268679
2018-12-17,9.396304,0.100460,0.353042,-0.252582
2018-12-18,9.399042,0.121055,0.351638,-0.230583
2018-12-19,9.401780,0.148917,0.350236,-0.201318
2018-12-20,9.404517,0.168182,0.348835,-0.180653
2018-12-21,9.407255,0.172966,0.347436,-0.174470
2018-12-22,9.409993,0.159756,0.346040,-0.186284
2018-12-23,9.412731,0.172627,0.344645,-0.172017
2018-12-24,9.415469,0.187481,0.343252,-0.155771
2018-12-25,9.418207,0.149033,0.341861,-0.192828
2018-12-26,9.420945,0.149709,0.340473,-0.190763
2018-12-27,9.423682,0.142205,0.339086,-0.196881
2018-12-28,9.426420,0.139901,0.337702,-0.197800
2018-12-29,9.429158,0.157564,0.336319,-0.178755
2018-12-30,9.431896,0.147895,0.334939,-0.187044
2018-12-31,9.434634,0.143837,0.333562,-0.189725
2019-01-01,9.437372,0.137504,0.332186,-0.194683
2019-01-02,9.440110,0.150244,0.330813,-0.180569
2019-01-03,9.442847,0.149694,0.329443,-0.179749
2019-01-04,9.445585,0.144134,0.328075,-0.183940
2019-01-05,9.448323,0.148630,0.326709,-0.178079
2019-01-06,9.451061,0.152198,0.325345,-0.173148
2019-01-07,9.453799,0.166992,0.323985,-0.156993
2019-01-08,9.456537,0.164754,0.322627,-0.157873
2019-01-09,9.459274,0.164428,0.321271,-0.156843
2019-01-10,9.462012,0.140311,0.319918,-0.179608
2019-01-11,9.464750,0.121935,0.318568,-0.196633
2019-01-12,9.467488,0.120051,0.317221,-0.197170
2019-01-13,9.470226,0.113913,0.315876,-0.201963
2019-01-14,9.472964,0.113148,0.314534,-0.201386
2019-01-15,9.475702,0.119376,0.313195,-0.193819
2019-01-16,9.478439,0.114360,0.311859,-0.197499
2019-01-17,9.481177,0.113360,0.310526,-0.197166
2019-01-18,9.483915,0.114253,0.309195,-0.194942
2019-01-19,9.486653,0.120080,0.307868,-0.187788
2019-01-20,9.489391,0.111660,0.306544,-0.194883
2019-01-21,9.492129,0.102465,0.305222,-0.202757
2019-01-22,9.494867,0.103650,0.303904,-0.200254
2019-01-23,9.497604,0.105105,0.302589,-0.197484
2019-01-24,9.500342,0.102622,0.301277,-0.198655
2019-01-25,9.503080,0.102243,0.299969,-0.197725
2019-01-26,9.505818,0.103686,0.298663,-0.194977
2019-01-27,9.508556,0.099575,0.297361,-0.197786
2019-01-28,9.511294,0.085982,0.296062,-0.210080
2019-01-29,9.514031,0.080291,0.294767,-0.214475
2019-01-30,9.516769,0.082847,0.293475,-0.210627
2019-01-31,9.519507,0.082385,0.292186,-0.209801
2019-02-01,9.522245,0.080782,0.290901,-0.210119
2019-02-02,9.524983,0.082169,0.289619,-0.207450
2019-02-03,9.527721,0.080671,0.288341,-0.207670
2019-02-04,9.530459,0.078767,0.287066,-0.208299
2019-02-05,9.533196,0.078841,0.285795,-0.206954
2019-02-06,9.535934,0.072489,0.284527,-0.212039
2019-02-07,9.538672,0.071304,0.283264,-0.211960
2019-02-08,9.541410,0.082109,0.282004,-0.199895
2019-02-09,9.544148,0.100169,0.280747,-0.180578
2019-02-10,9.546886,0.098664,0.279495,-0.180830
2019-02-11,9.549624,0.096801,0.278246,-0.181445
2019-02-12,9.552361,0.094292,0.277001,-0.182709
2019-02-13,9.555099,0.094217,0.275760,-0.181543
2019-02-14,9.557837,0.092206,0.274523,-0.182317
2019-02-15,9.560575,0.091858,0.273289,-0.181431
2019-02-16,9.563313,0.093394,0.272060,-0.178666
2019-02-17,9.566051,0.092307,0.270835,-0.178527
2019-02-18,9.568789,0.111086,0.269613,-0.158527
2019-02-19,9.571526,0.125915,0.268396,-0.142481
2019-02-20,9.574264,0.126745,0.267183,-0.140438
2019-02-21,9.577002,0.125878,0.265974,-0.140096
2019-02-22,9.579740,0.127089,0.264769,-0.137680
2019-02-23,9.582478,0.132031,0.263569,-0.131538
2019-02-24,9.585216,0.132098,0.262372,-0.130274
2019-02-25,9.587953,0.110740,0.261180,-0.150440
2019-02-26,9.590691,0.110760,0.259992,-0.149232
2019-02-27,9.593429,0.109741,0.258809,-0.149068
2019-02-28,9.596167,0.111046,0.257630,-0.146584
2019-03-01,9.598905,0.110620,0.256455,-0.145835
2019-03-02,9.601643,0.109042,0.255284,-0.146243
2019-03-03,9.604381,0.108131,0.254119,-0.145988
2019-03-04,9.607118,0.098942,0.252957,-0.154015
2019-03-05,9.609856,0.102766,0.251800,-0.149034
2019-03-06,9.612594,0.109948,0.250648,-0.140699
2019-03-07,9.615332,0.111724,0.249500,-0.137776
2019-03-08,9.618070,0.112321,0.248357,-0.136036
2019-03-09,9.620808,0.113788,0.247218,-0.133430
2019-03-10,9.623546,0.113257,0.246085,-0.132827
2019-03-11,9.626283,0.109592,0.244955,-0.135363
2019-03-12,9.629021,0.107471,0.243831,-0.136360
2019-03-13,9.631759,0.107555,0.242711,-0.135157
2019-03-14,9.634497,0.106473,0.241596,-0.135123
2019-03-15,9.637235,0.108931,0.240486,-0.131555
2019-03-16,9.639973,0.119026,0.239381,-0.120356
2019-03-17,9.642710,0.116884,0.238281,-0.121397
2019-03-18,9.645448,0.116846,0.237185,-0.120339
2019-03-19,9.648186,0.117248,0.236095,-0.118847
2019-03-20,9.650924,0.118616,0.235009,-0.116394
2019-03-21,9.653662,0.118521,0.233929,-0.115408
2019-03-22,9.656400,0.115030,0.232853,-0.117823
2019-03-23,9.659138,0.114513,0.231783,-0.117269
2019-03-24,9.661875,0.112685,0.230717,-0.118032
2019-03-25,9.664613,0.109923,0.229657,-0.119733
2019-03-26,9.667351,0.104766,0.228602,-0.123835
2019-03-27,9.670089,0.113029,0.227552,-0.114523
2019-03-28,9.672827,0.114206,0.226507,-0.112301
2019-03-29,9.675565,0.118874,0.225467,-0.106594
2019-03-30,9.678303,0.120793,0.224433,-0.103639
2019-03-31,9.681040,0.120633,0.223404,-0.102771
2019-04-01,9.683778,0.123661,0.222380,-0.098719
2019-04-02,9.686516,0.174178,0.221361,-0.047183
2019-04-03,9.689254,0.206480,0.220348,-0.013868
2019-04-04,9.691992,0.201497,0.219340,-0.017843
2019-04-05,9.694730,0.202082,0.218338,-0.016257
2019-04-06,9.697467,0.206773,0.217341,-0.010568
2019-04-07,9.700205,0.213610,0.216350,-0.002739
2019-04-08,9.702943,0.221790,0.215364,0.006426
2019-04-09,9.705681,0.219913,0.214383,0.005529
2019-04-10,9.708419,0.223375,0.213408,0.009966
2019-04-11,9.711157,0.210628,0.212439,-0.001811
2019-04-12,9.713895,0.203925,0.211475,-0.007550
2019-04-13,9.716632,0.206634,0.210517,-0.003883
2019-04-14,9.719370,0.205734,0.209564,-0.003830
2019-04-15,9.722108,0.208269,0.208617,-0.000348
2019-04-16,9.724846,0.205874,0.207676,-0.001802
2019-04-17,9.727584,0.214915,0.206741,0.008174
2019-04-18,9.730322,0.217894,0.205811,0.012083
2019-04-19,9.733060,0.216828,0.204887,0.011941
2019-04-20,9.735797,0.220452,0.203969,0.016483
2019-04-21,9.738535,0.217948,0.203056,0.014892
2019-04-22,9.741273,0.219840,0.202150,0.017691
2019-04-23,9.744011,0.236066,0.201249,0.034817
2019-04-24,9.746749,0.232023,0.200354,0.031669
2019-04-25,9.749487,0.226635,0.199465,0.027170
2019-04-26,9.752225,0.207904,0.198582,0.009322
2019-04-27,9.754962,0.207862,0.197705,0.010157
2019-04-28,9.757700,0.208462,0.196834,0.011628
2019-04-29,9.760438,0.206414,0.195968,0.010445
2019-04-30,9.763176,0.208875,0.195109,0.013766
2019-05-01,9.765914,0.215847,0.194256,0.021591
2019-05-02,9.768652,0.219893,0.193409,0.026484
2019-05-03,9.771389,0.239028,0.192568,0.046460
2019-05-04,9.774127,0.243720,0.191733,0.051987
2019-05-05,9.776865,0.245729,0.190904,0.054824
2019-05-06,9.779603,0.240613,0.190082,0.050531
2019-05-07,9.782341,0.254568,0.189265,0.065303
2019-05-08,9.785079,0.252663,0.188455,0.064209
2019-05-09,9.787817,0.266429,0.187650,0.078778
2019-05-10,9.790554,0.282328,0.186853,0.095475
2019-05-11,9.793292,0.314203,0.186061,0.128142
2019-05-12,9.796030,0.333712,0.185275,0.148436
2019-05-13,9.798768,0.348696,0.184496,0.164199
2019-05-14,9.801506,0.381049,0.183723,0.197326
2019-05-15,9.804244,0.383452,0.182957,0.200495
2019-05-16,9.806982,0.379500,0.182197,0.197303
2019-05-17,9.809719,0.338986,0.181443,0.157543
2019-05-18,9.812457,0.342298,0.180695,0.161602
2019-05-19,9.815195,0.375228,0.179954,0.195274
2019-05-20,9.817933,0.372424,0.179220,0.193204
2019-05-21,9.820671,0.374494,0.178491,0.196003
2019-05-22,9.823409,0.370767,0.177770,0.192998
2019-05-23,9.826146,0.360757,0.177054,0.183703
2019-05-24,9.828884,0.374904,0.176345,0.198559
2019-05-25,9.831622,0.376821,0.175643,0.201178
2019-05-26,9.834360,0.380519,0.174947,0.205572
2019-05-27,9.837098,0.412326,0.174258,0.238068
2019-05-28,9.839836,0.409610,0.173575,0.236035
2019-05-29,9.842574,0.406170,0.172899,0.233271
2019-05-30,9.845311,0.405182,0.172230,0.232953
2019-05-31,9.848049,0.391024,0.171567,0.219458
2019-06-01,9.850787,0.399887,0.170910,0.228976
2019-06-02,9.853525,0.405376,0.170260,0.235116
2019-06-03,9.856263,0.397581,0.169617,0.227963
2019-06-04,9.859001,0.361865,0.168981,0.192885
2019-06-05,9.861739,0.357110,0.168351,0.188759
2019-06-06,9.864476,0.354917,0.167728,0.187189
2019-06-07,9.867214,0.364439,0.167112,0.197327
2019-06-08,9.869952,0.363953,0.166502,0.197451
2019-06-09,9.872690,0.355728,0.165899,0.189828
2019-06-10,9.875428,0.356254,0.165303,0.190950
2019-06-11,9.878166,0.359630,0.164714,0.194916
2019-06-12,9.880903,0.366654,0.164131,0.202522
2019-06-13,9.883641,0.372840,0.163556,0.209285
2019-06-14,9.886379,0.381873,0.162987,0.218886
2019-06-15,9.889117,0.400006,0.162425,0.237582
2019-06-16,9.891855,0.416279,0.161869,0.254410
2019-06-17,9.894593,0.422589,0.161321,0.261268
2019-06-18,9.897331,0.418414,0.160779,0.257634
2019-06-19,9.900068,0.418086,0.160245,0.257841
2019-06-20,9.902806,0.426983,0.159717,0.267266
2019-06-21,9.905544,0.446479,0.159196,0.287283
2019-06-22,9.908282,0.483947,0.158682,0.325265
2019-06-23,9.911020,0.484925,0.158175,0.326750
2019-06-24,9.913758,0.488617,0.157675,0.330942
2019-06-25,9.916496,0.506113,0.157182,0.348931
2019-06-26,9.919233,0.552774,0.156695,0.396078
2019-06-27,9.921971,0.523131,0.156216,0.366915
2019-06-28,9.924709,0.519724,0.155744,0.363980
2019-06-29,9.927447,0.524987,0.155278,0.369708
2019-06-30,9.930185,0.512437,0.154820,0.357617
2019-07-01,9.932923,0.478833,0.154369,0.324464
2019-07-02,9.935661,0.462525,0.153925,0.308600
2019-07-03,9.938398,0.502733,0.153487,0.349246
2019-07-04,9.941136,0.517919,0.153057,0.364862
2019-07-05,9.943874,0.494174,0.152634,0.341540
2019-07-06,9.946612,0.504212,0.152218,0.351994
2019-07-07,9.949350,0.499695,0.151809,0.347886
2019-07-08,9.952088,0.516760,0.151407,0.365352
2019-07-09,9.954825,0.540998,0.151012,0.389986
2019-07-10,9.957563,0.545015,0.150625,0.394391
2019-07-11,9.960301,0.507494,0.150244,0.357250
2019-07-12,9.963039,0.506992,0.149870,0.357121
2019-07-13,9.965777,0.500202,0.149504,0.350698
2019-07-14,9.968515,0.477304,0.149145,0.328160
2019-07-15,9.971253,0.459833,0.148793,0.311040
2019-07-16,9.973990,0.456137,0.148448,0.307689
2019-07-17,9.976728,0.421826,0.148110,0.273716
2019-07-18,9.979466,0.442297,0.147779,0.294518
2019-07-19,9.982204,0.458762,0.147456,0.311307
2019-07-20,9.984942,0.466763,0.147139,0.319624
2019-07-21,9.987680,0.461718,0.146830,0.314888
2019-07-22,9.990418,0.456102,0.146528,0.309573
2019-07-23,9.993155,0.439973,0.146233,0.293740
2019-07-24,9.995893,0.423575,0.145946,0.277629
2019-07-25,9.998631,0.436613,0.145665,0.290948
2019-07-26,10.001369,0.425252,0.145392,0.279860
2019-07-27,10.004107,0.422403,0.145126,0.277277
2019-07-28,10.006845,0.411562,0.144867,0.266695
2019-07-29,10.009582,0.412952,0.144616,0.268336
2019-07-30,10.012320,0.412354,0.144371,0.267982
2019-07-31,10.015058,0.425637,0.144134,0.281503
2019-08-01,10.017796,0.434722,0.143904,0.290817
2019-08-02,10.020534,0.450288,0.143682,0.306606
2019-08-03,10.023272,0.462259,0.143466,0.318793
2019-08-04,10.026010,0.462895,0.143258,0.319637
2019-08-05,10.028747,0.495383,0.143057,0.352326
2019-08-06,10.031485,0.497377,0.142864,0.354514
2019-08-07,10.034223,0.495557,0.142677,0.352880
2019-08-08,10.036961,0.498482,0.142498,0.355984
2019-08-09,10.039699,0.498633,0.142326,0.356307
2019-08-10,10.042437,0.489106,0.142162,0.346944
2019-08-11,10.045175,0.481054,0.142004,0.339050
2019-08-12,10.047912,0.480999,0.141854,0.339145
2019-08-13,10.050650,0.470614,0.141711,0.328903
2019-08-14,10.053388,0.441932,0.141576,0.300356
2019-08-15,10.056126,0.424203,0.141447,0.282755
2019-08-16,10.058864,0.432624,0.141326,0.291297
2019-08-17,10.061602,0.434626,0.141213,0.293414
2019-08-18,10.064339,0.433965,0.141106,0.292859
2019-08-19,10.067077,0.446406,0.141007,0.305399
2019-08-20,10.069815,0.451216,0.140915,0.310301
2019-08-21,10.072553,0.427587,0.140830,0.286757
2019-08-22,10.075291,0.421346,0.140753,0.280593
2019-08-23,10.078029,0.429872,0.140683,0.289189
2019-08-24,10.080767,0.424208,0.140620,0.283589
2019-08-25,10.083504,0.421586,0.140564,0.281022
2019-08-26,10.086242,0.430867,0.140516,0.290352
2019-08-27,10.088980,0.423277,0.140475,0.282803
2019-08-28,10.091718,0.417383,0.140441,0.276942
2019-08-29,10.094456,0.394124,0.140414,0.253710
2019-08-30,10.097194,0.394309,0.140395,0.253914
2019-08-31,10.099932,0.396072,0.140383,0.255689
2019-09-01,10.102669,0.396775,0.140378,0.256397
2019-09-02,10.105407,0.410018,0.140381,0.269637
2019-09-03,10.108145,0.432888,0.140390,0.292498
2019-09-04,10.110883,0.434357,0.140407,0.293949
2019-09-05,10.113621,0.433877,0.140432,0.293445
2019-09-06,10.116359,0.436665,0.140463,0.296202
2019-09-07,10.119097,0.427046,0.140502,0.286544
2019-09-08,10.121834,0.427872,0.140548,0.287324
2019-09-09,10.124572,0.420923,0.140601,0.280322
2019-09-10,10.127310,0.416871,0.140662,0.276209
2019-09-11,10.130048,0.409739,0.140729,0.269010
2019-09-12,10.132786,0.415861,0.140804,0.275057
2019-09-13,10.135524,0.418975,0.140886,0.278089
2019-09-14,10.138261,0.419338,0.140975,0.278362
2019-09-15,10.140999,0.417681,0.141072,0.276609
2019-09-16,10.143737,0.414446,0.141176,0.273270
2019-09-17,10.146475,0.412397,0.141287,0.271110
2019-09-18,10.149213,0.410780,0.141405,0.269375
2019-09-19,10.151951,0.401903,0.141530,0.260373
2019-09-20,10.154689,0.409040,0.141662,0.267378
2019-09-21,10.157426,0.402629,0.141802,0.260827
2019-09-22,10.160164,0.399590,0.141949,0.257641
2019-09-23,10.162902,0.394537,0.142103,0.252434
2019-09-24,10.165640,0.373418,0.142264,0.231154
2019-09-25,10.168378,0.326506,0.142432,0.184074
2019-09-26,10.171116,0.314973,0.142608,0.172366
2019-09-27,10.173854,0.303327,0.142790,0.160536
2019-09-28,10.176591,0.309172,0.142980,0.166192
2019-09-29,10.179329,0.304007,0.143177,0.160831
2019-09-30,10.182067,0.303517,0.143381,0.160136
2019-10-01,10.184805,0.318091,0.143592,0.174499
2019-10-02,10.187543,0.312006,0.143810,0.168197
2019-10-03,10.190281,0.310599,0.144035,0.166564
2019-10-04,10.193018,0.304903,0.144267,0.160636
2019-10-05,10.195756,0.302250,0.144507,0.157743
2019-10-06,10.198494,0.294668,0.144753,0.149915
2019-10-07,10.201232,0.297713,0.145006,0.152706
2019-10-08,10.203970,0.305220,0.145267,0.159953
2019-10-09,10.206708,0.310935,0.145534,0.165400
2019-10-10,10.209446,0.321500,0.145809,0.175691
2019-10-11,10.212183,0.313333,0.146090,0.167243
2019-10-12,10.214921,0.309656,0.146379,0.163277
2019-10-13,10.217659,0.310419,0.146674,0.163744
2019-10-14,10.220397,0.307154,0.146977,0.160177
2019-10-15,10.223135,0.304310,0.147286,0.157023
2019-10-16,10.225873,0.293112,0.147603,0.145509
2019-10-17,10.228611,0.290965,0.147926,0.143038
2019-10-18,10.231348,0.286757,0.148257,0.138500
2019-10-19,10.234086,0.286291,0.148594,0.137697
2019-10-20,10.236824,0.289027,0.148938,0.140089
2019-10-21,10.239562,0.298694,0.149289,0.149405
2019-10-22,10.242300,0.296853,0.149647,0.147205
2019-10-23,10.245038,0.271815,0.150012,0.121803
2019-10-24,10.247775,0.254889,0.150384,0.104506
2019-10-25,10.250513,0.278906,0.150762,0.128144
2019-10-26,10.253251,0.350116,0.151148,0.198968
2019-10-27,10.255989,0.353121,0.151540,0.201582
2019-10-28,10.258727,0.354529,0.151939,0.202591
2019-10-29,10.261465,0.349588,0.152345,0.197243
2019-10-30,10.264203,0.340400,0.152757,0.187643
2019-10-31,10.266940,0.339160,0.153177,0.185983
2019-11-01,10.269678,0.338072,0.153603,0.184469
2019-11-02,10.272416,0.343256,0.154036,0.189220
2019-11-03,10.275154,0.339697,0.154475,0.185221
2019-11-04,10.277892,0.340917,0.154922,0.185996
2019-11-05,10.280630,0.344111,0.155375,0.188736
2019-11-06,10.283368,0.343102,0.155834,0.187267
2019-11-07,10.286105,0.338092,0.156301,0.181791
2019-11-08,10.288843,0.325479,0.156774,0.168705
2019-11-09,10.291581,0.317063,0.157254,0.159809
2019-11-10,10.294319,0.320582,0.157740,0.162842
2019-11-11,10.297057,0.315347,0.158233,0.157114
2019-11-12,10.299795,0.311847,0.158733,0.153115
2019-11-13,10.302533,0.312176,0.159239,0.152937
2019-11-14,10.305270,0.307005,0.159751,0.147254
2019-11-15,10.308008,0.300552,0.160271,0.140281
2019-11-16,10.310746,0.296663,0.160796,0.135867
2019-11-17,10.313484,0.298209,0.161329,0.136880
2019-11-18,10.316222,0.290767,0.161867,0.128900
2019-11-19,10.318960,0.276585,0.162413,0.114173
2019-11-20,10.321697,0.275004,0.162965,0.112039
2019-11-21,10.324435,0.260949,0.163523,0.097426
2019-11-22,10.327173,0.231908,0.164087,0.067821
2019-11-23,10.329911,0.225872,0.164658,0.061213
2019-11-24,10.332649,0.219573,0.165236,0.054338
2019-11-25,10.335387,0.207895,0.165820,0.042076
2019-11-26,10.338125,0.217296,0.166410,0.050886
2019-11-27,10.340862,0.223498,0.167006,0.056492
2019-11-28,10.343600,0.238287,0.167609,0.070678
2019-11-29,10.346338,0.243136,0.168218,0.074918
2019-11-30,10.349076,0.244665,0.168834,0.075831
2019-12-01,10.351814,0.226952,0.169455,0.057497
2019-12-02,10.354552,0.223965,0.170083,0.053881
2019-12-03,10.357290,0.223861,0.170717,0.053144
2019-12-04,10.360027,0.220420,0.171358,0.049062
2019-12-05,10.362765,0.222882,0.172004,0.050878
2019-12-06,10.365503,0.226779,0.172657,0.054123
2019-12-07,10.368241,0.233533,0.173316,0.060217
2019-12-08,10.370979,0.230749,0.173981,0.056768
2019-12-09,10.373717,0.228224,0.174652,0.053572
2019-12-10,10.376454,0.218335,0.175329,0.043006
2019-12-11,10.379192,0.212577,0.176012,0.036565
2019-12-12,10.381930,0.209857,0.176702,0.033155
2019-12-13,10.384668,0.212533,0.177397,0.035136
2019-12-14,10.387406,0.208022,0.178098,0.029924
2019-12-15,10.390144,0.203217,0.178806,0.024412
2019-12-16,10.392882,0.199283,0.179519,0.019764
2019-12-17,10.395619,0.183872,0.180238,0.003634
2019-12-18,10.398357,0.182352,0.180963,0.001388
2019-12-19,10.401095,0.204448,0.181694,0.022754
2019-12-20,10.403833,0.203996,0.182431,0.021565
2019-12-21,10.406571,0.203203,0.183174,0.020029
2019-12-22,10.409309,0.207392,0.183923,0.023470
2019-12-23,10.412047,0.222507,0.184677,0.037830
2019-12-24,10.414784,0.209759,0.185437,0.024322
2019-12-25,10.417522,0.204474,0.186203,0.018271
2019-12-26,10.420260,0.204720,0.186975,0.017745
2019-12-27,10.422998,0.202412,0.187752,0.014660
2019-12-28,10.425736,0.207962,0.188535,0.019426
2019-12-29,10.428474,0.209881,0.189324,0.020557
2019-12-30,10.431211,0.206382,0.190118,0.016263
2019-12-31,10.433949,0.200230,0.190919,0.009312
2020-01-01,10.436687,0.199667,0.191724,0.007943
2020-01-02,10.439425,0.191564,0.192535,-0.000972
2020-01-03,10.442163,0.199783,0.193352,0.006431
2020-01-04,10.444901,0.204749,0.194174,0.010575
2020-01-05,10.447639,0.210211,0.195002,0.015208
2020-01-06,10.450376,0.215551,0.195836,0.019715
2020-01-07,10.453114,0.236659,0.196674,0.039984
2020-01-08,10.455852,0.252203,0.197519,0.054684
2020-01-09,10.458590,0.234131,0.198368,0.035762
2020-01-10,10.461328,0.233487,0.199223,0.034264
2020-01-11,10.464066,0.244830,0.200083,0.044747
2020-01-12,10.466804,0.244288,0.200949,0.043339
2020-01-13,10.469541,0.243266,0.201820,0.041446
2020-01-14,10.472279,0.266698,0.202696,0.064001
2020-01-15,10.475017,0.274171,0.203578,0.070594
2020-01-16,10.477755,0.270293,0.204465,0.065829
2020-01-17,10.480493,0.278425,0.205357,0.073069
2020-01-18,10.483231,0.279808,0.206254,0.073554
2020-01-19,10.485969,0.277198,0.207156,0.070042
2020-01-20,10.488706,0.266836,0.208063,0.058772
2020-01-21,10.491444,0.266227,0.208976,0.057251
2020-01-22,10.494182,0.266700,0.209893,0.056807
2020-01-23,10.496920,0.254570,0.210816,0.043754
2020-01-24,10.499658,0.251441,0.211744,0.039697
2020-01-25,10.502396,0.247814,0.212676,0.035138
2020-01-26,10.505133,0.252860,0.213614,0.039247
2020-01-27,10.507871,0.266652,0.214556,0.052096
2020-01-28,10.510609,0.281134,0.215504,0.065630
2020-01-29,10.513347,0.293594,0.216456,0.077138
2020-01-30,10.516085,0.294659,0.217413,0.077246
2020-01-31,10.518823,0.292884,0.218375,0.074509
2020-02-01,10.521561,0.293739,0.219342,0.074397
2020-02-02,10.524298,0.293356,0.220314,0.073042
2020-02-03,10.527036,0.290662,0.221290,0.069372
2020-02-04,10.529774,0.284319,0.222271,0.062048
2020-02-05,10.532512,0.292887,0.223257,0.069631
2020-02-06,10.535250,0.304944,0.224247,0.080697
2020-02-07,10.537988,0.308245,0.225242,0.083002
2020-02-08,10.540726,0.309224,0.226242,0.082982
2020-02-09,10.543463,0.320272,0.227246,0.093026
2020-02-10,10.546201,0.312593,0.228255,0.084339
2020-02-11,10.548939,0.313834,0.229268,0.084566
2020-02-12,10.551677,0.329734,0.230286,0.099448
2020-02-13,10.554415,0.326886,0.231308,0.095578
2020-02-14,10.557153,0.325165,0.232335,0.092830
2020-02-15,10.559890,0.319351,0.233366,0.085986
2020-02-16,10.562628,0.308775,0.234401,0.074373
2020-02-17,10.565366,0.300152,0.235441,0.064711
2020-02-18,10.568104,0.305174,0.236485,0.068689
2020-02-19,10.570842,0.315003,0.237533,0.077469
2020-02-20,10.573580,0.293190,0.238586,0.054604
2020-02-21,10.576318,0.297467,0.239643,0.057825
2020-02-22,10.579055,0.295805,0.240704,0.055102
2020-02-23,10.581793,0.304236,0.241769,0.062467
2020-02-24,10.584531,0.297258,0.242838,0.054420
2020-02-25,10.587269,0.286142,0.243912,0.042230
2020-02-26,10.590007,0.264841,0.244989,0.019852
2020-02-27,10.592745,0.252985,0.246071,0.006915
2020-02-28,10.595483,0.247583,0.247156,0.000427
2020-02-29,10.598220,0.246259,0.248246,-0.001987
2020-03-01,10.600958,0.239445,0.249339,-0.009894
2020-03-02,10.603696,0.247957,0.250437,-0.002480
2020-03-03,10.606434,0.249517,0.251538,-0.002021
2020-03-04,10.609172,0.247614,0.252643,-0.005029
2020-03-05,10.611910,0.259446,0.253752,0.005694
2020-03-06,10.614648,0.262615,0.254865,0.007750
2020-03-07,10.617385,0.259845,0.255981,0.003864
2020-03-08,10.620123,0.235863,0.257102,-0.021238
2020-03-09,10.622861,0.199962,0.258226,-0.058263
2020-03-10,10.625599,0.202543,0.259353,-0.056810
2020-03-11,10.628337,0.196658,0.260484,-0.063826
2020-03-12,10.631075,0.125461,0.261619,-0.136158
2020-03-13,10.633812,0.028663,0.262758,-0.234095
2020-03-14,10.636550,0.035874,0.263900,-0.228026
2020-03-15,10.639288,0.027152,0.265045,-0.237893
2020-03-16,10.642026,-0.000213,0.266194,-0.266407
2020-03-17,10.644764,0.025343,0.267347,-0.242004
2020-03-18,10.647502,0.022076,0.268502,-0.246426
2020-03-19,10.650240,0.058061,0.269662,-0.211601
2020-03-20,10.652977,0.099603,0.270824,-0.171221
2020-03-21,10.655715,0.085457,0.271990,-0.186533
2020-03-22,10.658453,0.082983,0.273159,-0.190177
2020-03-23,10.661191,0.081051,0.274332,-0.193280
2020-03-24,10.663929,0.116842,0.275507,-0.158665
2020-03-25,10.666667,0.116509,0.276686,-0.160177
2020-03-26,10.669405,0.116543,0.277868,-0.161325
2020-03-27,10.672142,0.116859,0.279053,-0.162194
2020-03-28,10.674880,0.085717,0.280241,-0.194525
2020-03-29,10.677618,0.077159,0.281433,-0.204274
2020-03-30,10.680356,0.088290,0.282627,-0.194337
2020-03-31,10.683094,0.099558,0.283824,-0.184267
2020-04-01,10.685832,0.089364,0.285024,-0.195660
2020-04-02,10.688569,0.115662,0.286227,-0.170565
2020-04-03,10.691307,0.120499,0.287433,-0.166935
2020-04-04,10.694045,0.117264,0.288642,-0.171378
2020-04-05,10.696783,0.118132,0.289854,-0.171722
2020-04-06,10.699521,0.135538,0.291068,-0.155530
2020-04-07,10.702259,0.148610,0.292286,-0.143675
2020-04-08,10.704997,0.147343,0.293506,-0.146162
2020-04-09,10.707734,0.146716,0.294728,-0.148013
2020-04-10,10.710472,0.126392,0.295954,-0.169561
2020-04-11,10.713210,0.119788,0.297181,-0.177393
2020-04-12,10.715948,0.124230,0.298412,-0.174182
2020-04-13,10.718686,0.111601,0.299645,-0.188044
2020-04-14,10.721424,0.119533,0.300881,-0.181347
2020-04-15,10.724162,0.113897,0.302119,-0.188221
2020-04-16,10.726899,0.120138,0.303359,-0.183221
2020-04-17,10.729637,0.128537,0.304602,-0.176065
2020-04-18,10.732375,0.132348,0.305847,-0.173499
2020-04-19,10.735113,0.132931,0.307095,-0.174164
2020-04-20,10.737851,0.125304,0.308345,-0.183040
2020-04-21,10.740589,0.113808,0.309597,-0.195789
2020-04-22,10.743326,0.121393,0.310852,-0.189459
2020-04-23,10.746064,0.137991,0.312108,-0.174117
2020-04-24,10.748802,0.150314,0.313367,-0.163053
2020-04-25,10.751540,0.151034,0.314628,-0.163594
2020-04-26,10.754278,0.153684,0.315891,-0.162207
2020-04-27,10.757016,0.159562,0.317156,-0.157594
2020-04-28,10.759754,0.160041,0.318424,-0.158382
2020-04-29,10.762491,0.187511,0.319693,-0.132182
2020-04-30,10.765229,0.219278,0.320964,-0.101686
2020-05-01,10.767967,0.213742,0.322237,-0.108495
2020-05-02,10.770705,0.217717,0.323512,-0.105795
2020-05-03,10.773443,0.222060,0.324789,-0.102729
2020-05-04,10.776181,0.211426,0.326068,-0.114642
2020-05-05,10.778919,0.218716,0.327348,-0.108632
2020-05-06,10.781656,0.229012,0.328630,-0.099619
2020-05-07,10.784394,0.243698,0.329914,-0.086217
2020-05-08,10.787132,0.262324,0.331200,-0.068876
2020-05-09,10.789870,0.253122,0.332487,-0.079365
2020-05-10,10.792608,0.203494,0.333776,-0.130283
2020-05-11,10.795346,0.204295,0.335067,-0.130772
2020-05-12,10.798084,0.207341,0.336359,-0.129018
2020-05-13,10.800821,0.219657,0.337652,-0.117996
2020-05-14,10.803559,0.244036,0.338948,-0.094911
2020-05-15,10.806297,0.240534,0.340244,-0.099710
2020-05-16,10.809035,0.234745,0.341542,-0.106797
2020-05-17,10.811773,0.244257,0.342841,-0.098584
2020-05-18,10.814511,0.247758,0.344142,-0.096384
2020-05-19,10.817248,0.245139,0.345444,-0.100305
2020-05-20,10.819986,0.244626,0.346747,-0.102121
2020-05-21,10.822724,0.226156,0.348051,-0.121895
2020-05-22,10.825462,0.218478,0.349357,-0.130879
2020-05-23,10.828200,0.221805,0.350664,-0.128859
2020-05-24,10.830938,0.217282,0.351972,-0.134690
2020-05-25,10.833676,0.202520,0.353281,-0.150761
2020-05-26,10.836413,0.204019,0.354591,-0.150572
2020-05-27,10.839151,0.211502,0.355902,-0.144400
2020-05-28,10.841889,0.224238,0.357214,-0.132976
2020-05-29,10.844627,0.229694,0.358527,-0.128834
2020-05-30,10.847365,0.231692,0.359841,-0.128149
2020-05-31,10.850103,0.232709,0.361156,-0.128447
2020-06-01,10.852841,0.233872,0.362471,-0.128600
2020-06-02,10.855578,0.245496,0.363788,-0.118292
2020-06-03,10.858316,0.231512,0.365105,-0.133593
2020-06-04,10.861054,0.237530,0.366423,-0.128893
2020-06-05,10.863792,0.238696,0.367742,-0.129046
2020-06-06,10.866530,0.233706,0.369061,-0.135355
2020-06-07,10.869268,0.232413,0.370381,-0.137968
2020-06-08,10.872005,0.236400,0.371702,-0.135302
2020-06-09,10.874743,0.235278,0.373023,-0.137745
2020-06-10,10.877481,0.238124,0.374345,-0.136220
2020-06-11,10.880219,0.230938,0.375667,-0.144729
2020-06-12,10.882957,0.220361,0.376989,-0.156628
2020-06-13,10.885695,0.220468,0.378312,-0.157845
2020-06-14,10.888433,0.218972,0.379636,-0.160664
2020-06-15,10.891170,0.211152,0.380960,-0.169807
2020-06-16,10.893908,0.222020,0.382284,-0.160264
2020-06-17,10.896646,0.219068,0.383608,-0.164540
2020-06-18,10.899384,0.216718,0.384933,-0.168215
2020-06-19,10.902122,0.212714,0.386258,-0.173543
2020-06-20,10.904860,0.211097,0.387583,-0.176486
2020-06-21,10.907598,0.212811,0.388908,-0.176097
2020-06-22,10.910335,0.218120,0.390233,-0.172113
2020-06-23,10.913073,0.224324,0.391558,-0.167234
2020-06-24,10.915811,0.214844,0.392884,-0.178040
2020-06-25,10.918549,0.205233,0.394209,-0.188976
2020-06-26,10.921287,0.202271,0.395534,-0.193263
2020-06-27,10.924025,0.198243,0.396859,-0.198616
2020-06-28,10.926762,0.195698,0.398185,-0.202486
2020-06-29,10.929500,0.197836,0.399510,-0.201673
2020-06-30,10.932238,0.198458,0.400834,-0.202376
2020-07-01,10.934976,0.199656,0.402159,-0.202503
2020-07-02,10.937714,0.197930,0.403483,-0.205553
2020-07-03,10.940452,0.194207,0.404807,-0.210600
2020-07-04,10.943190,0.193607,0.406131,-0.212524
2020-07-05,10.945927,0.191594,0.407454,-0.215860
2020-07-06,10.948665,0.197821,0.408777,-0.210956
2020-07-07,10.951403,0.199610,0.410100,-0.210490
2020-07-08,10.954141,0.202737,0.411422,-0.208685
2020-07-09,10.956879,0.201364,0.412744,-0.211380
2020-07-10,10.959617,0.194688,0.414065,-0.219376
2020-07-11,10.962355,0.196086,0.415385,-0.219299
2020-07-12,10.965092,0.196046,0.416705,-0.220659
2020-07-13,10.967830,0.196793,0.418024,-0.221231
2020-07-14,10.970568,0.193468,0.419343,-0.225875
2020-07-15,10.973306,0.193024,0.420661,-0.227637
2020-07-16,10.976044,0.188309,0.421978,-0.233669
2020-07-17,10.978782,0.187975,0.423295,-0.235320
2020-07-18,10.981520,0.188707,0.424610,-0.235903
2020-07-19,10.984257,0.187830,0.425925,-0.238095
2020-07-20,10.986995,0.188323,0.427239,-0.238915
2020-07-21,10.989733,0.193799,0.428552,-0.234753
2020-07-22,10.992471,0.195842,0.429864,-0.234022
2020-07-23,10.995209,0.203267,0.431175,-0.227908
2020-07-24,10.997947,0.203453,0.432485,-0.229032
2020-07-25,11.000684,0.205739,0.433794,-0.228055
2020-07-26,11.003422,0.214561,0.435102,-0.220541
2020-07-27,11.006160,0.240100,0.436409,-0.196309
2020-07-28,11.008898,0.261428,0.437714,-0.176286
2020-07-29,11.011636,0.265483,0.439019,-0.173536
2020-07-30,11.014374,0.262475,0.440322,-0.177847
2020-07-31,11.017112,0.268227,0.441624,-0.173398
2020-08-01,11.019849,0.283322,0.442925,-0.159603
2020-08-02,11.022587,0.271619,0.444224,-0.172605
2020-08-03,11.025325,0.268642,0.445522,-0.176880
2020-08-04,11.028063,0.267702,0.446819,-0.179117
2020-08-05,11.030801,0.275784,0.448114,-0.172330
2020-08-06,11.033539,0.285816,0.449408,-0.163592
2020-08-07,11.036277,0.283818,0.450700,-0.166882
2020-08-08,11.039014,0.282254,0.451991,-0.169738
2020-08-09,11.041752,0.281214,0.453281,-0.172066
2020-08-10,11.044490,0.288766,0.454568,-0.165802
2020-08-11,11.047228,0.278342,0.455854,-0.177512
2020-08-12,11.049966,0.271814,0.457139,-0.185324
2020-08-13,11.052704,0.274566,0.458421,-0.183855
2020-08-14,11.055441,0.281631,0.459702,-0.178071
2020-08-15,11.058179,0.285377,0.460981,-0.175605
2020-08-16,11.060917,0.283859,0.462259,-0.178400
2020-08-17,11.063655,0.291152,0.463535,-0.172383
2020-08-18,11.066393,0.294199,0.464808,-0.170609
2020-08-19,11.069131,0.280404,0.466080,-0.185676
2020-08-20,11.071869,0.280039,0.467350,-0.187311
2020-08-21,11.074606,0.277394,0.468618,-0.191224
2020-08-22,11.077344,0.270052,0.469884,-0.199832
2020-08-23,11.080082,0.271833,0.471148,-0.199315
2020-08-24,11.082820,0.275481,0.472410,-0.196929
2020-08-25,11.085558,0.266265,0.473670,-0.207405
2020-08-26,11.088296,0.261998,0.474928,-0.212930
2020-08-27,11.091034,0.259251,0.476183,-0.216932
2020-08-28,11.093771,0.262370,0.477437,-0.215066
2020-08-29,11.096509,0.264241,0.478688,-0.214448
2020-08-30,11.099247,0.267081,0.479937,-0.212856
2020-08-31,11.101985,0.269784,0.481184,-0.211400
2020-09-01,11.104723,0.276144,0.482428,-0.206284
2020-09-02,11.107461,0.264539,0.483670,-0.219132
2020-09-03,11.110198,0.243238,0.484910,-0.241672
2020-09-04,11.112936,0.216551,0.486147,-0.269597
2020-09-05,11.115674,0.210747,0.487382,-0.276635
2020-09-06,11.118412,0.207619,0.488615,-0.280996
2020-09-07,11.121150,0.205223,0.489845,-0.284622
2020-09-08,11.123888,0.204091,0.491072,-0.286981
2020-09-09,11.126626,0.205338,0.492297,-0.286959
2020-09-10,11.129363,0.211224,0.493519,-0.282296
2020-09-11,11.132101,0.209122,0.494739,-0.285617
2020-09-12,11.134839,0.211396,0.495956,-0.284560
2020-09-13,11.137577,0.211875,0.497170,-0.285295
2020-09-14,11.140315,0.216131,0.498382,-0.282251
2020-09-15,11.143053,0.226370,0.499591,-0.273221
2020-09-16,11.145791,0.230805,0.500797,-0.269992
2020-09-17,11.148528,0.230017,0.502000,-0.271983
2020-09-18,11.151266,0.230777,0.503200,-0.272423
2020-09-19,11.154004,0.233788,0.504398,-0.270610
2020-09-20,11.156742,0.229319,0.505593,-0.276274
2020-09-21,11.159480,0.219061,0.506784,-0.287723
2020-09-22,11.162218,0.210077,0.507973,-0.297896
2020-09-23,11.164956,0.208017,0.509159,-0.301142
2020-09-24,11.167693,0.208061,0.510342,-0.302281
2020-09-25,11.170431,0.216749,0.511522,-0.294773
2020-09-26,11.173169,0.218122,0.512698,-0.294577
2020-09-27,11.175907,0.217532,0.513872,-0.296340
2020-09-28,11.178645,0.223450,0.515042,-0.291592
2020-09-29,11.181383,0.216964,0.516210,-0.299245
2020-09-30,11.184120,0.216887,0.517374,-0.300486
2020-10-01,11.186858,0.216903,0.518535,-0.301632
2020-10-02,11.189596,0.207065,0.519692,-0.312628
2020-10-03,11.192334,0.207483,0.520847,-0.313364
2020-10-04,11.195072,0.209184,0.521998,-0.312814
2020-10-05,11.197810,0.212667,0.523145,-0.310479
2020-10-06,11.200548,0.211818,0.524290,-0.312471
2020-10-07,11.203285,0.208050,0.525431,-0.317380
2020-10-08,11.206023,0.212227,0.526568,-0.314341
2020-10-09,11.208761,0.221645,0.527702,-0.306057
2020-10-10,11.211499,0.234682,0.528833,-0.294151
2020-10-11,11.214237,0.235166,0.529960,-0.294794
2020-10-12,11.216975,0.237876,0.531084,-0.293207
2020-10-13,11.219713,0.237416,0.532204,-0.294787
2020-10-14,11.222450,0.235248,0.533320,-0.298072
2020-10-15,11.225188,0.235010,0.534433,-0.299422
2020-10-16,11.227926,0.232562,0.535542,-0.302980
2020-10-17,11.230664,0.231237,0.536647,-0.305411
2020-10-18,11.233402,0.234099,0.537749,-0.303650
2020-10-19,11.236140,0.239106,0.538847,-0.299741
2020-10-20,11.238877,0.248381,0.539941,-0.291560
2020-10-21,11.241615,0.269888,0.541032,-0.271144
2020-10-22,11.244353,0.285316,0.542119,-0.256803
2020-10-23,11.247091,0.284790,0.543202,-0.258412
2020-10-24,11.249829,0.287435,0.544281,-0.256846
2020-10-25,11.252567,0.287714,0.545356,-0.257641
2020-10-26,11.255305,0.287580,0.546427,-0.258847
2020-10-27,11.258042,0.296980,0.547494,-0.250514
2020-10-28,11.260780,0.298826,0.548557,-0.249731
2020-10-29,11.263518,0.294618,0.549617,-0.254999
2020-10-30,11.266256,0.297465,0.550672,-0.253207
2020-10-31,11.268994,0.306809,0.551723,-0.244914
2020-11-01,11.271732,0.307054,0.552770,-0.245716
2020-11-02,11.274470,0.300981,0.553813,-0.252832
2020-11-03,11.277207,0.300944,0.554852,-0.253908
2020-11-04,11.279945,0.309498,0.555887,-0.246389
2020-11-05,11.282683,0.334318,0.556918,-0.222600
2020-11-06,11.285421,0.357968,0.557944,-0.199976
2020-11-07,11.288159,0.350658,0.558966,-0.208308
2020-11-08,11.290897,0.346349,0.559984,-0.213636
2020-11-09,11.293634,0.350817,0.560998,-0.210182
2020-11-10,11.296372,0.348711,0.562007,-0.213297
2020-11-11,11.299110,0.355820,0.563013,-0.207192
2020-11-12,11.301848,0.364499,0.564013,-0.199514
2020-11-13,11.304586,0.373603,0.565010,-0.191407
2020-11-14,11.307324,0.365988,0.566002,-0.200013
2020-11-15,11.310062,0.364660,0.566989,-0.202329
2020-11-16,11.312799,0.374201,0.567972,-0.193772
2020-11-17,11.315537,0.392117,0.568951,-0.176834
2020-11-18,11.318275,0.411245,0.569925,-0.158680
2020-11-19,11.321013,0.409912,0.570895,-0.160983
2020-11-20,11.323751,0.421342,0.571860,-0.150517
2020-11-21,11.326489,0.429410,0.572820,-0.143410
2020-11-22,11.329227,0.422137,0.573776,-0.151640
2020-11-23,11.331964,0.422185,0.574728,-0.152543
2020-11-24,11.334702,0.431346,0.575674,-0.144328
2020-11-25,11.337440,0.435151,0.576617,-0.141465
2020-11-26,11.340178,0.394741,0.577554,-0.182813
2020-11-27,11.342916,0.384528,0.578487,-0.193959
2020-11-28,11.345654,0.392189,0.579415,-0.187226
2020-11-29,11.348392,0.408280,0.580338,-0.172058
2020-11-30,11.351129,0.429398,0.581257,-0.151859
2020-12-01,11.353867,0.436590,0.582170,-0.145581
2020-12-02,11.356605,0.429270,0.583079,-0.153810
2020-12-03,11.359343,0.436332,0.583983,-0.147652
2020-12-04,11.362081,0.431832,0.584883,-0.153050
2020-12-05,11.364819,0.428569,0.585777,-0.157208
2020-12-06,11.367556,0.431519,0.586667,-0.155147
2020-12-07,11.370294,0.432204,0.587551,-0.155347
2020-12-08,11.373032,0.425592,0.588431,-0.162839
2020-12-09,11.375770,0.409354,0.589306,-0.179952
2020-12-10,11.378508,0.409795,0.590175,-0.180380
2020-12-11,11.381246,0.400493,0.591040,-0.190547
2020-12-12,11.383984,0.412668,0.591900,-0.179232
2020-12-13,11.386721,0.427106,0.592755,-0.165648
2020-12-14,11.389459,0.427585,0.593604,-0.166019
2020-12-15,11.392197,0.431276,0.594449,-0.163172
2020-12-16,11.394935,0.446847,0.595288,-0.148442
2020-12-17,11.397673,0.497700,0.596123,-0.098423
2020-12-18,11.400411,0.502348,0.596952,-0.094604
2020-12-19,11.403149,0.510801,0.597776,-0.086976
2020-12-20,11.405886,0.514646,0.598595,-0.083950
2020-12-21,11.408624,0.507720,0.599409,-0.091689
2020-12-22,11.411362,0.504374,0.600217,-0.095843
2020-12-23,11.414100,0.511887,0.601021,-0.089134
2020-12-24,11.416838,0.505611,0.601819,-0.096208
2020-12-25,11.419576,0.519750,0.602612,-0.082862
2020-12-26,11.422313,0.541202,0.603399,-0.062198
2020-12-27,11.425051,0.569839,0.604182,-0.034343
2020-12-28,11.427789,0.568274,0.604958,-0.036684
2020-12-29,11.430527,0.563067,0.605730,-0.042663
2020-12-30,11.433265,0.585860,0.606496,-0.020636
2020-12-31,11.436003,0.596103,0.607257,-0.011154
2021-01-01,11.438741,0.601843,0.608013,-0.006169
2021-01-02,11.441478,0.622789,0.608763,0.014026
2021-01-03,11.444216,0.658851,0.609508,0.049344
2021-01-04,11.446954,0.636626,0.610247,0.026379
2021-01-05,11.449692,0.641792,0.610981,0.030812
2021-01-06,11.452430,0.675225,0.611709,0.063516
2021-01-07,11.455168,0.712183,0.612432,0.099751
2021-01-08,11.457906,0.731343,0.613149,0.118194
2021-01-09,11.460643,0.737319,0.613861,0.123457
2021-01-10,11.463381,0.729234,0.614568,0.114667
2021-01-11,11.466119,0.664483,0.615268,0.049215
2021-01-12,11.468857,0.671502,0.615964,0.055538
2021-01-13,11.471595,0.669259,0.616653,0.052606
2021-01-14,11.474333,0.711486,0.617337,0.094148
2021-01-15,11.477070,0.705115,0.618016,0.087099
2021-01-16,11.479808,0.693981,0.618688,0.075292
2021-01-17,11.482546,0.680882,0.619356,0.061526
2021-01-18,11.485284,0.684547,0.620017,0.064529
2021-01-19,11.488022,0.692601,0.620673,0.071928
2021-01-20,11.490760,0.690700,0.621323,0.069377
2021-01-21,11.493498,0.642317,0.621968,0.020350
2021-01-22,11.496235,0.632889,0.622606,0.010283
2021-01-23,11.498973,0.633870,0.623239,0.010631
2021-01-24,11.501711,0.730720,0.623867,0.106853
2021-01-25,11.504449,0.648779,0.624488,0.024291
2021-01-26,11.507187,0.630270,0.625104,0.005165
2021-01-27,11.509925,0.665350,0.625714,0.039636
2021-01-28,11.512663,0.624234,0.626318,-0.002084
2021-01-29,11.515400,0.718683,0.626917,0.091766
2021-01-30,11.518138,0.652337,0.627509,0.024827
2021-01-31,11.520876,0.643807,0.628096,0.015711
2021-02-01,11.523614,0.640975,0.628677,0.012298
2021-02-02,11.526352,0.659389,0.629252,0.030136
2021-02-03,11.529090,0.681235,0.629821,0.051413
2021-02-04,11.531828,0.691638,0.630385,0.061253
2021-02-05,11.534565,0.692451,0.630942,0.061509
2021-02-06,11.537303,0.716500,0.631494,0.085007
2021-02-07,11.540041,0.703352,0.632040,0.071313
2021-02-08,11.542779,0.730804,0.632579,0.098225
2021-02-09,11.545517,0.776139,0.633113,0.143026
2021-02-10,11.548255,0.759574,0.633641,0.125933
2021-02-11,11.550992,0.774965,0.634163,0.140802
2021-02-12,11.553730,0.790671,0.634679,0.155992
2021-02-13,11.556468,0.787157,0.635189,0.151969
2021-02-14,11.559206,0.798785,0.635693,0.163093
2021-02-15,11.561944,0.793597,0.636191,0.157406
2021-02-16,11.564682,0.803052,0.636683,0.166369
2021-02-17,11.567420,0.818676,0.637169,0.181508
2021-02-18,11.570157,0.825119,0.637649,0.187471
2021-02-19,11.572895,0.834558,0.638123,0.196435
2021-02-20,11.575633,0.855955,0.638590,0.217365
2021-02-21,11.578371,0.884215,0.639052,0.245163
2021-02-22,11.581109,0.868019,0.639508,0.228511
2021-02-23,11.583847,0.800902,0.639958,0.160944
2021-02-24,11.586585,0.804066,0.640401,0.163665
2021-02-25,11.589322,0.805104,0.640839,0.164265
2021-02-26,11.592060,0.800541,0.641270,0.159271
2021-02-27,11.594798,0.785279,0.641696,0.143583
2021-02-28,11.597536,0.756092,0.642115,0.113977
2021-03-01,11.600274,0.788459,0.642528,0.145931
2021-03-02,11.603012,0.790427,0.642935,0.147492
2021-03-03,11.605749,0.808744,0.643336,0.165409
2021-03-04,11.608487,0.800224,0.643730,0.156494
2021-03-05,11.611225,0.780990,0.644119,0.136871
2021-03-06,11.613963,0.786315,0.644501,0.141813
2021-03-07,11.616701,0.805150,0.644877,0.160273
2021-03-08,11.619439,0.808901,0.645247,0.163653
2021-03-09,11.622177,0.831448,0.645611,0.185836
2021-03-10,11.624914,0.840630,0.645969,0.194661
2021-03-11,11.627652,0.849533,0.646321,0.203213
2021-03-12,11.630390,0.853134,0.646666,0.206468
2021-03-13,11.633128,0.867432,0.647005,0.220427
2021-03-14,11.635866,0.878672,0.647338,0.231334
2021-03-15,11.638604,0.856373,0.647665,0.208708
2021-03-16,11.641342,0.839072,0.647985,0.191087
2021-03-17,11.644079,0.844108,0.648299,0.195808
2021-03-18,11.646817,0.862301,0.648607,0.213693
2021-03-19,11.649555,0.857354,0.648909,0.208445
2021-03-20,11.652293,0.864682,0.649205,0.215477
2021-03-21,11.655031,0.851682,0.649494,0.202188
2021-03-22,11.657769,0.850423,0.649777,0.200646
2021-03-23,11.660507,0.836586,0.650054,0.186532
2021-03-24,11.663244,0.833276,0.650325,0.182951
2021-03-25,11.665982,0.816690,0.650589,0.166102
2021-03-26,11.668720,0.817563,0.650847,0.166716
2021-03-27,11.671458,0.837116,0.651099,0.186018
2021-03-28,11.674196,0.837038,0.651344,0.185694
2021-03-29,11.676934,0.845091,0.651584,0.193507
2021-03-30,11.679671,0.856811,0.651817,0.204994
2021-03-31,11.682409,0.858278,0.652043,0.206235
2021-04-01,11.685147,0.857847,0.652264,0.205583
2021-04-02,11.687885,0.860299,0.652478,0.207821
2021-04-03,11.690623,0.857151,0.652686,0.204465
2021-04-04,11.693361,0.847749,0.652888,0.194861
2021-04-05,11.696099,0.850115,0.653083,0.197032
2021-04-06,11.698836,0.854097,0.653272,0.200825
2021-04-07,11.701574,0.843234,0.653455,0.189779
2021-04-08,11.704312,0.841726,0.653631,0.188095
2021-04-09,11.707050,0.848838,0.653801,0.195036
2021-04-10,11.709788,0.860591,0.653965,0.206626
2021-04-11,11.712526,0.859375,0.654123,0.205252
2021-04-12,11.715264,0.861081,0.654274,0.206807
2021-04-13,11.718001,0.860114,0.654419,0.205695
2021-04-14,11.720739,0.883463,0.654558,0.228906
2021-04-15,11.723477,0.879430,0.654690,0.224740
2021-04-16,11.726215,0.923024,0.654816,0.268207
2021-04-17,11.728953,0.843146,0.654936,0.188210
2021-04-18,11.731691,0.890134,0.655050,0.235084
2021-04-19,11.734428,0.830200,0.655157,0.175043
2021-04-20,11.737166,0.822675,0.655258,0.167418
2021-04-21,11.739904,0.821388,0.655352,0.166036
2021-04-22,11.742642,0.865538,0.655441,0.210097
2021-04-23,11.745380,0.774262,0.655523,0.118739
2021-04-24,11.748118,0.775898,0.655598,0.120300
2021-04-25,11.750856,0.775121,0.655668,0.119453
2021-04-26,11.753593,0.799804,0.655731,0.144073
2021-04-27,11.756331,0.859120,0.655788,0.203332
2021-04-28,11.759069,0.812782,0.655838,0.156944
2021-04-29,11.761807,0.820193,0.655883,0.164310
2021-04-30,11.764545,0.846243,0.655921,0.190322
2021-05-01,11.767283,0.834261,0.655953,0.178308
2021-05-02,11.770021,0.821181,0.655978,0.165203
2021-05-03,11.772758,0.834185,0.655997,0.178187
2021-05-04,11.775496,0.813255,0.656010,0.157245
2021-05-05,11.778234,0.809131,0.656017,0.153114
2021-05-06,11.780972,0.877269,0.656017,0.221252
2021-05-07,11.783710,0.823930,0.656011,0.167919
2021-05-08,11.786448,0.836291,0.655999,0.180291
2021-05-09,11.789185,0.831542,0.655981,0.175561
2021-05-10,11.791923,0.829324,0.655956,0.173368
2021-05-11,11.794661,0.868416,0.655925,0.212491
2021-05-12,11.797399,0.814451,0.655888,0.158563
2021-05-13,11.800137,0.763427,0.655845,0.107582
2021-05-14,11.802875,0.766449,0.655795,0.110654
2021-05-15,11.805613,0.753986,0.655739,0.098246
2021-05-16,11.808350,0.743264,0.655677,0.087586
2021-05-17,11.811088,0.711755,0.655609,0.056146
2021-05-18,11.813826,0.708969,0.655535,0.053434
2021-05-19,11.816564,0.666823,0.655454,0.011370
2021-05-20,11.819302,0.738422,0.655367,0.083055
2021-05-21,11.822040,0.654232,0.655274,-0.001042
2021-05-22,11.824778,0.636043,0.655175,-0.019132
2021-05-23,11.827515,0.613491,0.655069,-0.041578
2021-05-24,11.830253,0.629475,0.654957,-0.025483
2021-05-25,11.832991,0.664986,0.654840,0.010146
2021-05-26,11.835729,0.653687,0.654715,-0.001029
2021-05-27,11.838467,0.648145,0.654585,-0.006440
2021-05-28,11.841205,0.622002,0.654449,-0.032447
2021-05-29,11.843943,0.605385,0.654306,-0.048922
2021-05-30,11.846680,0.607575,0.654158,-0.046583
2021-05-31,11.849418,0.615254,0.654003,-0.038749
2021-06-01,11.852156,0.619753,0.653842,-0.034089
2021-06-02,11.854894,0.627491,0.653675,-0.026184
2021-06-03,11.857632,0.641308,0.653502,-0.012194
2021-06-04,11.860370,0.624154,0.653323,-0.029168
2021-06-05,11.863107,0.617473,0.653137,-0.035665
2021-06-06,11.865845,0.609904,0.652946,-0.043042
2021-06-07,11.868583,0.694441,0.652749,0.041692
2021-06-08,11.871321,0.570039,0.652545,-0.082506
2021-06-09,11.874059,0.595119,0.652335,-0.057216
2021-06-10,11.876797,0.620096,0.652120,-0.032024
2021-06-11,11.879535,0.619693,0.651898,-0.032205
2021-06-12,11.882272,0.604056,0.651670,-0.047614
2021-06-13,11.885010,0.611646,0.651436,-0.039790
2021-06-14,11.887748,0.648359,0.651196,-0.002837
2021-06-15,11.890486,0.653560,0.650951,0.002609
2021-06-16,11.893224,0.719618,0.650699,0.068920
2021-06-17,11.895962,0.635149,0.650441,-0.015292
2021-06-18,11.898700,0.616263,0.650177,-0.033914
2021-06-19,11.901437,0.601587,0.649907,-0.048321
2021-06-20,11.904175,0.592729,0.649631,-0.056902
2021-06-21,11.906913,0.567356,0.649350,-0.081994
2021-06-22,11.909651,0.552363,0.649062,-0.096699
2021-06-23,11.912389,0.574342,0.648768,-0.074427
2021-06-24,11.915127,0.573742,0.648469,-0.074727
2021-06-25,11.917864,0.567594,0.648163,-0.080570
2021-06-26,11.920602,0.542753,0.647852,-0.105099
2021-06-27,11.923340,0.563258,0.647535,-0.084277
2021-06-28,11.926078,0.634222,0.647212,-0.012990
2021-06-29,11.928816,0.593518,0.646883,-0.053365
2021-06-30,11.931554,0.585237,0.646548,-0.061311
2021-07-01,11.934292,0.569319,0.646207,-0.076889
2021-07-02,11.937029,0.563475,0.645861,-0.082386
2021-07-03,11.939767,0.575967,0.645509,-0.069542
2021-07-04,11.942505,0.587405,0.645150,-0.057745
2021-07-05,11.945243,0.571848,0.644787,-0.072939
2021-07-06,11.947981,0.572379,0.644417,-0.072037
2021-07-07,11.950719,0.576808,0.644041,-0.067233
2021-07-08,11.953457,0.555056,0.643660,-0.088604
2021-07-09,11.956194,0.558621,0.643273,-0.084652
2021-07-10,11.958932,0.564917,0.642880,-0.077963
2021-07-11,11.961670,0.559407,0.642482,-0.083075
2021-07-12,11.964408,0.563638,0.642078,-0.078440
2021-07-13,11.967146,0.552610,0.641668,-0.089058
2021-07-14,11.969884,0.547268,0.641253,-0.093984
2021-07-15,11.972621,0.541700,0.640831,-0.099131
2021-07-16,11.975359,0.536703,0.640405,-0.103701
2021-07-17,11.978097,0.533767,0.639972,-0.106205
2021-07-18,11.980835,0.535806,0.639534,-0.103728
2021-07-19,11.983573,0.527240,0.639090,-0.111851
2021-07-20,11.986311,0.507766,0.638641,-0.130875
2021-07-21,11.989049,0.526610,0.638186,-0.111576
2021-07-22,11.991786,0.538541,0.637726,-0.099185
2021-07-23,11.994524,0.542637,0.637260,-0.094622
2021-07-24,11.997262,0.559786,0.636788,-0.077002
2021-07-25,12.000000,0.565661,0.636311,-0.070650
2021-07-26,12.002738,0.611962,0.635828,-0.023866
2021-07-27,12.005476,0.604452,0.635340,-0.030888
2021-07-28,12.008214,0.628057,0.634847,-0.006790
2021-07-29,12.010951,0.627522,0.634348,-0.006826
2021-07-30,12.013689,0.624677,0.633843,-0.009166
2021-07-31,12.016427,0.645228,0.633334,0.011895
2021-08-01,12.019165,0.643003,0.632818,0.010185
2021-08-02,12.021903,0.622698,0.632298,-0.009600
2021-08-03,12.024641,0.609773,0.631771,-0.021998
2021-08-04,12.027379,0.612205,0.631240,-0.019035
2021-08-05,12.030116,0.694392,0.630703,0.063689
2021-08-06,12.032854,0.639460,0.630161,0.009299
2021-08-07,12.035592,0.661477,0.629614,0.031863
2021-08-08,12.038330,0.668508,0.629061,0.039447
2021-08-09,12.041068,0.673667,0.628503,0.045164
2021-08-10,12.043806,0.679835,0.627940,0.051896
2021-08-11,12.046543,0.683925,0.627371,0.056554
2021-08-12,12.049281,0.672268,0.626797,0.045471
2021-08-13,12.052019,0.684100,0.626218,0.057882
2021-08-14,12.054757,0.691845,0.625634,0.066211
2021-08-15,12.057495,0.685044,0.625045,0.060000
2021-08-16,12.060233,0.689029,0.624450,0.064579
2021-08-17,12.062971,0.679636,0.623850,0.055785
2021-08-18,12.065708,0.671542,0.623246,0.048296
2021-08-19,12.068446,0.671761,0.622636,0.049126
2021-08-20,12.071184,0.749568,0.622021,0.127547
2021-08-21,12.073922,0.705838,0.621401,0.084437
2021-08-22,12.076660,0.703910,0.620775,0.083135
2021-08-23,12.079398,0.712182,0.620145,0.092037
2021-08-24,12.082136,0.702959,0.619510,0.083449
2021-08-25,12.084873,0.696982,0.618870,0.078112
2021-08-26,12.087611,0.688215,0.618225,0.069991
2021-08-27,12.090349,0.691437,0.617574,0.073863
2021-08-28,12.093087,0.700961,0.616919,0.084042
2021-08-29,12.095825,0.698354,0.616259,0.082095
2021-08-30,12.098563,0.692781,0.615594,0.077187
2021-08-31,12.101300,0.685231,0.614925,0.070306
2021-09-01,12.104038,0.688220,0.614250,0.073970
2021-09-02,12.106776,0.705216,0.613570,0.091646
2021-09-03,12.109514,0.706855,0.612886,0.093969
2021-09-04,12.112252,0.707653,0.612197,0.095456
2021-09-05,12.114990,0.709804,0.611503,0.098301
2021-09-06,12.117728,0.721339,0.610804,0.110535
2021-09-07,12.120465,0.705091,0.610101,0.094990
2021-09-08,12.123203,0.672142,0.609392,0.062750
2021-09-09,12.125941,0.655675,0.608679,0.046995
2021-09-10,12.128679,0.667828,0.607962,0.059867
2021-09-11,12.131417,0.662242,0.607240,0.055003
2021-09-12,12.134155,0.664077,0.606513,0.057565
2021-09-13,12.136893,0.656044,0.605781,0.050263
2021-09-14,12.139630,0.667311,0.605045,0.062266
2021-09-15,12.142368,0.680567,0.604304,0.076263
2021-09-16,12.145106,0.682581,0.603559,0.079022
2021-09-17,12.147844,0.679359,0.602809,0.076550
2021-09-18,12.150582,0.684844,0.602055,0.082789
2021-09-19,12.153320,0.679794,0.601296,0.078498
2021-09-20,12.156057,0.650420,0.600533,0.049888
2021-09-21,12.158795,0.614785,0.599765,0.015020
2021-09-22,12.161533,0.629485,0.598993,0.030493
2021-09-23,12.164271,0.644238,0.598216,0.046022
2021-09-24,12.167009,0.619227,0.597435,0.021791
2021-09-25,12.169747,0.628919,0.596650,0.032270
2021-09-26,12.172485,0.630267,0.595860,0.034407
2021-09-27,12.175222,0.636692,0.595066,0.041626
2021-09-28,12.177960,0.620442,0.594267,0.026174
2021-09-29,12.180698,0.618982,0.593465,0.025517
2021-09-30,12.183436,0.632968,0.592658,0.040310
2021-10-01,12.186174,0.659313,0.591847,0.067466
2021-10-02,12.188912,0.674764,0.591031,0.083733
2021-10-03,12.191650,0.675826,0.590212,0.085614
2021-10-04,12.194387,0.676686,0.589388,0.087298
2021-10-05,12.197125,0.692993,0.588560,0.104433
2021-10-06,12.199863,0.716326,0.587728,0.128598
2021-10-07,12.202601,0.727065,0.586892,0.140173
2021-10-08,12.205339,0.727413,0.586052,0.141361
2021-10-09,12.208077,0.729263,0.585208,0.144056
2021-10-10,12.210815,0.732152,0.584359,0.147792
2021-10-11,12.213552,0.743547,0.583507,0.160040
2021-10-12,12.216290,0.742488,0.582651,0.159837
2021-10-13,12.219028,0.737664,0.581790,0.155873
2021-10-14,12.221766,0.749213,0.580926,0.168287
2021-10-15,12.224504,0.765287,0.580058,0.185228
2021-10-16,12.227242,0.774558,0.579186,0.195371
2021-10-17,12.229979,0.771169,0.578310,0.192859
2021-10-18,12.232717,0.777402,0.577431,0.199971
2021-10-19,12.235455,0.783711,0.576547,0.207164
2021-10-20,12.238193,0.790616,0.575660,0.214956
2021-10-21,12.240931,0.792815,0.574769,0.218047
2021-10-22,12.243669,0.777887,0.573874,0.204013
2021-10-23,12.246407,0.769696,0.572975,0.196721
2021-10-24,12.249144,0.774791,0.572073,0.202718
2021-10-25,12.251882,0.785975,0.571167,0.214808
2021-10-26,12.254620,0.776839,0.570257,0.206581
2021-10-27,12.257358,0.756716,0.569344,0.187372
2021-10-28,12.260096,0.761486,0.568427,0.193059
2021-10-29,12.262834,0.752821,0.567507,0.185314
2021-10-30,12.265572,0.770074,0.566583,0.203491
2021-10-31,12.268309,0.765983,0.565655,0.200328
2021-11-01,12.271047,0.766565,0.564724,0.201841
2021-11-02,12.273785,0.775161,0.563790,0.211371
2021-11-03,12.276523,0.776447,0.562852,0.213596
2021-11-04,12.279261,0.769207,0.561911,0.207296
2021-11-05,12.281999,0.766869,0.560966,0.205903
2021-11-06,12.284736,0.762530,0.560018,0.202513
2021-11-07,12.287474,0.770034,0.559066,0.210968
2021-11-08,12.290212,0.793922,0.558111,0.235811
2021-11-09,12.292950,0.804635,0.557153,0.247482
2021-11-10,12.295688,0.799773,0.556192,0.243581
2021-11-11,12.298426,0.787217,0.555227,0.231990
2021-11-12,12.301164,0.781846,0.554259,0.227587
2021-11-13,12.303901,0.780537,0.553288,0.227249
2021-11-14,12.306639,0.783239,0.552313,0.230925
2021-11-15,12.309377,0.786554,0.551336,0.235218
2021-11-16,12.312115,0.773878,0.550355,0.223522
2021-11-17,12.314853,0.750703,0.549372,0.201332
2021-11-18,12.317591,0.743783,0.548385,0.195398
2021-11-19,12.320329,0.730189,0.547395,0.182794
2021-11-20,12.323066,0.740660,0.546402,0.194258
2021-11-21,12.325804,0.743441,0.545406,0.198034
2021-11-22,12.328542,0.729691,0.544407,0.185284
2021-11-23,12.331280,0.725796,0.543406,0.182390
2021-11-24,12.334018,0.723923,0.542401,0.181522
2021-11-25,12.336756,0.734646,0.541393,0.193252
2021-11-26,12.339493,0.714735,0.540383,0.174352
2021-11-27,12.342231,0.707125,0.539370,0.167756
2021-11-28,12.344969,0.706455,0.538353,0.168102
2021-11-29,12.347707,0.728193,0.537335,0.190859
2021-11-30,12.350445,0.725130,0.536313,0.188817
2021-12-01,12.353183,0.724628,0.535288,0.189340
2021-12-02,12.355921,0.719354,0.534261,0.185093
2021-12-03,12.358658,0.712691,0.533231,0.179460
2021-12-04,12.361396,0.662629,0.532199,0.130430
2021-12-05,12.364134,0.657678,0.531164,0.126514
2021-12-06,12.366872,0.660951,0.530126,0.130825
2021-12-07,12.369610,0.711428,0.529086,0.182343
2021-12-08,12.372348,0.665949,0.528043,0.137907
2021-12-09,12.375086,0.654409,0.526997,0.127411
2021-12-10,12.377823,0.647086,0.525950,0.121137
2021-12-11,12.380561,0.649026,0.524899,0.124127
2021-12-12,12.383299,0.658160,0.523846,0.134313
2021-12-13,12.386037,0.645371,0.522791,0.122580
2021-12-14,12.388775,0.635977,0.521733,0.114244
2021-12-15,12.391513,0.643920,0.520673,0.123246
2021-12-16,12.394251,0.644283,0.519611,0.124672
2021-12-17,12.396988,0.629669,0.518546,0.111123
2021-12-18,12.399726,0.624855,0.517480,0.107375
2021-12-19,12.402464,0.629715,0.516410,0.113305
2021-12-20,12.405202,0.622228,0.515339,0.106889
2021-12-21,12.407940,0.639937,0.514265,0.125672
2021-12-22,12.410678,0.644343,0.513189,0.131153
2021-12-23,12.413415,0.644831,0.512111,0.132719
2021-12-24,12.416153,0.661116,0.511031,0.150085
2021-12-25,12.418891,0.663412,0.509949,0.153463
2021-12-26,12.421629,0.652868,0.508865,0.144003
2021-12-27,12.424367,0.660289,0.507778,0.152511
2021-12-28,12.427105,0.640785,0.506690,0.134094
2021-12-29,12.429843,0.628717,0.505600,0.123117
2021-12-30,12.432580,0.623441,0.504508,0.118934
2021-12-31,12.435318,0.624729,0.503413,0.121316
2022-01-01,12.438056,0.622971,0.502317,0.120654
2022-01-02,12.440794,0.623484,0.501219,0.122265
2022-01-03,12.443532,0.619064,0.500119,0.118944
2022-01-04,12.446270,0.614897,0.499018,0.115879
2022-01-05,12.449008,0.609158,0.497914,0.111244
2022-01-06,12.451745,0.581701,0.496809,0.084892
2022-01-07,12.454483,0.569958,0.495702,0.074256
2022-01-08,12.457221,0.635448,0.494593,0.140855
2022-01-09,12.459959,0.568448,0.493483,0.074965
2022-01-10,12.462697,0.564792,0.492371,0.072422
2022-01-11,12.465435,0.587238,0.491257,0.095981
2022-01-12,12.468172,0.580234,0.490142,0.090093
2022-01-13,12.470910,0.581963,0.489025,0.092938
2022-01-14,12.473648,0.574727,0.487906,0.086820
2022-01-15,12.476386,0.578075,0.486786,0.091289
2022-01-16,12.479124,0.577144,0.485665,0.091479
2022-01-17,12.481862,0.636314,0.484542,0.151773
2022-01-18,12.484600,0.564360,0.483417,0.080943
2022-01-19,12.487337,0.563754,0.482292,0.081463
2022-01-20,12.490075,0.566348,0.481164,0.085183
2022-01-21,12.492813,0.527741,0.480036,0.047706
2022-01-22,12.495551,0.490993,0.478906,0.012087
2022-01-23,12.498289,0.489873,0.477775,0.012099
2022-01-24,12.501027,0.485404,0.476642,0.008761
2022-01-25,12.503765,0.501658,0.475508,0.026149
2022-01-26,12.506502,0.512928,0.474373,0.038554
2022-01-27,12.509240,0.498905,0.473237,0.025667
2022-01-28,12.511978,0.506744,0.472100,0.034644
2022-01-29,12.514716,0.515210,0.470961,0.044248
2022-01-30,12.517454,0.515832,0.469822,0.046010
2022-01-31,12.520192,0.510731,0.468681,0.042049
2022-02-01,12.522930,0.521619,0.467539,0.054080
2022-02-02,12.525667,0.515126,0.466397,0.048729
2022-02-03,12.528405,0.500574,0.465253,0.035321
2022-02-04,12.531143,0.521506,0.464108,0.057398
2022-02-05,12.533881,0.551432,0.462962,0.088469
2022-02-06,12.536619,0.551693,0.461816,0.089877
2022-02-07,12.539357,0.566631,0.460668,0.105963
2022-02-08,12.542094,0.573437,0.459520,0.113917
2022-02-09,12.544832,0.573650,0.458371,0.115279
2022-02-10,12.547570,0.576923,0.457221,0.119702
2022-02-11,12.550308,0.565111,0.456070,0.109041
2022-02-12,12.553046,0.556370,0.454918,0.101452
2022-02-13,12.555784,0.556157,0.453766,0.102391
2022-02-14,12.558522,0.554661,0.452613,0.102048
2022-02-15,12.561259,0.570826,0.451459,0.119367
2022-02-16,12.563997,0.571125,0.450305,0.120821
2022-02-17,12.566735,0.564876,0.449150,0.115726
2022-02-18,12.569473,0.533584,0.447994,0.085590
2022-02-19,12.572211,0.529727,0.446838,0.082890
2022-02-20,12.574949,0.514922,0.445681,0.069240
2022-02-21,12.577687,0.511478,0.444524,0.066954
2022-02-22,12.580424,0.499008,0.443366,0.055642
2022-02-23,12.583162,0.507523,0.442208,0.065315
2022-02-24,12.585900,0.482748,0.441049,0.041698
2022-02-25,12.588638,0.513636,0.439890,0.073745
2022-02-26,12.591376,0.517347,0.438731,0.078616
2022-02-27,12.594114,0.510989,0.437571,0.073418
2022-02-28,12.596851,0.518977,0.436411,0.082566
2022-03-01,12.599589,0.562522,0.435251,0.127271
2022-03-02,12.602327,0.566574,0.434090,0.132484
2022-03-03,12.605065,0.556816,0.432929,0.123887
2022-03-04,12.607803,0.535230,0.431768,0.103462
2022-03-05,12.610541,0.515239,0.430607,0.084632
2022-03-06,12.613279,0.513727,0.429445,0.084282
2022-03-07,12.616016,0.504553,0.428284,0.076270
2022-03-08,12.618754,0.513493,0.427122,0.086371
2022-03-09,12.621492,0.538364,0.425960,0.112404
2022-03-10,12.624230,0.589801,0.424798,0.165002
2022-03-11,12.626968,0.509999,0.423636,0.086363
2022-03-12,12.629706,0.510898,0.422474,0.088424
2022-03-13,12.632444,0.507916,0.421312,0.086603
2022-03-14,12.635181,0.505970,0.420151,0.085819
2022-03-15,12.637919,0.508570,0.418989,0.089581
2022-03-16,12.640657,0.521322,0.417827,0.103495
2022-03-17,12.643395,0.527677,0.416666,0.111012
2022-03-18,12.646133,0.527569,0.415504,0.112065
2022-03-19,12.648871,0.535985,0.414343,0.121642
2022-03-20,12.651608,0.532750,0.413182,0.119568
2022-03-21,12.654346,0.526877,0.412021,0.114856
2022-03-22,12.657084,0.540255,0.410861,0.129395
2022-03-23,12.659822,0.538173,0.409700,0.128473
2022-03-24,12.662560,0.548577,0.408540,0.140036
2022-03-25,12.665298,0.557359,0.407381,0.149978
2022-03-26,12.668036,0.557118,0.406221,0.150896
2022-03-27,12.670773,0.562998,0.405063,0.157935
2022-03-28,12.673511,0.584014,0.403904,0.180110
2022-03-29,12.676249,0.585161,0.402746,0.182415
2022-03-30,12.678987,0.581764,0.401589,0.180175
2022-03-31,12.681725,0.576193,0.400432,0.175762
2022-04-01,12.684463,0.565598,0.399275,0.166323
2022-04-02,12.687201,0.573974,0.398119,0.175855
2022-04-03,12.689938,0.572324,0.396964,0.175361
2022-04-04,12.692676,0.569171,0.395809,0.173362
2022-04-05,12.695414,0.571663,0.394655,0.177009
2022-04-06,12.698152,0.555324,0.393501,0.161823
2022-04-07,12.700890,0.544238,0.392348,0.151890
2022-04-08,12.703628,0.542487,0.391196,0.151291
2022-04-09,12.706366,0.533803,0.390044,0.143759
2022-04-10,12.709103,0.536395,0.388894,0.147501
2022-04-11,12.711841,0.519785,0.387744,0.132042
2022-04-12,12.714579,0.506493,0.386594,0.119899
2022-04-13,12.717317,0.511996,0.385446,0.126550
2022-04-14,12.720055,0.513577,0.384299,0.129279
2022-04-15,12.722793,0.508438,0.383152,0.125286
2022-04-16,12.725530,0.578932,0.382006,0.196926
2022-04-17,12.728268,0.508239,0.380861,0.127378
2022-04-18,12.731006,0.501332,0.379717,0.121614
2022-04-19,12.733744,0.515746,0.378575,0.137172
2022-04-20,12.736482,0.519423,0.377433,0.141990
2022-04-21,12.739220,0.521198,0.376292,0.144906
2022-04-22,12.741958,0.504382,0.375152,0.129230
2022-04-23,12.744695,0.499481,0.374013,0.125468
2022-04-24,12.747433,0.498784,0.372875,0.125909
2022-04-25,12.750171,0.494187,0.371739,0.122448
2022-04-26,12.752909,0.497850,0.370603,0.127246
2022-04-27,12.755647,0.488685,0.369469,0.119215
2022-04-28,12.758385,0.495891,0.368336,0.127555
2022-04-29,12.761123,0.488347,0.367204,0.121143
2022-04-30,12.763860,0.481623,0.366074,0.115549
2022-05-01,12.766598,0.475959,0.364944,0.111015
2022-05-02,12.769336,0.567310,0.363816,0.203494
2022-05-03,12.772074,0.563666,0.362689,0.200977
2022-05-04,12.774812,0.483252,0.361564,0.121688
2022-05-05,12.777550,0.477822,0.360440,0.117383
2022-05-06,12.780287,0.452170,0.359317,0.092853
2022-05-07,12.783025,0.450669,0.358196,0.092473
2022-05-08,12.785763,0.435094,0.357076,0.078018
2022-05-09,12.788501,0.410422,0.355957,0.054464
2022-05-10,12.791239,0.392487,0.354841,0.037646
2022-05-11,12.793977,0.381392,0.353725,0.027667
2022-05-12,12.796715,0.350692,0.352611,-0.001919
2022-05-13,12.799452,0.373854,0.351499,0.022355
2022-05-14,12.802190,0.360455,0.350388,0.010067
2022-05-15,12.804928,0.371632,0.349279,0.022353
2022-05-16,12.807666,0.366846,0.348171,0.018675
2022-05-17,12.810404,0.370858,0.347065,0.023793
2022-05-18,12.813142,0.360563,0.345961,0.014603
2022-05-19,12.815880,0.359786,0.344858,0.014928
2022-05-20,12.818617,0.362407,0.343757,0.018649
2022-05-21,12.821355,0.355121,0.342658,0.012463
2022-05-22,12.824093,0.361284,0.341560,0.019723
2022-05-23,12.826831,0.364968,0.340465,0.024503
2022-05-24,12.829569,0.353197,0.339371,0.013826
2022-05-25,12.832307,0.358995,0.338279,0.020717
2022-05-26,12.835044,0.353736,0.337188,0.016548
2022-05-27,12.837782,0.344732,0.336100,0.008632
2022-05-28,12.840520,0.343351,0.335014,0.008337
2022-05-29,12.843258,0.346017,0.333929,0.012088
2022-05-30,12.845996,0.366497,0.332846,0.033651
2022-05-31,12.848734,0.380175,0.331766,0.048409
2022-06-01,12.851472,0.370558,0.330687,0.039871
2022-06-02,12.854209,0.356362,0.329610,0.026752
2022-06-03,12.856947,0.355360,0.328535,0.026824
2022-06-04,12.859685,0.351180,0.327462,0.023717
2022-06-05,12.862423,0.352543,0.326392,0.026151
2022-06-06,12.865161,0.371839,0.325323,0.046515
2022-06-07,12.867899,0.353853,0.324257,0.029597
2022-06-08,12.870637,0.359994,0.323192,0.036802
2022-06-09,12.873374,0.356672,0.322130,0.034542
2022-06-10,12.876112,0.347656,0.321070,0.026586
2022-06-11,12.878850,0.336258,0.320012,0.016246
2022-06-12,12.881588,0.317215,0.318956,-0.001741
2022-06-13,12.884326,0.259954,0.317903,-0.057949
2022-06-14,12.887064,0.221437,0.316851,-0.095414
2022-06-15,12.889802,0.205103,0.315802,-0.110700
2022-06-16,12.892539,0.205832,0.314756,-0.108924
2022-06-17,12.895277,0.190547,0.313711,-0.123164
2022-06-18,12.898015,0.160207,0.312669,-0.152462
2022-06-19,12.900753,0.159678,0.311629,-0.151951
2022-06-20,12.903491,0.181313,0.310592,-0.129279
2022-06-21,12.906229,0.195708,0.309557,-0.113849
2022-06-22,12.908966,0.180267,0.308524,-0.128257
2022-06-23,12.911704,0.184909,0.307494,-0.122585
2022-06-24,12.914442,0.195899,0.306466,-0.110567
2022-06-25,12.917180,0.198780,0.305441,-0.106661
2022-06-26,12.919918,0.200417,0.304418,-0.104001
2022-06-27,12.922656,0.193220,0.303398,-0.110178
2022-06-28,12.925394,0.185644,0.302380,-0.116736
2022-06-29,12.928131,0.173275,0.301365,-0.128090
2022-06-30,12.930869,0.156331,0.300352,-0.144021
2022-07-01,12.933607,0.160377,0.299342,-0.138965
2022-07-02,12.936345,0.152409,0.298334,-0.145925
2022-07-03,12.939083,0.149883,0.297329,-0.147446
2022-07-04,12.941821,0.157595,0.296327,-0.138732
2022-07-05,12.944559,0.167546,0.295327,-0.127781
2022-07-06,12.947296,0.171171,0.294330,-0.123159
2022-07-07,12.950034,0.183549,0.293336,-0.109787
2022-07-08,12.952772,0.202829,0.292345,-0.089516
2022-07-09,12.955510,0.199405,0.291356,-0.091951
2022-07-10,12.958248,0.189325,0.290369,-0.101044
2022-07-11,12.960986,0.175201,0.289386,-0.114185
2022-07-12,12.963723,0.159308,0.288405,-0.129097
2022-07-13,12.966461,0.155354,0.287428,-0.132074
2022-07-14,12.969199,0.167258,0.286453,-0.119195
2022-07-15,12.971937,0.179589,0.285480,-0.105892
2022-07-16,12.974675,0.180523,0.284511,-0.103988
2022-07-17,12.977413,0.186657,0.283545,-0.096888
2022-07-18,12.980151,0.198332,0.282581,-0.084249
2022-07-19,12.982888,0.211077,0.281620,-0.070544
2022-07-20,12.985626,0.230166,0.280663,-0.050496
2022-07-21,12.988364,0.218012,0.279708,-0.061696
2022-07-22,12.991102,0.221489,0.278756,-0.057267
2022-07-23,12.993840,0.209279,0.277807,-0.068528
2022-07-24,12.996578,0.212036,0.276861,-0.064825
2022-07-25,12.999316,0.198314,0.275918,-0.077604
2022-07-26,13.002053,0.179702,0.274978,-0.095276
2022-07-27,13.004791,0.191931,0.274041,-0.082110
2022-07-28,13.007529,0.222442,0.273107,-0.050665
2022-07-29,13.010267,0.231246,0.272176,-0.040930
2022-07-30,13.013005,0.233216,0.271248,-0.038033
2022-07-31,13.015743,0.227487,0.270324,-0.042837
2022-08-01,13.018480,0.217686,0.269402,-0.051716
2022-08-02,13.021218,0.212077,0.268484,-0.056407
2022-08-03,13.023956,0.215785,0.267568,-0.051784
2022-08-04,13.026694,0.209404,0.266656,-0.057253
2022-08-05,13.029432,0.213403,0.265747,-0.052344
2022-08-06,13.032170,0.214767,0.264841,-0.050075
2022-08-07,13.034908,0.211983,0.263939,-0.051956
2022-08-08,13.037645,0.224640,0.263040,-0.038400
2022-08-09,13.040383,0.217762,0.262143,-0.044381
2022-08-10,13.043121,0.217639,0.261250,-0.043612
2022-08-11,13.045859,0.233817,0.260361,-0.026544
2022-08-12,13.048597,0.226250,0.259474,-0.033224
2022-08-13,13.051335,0.235439,0.258591,-0.023152
2022-08-14,13.054073,0.234548,0.257712,-0.023164
2022-08-15,13.056810,0.229974,0.256835,-0.026861
2022-08-16,13.059548,0.224649,0.255962,-0.031313
2022-08-17,13.062286,0.219656,0.255092,-0.035436
2022-08-18,13.065024,0.214342,0.254226,-0.039883
2022-08-19,13.067762,0.183705,0.253363,-0.069658
2022-08-20,13.070500,0.170744,0.252503,-0.081758
2022-08-21,13.073238,0.174345,0.251647,-0.077301
2022-08-22,13.075975,0.171708,0.250794,-0.079086
2022-08-23,13.078713,0.173862,0.249944,-0.076082
2022-08-24,13.081451,0.174961,0.249098,-0.074137
2022-08-25,13.084189,0.177105,0.248256,-0.071150
2022-08-26,13.086927,0.167848,0.247416,-0.079569
2022-08-27,13.089665,0.145570,0.246581,-0.101011
2022-08-28,13.092402,0.142334,0.245749,-0.103415
2022-08-29,13.095140,0.141730,0.244920,-0.103190
2022-08-30,13.097878,0.144708,0.244095,-0.099387
2022-08-31,13.100616,0.145584,0.243273,-0.097690
2022-09-01,13.103354,0.139963,0.242455,-0.102492
2022-09-02,13.106092,0.142035,0.241641,-0.099606
2022-09-03,13.108830,0.136163,0.240830,-0.104667
2022-09-04,13.111567,0.134873,0.240022,-0.105149
2022-09-05,13.114305,0.134201,0.239218,-0.105017
2022-09-06,13.117043,0.129375,0.238418,-0.109043
2022-09-07,13.119781,0.113566,0.237621,-0.124055
2022-09-08,13.122519,0.120976,0.236828,-0.115852
2022-09-09,13.125257,0.152484,0.236039,-0.083555
2022-09-10,13.127995,0.164913,0.235253,-0.070340
2022-09-11,13.130732,0.168392,0.234471,-0.066079
2022-09-12,13.133470,0.178238,0.233693,-0.055455
2022-09-13,13.136208,0.165565,0.232918,-0.067354
2022-09-14,13.138946,0.138933,0.232147,-0.093214
2022-09-15,13.141684,0.133565,0.231380,-0.097815
2022-09-16,13.144422,0.127192,0.230616,-0.103424
2022-09-17,13.147159,0.132061,0.229856,-0.097795
2022-09-18,13.149897,0.129456,0.229100,-0.099644
2022-09-19,13.152635,0.110379,0.228347,-0.117968
2022-09-20,13.155373,0.113483,0.227599,-0.114116
2022-09-21,13.158111,0.109372,0.226854,-0.117482
2022-09-22,13.160849,0.108707,0.226112,-0.117406
2022-09-23,13.163587,0.109424,0.225375,-0.115950
2022-09-24,13.166324,0.109338,0.224641,-0.115304
2022-09-25,13.169062,0.106726,0.223911,-0.117185
2022-09-26,13.171800,0.107730,0.223185,-0.115455
2022-09-27,13.174538,0.123300,0.222463,-0.099163
2022-09-28,13.177276,0.109337,0.221745,-0.112408
2022-09-29,13.180014,0.114798,0.221030,-0.106232
2022-09-30,13.182752,0.117248,0.220319,-0.103071
2022-10-01,13.185489,0.112617,0.219612,-0.106995
2022-10-02,13.188227,0.110102,0.218909,-0.108807
2022-10-03,13.190965,0.111724,0.218210,-0.106486
2022-10-04,13.193703,0.125193,0.217514,-0.092321
2022-10-05,13.196441,0.128631,0.216823,-0.088192
2022-10-06,13.199179,0.128939,0.216135,-0.087196
2022-10-07,13.201916,0.120852,0.215452,-0.094600
2022-10-08,13.204654,0.115298,0.214772,-0.099474
2022-10-09,13.207392,0.114452,0.214096,-0.099644
2022-10-10,13.210130,0.111963,0.213424,-0.101461
2022-10-11,13.212868,0.106698,0.212756,-0.106058
2022-10-12,13.215606,0.107382,0.212092,-0.104710
2022-10-13,13.218344,0.104243,0.211432,-0.107189
2022-10-14,13.221081,0.109885,0.210776,-0.100890
2022-10-15,13.223819,0.101009,0.210123,-0.109114
2022-10-16,13.226557,0.101113,0.209475,-0.108362
2022-10-17,13.229295,0.105862,0.208831,-0.102969
2022-10-18,13.232033,0.107073,0.208190,-0.101117
2022-10-19,13.234771,0.100515,0.207554,-0.107039
2022-10-20,13.237509,0.096444,0.206921,-0.110478
2022-10-21,13.240246,0.092456,0.206293,-0.113838
2022-10-22,13.242984,0.094111,0.205669,-0.111557
2022-10-23,13.245722,0.095798,0.205048,-0.109250
2022-10-24,13.248460,0.097692,0.204432,-0.106740
2022-10-25,13.251198,0.101801,0.203819,-0.102018
2022-10-26,13.253936,0.121553,0.203211,-0.081658
2022-10-27,13.256674,0.122475,0.202607,-0.080132
2022-10-28,13.259411,0.116993,0.202006,-0.085013
2022-10-29,13.262149,0.124706,0.201410,-0.076704
2022-10-30,13.264887,0.122903,0.200818,-0.077915
2022-10-31,13.267625,0.117990,0.200230,-0.082240
2022-11-01,13.270363,0.117019,0.199646,-0.082626
2022-11-02,13.273101,0.114439,0.199066,-0.084627
2022-11-03,13.275838,0.111040,0.198490,-0.087450
2022-11-04,13.278576,0.120207,0.197918,-0.077710
2022-11-05,13.281314,0.132601,0.197350,-0.064749
2022-11-06,13.284052,0.129471,0.196786,-0.067315
2022-11-07,13.286790,0.119805,0.196226,-0.076422
2022-11-08,13.289528,0.093281,0.195671,-0.102390
2022-11-09,13.292266,0.046161,0.195119,-0.148958
2022-11-10,13.295003,0.033322,0.194572,-0.161250
2022-11-11,13.297741,0.036335,0.194028,-0.157693
2022-11-12,13.300479,0.030030,0.193489,-0.163459
2022-11-13,13.303217,0.025094,0.192954,-0.167859
2022-11-14,13.305955,0.020308,0.192423,-0.172115
2022-11-15,13.308693,0.030003,0.191896,-0.161893
2022-11-16,13.311431,0.026080,0.191373,-0.165293
2022-11-17,13.314168,0.023382,0.190854,-0.167472
2022-11-18,13.316906,0.026231,0.190340,-0.164109
2022-11-19,13.319644,0.023334,0.189829,-0.166496
2022-11-20,13.322382,0.021227,0.189323,-0.168096
2022-11-21,13.325120,0.006274,0.188820,-0.182547
2022-11-22,13.327858,0.003962,0.188322,-0.184360
2022-11-23,13.330595,0.017763,0.187828,-0.170065
2022-11-24,13.333333,0.020587,0.187339,-0.166752
2022-11-25,13.336071,0.017285,0.186853,-0.169568
2022-11-26,13.338809,0.018430,0.186371,-0.167941
2022-11-27,13.341547,0.017572,0.185894,-0.168322
2022-11-28,13.344285,0.008579,0.185420,-0.176841
2022-11-29,13.347023,0.013554,0.184951,-0.171397
2022-11-30,13.349760,0.026090,0.184486,-0.158396
2022-12-01,13.352498,0.029351,0.184025,-0.154674
2022-12-02,13.355236,0.026565,0.183569,-0.157003
2022-12-03,13.357974,0.026463,0.183116,-0.156653
2022-12-04,13.360712,0.027155,0.182667,-0.155512
2022-12-05,13.363450,0.030726,0.182223,-0.151497
2022-12-06,13.366188,0.025938,0.181783,-0.155845
2022-12-07,13.368925,0.023554,0.181347,-0.157793
2022-12-08,13.371663,0.024470,0.180915,-0.156445
2022-12-09,13.374401,0.029456,0.180487,-0.151031
2022-12-10,13.377139,0.028415,0.180064,-0.151649
2022-12-11,13.379877,0.027867,0.179644,-0.151777
2022-12-12,13.382615,0.024157,0.179229,-0.155072
2022-12-13,13.385352,0.034748,0.178818,-0.144070
2022-12-14,13.388090,0.043643,0.178411,-0.134768
2022-12-15,13.390828,0.036359,0.178008,-0.141649
2022-12-16,13.393566,0.024741,0.177609,-0.152868
2022-12-17,13.396304,0.015402,0.177215,-0.161813
2022-12-18,13.399042,0.015756,0.176825,-0.161068
2022-12-19,13.401780,0.014067,0.176438,-0.162371
2022-12-20,13.404517,0.016224,0.176056,-0.159832
2022-12-21,13.407255,0.016733,0.175678,-0.158945
2022-12-22,13.409993,0.014347,0.175304,-0.160957
2022-12-23,13.412731,0.013946,0.174935,-0.160989
2022-12-24,13.415469,0.013533,0.174569,-0.161036
2022-12-25,13.418207,0.012755,0.174208,-0.161453
2022-12-26,13.420945,0.013479,0.173851,-0.160371
2022-12-27,13.423682,0.012643,0.173497,-0.160855
2022-12-28,13.426420,0.008428,0.173149,-0.164721
2022-12-29,13.429158,0.007030,0.172804,-0.165773
2022-12-30,13.431896,0.005926,0.172463,-0.166537
2022-12-31,13.434634,0.005702,0.172126,-0.166424
2023-01-01,13.437372,0.005085,0.171794,-0.166708
2023-01-02,13.440110,0.007128,0.171466,-0.164337
2023-01-03,13.442847,0.006651,0.171141,-0.164490
2023-01-04,13.445585,0.009174,0.170821,-0.161648
2023-01-05,13.448323,0.008728,0.170505,-0.161777
2023-01-06,13.451061,0.008447,0.170193,-0.161746
2023-01-07,13.453799,0.010430,0.169886,-0.159456
2023-01-08,13.456537,0.010376,0.169582,-0.159206
2023-01-09,13.459274,0.017006,0.169282,-0.152277
2023-01-10,13.462012,0.020923,0.168987,-0.148064
2023-01-11,13.464750,0.024366,0.168696,-0.144330
2023-01-12,13.467488,0.045019,0.168408,-0.123389
2023-01-13,13.470226,0.057409,0.168125,-0.110716
2023-01-14,13.472964,0.092389,0.167846,-0.075457
2023-01-15,13.475702,0.091331,0.167571,-0.076240
2023-01-16,13.478439,0.097926,0.167300,-0.069374
2023-01-17,13.481177,0.104939,0.167033,-0.062095
2023-01-18,13.483915,0.098856,0.166771,-0.067914
2023-01-19,13.486653,0.094437,0.166512,-0.072075
2023-01-20,13.489391,0.105302,0.166257,-0.060956
2023-01-21,13.492129,0.132266,0.166007,-0.033741
2023-01-22,13.494867,0.129726,0.165760,-0.036034
2023-01-23,13.497604,0.129788,0.165518,-0.035730
2023-01-24,13.500342,0.131811,0.165279,-0.033468
2023-01-25,13.503080,0.127930,0.165045,-0.037115
2023-01-26,13.505818,0.133606,0.164814,-0.031209
2023-01-27,13.508556,0.132448,0.164588,-0.032140
2023-01-28,13.511294,0.132437,0.164366,-0.031929
2023-01-29,13.514031,0.139469,0.164148,-0.024679
2023-01-30,13.516769,0.137502,0.163933,-0.026432
2023-01-31,13.519507,0.131731,0.163723,-0.031992
2023-02-01,13.522245,0.134869,0.163517,-0.028648
2023-02-02,13.524983,0.144742,0.163315,-0.018572
2023-02-03,13.527721,0.138819,0.163116,-0.024297
2023-02-04,13.530459,0.136174,0.162922,-0.026748
2023-02-05,13.533196,0.132728,0.162732,-0.030004
2023-02-06,13.535934,0.127501,0.162545,-0.035045
2023-02-07,13.538672,0.128535,0.162363,-0.033828
2023-02-08,13.541410,0.130234,0.162185,-0.031951
2023-02-09,13.544148,0.120793,0.162010,-0.041217
2023-02-10,13.546886,0.105018,0.161840,-0.056821
2023-02-11,13.549624,0.103295,0.161673,-0.058378
2023-02-12,13.552361,0.106927,0.161511,-0.054583
2023-02-13,13.555099,0.103212,0.161352,-0.058140
2023-02-14,13.557837,0.106499,0.161197,-0.054699
2023-02-15,13.560575,0.120580,0.161046,-0.040467
2023-02-16,13.563313,0.155021,0.160900,-0.005879
2023-02-17,13.566051,0.145657,0.160756,-0.015099
2023-02-18,13.568789,0.154872,0.160617,-0.005746
2023-02-19,13.571526,0.154754,0.160482,-0.005728
2023-02-20,13.574264,0.154525,0.160351,-0.005826
2023-02-21,13.577002,0.154694,0.160223,-0.005530
2023-02-22,13.579740,0.143723,0.160100,-0.016377
2023-02-23,13.582478,0.145138,0.159980,-0.014842
2023-02-24,13.585216,0.136619,0.159864,-0.023245
2023-02-25,13.587953,0.126081,0.159752,-0.033671
2023-02-26,13.590691,0.129157,0.159644,-0.030487
2023-02-27,13.593429,0.131633,0.159539,-0.027907
2023-02-28,13.596167,0.130144,0.159439,-0.029294
2023-03-01,13.598905,0.133306,0.159342,-0.026036
2023-03-02,13.601643,0.130312,0.159249,-0.028937
2023-03-03,13.604381,0.112057,0.159160,-0.047103
2023-03-04,13.607118,0.109932,0.159075,-0.049142
2023-03-05,13.609856,0.111594,0.158993,-0.047399
2023-03-06,13.612594,0.111117,0.158915,-0.047798
2023-03-07,13.615332,0.108719,0.158841,-0.050122
2023-03-08,13.618070,0.102754,0.158771,-0.056017
2023-03-09,13.620808,0.090339,0.158704,-0.068365
2023-03-10,13.623546,0.061185,0.158641,-0.097456
2023-03-11,13.626283,0.069951,0.158582,-0.088631
2023-03-12,13.629021,0.078535,0.158527,-0.079991
2023-03-13,13.631759,0.119173,0.158475,-0.039302
2023-03-14,13.634497,0.149159,0.158427,-0.009268
2023-03-15,13.637235,0.147215,0.158383,-0.011167
2023-03-16,13.639973,0.147583,0.158342,-0.010759
2023-03-17,13.642710,0.171168,0.158305,0.012863
2023-03-18,13.645448,0.187572,0.158272,0.029300
2023-03-19,13.648186,0.189469,0.158242,0.031227
2023-03-20,13.650924,0.195512,0.158216,0.037296
2023-03-21,13.653662,0.196118,0.158194,0.037925
2023-03-22,13.656400,0.196772,0.158175,0.038597
2023-03-23,13.659138,0.192235,0.158160,0.034075
2023-03-24,13.661875,0.194814,0.158148,0.036666
2023-03-25,13.664613,0.187812,0.158140,0.029672
2023-03-26,13.667351,0.190615,0.158136,0.032479
2023-03-27,13.670089,0.187483,0.158135,0.029348
2023-03-28,13.672827,0.179906,0.158138,0.021768
2023-03-29,13.675565,0.194872,0.158144,0.036728
2023-03-30,13.678303,0.198408,0.158154,0.040254
2023-03-31,13.681040,0.195962,0.158167,0.037795
2023-04-01,13.683778,0.198782,0.158184,0.040598
2023-04-02,13.686516,0.195845,0.158204,0.037640
2023-04-03,13.689254,0.191094,0.158228,0.032866
2023-04-04,13.691992,0.191424,0.158255,0.033168
2023-04-05,13.694730,0.194878,0.158286,0.036592
2023-04-06,13.697467,0.190185,0.158321,0.031864
2023-04-07,13.700205,0.189167,0.158358,0.030809
2023-04-08,13.702943,0.189440,0.158399,0.031040
2023-04-09,13.705681,0.189670,0.158444,0.031226
2023-04-10,13.708419,0.196892,0.158492,0.038400
2023-04-11,13.711157,0.218060,0.158543,0.059517
2023-04-12,13.713895,0.216465,0.158598,0.057867
2023-04-13,13.716632,0.218541,0.158656,0.059884
2023-04-14,13.719370,0.224438,0.158718,0.065720
2023-04-15,13.722108,0.222472,0.158783,0.063689
2023-04-16,13.724846,0.220923,0.158851,0.062072
2023-04-17,13.727584,0.208722,0.158923,0.049799
2023-04-18,13.730322,0.208533,0.158998,0.049535
2023-04-19,13.733060,0.201256,0.159076,0.042180
2023-04-20,13.735797,0.186531,0.159157,0.027374
2023-04-21,13.738535,0.175012,0.159242,0.015770
2023-04-22,13.741273,0.166510,0.159330,0.007180
2023-04-23,13.744011,0.169149,0.159422,0.009728
2023-04-24,13.746749,0.166649,0.159516,0.007133
2023-04-25,13.749487,0.166137,0.159614,0.006523
2023-04-26,13.752225,0.185943,0.159715,0.026228
2023-04-27,13.754962,0.190666,0.159819,0.030846
2023-04-28,13.757700,0.192717,0.159927,0.032790
2023-04-29,13.760438,0.192052,0.160037,0.032015
2023-04-30,13.763176,0.192065,0.160151,0.031914
2023-05-01,13.765914,0.178257,0.160268,0.017989
2023-05-02,13.768652,0.175973,0.160388,0.015584
2023-05-03,13.771389,0.179998,0.160512,0.019487
2023-05-04,13.774127,0.185308,0.160638,0.024670
2023-05-05,13.776865,0.189204,0.160767,0.028437
2023-05-06,13.779603,0.186887,0.160900,0.025987
2023-05-07,13.782341,0.183548,0.161036,0.022512
2023-05-08,13.785079,0.168199,0.161175,0.007025
2023-05-09,13.787817,0.161532,0.161316,0.000216
2023-05-10,13.790554,0.162869,0.161461,0.001408
2023-05-11,13.793292,0.155610,0.161609,-0.005999
2023-05-12,13.796030,0.142699,0.161760,-0.019061
2023-05-13,13.798768,0.147323,0.161914,-0.014591
2023-05-14,13.801506,0.147494,0.162071,-0.014577
2023-05-15,13.804244,0.154904,0.162231,-0.007326
2023-05-16,13.806982,0.150594,0.162394,-0.011800
2023-05-17,13.809719,0.148762,0.162559,-0.013797
2023-05-18,13.812457,0.150755,0.162728,-0.011973
2023-05-19,13.815195,0.146286,0.162900,-0.016614
2023-05-20,13.817933,0.146873,0.163074,-0.016201
2023-05-21,13.820671,0.147212,0.163252,-0.016040
2023-05-22,13.823409,0.144619,0.163432,-0.018813
2023-05-23,13.826146,0.150314,0.163615,-0.013301
2023-05-24,13.828884,0.140325,0.163801,-0.023476
2023-05-25,13.831622,0.135099,0.163990,-0.028891
2023-05-26,13.834360,0.139124,0.164182,-0.025058
2023-05-27,13.837098,0.141211,0.164376,-0.023166
2023-05-28,13.839836,0.149947,0.164574,-0.014626
2023-05-29,13.842574,0.157658,0.164774,-0.007116
2023-05-30,13.845311,0.155895,0.164977,-0.009082
2023-05-31,13.848049,0.146583,0.165182,-0.018599
2023-06-01,13.850787,0.141253,0.165391,-0.024138
2023-06-02,13.853525,0.142971,0.165602,-0.022631
2023-06-03,13.856263,0.144010,0.165816,-0.021805
2023-06-04,13.859001,0.143994,0.166032,-0.022038
2023-06-05,13.861739,0.132639,0.166251,-0.033612
2023-06-06,13.864476,0.126795,0.166473,-0.039678
2023-06-07,13.867214,0.135773,0.166698,-0.030925
2023-06-08,13.869952,0.132282,0.166925,-0.034643
2023-06-09,13.872690,0.132508,0.167154,-0.034646
2023-06-10,13.875428,0.121702,0.167387,-0.045684
2023-06-11,13.878166,0.121668,0.167622,-0.045954
2023-06-12,13.880903,0.121668,0.167859,-0.046191
2023-06-13,13.883641,0.122656,0.168099,-0.045443
2023-06-14,13.886379,0.119620,0.168342,-0.048722
2023-06-15,13.889117,0.107445,0.168587,-0.061142
2023-06-16,13.891855,0.117502,0.168835,-0.051332
2023-06-17,13.894593,0.128898,0.169085,-0.040187
2023-06-18,13.897331,0.130560,0.169338,-0.038778
2023-06-19,13.900068,0.129387,0.169593,-0.040206
2023-06-20,13.902806,0.139244,0.169851,-0.030607
2023-06-21,13.905544,0.170211,0.170111,0.000100
2023-06-22,13.908282,0.180878,0.170373,0.010505
2023-06-23,13.911020,0.183978,0.170638,0.013340
2023-06-24,13.913758,0.187254,0.170905,0.016349
2023-06-25,13.916496,0.186452,0.171175,0.015276
2023-06-26,13.919233,0.181782,0.171447,0.010335
2023-06-27,13.921971,0.184892,0.171721,0.013171
2023-06-28,13.924709,0.181928,0.171998,0.009929
2023-06-29,13.927447,0.182552,0.172277,0.010275
2023-06-30,13.930185,0.183842,0.172559,0.011283
2023-07-01,13.932923,0.182250,0.172842,0.009408
2023-07-02,13.935661,0.182222,0.173128,0.009094
2023-07-03,13.938398,0.185403,0.173417,0.011986
2023-07-04,13.941136,0.187224,0.173707,0.013517
2023-07-05,13.943874,0.181716,0.174000,0.007716
2023-07-06,13.946612,0.180314,0.174295,0.006019
2023-07-07,13.949350,0.175561,0.174592,0.000969
2023-07-08,13.952088,0.175408,0.174891,0.000517
2023-07-09,13.954825,0.175686,0.175192,0.000494
2023-07-10,13.957563,0.175006,0.175496,-0.000490
2023-07-11,13.960301,0.177790,0.175802,0.001988
2023-07-12,13.963039,0.178397,0.176110,0.002288
2023-07-13,13.965777,0.179680,0.176419,0.003261
2023-07-14,13.968515,0.182527,0.176732,0.005796
2023-07-15,13.971253,0.173248,0.177046,-0.003797
2023-07-16,13.973990,0.172602,0.177362,-0.004760
2023-07-17,13.976728,0.170758,0.177680,-0.006922
2023-07-18,13.979466,0.167113,0.178000,-0.010887
2023-07-19,13.982204,0.167150,0.178323,-0.011173
2023-07-20,13.984942,0.166776,0.178647,-0.011871
2023-07-21,13.987680,0.164675,0.178973,-0.014298
2023-07-22,13.990418,0.164950,0.179301,-0.014351
2023-07-23,13.993155,0.165415,0.179631,-0.014216
2023-07-24,13.995893,0.157666,0.179963,-0.022297
2023-07-25,13.998631,0.154090,0.180297,-0.026208
2023-07-26,14.001369,0.154795,0.180633,-0.025838
2023-07-27,14.004107,0.155232,0.180971,-0.025739
2023-07-28,14.006845,0.153350,0.181311,-0.027960
2023-07-29,14.009582,0.153783,0.181652,-0.027870
2023-07-30,14.012320,0.152878,0.181995,-0.029117
2023-07-31,14.015058,0.153114,0.182341,-0.029227
2023-08-01,14.017796,0.148737,0.182688,-0.033951
2023-08-02,14.020534,0.153966,0.183036,-0.029070
2023-08-03,14.023272,0.150407,0.183387,-0.032980
2023-08-04,14.026010,0.149876,0.183739,-0.033863
2023-08-05,14.028747,0.147959,0.184093,-0.036134
2023-08-06,14.031485,0.147565,0.184449,-0.036884
2023-08-07,14.034223,0.147394,0.184806,-0.037412
2023-08-08,14.036961,0.152410,0.185165,-0.032755
2023-08-09,14.039699,0.155255,0.185526,-0.030272
2023-08-10,14.042437,0.152078,0.185889,-0.033811
2023-08-11,14.045175,0.150326,0.186253,-0.035926
2023-08-12,14.047912,0.150003,0.186619,-0.036615
2023-08-13,14.050650,0.149457,0.186986,-0.037529
2023-08-14,14.053388,0.149018,0.187355,-0.038337
2023-08-15,14.056126,0.148275,0.187725,-0.039451
2023-08-16,14.058864,0.145009,0.188097,-0.043088
2023-08-17,14.061602,0.131149,0.188471,-0.057322
2023-08-18,14.064339,0.102593,0.188846,-0.086253
2023-08-19,14.067077,0.097501,0.189223,-0.091722
2023-08-20,14.069815,0.098345,0.189601,-0.091256
2023-08-21,14.072553,0.096869,0.189981,-0.093112
2023-08-22,14.075291,0.094901,0.190362,-0.095461
2023-08-23,14.078029,0.097945,0.190745,-0.092799
2023-08-24,14.080767,0.098718,0.191129,-0.092411
2023-08-25,14.083504,0.094500,0.191514,-0.097014
2023-08-26,14.086242,0.093890,0.191901,-0.098011
2023-08-27,14.088980,0.093893,0.192289,-0.098396
2023-08-28,14.091718,0.092993,0.192679,-0.099685
2023-08-29,14.094456,0.103075,0.193070,-0.089995
2023-08-30,14.097194,0.112176,0.193462,-0.081286
2023-08-31,14.099932,0.104513,0.193856,-0.089342
2023-09-01,14.102669,0.089641,0.194251,-0.104609
2023-09-02,14.105407,0.087727,0.194647,-0.106920
2023-09-03,14.108145,0.088379,0.195045,-0.106666
2023-09-04,14.110883,0.087651,0.195443,-0.107793
2023-09-05,14.113621,0.084705,0.195843,-0.111139
2023-09-06,14.116359,0.083834,0.196245,-0.112411
2023-09-07,14.119097,0.084896,0.196647,-0.111751
2023-09-08,14.121834,0.087396,0.197051,-0.109655
2023-09-09,14.124572,0.084429,0.197456,-0.113027
2023-09-10,14.127310,0.083515,0.197862,-0.114346
2023-09-11,14.130048,0.078163,0.198269,-0.120106
2023-09-12,14.132786,0.083810,0.198677,-0.114868
2023-09-13,14.135524,0.086689,0.199087,-0.112397
2023-09-14,14.138261,0.091431,0.199497,-0.108066
2023-09-15,14.140999,0.091986,0.199909,-0.107923
2023-09-16,14.143737,0.092591,0.200322,-0.107731
2023-09-17,14.146475,0.091606,0.200735,-0.109130
2023-09-18,14.149213,0.096322,0.201150,-0.104828
2023-09-19,14.151951,0.098927,0.201566,-0.102639
2023-09-20,14.154689,0.099623,0.201983,-0.102360
2023-09-21,14.157426,0.093896,0.202401,-0.108505
2023-09-22,14.160164,0.090829,0.202820,-0.111991
2023-09-23,14.162902,0.089814,0.203239,-0.113426
2023-09-24,14.165640,0.089162,0.203660,-0.114498
2023-09-25,14.168378,0.082771,0.204082,-0.121311
2023-09-26,14.171116,0.082825,0.204504,-0.121679
2023-09-27,14.173854,0.083546,0.204928,-0.121382
2023-09-28,14.176591,0.089129,0.205352,-0.116223
2023-09-29,14.179329,0.092772,0.205777,-0.113006
2023-09-30,14.182067,0.092267,0.206204,-0.113936
2023-10-01,14.184805,0.094715,0.206630,-0.111915
2023-10-02,14.187543,0.107248,0.207058,-0.099811
2023-10-03,14.190281,0.099083,0.207487,-0.108404
2023-10-04,14.193018,0.099046,0.207916,-0.108870
2023-10-05,14.195756,0.100522,0.208346,-0.107824
2023-10-06,14.198494,0.101291,0.208777,-0.107486
2023-10-07,14.201232,0.104346,0.209209,-0.104863
2023-10-08,14.203970,0.103999,0.209641,-0.105643
2023-10-09,14.206708,0.099767,0.210074,-0.110307
2023-10-10,14.209446,0.097116,0.210508,-0.113392
2023-10-11,14.212183,0.088665,0.210942,-0.122277
2023-10-12,14.214921,0.084852,0.211378,-0.126525
2023-10-13,14.217659,0.085353,0.211813,-0.126461
2023-10-14,14.220397,0.085533,0.212250,-0.126717
2023-10-15,14.223135,0.086089,0.212687,-0.126597
2023-10-16,14.225873,0.101008,0.213125,-0.112116
2023-10-17,14.228611,0.107404,0.213563,-0.106159
2023-10-18,14.231348,0.107421,0.214002,-0.106581
2023-10-19,14.234086,0.108312,0.214441,-0.106129
2023-10-20,14.236824,0.121126,0.214881,-0.093755
2023-10-21,14.239562,0.125626,0.215322,-0.089696
2023-10-22,14.242300,0.127148,0.215763,-0.088615
2023-10-23,14.245038,0.140515,0.216204,-0.075689
2023-10-24,14.247775,0.181501,0.216646,-0.035145
2023-10-25,14.250513,0.184475,0.217089,-0.032614
2023-10-26,14.253251,0.184069,0.217532,-0.033463
2023-10-27,14.255989,0.179256,0.217975,-0.038720
2023-10-28,14.258727,0.180387,0.218419,-0.038032
2023-10-29,14.261465,0.182308,0.218863,-0.036556
2023-10-30,14.264203,0.183227,0.219308,-0.036081
2023-10-31,14.266940,0.182311,0.219753,-0.037442
2023-11-01,14.269678,0.184715,0.220199,-0.035483
2023-11-02,14.272416,0.190804,0.220644,-0.029840
2023-11-03,14.275154,0.183447,0.221091,-0.037644
2023-11-04,14.277892,0.185474,0.221537,-0.036063
2023-11-05,14.280630,0.187583,0.221984,-0.034401
2023-11-06,14.283368,0.186382,0.222431,-0.036049
2023-11-07,14.286105,0.185766,0.222878,-0.037113
2023-11-08,14.288843,0.190559,0.223326,-0.032768
2023-11-09,14.291581,0.204207,0.223774,-0.019567
2023-11-10,14.294319,0.208260,0.224222,-0.015962
2023-11-11,14.297057,0.210085,0.224671,-0.014585
2023-11-12,14.299795,0.209534,0.225119,-0.015586
2023-11-13,14.302533,0.206973,0.225568,-0.018596
2023-11-14,14.305270,0.199109,0.226017,-0.026908
2023-11-15,14.308008,0.199030,0.226466,-0.027437
2023-11-16,14.310746,0.205832,0.226916,-0.021084
2023-11-17,14.313484,0.199962,0.227365,-0.027403
2023-11-18,14.316222,0.201338,0.227815,-0.026477
2023-11-19,14.318960,0.202255,0.228265,-0.026010
2023-11-20,14.321697,0.209112,0.228715,-0.019603
2023-11-21,14.324435,0.206822,0.229165,-0.022342
2023-11-22,14.327173,0.202140,0.229615,-0.027475
2023-11-23,14.329911,0.208334,0.230065,-0.021731
2023-11-24,14.332649,0.212064,0.230515,-0.018452
2023-11-25,14.335387,0.212589,0.230966,-0.018377
2023-11-26,14.338125,0.210225,0.231416,-0.021191
2023-11-27,14.340862,0.205206,0.231866,-0.026660
2023-11-28,14.343600,0.208334,0.232316,-0.023982
2023-11-29,14.346338,0.212837,0.232767,-0.019929
2023-11-30,14.349076,0.211239,0.233217,-0.021978
2023-12-01,14.351814,0.217842,0.233667,-0.015826
2023-12-02,14.354552,0.222500,0.234118,-0.011617
2023-12-03,14.357290,0.228297,0.234568,-0.006270
2023-12-04,14.360027,0.247965,0.235018,0.012948
2023-12-05,14.362765,0.258332,0.235468,0.022864
2023-12-06,14.365503,0.274392,0.235918,0.038475
2023-12-07,14.368241,0.269919,0.236367,0.033551
2023-12-08,14.370979,0.270660,0.236817,0.033843
2023-12-09,14.373717,0.273176,0.237266,0.035909
2023-12-10,14.376454,0.271232,0.237716,0.033516
2023-12-11,14.379192,0.252010,0.238165,0.013845
2023-12-12,14.381930,0.248058,0.238614,0.009444
2023-12-13,14.384668,0.248919,0.239063,0.009857
2023-12-14,14.387406,0.260467,0.239511,0.020955
2023-12-15,14.390144,0.256192,0.239960,0.016232
2023-12-16,14.392882,0.253583,0.240408,0.013174
2023-12-17,14.395619,0.249527,0.240856,0.008671
2023-12-18,14.398357,0.244274,0.241304,0.002970
2023-12-19,14.401095,0.256622,0.241751,0.014871
2023-12-20,14.403833,0.261422,0.242198,0.019224
2023-12-21,14.406571,0.265977,0.242645,0.023332
2023-12-22,14.409309,0.266144,0.243092,0.023052
2023-12-23,14.412047,0.264534,0.243538,0.020996
2023-12-24,14.414784,0.263478,0.243984,0.019494
2023-12-25,14.417522,0.260551,0.244430,0.016122
2023-12-26,14.420260,0.253497,0.244875,0.008622
2023-12-27,14.422998,0.254857,0.245320,0.009537
2023-12-28,14.425736,0.254842,0.245764,0.009077
2023-12-29,14.428474,0.249402,0.246208,0.003194
2023-12-30,14.431211,0.246115,0.246652,-0.000537
2023-12-31,14.433949,0.249141,0.247096,0.002046
2024-01-01,14.436687,0.252550,0.247538,0.005011
2024-01-02,14.439425,0.275744,0.247981,0.027763
2024-01-03,14.442163,0.263282,0.248423,0.014859
2024-01-04,14.444901,0.259756,0.248865,0.010891
2024-01-05,14.447639,0.261683,0.249306,0.012377
2024-01-06,14.450376,0.262112,0.249747,0.012365
2024-01-07,14.453114,0.264160,0.250187,0.013973
2024-01-08,14.455852,0.271865,0.250627,0.021239
2024-01-09,14.458590,0.287791,0.251066,0.036725
2024-01-10,14.461328,0.279366,0.251505,0.027861
2024-01-11,14.464066,0.285597,0.251943,0.033654
2024-01-12,14.466804,0.270864,0.252381,0.018483
2024-01-13,14.469541,0.249122,0.252818,-0.003696
2024-01-14,14.472279,0.247954,0.253254,-0.005300
2024-01-15,14.475017,0.244953,0.253690,-0.008737
2024-01-16,14.477755,0.247729,0.254126,-0.006396
2024-01-17,14.480493,0.245134,0.254561,-0.009426
2024-01-18,14.483231,0.239549,0.254995,-0.015446
2024-01-19,14.485969,0.229915,0.255428,-0.025513
2024-01-20,14.488706,0.232603,0.255861,-0.023258
2024-01-21,14.491444,0.233706,0.256294,-0.022588
2024-01-22,14.494182,0.223679,0.256726,-0.033047
2024-01-23,14.496920,0.210969,0.257157,-0.046188
2024-01-24,14.499658,0.215312,0.257587,-0.042276
2024-01-25,14.502396,0.214922,0.258017,-0.043095
2024-01-26,14.505133,0.223319,0.258446,-0.035128
2024-01-27,14.507871,0.231965,0.258875,-0.026910
2024-01-28,14.510609,0.235748,0.259302,-0.023554
2024-01-29,14.513347,0.237439,0.259729,-0.022290
2024-01-30,14.516085,0.246584,0.260156,-0.013572
2024-01-31,14.518823,0.241232,0.260581,-0.019349
2024-02-01,14.521561,0.236774,0.261006,-0.024232
2024-02-02,14.524298,0.241768,0.261430,-0.019663
2024-02-03,14.527036,0.241722,0.261854,-0.020132
2024-02-04,14.529774,0.238962,0.262276,-0.023314
2024-02-05,14.532512,0.237758,0.262698,-0.024940
2024-02-06,14.535250,0.239104,0.263119,-0.024015
2024-02-07,14.537988,0.242373,0.263540,-0.021167
2024-02-08,14.540726,0.257043,0.263959,-0.006916
2024-02-09,14.543463,0.274093,0.264378,0.009715
2024-02-10,14.546201,0.278752,0.264796,0.013956
2024-02-11,14.548939,0.284779,0.265213,0.019566
2024-02-12,14.551677,0.289759,0.265629,0.024130
2024-02-13,14.554415,0.296047,0.266044,0.030002
2024-02-14,14.557153,0.306390,0.266459,0.039931
2024-02-15,14.559890,0.315396,0.266873,0.048524
2024-02-16,14.562628,0.314563,0.267286,0.047278
2024-02-17,14.565366,0.310269,0.267698,0.042571
2024-02-18,14.568104,0.311383,0.268109,0.043274
2024-02-19,14.570842,0.314009,0.268519,0.045490
2024-02-20,14.573580,0.311397,0.268928,0.042469
2024-02-21,14.576318,0.307960,0.269337,0.038624
2024-02-22,14.579055,0.308406,0.269744,0.038661
2024-02-23,14.581793,0.304123,0.270151,0.033972
2024-02-24,14.584531,0.304835,0.270556,0.034278
2024-02-25,14.587269,0.308230,0.270961,0.037269
2024-02-26,14.590007,0.314300,0.271365,0.042935
2024-02-27,14.592745,0.345539,0.271768,0.073771
2024-02-28,14.595483,0.366573,0.272170,0.094403
2024-02-29,14.598220,0.385554,0.272570,0.112984
2024-03-01,14.600958,0.383965,0.272970,0.110994
2024-03-02,14.603696,0.384461,0.273369,0.111091
2024-03-03,14.606434,0.386886,0.273767,0.113118
2024-03-04,14.609172,0.407000,0.274164,0.132836
2024-03-05,14.611910,0.411238,0.274560,0.136678
2024-03-06,14.614648,0.409555,0.274955,0.134599
2024-03-07,14.617385,0.414890,0.275349,0.139541
2024-03-08,14.620123,0.420850,0.275742,0.145108
2024-03-09,14.622861,0.424182,0.276134,0.148047
2024-03-10,14.625599,0.430092,0.276525,0.153566
2024-03-11,14.628337,0.439939,0.276915,0.163024
2024-03-12,14.631075,0.443673,0.277304,0.166369
2024-03-13,14.633812,0.449886,0.277692,0.172195
2024-03-14,14.636550,0.446081,0.278078,0.168003
2024-03-15,14.639288,0.423729,0.278464,0.145265
2024-03-16,14.642026,0.421505,0.278849,0.142657
2024-03-17,14.644764,0.413686,0.279232,0.134454
2024-03-18,14.647502,0.418048,0.279615,0.138433
2024-03-19,14.650240,0.395637,0.279996,0.115641
2024-03-20,14.652977,0.391680,0.280376,0.111304
2024-03-21,14.655715,0.409399,0.280755,0.128644
2024-03-22,14.658453,0.394946,0.281133,0.113813
2024-03-23,14.661191,0.394807,0.281510,0.113297
2024-03-24,14.663929,0.399090,0.281886,0.117204
2024-03-25,14.666667,0.418779,0.282261,0.136518
2024-03-26,14.669405,0.429996,0.282635,0.147361
2024-03-27,14.672142,0.426107,0.283007,0.143100
2024-03-28,14.674880,0.429848,0.283378,0.146469
2024-03-29,14.677618,0.426697,0.283749,0.142948
2024-03-30,14.680356,0.426430,0.284118,0.142312
2024-03-31,14.683094,0.428925,0.284485,0.144440
2024-04-01,14.685832,0.423712,0.284852,0.138860
2024-04-02,14.688569,0.402305,0.285218,0.117087
2024-04-03,14.691307,0.400261,0.285582,0.114679
2024-04-04,14.694045,0.405634,0.285945,0.119688
2024-04-05,14.696783,0.408845,0.286308,0.122537
2024-04-06,14.699521,0.411937,0.286668,0.125269
2024-04-07,14.702259,0.419611,0.287028,0.132582
2024-04-08,14.704997,0.429905,0.287387,0.142518
2024-04-09,14.707734,0.422935,0.287744,0.135191
2024-04-10,14.710472,0.417345,0.288100,0.129245
2024-04-11,14.713210,0.424419,0.288455,0.135964
2024-04-12,14.715948,0.417153,0.288809,0.128344
2024-04-13,14.718686,0.399390,0.289161,0.110228
2024-04-14,14.721424,0.385563,0.289513,0.096050
2024-04-15,14.724162,0.390478,0.289863,0.100615
2024-04-16,14.726899,0.377249,0.290212,0.087037
2024-04-17,14.729637,0.372126,0.290559,0.081567
2024-04-18,14.732375,0.371968,0.290906,0.081062
2024-04-19,14.735113,0.380927,0.291251,0.089676
2024-04-20,14.737851,0.383136,0.291595,0.091541
2024-04-21,14.740589,0.387188,0.291938,0.095250
2024-04-22,14.743326,0.393862,0.292279,0.101583
2024-04-23,14.746064,0.396414,0.292619,0.103794
2024-04-24,14.748802,0.390237,0.292958,0.097279
2024-04-25,14.751540,0.381032,0.293296,0.087735
2024-04-26,14.754278,0.380815,0.293633,0.087182
2024-04-27,14.757016,0.373351,0.293968,0.079383
2024-04-28,14.759754,0.376000,0.294302,0.081698
2024-04-29,14.762491,0.370550,0.294635,0.075916
2024-04-30,14.765229,0.364054,0.294966,0.069088
2024-05-01,14.767967,0.339703,0.295297,0.044406
2024-05-02,14.770705,0.338533,0.295625,0.042908
2024-05-03,14.773443,0.353401,0.295953,0.057448
2024-05-04,14.776181,0.371945,0.296280,0.075666
2024-05-05,14.778919,0.373571,0.296605,0.076966
2024-05-06,14.781656,0.373682,0.296929,0.076753
2024-05-07,14.784394,0.370379,0.297251,0.073128
2024-05-08,14.787132,0.361450,0.297572,0.063878
2024-05-09,14.789870,0.358742,0.297892,0.060849
2024-05-10,14.792608,0.360301,0.298211,0.062090
2024-05-11,14.795346,0.352624,0.298529,0.054096
2024-05-12,14.798084,0.354553,0.298845,0.055708
2024-05-13,14.800821,0.360961,0.299160,0.061801
2024-05-14,14.803559,0.357653,0.299473,0.058180
2024-05-15,14.806297,0.369380,0.299786,0.069595
2024-05-16,14.809035,0.381912,0.300097,0.081815
2024-05-17,14.811773,0.384897,0.300406,0.084491
2024-05-18,14.814511,0.388367,0.300715,0.087653
2024-05-19,14.817248,0.387636,0.301022,0.086614
2024-05-20,14.819986,0.392911,0.301328,0.091584
2024-05-21,14.822724,0.408502,0.301632,0.106870
2024-05-22,14.825462,0.403497,0.301935,0.101562
2024-05-23,14.828200,0.395723,0.302237,0.093486
2024-05-24,14.830938,0.392331,0.302538,0.089793
2024-05-25,14.833676,0.398734,0.302837,0.095897
2024-05-26,14.836413,0.398436,0.303135,0.095301
2024-05-27,14.839151,0.399435,0.303432,0.096004
2024-05-28,14.841889,0.393671,0.303727,0.089944
2024-05-29,14.844627,0.391095,0.304021,0.087074
2024-05-30,14.847365,0.392691,0.304314,0.088377
2024-05-31,14.850103,0.391081,0.304605,0.086476
2024-06-01,14.852841,0.389642,0.304896,0.084746
2024-06-02,14.855578,0.389941,0.305184,0.084756
2024-06-03,14.858316,0.395918,0.305472,0.090446
2024-06-04,14.861054,0.399654,0.305758,0.093895
2024-06-05,14.863792,0.406967,0.306043,0.100924
2024-06-06,14.866530,0.407067,0.306327,0.100740
2024-06-07,14.869268,0.404107,0.306609,0.097498
2024-06-08,14.872005,0.399368,0.306890,0.092478
2024-06-09,14.874743,0.399346,0.307170,0.092176
2024-06-10,14.877481,0.399399,0.307448,0.091951
2024-06-11,14.880219,0.387000,0.307725,0.079275
2024-06-12,14.882957,0.390782,0.308001,0.082781
2024-06-13,14.885695,0.386162,0.308276,0.077887
2024-06-14,14.888433,0.379768,0.308549,0.071219
2024-06-15,14.891170,0.377006,0.308821,0.068186
2024-06-16,14.893908,0.378647,0.309091,0.069556
2024-06-17,14.896646,0.375462,0.309360,0.066102
2024-06-18,14.899384,0.368311,0.309628,0.058682
2024-06-19,14.902122,0.366389,0.309895,0.056494
2024-06-20,14.904860,0.364225,0.310160,0.054064
2024-06-21,14.907598,0.356318,0.310424,0.045894
2024-06-22,14.910335,0.358920,0.310687,0.048232
2024-06-23,14.913073,0.358173,0.310949,0.047224
2024-06-24,14.915811,0.337552,0.311209,0.026343
2024-06-25,14.918549,0.336344,0.311468,0.024877
2024-06-26,14.921287,0.336570,0.311725,0.024845
2024-06-27,14.924025,0.335155,0.311982,0.023173
2024-06-28,14.926762,0.332938,0.312237,0.020701
2024-06-29,14.929500,0.330946,0.312491,0.018455
2024-06-30,14.932238,0.334641,0.312743,0.021898
2024-07-01,14.934976,0.344465,0.312994,0.031471
2024-07-02,14.937714,0.339698,0.313244,0.026454
2024-07-03,14.940452,0.325620,0.313493,0.012128
2024-07-04,14.943190,0.308510,0.313740,-0.005230
2024-07-05,14.945927,0.289195,0.313986,-0.024791
2024-07-06,14.948665,0.300178,0.314231,-0.014053
2024-07-07,14.951403,0.300070,0.314474,-0.014405
2024-07-08,14.954141,0.291948,0.314717,-0.022768
2024-07-09,14.956879,0.300575,0.314958,-0.014383
2024-07-10,14.959617,0.305398,0.315197,-0.009800
2024-07-11,14.962355,0.304296,0.315436,-0.011140
2024-07-12,14.965092,0.300566,0.315673,-0.015107
2024-07-13,14.967830,0.306652,0.315909,-0.009257
2024-07-14,14.970568,0.318306,0.316144,0.002162
2024-07-15,14.973306,0.338102,0.316377,0.021725
2024-07-16,14.976044,0.345371,0.316609,0.028762
2024-07-17,14.978782,0.349907,0.316840,0.033067
2024-07-18,14.981520,0.345802,0.317070,0.028732
2024-07-19,14.984257,0.351392,0.317299,0.034093
2024-07-20,14.986995,0.361410,0.317526,0.043884
2024-07-21,14.989733,0.363076,0.317752,0.045324
2024-07-22,14.992471,0.365145,0.317977,0.047169
2024-07-23,14.995209,0.358999,0.318200,0.040799
2024-07-24,14.997947,0.354104,0.318423,0.035681
2024-07-25,15.000684,0.345887,0.318644,0.027243
2024-07-26,15.003422,0.361475,0.318864,0.042612
2024-07-27,15.006160,0.366953,0.319082,0.047870
2024-07-28,15.008898,0.364871,0.319300,0.045571
2024-07-29,15.011636,0.367943,0.319516,0.048427
2024-07-30,15.014374,0.353708,0.319731,0.033977
2024-07-31,15.017112,0.351426,0.319945,0.031481
2024-08-01,15.019849,0.338711,0.320158,0.018553
2024-08-02,15.022587,0.335645,0.320369,0.015275
2024-08-03,15.025325,0.318353,0.320580,-0.002227
2024-08-04,15.028063,0.308654,0.320789,-0.012134
2024-08-05,15.030801,0.261896,0.320997,-0.059101
2024-08-06,15.033539,0.277820,0.321203,-0.043383
2024-08-07,15.036277,0.280806,0.321409,-0.040603
2024-08-08,15.039014,0.295277,0.321614,-0.026336
2024-08-09,15.041752,0.311266,0.321817,-0.010550
2024-08-10,15.044490,0.312184,0.322019,-0.009835
2024-08-11,15.047228,0.307758,0.322220,-0.014461
2024-08-12,15.049966,0.298118,0.322420,-0.024302
2024-08-13,15.052704,0.304135,0.322618,-0.018484
2024-08-14,15.055441,0.305333,0.322816,-0.017483
2024-08-15,15.058179,0.292435,0.323012,-0.030578
2024-08-16,15.060917,0.292735,0.323208,-0.030473
2024-08-17,15.063655,0.298441,0.323402,-0.024961
2024-08-18,15.066393,0.300797,0.323595,-0.022798
2024-08-19,15.069131,0.292875,0.323787,-0.030911
2024-08-20,15.071869,0.301703,0.323978,-0.022275
2024-08-21,15.074606,0.302186,0.324167,-0.021982
2024-08-22,15.077344,0.305214,0.324356,-0.019142
2024-08-23,15.080082,0.314258,0.324543,-0.010285
2024-08-24,15.082820,0.327803,0.324730,0.003073
2024-08-25,15.085558,0.328463,0.324915,0.003548
2024-08-26,15.088296,0.324354,0.325099,-0.000745
2024-08-27,15.091034,0.314338,0.325283,-0.010944
2024-08-28,15.093771,0.293035,0.325465,-0.032429
2024-08-29,15.096509,0.296724,0.325646,-0.028922
2024-08-30,15.099247,0.290878,0.325826,-0.034948
2024-08-31,15.101985,0.292026,0.326004,-0.033979
2024-09-01,15.104723,0.284602,0.326182,-0.041581
2024-09-02,15.107461,0.285295,0.326359,-0.041064
2024-09-03,15.110198,0.285762,0.326535,-0.040773
2024-09-04,15.112936,0.275359,0.326710,-0.051351
2024-09-05,15.115674,0.272278,0.326883,-0.054605
2024-09-06,15.118412,0.259144,0.327056,-0.067912
2024-09-07,15.121150,0.253408,0.327228,-0.073820
2024-09-08,15.123888,0.254176,0.327398,-0.073223
2024-09-09,15.126626,0.262954,0.327568,-0.064614
2024-09-10,15.129363,0.272554,0.327737,-0.055183
2024-09-11,15.132101,0.271250,0.327904,-0.056654
2024-09-12,15.134839,0.279378,0.328071,-0.048693
2024-09-13,15.137577,0.285184,0.328237,-0.043052
2024-09-14,15.140315,0.292758,0.328402,-0.035644
2024-09-15,15.143053,0.291118,0.328565,-0.037447
2024-09-16,15.145791,0.279327,0.328728,-0.049401
2024-09-17,15.148528,0.287778,0.328890,-0.041112
2024-09-18,15.151266,0.291955,0.329051,-0.037096
2024-09-19,15.154004,0.308716,0.329211,-0.020495
2024-09-20,15.156742,0.312267,0.329370,-0.017102
2024-09-21,15.159480,0.310926,0.329528,-0.018602
2024-09-22,15.162218,0.309634,0.329685,-0.020051
2024-09-23,15.164956,0.312491,0.329841,-0.017350
2024-09-24,15.167693,0.311919,0.329997,-0.018078
2024-09-25,15.170431,0.313105,0.330151,-0.017046
2024-09-26,15.173169,0.316365,0.330304,-0.013939
2024-09-27,15.175907,0.324552,0.330457,-0.005905
2024-09-28,15.178645,0.325349,0.330609,-0.005260
2024-09-29,15.181383,0.324652,0.330760,-0.006108
2024-09-30,15.184120,0.312570,0.330910,-0.018339
2024-10-01,15.186858,0.302773,0.331059,-0.028286
2024-10-02,15.189596,0.292667,0.331207,-0.038540
2024-10-03,15.192334,0.288763,0.331354,-0.042592
2024-10-04,15.195072,0.294505,0.331501,-0.036996
2024-10-05,15.197810,0.297435,0.331647,-0.034212
2024-10-06,15.200548,0.298480,0.331791,-0.033311
2024-10-07,15.203285,0.305245,0.331935,-0.026691
2024-10-08,15.206023,0.298213,0.332079,-0.033866
2024-10-09,15.208761,0.293486,0.332221,-0.038735
2024-10-10,15.211499,0.284148,0.332363,-0.048214
2024-10-11,15.214237,0.291269,0.332504,-0.041235
2024-10-12,15.216975,0.300354,0.332644,-0.032290
2024-10-13,15.219713,0.298579,0.332783,-0.034203
2024-10-14,15.222450,0.312508,0.332921,-0.020413
2024-10-15,15.225188,0.320157,0.333059,-0.012902
2024-10-16,15.227926,0.328635,0.333196,-0.004561
2024-10-17,15.230664,0.326417,0.333332,-0.006915
2024-10-18,15.233402,0.331704,0.333467,-0.001764
2024-10-19,15.236140,0.332063,0.333602,-0.001540
2024-10-20,15.238877,0.332913,0.333736,-0.000823
2024-10-21,15.241615,0.330289,0.333869,-0.003581
2024-10-22,15.244353,0.324558,0.334002,-0.009444
2024-10-23,15.247091,0.319365,0.334134,-0.014769
2024-10-24,15.249829,0.325055,0.334265,-0.009210
2024-10-25,15.252567,0.325376,0.334395,-0.009019
2024-10-26,15.255305,0.321030,0.334525,-0.013494
2024-10-27,15.258042,0.323482,0.334654,-0.011172
2024-10-28,15.260780,0.330933,0.334782,-0.003849
2024-10-29,15.263518,0.348578,0.334910,0.013669
2024-10-30,15.266256,0.351871,0.335037,0.016834
2024-10-31,15.268994,0.346399,0.335163,0.011236
2024-11-01,15.271732,0.335593,0.335289,0.000304
2024-11-02,15.274470,0.334237,0.335414,-0.001177
2024-11-03,15.277207,0.327212,0.335538,-0.008327
2024-11-04,15.279945,0.326481,0.335662,-0.009181
2024-11-05,15.282683,0.329888,0.335785,-0.005898
2024-11-06,15.285421,0.360828,0.335908,0.024920
2024-11-07,15.288159,0.367537,0.336030,0.031507
2024-11-08,15.290897,0.371669,0.336152,0.035517
2024-11-09,15.293634,0.372493,0.336272,0.036221
2024-11-10,15.296372,0.387416,0.336393,0.051024
2024-11-11,15.299110,0.409082,0.336512,0.072569
2024-11-12,15.301848,0.432582,0.336631,0.095950
2024-11-13,15.304586,0.436981,0.336750,0.100231
2024-11-14,15.307324,0.439683,0.336868,0.102815
2024-11-15,15.310062,0.437226,0.336986,0.100241
2024-11-16,15.312799,0.444763,0.337103,0.107660
2024-11-17,15.315537,0.441625,0.337219,0.104406
2024-11-18,15.318275,0.444170,0.337335,0.106835
2024-11-19,15.321013,0.448993,0.337450,0.111542
2024-11-20,15.323751,0.455107,0.337565,0.117542
2024-11-21,15.326489,0.471572,0.337680,0.133892
2024-11-22,15.329227,0.478022,0.337794,0.140228
2024-11-23,15.331964,0.475404,0.337907,0.137497
2024-11-24,15.334702,0.471476,0.338020,0.133456
2024-11-25,15.337440,0.467114,0.338133,0.128981
2024-11-26,15.340178,0.451678,0.338245,0.113433
2024-11-27,15.342916,0.456696,0.338357,0.118339
2024-11-28,15.345654,0.461316,0.338468,0.122848
2024-11-29,15.348392,0.466307,0.338579,0.127727
2024-11-30,15.351129,0.464180,0.338689,0.125491
2024-12-01,15.353867,0.465635,0.338800,0.126835
2024-12-02,15.356605,0.462308,0.338909,0.123399
2024-12-03,15.359343,0.459314,0.339018,0.120295
2024-12-04,15.362081,0.463772,0.339127,0.124645
2024-12-05,15.364819,0.482867,0.339236,0.143631
2024-12-06,15.367556,0.474150,0.339344,0.134806
2024-12-07,15.370294,0.477339,0.339452,0.137888
2024-12-08,15.373032,0.477098,0.339559,0.137539
2024-12-09,15.375770,0.470237,0.339666,0.130571
2024-12-10,15.378508,0.463356,0.339773,0.123584
2024-12-11,15.381246,0.471391,0.339879,0.131512
2024-12-12,15.383984,0.479727,0.339985,0.139742
2024-12-13,15.386721,0.477525,0.340091,0.137434
2024-12-14,15.389459,0.481655,0.340197,0.141458
2024-12-15,15.392197,0.486198,0.340302,0.145896
2024-12-16,15.394935,0.497092,0.340407,0.156686
2024-12-17,15.397673,0.501446,0.340511,0.160934
2024-12-18,15.400411,0.489242,0.340616,0.148627
2024-12-19,15.403149,0.473598,0.340720,0.132879
2024-12-20,15.405886,0.459854,0.340824,0.119031
2024-12-21,15.408624,0.462812,0.340927,0.121885
2024-12-22,15.411362,0.455513,0.341030,0.114482
2024-12-23,15.414100,0.448411,0.341134,0.107277
2024-12-24,15.416838,0.455231,0.341237,0.113995
2024-12-25,15.419576,0.464215,0.341339,0.122876
2024-12-26,15.422313,0.456507,0.341442,0.115065
2024-12-27,15.425051,0.451124,0.341544,0.109580
2024-12-28,15.427789,0.446791,0.341646,0.105145
2024-12-29,15.430527,0.445225,0.341748,0.103476
2024-12-30,15.433265,0.439416,0.341850,0.097567
2024-12-31,15.436003,0.440541,0.341951,0.098589
2025-01-01,15.438741,0.440947,0.342053,0.098894
2025-01-02,15.441478,0.451377,0.342154,0.109223
2025-01-03,15.444216,0.455893,0.342255,0.113638
2025-01-04,15.446954,0.458479,0.342356,0.116122
2025-01-05,15.449692,0.458327,0.342457,0.115870
2025-01-06,15.452430,0.466988,0.342558,0.124430
2025-01-07,15.455168,0.463719,0.342659,0.121060
2025-01-08,15.457906,0.444725,0.342760,0.101966
2025-01-09,15.460643,0.435179,0.342860,0.092319
2025-01-10,15.463381,0.438812,0.342961,0.095852
2025-01-11,15.466119,0.439415,0.343061,0.096354
2025-01-12,15.468857,0.439740,0.343161,0.096578
2025-01-13,15.471595,0.431756,0.343261,0.088494
2025-01-14,15.474333,0.445207,0.343362,0.101845
2025-01-15,15.477070,0.454433,0.343462,0.110971
2025-01-16,15.479808,0.459105,0.343562,0.115543
2025-01-17,15.482546,0.474007,0.343662,0.130345
2025-01-18,15.485284,0.477608,0.343762,0.133846
2025-01-19,15.488022,0.480582,0.343862,0.136720
2025-01-20,15.490760,0.481427,0.343962,0.137465
2025-01-21,15.493498,0.476886,0.344062,0.132823
2025-01-22,15.496235,0.480772,0.344163,0.136609
2025-01-23,15.498973,0.474182,0.344263,0.129919
2025-01-24,15.501711,0.480670,0.344363,0.136307
2025-01-25,15.504449,0.478729,0.344463,0.134265
2025-01-26,15.507187,0.478835,0.344563,0.134271
2025-01-27,15.509925,0.459623,0.344664,0.114960
2025-01-28,15.512663,0.468401,0.344764,0.123637
2025-01-29,15.515400,0.468211,0.344865,0.123347
2025-01-30,15.518138,0.478685,0.344965,0.133720
2025-01-31,15.520876,0.473724,0.345066,0.128658
2025-02-01,15.523614,0.464914,0.345166,0.119747
2025-02-02,15.526352,0.454160,0.345267,0.108892
2025-02-03,15.529090,0.442472,0.345368,0.097103
2025-02-04,15.531828,0.453734,0.345469,0.108265
2025-02-05,15.534565,0.445742,0.345570,0.100172
2025-02-06,15.537303,0.444436,0.345672,0.098764
2025-02-07,15.540041,0.442818,0.345773,0.097045
2025-02-08,15.542779,0.438029,0.345875,0.092154
2025-02-09,15.545517,0.437770,0.345977,0.091793
2025-02-10,15.548255,0.441083,0.346079,0.095005
2025-02-11,15.550992,0.438748,0.346181,0.092567
2025-02-12,15.553730,0.435303,0.346283,0.089020
2025-02-13,15.556468,0.436195,0.346385,0.089809
2025-02-14,15.559206,0.438743,0.346488,0.092255
2025-02-15,15.561944,0.440493,0.346591,0.093902
2025-02-16,15.564682,0.438523,0.346694,0.091829
2025-02-17,15.567420,0.433329,0.346797,0.086532
2025-02-18,15.570157,0.428894,0.346901,0.081993
2025-02-19,15.572895,0.431725,0.347005,0.084720
2025-02-20,15.575633,0.437962,0.347109,0.090853
2025-02-21,15.578371,0.438904,0.347213,0.091691
2025-02-22,15.581109,0.433003,0.347318,0.085686
2025-02-23,15.583847,0.430804,0.347422,0.083382
2025-02-24,15.586585,0.424231,0.347527,0.076703
2025-02-25,15.589322,0.400017,0.347633,0.052384
2025-02-26,15.592060,0.386832,0.347738,0.039094
2025-02-27,15.594798,0.377822,0.347844,0.029978
2025-02-28,15.597536,0.359610,0.347951,0.011659
2025-03-01,15.600274,0.376531,0.348057,0.028474
2025-03-02,15.603012,0.392478,0.348164,0.044314
2025-03-03,15.605749,0.402806,0.348271,0.054535
2025-03-04,15.608487,0.373582,0.348379,0.025203
2025-03-05,15.611225,0.392904,0.348486,0.044417
2025-03-06,15.613963,0.401357,0.348595,0.052762
2025-03-07,15.616701,0.388571,0.348703,0.039868
2025-03-08,15.619439,0.379855,0.348812,0.031043
2025-03-09,15.622177,0.370408,0.348921,0.021486
2025-03-10,15.624914,0.351858,0.349031,0.002827
2025-03-11,15.627652,0.351437,0.349141,0.002296
2025-03-12,15.630390,0.359239,0.349251,0.009988
2025-03-13,15.633128,0.357637,0.349362,0.008275
2025-03-14,15.635866,0.362267,0.349473,0.012794
2025-03-15,15.638604,0.366694,0.349585,0.017109
2025-03-16,15.641342,0.363096,0.349697,0.013399
2025-03-17,15.644079,0.362457,0.349809,0.012648
2025-03-18,15.646817,0.356959,0.349922,0.007037
2025-03-19,15.649555,0.363976,0.350035,0.013941
2025-03-20,15.652293,0.370016,0.350149,0.019867
2025-03-21,15.655031,0.363946,0.350263,0.013683
2025-03-22,15.657769,0.363643,0.350378,0.013265
2025-03-23,15.660507,0.365505,0.350493,0.015012
2025-03-24,15.663244,0.378680,0.350608,0.028072
2025-03-25,15.665982,0.378430,0.350724,0.027705
2025-03-26,15.668720,0.377978,0.350841,0.027137
2025-03-27,15.671458,0.376823,0.350958,0.025865
2025-03-28,15.674196,0.366385,0.351075,0.015310
2025-03-29,15.676934,0.355521,0.351193,0.004328
2025-03-30,15.679671,0.353713,0.351312,0.002401
2025-03-31,15.682409,0.350680,0.351431,-0.000750
2025-04-01,15.685147,0.358917,0.351550,0.007367
2025-04-02,15.687885,0.364740,0.351670,0.013070
2025-04-03,15.690623,0.350794,0.351791,-0.000997
2025-04-04,15.693361,0.354036,0.351912,0.002124
2025-04-05,15.696099,0.352647,0.352033,0.000613
2025-04-06,15.698836,0.342883,0.352155,-0.009273
2025-04-07,15.701574,0.322860,0.352278,-0.029418
2025-04-08,15.704312,0.328250,0.352401,-0.024151
2025-04-09,15.707050,0.326483,0.352525,-0.026042
2025-04-10,15.709788,0.339578,0.352650,-0.013071
2025-04-11,15.712526,0.344168,0.352775,-0.008607
2025-04-12,15.715264,0.354722,0.352900,0.001822
2025-04-13,15.718001,0.356134,0.353026,0.003108
2025-04-14,15.720739,0.356756,0.353153,0.003603
2025-04-15,15.723477,0.359272,0.353280,0.005992
2025-04-16,15.726215,0.353207,0.353408,-0.000201
2025-04-17,15.728953,0.355426,0.353537,0.001889
2025-04-18,15.731691,0.355130,0.353666,0.001464
2025-04-19,15.734428,0.357018,0.353796,0.003222
2025-04-20,15.737166,0.355362,0.353926,0.001436
2025-04-21,15.739904,0.366946,0.354057,0.012889
2025-04-22,15.742642,0.379052,0.354189,0.024863
2025-04-23,15.745380,0.397079,0.354321,0.042758
2025-04-24,15.748118,0.394038,0.354454,0.039584
2025-04-25,15.750856,0.399261,0.354587,0.044674
2025-04-26,15.753593,0.400277,0.354721,0.045555
2025-04-27,15.756331,0.398436,0.354856,0.043580
2025-04-28,15.759069,0.398830,0.354992,0.043838
2025-04-29,15.761807,0.400797,0.355128,0.045669
2025-04-30,15.764545,0.398863,0.355265,0.043598
2025-05-01,15.767283,0.404492,0.355403,0.049090
2025-05-02,15.770021,0.408774,0.355541,0.053233
2025-05-03,15.772758,0.406056,0.355680,0.050376
2025-05-04,15.775496,0.402819,0.355819,0.046999
2025-05-05,15.778234,0.396698,0.355960,0.040738
2025-05-06,15.780972,0.396912,0.356101,0.040811
2025-05-07,15.783710,0.406266,0.356242,0.050023
2025-05-08,15.786448,0.419760,0.356385,0.063375
2025-05-09,15.789185,0.432615,0.356528,0.076087
2025-05-10,15.791923,0.433734,0.356672,0.077062
2025-05-11,15.794661,0.436180,0.356816,0.079364
2025-05-12,15.797399,0.431593,0.356962,0.074632
2025-05-13,15.800137,0.431867,0.357108,0.074759
2025-05-14,15.802875,0.432565,0.357255,0.075311
2025-05-15,15.805613,0.429365,0.357402,0.071963
2025-05-16,15.808350,0.433139,0.357550,0.075589
2025-05-17,15.811088,0.430383,0.357699,0.072683
2025-05-18,15.813826,0.433639,0.357849,0.075790
2025-05-19,15.816564,0.433158,0.358000,0.075158
2025-05-20,15.819302,0.438681,0.358151,0.080530
2025-05-21,15.822040,0.446017,0.358303,0.087714
2025-05-22,15.824778,0.458116,0.358456,0.099660
2025-05-23,15.827515,0.454129,0.358609,0.095519
2025-05-24,15.830253,0.449231,0.358764,0.090467
2025-05-25,15.832991,0.445661,0.358919,0.086742
2025-05-26,15.835729,0.452338,0.359075,0.093263
2025-05-27,15.838467,0.451802,0.359232,0.092570
2025-05-28,15.841205,0.447045,0.359389,0.087656
2025-05-29,15.843943,0.442136,0.359547,0.082589
2025-05-30,15.846680,0.434301,0.359706,0.074594
2025-05-31,15.849418,0.428868,0.359866,0.069001
2025-06-01,15.852156,0.430594,0.360027,0.070568
2025-06-02,15.854894,0.430766,0.360188,0.070577
2025-06-03,15.857632,0.434460,0.360351,0.074109
2025-06-04,15.860370,0.432234,0.360514,0.071720
2025-06-05,15.863107,0.426169,0.360678,0.065492
2025-06-06,15.865845,0.424815,0.360842,0.063973
2025-06-07,15.868583,0.431094,0.361008,0.070086
2025-06-08,15.871321,0.432434,0.361174,0.071260
2025-06-09,15.874059,0.439700,0.361341,0.078359
2025-06-10,15.876797,0.445523,0.361509,0.084013
2025-06-11,15.879535,0.445338,0.361678,0.083660
2025-06-12,15.882272,0.436496,0.361848,0.074648
2025-06-13,15.885010,0.426286,0.362018,0.064268
2025-06-14,15.887748,0.427211,0.362190,0.065021
2025-06-15,15.890486,0.427747,0.362362,0.065385
2025-06-16,15.893224,0.434474,0.362535,0.071940
2025-06-17,15.895962,0.429308,0.362709,0.066599
2025-06-18,15.898700,0.424771,0.362883,0.061887
2025-06-19,15.901437,0.423852,0.363059,0.060793
2025-06-20,15.904175,0.423832,0.363235,0.060597
2025-06-21,15.906913,0.416367,0.363412,0.052954
2025-06-22,15.909651,0.407994,0.363590,0.044403
2025-06-23,15.912389,0.411068,0.363769,0.047298
2025-06-24,15.915127,0.425335,0.363949,0.061386
2025-06-25,15.917864,0.430726,0.364130,0.066596
2025-06-26,15.920602,0.432227,0.364311,0.067916
2025-06-27,15.923340,0.431217,0.364494,0.066724
2025-06-28,15.926078,0.431803,0.364677,0.067126
2025-06-29,15.928816,0.432928,0.364861,0.068067
2025-06-30,15.931554,0.432518,0.365046,0.067472
2025-07-01,15.934292,0.427002,0.365232,0.061770
2025-07-02,15.937029,0.431685,0.365418,0.066267
2025-07-03,15.939767,0.438002,0.365606,0.072396
2025-07-04,15.942505,0.434288,0.365794,0.068494
2025-07-05,15.945243,0.432654,0.365983,0.066670
2025-07-06,15.947981,0.433780,0.366174,0.067607
2025-07-07,15.950719,0.432900,0.366365,0.066535
2025-07-08,15.953457,0.432673,0.366556,0.066116
2025-07-09,15.956194,0.435393,0.366749,0.068644
2025-07-10,15.958932,0.445066,0.366943,0.078123
2025-07-11,15.961670,0.464226,0.367137,0.097089
2025-07-12,15.964408,0.464426,0.367333,0.097094
2025-07-13,15.967146,0.466243,0.367529,0.098714
2025-07-14,15.969884,0.475528,0.367726,0.107802
2025-07-15,15.972621,0.462969,0.367924,0.095045
2025-07-16,15.975359,0.466761,0.368123,0.098638
2025-07-17,15.978097,0.466814,0.368323,0.098492
2025-07-18,15.980835,0.467224,0.368523,0.098701
2025-07-19,15.983573,0.464099,0.368725,0.095375
2025-07-20,15.986311,0.463190,0.368927,0.094263
2025-07-21,15.989049,0.462909,0.369130,0.093778
2025-07-22,15.991786,0.464061,0.369334,0.094726
2025-07-23,15.994524,0.463766,0.369539,0.094226
2025-07-24,15.997262,0.464184,0.369745,0.094438
2025-07-25,16.000000,0.455427,0.369952,0.085475
2025-07-26,16.002738,0.460086,0.370160,0.089926
2025-07-27,16.005476,0.462264,0.370368,0.091896
2025-07-28,16.008214,0.462352,0.370578,0.091775
2025-07-29,16.010951,0.460633,0.370788,0.089845
2025-07-30,16.013689,0.458875,0.370999,0.087876
2025-07-31,16.016427,0.459028,0.371211,0.087817
2025-08-01,16.019165,0.447605,0.371424,0.076181
2025-08-02,16.021903,0.441609,0.371637,0.069971
2025-08-03,16.024641,0.442176,0.371852,0.070324
2025-08-04,16.027379,0.445275,0.372067,0.073207
2025-08-05,16.030116,0.442580,0.372284,0.070296
2025-08-06,16.032854,0.443440,0.372501,0.070939
2025-08-07,16.035592,0.448395,0.372719,0.075676
2025-08-08,16.038330,0.450784,0.372938,0.077846
2025-08-09,16.041068,0.450704,0.373158,0.077546
2025-08-10,16.043806,0.455552,0.373378,0.082174
2025-08-11,16.046543,0.463463,0.373600,0.089863
2025-08-12,16.049281,0.458700,0.373822,0.084878
2025-08-13,16.052019,0.463765,0.374046,0.089720
2025-08-14,16.054757,0.462392,0.374270,0.088122
2025-08-15,16.057495,0.454727,0.374495,0.080233
2025-08-16,16.060233,0.452393,0.374720,0.077673
2025-08-17,16.062971,0.453035,0.374947,0.078088
2025-08-18,16.065708,0.444926,0.375174,0.069751
2025-08-19,16.068446,0.439884,0.375403,0.064482
2025-08-20,16.071184,0.435636,0.375632,0.060004
2025-08-21,16.073922,0.433776,0.375862,0.057914
2025-08-22,16.076660,0.437402,0.376093,0.061309
2025-08-23,16.079398,0.440759,0.376325,0.064435
2025-08-24,16.082136,0.436478,0.376557,0.059921
2025-08-25,16.084873,0.427353,0.376790,0.050563
2025-08-26,16.087611,0.419305,0.377025,0.042280
2025-08-27,16.090349,0.423554,0.377260,0.046295
2025-08-28,16.093087,0.427077,0.377495,0.049581
2025-08-29,16.095825,0.416287,0.377732,0.038554
2025-08-30,16.098563,0.411596,0.377970,0.033627
2025-08-31,16.101300,0.412686,0.378208,0.034478
2025-09-01,16.104038,0.411569,0.378447,0.033122
2025-09-02,16.106776,0.418022,0.378687,0.039335
2025-09-03,16.109514,0.422130,0.378928,0.043202
2025-09-04,16.112252,0.418770,0.379169,0.039601
2025-09-05,16.114990,0.421483,0.379412,0.042072
2025-09-06,16.117728,0.417804,0.379655,0.038150
2025-09-07,16.120465,0.418646,0.379899,0.038747
2025-09-08,16.123203,0.421288,0.380143,0.041144
2025-09-09,16.125941,0.421276,0.380389,0.040887
2025-09-10,16.128679,0.423896,0.380635,0.043261
2025-09-11,16.131417,0.428815,0.380882,0.047932
2025-09-12,16.134155,0.433223,0.381130,0.052092
2025-09-13,16.136893,0.434077,0.381379,0.052698
2025-09-14,16.139630,0.433548,0.381628,0.051920
2025-09-15,16.142368,0.432143,0.381879,0.050265
2025-09-16,16.145106,0.433733,0.382129,0.051604
2025-09-17,16.147844,0.435415,0.382381,0.053034
2025-09-18,16.150582,0.437994,0.382634,0.055360
2025-09-19,16.153320,0.434719,0.382887,0.051832
2025-09-20,16.156057,0.432381,0.383141,0.049240
2025-09-21,16.158795,0.431354,0.383396,0.047958
2025-09-22,16.161533,0.421826,0.383651,0.038175
2025-09-23,16.164271,0.418859,0.383907,0.034952
2025-09-24,16.167009,0.419772,0.384164,0.035608
2025-09-25,16.169747,0.412994,0.384422,0.028573
2025-09-26,16.172485,0.405523,0.384680,0.020843
2025-09-27,16.175222,0.405714,0.384939,0.020775
2025-09-28,16.177960,0.407031,0.385199,0.021832
2025-09-29,16.180698,0.417678,0.385459,0.032219
2025-09-30,16.183436,0.420397,0.385721,0.034676
2025-10-01,16.186174,0.428859,0.385983,0.042877
2025-10-02,16.188912,0.440104,0.386245,0.053859
2025-10-03,16.191650,0.445822,0.386508,0.059313
2025-10-04,16.194387,0.449575,0.386772,0.062802
2025-10-05,16.197125,0.453875,0.387037,0.066838
2025-10-06,16.199863,0.456616,0.387302,0.069314
2025-10-07,16.202601,0.452512,0.387568,0.064944
2025-10-08,16.205339,0.449475,0.387835,0.061640
2025-10-09,16.208077,0.446750,0.388102,0.058648
2025-10-10,16.210815,0.438168,0.388370,0.049797
2025-10-11,16.213552,0.409258,0.388639,0.020619
2025-10-12,16.216290,0.411322,0.388908,0.022414
2025-10-13,16.219028,0.420735,0.389178,0.031557
2025-10-14,16.221766,0.411286,0.389449,0.021838
2025-10-15,16.224504,0.408323,0.389720,0.018603
2025-10-16,16.227242,0.401180,0.389992,0.011189
2025-10-17,16.229979,0.387662,0.390264,-0.002602
2025-10-18,16.232717,0.387471,0.390537,-0.003066
2025-10-19,16.235455,0.391016,0.390811,0.000206
2025-10-20,16.238193,0.401352,0.391085,0.010267
2025-10-21,16.240931,0.397596,0.391360,0.006237
2025-10-22,16.243669,0.390868,0.391635,-0.000767
2025-10-23,16.246407,0.395682,0.391911,0.003771
2025-10-24,16.249144,0.400470,0.392187,0.008283
2025-10-25,16.251882,0.402533,0.392464,0.010068
2025-10-26,16.254620,0.406845,0.392742,0.014103
2025-10-27,16.257358,0.415294,0.393020,0.022273
2025-10-28,16.260096,0.412025,0.393299,0.018726
2025-10-29,16.262834,0.404768,0.393578,0.011190
2025-10-30,16.265572,0.391868,0.393858,-0.001990
2025-10-31,16.268309,0.393586,0.394138,-0.000553
2025-11-01,16.271047,0.395037,0.394419,0.000618
2025-11-02,16.273785,0.395684,0.394701,0.000983
2025-11-03,16.276523,0.384675,0.394982,-0.010307
2025-11-04,16.279261,0.368902,0.395265,-0.026363
2025-11-05,16.281999,0.363301,0.395548,-0.032247
2025-11-06,16.284736,0.363761,0.395831,-0.032070
2025-11-07,16.287474,0.358750,0.396115,-0.037365
2025-11-08,16.290212,0.360333,0.396399,-0.036066
2025-11-09,16.292950,0.362184,0.396684,-0.034500
2025-11-10,16.295688,0.374189,0.396969,-0.022780
2025-11-11,16.298426,0.369452,0.397255,-0.027803
2025-11-12,16.301164,0.362921,0.397541,-0.034620
2025-11-13,16.303901,0.356096,0.397827,-0.041732
2025-11-14,16.306639,0.336586,0.398114,-0.061529
2025-11-15,16.309377,0.331734,0.398402,-0.066668
2025-11-16,16.312115,0.328975,0.398690,-0.069714
2025-11-17,16.314853,0.325128,0.398978,-0.073849
2025-11-18,16.317591,0.314504,0.399266,-0.084762
2025-11-19,16.320329,0.311144,0.399555,-0.088411
2025-11-20,16.323066,0.305737,0.399845,-0.094107
2025-11-21,16.325804,0.277447,0.400134,-0.122687
2025-11-22,16.328542,0.275675,0.400424,-0.124750
2025-11-23,16.331280,0.284769,0.400715,-0.115946
2025-11-24,16.334018,0.287431,0.401006,-0.113575
2025-11-25,16.336756,0.288716,0.401297,-0.112581
2025-11-26,16.339493,0.291478,0.401588,-0.110111
2025-11-27,16.342231,0.305784,0.401880,-0.096096
2025-11-28,16.344969,0.307019,0.402172,-0.095153
2025-11-29,16.347707,0.304643,0.402465,-0.097822
2025-11-30,16.350445,0.305700,0.402757,-0.097057
2025-12-01,16.353183,0.281670,0.403050,-0.121381
2025-12-02,16.355921,0.292688,0.403344,-0.110656
2025-12-03,16.358658,0.310349,0.403637,-0.093288
2025-12-04,16.361396,0.310705,0.403931,-0.093226
2025-12-05,16.364134,0.302060,0.404225,-0.102166
2025-12-06,16.366872,0.294658,0.404520,-0.109861
2025-12-07,16.369610,0.295367,0.404814,-0.109447
2025-12-08,16.372348,0.299216,0.405109,-0.105893
2025-12-09,16.375086,0.299890,0.405404,-0.105513
2025-12-10,16.377823,0.304590,0.405699,-0.101110
2025-12-11,16.380561,0.295855,0.405995,-0.110140
2025-12-12,16.383299,0.299816,0.406290,-0.106474
2025-12-13,16.386037,0.293503,0.406586,-0.113083
2025-12-14,16.388775,0.289397,0.406882,-0.117485
2025-12-15,16.391513,0.282620,0.407178,-0.124559
2025-12-16,16.394251,0.275308,0.407475,-0.132166
2025-12-17,16.396988,0.275192,0.407771,-0.132579
2025-12-18,16.399726,0.273658,0.408068,-0.134410
2025-12-19,16.402464,0.277116,0.408365,-0.131249
2025-12-20,16.405202,0.280202,0.408661,-0.128459
2025-12-21,16.407940,0.280103,0.408958,-0.128856
2025-12-22,16.410678,0.283924,0.409255,-0.125332
2025-12-23,16.413415,0.276985,0.409553,-0.132568
2025-12-24,16.416153,0.273659,0.409850,-0.136190
2025-12-25,16.418891,0.275592,0.410147,-0.134556
2025-12-26,16.421629,0.276903,0.410445,-0.133542
2025-12-27,16.424367,0.273436,0.410742,-0.137306
2025-12-28,16.427105,0.274249,0.411040,-0.136791
2025-12-29,16.429843,0.276412,0.411337,-0.134925
2025-12-30,16.432580,0.274301,0.411635,-0.137333
2025-12-31,16.435318,0.275822,0.411932,-0.136110
2026-01-01,16.438056,0.273698,0.412230,-0.138532
2026-01-02,16.440794,0.280327,0.412528,-0.132200
2026-01-03,16.443532,0.283295,0.412825,-0.129530
2026-01-04,16.446270,0.288922,0.413123,-0.124201
2026-01-05,16.449008,0.297557,0.413420,-0.115864
2026-01-06,16.451745,0.297963,0.413718,-0.115755
2026-01-07,16.454483,0.291154,0.414015,-0.122861
2026-01-08,16.457221,0.284644,0.414313,-0.129668
2026-01-09,16.459959,0.284476,0.414610,-0.130134
2026-01-10,16.462697,0.283369,0.414907,-0.131538
2026-01-11,16.465435,0.283225,0.415204,-0.131980
2026-01-12,16.468172,0.286170,0.415501,-0.129331
2026-01-13,16.470910,0.291637,0.415798,-0.124161
2026-01-14,16.473648,0.306635,0.416095,-0.109460
2026-01-15,16.476386,0.308177,0.416392,-0.108214
2026-01-16,16.479124,0.303774,0.416688,-0.112915
2026-01-17,16.481862,0.302898,0.416985,-0.114087
2026-01-18,16.484600,0.301816,0.417281,-0.115465
2026-01-19,16.487337,0.290595,0.417577,-0.126982
2026-01-20,16.490075,0.280564,0.417873,-0.137309
2026-01-21,16.492813,0.272902,0.418168,-0.145267
2026-01-22,16.495551,0.274481,0.418464,-0.143983
2026-01-23,16.498289,0.273416,0.418759,-0.145343
2026-01-24,16.501027,0.272165,0.419054,-0.146888
2026-01-25,16.503765,0.265496,0.419349,-0.153853
2026-01-26,16.506502,0.263161,0.419643,-0.156482
2026-01-27,16.509240,0.265613,0.419937,-0.154324
2026-01-28,16.511978,0.270085,0.420231,-0.150147
2026-01-29,16.514716,0.256975,0.420525,-0.163550
2026-01-30,16.517454,0.237566,0.420818,-0.183253
2026-01-31,16.520192,0.230317,0.421111,-0.190794
2026-02-01,16.522930,0.209168,0.421404,-0.212236
2026-02-02,16.525667,0.207016,0.421697,-0.214680
2026-02-03,16.528405,0.205795,0.421989,-0.216194
2026-02-04,16.531143,0.191820,0.422280,-0.230460
2026-02-05,16.533881,0.154555,0.422572,-0.268016
2026-02-06,16.536619,0.142503,0.422863,-0.280360
2026-02-07,16.539357,0.156447,0.423153,-0.266707
2026-02-08,16.542094,0.161859,0.423444,-0.261585
2026-02-09,16.544832,0.161254,0.423733,-0.262480
2026-02-10,16.547570,0.150398,0.424023,-0.273624
2026-02-11,16.550308,0.141921,0.424312,-0.282390
2026-02-12,16.553046,0.134112,0.424600,-0.290489
2026-02-13,16.555784,0.150997,0.424888,-0.273891
2026-02-14,16.558522,0.156848,0.425176,-0.268328
2026-02-15,16.561259,0.150214,0.425463,-0.275250
2026-02-16,16.563997,0.147736,0.425750,-0.278014
2026-02-17,16.566735,0.140487,0.426036,-0.285549
2026-02-18,16.569473,0.132880,0.426322,-0.293442
2026-02-19,16.572211,0.135901,0.426607,-0.290706
2026-02-20,16.574949,0.142786,0.426891,-0.284106
2026-02-21,16.577687,0.141838,0.427176,-0.285337
2026-02-22,16.580424,0.139567,0.427459,-0.287892
2026-02-23,16.583162,0.119941,0.427742,-0.307801
2026-02-24,16.585900,0.115491,0.428024,-0.312533
2026-02-25,16.588638,0.143492,0.428306,-0.284814
2026-02-26,16.591376,0.137492,0.428587,-0.291095
2026-02-27,16.594114,0.124425,0.428868,-0.304443
2026-02-28,16.596851,0.134347,0.429148,-0.294801
2026-03-01,16.599589,0.121129,0.429427,-0.308298
2026-03-02,16.602327,0.147622,0.429706,-0.282084
2026-03-03,16.605065,0.140169,0.429984,-0.289815
2026-03-04,16.607803,0.167254,0.430261,-0.263007
2026-03-05,16.610541,0.157917,0.430538,-0.272621
2026-03-06,16.613279,0.140009,0.430814,-0.290805
2026-03-07,16.616016,0.132188,0.431089,-0.298902
2026-03-08,16.618754,0.125278,0.431364,-0.306085
2026-03-09,16.621492,0.140383,0.431638,-0.291255
2026-03-10,16.624230,0.146680,0.431911,-0.285231
2026-03-11,16.626968,0.150605,0.432183,-0.281578
2026-03-12,16.629706,0.148812,0.432455,-0.283643
2026-03-13,16.632444,0.152299,0.432726,-0.280427
2026-03-14,16.635181,0.151501,0.432996,-0.281495
2026-03-15,16.637919,0.163601,0.433265,-0.269664
2026-03-16,16.640657,0.174625,0.433533,-0.258909
2026-03-17,16.643395,0.171902,0.433801,-0.261899
2026-03-18,16.646133,0.152563,0.434068,-0.281504
2026-03-19,16.648871,0.146117,0.434334,-0.288217
2026-03-20,16.651608,0.149656,0.434599,-0.284943
2026-03-21,16.654346,0.146280,0.434863,-0.288582
2026-03-22,16.657084,0.133408,0.435126,-0.301718
2026-03-23,16.659822,0.148393,0.435389,-0.286996
2026-03-24,16.662560,0.145401,0.435650,-0.290249
2026-03-25,16.665298,0.151262,0.435911,-0.284649
2026-03-26,16.668036,0.135299,0.436170,-0.300872
2026-03-27,16.670773,0.116604,0.436429,-0.319825
