t0_date,weighting,n_fit,n_holdout,beta_ols,beta_qr,alpha_ols,r2_fit,r2_holdout,sigma_fit,sigma_holdout
2007-01-01,log_density,5747,0,7.659829846866194,7.761604036968066,-4.6226406818410455,0.9635352065081632,,0.35057115705774217,
2007-01-01,unweighted,5747,0,7.560196292449214,7.642713426015263,-4.460508360751283,0.9498333676178264,,0.34467570510572637,
2007-01-01,1_over_t,5747,0,7.950154797081892,7.892144238987015,-4.8374006948981005,0.9470614560090461,,0.3537820996819533,
2007-01-08,log_density,5747,0,7.640307286660399,7.739616510522282,-4.595523287010862,0.9636688905456822,,0.3500948700277974,
2007-01-08,unweighted,5747,0,7.543517553746002,7.603385138628482,-4.436786902036216,0.9499442281662609,,0.3442946543024634,
2007-01-08,1_over_t,5747,0,7.932065721484592,7.888403008019623,-4.811870927314866,0.9471841917626628,,0.35338937505720197,
2007-01-15,log_density,5747,0,7.621004034683117,7.729566579104834,-4.568703219323597,0.9638006874027459,,0.3496308451491884,
2007-01-15,unweighted,5747,0,7.526823648931347,7.597927243430988,-4.413062288210113,0.950055287235149,,0.3439124978089718,
2007-01-15,1_over_t,5747,0,7.913951864346609,7.857692621341499,-4.786330220146428,0.9473073140176042,,0.3529950696745543,
2007-01-22,log_density,5747,0,7.6016712113870675,7.713716800689056,-4.541934322258717,0.9639258394568562,,0.3491773265683398,
2007-01-22,unweighted,5747,0,7.510114431356186,7.574051595444132,-4.389334414983099,0.9501665432495368,,0.3435292373637102,
2007-01-22,1_over_t,5747,0,7.8958129673745985,7.839906695744119,-4.760778397005398,0.9474308240452378,,0.35259917681849745,
2007-01-29,log_density,5747,0,7.582045796592373,7.694977925143654,-4.514921566443669,0.9640452571503288,,0.348726613169609,
2007-01-29,unweighted,5747,0,7.4933897522465145,7.577999917219323,-4.365603176385052,0.9502779945710254,,0.3431448749211632,
2007-01-29,1_over_t,5747,0,7.877648768272706,7.836560546736791,-4.735215278773136,0.9475547231057919,,0.35220168984812744,
2007-02-05,log_density,5747,0,7.561444196595206,7.682015202038144,-4.487150439070795,0.9641486439554633,,0.3483022378580147,
2007-02-05,unweighted,5747,0,7.476649460661248,7.589835083916583,-4.341868464731474,0.9503896394958942,,0.3427594126595959,
2007-02-05,1_over_t,5747,0,7.859459000658801,7.816099653802183,-4.709640683544426,0.9476790124476643,,0.3518026022028924,
2007-02-12,log_density,5747,0,7.5404641005630095,7.6611382899971545,-4.459102491037729,0.9642470899634362,,0.3478894982544577,
2007-02-12,unweighted,5747,0,7.459893403449274,7.54201586013685,-4.318130170588561,0.950501476253164,,0.3423728529890784,
2007-02-12,1_over_t,5747,0,7.841243393978898,7.79896693902861,-4.684054426571221,0.9478036933067039,,0.3514019074086192,
2007-02-19,log_density,5747,0,7.519517037798297,7.638986841183396,-4.431117738379877,0.9643434109858711,,0.3474794940403782,
2007-02-19,unweighted,5747,0,7.443121425205526,7.510642801052768,-4.2943881827376,0.9506135030025985,,0.34198519855978804,
2007-02-19,1_over_t,5747,0,7.82300167341854,7.7858182360271115,-4.658456320204302,0.9479287669054642,,0.35099959908378436,
2007-02-26,log_density,5747,0,7.498516461862765,7.635610104573075,-4.403138806672599,0.9644368386951363,,0.34707662932682276,
2007-02-26,unweighted,5747,0,7.426333368225683,7.4953439643295,-4.2706423881380005,0.9507257178326419,,0.34159645227060315,
2007-02-26,1_over_t,5747,0,7.804733559812735,7.769496521627751,-4.632846173834387,0.9480542344524273,,0.3505956709461176,
2007-03-05,log_density,5747,0,7.477534473144789,7.608288676303964,-4.375231503639392,0.9645273088885035,,0.34668040653794513,
2007-03-05,unweighted,5747,0,7.409529072459856,7.5015161294310815,-4.2468926718898015,0.9508381187582902,,0.34120661727799556,
2007-03-05,1_over_t,5747,0,7.78643876955227,7.747570016641223,-4.607223793830387,0.9481800971411964,,0.3501901168194702,
2007-03-12,log_density,5747,0,7.456585880965069,7.583641914616095,-4.347412801489826,0.9646149015952938,,0.34629134061085526,
2007-03-12,unweighted,5747,0,7.392708375464872,7.492835278601525,-4.223138917194959,0.9509507037188931,,0.34081569700523634,
2007-03-12,1_over_t,5747,0,7.7681170144886345,7.739691112068275,-4.581588983477354,0.9483063561496577,,0.3497829306410485,
2007-03-19,log_density,5747,0,7.436154922634296,7.572399010883522,-4.32011840894323,0.9646982408130604,,0.34590400115422887,
2007-03-19,unweighted,5747,0,7.3758711123557825,7.4556274947215115,-4.19938100531771,0.9510634705758855,,0.3404236951519244,
2007-03-19,1_over_t,5747,0,7.749768001835616,7.6962866830952805,-4.555941542911978,0.9484330126391072,,0.3493741064689578,
2007-03-26,log_density,5747,0,7.41575316506746,7.541896537613283,-4.292906323829705,0.9647781814441085,,0.3455232091351312,
2007-03-26,unweighted,5747,0,7.359017115755677,7.459039036623949,-4.1756188155439204,0.9511764171104443,,0.3400306157038511,
2007-03-26,1_over_t,5747,0,7.731391434068753,7.701815190359909,-4.53028126905681,0.9485600677533438,,0.34896363849013384,
2007-04-02,log_density,5747,0,7.395377003326743,7.532914720703086,-4.265744518063191,0.9648559597165158,,0.34514401996703165,
2007-04-02,unweighted,5747,0,7.342146215744141,7.4490856179597245,-4.151852225139132,0.9512895410210692,,0.3396364629432142,
2007-04-02,1_over_t,5747,0,7.712987008821267,7.6751632973024755,-4.504607955552292,0.9486875226177264,,0.34855152102859455,
2007-04-09,log_density,5747,0,7.374729064489595,7.509658005979787,-4.23835341790344,0.9649327900557565,,0.3447679456702752,
2007-04-09,unweighted,5747,0,7.325258239804992,7.421769262506388,-4.128081109306001,0.9514028399210832,,0.33924124145919266,
2007-04-09,1_over_t,5747,0,7.69455441877777,7.655720799199031,-4.478921392687492,0.9488153783381923,,0.34813774855411833,
2007-04-16,log_density,5747,0,7.353719490419479,7.487290193913083,-4.210676984596335,0.965007575710288,,0.3444007782494383,
2007-04-16,unweighted,5747,0,7.308353012771636,7.391277184469516,-4.104305341139869,0.9515163113360515,,0.33884495615889854,
2007-04-16,1_over_t,5747,0,7.676093351564795,7.634358764683046,-4.453221367328615,0.9489436360002372,,0.34772231569132966,
2007-04-23,log_density,5747,0,7.332831862489317,7.480275743168022,-4.183108076499517,0.9650816950087231,,0.3440292026031731,
2007-04-23,unweighted,5747,0,7.291430356771886,7.386299956944434,-4.080524791583973,0.9516299527011143,,0.3384476122787186,
2007-04-23,1_over_t,5747,0,7.657603489637942,7.6213745542859765,-4.4275076628456205,0.9490722966678533,,0.3473052172291767,
2007-04-30,log_density,5747,0,7.312209314440629,7.462992077856448,-4.155725718601447,0.9651577560530912,,0.3436422502320862,
2007-04-30,unweighted,5747,0,7.274490091170848,7.362923390128543,-4.056739329382635,0.9517437613582305,,0.33804921539606203,
2007-04-30,1_over_t,5747,0,7.639084510166461,7.598872440726652,-4.4017800590370415,0.9492013613824252,,0.3468864481309091,
2007-05-07,log_density,5747,0,7.291672505570586,7.436382449857263,-4.128424051636553,0.9652320621173913,,0.34325190730093913,
2007-05-07,unweighted,5747,0,7.257532032512147,7.3464279051535435,-4.032948821033737,0.9518577345533302,,0.33764977144152813,
2007-05-07,1_over_t,5747,0,7.62053608491413,7.577808572695359,-4.37603833205264,0.9493308311615807,,0.3464660035444874,
2007-05-14,log_density,5747,0,7.271235888898146,7.4263774017611865,-4.10121699844714,0.9653035498143002,,0.3428580424387731,
2007-05-14,unweighted,5747,0,7.240555994458004,7.353457212949685,-4.00915313073982,0.9519718694333708,,0.33724928671151333,
2007-05-14,1_over_t,5747,0,7.601957880116359,7.553609337315436,-4.350282254313698,0.9494607069979958,,0.34604387881345955,
2007-05-21,log_density,5747,0,7.879799066044461,7.858843970815261,-4.771397483227853,0.9743932541613519,,0.3864061284618927,
2007-05-21,unweighted,5747,0,7.223561787727369,7.3277556200437175,-3.9853521203575064,0.9520861630432933,,0.3368477678812715,
2007-05-21,1_over_t,5747,0,7.5833495563548565,7.546809491091324,-4.3245115944315815,0.9495909898581502,,0.34562006948843615,
2007-05-28,log_density,5747,0,7.893225792072186,7.884883155154633,-4.781277162085423,0.9737462763288566,,0.38982143170373035,
2007-05-28,unweighted,5747,0,7.206549220032199,7.318940558359152,-3.961545649345894,0.9522006123228773,,0.3364452220184477,
2007-05-28,1_over_t,5747,0,7.56471076842721,7.541217757053225,-4.298726117123446,0.9497216806810319,,0.3451945713389914,
2007-06-04,log_density,5747,0,7.884210260058937,7.80460892796782,-4.766070313523317,0.9734898331202729,,0.3906644517625487,
2007-06-04,unweighted,5747,0,7.1895180960124945,7.2933024304457845,-3.9377335747133637,0.9523152141034862,,0.33604165659710256,
2007-06-04,1_over_t,5747,0,7.546041165214092,7.511779651853097,-4.272925583126259,0.9498527803767906,,0.34476738036623616,
2007-06-11,log_density,5747,0,7.86954532586751,7.786610782564807,-4.74459738830033,0.9732926742287921,,0.3908566310394811,
2007-06-11,unweighted,5747,0,7.172468217169014,7.291267621390482,-3.913915750962864,0.9524299651047031,,0.3356370795122479,
2007-06-11,1_over_t,5747,0,7.527340389541749,7.494029952256554,-4.247109749107912,0.9499842898253328,,0.34433849281592777,
2007-06-18,log_density,5747,0,7.846179182691965,7.774914205630207,-4.7135211681085005,0.9732735791006835,,0.3900340942475875,
2007-06-18,unweighted,5747,0,7.155399381794459,7.279587132522167,-3.890092030035757,0.9525448619308506,,0.33523149909491307,
2007-06-18,1_over_t,5747,0,7.508608078040215,7.482840017578312,-4.221278367575606,0.9501162098748621,,0.34390790519219355,
2007-06-25,log_density,5747,0,7.825866968307195,7.747209164453011,-4.685745488431678,0.9731752975375895,,0.38953605895099724,
2007-06-25,unweighted,5747,0,7.138311384902461,7.255402261293746,-3.866262261253961,0.9526599010673895,,0.3348249241277625,
2007-06-25,1_over_t,5747,0,7.489843860998092,7.469075528757628,-4.195431186782547,0.950248541340357,,0.34347561427193174,
2007-07-02,log_density,5747,0,7.8078635842481745,7.709972945341065,-4.660452757465165,0.9730140585968918,,0.3892808239217759,
2007-07-02,unweighted,5747,0,7.121204018154768,7.222693969375655,-3.842426291260486,0.9527750788771933,,0.3344173638612891,
2007-07-02,1_over_t,5747,0,7.471047362212574,7.451500430484131,-4.16956795063097,0.950381285001986,,0.3430416171199131,
2007-07-09,log_density,5747,0,7.791813707046085,7.710460280232809,-4.637438780811946,0.9727684336695526,,0.3892974401745801,
2007-07-09,unweighted,5747,0,7.104077069786243,7.2190406316946465,-3.8185839639583246,0.9528903915966928,,0.33400882803060356,
2007-07-09,1_over_t,5747,0,7.45221819883464,7.415877709001368,-4.143688398572794,0.9505144416034581,,0.34260591110454436,
2007-07-16,log_density,5747,0,7.774722747938384,7.673982159102309,-4.613535538559892,0.9725150092080838,,0.38928197159653366,
2007-07-16,unweighted,5747,0,7.086930324527784,7.201658030783705,-3.7947351204475286,0.953005835331885,,0.3335993268728459,
2007-07-16,1_over_t,5747,0,7.433355981210177,7.398498593689588,-4.117792265507411,0.9506480118503016,,0.3421684939144475,
2007-07-23,log_density,5747,0,7.75677686538927,7.652299064861115,-4.58877523622422,0.9722593072142409,,0.3891935256271543,
2007-07-23,unweighted,5747,0,7.069763563526886,7.2053860096838065,-3.7708795989604167,0.9531214060542018,,0.3331888711452429,
2007-07-23,1_over_t,5747,0,7.414460312715793,7.379015158910931,-4.091879281676399,0.9507819964080735,,0.3417293635757889,
2007-07-30,log_density,5747,0,7.737937283925748,7.630798100376751,-4.56310216649495,0.9719986655651424,,0.38902104101675705,
2007-07-30,unweighted,5747,0,7.052576564266132,7.163093832686684,-3.7470172347948894,0.9532370995962324,,0.3327774721438395,
2007-07-30,1_over_t,5747,0,7.395530789590056,7.365192174807262,-4.06594917255529,0.9509163959004913,,0.3412885184704796,
2007-08-06,log_density,5747,0,7.71886335915915,7.598977344219094,-4.537300487819092,0.9717165588899479,,0.3888634132157453,
2007-08-06,unweighted,5747,0,7.0353691004790715,7.16371641225069,-3.723147860246041,0.953352911647293,,0.3323651417229294,
2007-08-06,1_over_t,5747,0,7.376567000758745,7.343806910273392,-4.040001658741729,0.9510512109074867,,0.3408459573551917,
2007-08-13,log_density,5747,0,7.6933868427068,7.563608484672841,-4.504429590895856,0.9715876164399745,,0.38791838463065764,
2007-08-13,unweighted,5747,0,7.018140942063764,7.163350966849478,-3.6992713045352668,0.953468837748839,,0.3319518923152161,
2007-08-13,1_over_t,5747,0,7.357568527655334,7.334340741590708,-4.0140364558407216,0.9511864419631767,,0.34040167938133836,
2007-08-20,log_density,5747,0,7.661939147592669,7.5501200812620795,-4.464840838459121,0.971605178931469,,0.3861932795790263,
2007-08-20,unweighted,5747,0,7.000891854993765,7.1548328725657555,-3.6753873937376964,0.9535848732897113,,0.33153773695273236,
2007-08-20,1_over_t,5747,0,7.338534944035973,7.3088299333646916,-3.9880532743462744,0.951322089553747,,0.3399556841160372,
2007-08-27,log_density,5747,0,7.629846809482188,7.521272640661955,-4.424429057857863,0.9715886508325395,,0.38434716863674745,
2007-08-27,unweighted,5747,0,6.983621601226215,7.124689537899542,-3.6514959507071314,0.9537010135012115,,0.33112268928855104,
2007-08-27,1_over_t,5747,0,7.319465815787802,7.289918225621459,-3.9620518195194476,0.9514581541152458,,0.3395079715640048,
2007-09-03,log_density,5747,0,7.588507884619197,7.500934193013791,-4.3739313595620715,0.9717525900504309,,0.3814415092198589,
2007-09-03,unweighted,5747,0,6.9663299386077036,7.103563387228391,-3.627596794999129,0.9538172534519974,,0.3307067636193193,
2007-09-03,1_over_t,5747,0,7.3003607007322255,7.280917192777721,-3.9360317912625757,0.9515946360312816,,0.3390585421906287,
2007-09-10,log_density,5747,0,7.543979688600024,7.454804093732598,-4.319811635697076,0.9718754608247133,,0.3781558937435258,
2007-09-10,unweighted,5747,0,6.9490166207768285,7.074773662790939,-3.6036897427912913,0.9539335880427933,,0.33028997490865075,
2007-09-10,1_over_t,5747,0,7.281219148420867,7.255350850797193,-3.909992883989932,0.9517315356306217,,0.33860739694603637,
2007-09-17,log_density,5747,0,7.501854583567295,7.437943467867996,-4.268507425110757,0.9719981566138954,,0.37524363326019605,
2007-09-17,unweighted,5747,0,6.931681397063887,7.075757005023387,-3.579774606801317,0.9540500120009046,,0.3298723388114126,
2007-09-17,1_over_t,5747,0,7.262040699925895,7.249132792998466,-3.8839347864940583,0.9518688531846865,,0.33815453729045925,
2007-09-24,log_density,5747,0,7.461202845255688,7.411151497976739,-4.21903099448919,0.9721332848395785,,0.3725984953024589,
2007-09-24,unweighted,5747,0,6.914324012387615,7.073185560051229,-3.5558511962026347,0.9541665198745313,,0.3294538716989437,
2007-09-24,1_over_t,5747,0,7.242824887622866,7.227619243474358,-3.8578571818082694,0.952006588904933,,0.3376999652207445,
2007-10-01,log_density,5747,0,7.4216931458826645,7.38772201524381,-4.17104983543142,0.9722499556692794,,0.370186191638815,
2007-10-01,unweighted,5747,0,6.896944207148839,7.040170276195099,-3.5319193165373384,0.954283106026869,,0.3290345906852446,
2007-10-01,1_over_t,5747,0,7.223571234966899,7.211347279500107,-3.8317597470645115,0.9521447429401245,,0.33724368329823334,
2007-10-08,log_density,5747,0,7.3869535030739355,7.366097966338728,-4.128646453778827,0.9723222235528735,,0.36841728441641164,
2007-10-08,unweighted,5747,0,6.879541717120379,7.002502151024771,-3.5079787696262867,0.9543997646299915,,0.32861451365417993,
2007-10-08,1_over_t,5747,0,7.204279256261361,7.182142869376076,-3.805642153347165,0.952283315373479,,0.33678569467797304,
2007-10-15,log_density,5747,0,7.3541426347506125,7.3409930290167065,-4.088415888680191,0.9723559082147475,,0.36687684467937137,
2007-10-15,unweighted,5747,0,6.862116273334145,7.033010726207401,-3.4840293534766253,0.9545164896585021,,0.3281936592877372,
2007-10-15,1_over_t,5747,0,7.184948456418623,7.168193293203128,-3.7795040655416665,0.952422306219691,,0.3363260031393749,
2007-10-22,log_density,5747,0,7.320722100846488,7.3017406092474,-4.047512698362009,0.9723971858243066,,0.3652752940604668,
2007-10-22,unweighted,5747,0,6.844667601964295,6.99026444371324,-3.4600708621862224,0.9546332748829459,,0.32777204709538676,
2007-10-22,1_over_t,5747,0,7.1655783307135685,7.157733690511897,-3.753345142178887,0.9525617154218202,,0.3358646131184327,
2007-10-29,log_density,5747,0,7.287930695028322,7.284737680263824,-4.007404201306533,0.9724377150150624,,0.36377844591926967,
2007-10-29,unweighted,5747,0,6.8271954242065895,7.005104467688625,-3.436103085845065,0.9547501138629727,,0.32734969744459147,
2007-10-29,1_over_t,5747,0,7.1461683645279725,7.145063332712667,-3.7271650352740764,0.9527015428480403,,0.3354015297414776,
2007-11-05,log_density,5747,0,7.254061026686453,7.267038840051516,-3.9663112788794876,0.972481306271552,,0.3622433607539836,
2007-11-05,unweighted,5747,0,6.80969945615448,6.957482078246933,-3.4121258104336296,0.9548669999402379,,0.32692663159251395,
2007-11-05,1_over_t,5747,0,7.126718033086728,7.11681080891853,-3.700963390160672,0.9528417882882407,,0.3349367588606646,
2007-11-12,log_density,5747,0,7.220823624479365,7.239218977997339,-3.9258339011053183,0.9725214688078441,,0.36075251055413604,
2007-11-12,unweighted,5747,0,6.792179408670541,6.940063071216429,-3.38813881771786,0.9549839262310316,,0.3265028717189759,
2007-11-12,1_over_t,5747,0,7.107226801185205,7.102677597777223,-3.6747398453189324,0.9529824514504749,,0.33447030709123127,
2007-11-19,log_density,5747,0,7.187017616575651,7.215129833730419,-3.8846671426735084,0.9725753422494601,,0.3591903514203195,
2007-11-19,unweighted,5747,0,6.774634987254135,6.929011853901123,-3.3641418851406515,0.9551008856186222,,0.3260784409607239,
2007-11-19,1_over_t,5747,0,7.087694122906934,7.0815056670013234,-3.6484940321986037,0.9531235319572442,,0.33400218185061525,
2007-11-26,log_density,5747,0,7.153909767234544,7.1839450550432575,-3.8444088231490787,0.9726233441280856,,0.3577519016924189,
2007-11-26,unweighted,5747,0,6.757065891904874,6.91690289066646,-3.3401347857100987,0.9552178707453034,,0.3256533634470575,
2007-11-26,1_over_t,5747,0,7.068119441331462,7.079966957193776,-3.6222255750359067,0.953265029341613,,0.3335323913995241,
2007-12-03,log_density,5747,0,7.119692587829817,7.1494745192674145,-3.8030864472833725,0.9726489563324494,,0.356265671257649,
2007-12-03,unweighted,5747,0,6.7394718169812,6.9035248051037,-3.316117287883798,0.9553348740041303,,0.3252276643368817,
2007-12-03,1_over_t,5747,0,7.0485021882326375,7.045758608197204,-3.5959340906644384,0.9534069430431423,,0.3330609448851454,
2007-12-10,log_density,5747,0,7.080665158185614,7.10565760030795,-3.7565662195235667,0.9726124095615291,,0.35436808993427255,
2007-12-10,unweighted,5747,0,6.721852451054644,6.872620142464939,-3.2920891554492804,0.95545188753033,,0.32480136985724734,
2007-12-10,1_over_t,5747,0,7.028841783765357,7.022867755344151,-3.5696191883194683,0.9535492724036355,,0.3325878523864664,
2007-12-17,log_density,5747,0,7.041139628484955,7.054437655856759,-3.709334023763756,0.972528624213495,,0.35240279151902787,
2007-12-17,unweighted,5747,0,6.704207476759263,6.843021419396571,-3.268050147400752,0.9555689031923723,,0.324374507343444,
2007-12-17,1_over_t,5747,0,7.00913763614229,7.013622214435841,-3.5432804694360365,0.9536920166626826,,0.33211312496198914,
2007-12-24,log_density,5747,0,7.002231949341097,6.999838030245087,-3.6632949487105417,0.9724532820014975,,0.350695661090215,
2007-12-24,unweighted,5747,0,6.686536570635882,6.8532265943120905,-3.2440000178113926,0.9556859125826866,,0.323947105280717,
2007-12-24,1_over_t,5747,0,6.9893891412985125,7.004045256954001,-3.5169175274398885,0.9538351749529966,,0.33163677469984376,
2007-12-31,log_density,5747,0,6.964456252220846,6.936344854331594,-3.6188065571151307,0.9724051899379167,,0.34921843528442065,
2007-12-31,unweighted,5747,0,6.668839402970895,6.832163362914173,-3.21993851570144,0.9558029070080055,,0.3235191933476821,
2007-12-31,1_over_t,5747,0,6.9695956825440355,6.974116780755704,-3.490529947531248,0.9539787462955267,,0.33115881477046866,
2008-01-07,log_density,5747,0,6.9285723112258095,6.914063564090213,-3.5761203369187156,0.9723695097551145,,0.3478390376266183,
2008-01-07,unweighted,5747,0,6.651115637630316,6.806434137456719,-3.1958653849018615,0.9559198774793192,,0.3230908024615125,
2008-01-07,1_over_t,5747,0,6.949756630203837,6.947723945476586,-3.464117306461012,0.9541227295943385,,0.330679259482022,
2008-01-14,log_density,5747,0,6.893406085916229,6.810519253436581,-3.534423801551422,0.9723305348771282,,0.3466052806112382,
2008-01-14,unweighted,5747,0,6.633364931887124,6.791062735356661,-3.171780363913093,0.9560368147014239,,0.3226619648249824,
2008-01-14,1_over_t,5747,0,6.929871341245142,6.937835189764513,-3.437679172299428,0.954267123631248,,0.3301981243386846,
2008-01-21,log_density,5747,0,6.8591020071664826,6.750410685545546,-3.4939969624838634,0.9722933456995629,,0.34556452123112585,
2008-01-21,unweighted,5747,0,6.6155869362436555,6.776790803074022,-3.147683185759248,0.9561537090620422,,0.32223271397544995,
2008-01-21,1_over_t,5747,0,6.909939158890606,6.929218776856498,-3.4112151041964958,0.9544119270601946,,0.32971542610196536,
2008-01-28,log_density,5747,0,6.826012723448836,6.717342267131393,-3.454636307389979,0.9722702328184144,,0.34454943014186645,
2008-01-28,unweighted,5747,0,6.597781294247196,6.757117501872891,-3.1235735778369014,0.9562705506204979,,0.3218030848358703,
2008-01-28,1_over_t,5747,0,6.889959412217133,6.90823329700997,-3.384724652133698,0.9545571384013405,,0.3292311828552138,
2008-02-04,log_density,5747,0,6.794146943041987,6.701894465914563,-3.416662581092304,0.9722485068506851,,0.34365596976239043,
2008-02-04,unweighted,5747,0,6.579947642299301,6.744918708625491,-3.0994512617587406,0.9563873290959215,,0.3213731137679322,
2008-02-04,1_over_t,5747,0,6.869931415740212,6.897451868064387,-3.35820735666721,0.9547027560348789,,0.328745414071554,
2008-02-11,log_density,5747,0,6.76467116244905,6.6830963534976515,-3.3806871505797513,0.9722596447843821,,0.3427505603884455,
2008-02-11,unweighted,5747,0,6.56208560945841,6.726012975507931,-3.0753159531915912,0.9565040338549655,,0.3209428386274183,
2008-02-11,1_over_t,5747,0,6.849854468982032,6.884490858169304,-3.3316627486615302,0.954848778194537,,0.328258140685354,
2008-02-18,log_density,5747,0,6.7336240250613875,6.655746250853753,-3.3430979316699267,0.9722538853000116,,0.3417680806273335,
2008-02-18,unweighted,5747,0,6.54419481723549,6.723319732662944,-3.051167361688812,0.9566206538990047,,0.3205122988218925,
2008-02-18,1_over_t,5747,0,6.829727856023529,6.855740726179079,-3.3050903490137187,0.9549952029607528,,0.3277693851675042,
2008-02-25,log_density,5747,0,6.701030180277832,6.619743309513069,-3.303961267288106,0.9722141258448401,,0.3407305014970636,
2008-02-25,unweighted,5747,0,6.526274879382428,6.686091945467329,-3.0270051905165527,0.9567371778507971,,0.32008153537082495,
2008-02-25,1_over_t,5747,0,6.809550845039305,6.833917462029724,-3.2784896683673077,0.955142028253511,,0.32727917160471065,
2008-03-03,log_density,5747,0,6.665345222332348,6.573460277721377,-3.2615757248057196,0.972058348885049,,0.33953645852543346,
2008-03-03,unweighted,5747,0,6.508325401672308,6.669994732183122,-3.002829136473579,0.9568535939405785,,0.3196505909682699,
2008-03-03,1_over_t,5747,0,6.789322687814472,6.802511672464831,-3.251860206816039,0.9552892518248151,,0.3267875257829934,
2008-03-10,log_density,5747,0,6.628835913554299,6.555760060113645,-3.2180430313028725,0.9718225750744294,,0.338238689713957,
2008-03-10,unweighted,5747,0,6.490345981672525,6.64311541878206,-2.978638889704852,0.9569698899915611,,0.31921951004821914,
2008-03-10,1_over_t,5747,0,6.769042619242834,6.812287665596086,-3.2252014535960085,0.955436871250774,,0.32629447527571753,
2008-03-17,log_density,5747,0,6.589585559076781,6.529231273941178,-3.171691966269397,0.9713666616561695,,0.33686110458702906,
2008-03-17,unweighted,5747,0,6.472336208508813,6.661891172785971,-2.9544341335079074,0.9570860534048106,,0.3187883388527583,
2008-03-17,1_over_t,5747,0,6.748709856805431,6.776033172018209,-3.1985128867669497,0.9555848839232847,,0.3258000495363405,
2008-03-24,log_density,5747,0,6.550312753496853,6.520856052316361,-3.125721693301201,0.9709133025153782,,0.3356615009812022,
2008-03-24,unweighted,5747,0,6.454295662620935,6.60839626418791,-2.9302145441323018,0.957202071143465,,0.3183571255031635,
2008-03-24,1_over_t,5747,0,6.7283236000280935,6.774120509887244,-3.1717939728807942,0.95573328704128,,0.32530427999619094,
2008-03-31,log_density,5747,0,6.509608072773208,6.467097441813053,-3.0788197569509146,0.9703605311754212,,0.334630622183656,
2008-03-31,unweighted,5747,0,6.436223915509307,6.6054774723098575,-2.9059797905713523,0.9573179297162662,,0.31792592007407827,
2008-03-31,1_over_t,5747,0,6.707883029918096,6.7487349669536965,-3.1450441666383098,0.9558820776015218,,0.32480720016761505,
2008-04-07,log_density,5747,0,6.46583673254092,6.431051313218219,-3.029380423798196,0.9695477902334344,,0.333753089467394,
2008-04-07,unweighted,5747,0,6.418120529471756,6.579628847529719,-2.8817295343462135,0.9574336151603662,,0.3174947746709256,
2008-04-07,1_over_t,5747,0,6.6873873083771525,6.724419067849752,-3.1182629105318513,0.9560312523889065,,0.3243088457527121,
2008-04-14,log_density,5747,0,6.420651921964198,6.342270210622516,-2.978168565234493,0.9684012976732843,,0.33282470422399396,
2008-04-14,unweighted,5747,0,6.399985057330715,6.563817673575407,-2.8574634292815593,0.9575491130233732,,0.3170637435107097,
2008-04-14,1_over_t,5747,0,6.6668355775917005,6.707816580769823,-3.0914496344747526,0.9561808079662578,,0.32380925475814604,
2008-04-21,log_density,5747,0,6.378228590857858,6.288952573535624,-2.92973794518139,0.9674590284203126,,0.332043562376755,
2008-04-21,unweighted,5747,0,6.3818170421499225,6.5491276998999695,-2.8331811212728226,0.9576644083445957,,0.31663288300638004,
2008-04-21,1_over_t,5747,0,6.646226959397112,6.688188503171794,-3.064603755415968,0.9563307406635706,,0.32330846761621435,
2008-04-28,log_density,5747,0,6.341743401996003,6.21844160921572,-2.885610267733892,0.9667549152289386,,0.3309259467421327,
2008-04-28,unweighted,5747,0,6.36361601693973,6.5236702642665705,-2.8088822480442834,0.9577794856354432,,0.3162022518549313,
2008-04-28,1_over_t,5747,0,6.6255605546167695,6.65605015031063,-3.037724676939852,0.9564810465666742,,0.3228065273127545,
2008-05-05,log_density,5747,0,6.308517618971985,6.208648188157866,-2.844286436484774,0.9662479097683896,,0.32976343603242964,
2008-05-05,unweighted,5747,0,6.3453815043517485,6.521120805297841,-2.784566438897895,0.957894328858942,,0.3157719111294293,
2008-05-05,1_over_t,5747,0,6.604835442372331,6.658122503302753,-3.0108117888493435,0.9566317215052782,,0.322303479522119,
2008-05-12,log_density,5747,0,6.277183414198513,6.18166180897652,-2.804755834112992,0.965873417694358,,0.32863286706831135,
2008-05-12,unweighted,5747,0,6.327113016360806,6.521109741642547,-2.760233314452064,0.9580089214083128,,0.31534192437516073,
2008-05-12,1_over_t,5747,0,6.5840506793664115,6.63289696628398,-2.9838644667333125,0.9567827610403595,,0.3217993727498391,
2008-05-19,log_density,5747,0,6.248287934505043,6.1333150312989915,-2.7671589131729704,0.9656043003972088,,0.3274170662100482,
2008-05-19,unweighted,5747,0,6.308810053934959,6.480473333051783,-2.735882486370251,0.9581232460845669,,0.3149123577101147,
2008-05-19,1_over_t,5747,0,6.563205299133433,6.6236122006051446,-2.9568820715155346,0.9569341604508517,,0.3212942584832725,
2008-05-26,log_density,5747,0,6.218048096584754,6.114946525293888,-2.7290894278938045,0.965285067760249,,0.32646694058310244,
2008-05-26,unweighted,5747,0,6.290472106691571,6.456382392719419,-2.7115135570784643,0.9582372850730627,,0.31448327993002073,
2008-05-26,1_over_t,5747,0,6.542298311259658,6.605904861502836,-2.9298639489860054,0.9570859147195869,,0.32078819135090897,
2008-06-02,log_density,5747,0,6.186971011230774,6.098248518499702,-2.6909035459695425,0.964951162358398,,0.3257358564749091,
2008-06-02,unweighted,5747,0,6.27209865254066,6.443375817745373,-2.6871261194716523,0.9583510199189682,,0.3140547626181753,
2008-06-02,1_over_t,5747,0,6.5213287005683345,6.587309817626483,-2.9028094293122,0.9572380185184465,,0.3202812292907193,
2008-06-09,log_density,5747,0,6.155349714064975,6.065046664618386,-2.653321310066106,0.9646782030935197,,0.3253277826991461,
2008-06-09,unweighted,5747,0,6.253689157312423,6.446712675157286,-2.662719756607831,0.9584644315015697,,0.3136268802603067,
2008-06-09,1_over_t,5747,0,6.500295426270332,6.566830909655254,-2.8757178265305474,0.9573904661926624,,0.3197734337282721,
2008-06-16,log_density,5747,0,6.128397405697535,6.041590108438296,-2.618875862144376,0.9645867428185966,,0.324538030538806,
2008-06-16,unweighted,5747,0,6.235243074370856,6.3929942837973925,-2.6382940413899525,0.9585775000073606,,0.3131997103647419,
2008-06-16,1_over_t,5747,0,6.479197421076577,6.5502257349609785,-2.848588438016332,0.9575432517442177,,0.31926486976510093,
2008-06-23,log_density,5747,0,6.111186380135016,6.001810606060602,-2.5904452760199055,0.9648449238915092,,0.3228237861568612,
2008-06-23,unweighted,5747,0,6.216759844210271,6.379038789785568,-2.613848536234403,0.9586902049018454,,0.31277333358815373,
2008-06-23,1_over_t,5747,0,6.458033590271471,6.531669619794357,-2.8214205439310946,0.9576963688142819,,0.3187556063780953,
2008-06-30,log_density,5747,0,6.386270416818126,6.474840389187603,-2.7397132604974153,0.9552558857583751,,0.3167420782640659,
2008-06-30,unweighted,5747,0,6.198238894035822,6.3916369202548005,-2.589382792725586,0.9588025248999827,,0.3123478338671832,
2008-06-30,1_over_t,5747,0,6.4368028107444974,6.520892028020443,-2.794213406646385,0.9578498106646168,,0.31824571663056106,
2008-07-07,log_density,5747,0,6.358475770428334,6.471843035247394,-2.7056058389169566,0.955250491128254,,0.316088238032206,
2008-07-07,unweighted,5747,0,6.1796796373258145,6.361075559791573,-2.564896351256066,0.9589144379351937,,0.3119232985562537,
2008-07-07,1_over_t,5747,0,6.41550392997822,6.504075462968856,-2.766966270142772,0.9580035701578821,,0.3177352778957525,
2008-07-14,log_density,5747,0,6.332101886712111,6.403895775371217,-2.6730822138168953,0.9553547643046286,,0.31547704704535107,
2008-07-14,unweighted,5747,0,6.161081473375933,6.328083057646985,-2.540388740651455,0.959025921126851,,0.3114998185719065,
2008-07-14,1_over_t,5747,0,6.394135764989575,6.480959482837989,-2.739678359382495,0.9581576397367633,,0.3172243720936459,
2008-07-21,log_density,5747,0,6.306597055155123,6.412616126688427,-2.6414549401319487,0.9554846908212847,,0.31489969932755935,
2008-07-21,unweighted,5747,0,6.142443786823234,6.336265511472135,-2.515859477778821,0.959136950746161,,0.31107748854401357,
2008-07-21,1_over_t,5747,0,6.372697101222347,6.468023446150185,-2.7123488796544764,0.9583120114018409,,0.31671308594187214,
2008-07-28,log_density,5747,0,6.281201136123602,6.3717528749364165,-2.609909021155898,0.9555979971473997,,0.31433946356790554,
2008-07-28,unweighted,5747,0,6.123765947150339,6.3184946977212775,-2.4913080671384567,0.9592475021803465,,0.31065640697424207,
2008-07-28,1_over_t,5747,0,6.351186691387968,6.44608654574672,-2.6849770158902118,0.9584666766881098,,0.3162015112217448,
2008-08-04,log_density,5747,0,6.2564498476209875,6.367456616365775,-2.5790973563466,0.9557362820749655,,0.31379802259411077,
2008-08-04,unweighted,5747,0,6.105047308167406,6.30239609644326,-2.4667340004376936,0.959357549895028,,0.31023667640216984,
2008-08-04,1_over_t,5747,0,6.329603254251863,6.421320550438082,-2.657561931949135,0.9586216266400533,,0.31568974506039815,
2008-08-11,log_density,5747,0,6.232064864458657,6.353230274119243,-2.5487977636855974,0.9558977869430426,,0.3132616661153185,
2008-08-11,unweighted,5747,0,6.086287207471245,6.2857585353433,-2.4421367561455956,0.9594670673946991,,0.30981840357947615,
2008-08-11,1_over_t,5747,0,6.307945473361476,6.412054437608978,-2.6301027698712467,0.9587768517851676,,0.31517789023008985,
2008-08-18,log_density,5747,0,6.208252409565372,6.297860539907963,-2.51921534619699,0.9560898776828555,,0.3127334648279449,
2008-08-18,unweighted,5747,0,6.067484965880781,6.239718213745759,-2.4175157990281977,0.9595760271811781,,0.3094016996526598,
2008-08-18,1_over_t,5747,0,6.286211995713438,6.379991171460048,-2.6025986490957282,0.9589323421058215,,0.3146660554658867,
2008-08-25,log_density,5747,0,6.1856165166317965,6.2821205375340226,-2.4909397529285546,0.9562859090731938,,0.3122255017401367,
2008-08-25,unweighted,5747,0,6.0486398868465905,6.200959569345798,-2.3928705796623215,0.9596844007099171,,0.30898668035476395,
2008-08-25,1_over_t,5747,0,6.264401430355608,6.367150907481552,-2.5750486656432354,0.9590880870093308,,0.3141543558029545,
2008-09-01,log_density,5747,0,6.162671499316576,6.267210991205108,-2.462349339377876,0.9564824474362781,,0.3117185163226376,
2008-09-01,unweighted,5747,0,6.029751255833992,6.220981275835321,-2.368200533927688,0.9597921583440348,,0.3085734662066208,
2008-09-01,1_over_t,5747,0,6.242512346920843,6.345268448601044,-2.5474518912601103,0.9592440752961134,,0.3136429129348597,
2008-09-08,log_density,5747,0,6.139813795307969,6.2378017555266165,-2.4338467177257095,0.9566612801803039,,0.31122029884640395,
2008-09-08,unweighted,5747,0,6.010818339677448,6.2052809106018785,-2.3435050824752346,0.9598992693059339,,0.3081621827281607,
2008-09-08,1_over_t,5747,0,6.220543274087368,6.319047607465487,-2.5198073725220067,0.9594002951257787,,0.31313185559426954,
2008-09-15,log_density,5747,0,6.117062376423998,6.222237390125613,-2.4055502834190072,0.956843795592875,,0.31072183926305896,
2008-09-15,unweighted,5747,0,5.991840385905328,6.194028947920771,-2.3187836301709637,0.9600057016263527,,0.3077529606603679,
2008-09-15,1_over_t,5747,0,6.19849269796208,6.2968824723323475,-2.4921141298947824,0.9595567339809961,,0.31262131995768894,
2008-09-22,log_density,5747,0,6.094898804051493,6.212127016807665,-2.377925559233719,0.9570093242065318,,0.31023318489546603,
2008-09-22,unweighted,5747,0,5.972816622032961,6.161996859584505,-2.2940355655137195,0.960111422090688,,0.3073459361985035,
2008-09-22,1_over_t,5747,0,6.176359060381958,6.279000653609597,-2.4643711567500444,0.9597133786289705,,0.31211145007593416,
2008-09-29,log_density,5747,0,6.072582948699585,6.184936229055678,-2.350162953391855,0.9571720396445746,,0.309747093386818,
2008-09-29,unweighted,5747,0,5.953746254822137,6.145755189878507,-2.269260260025243,0.9602163961824185,,0.30694125123725774,
2008-09-29,1_over_t,5747,0,6.154140757127879,6.251970938594932,-2.436577418332752,0.9598702150803397,,0.31160239833211845,
2008-10-06,log_density,5747,0,6.424069222822593,6.5979808274612,-2.6670697778554397,0.9712684593399618,,0.33201172532002116,
2008-10-06,unweighted,5747,0,5.934628469505082,6.126683595614054,-2.2444570676107523,0.9603205880234399,,0.3065390536285405,
2008-10-06,1_over_t,5747,0,6.131836136046079,6.234957491409894,-2.4087318506777917,0.9600272285452872,,0.31109432592921393,
2008-10-13,log_density,5747,0,6.3050493598171435,6.300691926706911,-2.54971948711454,0.9723546159755181,,0.32309087745700593,
2008-10-13,unweighted,5747,0,5.9154624289712645,6.108722852282767,-2.219625323889169,0.9604239603111137,,0.30613949745266467,
2008-10-13,1_over_t,5747,0,6.10944349507088,6.208016513891049,-2.3808333594726414,0.960184403386655,,0.310587403409275,
2008-10-20,log_density,5747,0,6.305015183441748,6.332755283446925,-2.5420508935816812,0.9719329508666318,,0.32436055868285635,
2008-10-20,unweighted,5747,0,5.896247272913925,6.090855264803849,-2.1947643454896943,0.9605264742518125,,0.3057427433037352,
2008-10-20,1_over_t,5747,0,6.086961080142609,6.182802844698887,-2.3528808188626953,0.9603417230698085,,0.31008181120667777,
2008-10-27,log_density,5747,0,6.288152266533172,6.3465510994786705,-2.5188284880128844,0.9717282847073089,,0.324305135377181,
2008-10-27,unweighted,5747,0,5.876982116935041,6.080377668930428,-2.1698734293145168,0.9606280894907324,,0.30534895859010636,
2008-10-27,1_over_t,5747,0,6.064387083013399,6.164965972911315,-2.3248730701957347,0.9604991701089951,,0.3095777402378359,
2008-11-03,log_density,5747,0,6.263343193829033,6.3315847405532395,-2.488345010598557,0.9716438431394325,,0.32359536413570217,
2008-11-03,unweighted,5747,0,5.857666051604892,6.045876592057084,-2.1449518517636323,0.9607287640377209,,0.30495831785083893,
2008-11-03,1_over_t,5747,0,6.041719638934178,6.1337704983247665,-2.296808920701568,0.9606567260099044,,0.30907539253018484,
2008-11-10,log_density,5747,0,6.239364544525341,6.319081296963953,-2.458596023557931,0.9715096584687388,,0.32296681242815317,
2008-11-10,unweighted,5747,0,5.838298141474799,6.03823703523247,-2.1199988679213195,0.9608284541888509,,0.30457100308914953,
2008-11-10,1_over_t,5747,0,6.018956824214583,6.13207361764734,-2.2686871421031527,0.9608143712081156,,0.30857498189332755,
2008-11-17,log_density,5747,0,6.217385431726726,6.296094230796618,-2.430744891190243,0.9713035385440292,,0.32250751693643115,
2008-11-17,unweighted,5747,0,5.818877424038787,6.002333721411773,-2.095013710700322,0.9609271144434528,,0.3041872041239217,
2008-11-17,1_over_t,5747,0,5.996096653646791,6.097285468387852,-2.240506469154021,0.9609720850030875,,0.3080767346355415,
2008-11-24,log_density,5747,0,6.196905177772508,6.2694787148823075,-2.4044211331937753,0.9710315087339156,,0.3221685501139269,
2008-11-24,unweighted,5747,0,5.799402908642214,5.996524827455474,-2.069995589942235,0.961024697416288,,0.30380711896042306,
2008-11-24,1_over_t,5747,0,5.973137077784967,6.07103399587443,-2.2122655980981363,0.9611298454873095,,0.30758089032915664,
2008-12-01,log_density,5747,0,6.176215011846611,6.248685997250434,-2.3780484390164625,0.9707497247069202,,0.32180988845544767,
2008-12-01,unweighted,5747,0,5.779873575332693,5.969363195441475,-2.0449436914704253,0.9611211537445272,,0.3034309541814612,
2008-12-01,1_over_t,5747,0,5.950075980069299,6.053259056000499,-2.1839631850464043,0.9612876294701997,,0.3070877026285172,
2008-12-08,log_density,5747,0,6.1549253068555,6.224690580439052,-2.351193450243433,0.9704670744363413,,0.3214059085046116,
2008-12-08,unweighted,5747,0,5.760288373650934,5.945361723669695,-2.0198571760930646,0.9612164319891638,,0.3030589253603012,
2008-12-08,1_over_t,5747,0,5.926911173784664,6.037707599914604,-2.1555978442645047,0.9614454123962926,,0.30659744014469775,
2008-12-15,log_density,5747,0,6.132890013184111,6.2075501047186314,-2.323767410867862,0.9701951129747267,,0.3209405930224313,
2008-12-15,unweighted,5747,0,5.740646221356197,5.936823101732189,-1.9947351785525624,0.9613104785304699,,0.3026912574967709,
2008-12-15,1_over_t,5747,0,5.903640398841293,6.008641671818418,-2.1271681463662344,0.9616031682572123,,0.30611038738134594,
2008-12-22,log_density,5747,0,6.110862690319957,6.176991168099575,-2.2964650288253416,0.9699132084090826,,0.32047717599936465,
2008-12-22,unweighted,5747,0,5.72094600308344,5.90562741590098,-1.9695768064182877,0.9614032374570586,,0.30232818547808754,
2008-12-22,1_over_t,5747,0,5.880261318365613,5.985985318268525,-2.0986726164055036,0.9617608694968803,,0.3056268457366122,
2008-12-29,log_density,5747,0,6.0868043562487,6.143335518645118,-2.2673099007872435,0.9696975930244166,,0.3198544377646079,
2008-12-29,unweighted,5747,0,5.70118656892617,5.879547899897062,-1.9443811389181576,0.9614946504480915,,0.30196995456606235,
2008-12-29,1_over_t,5747,0,5.8567715150870905,5.961199987471752,-2.070109731860632,0.961918486909347,,0.3051471345763987,
2009-01-05,log_density,5747,0,6.0553827254432075,6.114850171157877,-2.231431675299654,0.9697418010907303,,0.3186336123507123,
2009-01-05,unweighted,5747,0,5.6813667329410835,5.851893626451737,-1.919147225705711,0.9615846566481209,,0.30161682091246655,
2009-01-05,1_over_t,5747,0,5.833168487505643,5.939465544086326,-2.0414779205027767,0.962075989528573,,0.3046715923847039,
2009-01-12,log_density,5747,0,6.024290074854264,6.085406804371971,-2.195918800488233,0.9697711961811079,,0.31746143112436587,
2009-01-12,unweighted,5747,0,5.661485271568902,5.840243917833705,-1.893874085557742,0.9616731925340175,,0.3012690521044897,
2009-01-12,1_over_t,5747,0,5.809449645823928,5.929588938975298,-2.012775558140575,0.9622333445094206,,0.30420057799741246,
2009-01-19,log_density,5747,0,5.9868491967559185,6.046862755604476,-2.1545743090966853,0.9698929349447829,,0.3158236729603669,
2009-01-19,unweighted,5747,0,5.641540921964785,5.829988011899346,-1.86856070499766,0.9617601917733843,,0.3009269277423731,
2009-01-19,1_over_t,5747,0,5.785612307626757,5.894883851179593,-1.984000966232303,0.9623905169990318,,0.30373447192641917,
2009-01-26,log_density,5747,0,5.947534294554454,6.000621397411106,-2.111613521248784,0.9700038514873689,,0.31409814837416766,
2009-01-26,unweighted,5747,0,5.621532380233011,5.783863503164639,-1.8432060368396639,0.9618455850738047,,0.300590740051477,
2009-01-26,1_over_t,5747,0,5.761653693287719,5.856441995268617,-1.9551524093557218,0.9625474699976846,,0.30327367778160247,
2009-02-02,log_density,5747,0,5.907085732630289,5.961172767844619,-2.0676898619798667,0.9700718301329447,,0.31236050421914413,
2009-02-02,unweighted,5747,0,5.601458299558694,5.759848969109841,-1.8178089986478332,0.9619293000222134,,0.3002607945312245,
2009-02-02,1_over_t,5747,0,5.73757092108264,5.846677415343816,-1.926228092525142,0.9627041642081217,,0.30281862379897057,
2009-02-09,log_density,5747,0,5.868787155957573,5.923042864507252,-2.025901680198423,0.9701608901320442,,0.3108355171664379,
2009-02-09,unweighted,5747,0,5.581317288228662,5.7358883364248925,-1.7923684711040142,0.9620112609136149,,0.29993741064357277,
2009-02-09,1_over_t,5747,0,5.713361001986217,5.814637072924107,-1.8972261583444927,0.9628605578722321,,0.3023697644839895,
2009-02-16,log_density,5747,0,5.831694966761977,5.890471887741511,-1.985322541703091,0.970242644386537,,0.3094482447638632,
2009-02-16,unweighted,5747,0,5.561107907534526,5.7344196594498555,-1.7668832962781733,0.9620913885683017,,0.29962092254389106,
2009-02-16,1_over_t,5747,0,5.689020834127283,5.792497141369884,-1.8681446839839395,0.9630166065938471,,0.30192758238009276,
2009-02-23,log_density,5747,0,5.797799522997068,5.858067886751851,-1.9478279548645725,0.9703202099998981,,0.30830406529237575,
2009-02-23,unweighted,5747,0,5.540828669547396,5.731677946093097,-1.7413522757931537,0.9621696001366464,,0.2993116798573708,
2009-02-23,1_over_t,5747,0,5.664547196874309,5.757294139156858,-1.8389816779665642,0.9631722631462687,,0.3014925899732416,
2009-03-02,log_density,5747,0,5.76647562349134,5.824039512732027,-1.9127878598143542,0.9703591040754451,,0.3073472079292159,
2009-03-02,unweighted,5747,0,5.520478034756744,5.683702982223657,-1.7157741688771084,0.9622458088904526,,0.2990100485043718,
2009-03-02,1_over_t,5747,0,5.6399367445221396,5.7436037932257555,-1.8097350767504705,0.9633274772629944,,0.30106533174464023,
2009-03-09,log_density,5747,0,5.734907195032988,5.80104137419166,-1.877569485761521,0.970393792597688,,0.3064077820487829,
2009-03-09,unweighted,5747,0,5.500054409561356,5.682814675573368,-1.6901476902938863,0.9623199239997537,,0.2987164115784118,
2009-03-09,1_over_t,5747,0,5.615185999545511,5.72590258150128,-1.780402741090151,0.9634821954099241,,0.30064638638475516,
2009-03-16,log_density,5747,0,5.703507539408658,5.7723119846854685,-1.8426064127553377,0.9704176982842285,,0.30550650038047944,
2009-03-16,unweighted,5747,0,5.479556143601774,5.659573075692033,-1.6644715081427193,0.9623918502938378,,0.2984311702808416,
2009-03-16,1_over_t,5747,0,5.590291345383875,5.690646648402833,-1.750982452159589,0.9636363605371373,,0.30023636918329866,
2009-03-23,log_density,5747,0,5.671913036374133,5.756947851635738,-1.8075404679403941,0.9704362640328792,,0.30462628845144696,
2009-03-23,unweighted,5747,0,5.458981526921541,5.628957523340283,-1.6387442415166953,0.962461488005161,,0.2981547449166214,
2009-03-23,1_over_t,5747,0,5.5652490187173,5.670228715472631,-1.7214719074179505,0.9637899118080995,,0.2998359346112691,
2009-03-30,log_density,5747,0,5.640485500658893,5.728732139908487,-1.7726672778198682,0.9704435066029442,,0.3037896830489174,
2009-03-30,unweighted,5747,0,5.438328786943672,5.608619129399894,-1.6129644580086362,0.9625287324946722,,0.2978875759560264,
2009-03-30,1_over_t,5747,0,5.540055101189271,5.646117727046254,-1.6918687161967376,0.9639427843039055,,0.2994457791128529,
2009-04-06,log_density,5747,0,5.608776623524546,5.692452675419267,-1.7375131560412873,0.9704454994850796,,0.3029791293117631,
2009-04-06,unweighted,5747,0,5.4175960852476015,5.596114100084541,-1.5871306710524709,0.9625934739569257,,0.29763012516756693,
2009-04-06,1_over_t,5747,0,5.514705510527346,5.618329822312559,-1.6621703949850313,0.9640949086998732,,0.2990666441268828,
2009-04-13,log_density,5747,0,5.577396162359436,5.662487933851253,-1.7027172826360697,0.9704406778772818,,0.30221929972027906,
2009-04-13,unweighted,5747,0,5.396781514130024,5.573109706349767,-1.561241337086296,0.9626555971031903,,0.2973828768279204,
2009-04-13,1_over_t,5747,0,5.489195991009133,5.600581747666286,-1.6323743623879152,0.9642462109114741,,0.2986993193597446,
2009-04-20,log_density,5747,0,5.545676379338163,5.6309347005709105,-1.6676252725742806,0.9704357040216214,,0.30148286493895515,
2009-04-20,unweighted,5747,0,5.375883092931775,5.544303563987782,-1.535294852522432,0.9627149808205755,,0.2971463390152377,
2009-04-20,1_over_t,5747,0,5.463522103212744,5.572412274720129,-1.6024779337296553,0.9643966117062106,,0.2983446463339069,
2009-04-27,log_density,5747,0,5.511938242531384,5.5994624102160255,-1.6306666292898877,0.9703928948217964,,0.30070776467531823,
2009-04-27,unweighted,5747,0,5.354898764110866,5.509035439511301,-1.509289550508266,0.9627714978049862,,0.2969210449928215,
2009-04-27,1_over_t,5747,0,5.437679212987199,5.544370358421206,-1.5724783152709108,0.9645460262776231,,0.29800352223908344,
2009-05-04,log_density,5747,0,5.477036777173309,5.563758865428268,-1.592694509936312,0.9702942022123645,,0.2999395139853689,
2009-05-04,unweighted,5747,0,5.333826389040401,5.488642455242646,-1.4832236974598334,0.9628250141654802,,0.2967075546908844,
2009-05-04,1_over_t,5747,0,5.41166247956853,5.511862660094644,-1.542372598006084,0.9646943637771201,,0.29767690411594544,
2009-05-11,log_density,5747,0,5.4427049673360095,5.533410004479788,-1.5553233983547006,0.9701908721380336,,0.2992463993211865,
2009-05-11,unweighted,5747,0,5.312663743506732,5.469990579562927,-1.4570954893484864,0.9628753889973406,,0.29650645629488465,
2009-05-11,1_over_t,5747,0,5.3854668427618515,5.495422085597147,-1.5121577510031086,0.9648415267987668,,0.29736581340589546,
2009-05-18,log_density,5747,0,5.409863884290232,5.494140991808964,-1.519348095324718,0.9701303771289908,,0.2986546756060628,
2009-05-18,unweighted,5747,0,5.291408512881583,5.43912398060877,-1.4309030477186786,0.962922473920871,,0.29631836794983074,
2009-05-18,1_over_t,5747,0,5.359087009097786,5.462087054095525,-1.4818306142441935,0.9649874108115242,,0.2970713409041633,
2009-05-25,log_density,5747,0,5.377574340732867,5.454427484747102,-1.4839380228830297,0.9700780322921101,,0.2981249518700378,
2009-05-25,unweighted,5747,0,5.2700582869392445,5.423543182575532,-1.4046444154128281,0.962966112582591,,0.2961439395909464,
2009-05-25,1_over_t,5747,0,5.332517436863573,5.4368169747571375,-1.451387890921241,0.9651319035326986,,0.29679465215803874,
2009-06-01,log_density,5747,0,5.346126913092585,5.4278788645159874,-1.4494168931089704,0.9700269268660973,,0.2976582312452875,
2009-06-01,unweighted,5747,0,5.24861055428575,5.396133396151161,-1.378317551976484,0.9630061401151202,,0.2959838549122143,
2009-06-01,1_over_t,5747,0,5.305752319895925,5.396979540894806,-1.4208261391348544,0.965274884235511,,0.29653699335700107,
2009-06-08,log_density,5747,0,5.315153046203564,5.398842524345206,-1.4154637473067755,0.9699733274970203,,0.29724036532670595,
2009-06-08,unweighted,5747,0,5.227062696364138,5.360247507878462,-1.351920328714008,0.9630423825516141,,0.29583883348558904,
2009-06-08,1_over_t,5747,0,5.278785570009965,5.374304114254227,-1.3901417629400454,0.9654162229827183,,0.2962996977672748,
2009-06-15,log_density,5747,0,5.284757108267781,5.361169237181422,-1.3820274060690958,0.9699251552071109,,0.2968779528648608,
2009-06-15,unweighted,5747,0,5.205411980995967,5.329886807087108,-1.3254505233618343,0.9630746561901178,,0.2957096330451101,
2009-06-15,1_over_t,5747,0,5.25161079792351,5.341905444020059,-1.3593310026752097,0.9655557797770942,,0.29608419276989045,
2009-06-22,log_density,5747,0,5.254842637684468,5.330703952677506,-1.349095103916003,0.969865183692789,,0.296562642582893,
2009-06-22,unweighted,5747,0,5.183655555414234,5.303234619218037,-1.2989058143424772,0.9631027669026484,,0.2955970519517755,
2009-06-22,1_over_t,5747,0,5.224221292518073,5.3108873982299,-1.3283899245036095,0.9656934036182656,,0.2958920075688014,
2009-06-29,log_density,5747,0,5.225680742183252,5.2996733799770865,-1.316957866779204,0.9697815208754589,,0.2962953202438174,
2009-06-29,unweighted,5747,0,5.161790438737647,5.2796826719505665,-1.2722837745583568,0.9631265093831807,,0.29550193185688867,
2009-06-29,1_over_t,5747,0,5.196609998258916,5.282349956536222,-1.2973144090883215,0.9658289314538857,,0.2957247816442273,
2009-07-06,log_density,5747,0,5.196155574275808,5.2708080244983835,-1.2845213127873627,0.9696884259516134,,0.29605887961221605,
2009-07-06,unweighted,5747,0,5.139813513830979,5.258415581985182,-1.2455818646793648,0.9631456663279778,,0.2954251605837006,
2009-07-06,1_over_t,5747,0,5.1687694905729735,5.241331261680498,-1.2661001393123301,0.9659621870113606,,0.29558427403625154,
2009-07-13,log_density,5747,0,5.166004010821391,5.229297061736723,-1.251522003105141,0.9695767838169689,,0.2958534536699133,
2009-07-13,unweighted,5747,0,5.117721518488743,5.226626244193071,-1.2187974258731202,0.9631600075408827,,0.2953676752495752,
2009-07-13,1_over_t,5747,0,5.140691948957938,5.2164576922860615,-1.2347425869439026,0.9660929794942881,,0.2954723735551295,
2009-07-20,log_density,5743,0,5.136931895942445,5.213400939865116,-1.2193591003248176,0.9693196542975943,,0.295791633766114,
2009-07-20,unweighted,5743,0,5.095904392450549,5.203660727830327,-1.1923082792000714,0.9629645902867385,,0.2954201475812594,
2009-07-20,1_over_t,5743,0,5.113675359617141,5.188503245933515,-1.2043019566394935,0.9658681509868469,,0.2954865549997918,
2009-07-27,log_density,5736,0,5.105768832105955,5.187970887777324,-1.1853313868760875,0.9688499266646375,,0.2958349461944828,
2009-07-27,unweighted,5736,0,5.073189727907543,5.195661748671542,-1.1649800807666622,0.962587386317815,,0.2955732559126928,
2009-07-27,1_over_t,5736,0,5.084215075255609,5.1558823298432515,-1.1719184148628625,0.9653064033143927,,0.29560278167911885,
2009-08-03,log_density,5729,0,5.0731209374614,5.148092350264532,-1.1499885261267595,0.96821597725394,,0.29591905733958146,
2009-08-03,unweighted,5729,0,5.050378299178241,5.15084582848487,-1.1375891874802577,0.9621971321121883,,0.2957527484749603,
2009-08-03,1_over_t,5729,0,5.05423113683791,5.14253678828668,-1.1391668796288101,0.9647174169821168,,0.29576017122066467,
2009-08-10,log_density,5722,0,5.0394276146411,5.12972059953351,-1.1137868179835584,0.9674818911304993,,0.29604928374804873,
2009-08-10,unweighted,5722,0,5.027391201405303,5.135826445670233,-1.1100596252737782,0.9617939157613424,,0.2959522771924506,
2009-08-10,1_over_t,5722,0,5.02349485380018,5.1117017352881895,-1.105862942080521,0.964104218882489,,0.2959556624239045,
2009-08-17,log_density,5715,0,5.005598253854189,5.107635521871479,-1.0775926496616317,0.9667001583286131,,0.2962395012447289,
2009-08-17,unweighted,5715,0,5.004474608267599,5.123270667147114,-1.0826294492253445,0.9613794064369318,,0.29617834540081983,
2009-08-17,1_over_t,5715,0,4.992680209512528,5.096189014428186,-1.0725567361825035,0.9634694153884843,,0.2961988492131912,
2009-08-24,log_density,5708,0,4.970297605441537,5.071499798112353,-1.0401798715782118,0.9657720341415003,,0.2964840797050004,
2009-08-24,unweighted,5708,0,4.981245592604277,5.097685688221323,-1.054929134796442,0.960950517446755,,0.2964193837563257,
2009-08-24,1_over_t,5708,0,4.960711984732305,5.0584012881868645,-1.038375587103703,0.9628106547910982,,0.2964837900334134,
2009-08-31,log_density,5701,0,4.931944230731115,5.0267604682589795,-1.0001246188597566,0.964381122480163,,0.2968006723426206,
2009-08-31,unweighted,5701,0,4.957595426769269,5.063257000058854,-1.0268546560564198,0.9605067703955057,,0.29666905659403897,
2009-08-31,1_over_t,5701,0,4.92725668062884,5.0251091462285125,-1.003053523391732,0.9621319871465808,,0.2968139989892142,
2009-09-07,log_density,5694,0,4.8931114148288435,5.000835365244294,-0.9598691691966141,0.9631283329550733,,0.2971781844554368,
2009-09-07,unweighted,5694,0,4.933435517332341,5.043120757688193,-0.9983216919395417,0.9600487504410773,,0.29691789239584077,
2009-09-07,1_over_t,5694,0,4.8920294349243605,4.9968321571602,-0.9663654507653617,0.9614429359596696,,0.29719354434766343,
2009-09-14,log_density,5687,0,4.854037425205432,4.9681082359006155,-0.9195686552175943,0.9619385736446684,,0.2976337301628785,
2009-09-14,unweighted,5687,0,4.909033475386991,5.010780492989148,-0.9695894191946981,0.9595763631814526,,0.2971805442432899,
2009-09-14,1_over_t,5687,0,4.855729845840671,4.953505797598862,-0.9288864438771306,0.9607400487275118,,0.2976436734090477,
2009-09-21,log_density,5680,0,4.814351227171118,4.9331736959572785,-0.8788634213293516,0.9607837878271829,,0.2981667823239156,
2009-09-21,unweighted,5680,0,4.88430651569843,4.985787233894704,-0.9405787661786162,0.9590898623826007,,0.29744936583265474,
2009-09-21,1_over_t,5680,0,4.8180982274213076,4.91875207867646,-0.890410489850434,0.9600317393491673,,0.29817077062071096,
2009-09-28,log_density,5673,0,4.774444014997058,4.8950810370086195,-0.8381418203542423,0.9597216420706413,,0.2987793868778067,
2009-09-28,unweighted,5673,0,4.859330354977997,4.952631378802103,-0.9113635080980497,0.9585886085287441,,0.2977296934698031,
2009-09-28,1_over_t,5673,0,4.77930796555874,4.883422065734234,-0.8510840405402743,0.9593181122137525,,0.29879066526059994,
2009-10-05,log_density,5666,0,4.733754244347382,4.859530926379103,-0.7969017186517865,0.9586745955241082,,0.2994757956748992,
2009-10-05,unweighted,5666,0,4.8340089162351605,4.922367726535626,-0.8818519173334346,0.9580733388133181,,0.2980111770481496,
2009-10-05,1_over_t,5666,0,4.739056501580492,4.851770883314559,-0.8106673307008798,0.9586125589174851,,0.2995122895075025,
2009-10-12,log_density,5659,0,4.695397160168827,4.818538018033575,-0.7577072392674564,0.957586111546689,,0.30033633525633885,
2009-10-12,unweighted,5659,0,4.80982185765098,4.886293171965942,-0.8534684496836309,0.9575328734518291,,0.29842492571210755,
2009-10-12,1_over_t,5659,0,4.701392637073951,4.805143398715293,-0.7724495400514387,0.9577997148278661,,0.300386312367272,
2009-10-19,log_density,5652,0,4.658776766516533,4.795005567883445,-0.720074706554306,0.9564356685774421,,0.30132505617165645,
2009-10-19,unweighted,5652,0,4.786529751136542,4.870123009127106,-0.8259799868776204,0.9569717767941964,,0.2989381559611482,
2009-10-19,1_over_t,5652,0,4.66572864012836,4.7709274539393505,-0.7359424412019955,0.9568963148959018,,0.3013733894691487,
2009-10-26,log_density,5645,0,4.623681652104417,4.752961293971449,-0.6839123589443359,0.9553427577127839,,0.3023741220793871,
2009-10-26,unweighted,5645,0,4.763717418519905,4.840939939951102,-0.7989860187908188,0.9563967829232053,,0.2994996748461355,
2009-10-26,1_over_t,5645,0,4.630921099875023,4.738617619471959,-0.7002169410034246,0.9559446214100631,,0.30244086676060666,
2009-11-02,log_density,5638,0,4.593923881337697,4.733992705196432,-0.6523313661175676,0.9543068104878332,,0.3033923588443764,
2009-11-02,unweighted,5638,0,4.743222294897244,4.813342850601768,-0.7742501417992821,0.9558370878969029,,0.3001214337999804,
2009-11-02,1_over_t,5638,0,4.602098466142813,4.710212228853036,-0.6694180583933619,0.9549437123901376,,0.3034362960691326,
2009-11-09,log_density,5631,0,4.566571970099348,4.7159593638171415,-0.6227665048059069,0.9532487207903348,,0.30433892553015324,
2009-11-09,unweighted,5631,0,4.72417044460071,4.795237661125343,-0.7509284052354132,0.9553092226866986,,0.3006944314425576,
2009-11-09,1_over_t,5631,0,4.576940567493133,4.690831865704647,-0.641649837644683,0.954000564071958,,0.3042934430112296,
2009-11-16,log_density,5624,0,4.53861798692491,4.680237782269369,-0.5927947686361266,0.9521707872845384,,0.30536975600134875,
2009-11-16,unweighted,5624,0,4.704749936129778,4.77285816112493,-0.7272784033111581,0.9547527146372798,,0.30131879307023396,
2009-11-16,1_over_t,5624,0,4.550527496287116,4.665788644993547,-0.6129181089104059,0.9529792279125919,,0.3052579130217619,
2009-11-23,log_density,5617,0,4.51153048824873,4.6552606289991205,-0.5636658999539708,0.9511610907580699,,0.3064051516443129,
2009-11-23,unweighted,5617,0,4.685507152592739,4.742287406778977,-0.7038252177670391,0.9541869943573776,,0.30195962664453374,
2009-11-23,1_over_t,5617,0,4.524337553249121,4.640353063609714,-0.5844231734683288,0.9519235676216881,,0.30625036463042704,
2009-11-30,log_density,5610,0,4.484564848729282,4.628192059967462,-0.5347439376879597,0.9502141364605365,,0.3074699519138212,
2009-11-30,unweighted,5610,0,4.665978346902624,4.722263152913969,-0.6801238103759882,0.9535993518994679,,0.30262996566335904,
2009-11-30,1_over_t,5610,0,4.497094793764916,4.625010610255773,-0.5551330096727733,0.9508128345767279,,0.3073287982550922,
2009-12-07,log_density,5603,0,4.455645154694689,4.6025742197488135,-0.5043161329099085,0.9492691155464986,,0.3086514936520715,
2009-12-07,unweighted,5603,0,4.645224238861779,4.696572378863941,-0.6552750251669808,0.9529641956831009,,0.3033528879748609,
2009-12-07,1_over_t,5603,0,4.4661601768926555,4.59243361679081,-0.5229224892340415,0.9496121594938234,,0.30862179141203533,
2009-12-14,log_density,5596,0,4.425897604157411,4.559003802614434,-0.4732420409693358,0.9483101864160118,,0.30990807317903757,
2009-12-14,unweighted,5596,0,4.624057408825854,4.67994646392429,-0.6300602158298274,0.9523027715389532,,0.3041044517322971,
2009-12-14,1_over_t,5596,0,4.4336878638945585,4.551878502041601,-0.4895457061251537,0.9483564069731735,,0.3100437899893437,
2009-12-21,log_density,5589,0,4.39721534503935,4.525186818863972,-0.44311408131438873,0.9473430811239738,,0.31118047447158204,
2009-12-21,unweighted,5589,0,4.603361786101722,4.675458757761234,-0.6053266657381562,0.9516315257116094,,0.30488581845822443,
2009-12-21,1_over_t,5589,0,4.402082979769613,4.505470686618555,-0.4569494680680224,0.9470448647168842,,0.31150577949705544,
2009-12-28,log_density,5582,0,4.368468982289025,4.4835882658426,-0.41301140196232217,0.9463556980974177,,0.31249948829107455,
2009-12-28,unweighted,5582,0,4.5825521524150625,4.672359710730447,-0.5805133621377212,0.9509392679067353,,0.30569472910624973,
2009-12-28,1_over_t,5582,0,4.369740279481451,4.473063644562915,-0.4238366566776509,0.945676136597058,,0.31307191908229215,
2010-01-04,log_density,5575,0,4.341273235329715,4.433015288139806,-0.3843197441786955,0.945344150396351,,0.3138009176271791,
2010-01-04,unweighted,5575,0,4.562301340848634,4.675158540231905,-0.5562642270900843,0.9502404186493965,,0.306527773272546,
2010-01-04,1_over_t,5575,0,4.338493910328061,4.4284881668320075,-0.3916895076923125,0.9442503167904114,,0.3146596519973541,
2010-01-11,log_density,5568,0,4.315192239169344,4.404615516067761,-0.35668813792481385,0.944271215029521,,0.31508295213851867,
2010-01-11,unweighted,5568,0,4.542133193949694,4.674983363145422,-0.5321229307822729,0.9495245892507388,,0.30738667921739754,
2010-01-11,1_over_t,5568,0,4.307039428685774,4.390458878334734,-0.3594543224131698,0.9427620708877051,,0.31632781228646,
2010-01-18,log_density,5561,0,4.290138628251839,4.380691159573546,-0.3299198811366048,0.9431817215681887,,0.31635661859607145,
2010-01-18,unweighted,5561,0,4.522572655182833,4.665586770598706,-0.5085909472204406,0.9488069152377818,,0.30825809945548294,
2010-01-18,1_over_t,5561,0,4.276816228114984,4.363442649510931,-0.32829171657401485,0.941221825593351,,0.3179929684203807,
2010-01-25,log_density,5554,0,4.264895027909646,4.3494482999679605,-0.30290415874694393,0.9420670929959044,,0.31767028763138094,
2010-01-25,unweighted,5554,0,4.503064158553304,4.648753135075269,-0.4851365022360992,0.9480724820753518,,0.3091519420015228,
2010-01-25,1_over_t,5554,0,4.246298949316107,4.323040232826952,-0.29697123168102707,0.9396159802458836,,0.3197382050152334,
2010-02-01,log_density,5547,0,4.241335554314697,4.34075144177363,-0.27725359156073653,0.9409207207374841,,0.3189148212766665,
2010-02-01,unweighted,5547,0,4.484373637901391,4.643206048210866,-0.46249076082963836,0.9473482683748488,,0.31003626454493916,
2010-02-01,1_over_t,5547,0,4.217585635731197,4.307678005282762,-0.267183181671063,0.9379760744541232,,0.3214216160312967,
2010-02-08,log_density,5540,0,4.223666055729313,4.307667310041033,-0.2564450511616597,0.9398594927509332,,0.3197264014173412,
2010-02-08,unweighted,5540,0,4.468481241817161,4.614830680980013,-0.4425413062490597,0.946743322972585,,0.31071569171748364,
2010-02-08,1_over_t,5540,0,4.196169714786515,4.29282143571842,-0.24334001819804896,0.9365456906807572,,0.3225407409033801,
2010-02-15,log_density,5533,0,4.208157440243702,4.312029355406759,-0.23751358849083049,0.9388867262127055,,0.32034603898791053,
2010-02-15,unweighted,5533,0,4.453594462697612,4.6059375921356605,-0.42357200615587787,0.946191055440674,,0.31128178938975914,
2010-02-15,1_over_t,5533,0,4.177271468778705,4.274561722350699,-0.22157105939782318,0.9352256113351629,,0.32342509187779295,
2010-02-22,log_density,5526,0,4.191268999026236,4.315443794008445,-0.21754352745029948,0.937866211069332,,0.32112241064941494,
2010-02-22,unweighted,5526,0,4.43807564756646,4.61403732907732,-0.4040192474947921,0.9455861959309675,,0.31194394093428096,
2010-02-22,1_over_t,5526,0,4.156442836074977,4.272423977746087,-0.19829103418638458,0.9337440317047708,,0.32452035178082617,
2010-03-01,log_density,5519,0,4.173667682909465,4.310460387518475,-0.1969050571420858,0.9367655890576378,,0.32197541917132555,
2010-03-01,unweighted,5519,0,4.422307132660812,4.59690759293023,-0.38424919189829926,0.9449513303344905,,0.3126567894763546,
2010-03-01,1_over_t,5519,0,4.134668976041382,4.23899183473599,-0.1743016009940587,0.9321527469504989,,0.3257333790224763,
2010-03-08,log_density,5512,0,4.155140327783104,4.281983806076033,-0.17558233532958453,0.9356313740670824,,0.32293478539502285,
2010-03-08,unweighted,5512,0,4.406125005461974,4.569340346011064,-0.36410625252425405,0.9442775270835406,,0.3134329125055105,
2010-03-08,1_over_t,5512,0,4.111481381122273,4.241595158932726,-0.149229705529067,0.9304310839811444,,0.32710718989854953,
2010-03-15,log_density,5505,0,4.135586326818741,4.278884343733339,-0.1534285454121369,0.9344671429668767,,0.32399631278566854,
2010-03-15,unweighted,5505,0,4.389672626404102,4.5586410614073305,-0.3437280512793835,0.94357256291285,,0.31425628140798906,
2010-03-15,1_over_t,5505,0,4.087229630555174,4.223677699885094,-0.12336287191776045,0.9285942631426476,,0.3286120109327295,
2010-03-22,log_density,5498,0,4.114256910927252,4.307535025903817,-0.12980605870539905,0.9332255178895266,,0.3252195148700531,
2010-03-22,unweighted,5498,0,4.372422798462847,4.550264943790751,-0.322613554092707,0.9428088759447862,,0.3151669109312186,
2010-03-22,1_over_t,5498,0,4.0604425936338036,4.205900513688306,-0.0955246152770942,0.9265860274876264,,0.330381343923926,
2010-03-29,log_density,5491,0,4.092344101853273,4.283207086130304,-0.1055887843116008,0.9319717985864101,,0.3264977049361142,
2010-03-29,unweighted,5491,0,4.355243977957743,4.534442234843695,-0.3015907954665308,0.9420303200398057,,0.3160951897192291,
2010-03-29,1_over_t,5491,0,4.033430743735344,4.208399745873876,-0.06757979606341422,0.9244890807451382,,0.3322177349044201,
2010-04-05,log_density,5484,0,4.068316787341867,4.318511692001316,-0.07966353669980025,0.9306187577508948,,0.32795520569184217,
2010-04-05,unweighted,5484,0,4.337244620371312,4.512129058584826,-0.2798121465391009,0.9411942482309996,,0.31709743772959365,
2010-04-05,1_over_t,5484,0,4.00373670488694,4.210955382116207,-0.03755980306907682,0.9222294488138799,,0.33433567086685695,
2010-04-12,log_density,5477,0,4.0441654826353215,4.291432435207375,-0.053771890664588505,0.9292162079636497,,0.3294634366830365,
2010-04-12,unweighted,5477,0,4.31906701160791,4.5080833689809126,-0.2578901152925597,0.9403283719813709,,0.31813655054980544,
2010-04-12,1_over_t,5477,0,3.973036402828264,4.199059041940728,-0.006820980403356213,0.9198454448721727,,0.33660666860030525,
2010-04-19,log_density,5470,0,4.023290330370789,4.312822576888365,-0.030708198841241777,0.9278760283150788,,0.33076726095944614,
2010-04-19,unweighted,5470,0,4.302364140360706,4.498088413787862,-0.23739499120904786,0.9395144528807684,,0.31910333817499664,
2010-04-19,1_over_t,5470,0,3.945826740323433,4.189183846130693,0.021029311727786493,0.9174645268708206,,0.3386276591373332,
2010-04-26,log_density,5463,0,4.005548189014774,4.265802966894036,-0.010297242422441353,0.926662024476808,,0.331809569186347,
2010-04-26,unweighted,5463,0,4.287168288244229,4.489572292042169,-0.218354054191014,0.938778282115495,,0.3199353902697138,
2010-04-26,1_over_t,5463,0,3.9222582845775245,4.222081123897372,0.045882149851125945,0.915180045867885,,0.34031185292157645,
2010-05-03,log_density,5456,0,3.994690149205444,4.282025449464896,0.004387601960861552,0.9260095241202941,,0.3320386776336295,
2010-05-03,unweighted,5456,0,4.27535809578079,4.47779073070069,-0.2025462360531144,0.938318541851581,,0.3202324419373819,
2010-05-03,1_over_t,5456,0,3.907540606952538,4.213312379454521,0.06358024324673,0.9135871217274525,,0.3409033500063771,
2010-05-10,log_density,5449,0,3.9877081961551077,4.284228652137399,0.01570449526981278,0.9256868617456655,,0.33177420356650084,
2010-05-10,unweighted,5449,0,4.265183598605017,4.476190800682756,-0.18830380901943458,0.938021619952721,,0.3201931073025265,
2010-05-10,1_over_t,5449,0,3.8970900100313997,4.21407408366436,0.07782566075832284,0.9124400397387759,,0.3408903537097786,
2010-05-17,log_density,5442,0,3.9874654387710624,4.274179868417331,0.02143256314867761,0.9263599597653734,,0.3303198225997099,
2010-05-17,unweighted,5442,0,4.258358917804369,4.4605369335028975,-0.1772478384711863,0.9381574439407442,,0.31921134663312806,
2010-05-17,1_over_t,5442,0,3.895670650186633,4.205540584565988,0.08482276497760569,0.9126834999895326,,0.3393693944210906,
2010-05-24,log_density,5435,0,3.9866630190113743,4.261190693523906,0.027639993447105583,0.9269647249209595,,0.3289740842537481,
2010-05-24,unweighted,5435,0,4.2512787946232615,4.4434025463136235,-0.16595469152240547,0.9382577624488878,,0.3183092649873315,
2010-05-24,1_over_t,5435,0,3.8936341443538507,4.197632823639154,0.09231927222896893,0.9128038239817405,,0.33796794087448145,
2010-05-31,log_density,5428,0,3.9881633797915845,4.246203579973599,0.03195012511812884,0.9279901954309554,,0.32717114289598137,
2010-05-31,unweighted,5428,0,4.24534305465673,4.438849844765585,-0.15575069670553904,0.9385295443750542,,0.3170229906684599,
2010-05-31,1_over_t,5428,0,3.894777493487844,4.213538498554479,0.097277341418692,0.9135051928995187,,0.3359923338144831,
2010-06-07,log_density,5421,0,3.9951019298786736,4.234114972344656,0.03177165598582499,0.9302104335799112,,0.32408266746907244,
2010-06-07,unweighted,5421,0,4.242248810089327,4.425175504097981,-0.1482396371687285,0.9392870701548175,,0.31461191227008894,
2010-06-07,1_over_t,5421,0,3.9037883395811197,4.177904631426525,0.09596332199289134,0.915931577216015,,0.3324390476403884,
2010-06-14,log_density,5414,0,4.007283414273331,4.216251130598993,0.02724884344248835,0.9336549311404001,,0.31966904440213195,
2010-06-14,unweighted,5414,0,4.241696403995008,4.408669057484952,-0.14313019516792796,0.9405339669055338,,0.3110233847026065,
2010-06-14,1_over_t,5414,0,3.920094194046151,4.174816000666059,0.08887277110689103,0.9201914070050574,,0.32731630558858205,
2010-06-21,log_density,5407,0,4.016345831135237,4.200874760065656,0.025307298457035058,0.9363116081898084,,0.31610080047134276,
2010-06-21,unweighted,5407,0,4.239462305496052,4.415502798890088,-0.1364235933748755,0.9414676730281482,,0.30816303803230705,
2010-06-21,1_over_t,5407,0,3.9322901760708717,4.1543723174803615,0.08512882559368116,0.9233975852350239,,0.3231717998096024,
2010-06-28,log_density,5400,0,4.025603248241974,4.186699332640679,0.02326544584768292,0.939061816079169,,0.31245626848828306,
2010-06-28,unweighted,5400,0,4.237338650118029,4.388854358820957,-0.12981746324436313,0.9424326729881769,,0.305209972630917,
2010-06-28,1_over_t,5400,0,3.945180477229177,4.146236883306763,0.08088476895301278,0.9267855342398371,,0.31892391387042573,
2010-07-05,log_density,5393,0,4.03300884934233,4.166577523161955,0.022826624047439383,0.9414089926476166,,0.30926706650359514,
2010-07-05,unweighted,5393,0,4.234218649010243,4.383182740018711,-0.12226573617967275,0.9432313433955681,,0.3026418602122802,
2010-07-05,1_over_t,5393,0,3.9557895598733737,4.129442086379268,0.07851840090452654,0.9296522271442466,,0.3152051034122595,
2010-07-12,log_density,5386,0,4.040320026996948,4.190513701944891,0.02251901125330775,0.9437916286510906,,0.3060821886963685,
2010-07-12,unweighted,5386,0,4.231049224648753,4.363858709648152,-0.11466494175708325,0.9440324400719127,,0.300055025562903,
2010-07-12,1_over_t,5386,0,3.9666428817273096,4.1194172723806135,0.0760078922053656,0.9325937117304564,,0.3114826188622776,
2010-07-19,log_density,5379,0,4.0471314162479475,4.175949475330363,0.02264757942914975,0.9460871743520778,,0.3030157629227506,
2010-07-19,unweighted,5379,0,4.227580637491081,4.358197228245418,-0.10677935151630834,0.9447936181431209,,0.29755241836545704,
2010-07-19,1_over_t,5379,0,3.977081666561278,4.100358077873993,0.07388067747238448,0.9354633225865023,,0.30789396410890807,
2010-07-26,log_density,5372,0,4.054067377580912,4.161337021577623,0.022661870709805736,0.9484092337511216,,0.2999321554749539,
2010-07-26,unweighted,5372,0,4.224098576153584,4.347869823822805,-0.09887910539657833,0.9455644733798387,,0.29501368182075105,
2010-07-26,1_over_t,5372,0,3.987881724065288,4.108627058100613,0.07151824281936857,0.9384393134890379,,0.30428502706085925,
2010-08-02,log_density,5365,0,4.060754527797083,4.128948262772132,0.02291736615697762,0.9506866707721955,,0.2969189529229277,
2010-08-02,unweighted,5365,0,4.22040664206447,4.322890234452547,-0.0907789181151147,0.9463119908893165,,0.29251964610483144,
2010-08-02,1_over_t,5365,0,3.9985328914156897,4.115648678068606,0.06932976790395554,0.9414090912186819,,0.30076334850924785,
2010-08-09,log_density,5358,0,4.063634693079819,4.120448588438316,0.02631056490273233,0.9522039405092866,,0.2947801502376492,
2010-08-09,unweighted,5358,0,4.214663170663656,4.309114419801574,-0.08074386986346609,0.9467433723591123,,0.29078992590468183,
2010-08-09,1_over_t,5358,0,4.004035735102443,4.0882027677450665,0.0712928118210247,0.9433353276498507,,0.2982564622346032,
2010-08-16,log_density,5351,0,4.067242379264537,4.134677678654494,0.029130850496436378,0.9538819085257354,,0.29248950803386975,
2010-08-16,unweighted,5351,0,4.20927489664041,4.2970511122690525,-0.07104574123237274,0.9472358168430437,,0.2889082178284291,
2010-08-16,1_over_t,5351,0,4.010809508117795,4.069796041680867,0.07228249090695446,0.9455293811103543,,0.2955724470568936,
2010-08-23,log_density,5344,0,4.071706448426075,4.1176792578513215,0.031321188269965904,0.955753971613052,,0.2899982071026725,
2010-08-23,unweighted,5344,0,4.204327533843588,4.3137201539765755,-0.06176403385971011,0.9478069076867907,,0.2868277519334311,
2010-08-23,1_over_t,5344,0,4.019141659394263,4.043719807739038,0.07207828403508941,0.948067418428587,,0.29266242110637436,
2010-08-30,log_density,5337,0,4.074083225586465,4.106006901093544,0.03533803715220005,0.9572843439561037,,0.28791136877392526,
2010-08-30,unweighted,5337,0,4.198374636736802,4.306515409289047,-0.05153667962151813,0.9482354347006708,,0.28509077296076113,
2010-08-30,1_over_t,5337,0,4.0251528125334,4.038762806692397,0.0737694693749653,0.9501779227056111,,0.2902167077832251,
2010-09-06,log_density,5330,0,4.074354809723419,4.091270881771887,0.04114953966370078,0.9585023455309797,,0.28621379177028033,
2010-09-06,unweighted,5330,0,4.19141002980988,4.2764035646211624,-0.04036038234052489,0.9485265845206237,,0.28368483816853485,
2010-09-06,1_over_t,5330,0,4.028775519423331,4.034863709697426,0.07740063454109986,0.9518734636940862,,0.2882152670716749,
2010-09-13,log_density,5323,0,4.0708206467690875,4.089994020120296,0.050290765615018176,0.9591715642486376,,0.28512464931995535,
2010-09-13,unweighted,5323,0,4.182695626572294,4.286864369040757,-0.027543792665848388,0.9485956974405493,,0.28280680283885634,
2010-09-13,1_over_t,5323,0,4.027963981733765,4.016799578183587,0.0845872886242833,0.9528639112780496,,0.28691081905561927,
2010-09-20,log_density,5316,0,4.065341404926225,4.088803956683392,0.0611722812431211,0.9595038550714242,,0.28433201517640233,
2010-09-20,unweighted,5316,0,4.173024667145389,4.274723677394313,-0.013836342099134827,0.948553226095465,,0.2821879889843042,
2010-09-20,1_over_t,5316,0,4.024775516779293,3.995079356905262,0.0936806811532342,0.9535191279203794,,0.2859546135857924,
2010-09-27,log_density,5309,0,4.060072180597715,4.062755083853716,0.07207140413513809,0.9597618135168842,,0.2834660485734527,
2010-09-27,unweighted,5309,0,4.163593007761306,4.240814099816276,-0.00036305249406289145,0.9485404091890852,,0.28149943051066567,
2010-09-27,1_over_t,5309,0,4.022413430486494,3.998844492248327,0.10213323958680526,0.9543093401254259,,0.28491421285097057,
2010-10-04,log_density,5302,0,4.052983542611017,4.058656093596708,0.08461770394009871,0.9597089347178618,,0.2828282946483661,
2010-10-04,unweighted,5302,0,4.153390756959688,4.257174573675229,0.01382431855933889,0.9484423606157835,,0.2810038164138602,
2010-10-04,1_over_t,5302,0,4.018158258848327,3.9977792306439017,0.11210331210465513,0.9548544914042371,,0.2841335601620915,
2010-10-11,log_density,5295,0,4.04413102572082,4.039490518393606,0.09860581579568521,0.9595409101852713,,0.2823967236059831,
2010-10-11,unweighted,5295,0,4.142447515870507,4.2443084170297976,0.028696342884158385,0.948267997730803,,0.2806749187157637,
2010-10-11,1_over_t,5295,0,4.012066063696653,4.002217721690286,0.12354122467970549,0.9551860200850542,,0.28357929853196734,
2010-10-18,log_density,5288,0,4.032927223815783,4.026063986366657,0.11454012699954455,0.959163276771528,,0.28225534359126564,
2010-10-18,unweighted,5288,0,4.130252835865512,4.217550074879491,0.04472975960001615,0.9479747416489425,,0.28059614970644847,
2010-10-18,1_over_t,5288,0,4.002717049960538,3.9832020039329885,0.1375644198012483,0.955170122144134,,0.2833690900273224,
2010-10-25,log_density,5281,0,4.0179805629419985,4.02479644596594,0.13347063197192893,0.9585905201309516,,0.28250444477014836,
2010-10-25,unweighted,5281,0,4.116110850038564,4.193067322650459,0.06257319919960826,0.947516863857094,,0.2808428478939958,
2010-10-25,1_over_t,5281,0,3.9881343600886163,3.9514956735582984,0.15572235828276898,0.9546737343598783,,0.28362829805130135,
2010-11-01,log_density,5274,0,4.004378595498426,4.040561777965594,0.15138357513977194,0.9581307477831955,,0.28261377256431686,
2010-11-01,unweighted,5274,0,4.10285288379887,4.174177827466398,0.0795704744347914,0.9471183134645116,,0.2809698076201073,
2010-11-01,1_over_t,5274,0,3.975882197358155,3.945547452573045,0.17201321359170854,0.9543595656842527,,0.28370498297607444,
2010-11-08,log_density,5267,0,3.9898092052702214,4.046275454334349,0.17019934194114184,0.9575768310891772,,0.2828009457379085,
2010-11-08,unweighted,5267,0,4.0892472594135505,4.171633068863386,0.09687677466450258,0.9466853442417228,,0.28115773607877165,
2010-11-08,1_over_t,5267,0,3.962689227085725,3.9205784348846144,0.18903363329584996,0.9539565294701997,,0.28386839134997854,
2010-11-15,log_density,5260,0,3.97497156904284,4.032272698924783,0.18909586267702427,0.9569115312704258,,0.2830584119018532,
2010-11-15,unweighted,5260,0,4.075176011344223,4.1539801214281695,0.11460152131946794,0.9462113902722491,,0.28141443306249364,
2010-11-15,1_over_t,5260,0,3.948212103500704,3.9177473850441618,0.20705090136164805,0.9534474530140542,,0.2841357319978457,
2010-11-22,log_density,5253,0,3.957346704742838,4.046195125547548,0.21027261562794453,0.956079484865907,,0.2835323344481638,
2010-11-22,unweighted,5253,0,4.059681364156378,4.131802851300236,0.13363912504512263,0.9456343214573246,,0.2818409671085568,
2010-11-22,1_over_t,5253,0,3.9298301474345463,3.948614322043463,0.22812982752941324,0.9526646574054015,,0.2846809937113961,
2010-11-29,log_density,5246,0,3.940828813445578,4.022002520552777,0.23045877549056323,0.9553070077864458,,0.2839379174771591,
2010-11-29,unweighted,5246,0,4.044718009835036,4.138097000300852,0.15215899350151998,0.9450829824031505,,0.28221513836911716,
2010-11-29,1_over_t,5246,0,3.912727667439803,3.9524505132616143,0.24816068316155532,0.951954290530241,,0.2851427355991039,
2010-12-06,log_density,5239,0,3.9248802599412524,4.013493262430451,0.25015045137366215,0.954564022472054,,0.2843226840525666,
2010-12-06,unweighted,5239,0,4.030101099356876,4.1288914143163415,0.17033520270677263,0.9445393109504275,,0.2825751768765041,
2010-12-06,1_over_t,5239,0,3.896441776340411,3.9491029153587474,0.2675146888964953,0.951259645103184,,0.285570097688432,
2010-12-13,log_density,5232,0,3.9090776709574993,3.9920683566808726,0.2696515180340968,0.9538602187183108,,0.2847045343200039,
2010-12-13,unweighted,5232,0,4.015627389695756,4.102261985180455,0.18835816695956298,0.9439948829066075,,0.2829303363842226,
2010-12-13,1_over_t,5232,0,3.8804313641730723,3.9020503920626695,0.28662061626427493,0.9505644808763434,,0.2859871573565217,
2010-12-20,log_density,5225,0,3.89415654821809,3.965101503852442,0.2883068433066485,0.9532384736598439,,0.285035002904464,
2010-12-20,unweighted,5225,0,4.001540978309913,4.0967470108463715,0.20600038925468167,0.9434689094964434,,0.2832471597820692,
2010-12-20,1_over_t,5225,0,3.86535946983856,3.8998455642417214,0.3049565516146545,0.9499236124034957,,0.28634119099835675,
2010-12-27,log_density,5218,0,3.8808479120477104,3.965179563570053,0.3055459049890668,0.9527523496993902,,0.2852412332147909,
2010-12-27,unweighted,5218,0,3.988289965462015,4.091412238128058,0.22284495372341598,0.942997583764092,,0.2834637530039899,
2010-12-27,1_over_t,5218,0,3.852463044219774,3.9132285286024473,0.3215521903390025,0.9494425967821604,,0.28653405779907326,
2011-01-03,log_density,5211,0,3.8687267360249455,3.9476386710012825,0.3217399225358409,0.9523454181628616,,0.28535909926993547,
2011-01-03,unweighted,5211,0,3.9755229693848557,4.075845199959183,0.23922125188729154,0.9425601705816565,,0.2836132596277078,
2011-01-03,1_over_t,5211,0,3.8408316367476734,3.909358283105002,0.33713180865559644,0.9490718052505835,,0.2866248549490898,
2011-01-10,log_density,5204,0,3.8599229479105137,3.94154563899448,0.3352347361033068,0.9522297718530846,,0.28512694078808287,
2011-01-10,unweighted,5204,0,3.9644633051670986,4.052760839337408,0.2539906464991099,0.9422797477550207,,0.28346491077356795,
2011-01-10,1_over_t,5204,0,3.8337934696328477,3.8733404363347814,0.34908023479082845,0.9491983190131763,,0.28629224170975226,
2011-01-17,log_density,5197,0,3.851725966127816,3.9309957742610893,0.348163245885302,0.9521534951087424,,0.2848506178155954,
2011-01-17,unweighted,5197,0,3.953591923731342,4.040742326789136,0.26857216375079324,0.9420160026855021,,0.28328116566220507,
2011-01-17,1_over_t,5197,0,3.827375256157744,3.8918765210243063,0.3605441386314557,0.9494070979374755,,0.2859117894811485,
2011-01-24,log_density,5190,0,3.8428052514523996,3.9227826301677293,0.36160712203997597,0.9519903423458214,,0.2846847380965095,
2011-01-24,unweighted,5190,0,3.942209598547168,4.021644845720109,0.28361697927011514,0.9416975401650286,,0.28319675484263623,
2011-01-24,1_over_t,5190,0,3.8197057648524564,3.8691487103605064,0.37299754054956585,0.9494758890300301,,0.28566732977789716,
2011-01-31,log_density,5183,0,3.832417215596126,3.9226358279993576,0.3761838222988494,0.951696031625506,,0.2846901487941028,
2011-01-31,unweighted,5183,0,3.9299671132979888,4.005221895363773,0.2994488458547523,0.9412938877781558,,0.28326207096071876,
2011-01-31,1_over_t,5183,0,3.809830470924177,3.874768586390627,0.38718756392932574,0.9493132997561256,,0.28563054258844456,
2011-02-07,log_density,5176,0,3.8222244713988567,3.8890796781695594,0.39051326508440526,0.951445840433488,,0.2846870120196235,
2011-02-07,unweighted,5176,0,3.9177961524266096,3.990571195745261,0.3151991882140016,0.9408914463342705,,0.2833198813817837,
2011-02-07,1_over_t,5176,0,3.800201218958456,3.857680738572867,0.4011781287553405,0.9491784901008095,,0.2855815745416982,
2011-02-14,log_density,5169,0,3.811175815823245,3.8972351375309944,0.4055198609873931,0.9511363679844963,,0.28476683412770964,
2011-02-14,unweighted,5169,0,3.90519768269032,3.9694923519125886,0.33133200570700194,0.9404456600519471,,0.2834469179246113,
2011-02-14,1_over_t,5169,0,3.7894897870002993,3.841729853498803,0.41601443933885807,0.9489399480368844,,0.28562913619159586,
2011-02-21,log_density,5162,0,3.797355886836775,3.876481186655437,0.4228524006686762,0.9505720139176522,,0.2850761018264489,
2011-02-21,unweighted,5162,0,3.891177559957358,3.9453446101588554,0.34876968349465914,0.9398780614084363,,0.2837653763156376,
2011-02-21,1_over_t,5162,0,3.775006624583531,3.8219446623081677,0.4338046407750055,0.9483743107960142,,0.2859585733870966,
2011-02-28,log_density,5155,0,3.7840387360622367,3.86197584194383,0.4397210377665105,0.950062360885612,,0.28535469024733295,
2011-02-28,unweighted,5155,0,3.8774495699217497,3.9326522212814643,0.3659174594459383,0.9393226646247276,,0.2840587045948661,
2011-02-28,1_over_t,5155,0,3.7612607216730134,3.8301215266944855,0.4509942823874756,0.9478563741523094,,0.286245745441911,
2011-03-07,log_density,5148,0,3.7703581407837428,3.851949585325715,0.456827655359925,0.9495366735410178,,0.2856683481189555,
2011-03-07,unweighted,5148,0,3.863521398970732,3.915292638591821,0.38323298652476034,0.9387430479491503,,0.2843818798406916,
2011-03-07,1_over_t,5148,0,3.7469582054876343,3.8111776976295135,0.46860250022436634,0.9472883177210321,,0.2865763139851269,
2011-03-14,log_density,5141,0,3.7566868413643086,3.8213266976661844,0.4738839189130943,0.9489877352756426,,0.2859951367462814,
2011-03-14,unweighted,5141,0,3.8495263983763506,3.8867351737341913,0.40059201090513935,0.9381487710135904,,0.2847198667785437,
2011-03-14,1_over_t,5141,0,3.732442947182712,3.7923780397802282,0.48635732813903704,0.9466959953660945,,0.286927198148525,
2011-03-21,log_density,5134,0,3.74338425005757,3.80827588457747,0.49062132959070837,0.9484552776285389,,0.2863075433731067,
2011-03-21,unweighted,5134,0,3.8356644706234646,3.8711490796362984,0.4178090752247182,0.9375549823510372,,0.28504989493358096,
2011-03-21,1_over_t,5134,0,3.718250375556426,3.7577410885865774,0.5038388137209273,0.9461216420371323,,0.28726276941398426,
2011-03-28,log_density,5127,0,3.728627939901163,3.7895089948350362,0.5085665500712321,0.9477837138155765,,0.28672221049258456,
2011-03-28,unweighted,5127,0,3.821038616601023,3.8470005283895503,0.43571546218382606,0.9368962182325018,,0.2854633954001169,
2011-03-28,1_over_t,5127,0,3.7019841341479793,3.7576982488827273,0.5229253898748449,0.9453916068554398,,0.2877323010541148,
2011-04-04,log_density,5120,0,3.713728414967999,3.772252647196588,0.5266484453870012,0.9470633963357539,,0.28715206059221676,
2011-04-04,unweighted,5120,0,3.806375092575543,3.8217716324281854,0.4536366950830327,0.9362228457469268,,0.285889750430571,
2011-04-04,1_over_t,5120,0,3.6855406890004314,3.741341376806467,0.5421237853228009,0.9446358981667053,,0.28822065878910286,
2011-04-11,log_density,5113,0,3.6982884107235234,3.7562627171441747,0.5451955114416239,0.9463077130245457,,0.2876157243257404,
2011-04-11,unweighted,5113,0,3.7915156760638915,3.801000457187028,0.4717191451696297,0.9355244390100488,,0.2863410468479562,
2011-04-11,1_over_t,5113,0,3.668498363736545,3.7202320696192106,0.5617640096867236,0.94382970156646,,0.28875064238188863,
2011-04-18,log_density,5106,0,3.682319683353673,3.7224854673014462,0.5641401083479508,0.9455654357915614,,0.2881103822995387,
2011-04-18,unweighted,5106,0,3.7765304940489055,3.7871824331293453,0.48989733167979704,0.9348047897896558,,0.2868121463672767,
2011-04-18,1_over_t,5106,0,3.651027178216005,3.6940188341863287,0.5817102354492202,0.9429815098194932,,0.28931376652885005,
2011-04-25,log_density,5099,0,3.666227194559313,3.70766720058742,0.5831765665546542,0.9448488787876521,,0.28861307810827547,
2011-04-25,unweighted,5099,0,3.761652211201528,3.7639951616381673,0.5079558262813311,0.9340786853086483,,0.28728510540224156,
2011-04-25,1_over_t,5099,0,3.633742147983769,3.6796594018437645,0.6014802253674537,0.9421268316830371,,0.2898768644929189,
2011-05-02,log_density,5092,0,3.6492490740962613,3.6871586221136745,0.6029166388705601,0.9440968021363243,,0.2891660470732829,
2011-05-02,unweighted,5092,0,3.7464086756925346,3.744058102861093,0.5263311423341336,0.9333159926917923,,0.2877933280463727,
2011-05-02,1_over_t,5092,0,3.6153876593041545,3.651815997909793,0.6220562403860739,0.941196090788107,,0.29050617804693296,
2011-05-09,log_density,5085,0,3.631535338318293,3.659241751728471,0.6233060094304982,0.9433136135152096,,0.2897552888003308,
2011-05-09,unweighted,5085,0,3.731032332001597,3.722171289235229,0.5448075980032411,0.9325304129540832,,0.2883208987626517,
2011-05-09,1_over_t,5085,0,3.5965577483149893,3.6277749457116366,0.6429697325910454,0.9402200374987099,,0.29117198336029715,
2011-05-16,log_density,5078,0,3.6129584533094388,3.634862668859627,0.6444185281865382,0.9425160494067634,,0.2903901576297119,
2011-05-16,unweighted,5078,0,3.7153327183125615,3.7036941681335804,0.5635606315665623,0.9317106159587021,,0.28887740892816444,
2011-05-16,1_over_t,5078,0,3.5767345959972143,3.606644577948095,0.6646233080863847,0.9391757714261203,,0.2918994294674319,
2011-05-23,log_density,5071,0,3.5939032536255158,3.6209363362314413,0.6659148312576147,0.9417096545001375,,0.2910556334180616,
2011-05-23,unweighted,5071,0,3.69951124746077,3.6950411266578076,0.5824035165288349,0.930867361321231,,0.28945210466341553,
2011-05-23,1_over_t,5071,0,3.5564298504225365,3.574975635533204,0.6866133849466348,0.9380849062827653,,0.2926658929735757,
2011-05-30,log_density,5064,0,3.5738671597665417,3.6017321045532915,0.6881867467709752,0.9408524606535511,,0.2917683293818025,
2011-05-30,unweighted,5064,0,3.6835249228471736,3.6850620139715593,0.6013755595295427,0.9299979509289157,,0.29004627079893525,
2011-05-30,1_over_t,5064,0,3.5355188336557486,3.558408282292912,0.7090354471143505,0.9369428180479278,,0.29347787858571006,
2011-06-06,log_density,5057,0,3.5531954744590433,3.5666235324714726,0.7109221613997582,0.9399446471621603,,0.2925194880765368,
2011-06-06,unweighted,5057,0,3.6674243955124117,3.6628683187094566,0.6204295659795935,0.9291044163731554,,0.29065786856965464,
2011-06-06,1_over_t,5057,0,3.514119239493659,3.5214437377487204,0.7317949460077021,0.9357527104442014,,0.2943318982919785,
2011-06-13,log_density,5050,0,3.53222960280922,3.5539264819721197,0.733943487002077,0.9389922476028129,,0.2932970988657624,
2011-06-13,unweighted,5050,0,3.6514809735037415,3.6584150916711096,0.6393152857815697,0.9282006184806421,,0.29127689756655545,
2011-06-13,1_over_t,5050,0,3.492940963361053,3.504815895043368,0.7543365631959567,0.9345370478018747,,0.2951974351313656,
2011-06-20,log_density,5043,0,3.511196179926536,3.534516377659141,0.7570364272389115,0.9379712628740325,,0.294091495846671,
2011-06-20,unweighted,5043,0,3.635972943208966,3.6603285308620936,0.6577767899014889,0.9273030116510507,,0.2918900364159074,
2011-06-20,1_over_t,5043,0,3.4727237569195712,3.4919308851874935,0.776084289260068,0.933324993448157,,0.2960368898061566,
2011-06-27,log_density,5036,0,3.489339447707609,3.506770472431554,0.7808852412667241,0.9367865144850754,,0.29493262549486304,
2011-06-27,unweighted,5036,0,3.620578666189888,3.6359191640572703,0.6761111736598676,0.926394402258989,,0.29250956637022185,
2011-06-27,1_over_t,5036,0,3.452639946337823,3.4683289375404467,0.7976871300889978,0.9320875088380223,,0.29688715946406036,
2011-07-04,log_density,5029,0,3.4666766613277575,3.5035701716013463,0.8053976145779087,0.9354270278811774,,0.2958283872421131,
2011-07-04,unweighted,5029,0,3.6050878096020575,3.6011159218832525,0.6945119429641686,0.9254615088293273,,0.2931464595292514,
2011-07-04,1_over_t,5029,0,3.432123581255435,3.469219374849229,0.819584936570436,0.9307985634806528,,0.2977783789323975,
2011-07-11,log_density,5022,0,3.4452016262284055,3.470299369661884,0.828702020049666,0.9343307175300662,,0.29670394022485547,
2011-07-11,unweighted,5022,0,3.589505693156393,3.597637026716191,0.7129739029649728,0.9245042780596517,,0.29380000234917913,
2011-07-11,1_over_t,5022,0,3.4111777761704345,3.42494502329395,0.8417734648880789,0.9294579731412597,,0.29871129593338436,
2011-07-18,log_density,5015,0,3.4237644581755524,3.450375438440531,0.8520611691474732,0.933109149061862,,0.2975937588420764,
2011-07-18,unweighted,5015,0,3.57446975487622,3.5881455542667844,0.730911167055738,0.9235618724854667,,0.2944398102998911,
2011-07-18,1_over_t,5015,0,3.3914822994131955,3.406430871895584,0.8629446830460983,0.9281339610099814,,0.29959722929328086,
2011-07-25,log_density,5008,0,3.40382062857474,3.434661440944968,0.874064449538981,0.932003930930845,,0.29843090941789785,
2011-07-25,unweighted,5008,0,3.5600257441601433,3.590075249328944,0.7482831562658028,0.9226422422313354,,0.2950552976351252,
2011-07-25,1_over_t,5008,0,3.373192050247294,3.393040650415069,0.882983850269605,0.926849464790664,,0.30041661495525607,
2011-08-01,log_density,5001,0,3.383890909287504,3.4178986935005664,0.8959448636787108,0.9309081706857385,,0.2992885985375361,
2011-08-01,unweighted,5001,0,3.5454688200793214,3.5776397060320946,0.7657379352028536,0.9216968887449954,,0.2956895268346408,
2011-08-01,1_over_t,5001,0,3.354458893923016,3.377620534793449,0.9033309002706997,0.9255084010139141,,0.3012773415508902,
2011-08-08,log_density,4994,0,3.365573133578037,3.394873942342309,0.9163516103403826,0.9298734530012762,,0.30006764023122107,
2011-08-08,unweighted,4994,0,3.531758718034796,3.5761866931392277,0.7823949390405929,0.9207993372641737,,0.29627244268806774,
2011-08-08,1_over_t,4994,0,3.3378158237109274,3.3679738468982916,0.9220174257158771,0.9242662928028812,,0.30201619830397924,
2011-08-15,log_density,4987,0,3.3478432661345794,3.373449286458103,0.9362108518815214,0.9288349939241711,,0.30081829442359376,
2011-08-15,unweighted,4987,0,3.5184539537371537,3.5800813170925494,0.7986610051021236,0.9199199595312947,,0.2968304841705223,
2011-08-15,1_over_t,4987,0,3.3221442856501993,3.3419263308732496,0.9399202385430055,0.9230678077869583,,0.30269766259431735,
2011-08-22,log_density,4980,0,3.32965733684797,3.366434512456294,0.9564773915682132,0.9277656275400384,,0.3015988244448056,
2011-08-22,unweighted,4980,0,3.5049942430954046,3.592046892762644,0.8150506256678212,0.9190174814258124,,0.2974003240484959,
2011-08-22,1_over_t,4980,0,3.3059964671341175,3.328247330252915,0.9581678245129145,0.9218319989475191,,0.303411336504536,
2011-08-29,log_density,4973,0,3.310458526207601,3.3373999021314678,0.9774851094741925,0.9266406228527904,,0.3024729590622145,
2011-08-29,unweighted,4973,0,3.4908033979444366,3.559907263939607,0.8320904181356874,0.9180343853807511,,0.2980455831764371,
2011-08-29,1_over_t,4973,0,3.287806169779274,3.3073776156443504,0.9779689011167411,0.9204129729228352,,0.304282072080105,
2011-09-05,log_density,4966,0,3.2912393989587425,3.3217827030031124,0.9983617657157348,0.9255264022981269,,0.30336754404438565,
2011-09-05,unweighted,4966,0,3.4763470328078885,3.528038297771017,0.84935274523806,0.917013201251969,,0.29871772355494697,
2011-09-05,1_over_t,4966,0,3.2687822085778016,3.2941507722702785,0.9983814447484117,0.9189145746483549,,0.3052186655553732,
2011-09-12,log_density,4959,0,3.272338042586319,3.299640082119037,1.0189347655704815,0.9244180319621823,,0.3042613435397697,
2011-09-12,unweighted,4959,0,3.46202160196175,3.5356443879931696,0.8664740919378111,0.9159822145341756,,0.29939388987500953,
2011-09-12,1_over_t,4959,0,3.249943771409373,3.273193142078876,1.0186116329117774,0.9173882108226309,,0.30616014311945294,
2011-09-19,log_density,4952,0,3.253876587588149,3.2975406828821154,1.0391506274252977,0.9233415663127068,,0.3051458109563344,
2011-09-19,unweighted,4952,0,3.447851960179547,3.5169553755929304,0.883432037601294,0.9149438882546864,,0.30007153270821574,
2011-09-19,1_over_t,4952,0,3.231362107318443,3.275949580524127,1.0386052623987165,0.9158392671312867,,0.30710068292224013,
2011-09-26,log_density,4945,0,3.236281520138394,3.2992330034230557,1.0585554027657031,0.9223159073213479,,0.3059977779155366,
2011-09-26,unweighted,4945,0,3.4338065020294746,3.49308533173123,0.9002558666055831,0.9138963669241944,,0.30075163818080725,
2011-09-26,1_over_t,4945,0,3.2129637660792842,3.276889030825302,1.0584207333984244,0.9142651312013915,,0.3080436525695359,
2011-10-03,log_density,4938,0,3.2185109421897824,3.2798952039599216,1.078080545819764,0.9212679681657663,,0.30687383189278955,
2011-10-03,unweighted,4938,0,3.419607711059618,3.4756141094237396,0.9171991383619563,0.9128170987847238,,0.30145252496091884,
2011-10-03,1_over_t,4938,0,3.1940138981964235,3.262254301493571,1.0786263572047543,0.9126208419446469,,0.309037919393694,
2011-10-10,log_density,4931,0,3.200199342735307,3.2478559148917494,1.0980858805106746,0.920179397678186,,0.3077911274093171,
2011-10-10,unweighted,4931,0,3.405239353569584,3.4389978235082355,0.9342763246966981,0.9117051356361103,,0.3021729928796825,
2011-10-10,1_over_t,4931,0,3.174463785066015,3.2484669869503646,1.0992584143261777,0.9109069290349436,,0.31008588183522756,
2011-10-17,log_density,4924,0,3.1812790055641167,3.2441298780756194,1.1185335389795426,0.9190388941546088,,0.3087553599723768,
2011-10-17,unweighted,4924,0,3.3904652483523887,3.4277913080294358,0.9517022326451184,0.9105411277188882,,0.3029263113813113,
2011-10-17,1_over_t,4924,0,3.1536694017283278,3.251643988028988,1.1208112169153799,0.9090879978729944,,0.3112310436807185,
2011-10-24,log_density,4917,0,3.1616737347931907,3.2049744662369637,1.1395146217044176,0.917834126676866,,0.30976860376855314,
2011-10-24,unweighted,4917,0,3.375378686393456,3.4067483485378425,0.9693907451829709,0.9093321565916341,,0.30370476828383214,
2011-10-24,1_over_t,4917,0,3.1318498865802233,3.2074209261054136,1.1431108001496586,0.9071795243761608,,0.3124603713511902,
2011-10-31,log_density,4910,0,3.140664414534055,3.1370588220035707,1.1616030587207948,0.9165696733171621,,0.3108540779465294,
2011-10-31,unweighted,4910,0,3.3595011714983456,3.383891781800484,0.9877769909937645,0.9080487080950262,,0.30451628138147896,
2011-10-31,1_over_t,4910,0,3.107722286868069,3.172228966406319,1.1671434099071065,0.9051568371525934,,0.31384528016623325,
2011-11-07,log_density,4903,0,3.1193371358736,3.1099155932295517,1.18382714304007,0.9152493470119789,,0.3119720741918654,
2011-11-07,unweighted,4903,0,3.3434422449026404,3.3744059588383735,1.0063037512411528,0.9067269417616723,,0.30534608577161737,
2011-11-07,1_over_t,4903,0,3.0828337003553417,3.0865722057715406,1.1917057696925517,0.9030575587089488,,0.31530818837152946,
2011-11-14,log_density,4896,0,3.0975440950207185,3.098148052272851,1.2063643918150002,0.9138618528206214,,0.3131312461835912,
2011-11-14,unweighted,4896,0,3.3272170104606045,3.3377049545959636,1.0249567030474143,0.9053670641543834,,0.3061932408232426,
2011-11-14,1_over_t,4896,0,3.057201938740507,3.0612782033779062,1.216780637122682,0.9008824243348796,,0.31685154463909976,
2011-11-21,log_density,4889,0,3.07578582519085,3.077923545884863,1.2287098000086283,0.9123358918404282,,0.31431681119070687,
2011-11-21,unweighted,4889,0,3.3110731834662,3.331821267489243,1.043509986341303,0.9039820791542572,,0.30705581369581775,
2011-11-21,1_over_t,4889,0,3.0314566578609377,3.023892506960845,1.2418792952868145,0.8986347047768017,,0.31844582320174675,
2011-11-28,log_density,4882,0,3.0540786168781984,3.0568672792848055,1.2510058238653357,0.9107808136674925,,0.3155294615432796,
2011-11-28,unweighted,4882,0,3.2950903748520726,3.3094955517946953,1.0618913771484468,0.9025763447824516,,0.30793296665489184,
2011-11-28,1_over_t,4882,0,3.005802329961891,3.0173359294959337,1.266843634449698,0.8963132149529287,,0.32008062625636996,
2011-12-05,log_density,4875,0,3.0323344476398,3.0059062404390584,1.2732089998317244,0.9091771728551963,,0.31676629909418635,
2011-12-05,unweighted,4875,0,3.279058427210998,3.2839595447331416,1.080292112760517,0.9011371887954929,,0.30882665289937905,
2011-12-05,1_over_t,4875,0,2.9796827111193798,2.9779561550583242,1.292101645199018,0.8939104710569302,,0.32178797885978994,
2011-12-12,log_density,4868,0,3.011025552955395,2.99638380373624,1.295040504220189,0.9075288124522893,,0.3180082503967292,
2011-12-12,unweighted,4868,0,3.2632280101844624,3.2854077233005814,1.098484342579528,0.8996790736639584,,0.30973452626669856,
2011-12-12,1_over_t,4868,0,2.9537407107176947,2.945671233209371,1.3171562912272567,0.8914278344590012,,0.32353312505229126,
2011-12-19,log_density,4861,0,2.98942919319256,2.9679720022143457,1.3170529222835874,0.9058398804105913,,0.3192817879006241,
2011-12-19,unweighted,4861,0,3.2472204360105112,3.2744024132281595,1.116812152029855,0.8981786286918101,,0.3106600677405916,
2011-12-19,1_over_t,4861,0,2.9269801277598786,2.9273503086400297,1.3427738400346774,0.8888562595840375,,0.3253758410248761,
2011-12-26,log_density,4854,0,2.9674154412646625,2.9420780773199606,1.3393927497923872,0.9041246708242198,,0.3205871190757977,
2011-12-26,unweighted,4854,0,3.2309110803671337,3.2636135302786897,1.1353879805079519,0.8966273612616921,,0.31160350325788644,
2011-12-26,1_over_t,4854,0,2.8990473558093974,2.891646682032569,1.3692219852042742,0.8861954482316066,,0.32734242638061345,
2012-01-02,log_density,4847,0,2.945046646235396,2.9234785026930634,1.362042741269224,0.9023710760139001,,0.3219234787437544,
2012-01-02,unweighted,4847,0,3.214379020316971,3.22434816100915,1.1541392469504637,0.8950288162719909,,0.3125638678616988,
2012-01-02,1_over_t,4847,0,2.8701162437262613,2.86824053686086,1.396361753948733,0.883446545335338,,0.32942924148827535,
2012-01-09,log_density,4840,0,2.9218789923967003,2.906466996322038,1.3853854839405952,0.9005767737623971,,0.3233186229404189,
2012-01-09,unweighted,4840,0,3.197606473749898,3.1972648537912196,1.1730813725443623,0.8933810182007612,,0.3135402928843896,
2012-01-09,1_over_t,4840,0,2.8401100378915074,2.845979312900364,1.4242473223237828,0.8806122532728672,,0.331647405501345,
2012-01-16,log_density,4833,0,2.8981503839390204,2.8726321458294706,1.4092440896258616,0.8986656658080132,,0.3247827610071998,
2012-01-16,unweighted,4833,0,3.1809189800514446,3.1770535367747073,1.191918795950259,0.8916996167495086,,0.3145369737705465,
2012-01-16,1_over_t,4833,0,2.809846274201793,2.8196080175015332,1.4522457489077083,0.8776719441618694,,0.3339565390860614,
2012-01-23,log_density,4826,0,2.8750860196529504,2.8682345671468195,1.432497497506892,0.8966344092365163,,0.3262619406653081,
2012-01-23,unweighted,4826,0,3.164689517171426,3.1323540169040185,1.2103139961380762,0.8900060493180318,,0.3155556979822952,
2012-01-23,1_over_t,4826,0,2.78028187090686,2.7952681943604105,1.4796204417918273,0.8746023908938679,,0.3362980624268492,
2012-01-30,log_density,4819,0,2.8523248304916025,2.8334413271023884,1.455483745985115,0.8943719811695605,,0.32778427948373273,
2012-01-30,unweighted,4819,0,3.1490613224895134,3.1137916309803018,1.22813855451335,0.8883135527241899,,0.3165909327285236,
2012-01-30,1_over_t,4819,0,2.751801964562011,2.771685161858585,1.5060784193412406,0.871402305329302,,0.33863709362560285,
2012-02-06,log_density,4812,0,2.8294735466185066,2.8161810071452873,1.4785589592085953,0.8918136788839615,,0.3293695570192559,
2012-02-06,unweighted,4812,0,3.134009754940617,3.153450174950592,1.2454161477616876,0.8866265293284822,,0.31763538889011284,
2012-02-06,1_over_t,4812,0,2.7243545426185927,2.750499317457434,1.531662632233166,0.8680816047135075,,0.3409649811122043,
2012-02-13,log_density,4805,0,2.8061698910141386,2.792054838763299,1.5020980119018958,0.8887167691075991,,0.3310362418575705,
2012-02-13,unweighted,4805,0,3.1195235619575703,3.1911457319686463,1.2621581855897819,0.8849507966591682,,0.3186810703197074,
2012-02-13,1_over_t,4805,0,2.697915669073281,2.7212239599322796,1.5563936132412877,0.8646536987160091,,0.3432714506386,
2012-02-20,log_density,4798,0,2.7831421480722054,2.771959037853402,1.5254990592818038,0.8850663978595132,,0.33273432230202665,
2012-02-20,unweighted,4798,0,3.105839725703672,3.1330444476847106,1.2781521565660272,0.8833146208686081,,0.3197109626123208,
2012-02-20,1_over_t,4798,0,2.673124219648285,2.6900444019808774,1.5797861007476883,0.8611490894356844,,0.3454898708261782,
2012-02-27,log_density,4791,0,2.7608710550945785,2.750259110111216,1.5482602619567145,0.8813383235546303,,0.33441407214921043,
2012-02-27,unweighted,4791,0,3.0926750645129206,3.1424648914968714,1.293655541501542,0.881699437473149,,0.3207282896470993,
2012-02-27,1_over_t,4791,0,2.649265678046829,2.6673381812325436,1.6023921488670045,0.8575653198226475,,0.34766854694951,
2012-03-05,log_density,4784,0,2.7401561402572723,2.72645396095964,1.5697158602567576,0.8777962630976178,,0.3360049901151563,
2012-03-05,unweighted,4784,0,3.0801865995623317,3.157739853676965,1.3085278210655031,0.8801295490849752,,0.32171489932945,
2012-03-05,1_over_t,4784,0,2.6267529142287653,2.635871076631589,1.6238977683070253,0.8539440310936726,,0.3497569607864016,
2012-03-12,log_density,4777,0,2.722987423707829,2.7211484952416196,1.5881517010650128,0.874760716748291,,0.3373230822340219,
2012-03-12,unweighted,4777,0,3.0692891908054785,3.1670517325252945,1.3219461233211844,0.8787349056743082,,0.32257397757578876,
2012-03-12,1_over_t,4777,0,2.608000112731225,2.617505553012193,1.6424628234928054,0.8505340827003895,,0.35147861941523806,
2012-03-19,log_density,4770,0,2.70624004191035,2.6992217450344542,1.606199992128036,0.8717288525045169,,0.3386188401733224,
2012-03-19,unweighted,4770,0,3.058625784458168,3.2064992635330896,1.3351369623676044,0.8773501155452272,,0.3234199644181404,
2012-03-19,1_over_t,4770,0,2.5895415007581257,2.5777084244231077,1.6607489106697253,0.8470614533234845,,0.3531900541159304,
2012-03-26,log_density,4763,0,2.693060175572187,2.692377254686054,1.6213899508470049,0.8690281770052529,,0.33953109978134133,
2012-03-26,unweighted,4763,0,3.050136224942236,3.124548017316144,1.3463542428764257,0.8762901774280974,,0.3239896988050694,
2012-03-26,1_over_t,4763,0,2.5764262887891487,2.589193305658158,1.6749003177298645,0.8442499687633899,,0.3542622648303587,
2012-04-02,log_density,4756,0,2.6826433108509207,2.6769494577452075,1.6342988186883232,0.8667057321967597,,0.34007228254948996,
2012-04-02,unweighted,4756,0,3.043456337686215,3.1685099264074097,1.3559312806848718,0.8755553744125985,,0.32425546080723616,
2012-04-02,1_over_t,4756,0,2.567820985155031,2.577175928341849,1.6855741290367103,0.8422403010587133,,0.3547218734363061,
2012-04-09,log_density,4749,0,2.6777197442121308,2.6622449712976106,1.6427312647158354,0.8656442635055683,,0.3397557291365454,
2012-04-09,unweighted,4749,0,3.0397880982801393,3.1776754379247336,1.3627916040558516,0.8754868113101569,,0.32384701693712203,
2012-04-09,1_over_t,4749,0,2.5669405115651953,2.581076614259036,1.690334397436073,0.8421768442143416,,0.353978124966872,
2012-04-16,log_density,4742,0,2.668755765022591,2.6529556074632534,1.654481497302898,0.8636827523037635,,0.34005564871102506,
2012-04-16,unweighted,4742,0,3.03378469732641,3.1579905855670916,1.3717498354313578,0.8749205840110731,,0.3239265001716064,
2012-04-16,1_over_t,4742,0,2.5601132666022095,2.5699284740997363,1.6996432008246003,0.8407105143268312,,0.35412961926776193,
2012-04-23,log_density,4735,0,2.660121236806432,2.6348797312798364,1.6660184492303989,0.8616883798345917,,0.3403620648625606,
2012-04-23,unweighted,4735,0,3.0279297015894393,3.155306912554252,1.3805672396929405,0.8743465994213955,,0.32402853457650277,
2012-04-23,1_over_t,4735,0,2.5535654225608475,2.5646695557037056,1.7087206581379368,0.8391350191387068,,0.35428552068131064,
2012-04-30,log_density,4728,0,2.6540841658343095,2.6274664803476515,1.6755251125798138,0.8601862254559449,,0.3402850393596626,
2012-04-30,unweighted,4728,0,3.023437967674992,3.1433864453520357,1.3881546545238312,0.8740653135154355,,0.3238416032914073,
2012-04-30,1_over_t,4728,0,2.550524395924099,2.5488785371203155,1.715117420370407,0.8383996921282746,,0.3539109728307724,
2012-05-07,log_density,4721,0,2.6457761168478657,2.610022780916875,1.68685548541203,0.8582208330138111,,0.34059842338441026,
2012-05-07,unweighted,4721,0,3.0173838422570807,3.156982531388948,1.3971403286975956,0.873436675821269,,0.3239947274572536,
2012-05-07,1_over_t,4721,0,2.54345469064406,2.5341005098086953,1.7245819595969156,0.8366508359968212,,0.35415322224169643,
2012-05-14,log_density,4714,0,2.637839409691775,2.6007160833763514,1.6977959793667101,0.8564504696285259,,0.340882905701825,
2012-05-14,unweighted,4714,0,3.0114103615541357,3.1925840486765082,1.406046795540863,0.8728154483752779,,0.3241402956421993,
2012-05-14,1_over_t,4714,0,2.536529664874115,2.526058251538685,1.7339227297686788,0.8348958106079885,,0.3543805756295169,
2012-05-21,log_density,4707,0,2.6299739543482614,2.5829584246079698,1.7086067164210361,0.8547111928220446,,0.3411747046269435,
2012-05-21,unweighted,4707,0,3.005377581883715,3.154267552854293,1.4149996841763788,0.8721747221931326,,0.3243025574075309,
2012-05-21,1_over_t,4707,0,2.5293908489994923,2.512437712770792,1.7434130922614848,0.8330632482439286,,0.35464230920566825,
2012-05-28,log_density,4700,0,2.6226106146000268,2.572809284624869,1.7190623884975327,0.8530010239423955,,0.341376614151146,
2012-05-28,unweighted,4700,0,2.9998141746850275,3.1769261460335336,1.4235253205202687,0.8716283612833728,,0.3243733391351817,
2012-05-28,1_over_t,4700,0,2.523404865555786,2.503803653828956,1.7520136174663035,0.8314786603141795,,0.35473549660802794,
2012-06-04,log_density,4693,0,2.614971385838949,2.5476459048747913,1.7296543516458869,0.8512685385321238,,0.34162316960655925,
2012-06-04,unweighted,4693,0,2.994123070000603,3.16262777286574,1.4321594785713452,0.8710485500846588,,0.32447435161357374,
2012-06-04,1_over_t,4693,0,2.5170566437939272,2.486939347903986,1.760880622751279,0.8297827522553126,,0.3548852940614125,
2012-06-11,log_density,4686,0,2.605821864325468,2.5308369792997665,1.7413606759298534,0.8492244185003939,,0.3421001954497144,
2012-06-11,unweighted,4686,0,2.9875019399901075,3.182710608865648,1.4416195446977575,0.8702666111962882,,0.32476049868753415,
2012-06-11,1_over_t,4686,0,2.5082592983983867,2.469451352472415,1.771597015146598,0.8274988744764873,,0.3553929589348796,
2012-06-18,log_density,4679,0,2.5960312619080854,2.515792985748573,1.7535078146737253,0.8470327662583471,,0.342691482409145,
2012-06-18,unweighted,4679,0,2.9803082348759693,3.2212960562217177,1.4515833125532713,0.8693580399109422,,0.3251581125515763,
2012-06-18,1_over_t,4679,0,2.4978749777962554,2.4597637200744096,1.7834977583911258,0.8248296842780429,,0.35612935914709937,
2012-06-25,log_density,4672,0,2.586300735233672,2.5005708093131083,1.7653568491317706,0.8448318710065353,,0.3433074788803048,
2012-06-25,unweighted,4672,0,2.972832704655541,3.153673129469297,1.4617895493453015,0.8683829913981019,,0.3256101834795983,
2012-06-25,1_over_t,4672,0,2.486625551400914,2.438831452352118,1.7960296310720536,0.8219373784383524,,0.356989636325996,
2012-07-02,log_density,4665,0,2.5755810444076466,2.4846059389484383,1.7779537502516474,0.8424033376498112,,0.3440629820536453,
2012-07-02,unweighted,4665,0,2.9646770474915733,3.2252949896687113,1.4725931557267045,0.8672654668736877,,0.3261788977973292,
2012-07-02,1_over_t,4665,0,2.4734593291694864,2.4306374745789503,1.8099861310277297,0.8186204417210112,,0.3581138030238646,
2012-07-09,log_density,4658,0,2.5618895626710607,2.469671816194441,1.7930474988410268,0.8394404613784578,,0.34515525383134965,
2012-07-09,unweighted,4658,0,2.9549297485344,3.2511159701718952,1.4848057809346955,0.8658546184538916,,0.3269716294977456,
2012-07-09,1_over_t,4658,0,2.4559733089907176,2.40282140187038,1.8271796459768008,0.8145295707110229,,0.35979217441440514,
2012-07-16,log_density,4651,0,2.5499661320854545,2.4575027931622033,1.8066624043010384,0.8366988792708464,,0.346067494151599,
2012-07-16,unweighted,4651,0,2.946233051326228,3.245022193195723,1.4960661657386107,0.86460087848161,,0.32764183623206217,
2012-07-16,1_over_t,4651,0,2.440878793140753,2.3899725756353813,1.8425089402462276,0.8107068271724698,,0.3611951141077354,
2012-07-23,log_density,4644,0,2.5378070776905095,2.441239999669971,1.8204020157489318,0.8338550558643302,,0.34702531554555777,
2012-07-23,unweighted,4644,0,2.937227615877031,3.2289353785482717,1.5075890502962288,0.86327273431971,,0.3283655402693753,
2012-07-23,1_over_t,4644,0,2.424729543973874,2.374889148801999,1.8585930527842804,0.8066153515444509,,0.3627487053911545,
2012-07-30,log_density,4637,0,2.52596905797843,2.4304994779347977,1.8337746669591946,0.8310481255878043,,0.34795938754322503,
2012-07-30,unweighted,4637,0,2.9284020297028657,3.287618295016671,1.518938133788586,0.8619564577414596,,0.32907612681789905,
2012-07-30,1_over_t,4637,0,2.4087491437886377,2.357512918644696,1.8745007180884035,0.802454081769225,,0.3642987825083934,
2012-08-06,log_density,4630,0,2.5146928253954637,2.407694409975793,1.8466241047340881,0.8283062030587589,,0.34883928321118024,
2012-08-06,unweighted,4630,0,2.919931067922382,3.285789110904659,1.529958270544022,0.8606852299841787,,0.32974847416426684,
2012-08-06,1_over_t,4630,0,2.393389159654405,2.3446157415509106,1.8898910024458837,0.7983024068395965,,0.36578614790349323,
2012-08-13,log_density,4623,0,2.502656225039664,2.3939623613148324,1.8600962974333624,0.8253896392392169,,0.3498106021473162,
2012-08-13,unweighted,4623,0,2.911172189796759,3.2876407881568497,1.5412220476285676,0.8593422252234059,,0.3304711814688216,
2012-08-13,1_over_t,4623,0,2.3769985271724092,2.3233871490625155,1.9060130145971776,0.7938735756835559,,0.3674241282876551,
2012-08-20,log_density,4616,0,2.4903650130176818,2.3729791243582765,1.8737680476879748,0.8223838005262364,,0.35080907541845224,
2012-08-20,unweighted,4616,0,2.902617302444393,3.312242219981755,1.5522911213239197,0.8580164304576356,,0.33117737469077135,
2012-08-20,1_over_t,4616,0,2.360811243703233,2.294174731299946,1.9219296166805464,0.789373699267211,,0.3690552287528249,
2012-08-27,log_density,4609,0,2.4785324342491113,2.365966173262807,1.8870944477398097,0.8194132032357971,,0.351755898234435,
2012-08-27,unweighted,4609,0,2.8945362937373673,3.296416758119207,1.562926101805077,0.856760948571825,,0.33182711489369937,
2012-08-27,1_over_t,4609,0,2.345519516078524,2.2931809189095347,1.93711844466817,0.7849330478558276,,0.3705863695273867,
2012-09-03,log_density,4602,0,2.4680129435653697,2.353045278036854,1.8994166454533117,0.8167215343408214,,0.3525543139252981,
2012-09-03,unweighted,4602,0,2.8871457952434096,3.343357974739888,1.5729357067937573,0.8556251567682245,,0.3323813552126643,
2012-09-03,1_over_t,4602,0,2.3316899722721116,2.2697832662630164,1.9511545223643503,0.7806860971986845,,0.37193357433819924,
2012-09-10,log_density,4595,0,2.457014304625535,2.3524961883313615,1.9121996794297083,0.8140327993404826,,0.35342456551953416,
2012-09-10,unweighted,4595,0,2.8794260258053392,3.3133481371453968,1.5832271264058617,0.854406482209394,,0.3329969100321462,
2012-09-10,1_over_t,4595,0,2.316734417135982,2.2492507543191316,1.965995487371461,0.7761147630655322,,0.3734507510039373,
2012-09-17,log_density,4588,0,2.446373371956658,2.344387278474163,1.9245925443561478,0.8112660436796446,,0.3542667121311898,
2012-09-17,unweighted,4588,0,2.8718364375462713,3.3356198344012,1.5933916466094362,0.8531962202626328,,0.3336034806482794,
2012-09-17,1_over_t,4588,0,2.301791775743655,2.249929150292213,1.9807766708432115,0.7714420377081089,,0.37498325193495535,
2012-09-24,log_density,4581,0,2.435228934529873,2.328991402956053,1.9374001889636019,0.8083220719819868,,0.35517629164981723,
2012-09-24,unweighted,4581,0,2.8640523331323844,3.377261365909046,1.603717478187513,0.8519290947314376,,0.33425014459744945,
2012-09-24,1_over_t,4581,0,2.286022528101282,2.2424006417451565,1.9961298562829788,0.7664955151461714,,0.37664720975000693,
2012-10-01,log_density,4574,0,2.423985263249732,2.335989896696356,1.9502378544448826,0.805362554566956,,0.3561093564522675,
2012-10-01,unweighted,4574,0,2.856219337089712,3.3277588651878887,1.6140749454089842,0.8506333667896454,,0.3349153604473135,
2012-10-01,1_over_t,4574,0,2.2697701841571742,2.2449149868707736,2.0117918485115105,0.7613366844377576,,0.37839761314649006,
2012-10-08,log_density,4567,0,2.4119815142998347,2.329762039877986,1.9636580212522472,0.8022631389743318,,0.35714347925927026,
2012-10-08,unweighted,4567,0,2.847965715964783,3.3459519067817354,1.6247930175596053,0.8492346901452529,,0.3356522360209108,
2012-10-08,1_over_t,4567,0,2.25205925465416,2.203425429995862,2.0284934351573805,0.7557696325784664,,0.38036915090353224,
2012-10-15,log_density,4560,0,2.4004297908007888,2.309205486961936,1.9766871865735784,0.7992809285162772,,0.3581362313835734,
2012-10-15,unweighted,4560,0,2.8399965506622173,3.3525378382528004,1.635246451391622,0.8478713399539136,,0.33636121741473723,
2012-10-15,1_over_t,4560,0,2.2346522151053274,2.1463329059788263,2.04490206549969,0.7501260512397496,,0.3823253535085173,
2012-10-22,log_density,4553,0,2.3910680111806006,2.36904398500592,1.9879258836242257,0.7967342427721432,,0.35886759306352206,
2012-10-22,unweighted,4553,0,2.8332325931050923,3.3530590439166943,1.6446214254317202,0.8467441097295497,,0.3368926315938499,
2012-10-22,1_over_t,4553,0,2.219896427181629,2.1646486280444392,2.0592527898137165,0.7449328752217056,,0.38392698475858883,
2012-10-29,log_density,4546,0,2.3835260405328498,2.3841472535933477,1.997619971682483,0.794532849527375,,0.3593626347065552,
2012-10-29,unweighted,4546,0,2.8275331160371153,3.3546364863922236,1.6530457717840714,0.8458422268790062,,0.3372495278487771,
2012-10-29,1_over_t,4546,0,2.2074942694736173,2.1820919055819044,2.0717804846980483,0.7402003645446362,,0.38519543877887774,
2012-11-05,log_density,4539,0,2.3770991179140033,2.3839624074552432,2.006316936259077,0.7925593977827201,,0.35971479981960874,
2012-11-05,unweighted,4539,0,2.822369036494263,3.3558120078800435,1.660989397272891,0.8450571962635808,,0.3375129966284888,
2012-11-05,1_over_t,4539,0,2.196116762950708,2.1933859102740296,2.0834892972380947,0.7356500212474828,,0.3863165942235774,
2012-11-12,log_density,4532,0,2.375433594370769,2.3879594057197693,2.011122876983291,0.791908213705426,,0.3593203169305073,
2012-11-12,unweighted,4532,0,2.8198296899013835,3.3106145014234194,1.66660905692656,0.8449593283475223,,0.33720179476173995,
2012-11-12,1_over_t,4532,0,2.1911181740214496,2.1703274609908405,2.090364641159607,0.732998658642636,,0.38638559317460175,
2012-11-19,log_density,4525,0,2.378301319148456,2.3870565480097525,2.012245412066615,0.7927485334860048,,0.3580694099315825,
2012-11-19,unweighted,4525,0,2.8199176688811587,3.34248746215588,1.6699094378279276,0.8456614666850784,,0.33617472066833104,
2012-11-19,1_over_t,4525,0,2.192634948785451,2.2461614209388685,2.09232873371352,0.7327708145717972,,0.38525561409635367,
2012-11-26,log_density,4518,0,2.3865268302187403,2.5158689921610176,2.0090291431948635,0.7957051380507849,,0.3556625615158631,
2012-11-26,unweighted,4518,0,2.8230343143093055,3.3273531517067028,1.6705438760030025,0.8474110028129189,,0.3341547622049638,
2012-11-26,1_over_t,4518,0,2.201840495753828,2.265255494838385,2.088528963340642,0.7359494784074249,,0.3825707778046603,
2012-12-03,log_density,4511,0,2.398790752829626,2.423792984922869,2.002542617359451,0.8004947301462404,,0.3522501403617338,
2012-12-03,unweighted,4511,0,2.828470965637135,3.3020619668520297,1.6691452267084999,0.8500541425164592,,0.3312374458815079,
2012-12-03,1_over_t,4511,0,2.2171040731150375,2.289864661693805,2.0802189757617855,0.7422006606210979,,0.37855423634047797,
2012-12-10,log_density,4504,0,2.4099801127136904,2.4577069439782164,1.9969764142887338,0.8046923349134311,,0.3491179735580971,
2012-12-10,unweighted,4504,0,2.8331115582101796,3.30934450152391,1.6684640536419846,0.852403175222797,,0.3285865862248046,
2012-12-10,1_over_t,4504,0,2.2306081045060604,2.340744531706555,2.073275953325266,0.7475357884764167,,0.37491653866606633,
2012-12-17,log_density,4497,0,2.420669745532999,2.554588692676706,1.9918295114684166,0.808575171812199,,0.34613734313793804,
2012-12-17,unweighted,4497,0,2.8372704593727005,3.308521904525321,1.6682214212240494,0.8545763170379697,,0.3260911894035481,
2012-12-17,1_over_t,4497,0,2.243109536566711,2.3681587747258845,2.0671256080788805,0.7523328993508842,,0.3714949844707167,
2012-12-24,log_density,4490,0,2.428288831018044,2.539757525964969,1.9891536709232371,0.8111150995639466,,0.34390726320778064,
2012-12-24,unweighted,4490,0,2.839490135115302,3.2977615962100373,1.6696979066131714,0.8560518468457247,,0.32427626593571723,
2012-12-24,1_over_t,4490,0,2.250860700662553,2.3756590776399804,2.0645652086899244,0.7548217332382483,,0.36908089978310743,
2012-12-31,log_density,4483,0,2.4377774066100497,2.5943548430821863,1.9849086775536737,0.8143669354793619,,0.3412664738523614,
2012-12-31,unweighted,4483,0,2.842619180339712,3.2975923885102247,1.6703845118409348,0.8578613074943249,,0.32211672410714454,
2012-12-31,1_over_t,4483,0,2.261029313539443,2.4057184164264704,2.0602200916171136,0.7584388982399701,,0.3661487084533832,
2013-01-07,log_density,4476,0,2.4486338772929575,2.5811253159736403,1.9796256468720204,0.8183496406367219,,0.3382110746869053,
2013-01-07,unweighted,4476,0,2.846744281591317,3.2703177263674945,1.6702074847671307,0.8600526840187817,,0.319550841773536,
2013-01-07,1_over_t,4476,0,2.2738844635411892,2.420749489058718,2.053898403585034,0.7633844035082379,,0.3626198989460682,
2013-01-14,log_density,4469,0,2.459842949149368,2.5648893460250406,1.974071455751882,0.8224666997008296,,0.33505419703421013,
2013-01-14,unweighted,4469,0,2.851015611276681,3.2554817025131726,1.6699159308492237,0.862310988323741,,0.31689354203505005,
2013-01-14,1_over_t,4469,0,2.2873386119170664,2.421844439830487,2.0471713044691957,0.7686234445264131,,0.35895065055278663,
2013-01-21,log_density,4462,0,2.47112908477368,2.5534776291954024,1.9684376042127405,0.8265481173418725,,0.33188572785457554,
2013-01-21,unweighted,4462,0,2.855190758142687,3.281437883867568,1.669722898557039,0.8645464132976722,,0.3142362520092516,
2013-01-21,1_over_t,4462,0,2.3007859352517466,2.4400003598523057,2.040492874160574,0.7738555765780206,,0.35527396389024585,
2013-01-28,log_density,4455,0,2.4822728118009385,2.597743805611662,1.9628800649518976,0.8305659899277714,,0.328733745919424,
2013-01-28,unweighted,4455,0,2.859239628387043,3.285503698281758,1.6696545872927369,0.8667482252980168,,0.3115904679104486,
2013-01-28,1_over_t,4455,0,2.314153743700041,2.449577237480902,2.033917668598677,0.7790457191391449,,0.35160636020225183,
2013-02-04,log_density,4448,0,2.493110853720259,2.6049121928509464,1.9576423008090684,0.834594862184487,,0.32556656268240336,
2013-02-04,unweighted,4448,0,2.8633214857891858,3.2515638078913867,1.6695711230045276,0.8689761631163542,,0.30889297841430785,
2013-02-04,1_over_t,4448,0,2.3278467721940945,2.416286489145726,2.0271438454280157,0.7843977728545335,,0.3478580033022856,
2013-02-11,log_density,4441,0,2.5028630488740076,2.5854440538890877,1.9533150654578533,0.8381300241564394,,0.3226656983298591,
2013-02-11,unweighted,4441,0,2.8666797610358654,3.261887543673133,1.6701354072456378,0.8709536087407446,,0.30643896757391664,
2013-02-11,1_over_t,4441,0,2.339965172096897,2.4244489528548776,2.021589438653338,0.7889799177288719,,0.34444957534256226,
2013-02-18,log_density,4434,0,2.5111590818338003,2.5928677320824143,1.9501811832529308,0.8410562035380695,,0.3201097289177032,
2013-02-18,unweighted,4434,0,2.869141697272813,3.2675107445896856,1.6714965312505201,0.8726246575496797,,0.30429344495217714,
2013-02-18,1_over_t,4434,0,2.350028390197718,2.441459636520655,2.0176048465937284,0.7925879865928828,,0.3414798567015754,
2013-02-25,log_density,4427,0,2.5181284825644963,2.571521472770094,1.9481437708066238,0.8434961635082102,,0.31784536266674673,
2013-02-25,unweighted,4427,0,2.8708259621179937,3.267123097989497,1.6735484656881998,0.8740433185513299,,0.3024018847676527,
2013-02-25,1_over_t,4427,0,2.358303109170849,2.435306908897754,2.014984525665895,0.7953987641679583,,0.3388783803530442,
2013-03-04,log_density,4420,0,2.5257244253625837,2.6644566517047252,1.9456012500279842,0.8461524907138473,,0.3154429369747581,
2013-03-04,unweighted,4420,0,2.8727701520881217,3.2578850500664203,1.6753819470284188,0.8755600266710448,,0.30039506452662446,
2013-03-04,1_over_t,4420,0,2.367368690867913,2.4338493984741554,2.0118017744175596,0.7985569415174196,,0.3361056352908037,
2013-03-11,log_density,4413,0,2.5345665834960838,2.652962357588148,1.9420647746088051,0.8492327326645879,,0.3127666773576799,
2013-03-11,unweighted,4413,0,2.875266529580654,3.2598915015813503,1.6767427570374482,0.8772776422303222,,0.29815859741063705,
2013-03-11,1_over_t,4413,0,2.3780028225334346,2.430473583383268,2.0074841138445763,0.8024234646386748,,0.3329951087820337,
2013-03-18,log_density,4406,0,2.5433247501223235,2.672457838656186,1.9385748329041201,0.8522822780390505,,0.31009421313987945,
2013-03-18,unweighted,4406,0,2.8776852857103306,3.24992779396986,1.6781821150592935,0.8789810955542351,,0.29592156422581595,
2013-03-18,1_over_t,4406,0,2.3886395322592118,2.4219369288044277,2.0032002977593133,0.8062924259295869,,0.32987873456614,
2013-03-25,log_density,4399,0,2.5512115488003446,2.672303703752121,1.9357513421455497,0.854950789356157,,0.3076289054743632,
2013-03-25,unweighted,4399,0,2.8795168460119034,3.2295287951318308,1.6801444925269555,0.8804977906747113,,0.2938732561960159,
2013-03-25,1_over_t,4399,0,2.3979959029165028,2.532823481021838,1.9999033798076051,0.809590485125345,,0.32702888573721045,
2013-04-01,log_density,4392,0,2.5577763361945243,2.721829534785627,1.9339937282339703,0.8570583384667847,,0.3055069591541503,
2013-04-01,unweighted,4392,0,2.880353684784059,3.2588761959298154,1.6829837275991497,0.8817020625082054,,0.2921526213183235,
2013-04-01,1_over_t,4392,0,2.405020474727048,2.529098716764876,1.9983690362218476,0.8119003692652372,,0.3246538193078608,
2013-04-08,log_density,4385,0,2.563599609880661,2.686948199721151,1.9327526945552527,0.8587445565452165,,0.30362637319988584,
2013-04-08,unweighted,4385,0,2.88040373650352,3.2591384672448136,1.68651570055367,0.8826663788591367,,0.29068450865719275,
2013-04-08,1_over_t,4385,0,2.4101745592746635,2.540095311613051,1.9982441454737703,0.8134404735405122,,0.322650868933457,
2013-04-15,log_density,4378,0,2.5688694001913284,2.7907093436338357,1.9318864708443126,0.8602580348410467,,0.3018577434220236,
2013-04-15,unweighted,4378,0,2.880117577425592,3.2588741267435424,1.6903460472178875,0.8835377338222924,,0.28931083165057014,
2013-04-15,1_over_t,4378,0,2.4145610363254635,2.5982632617938464,1.9987044419566364,0.8146817840946956,,0.3207915033578744,
2013-04-22,log_density,4371,0,2.5753889594325243,2.7971436928542914,1.930154743232395,0.8624586402944517,,0.2997418182976618,
2013-04-22,unweighted,4371,0,2.8808196619673745,3.2250395789186967,1.6933214984536586,0.8847236582006337,,0.28759090539008025,
2013-04-22,1_over_t,4371,0,2.4215150401319074,2.5503149758583774,1.997277627695801,0.8169406211362633,,0.31841818629980245,
2013-04-29,log_density,4364,0,2.5813189222246438,2.8751967271141154,1.9287786423873883,0.8642576949013691,,0.29780401534649276,
2013-04-29,unweighted,4364,0,2.880933111634642,3.2318746453032965,1.6968160920701383,0.8857363984672892,,0.2860524301659915,
2013-04-29,1_over_t,4364,0,2.4271136471586026,2.6417526153749655,1.996877800452492,0.8186541523157201,,0.31631075452966334,
2013-05-06,log_density,4357,0,2.586688819478575,2.8775047304700383,1.9278607481914294,0.8658701109007227,,0.2959875706002779,
2013-05-06,unweighted,4357,0,2.8806847118360666,3.2313594414195848,1.7006310414021566,0.8866472710786656,,0.28461943333881257,
2013-05-06,1_over_t,4357,0,2.43189326553017,2.7114891992709147,1.9971019010751079,0.820041459744449,,0.3143599682353336,
2013-05-13,log_density,4350,0,2.592004168927674,2.910981755619879,1.9270833223604513,0.8675378961938834,,0.2941679781807789,
2013-05-13,unweighted,4350,0,2.8804299144234173,3.2408541589003903,1.7044566805213865,0.8875648254469276,,0.28317422157063743,
2013-05-13,1_over_t,4350,0,2.4367321247301272,2.7245844150839957,1.9972972841873082,0.8214463733098714,,0.31239243896607,
2013-05-20,log_density,4343,0,2.5974686869461037,2.893608755163889,1.9261963585742514,0.8692628922383211,,0.29231319867490446,
2013-05-20,unweighted,4343,0,2.8802336672321878,3.208515056451006,1.7082366590222948,0.8885090990150736,,0.2816945651227331,
2013-05-20,1_over_t,4343,0,2.441795015217277,2.71134457393007,1.9973423745794106,0.8229334375121081,,0.31037558890466416,
2013-05-27,log_density,4336,0,2.604708454877952,2.894962080028659,1.9239463676192403,0.8717577998148704,,0.2899944360071997,
2013-05-27,unweighted,4336,0,2.8812636865026295,3.212421805609722,1.7109582427968435,0.8898471431013432,,0.27977012557837416,
2013-05-27,1_over_t,4336,0,2.450022147104562,2.722088014511293,1.995066243246645,0.8256976900697294,,0.3077157633851991,
2013-06-03,log_density,4329,0,2.6133916701012208,2.897867673660624,1.9205361344733056,0.8748782849233435,,0.28726884091555505,
2013-06-03,unweighted,4329,0,2.883272418498219,3.2067362901817376,1.7128395520900057,0.8915194073385089,,0.27745348870506625,
2013-06-03,1_over_t,4329,0,2.460866672523075,2.741738857492507,1.9908861017862305,0.8295895528031194,,0.3045019298040583,
2013-06-10,log_density,4322,0,2.6230585420174357,2.8710169384068323,1.9162955953389604,0.8782626255471369,,0.2843163556008852,
2013-06-10,unweighted,4322,0,2.8857037842614344,3.18777174270722,1.7143651788605978,0.8933485655219592,,0.27493738692341924,
2013-06-10,1_over_t,4322,0,2.472997017477357,2.7317542856951924,1.985795818630809,0.8340557813888461,,0.30100886771734925,
2013-06-17,log_density,4315,0,2.6320049216861454,2.857424377612624,1.9126323941643628,0.8812768193245984,,0.28157531159856297,
2013-06-17,unweighted,4315,0,2.8875120487915336,3.182479979725624,1.7164415923634782,0.8949842657855659,,0.27262601662154806,
2013-06-17,1_over_t,4315,0,2.4838145052943266,2.7151976694658657,1.9817163679951293,0.8379460620834485,,0.29779595162001077,
2013-06-24,log_density,4308,0,2.6410321449549077,2.85449758616012,1.9088686939702286,0.8843014734132807,,0.278803783615242,
2013-06-24,unweighted,4308,0,2.8893176774813543,3.1939643136868803,1.7185302640900597,0.8966331875968214,,0.27028182237165904,
2013-06-24,1_over_t,4308,0,2.49484739509586,2.6997001951238637,1.9775161883793975,0.8419322638269715,,0.2945360135137843,
2013-07-01,log_density,4301,0,2.6501265900241306,2.8660101297886165,1.9050636369628333,0.8873736784260479,,0.27599503336789105,
2013-07-01,unweighted,4301,0,2.8911383602514995,3.1762306884959592,1.7206158875952509,0.8983025046286279,,0.2678952486881453,
2013-07-01,1_over_t,4301,0,2.506144500193592,2.7052446073554073,1.9731600793602804,0.8460406975983656,,0.2912176700709916,
2013-07-08,log_density,4294,0,2.660253301587699,2.8506966355488714,1.9004374028620323,0.8907563473189464,,0.2729550014910359,
2013-07-08,unweighted,4294,0,2.8933784908961053,3.17730048634494,1.7223494153395025,0.9001269349325509,,0.26530371980250483,
2013-07-08,1_over_t,4294,0,2.5187427481293754,2.6947444341803077,1.9678879132848714,0.8507270399141438,,0.28761928170144213,
2013-07-15,log_density,4287,0,2.670214289958589,2.9037493041764044,1.8960130522750434,0.8941339345240411,,0.26993357734734263,
2013-07-15,unweighted,4287,0,2.8954953780229147,3.158239285351833,1.7242005109501788,0.9019264942549777,,0.26271927896125025,
2013-07-15,1_over_t,4287,0,2.531306829618817,2.705614141719458,1.96268656117381,0.8554050587871377,,0.28403035491064865,
2013-07-22,log_density,4280,0,2.6802582094117064,2.892197920468579,1.8915374469170263,0.8975330128741051,,0.2668791988327302,
2013-07-22,unweighted,4280,0,2.8975963517699665,3.1517525950687144,1.7260763389440188,0.9037374846191742,,0.26009780077407596,
2013-07-22,1_over_t,4280,0,2.5441122916745376,2.721009041478272,1.9573540934961544,0.8601980402539332,,0.28039222666624863,
2013-07-29,log_density,4273,0,2.6898283427330596,2.893273866064522,1.887490801648308,0.9007989629509426,,0.26391444156928406,
2013-07-29,unweighted,4273,0,2.8994140838353775,3.1282779556980973,1.7282074921364066,0.9054722570233376,,0.2575465520528969,
2013-07-29,1_over_t,4273,0,2.556503056960113,2.666820874011192,1.9523742564180542,0.8648204304496134,,0.276848848137432,
2013-08-05,log_density,4266,0,2.699167973312136,2.9643011072591854,1.8836694593905645,0.9040025717220923,,0.260990440261784,
2013-08-05,unweighted,4266,0,2.9010548882954916,3.1236771154462417,1.7305015499919076,0.9071659738015321,,0.25502409277885235,
2013-08-05,1_over_t,4266,0,2.568736471397445,2.7352622962241107,1.9475563369203701,0.8693851023923603,,0.2733456539376834,
2013-08-12,log_density,4259,0,2.7086203111310017,2.9584765868317042,1.8797787161876665,0.9072444101886306,,0.2580296685128378,
2013-08-12,unweighted,4259,0,2.9026891023096724,3.1162163009122317,1.7328114982615077,0.9088746399723052,,0.2524610378952123,
2013-08-12,1_over_t,4259,0,2.5812455196905053,2.7560021929847203,1.9425830977462226,0.8740803330423793,,0.2697910439316246,
2013-08-19,log_density,4252,0,2.7165349448970604,2.958492118114057,1.877203892166964,0.9099504217538288,,0.25545827262899756,
2013-08-19,unweighted,4252,0,2.9033080464278607,3.098608833780739,1.7360054913148473,0.910281208181297,,0.2502556729195508,
2013-08-19,1_over_t,4252,0,2.5915241907184683,2.7354604569408565,1.9392942042227839,0.8778678519540368,,0.2667146145680477,
2013-08-26,log_density,4245,0,2.7247949880265874,2.9404044211084646,1.8744515789679488,0.9127266307778779,,0.25284361287992513,
2013-08-26,unweighted,4245,0,2.9039302260143613,3.093212368121087,1.7392046815483144,0.9117034109093909,,0.2480152943241601,
2013-08-26,1_over_t,4245,0,2.6020641606129824,2.8014829349351373,1.935853960807971,0.8817712472227032,,0.2635942300964356,
2013-09-02,log_density,4238,0,2.732862047842833,2.9470795683656945,1.8719041163119692,0.9154926762004204,,0.2502574134534332,
2013-09-02,unweighted,4238,0,2.904419091970695,3.0894028442270134,1.7425266470711906,0.9131011721968124,,0.2457896839023045,
2013-09-02,1_over_t,4238,0,2.612543501345987,2.791881898567418,1.9325006517646042,0.885667246688164,,0.26049696802734335,
2013-09-09,log_density,4231,0,2.7403327121350887,2.9337233416049244,1.8699209114793256,0.9181482564270039,,0.24778157912885496,
2013-09-09,unweighted,4231,0,2.9045883840589193,3.0767696760905334,1.746130967023369,0.914418318979072,,0.24365126808814133,
2013-09-09,1_over_t,4231,0,2.6224971290115953,2.790438444078063,1.929574436829604,0.8893721723616498,,0.2575192739957486,
2013-09-16,log_density,4224,0,2.7477440204179793,2.953242918951503,1.8679967697421809,0.920793659632628,,0.24531074986317772,
2013-09-16,unweighted,4224,0,2.904680385107641,3.0465754336003616,1.7498089039143985,0.9157280866487186,,0.24150795567517624,
2013-09-16,1_over_t,4224,0,2.6325251898892272,2.7888116747372464,1.9266348979438805,0.8931237631218591,,0.2545400321124086,
2013-09-23,log_density,4217,0,2.753506914534853,2.948627301872518,1.8674666541835672,0.9229731306536345,,0.24320535873754048,
2013-09-23,unweighted,4217,0,2.903791672694999,3.050741639105384,1.754335248443197,0.9167710684460004,,0.23969303544587678,
2013-09-23,1_over_t,4217,0,2.6403880700840427,2.7697217369194167,1.9253207296335717,0.8960864832631814,,0.25199995869593667,
2013-09-30,log_density,4210,0,2.758679725712546,2.9300995212545615,1.867532263076933,0.925031592216894,,0.241216560395119,
2013-09-30,unweighted,4210,0,2.902554819002453,3.0471440221892223,1.7591650455850723,0.9177306066044197,,0.2379759452513288,
2013-09-30,1_over_t,4210,0,2.647615216123336,2.785249247897168,1.9245056167364665,0.8988383659765959,,0.24959410134315915,
2013-10-07,log_density,4203,0,2.762063017862941,2.941878538783687,1.8690908780785684,0.9266147261834767,,0.2395966891444276,
2013-10-07,unweighted,4203,0,2.900262133096034,3.0469328007059033,1.7649035945547593,0.9184229750070675,,0.2365910235425732,
2013-10-07,1_over_t,4203,0,2.6524391305762296,2.7653091287012614,1.9254783751366402,0.9007959162765388,,0.24763810017112606,
2013-10-14,log_density,4196,0,2.766034300104169,2.956632687560216,1.870213601314348,0.928343830705893,,0.2378776499551048,
2013-10-14,unweighted,4196,0,2.8982072621493753,3.0757816510117237,1.770440332350944,0.9191861077569188,,0.2351126793301756,
2013-10-14,1_over_t,4196,0,2.658011428191041,2.7797378979051857,1.9259275226295451,0.9030089959331482,,0.2455601213111344,
2013-10-21,log_density,4189,0,2.770583767343334,2.937041067111359,1.8708889851559998,0.930297441496696,,0.2360063578311493,
2013-10-21,unweighted,4189,0,2.8965539092015495,3.0622574100193916,1.7756363278725,0.9200668840419995,,0.2334785575950377,
2013-10-21,1_over_t,4189,0,2.664779425671213,2.776380334321111,1.9255326291463661,0.9056415275884399,,0.24327951769417186,
2013-10-28,log_density,4182,0,2.7742240939604756,2.9323937144509475,1.8722459161835707,0.9320267840079817,,0.23431773381103965,
2013-10-28,unweighted,4182,0,2.894355948580954,3.057205671116467,1.7813014367760716,0.9208173115830217,,0.2320053179452007,
2013-10-28,1_over_t,4182,0,2.6704190558354735,2.7949429581385274,1.9259924790759655,0.9079152470659769,,0.24121692053013025,
2013-11-04,log_density,4175,0,2.7770417903528064,2.914968058525318,1.8743152379994712,0.9335167277013519,,0.23282866688572107,
2013-11-04,unweighted,4175,0,2.891527989714589,3.0293533701887405,1.7875070534850301,0.9214189237514249,,0.23071766747772396,
2013-11-04,1_over_t,4175,0,2.674694965347708,2.781499062565292,1.9274739141949229,0.909766843159906,,0.23940549114564977,
2013-11-11,log_density,4168,0,2.780687892084438,2.9061667352824703,1.875746158201944,0.9351337209548299,,0.23122509540015818,
2013-11-11,unweighted,4168,0,2.8889734326858094,3.0376590494195455,1.793480165633252,0.9220995277806939,,0.2293256556612687,
2013-11-11,1_over_t,4168,0,2.6798175956493093,2.7884453130493014,1.928361906678163,0.9119041884549425,,0.2374617109469729,
2013-11-18,log_density,4161,0,2.786110086142145,2.889293801926991,1.8756823373626967,0.9371285942774442,,0.22929093418561183,
2013-11-18,unweighted,4161,0,2.8872854768732426,3.0154858816373746,1.7987157893974897,0.9230179645930556,,0.22762068318628167,
2013-11-18,1_over_t,4161,0,2.68729268206063,2.7716594876345226,1.9275662754849936,0.9148452864102682,,0.2351195384405397,
2013-11-25,log_density,4154,0,2.7905796980792603,2.8847533030120314,1.8764409101835222,0.938902409193719,,0.22755765666300587,
2013-11-25,unweighted,4154,0,2.8850050182848874,3.0353598545155975,1.8044601019509934,0.9237948287112868,,0.22609311720184597,
2013-11-25,1_over_t,4154,0,2.6935514590391647,2.771207653384309,1.9276909120476746,0.9174016185802268,,0.23301510512689336,
2013-12-02,log_density,4147,0,2.7950743495161983,2.8705751778678597,1.8771725343791272,0.9407639114810993,,0.2257880259062625,
2013-12-02,unweighted,4147,0,2.882809763123432,3.0275217784643402,1.8101342115540189,0.9246063381958867,,0.22451466529525824,
2013-12-02,1_over_t,4147,0,2.700254854364593,2.7614009235686225,1.9275248395900066,0.9201274117185588,,0.23085562174188387,
2013-12-09,log_density,4140,0,2.79937560922502,2.8684973160769616,1.8780127337142671,0.9426059043105268,,0.22405103670008616,
2013-12-09,unweighted,4140,0,2.8804861211948998,3.027427040155274,1.8159202973148778,0.9253986924008832,,0.22295501502547369,
2013-12-09,1_over_t,4140,0,2.70689255922307,2.744910064524243,1.9274413648659539,0.9228589299534244,,0.22873164611807836,
2013-12-16,log_density,4133,0,2.8029555546905476,2.8985773203031897,1.8794286588672704,0.9442593374508373,,0.22247197610743166,
2013-12-16,unweighted,4133,0,2.8776665517353925,3.004455451988587,1.8221306543085551,0.9260793751831747,,0.22153598962604604,
2013-12-16,1_over_t,4133,0,2.712556589400084,2.7355354233103135,1.9280993588722575,0.9253046291153287,,0.22679742163934025,
2013-12-23,log_density,4126,0,2.80557343510374,2.9025472799607286,1.88167663969431,0.9456753447100721,,0.22109264228114126,
2013-12-23,unweighted,4126,0,2.8742123415965843,3.0023935049588317,1.8288817977530274,0.9266180992788079,,0.2202977085799947,
2013-12-23,1_over_t,4126,0,2.7168862451355325,2.713012075457007,1.9297566987905912,0.927366575546896,,0.22510306539303784,
2013-12-30,log_density,4119,0,2.8078938312781854,2.8908214575981965,1.8842312164213213,0.9470756880321377,,0.2197633151194588,
2013-12-30,unweighted,4119,0,2.8705833091519604,3.005455727366547,1.8357814430073223,0.9271266332324077,,0.2190955254266845,
2013-12-30,1_over_t,4119,0,2.720999956890404,2.7064292503174805,1.9315984216251911,0.9293905871596854,,0.2234645605079751,
2014-01-06,log_density,4112,0,2.809047690011545,2.901799611430093,1.8877265745683378,0.9482671833982379,,0.21862755342826357,
2014-01-06,unweighted,4112,0,2.866301391999648,2.9888988013889133,1.8432350250975522,0.9274981951666442,,0.21806657659516315,
2014-01-06,1_over_t,4112,0,2.7237202628343145,2.688068197727091,1.9344773604700896,0.931048392301614,,0.2220555293363352,
2014-01-13,log_density,4105,0,2.8091356015035953,2.9100636165828604,1.892059186754393,0.9492584637380441,,0.2176610524383572,
2014-01-13,unweighted,4105,0,2.861431276165729,2.9777613710479045,1.8511857147598767,0.9277492113721046,,0.2171896382600725,
2014-01-13,1_over_t,4105,0,2.725174930517415,2.700144361749773,1.9382949810119037,0.9323838960548098,,0.2208475059194758,
2014-01-20,log_density,4098,0,2.805478805681087,2.913836355518839,1.899425671596855,0.949494103655305,,0.21727080892158304,
2014-01-20,unweighted,4098,0,2.854269922973987,2.972969123682997,1.861075459769038,0.9275559416553107,,0.21685829869140577,
2014-01-20,1_over_t,4098,0,2.7211312902086373,2.719635797058899,1.9461076245677595,0.932429421537274,,0.22035499834464412,
2014-01-27,log_density,4091,0,2.8030843615311016,2.913827123344305,1.9058473362099155,0.9500656264166223,,0.2166348615967767,
2014-01-27,unweighted,4091,0,2.8481966449869676,2.954485109411266,1.8700349032039119,0.9275674939222743,,0.2162783355187227,
2014-01-27,1_over_t,4091,0,2.7198035447614815,2.736018925993001,1.9519540017208232,0.9330897851745539,,0.21953858144591298,
2014-02-03,log_density,4084,0,2.8002858247415863,2.9234386610314473,1.9125455634247792,0.9505265433598953,,0.21609262112993965,
2014-02-03,unweighted,4084,0,2.8417241837684273,2.954288810158797,1.8793265965588553,0.9275044581789208,,0.2157880962877199,
2014-02-03,1_over_t,4084,0,2.7176074189738313,2.767672503941945,1.9584375264574916,0.9335559346234807,,0.21884119703153013,
2014-02-10,log_density,4077,0,2.7968901302994187,2.9140230315877176,1.9196891270019134,0.9508644713499532,,0.21565829293654346,
2014-02-10,unweighted,4077,0,2.8347758909851404,2.9381383314639145,1.8890139804115997,0.9273546102935132,,0.2154001972936269,
2014-02-10,1_over_t,4077,0,2.714323605514657,2.747671848271821,1.9657115289949927,0.9337873200716895,,0.21828017387779106,
2014-02-17,log_density,4070,0,2.7936887303828017,2.915045425273121,1.9265453210231263,0.9512771701731496,,0.21516949485564058,
2014-02-17,unweighted,4070,0,2.828083470768584,2.9255120256914857,1.8984770589378515,0.9272527477565222,,0.21495400021348057,
2014-02-17,1_over_t,4070,0,2.7117272439406572,2.7815703139740204,1.9724902528037902,0.9341756156419058,,0.2176465265317156,
2014-02-24,log_density,4063,0,2.790372356708743,2.909021749873993,1.9335155501355208,0.9517323504638916,,0.21466787522009517,
2014-02-24,unweighted,4063,0,2.8214675225295345,2.9133538619064705,1.9078683026409293,0.9271662817897854,,0.2144884221415641,
2014-02-24,1_over_t,4063,0,2.7094031121566946,2.811545001581358,1.979077225903707,0.9346307276234084,,0.21699101107039917,
2014-03-03,log_density,4056,0,2.786957651371958,2.892671967346729,1.9405601246621365,0.9522869055560468,,0.21411476583820838,
2014-03-03,unweighted,4056,0,2.8150941377185474,2.909717531498721,1.917047526116014,0.9271282336819335,,0.21396405086213593,
2014-03-03,1_over_t,4056,0,2.7077569987637857,2.7721141457140117,1.985180074182469,0.935251828083605,,0.21626535247977102,
2014-03-10,log_density,4049,0,2.7840410630451813,2.884416133884738,1.9471867950171533,0.9530803931586223,,0.21341160388583127,
2014-03-10,unweighted,4049,0,2.8093622231121866,2.884322729053393,1.9256791159224371,0.9272188360738608,,0.21328509267039122,
2014-03-10,1_over_t,4049,0,2.7077960355401385,2.7749685602999037,1.9900776179569217,0.9362868081392789,,0.21535221041217728,
2014-03-17,log_density,4042,0,2.7814746339977616,2.86208128222726,1.9535597018029685,0.9540001569850587,,0.21264404131997916,
2014-03-17,unweighted,4042,0,2.8038698924502783,2.891035315639833,1.934103707426726,0.9273637640421605,,0.21253945543535618,
2014-03-17,1_over_t,4042,0,2.7085729292378904,2.7803424259841307,1.9944589177755578,0.9375262672141945,,0.21436581255658393,
2014-03-24,log_density,4035,0,2.7778321650453486,2.8551268688425875,1.9608643970661837,0.9546562237115033,,0.21207492879446932,
2014-03-24,unweighted,4035,0,2.7975221947320614,2.871160598591004,1.9432443482819652,0.9273453688800243,,0.21198724048648326,
2014-03-24,1_over_t,4035,0,2.7074196002489765,2.776570066617305,2.000246424261061,0.9383207024292808,,0.21362408051640305,
2014-03-31,log_density,4028,0,2.7730770993586495,2.8313902679339797,1.969074670456944,0.9551415106456415,,0.21163297833434974,
2014-03-31,unweighted,4028,0,2.790592589073498,2.8711532875480685,1.952868353831003,0.9272217270996027,,0.21155604509080841,
2014-03-31,1_over_t,4028,0,2.7049667430999675,2.7602051066916413,2.0069789075115576,0.9388386602500184,,0.21303704489556916,
2014-04-07,log_density,4021,0,2.768459192380915,2.8265461348935297,1.9771586037364952,0.9556277327364873,,0.2111893022737596,
2014-04-07,unweighted,4021,0,2.783657391689861,2.846417158627851,1.962489230647424,0.9270987793980726,,0.2111223529641315,
2014-04-07,1_over_t,4021,0,2.702599983953936,2.7592459146884956,2.0136556518061277,0.9393880995054298,,0.2124520689002581,
2014-04-14,log_density,4014,0,2.7631112651298078,2.8139234518291225,1.9857727973365373,0.9559330281873608,,0.21085487888443144,
2014-04-14,unweighted,4014,0,2.7761564624841073,2.8387703533647812,1.972577962770343,0.9268784579735588,,0.21079622371758586,
2014-04-14,1_over_t,4014,0,2.698960231050014,2.7447305467226766,2.021253951967083,0.9396856007472295,,0.21200382781658197,
2014-04-21,log_density,4007,0,2.7572083081850365,2.8072497628720576,1.9948346100693461,0.9561001140526857,,0.2106212849280498,
2014-04-21,unweighted,4007,0,2.768112310006816,2.826184602135676,1.9831138024839954,0.9265658412311758,,0.21056940324345674,
2014-04-21,1_over_t,4007,0,2.69406708652791,2.735082673166655,2.029753469009396,0.9397406970268602,,0.21168121426176073,
2014-04-28,log_density,4000,0,2.751386749066479,2.7954316813080062,2.003793294845023,0.9562594018324844,,0.21039117309822924,
2014-04-28,unweighted,4000,0,2.76004384147808,2.8245496386892714,1.9936597350570597,0.9262478048979594,,0.2103453839973983,
2014-04-28,1_over_t,4000,0,2.6891710127822734,2.723028022446824,2.0382533361472612,0.9398010492130762,,0.2113646765326956,
2014-05-05,log_density,3993,0,2.745824130505434,2.7964406203285463,2.0125297502051915,0.9564330722876484,,0.21015162435580664,
2014-05-05,unweighted,3993,0,2.7520358151712174,2.796244647897785,2.0041444531783124,0.9259371740554394,,0.21011087237623244,
2014-05-05,1_over_t,3993,0,2.684473769156486,2.7087953150673645,2.04660828949516,0.9399022381295111,,0.21103788306247734,
2014-05-12,log_density,3986,0,2.740058024798268,2.7812737548102433,2.0214466242760563,0.9566240898172064,,0.2099130482673444,
2014-05-12,unweighted,3986,0,2.7440345333080787,2.7969359431680374,2.0146132198232487,0.9256258913811167,,0.20987425533639814,
2014-05-12,1_over_t,3986,0,2.679854804836906,2.7027429687960716,2.0549061662802828,0.9400239620136824,,0.2107114561801418,
2014-05-19,log_density,3979,0,2.734005880210996,2.7684806595776337,2.0305063756209907,0.9567699062047242,,0.20970576872432495,
2014-05-19,unweighted,3979,0,2.735843743460482,2.779642031199984,2.025230463916072,0.9252822437651279,,0.20966859336912705,
2014-05-19,1_over_t,3979,0,2.674840930702568,2.7090035341838785,2.063486352362499,0.9400771025794475,,0.2104254413889928,
2014-05-26,log_density,3972,0,2.727643814699217,2.754259580489986,2.0398139642444915,0.9568850179976626,,0.20952435752925447,
2014-05-26,unweighted,3972,0,2.7275051364257745,2.7667876313388398,2.0359606420381686,0.924912373062129,,0.20948698881720354,
2014-05-26,1_over_t,3972,0,2.669522624817862,2.6988081203598195,2.072282128298603,0.940077403134135,,0.2101710848564064,
2014-06-02,log_density,3965,0,2.7210351824008465,2.741755770121326,2.0493288306481103,0.9569399593359158,,0.20938829148893393,
2014-06-02,unweighted,3965,0,2.7188830868673213,2.7786205536650286,2.0469168301080733,0.9244956600891765,,0.20934922878041395,
2014-06-02,1_over_t,3965,0,2.6635689432737264,2.6821258198715032,2.0815294371742166,0.9399673106373909,,0.2099719343072684,
2014-06-09,log_density,3958,0,2.713841053743707,2.7332394398719613,2.059336921284959,0.9569065645212528,,0.20931031109846163,
2014-06-09,unweighted,3958,0,2.7098883274030676,2.764692458962955,2.058172676831973,0.9240182084855919,,0.2092677861488449,
2014-06-09,1_over_t,3958,0,2.656744284456393,2.665538014363534,2.0913933478319504,0.9397052090429211,,0.20984247660306485,
2014-06-16,log_density,3951,0,2.7067265453273817,2.7154661242265608,2.0693626418955264,0.9568555299598739,,0.20922804645480514,
2014-06-16,unweighted,3951,0,2.7009536926486186,2.7505044213409953,2.0693656169507153,0.9235443723668677,,0.20917899979498228,
2014-06-16,1_over_t,3951,0,2.6500855695761607,2.650006357761052,2.101130296627491,0.9394683391673865,,0.20970545510646957,
2014-06-23,log_density,3944,0,2.7001496003640155,2.7048886572623623,2.0790624517324017,0.9568573509064618,,0.20910697063245012,
2014-06-23,unweighted,3944,0,2.692318215801161,2.7379105429278106,2.080296416782534,0.9231111655757634,,0.2090471125994138,
2014-06-23,1_over_t,3944,0,2.6441834957059416,2.6408695773538753,2.110320233574358,0.9393626605648845,,0.20951861766198013,
2014-06-30,log_density,3937,0,2.6936120804291286,2.6960573955787375,2.088792521134839,0.9568419157200478,,0.20900452253202395,
2014-06-30,unweighted,3937,0,2.6835837679970114,2.7303420823595683,2.0912978018968342,0.9226586500939797,,0.2089301578159756,
2014-06-30,1_over_t,3937,0,2.638080513040049,2.6252442159876663,2.1196481538655036,0.9392226801069825,,0.20935157832726636,
2014-07-07,log_density,3930,0,2.687549000511582,2.7075759860031425,2.0982016127655934,0.9568762377093337,,0.2088680383853804,
2014-07-07,unweighted,3930,0,2.675112906948129,2.745890523924654,2.10206745151755,0.9222428086102762,,0.20877443038230578,
2014-07-07,1_over_t,3930,0,2.6326601213231084,2.6145281407247385,2.12848459801428,0.9392067716715934,,0.20914142653271228,
2014-07-14,log_density,3923,0,2.682421051965817,2.7000895548092103,2.1068608823556167,0.9570788812943503,,0.2086458383318744,
2014-07-14,unweighted,3923,0,2.6672062358977606,2.724319136677728,2.1123557544531657,0.9219163641628818,,0.2085281746789979,
2014-07-14,1_over_t,3923,0,2.6286655994104957,2.6017715302498132,2.1363030500470748,0.9394708573543702,,0.20883105937722007,
2014-07-21,log_density,3916,0,2.6766443689058144,2.7103034010180913,2.1158439762065537,0.9572302168812732,,0.20846594488462122,
2014-07-21,unweighted,3916,0,2.6590024074248153,2.71094181274664,2.1228812353020143,0.9215392859895541,,0.20832797670346678,
2014-07-21,1_over_t,3916,0,2.624048713192894,2.5836716185360835,2.144567878113539,0.9396236299716032,,0.20857737960038883,
2014-07-28,log_density,3909,0,2.6709316621131167,2.7110403123194473,2.1247045743097166,0.9573866401610848,,0.20828147462397892,
2014-07-28,unweighted,3909,0,2.650826194655744,2.713064415504121,2.1333727695046085,0.9211642665793707,,0.20812254595368598,
2014-07-28,1_over_t,3909,0,2.6195759480999405,2.562281481308389,2.1527305707307955,0.939812526254541,,0.20832216433005435,
2014-08-04,log_density,3902,0,2.664844925004992,2.6921350150889687,2.133753715012183,0.9573959267710485,,0.20811924486266123,
2014-08-04,unweighted,3902,0,2.642478121710861,2.7084548234037324,2.1439963279504957,0.9207595463084756,,0.20794153356665565,
2014-08-04,1_over_t,3902,0,2.614778264782007,2.5584577839559124,2.16112622776232,0.939950641045291,,0.20809857520644942,
2014-08-11,log_density,3895,0,2.6584410137879564,2.679625269235258,2.1432207663496703,0.9573236111361425,,0.2080311785139966,
2014-08-11,unweighted,3895,0,2.633650361488133,2.6721293120772316,2.15500691793848,0.9202776680055986,,0.20782710734670945,
2014-08-11,1_over_t,3895,0,2.6089039247375827,2.5779002280827257,2.1702872584592616,0.9399040692563266,,0.20795253262011118,
2014-08-18,log_density,3888,0,2.6512527055141755,2.678392511381782,2.1533663204906506,0.9570960922500726,,0.20800501393036686,
2014-08-18,unweighted,3888,0,2.624358058479487,2.6822846288583193,2.1663904755688286,0.9197221696608422,,0.2077732096199277,
2014-08-18,1_over_t,3888,0,2.601965463153819,2.5852276416794773,2.1802000995086033,0.9396806355645091,,0.20787590242272613,
2014-08-25,log_density,3881,0,2.6416332654334402,2.663774962690706,2.1655339819649204,0.9566334922062312,,0.20810986747117272,
2014-08-25,unweighted,3881,0,2.6137794708011213,2.669935130640045,2.1788268395052315,0.918990436927888,,0.20785545939768163,
2014-08-25,1_over_t,3881,0,2.5919551422250544,2.5573278073158736,2.1922841963149566,0.9390069582759358,,0.20795274978072484,
2014-09-01,log_density,3874,0,2.6316240148347734,2.6599345089126807,2.1780108637793645,0.956135657808657,,0.20823330338250515,
2014-09-01,unweighted,3874,0,2.6030364586684325,2.6601919327170265,2.1913827584534142,0.9182268825204907,,0.20795657339247636,
2014-09-01,1_over_t,3874,0,2.581514398279475,2.5886641283593104,2.2046544984970278,0.9382613018804166,,0.2080508992096721,
2014-09-08,log_density,3867,0,2.621216683284583,2.646729706997064,2.19100953423817,0.9555691278131452,,0.20836352193159732,
2014-09-08,unweighted,3867,0,2.592335520373675,2.663152207004714,2.203886795495713,0.9174562340469794,,0.2080580331886327,
2014-09-08,1_over_t,3867,0,2.5711334975825673,2.570004525218909,2.2169621139052396,0.9375071810662082,,0.20814929345358285,
2014-09-15,log_density,3860,0,2.6108711854214337,2.6478492562730978,2.2039350292695876,0.955008605146637,,0.20850924282334365,
2014-09-15,unweighted,3860,0,2.5815212337650917,2.6542054815469385,2.216467734511245,0.9166603672825344,,0.20817193493808359,
2014-09-15,1_over_t,3860,0,2.5604456019910398,2.5670255798225305,2.2294676965706213,0.9366992794342179,,0.20826180869036018,
2014-09-22,log_density,3853,0,2.6000174075103213,2.627889672769612,2.217256900830688,0.9543633614778182,,0.20868804791830706,
2014-09-22,unweighted,3853,0,2.5703289747955442,2.6402780630375737,2.229343762093209,0.9158082818414164,,0.20831787145699268,
2014-09-22,1_over_t,3853,0,2.548797798210056,2.552794264231771,2.242630734459163,0.9357575655925152,,0.20841130411630468,
2014-09-29,log_density,3846,0,2.588960011383214,2.6443698304439334,2.2307266869399562,0.953635832365465,,0.20887672802199828,
2014-09-29,unweighted,3846,0,2.5590819426920177,2.6419616070135703,2.242246785209874,0.9149354051158354,,0.20847246953153478,
2014-09-29,1_over_t,3846,0,2.5369476994254194,2.5358227711083803,2.255911709893146,0.934768427236091,,0.20857082240901675,
2014-10-06,log_density,3839,0,2.577891891880714,2.631024199208202,2.244315854022457,0.9527731104490241,,0.2090827510598615,
2014-10-06,unweighted,3839,0,2.5477849001274477,2.6308132991750455,2.2551726885143695,0.914041917204134,,0.20863524698986674,
2014-10-06,1_over_t,3839,0,2.524902419478029,2.5237235111069047,2.269304755177244,0.9337315405053195,,0.2087399553780307,
2014-10-13,log_density,3832,0,2.566736213398913,2.629709330454105,2.2580752510158795,0.9516627934098609,,0.20930138448539087,
2014-10-13,unweighted,3832,0,2.5365159857869393,2.6061080343472582,2.2680568302636623,0.9131358313483798,,0.20880147313543757,
2014-10-13,1_over_t,3832,0,2.512843959547896,2.524273815313964,2.2826803909962092,0.932665183553726,,0.20891311588724462,
2014-10-20,log_density,3825,0,2.555929148678562,2.6319228780586457,2.271553075495605,0.9504137219071849,,0.20951008212845762,
2014-10-20,unweighted,3825,0,2.525568913166536,2.6050829316817072,2.280657178370942,0.9122502673474642,,0.20895199753007215,
2014-10-20,1_over_t,3825,0,2.5014747548112477,2.519652245313466,2.2955427214268735,0.9316496877733427,,0.20906727228330568,
2014-10-27,log_density,3818,0,2.5461268599281626,2.62492640049971,2.2840960510279387,0.9493177041550762,,0.20969783414910736,
2014-10-27,unweighted,3818,0,2.5149911372577414,2.595849220732809,2.292935597128605,0.9113940428362792,,0.20908058627861173,
2014-10-27,1_over_t,3818,0,2.4909233573237586,2.521680904935062,2.3078040033521607,0.9307101918873293,,0.20919526434841554,
2014-11-03,log_density,3811,0,2.5378909585259435,2.6088958747777014,2.295290487003518,0.9484707512502537,,0.20979576389405177,
2014-11-03,unweighted,3811,0,2.505471217749869,2.5779941746641697,2.304326591101312,0.9106679342261885,,0.20911675630969134,
2014-11-03,1_over_t,3811,0,2.4828584437897945,2.5077882409073116,2.3182920620365994,0.930116751362002,,0.20921777065242758,
2014-11-10,log_density,3804,0,2.5315583926655942,2.6046686514623563,2.3049376695757826,0.9478413618061443,,0.20975466807979962,
2014-11-10,unweighted,3804,0,2.497225821208226,2.5702609029332137,2.3146555698276994,0.9101329521262347,,0.2090054625530453,
2014-11-10,1_over_t,3804,0,2.4778738608345727,2.49941555849845,2.3266017323287245,0.9300656719054897,,0.2090793594636998,
2014-11-17,log_density,3797,0,2.522586679684313,2.5895826837989,2.316375327758878,0.9469455155135296,,0.20985534657906924,
2014-11-17,unweighted,3797,0,2.487478118818901,2.5664896419251626,2.326206963620937,0.90935819006049,,0.209066138679336,
2014-11-17,1_over_t,3797,0,2.469348768133819,2.507362920980885,2.337399614928627,0.9293900535738253,,0.2091308037811787,
2014-11-24,log_density,3790,0,2.5132061067306144,2.585378834399208,2.327914322313531,0.9461396417222294,,0.2099644534549236,
2014-11-24,unweighted,3790,0,2.4774743828744277,2.5563170994739863,2.337953439083888,0.9085376736059985,,0.20915173583917152,
2014-11-24,1_over_t,3790,0,2.460207523810078,2.5016276037916736,2.3486168571434085,0.928610003469811,,0.2092101974287507,
2014-12-01,log_density,3783,0,2.5044409169192132,2.574924758577346,2.338919476616377,0.945484649922928,,0.210027604355327,
2014-12-01,unweighted,3783,0,2.4679976841185325,2.534310666022634,2.349251731076137,0.9077799958589219,,0.20919150834273287,
2014-12-01,1_over_t,3783,0,2.4523051709784864,2.484778352347444,2.3589470030445825,0.9280078843442611,,0.20923963496503475,
2014-12-08,log_density,3776,0,2.4962649849204666,2.5592642047010905,2.3493050831143387,0.9450129309789898,,0.2100521765025356,
2014-12-08,unweighted,3776,0,2.458848742888682,2.5345855869491363,2.360266866453397,0.9070613519349188,,0.20920037560031374,
2014-12-08,1_over_t,3776,0,2.445198650307456,2.473063085880515,2.368707084559692,0.9275288992316717,,0.20923665274951428,
2014-12-15,log_density,3769,0,2.4897035639318488,2.55879130752147,2.3583310175316208,0.9448574056803345,,0.2099643633450479,
2014-12-15,unweighted,3769,0,2.4507038495971227,2.5172169058018987,2.3704460157632075,0.9064975992673867,,0.20909460194833396,
2014-12-15,1_over_t,3769,0,2.440527732843925,2.466764784170831,2.3767508223242655,0.9274984959464597,,0.20911466140347565,
2014-12-22,log_density,3762,0,2.483352977534097,2.535340378152892,2.3672554163856385,0.9446823356803125,,0.20985456928039453,
2014-12-22,unweighted,3762,0,2.4427704355245927,2.511220602557467,2.3804408317646755,0.9059671457998564,,0.20895976845610365,
2014-12-22,1_over_t,3762,0,2.4364547245055683,2.460709655589742,2.384377049436611,0.927599216141668,,0.20896741147962128,
2014-12-29,log_density,3755,0,2.4765467281609688,2.525466596211798,2.3766270655361925,0.944373522843214,,0.20980531414115147,
2014-12-29,unweighted,3755,0,2.434392413821084,2.4933345382934675,2.39078831278544,0.9053567863518354,,0.20887850461942645,
2014-12-29,1_over_t,3755,0,2.4314225963111253,2.4452462886812327,2.3926785046216863,0.9275189720211287,,0.20888014053723675,
2015-01-05,log_density,3748,0,2.4693537132882746,2.5082876311031956,2.3863317956680685,0.943980741319262,,0.20978650636177146,
2015-01-05,unweighted,3748,0,2.425770334642842,2.4835433102672937,2.4013231616631923,0.904699668746266,,0.2088258241628042,
2015-01-05,1_over_t,3748,0,2.425888852851042,2.440362936884611,2.4013307469155585,0.9273462605956769,,0.20882584720436984,
2015-01-12,log_density,3741,0,2.462428185418227,2.4936745133991742,2.395721959203204,0.9436951942573504,,0.20974559590328798,
2015-01-12,unweighted,3741,0,2.4172941941764026,2.472266612906438,2.4117262945342905,0.9040607676915468,,0.20875598662873246,
2015-01-12,1_over_t,3741,0,2.420779775167559,2.4252138009944613,2.4096844652884193,0.9272606453955737,,0.20875855005653174,
2015-01-19,log_density,3734,0,2.4538063545266056,2.4846021224952395,2.406352365742709,0.9432628021696525,,0.20979670495606167,
2015-01-19,unweighted,3734,0,2.4077102067926583,2.466935236736729,2.423021042342942,0.9032458979746958,,0.20879301920039553,
2015-01-19,1_over_t,3734,0,2.4131223478501087,2.4095366635442286,2.4198202248891794,0.9267399168949613,,0.20879907894617583,
2015-01-26,log_density,3727,0,2.4445015570476665,2.4765678875316013,2.4173818794953053,0.9427803271210142,,0.2098526592600132,
2015-01-26,unweighted,3727,0,2.3979366154270605,2.450629829149534,2.4344553121168593,0.9023911063392558,,0.20884993995580473,
2015-01-26,1_over_t,3727,0,2.4050420260722647,2.3967529977390853,2.430241727730252,0.9261397740166627,,0.20886030500895808,
2015-02-02,log_density,3720,0,2.434619431089275,2.4571424766101124,2.4287860445002196,0.9422586735956416,,0.20994201044207805,
2015-02-02,unweighted,3720,0,2.3876315755668553,2.440290779667441,2.4463070318390847,0.9014527582785119,,0.20894696889548078,
2015-02-02,1_over_t,3720,0,2.395722450289931,2.3824649200595154,2.441517707775867,0.9253496808486713,,0.20896040790725717,
2015-02-09,log_density,3713,0,2.4246077655465954,2.450363100265551,2.4403286293758577,0.9416999962564154,,0.21005427508321342,
2015-02-09,unweighted,3713,0,2.3770803958684352,2.436109998249581,2.4583422934433816,0.9004687692194289,,0.20906206515687162,
2015-02-09,1_over_t,3713,0,2.38581446583056,2.373094482085346,2.453188759376364,0.9244652646312125,,0.20907776180747936,
2015-02-16,log_density,3706,0,2.4147294428061477,2.4386274266344685,2.4517897599011316,0.9411180032975863,,0.21016742574099798,
2015-02-16,unweighted,3706,0,2.3666256281830984,2.426943448408519,2.470281717272759,0.8994821692851777,,0.2091742317283989,
2015-02-16,1_over_t,3706,0,2.376119702810774,2.3561070112753484,2.4646936061731077,0.9235943373452455,,0.20919279851921363,
2015-02-23,log_density,3699,0,2.4056428522053777,2.4336902193407095,2.462641329691049,0.9405880422579332,,0.2102519033721786,
2015-02-23,unweighted,3699,0,2.3567375821693592,2.414383255387037,2.4817435284521663,0.8985572499098184,,0.20925164622798717,
2015-02-23,1_over_t,3699,0,2.3677675249982655,2.3432308010092227,2.475247384922665,0.922904553777804,,0.20927660130352543,
2015-03-02,log_density,3692,0,2.3966907752302964,2.4191094960959996,2.473575286516638,0.9400008107971134,,0.21036505561935784,
2015-03-02,unweighted,3692,0,2.3467228908134854,2.3942226656289733,2.493292332254182,0.8976021533563302,,0.20933956718988536,
2015-03-02,1_over_t,3692,0,2.3591390458048305,2.3488341418363756,2.4859823222873634,0.9221650966325892,,0.20937110832206202,
2015-03-09,log_density,3685,0,2.387103918870593,2.4126389366036918,2.4850143615716207,0.9393239988099823,,0.21050646337917736,
2015-03-09,unweighted,3685,0,2.3362455213816813,2.387856426846332,2.505200370857981,0.8965728393924295,,0.2094567643037026,
2015-03-09,1_over_t,3685,0,2.3494349674182655,2.336282161334781,2.497453567702236,0.9212651458965089,,0.20949238638742962,
2015-03-16,log_density,3678,0,2.377482487819888,2.4076761136298552,2.4966167545680586,0.9386734186728791,,0.2106733509283179,
2015-03-16,unweighted,3678,0,2.325598195471808,2.3834668693189087,2.517228779828752,0.8955058263015294,,0.20958615654946722,
2015-03-16,1_over_t,3678,0,2.339321804186869,2.3083326263383945,2.5091927560587703,0.9202937513189301,,0.20962479711281168,
2015-03-23,log_density,3671,0,2.3672914648147914,2.4041047763932397,2.508647473576393,0.9380382773960249,,0.2108480570666436,
2015-03-23,unweighted,3671,0,2.314747172939929,2.3935501677400133,2.5294043796606607,0.8943973743976255,,0.20972768260039973,
2015-03-23,1_over_t,3671,0,2.32871445705614,2.308476270001,2.5212576406241145,0.9192426323419733,,0.2097678442604647,
2015-03-30,log_density,3664,0,2.3568597742099264,2.390758632901573,2.5208175805780653,0.9374316065789944,,0.21102569034371368,
2015-03-30,unweighted,3664,0,2.3038050517230575,2.394715211529956,2.5416353424354985,0.8932602752154529,,0.20987619900738064,
2015-03-30,1_over_t,3664,0,2.3178682861455457,2.308682591178947,2.5334687930215876,0.9181421208284033,,0.20991708883947327,
2015-04-06,log_density,3657,0,2.3468729749788695,2.4130958738419537,2.5326388499088175,0.936758668624259,,0.21122296310602476,
2015-04-06,unweighted,3657,0,2.2926629614891647,2.3860919518348993,2.5540093832523008,0.8920812933049366,,0.21003538231376537,
2015-04-06,1_over_t,3657,0,2.3065210875537616,2.2924424607469476,2.546007071952086,0.9169605749547959,,0.21007534271602343,
2015-04-13,log_density,3650,0,2.3369545450663747,2.4256907987697165,2.544502720185503,0.9360784520431338,,0.21143948317884,
2015-04-13,unweighted,3650,0,2.281401485807432,2.354057326288512,2.5664607412130995,0.8908692324827925,,0.21020179624756452,
2015-04-13,1_over_t,3650,0,2.294853874642233,2.297267346688912,2.5587450225351267,0.9157185857602625,,0.21023976969647912,
2015-04-20,log_density,3643,0,2.3267316270729026,2.4087362275533195,2.5564336966818493,0.9354099603384558,,0.21164665578586933,
2015-04-20,unweighted,3643,0,2.2700699579929045,2.3870520540742035,2.57894914478424,0.8896288829943079,,0.21037391950773476,
2015-04-20,1_over_t,3643,0,2.2829754101158874,2.2916192095197845,2.571605835768381,0.9144266579252838,,0.21040924204401995,
2015-04-27,log_density,3636,0,2.3164562398522794,2.4067115223178597,2.568253572259595,0.9347815740192794,,0.21183627784180883,
2015-04-27,unweighted,3636,0,2.2589822169680005,2.3600971023403936,2.591221127732673,0.8883957640663491,,0.2105425590959627,
2015-04-27,1_over_t,3636,0,2.271621463558988,2.2722268925414326,2.584079360407422,0.9131668096619977,,0.21057674487703004,
2015-05-04,log_density,3629,0,2.305611093046247,2.408778916741179,2.580390917589209,0.9341335666547785,,0.21202002759968788,
2015-05-04,unweighted,3629,0,2.247709425067027,2.3539241065970327,2.6036231387014723,0.8871209683536998,,0.21071977177447754,
2015-05-04,1_over_t,3629,0,2.259795001066616,2.288651719389236,2.5968576804262966,0.9118276331781919,,0.2107514462663411,
2015-05-11,log_density,3622,0,2.294545881564571,2.3971712969159036,2.592696308591393,0.9334515821981716,,0.2122104915084329,
2015-05-11,unweighted,3622,0,2.236315039315116,2.3553579143150323,2.616103338204912,0.8858105462825736,,0.21090393857945677,
2015-05-11,1_over_t,3622,0,2.247630493244094,2.317216702068123,2.60984525589828,0.910421451023291,,0.21093222279292478,
2015-05-18,log_density,3615,0,2.282787555329106,2.375850355319109,2.605439174871169,0.932758931280378,,0.21239468255496366,
2015-05-18,unweighted,3615,0,2.2247277845119267,2.3508222068854536,2.6287186989329054,0.8844563178771692,,0.21109572904376142,
2015-05-18,1_over_t,3615,0,2.2349547103202045,2.3052995088287567,2.6231604744704895,0.9089302642234162,,0.2111195014975147,
2015-05-25,log_density,3608,0,2.270053497502605,2.3617828006208708,2.618982574213661,0.9319837263148393,,0.21258433562303497,
2015-05-25,unweighted,3608,0,2.21274626233258,2.3323499913397825,2.641630489399784,0.8830372631143016,,0.2112960365785573,
2015-05-25,1_over_t,3608,0,2.2212809958328026,2.2985390677180906,2.6371367529577907,0.9073096396007332,,0.21131353611105,
2015-06-01,log_density,3601,0,2.2582649452253056,2.361733463817501,2.631821433473039,0.9312224927660906,,0.21277697760472333,
2015-06-01,unweighted,3601,0,2.2014265520267995,2.33335791619745,2.6539887622713643,0.881666263753338,,0.2114895882571731,
2015-06-01,1_over_t,3601,0,2.209063985752231,2.300663430434824,2.6500763965079495,0.9058007256330545,,0.2115042832757957,
2015-06-08,log_density,3594,0,2.248142911968004,2.352619268256955,2.6432990152235862,0.930600654907924,,0.2129527965008295,
2015-06-08,unweighted,3594,0,2.1910773226972045,2.3330416036078105,2.6655480727347665,0.880392738773691,,0.2116592649930525,
2015-06-08,1_over_t,3594,0,2.199076741030774,2.3029775952822042,2.661454916567876,0.9045295113357714,,0.2116753578273701,
2015-06-15,log_density,3587,0,2.2393203241093245,2.349250076620116,2.6535062376006673,0.9300865831465441,,0.21308694287136246,
2015-06-15,unweighted,3587,0,2.181355219945656,2.3102309645475856,2.676586589936669,0.8791947473294326,,0.2117978272742525,
2015-06-15,1_over_t,3587,0,2.190550327248008,2.300083943508527,2.671810043390625,0.9034689953314495,,0.21181842124740866,
2015-06-22,log_density,3580,0,2.232437359871029,2.337851234995412,2.6621915753886745,0.9298375536725394,,0.21314795034193623,
2015-06-22,unweighted,3580,0,2.1729208283459336,2.309893682693712,2.6865771703060144,0.8781949498307468,,0.2118511458214323,
2015-06-22,1_over_t,3580,0,2.1850865428662525,2.2767609550892374,2.6800483256956036,0.9029496934353535,,0.21188495224227588,
2015-06-29,log_density,3573,0,2.223546965592122,2.325375196168146,2.672517155995344,0.9293187485868981,,0.21328901924421728,
2015-06-29,unweighted,3573,0,2.163252169015734,2.298483961274873,2.697542982273656,0.8769749968178355,,0.21198944901696398,
2015-06-29,1_over_t,3573,0,2.176817173590646,2.261084139669512,2.6902148650150974,0.9019133001897108,,0.2120308115070132,
2015-07-06,log_density,3566,0,2.2145828375642833,2.3206926448489043,2.6828865243582225,0.9287853127752308,,0.21342291728726545,
2015-07-06,unweighted,3566,0,2.153714880368953,2.283482467235144,2.708387562061743,0.8757583702906154,,0.2121227251053601,
2015-07-06,1_over_t,3566,0,2.1688926453489548,2.262198228624335,2.700134468145993,0.9009205413266069,,0.21217369636925934,
2015-07-13,log_density,3559,0,2.2049342920540376,2.315618247839783,2.693657910538641,0.9281640817750296,,0.21356239336126487,
2015-07-13,unweighted,3559,0,2.1438120966594694,2.2771101956312343,2.719508541327142,0.8744689618185952,,0.21227579583602393,
2015-07-13,1_over_t,3559,0,2.1601604231276066,2.2552094264074416,2.7106001470033445,0.8997861161218801,,0.21233448083652257,
2015-07-20,log_density,3552,0,2.194668086133724,2.298261739518418,2.7046407440891755,0.9276270036314983,,0.21367474673407633,
2015-07-20,unweighted,3552,0,2.133926797042448,2.2734848497186704,2.7305987681145028,0.8731638140636333,,0.21242994864085227,
2015-07-20,1_over_t,3552,0,2.1515004303339134,2.2420034776907585,2.7210048968774037,0.8986488421338762,,0.21249727411444186,
2015-07-27,log_density,3545,0,2.183633290650547,2.2957236685405604,2.7162390265125405,0.9270338962692833,,0.2137964061290021,
2015-07-27,unweighted,3545,0,2.123765420572756,2.262394367340697,2.74189260218716,0.871799523210104,,0.21259690117907695,
2015-07-27,1_over_t,3545,0,2.142232305784315,2.242768080885625,2.731815843005899,0.8974057145641131,,0.2126710250708622,
2015-08-03,log_density,3538,0,2.1715406464128315,2.2787517075917094,2.728708759802181,0.9263165128177415,,0.21393087777741407,
2015-08-03,unweighted,3538,0,2.1131403045523056,2.2526942863843864,2.753538795791062,0.870351599829211,,0.21277914793738356,
2015-08-03,1_over_t,3538,0,2.1319074447024184,2.2492668235376243,2.743337907813253,0.8960013640061217,,0.21285595145573577,
2015-08-10,log_density,3531,0,2.157787742626445,2.2588144717802123,2.742477249401624,0.9254271531765199,,0.21407891388998807,
2015-08-10,unweighted,3531,0,2.1014317013256205,2.250840901591019,2.7660293624381054,0.8687459061470024,,0.2129804501082497,
2015-08-10,1_over_t,3531,0,2.1190439254256295,2.2345686742260877,2.7565793017882765,0.8942733088419312,,0.2130494536459772,
2015-08-17,log_density,3524,0,2.1428790205718524,2.249485770034962,2.7569958845209612,0.9244910616181667,,0.21421073876432223,
2015-08-17,unweighted,3524,0,2.089607753182596,2.2298129397001105,2.7785904003014563,0.867099819045514,,0.21318497139099932,
2015-08-17,1_over_t,3524,0,2.1058644187773368,2.225173197786681,2.7700111045001674,0.8924806472788293,,0.21324535749230422,
2015-08-24,log_density,3517,0,2.1277251819183487,2.2345219041260105,2.771759593914113,0.9234722985610949,,0.214354550862521,
2015-08-24,unweighted,3517,0,2.0775307893440336,2.2206543625869557,2.791330811816672,0.8653970704288599,,0.21339242765361607,
2015-08-24,1_over_t,3517,0,2.092033164442793,2.2137252415800717,2.7838604518024357,0.8905895837783672,,0.21344249915920813,
2015-08-31,log_density,3510,0,2.1119015566621178,2.223409266014329,2.7871412230203565,0.9223047180279469,,0.2145072179715824,
2015-08-31,unweighted,3510,0,2.065189351069827,2.205851587536273,2.8042589163904874,0.8636369134495855,,0.21360053886601688,
2015-08-31,1_over_t,3510,0,2.077513654612345,2.201556139085824,2.7981499406715216,0.8886017101185048,,0.21363921725174223,
2015-09-07,log_density,3503,0,2.0960891363466505,2.209150954387013,2.802418620784973,0.9211311062547121,,0.21466311993831283,
2015-09-07,unweighted,3503,0,2.0527977516417124,2.199403908361205,2.8172035280314396,0.8618388262299554,,0.21381231129136802,
2015-09-07,1_over_t,3503,0,2.0627860743708415,2.196140135784372,2.8125484788381154,0.8865517163637124,,0.21384061036778776,
2015-09-14,log_density,3496,0,2.0801979017522645,2.1923290361993004,2.8175099354296833,0.920025950041591,,0.21481384324015537,
2015-09-14,unweighted,3496,0,2.0406296898882736,2.1769897117686163,2.8299474354691303,0.8600289465541437,,0.21403239086907946,
2015-09-14,1_over_t,3496,0,2.0484914608490565,2.1832906272749586,2.826619127644243,0.8844860013197129,,0.2140529611710112,
2015-09-21,log_density,3489,0,2.0637597770418368,2.178999815067094,2.832741939085915,0.918906718471824,,0.21494895449301854,
2015-09-21,unweighted,3489,0,2.0281443341490393,2.1731490632075037,2.8429198758541583,0.8581538506908379,,0.21425115491341137,
2015-09-21,1_over_t,3489,0,2.033374448923863,2.1528579926359512,2.8412181849441374,0.8823111924199445,,0.21426425098776294,
2015-09-28,log_density,3482,0,2.0471748389774373,2.164489330216753,2.847996916450504,0.9176127005618183,,0.21508285335844776,
2015-09-28,unweighted,3482,0,2.015320028120367,2.157584106187599,2.8561368936901803,0.8562116511969396,,0.21446580116286146,
2015-09-28,1_over_t,3482,0,2.0173657390402506,2.148705591239784,2.856389117996448,0.8800279701819909,,0.21447300546308068,
2015-10-05,log_density,3475,0,2.030071549138548,2.1488838057699127,2.8632059559108467,0.9164188159321247,,0.2151967195534319,
2015-10-05,unweighted,3475,0,2.002363816763148,2.146942286892666,2.8694335068598553,0.8542196072541725,,0.21468138535297862,
2015-10-05,1_over_t,3475,0,2.0009278806548116,2.136496567670706,2.871813555734351,0.8776633316202964,,0.21468616058298817,
2015-10-12,log_density,3468,0,2.012211401991387,2.136064032856666,2.8785484378045543,0.9152202545191439,,0.21529721071847893,
2015-10-12,unweighted,3468,0,1.989300595205481,2.129984627838045,2.8827895033329436,0.8521785174569281,,0.21489860718174425,
2015-10-12,1_over_t,3468,0,1.9841073560193176,2.13160262932721,2.887457831859101,0.8752178700553004,,0.21490545792471202,
2015-10-19,log_density,3461,0,1.9947631985375596,2.1223624474885767,2.893791629591653,0.9138363250780939,,0.21543492102291123,
2015-10-19,unweighted,3461,0,1.976307891410888,2.115538607853198,2.8960642487550827,0.8501018993051368,,0.21512416403287762,
2015-10-19,1_over_t,3461,0,1.9673085499660377,2.1048242706359845,2.9030457918868495,0.8727067563092687,,0.21513808362095124,
2015-10-26,log_density,3454,0,1.9767244496636187,2.106196644238157,2.9094638606499816,0.9124895902570463,,0.21558334408912225,
2015-10-26,unweighted,3454,0,1.963135018962184,2.1038402530050604,2.9094556594430876,0.8479680094095061,,0.21534831788979114,
2015-10-26,1_over_t,3454,0,1.9499448836673852,2.0962107353615487,2.9189749229158024,0.870103741149636,,0.21537576132702504,
2015-11-02,log_density,3447,0,1.9582358189139581,2.0949555549481502,2.9252765913990615,0.9110242357804593,,0.21576308068588693,
2015-11-02,unweighted,3447,0,1.9504443368144389,2.0929767583735703,2.9224407790532614,0.8458326920246191,,0.21559653821728003,
2015-11-02,1_over_t,3447,0,1.9335405727581882,2.0866568385367934,2.9342095527949343,0.8674703784949711,,0.2156409663985211,
2015-11-09,log_density,3440,0,1.939587205202379,2.0768583044125872,2.9414394385612863,0.9093207364118502,,0.2159740159431574,
2015-11-09,unweighted,3440,0,1.9377437628681793,2.066602887535069,2.9354088741060655,0.8436540814916497,,0.21584982223226407,
2015-11-09,1_over_t,3440,0,1.916978872659516,2.0512739245674894,2.949510726114418,0.8647586385337902,,0.21591684381734952,
2015-11-16,log_density,3433,0,1.920728159695502,2.0616852160137284,2.9577140547693084,0.9075515112967898,,0.2161965127899507,
2015-11-16,unweighted,3433,0,1.9248132082505873,2.0592859436454383,2.9485329697614557,0.8414103890051587,,0.2161003541895152,
2015-11-16,1_over_t,3433,0,1.899740170984984,2.0420946204648693,2.965228737424576,0.8619412974263859,,0.21619852170821904,
2015-11-23,log_density,3426,0,1.9030983376403854,2.0037556087649815,2.973552415878162,0.9055801476109475,,0.21645463561833744,
2015-11-23,unweighted,3426,0,1.9120221945055595,2.0636949421859185,2.9615215706073617,0.8391333193483813,,0.21636267168587273,
2015-11-23,1_over_t,3426,0,1.8826622273693263,2.014062183814616,2.9807937611578583,0.8590496664843645,,0.21649797829166548,
2015-11-30,log_density,3419,0,1.8852264176542393,1.9698298973302428,2.989518011154844,0.9035555227100525,,0.21671510758382412,
2015-11-30,unweighted,3419,0,1.8989641066184788,2.035152936481051,2.9746945900065964,0.8367854785003226,,0.2166199789341221,
2015-11-30,1_over_t,3419,0,1.864807503833544,2.003313550138805,2.996840052989083,0.8560462598779794,,0.21680414997229444,
2015-12-07,log_density,3412,0,1.8673412341017686,1.927778856577655,3.0051408217113584,0.9015781371990708,,0.2169836368087913,
2015-12-07,unweighted,3412,0,1.8859073492667693,2.01359781577618,2.987840294987881,0.8343888247081788,,0.21688381144323832,
2015-12-07,1_over_t,3412,0,1.8467756579425676,1.9663013512720369,3.012958909821108,0.8529485052230903,,0.2171267332933619,
2015-12-14,log_density,3405,0,1.849194291378504,1.8955893116603058,3.020800272431307,0.8995704209846644,,0.21726583727039198,
2015-12-14,unweighted,3405,0,1.8727901405248613,2.0124216969706694,3.0010070701657803,0.8319365700245441,,0.21715148109880836,
2015-12-14,1_over_t,3405,0,1.8284184591498929,1.9526385167339093,3.0292494391485123,0.8497485472972932,,0.21746513671734158,
2015-12-21,log_density,3398,0,1.8312108566082228,1.8546217994848462,3.036507842479269,0.897469047539066,,0.2175628190360974,
2015-12-21,unweighted,3398,0,1.8595919766876556,1.9826128437541186,3.0142106770198223,0.8294255049532053,,0.21742193631388615,
2015-12-21,1_over_t,3398,0,1.8096783713942197,1.9289766307248222,3.045748709766168,0.8464421685352923,,0.21782024829071764,
2015-12-28,log_density,3391,0,1.8137578266599592,1.806284763834526,3.0516807048192955,0.8952868358359267,,0.217912425664476,
2015-12-28,unweighted,3391,0,1.8472215396025686,1.9668522674187514,3.0267391589284154,0.826945106358644,,0.21773300946543137,
2015-12-28,1_over_t,3391,0,1.7926379417573504,1.908098017736811,3.061051710314343,0.8431002736788763,,0.21821001652867503,
2016-01-04,log_density,3384,0,1.7963732393769358,1.7909603289139362,3.0665630377389643,0.8928797653926612,,0.21830657138347975,
2016-01-04,unweighted,3384,0,1.8356053881019594,1.9599493258179024,3.0386526677579386,0.8245072799778103,,0.21807046431808855,
2016-01-04,1_over_t,3384,0,1.7771669638055039,1.898531524327872,3.0752538931911317,0.8397674753988928,,0.218617166010142,
2016-01-11,log_density,3377,0,1.7765282548194552,1.774916401438201,3.0827858070184395,0.8902291586164162,,0.21872828085185053,
2016-01-11,unweighted,3377,0,1.82345854549233,1.951659001857962,3.0509581650713558,0.821964003563942,,0.2183943155777732,
2016-01-11,1_over_t,3377,0,1.7603469044696252,1.8742695918876109,3.0903258428143627,0.8362768728009562,,0.21903220636779866,
2016-01-18,log_density,3370,0,1.7532279983469747,1.7480649671254298,3.101016519001467,0.8875185389280708,,0.2191571914327287,
2016-01-18,unweighted,3370,0,1.8098377208984944,1.9309665809117007,3.064389940736015,0.8192132280785058,,0.2186624887291254,
2016-01-18,1_over_t,3370,0,1.7399500339828378,1.8434012265728121,3.10775547815551,0.8325551068951228,,0.21944624345887082,
2016-01-25,log_density,3363,0,1.730066338284918,1.7278202214004068,3.1190221240450087,0.8844976852200908,,0.21967988846138206,
2016-01-25,unweighted,3363,0,1.7968210441413368,1.913511982784442,3.077321922835028,0.816455643509922,,0.2189726615253758,
2016-01-25,1_over_t,3363,0,1.7206902165109839,1.7833217171142728,3.1243634218832987,0.8287155031377618,,0.21990331761960996,
2016-02-01,log_density,3356,0,1.706696572363142,1.7056834650659027,3.137250028289409,0.8812778447360018,,0.22024666065351833,
2016-02-01,unweighted,3356,0,1.7836693894997786,1.8996122079958457,3.0903321074273253,0.8136261318017379,,0.2192832642685666,
2016-02-01,1_over_t,3356,0,1.700886722866077,1.739695109943007,3.141281631704134,0.8247436400220193,,0.2203841000884002,
2016-02-08,log_density,3349,0,1.6885018021499518,1.6949869004235811,3.153360798248397,0.8784163674780459,,0.22073508486453738,
2016-02-08,unweighted,3349,0,1.7711883255674095,1.8836718139326596,3.1027925251763135,0.810808169471837,,0.2196328551015084,
2016-02-08,1_over_t,3349,0,1.6823741423849556,1.712036955274371,3.157277565889975,0.820673455092972,,0.22089922194853848,
2016-02-15,log_density,3342,0,1.6714912783854237,1.6693116616535164,3.169415112253037,0.8754788740212593,,0.2211728968890285,
2016-02-15,unweighted,3342,0,1.7584814160965792,1.8674186590570514,3.115402901786279,0.8079069666116719,,0.21997933019302732,
2016-02-15,1_over_t,3342,0,1.6631226921532958,1.6867329051913202,3.1737165560357763,0.8164535857586692,,0.2214382641818727,
2016-02-22,log_density,3335,0,1.6547696243325343,1.6592053979465575,3.1856409218313777,0.8721160756812422,,0.22161789789917272,
2016-02-22,unweighted,3335,0,1.7459036465647435,1.845990287124181,3.1278862079680363,0.8049593355650841,,0.22033958398280987,
2016-02-22,1_over_t,3335,0,1.6439175917819873,1.6736671632858702,3.1900684337153304,0.8120950032364761,,0.22200668775514515,
2016-02-29,log_density,3328,0,1.6394828459696402,1.6595594201435233,3.201433496416654,0.8681069347754914,,0.22207741971649894,
2016-02-29,unweighted,3328,0,1.734058654252229,1.832797423757654,3.139774030477539,0.8020458331097865,,0.22073437902302703,
2016-02-29,1_over_t,3328,0,1.62614551069983,1.6482121792260518,3.2054065203464996,0.8076604404361507,,0.22259773641264055,
2016-03-07,log_density,3321,0,1.6226176921142812,1.6416652673427734,3.217898777953718,0.8630962971471796,,0.22263273129691974,
2016-03-07,unweighted,3321,0,1.7226943252910518,1.8226400677661303,3.151264301755655,0.79914690983854,,0.221148298769179,
2016-03-07,1_over_t,3321,0,1.6092553385894728,1.6372962015474606,3.220104948160855,0.8031536651748937,,0.22320306114685942,
2016-03-14,log_density,3314,0,1.6043810455497247,1.6299551012556464,3.2352656453560154,0.8579633774194823,,0.22321736229537037,
2016-03-14,unweighted,3314,0,1.7107192356954657,1.81934912219117,3.163204643651379,0.7961012715416459,,0.22155235849691282,
2016-03-14,1_over_t,3314,0,1.5907622865391442,1.6093411122046106,3.235825869843651,0.798402100129092,,0.22384564219126998,
2016-03-21,log_density,3307,0,1.5813655654512182,1.599495231946804,3.2546309115044445,0.852883438401443,,0.22390099143251943,
2016-03-21,unweighted,3307,0,1.69774590424937,1.7745417466119022,3.175893299713581,0.7928757799516766,,0.22191381375609856,
2016-03-21,1_over_t,3307,0,1.569751977701091,1.5863475745702083,3.253172987609,0.7934560529209644,,0.22452068871376904,
2016-03-28,log_density,3300,0,1.5603773681301836,1.5827356090169147,3.2739834269756414,0.8482757602732547,,0.22443396415335168,
2016-03-28,unweighted,3300,0,1.6836025039406755,1.775596486088098,3.189459400630178,0.789458400922378,,0.22221125057556385,
2016-03-28,1_over_t,3300,0,1.545752717436818,1.5680374221342994,3.2724468097142374,0.7883816421134853,,0.2252316265041445,
2016-04-04,log_density,3293,0,1.5490684787503337,1.592265699838265,3.2897832708194574,0.8451119782412938,,0.22473935194939385,
2016-04-04,unweighted,3293,0,1.6698602871268762,1.7575645185216047,3.2026841023652635,0.785995550765614,,0.2225492497445911,
2016-04-04,1_over_t,3293,0,1.5222821558176127,1.5543722558262036,3.291291049524844,0.7830789206770028,,0.22600519280910816,
2016-04-11,log_density,3286,0,1.5119690391634009,1.5813601628311496,3.313572867449808,0.7667979493178441,,0.2259791795838216,
2016-04-11,unweighted,3286,0,1.6567384118782371,1.7275873379587985,3.2153994974388116,0.7825194287558512,,0.22293736500275566,
2016-04-11,1_over_t,3286,0,1.4998525427299418,1.5282598336919904,3.309367520666937,0.7775412954551723,,0.22683430078925718,
2016-04-18,log_density,3279,0,1.4901835692733978,1.5436744187473828,3.332033702955577,0.7606744910847237,,0.2267223958877209,
2016-04-18,unweighted,3279,0,1.6434629283497229,1.7022358028227842,3.2282047880741493,0.7789493879337868,,0.22332540796013686,
2016-04-18,1_over_t,3279,0,1.476712641734669,1.5130814523351752,3.3278443064692427,0.7718096280106825,,0.2277172895493843,
2016-04-25,log_density,3272,0,1.468940954720675,1.5275391067072057,3.3500378683638057,0.7549178137808332,,0.227485261076195,
2016-04-25,unweighted,3272,0,1.630348522539767,1.6912022885254316,3.2408565576608535,0.7753190043096538,,0.2237330960821295,
2016-04-25,1_over_t,3272,0,1.453549657283433,1.4717236057225733,3.346260295832371,0.7658557386170741,,0.22865703597685114,
2016-05-02,log_density,3265,0,1.4493332659370683,1.506611303615732,3.3667899923027913,0.7497669248522172,,0.22825071905968786,
2016-05-02,unweighted,3265,0,1.6177860325439422,1.665152462050159,3.253054132740422,0.7716825055108666,,0.22418013089019423,
2016-05-02,1_over_t,3265,0,1.431243939624302,1.453148940282734,3.3640302704752334,0.759665178113532,,0.22964497685256172,
2016-05-09,log_density,3258,0,1.4311965317444488,1.4826205177086704,3.3825227542542042,0.7442775845217315,,0.22906798095740247,
2016-05-09,unweighted,3258,0,1.6064255625615045,1.6613968837650361,3.2642989226235457,0.7681639900097094,,0.22468180174904834,
2016-05-09,1_over_t,3258,0,1.4112851516851812,1.43302433194755,3.380169475250398,0.7533212178622738,,0.23064120828301626,
2016-05-16,log_density,3251,0,1.4140294312396282,1.474772165854664,3.3976495324087272,0.7384266189369226,,0.22991573275075422,
2016-05-16,unweighted,3251,0,1.5959406535898983,1.6318877304721155,3.274845980491245,0.7647477447589305,,0.22520887149738092,
2016-05-16,1_over_t,3251,0,1.392980368881779,1.3974807776549731,3.395147562210084,0.7468957925097168,,0.23163156191156725,
2016-05-23,log_density,3244,0,1.3984412539647433,1.4479717275712662,3.4115347990396496,0.7327474381805212,,0.2307478587461069,
2016-05-23,unweighted,3244,0,1.5864295701019762,1.6453098661719743,3.284622233021992,0.7614947300230519,,0.2257426053132363,
2016-05-23,1_over_t,3244,0,1.376562728831101,1.412339303874111,3.4088147521519594,0.7405325674815162,,0.23258368100110535,
2016-05-30,log_density,3237,0,1.3849583859071761,1.438060756696082,3.423857306274379,0.7274497291922244,,0.23152465865191954,
2016-05-30,unweighted,3237,0,1.5781787643299514,1.6306074329332212,3.2934116078502145,0.7585208538276055,,0.22625843054523015,
2016-05-30,1_over_t,3237,0,1.3627436691424273,1.3668031900276034,3.420711430369902,0.734491127764777,,0.2334401468229382,
2016-06-06,log_density,3230,0,1.3730816189921158,1.410151533495105,3.434995380897863,0.7227955621526909,,0.2322379952612438,
2016-06-06,unweighted,3230,0,1.5705420056562602,1.6526130386264413,3.301713016992245,0.7556812536019948,,0.22675953406280236,
2016-06-06,1_over_t,3230,0,1.350076360526077,1.3530622574601665,3.431801273191353,0.7285687389645159,,0.234252547391091,
2016-06-13,log_density,3223,0,1.362786993172012,1.4175189244053108,3.4449981208931173,0.7186342825144175,,0.2328810358467599,
2016-06-13,unweighted,3223,0,1.5639114783965422,1.6364215456401752,3.3092285888604627,0.753120785707542,,0.22721789149381416,
2016-06-13,1_over_t,3223,0,1.3394947627495046,1.36951340919099,3.441475170415763,0.723089728537931,,0.23495441804577397,
2016-06-20,log_density,3216,0,1.35109179685964,1.403052880777759,3.4557744445579335,0.7140832598568576,,0.23360153078676246,
2016-06-20,unweighted,3216,0,1.5562393105304566,1.6281967404468745,3.317528466675372,0.7501914899383983,,0.22773348796280554,
2016-06-20,1_over_t,3216,0,1.326386818018998,1.3251043696124185,3.4527833866827518,0.7167698221078992,,0.23581823431772433,
2016-06-27,log_density,3209,0,1.339919033545144,1.389690081657502,3.466125608841642,0.7096560570362516,,0.2343001127323687,
2016-06-27,unweighted,3209,0,1.5485869353984278,1.6443203910826263,3.3257978004055966,0.7472286351351425,,0.22825345886581075,
2016-06-27,1_over_t,3209,0,1.313106570424203,1.289184428909433,3.4641636288297724,0.7102594223320204,,0.23670604144154925,
2016-07-04,log_density,3202,0,1.3278149830231225,1.3697721360262918,3.4770688187802374,0.7048385918386452,,0.2350513024298452,
2016-07-04,unweighted,3202,0,1.5404565242637556,1.6675539077486654,3.334416497236958,0.7440744810997548,,0.22879857593205288,
2016-07-04,1_over_t,3202,0,1.2985047662484708,1.2652837356175155,3.4763699545609015,0.7032424161486959,,0.2376860388574335,
2016-07-11,log_density,3195,0,1.3147902179101387,1.3533296339384862,3.4886520365904117,0.6996720033500483,,0.23585926661383944,
2016-07-11,unweighted,3195,0,1.5321329915821593,1.6593229227033746,3.343165667081096,0.7408176322665819,,0.2293551838722471,
2016-07-11,1_over_t,3195,0,1.2832005440600245,1.2452778214627358,3.4889896113343584,0.6958816710220167,,0.23872385317053962,
2016-07-18,log_density,3188,0,1.2987530607335636,1.3000055909106027,3.5022424398585517,0.6936992409315554,,0.23677925344984885,
2016-07-18,unweighted,3188,0,1.522234318368534,1.6430935036510128,3.353098000160484,0.7370856793661236,,0.2299341435208571,
2016-07-18,1_over_t,3188,0,1.2640448128501645,1.2122953635955085,3.5040887202592184,0.6875898571685526,,0.23996796738411513,
2016-07-25,log_density,3181,0,1.285270572290978,1.310343856967096,3.5140694318925783,0.6880395929388903,,0.23764025349687887,
2016-07-25,unweighted,3181,0,1.513936687739161,1.644146949287446,3.361788827188949,0.7337311826688058,,0.2305053700849242,
2016-07-25,1_over_t,3181,0,1.2481029702066755,1.1859175420686725,3.5170064591532575,0.6796631266338056,,0.24109610929833122,
2016-08-01,log_density,3174,0,1.2718704482839684,1.2862655197900477,3.525652229646394,0.6821546600278423,,0.23851063845611242,
2016-08-01,unweighted,3174,0,1.5056418585847378,1.6490106077938904,3.3704597810305663,0.7303233823959162,,0.23108634259375194,
2016-08-01,1_over_t,3174,0,1.2318420713611065,1.1485709936634052,3.5300766401906083,0.6714306673665813,,0.24227158535463772,
2016-08-08,log_density,3167,0,1.2606179668231878,1.28351281986113,3.535698467360972,0.6768230769011373,,0.2392839747035847,
2016-08-08,unweighted,3167,0,1.4984380577772418,1.6496723764282386,3.3782833592952657,0.7272282972761747,,0.23163146182443853,
2016-08-08,1_over_t,3167,0,1.2176886993525453,1.136108432619082,3.5417045587945966,0.6635919311660209,,0.24334211266113798,
2016-08-15,log_density,3160,0,1.2529841804583803,1.2488789283098782,3.543302200133972,0.6726653613828636,,0.23984129690728373,
2016-08-15,unweighted,3160,0,1.4932259303820412,1.6545237489783773,3.3845794407822907,0.7248389581495229,,0.2320586009649131,
2016-08-15,1_over_t,3160,0,1.2077163413795409,1.0760687611716868,3.550541356061347,0.6570727267525047,,0.24412685958381014,
2016-08-22,log_density,3153,0,1.2470517890360708,1.2476741771446358,3.549681567518902,0.6690916153879654,,0.24028269133049887,
2016-08-22,unweighted,3153,0,1.488888851533053,1.6605707335132252,3.3902022454954523,0.7227814447907746,,0.23241992166443937,
2016-08-22,1_over_t,3153,0,1.1995120797640229,1.0832226899299116,3.558186719802988,0.6511689299015422,,0.24477780529624724,
2016-08-29,log_density,3146,0,1.2414125110440895,1.2409016235366153,3.555835807003392,0.6656887534747145,,0.2407021482469126,
2016-08-29,unweighted,3146,0,1.4848429294812895,1.6464126471502425,3.3955966908170665,0.7208293265199777,,0.23275853581609462,
2016-08-29,1_over_t,3146,0,1.1917712342218547,1.104926834978862,3.565498605433363,0.6453815599105586,,0.2453950085187035,
2016-09-05,log_density,3139,0,1.2371353004171648,1.2329629567555465,3.5610261782743833,0.6629131461310045,,0.24101840100160413,
2016-09-05,unweighted,3139,0,1.4813273470726573,1.6464096340409782,3.4005829159851513,0.7190999694840409,,0.23304551458481224,
2016-09-05,1_over_t,3139,0,1.1850488348830714,1.1074306929507038,3.572117441229794,0.6400090347245248,,0.2459236705153906,
2016-09-12,log_density,3132,0,1.2320387185193904,1.2383364902245688,3.566694768519104,0.6596935649170415,,0.24141098786590423,
2016-09-12,unweighted,3132,0,1.4772891501743004,1.6362972586380735,3.4059590245070277,0.7171161831284916,,0.23339109480324025,
2016-09-12,1_over_t,3132,0,1.176991317171113,1.1029713269893229,3.5795832476324985,0.6339045175679607,,0.2465794344810601,
2016-09-19,log_density,3125,0,1.2244096732864544,1.2407430546094709,3.573966723062748,0.6552544265066623,,0.24200096704427257,
2016-09-19,unweighted,3125,0,1.471565264237396,1.638111883664095,3.412601848518239,0.7143996086079405,,0.2338825632397923,
2016-09-19,1_over_t,3125,0,1.1649443419235288,1.0817913618998212,3.589619719725767,0.6259668176624438,,0.24757710133966215,
2016-09-26,log_density,3118,0,1.2162623119347569,1.2038058500551188,3.5814204577892297,0.6504439016201337,,0.2426348632450653,
2016-09-26,unweighted,3118,0,1.4657575996660897,1.6594283358111603,3.419296445012815,0.711614708170635,,0.23438769636325185,
2016-09-26,1_over_t,3118,0,1.1524158191827902,1.0379031640123557,3.5999231564598073,0.6176756885205984,,0.2486302831348114,
2016-10-03,log_density,3111,0,1.2096796572242938,1.2067962701858264,3.587712831515756,0.6461562212950593,,0.24316825941561432,
2016-10-03,unweighted,3111,0,1.4609319658564761,1.65434381413084,3.4252384954128248,0.7092033746402864,,0.23482583224528292,
2016-10-03,1_over_t,3111,0,1.1417672641611372,1.0186858953036957,3.6089521162975577,0.6100146949072555,,0.2495473728957653,
2016-10-10,log_density,3104,0,1.2033764304446446,1.230431069584629,3.5938377426153245,0.6419865525813733,,0.2436825447095423,
2016-10-10,unweighted,3104,0,1.4564687609903912,1.6460308186859578,3.430898139574761,0.706925385419374,,0.23523779685618812,
2016-10-10,1_over_t,3104,0,1.1316425945763275,0.9993195198906406,3.6175964407832524,0.6024684511013105,,0.25043101188394573,
2016-10-17,log_density,3097,0,1.199784824359371,1.296067931262968,3.5981842886348057,0.6391329962035041,,0.24395046635116832,
2016-10-17,unweighted,3097,0,1.4539315327202817,1.6639233198589523,3.4350997676562804,0.705537551955228,,0.2354498784181923,
2016-10-17,1_over_t,3097,0,1.1255434869152827,1.0025752171044893,3.623581942814046,0.596882232794405,,0.250938658779303,
2016-10-24,log_density,3090,0,1.197236047502395,1.3131159397000438,3.6017967320858313,0.6367714915923868,,0.24412472809578994,
2016-10-24,unweighted,3090,0,1.4519483138746432,1.6586039559026453,3.4388817235643954,0.7044165028236842,,0.23559772588711553,
2016-10-24,1_over_t,3090,0,1.1204869136046585,1.0539253997174,3.6288638183527557,0.5918096587794016,,0.2513428278134424,
2016-10-31,log_density,3083,0,1.1953492938122392,1.2837037425718805,3.6048154351164037,0.6346263571034089,,0.2442547835193092,
2016-10-31,unweighted,3083,0,1.4500887593240597,1.6287687340586103,3.442568979769607,0.7033495673201009,,0.235732808223428,
2016-10-31,1_over_t,3083,0,1.1155192288413587,1.1256387245223785,3.6340639477468115,0.5867267303214987,,0.2517398546392004,
2016-11-07,log_density,3076,0,1.1965545583974728,1.3137228479240264,3.605634328052442,0.6342864203374513,,0.24403645992500392,
2016-11-07,unweighted,3076,0,1.45013194838348,1.6387470002863793,3.444826968570045,0.7033262257374768,,0.2355863801956355,
2016-11-07,1_over_t,3076,0,1.1146092581705622,1.0970371583302594,3.636609890598577,0.584172501749479,,0.2516730379594652,
2016-11-14,log_density,3069,0,1.1967226355290659,1.3135075935309892,3.607232608729111,0.6334644056238832,,0.24393834453505067,
2016-11-14,unweighted,3069,0,1.4495705350196724,1.6543546841844403,3.447542177131439,0.7029596096428163,,0.23553491231458681,
2016-11-14,1_over_t,3069,0,1.112256691875565,1.14081688999525,3.6400827337767896,0.5806353246215435,,0.2517739140911143,
2016-11-21,log_density,3062,0,1.1988703714408342,1.327601112482924,3.607572416076377,0.6341306371820256,,0.24358081947406482,
2016-11-21,unweighted,3062,0,1.4503832270304455,1.649247973635724,3.4492300391743353,0.70338654110641,,0.23525852889603904,
2016-11-21,1_over_t,3062,0,1.1128078683842846,1.157936400106422,3.641660174048902,0.5790214826482505,,0.25152125783834894,
2016-11-28,log_density,3055,0,1.2031923961913145,1.3433524964564114,3.6064757122475166,0.6363319727894263,,0.2429272250826239,
2016-11-28,unweighted,3055,0,1.4524688518675999,1.657481511198089,3.449971265220309,0.7046122066331926,,0.2347372516292391,
2016-11-28,1_over_t,3055,0,1.1161042284683231,1.1463271280928993,3.6414585410651723,0.5794273349885135,,0.2509016229519421,
2016-12-05,log_density,3048,0,1.211544035903056,1.344986185504922,3.602743432813539,0.6417010685638473,,0.2416746405131337,
2016-12-05,unweighted,3048,0,1.4568194282665006,1.6438707011326983,3.4490291043017955,0.7073659420661067,,0.23371619905724186,
2016-12-05,1_over_t,3048,0,1.1244168610411087,1.2027166695744,3.638024232421723,0.583905492622677,,0.24955816340539555,
2016-12-12,log_density,3041,0,1.2257730111470218,1.3331469629073815,3.5951818018288932,0.6526932753659478,,0.2393112076850248,
2016-12-12,unweighted,3041,0,1.4647790735018087,1.6553582365435275,3.4454078727453723,0.7128813693411828,,0.23169922356286737,
2016-12-12,1_over_t,3041,0,1.1408363570782813,1.1776283916861914,3.6293852926085917,0.5961262416176474,,0.24687008040328304,
2016-12-19,log_density,3034,0,1.2430040529927746,1.342610691122296,3.5857244556994696,0.6669752879722494,,0.23627728050686528,
2016-12-19,unweighted,3034,0,1.47457670225858,1.6877774176713132,3.440441419624249,0.7199464839987031,,0.22906290939748186,
2016-12-19,1_over_t,3034,0,1.1616119831521965,1.1815235521043377,3.6179975464032386,0.613037632419871,,0.24338315883107567,
2016-12-26,log_density,3027,0,1.2575074824338197,1.3447949621361914,3.57810110328411,0.6783484969691578,,0.23380378104597657,
2016-12-26,unweighted,3027,0,1.4826723169226201,1.6920631007232316,3.4367741814754758,0.7255991739240639,,0.22693005557757173,
2016-12-26,1_over_t,3027,0,1.1789962806567182,1.1804800414295258,3.6088723256515176,0.6262445971164023,,0.24053506848878012,
