t0_date,weighting,n_fit,n_holdout,beta_ols,beta_qr,alpha_ols,r2_fit,r2_holdout,sigma_fit,sigma_holdout
2007-01-01,log_density,1629,4118,11.123845369799541,11.629964595186372,-7.065609051300462,0.9035462386123587,-2.42280510944772,0.36349310895616216,1.501114195213093
2007-01-01,unweighted,1629,4118,11.138072060359649,11.61950472830447,-7.07742889857884,0.9048415568042611,-2.44266903516184,0.3634884566466175,1.5054636810109505
2007-01-01,1_over_t,1629,4118,11.213398427548317,11.68789105166212,-7.132921745213506,0.9028369290202919,-2.5800223045286983,0.363568818155085,1.5352019461101574
2007-01-08,log_density,1629,4118,11.085718433617162,11.57149956731941,-7.020384060824523,0.9037474107950307,-2.3993625048821894,0.36345392036483043,1.4959648387315012
2007-01-08,unweighted,1629,4118,11.098289275145653,11.58621880791015,-7.0306801521236615,0.9048613712906501,-2.4174542884660157,0.3634506107561066,1.499940401397302
2007-01-08,1_over_t,1629,4118,11.173013158937373,11.57974201454631,-7.085606801314601,0.9028676601677482,-2.5535334076167073,0.36353028322484143,1.529511854727075
2007-01-15,log_density,1629,4118,11.047631343729144,11.51662095166246,-6.975223637709929,0.9039406646098432,-2.3760787534042547,0.3634150849763136,1.4908327701392772
2007-01-15,unweighted,1629,4118,11.05849397581387,11.603588753588454,-6.98398056757912,0.9048811432496672,-2.3922268728156935,0.3634128421647521,1.494393917365945
2007-01-15,1_over_t,1629,4118,11.132611210653424,11.582706197294701,-7.038339385595776,0.9028986354111775,-2.5270243975175943,0.3634918147963304,1.5237961710794006
2007-01-22,log_density,1629,4118,11.009588938443546,11.527460667557051,-6.930120518343879,0.90412787652027,-2.353007896184461,0.3633765901960409,1.4857301415564794
2007-01-22,unweighted,1629,4118,11.018686015128829,11.530033957112607,-6.937330276621868,0.9049008701546061,-2.366987182328685,0.36337515572394746,1.4888240567148667
2007-01-22,1_over_t,1629,4118,11.092192387036311,11.560529965535899,-6.991119621706335,0.9029298584449035,-2.5004956450055644,0.36345341764872,1.5180546864885587
2007-01-29,log_density,1629,4118,10.971604691269286,11.433148979202159,-6.885067329928614,0.9043159685659873,-2.3302459473686272,0.36333840799807404,1.4806786021881921
2007-01-29,unweighted,1629,4118,10.978865243442701,11.487736934953105,-6.890729411458749,0.9049205494079456,-2.341735618985164,0.36333755642235216,1.4832306453004
2007-01-29,1_over_t,1629,4118,11.05175648916902,11.512665032103252,-6.943947633763824,0.9029613330411805,-2.4739475293102435,0.3634150967011452,1.512287189633883
2007-02-05,log_density,1629,4118,10.933676275137582,11.39017413880459,-6.8400658205111915,0.9045036132038939,-2.3077717554242367,0.3633004902243202,1.475673958611999
2007-02-05,unweighted,1629,4118,10.939031508644243,11.399186615029365,-6.844178104826144,0.9049401783392872,-2.3164725927870355,0.363300049389892,1.4776135070084793
2007-02-05,1_over_t,1629,4118,11.011303314805678,11.399252670374516,-6.896823546352406,0.9029930630521693,-2.447380438301709,0.36337685701691963,1.5064934665063536
2007-02-12,log_density,1629,4118,10.895800695833463,11.4094143867977,-6.795117337263688,0.9046895389255981,-2.2855629189850926,0.3632628105362176,1.4707116758307948
2007-02-12,unweighted,1629,4118,10.899184656105822,11.424635688003058,-6.797676489988781,0.9049597542032248,-2.2911985219199704,0.36326263990188995,1.4719724637251534
2007-02-12,1_over_t,1629,4118,10.970832658298086,11.403244450758208,-6.849747484520687,0.9030250524119693,-2.420794768684537,0.3633387038078928,1.5006733003622532
2007-02-19,log_density,1629,4118,10.857978321261346,11.401274371059202,-6.7502222771496685,0.9048738085058926,-2.2636176339391127,0.3632253600459347,1.4657917789272203
2007-02-19,unweighted,1629,4118,10.859324528629438,11.232035134846914,-6.751224700738763,0.9049792741771457,-2.2659138329197104,0.36322533338333196,1.466307335306682
2007-02-19,1_over_t,1629,4118,10.930344310519851,11.297241304332623,-6.8027195737797115,0.903057305138709,-2.3941909261937364,0.3633006424389525,1.4948264716751276
2007-02-26,log_density,1629,4118,10.820211814960606,11.290048408537437,-6.7053802393642075,0.9050574366565334,-2.2419485291390613,0.36318814398649835,1.4609175415972504
2007-02-26,unweighted,1629,4118,10.819450966390862,11.380323326370622,-6.704822871394017,0.9049987353589566,-2.2406189608420006,0.36318813541327416,1.46061793954904
2007-02-26,1_over_t,1629,4118,10.889838058788504,11.320624777029927,-6.7557399401003675,0.903089825336696,-2.3675693257980206,0.36326267843268206,1.4889527580871857
2007-03-05,log_density,1629,4118,10.78250771254163,11.278503126090765,-6.660590452120742,0.9052429141013548,-2.2205881913090835,0.36315118379002925,1.4560967889711922
2007-03-05,unweighted,1629,4118,10.779563806882633,11.175504461210611,-6.658471136797087,0.9050181347647358,-2.215314349436227,0.3631510517293949,1.4549040921568135
2007-03-05,1_over_t,1629,4118,10.849313686785543,11.348131550790967,-6.708808709910956,0.9031226171986297,-2.340930391907542,0.36322481747417734,1.4830519343594524
2007-03-12,log_density,1629,4118,10.74487300648984,11.250447933993712,-6.615852378018913,0.905432990849802,-2.1995699256707337,0.3631145235241287,1.4513376077250981
2007-03-12,unweighted,1629,4118,10.739662884855342,11.09861879329901,-6.612169632313038,0.9050374693263061,-2.190000451325474,0.3631140882326985,1.4491656067120633
2007-03-12,1_over_t,1629,4118,10.808770974473859,11.244792334652132,-6.661926010094183,0.9031556850078767,-2.3142745585869733,0.36318706541602797,1.477123772320795
2007-03-19,log_density,1629,4118,10.707325964457615,11.197192946234331,-6.571165247356239,0.9056354295466166,-2.17898127417755,0.36307824742305755,1.4466605245510133
2007-03-19,unweighted,1629,4118,10.699748032257448,11.224443121110522,-6.565918493827778,0.9050567358887265,-2.1646777281890044,0.36307725099237603,1.4434022946422271
2007-03-19,1_over_t,1629,4118,10.768209698013207,11.194324954760084,-6.615091967984193,0.9031890331408124,-2.2876022697751193,0.36314942828347263,1.471168040816034
2007-03-26,log_density,1629,4118,10.669864141795259,11.146035256496113,-6.526529426394623,0.9058492537305053,-2.1588053865785333,0.363042473260407,1.4420624920146299
2007-03-26,unweighted,1629,4118,10.659819078173264,11.139587741182048,-6.519717857745912,0.9050759312076985,-2.1393466509495256,0.36304054625082877,1.4376139651875515
2007-03-26,1_over_t,1629,4118,10.727629629673059,11.131549813729293,-6.568306711363173,0.9032226660692311,-2.260913979510402,0.3631119122797324,1.465184505652914
2007-04-02,log_density,1629,4118,10.632491525733409,11.117386236736955,-6.48194497986588,0.9060762233761601,-2.1390573625244462,0.3630073628285399,1.437547726140479
2007-04-02,unweighted,1629,4118,10.61987584875927,11.067595594725184,-6.473567860988236,0.9050950519468863,-2.114007699965888,0.3630039804288608,1.4318004253681678
2007-04-02,1_over_t,1629,4118,10.687030537742823,11.10329655951844,-6.521570368457751,0.9032565883628242,-2.2342101521616646,0.36307452379153,1.4591729295477538
2007-04-09,log_density,1629,4118,10.59519874326497,11.055203413015967,-6.437411418192343,0.9063125084274166,-2.1196913615127366,0.3629730893451066,1.4331064849376882
2007-04-09,unweighted,1629,4118,10.579918167178914,10.998618928841097,-6.427468640989292,0.905114094675144,-2.0886613652306245,0.3629675601310476,1.4259614799506433
2007-04-09,1_over_t,1629,4118,10.646412186439935,11.088750628118856,-6.474883067935229,0.9032908046917321,-2.2074912626672534,0.3630372693948045,1.453133072070358
2007-04-16,log_density,1629,4118,10.557982412601271,11.032978859320055,-6.39292838553251,0.9065568655501102,-2.1006898245286,0.36293985347832736,1.4287354086470327
2007-04-16,unweighted,1629,4118,10.539945853535386,11.060942598425555,-6.381420335694568,0.9051330558636487,-2.0633081465718988,0.3629312921512865,1.4200969314138678
2007-04-16,1_over_t,1629,4118,10.6057743358144,10.935476737791085,-6.4282449388992235,0.9033253198291697,-2.180757796777831,0.36300015586062406,1.447064689587098
2007-04-23,log_density,1629,4118,10.520850974927459,10.990838470268756,-6.348496378990744,0.906812661934365,-2.082087339678156,0.3629079262841892,1.4244431359867962
2007-04-23,unweighted,1629,4118,10.499958724802205,10.95821646309846,-6.335423083557127,0.9051519318829345,-2.0379485538605415,0.36289518347853733,1.4142065799143941
2007-04-23,1_over_t,1629,4118,10.565116741651494,10.973036425847628,-6.381656110885423,0.9033601386541285,-2.1540102513088963,0.36296319016131146,1.4409675352034361
2007-04-30,log_density,1629,4118,10.483792974856684,10.947690659836908,-6.304114011826172,0.9070757347724558,-2.0638328409515463,0.3628775385806031,1.420218545848162
2007-04-30,unweighted,1629,4118,10.459956594752622,10.944152559628016,-6.289477023534645,0.9051707189998259,-2.0125831072231897,0.3628592413027592,1.4082902232514245
2007-04-30,1_over_t,1629,4118,10.52443915537094,10.849786542415728,-6.335116713856758,0.9033952661541569,-2.1272491343984687,0.36292637947678563,1.4348413587047841
2007-05-07,log_density,1629,4118,10.44683756983758,10.860951477487287,-6.259785231436006,0.9073563970182066,-2.046043202533205,0.3628491515592639,1.4160894113468734
2007-05-07,unweighted,1629,4118,10.419939273886316,10.92132270222324,-6.243582295085464,0.9051894133742617,-1.9872123372605244,0.3628234730210525,1.4023476568311768
2007-05-07,1_over_t,1629,4118,10.48374132392334,10.938920700623973,-6.2886268781981975,0.9034307074282241,-2.10047496577341,0.36288973120113105,1.428685906496407
2007-05-14,log_density,1629,4118,10.409999615186377,10.86762562319528,-6.215512331309249,0.9076600730602122,-2.0287741173462743,0.3628232831201592,1.412069552463311
2007-05-14,unweighted,1629,4118,10.37990656935434,10.850587802504222,-6.197739038164788,0.9052080110560111,-1.9618367852709429,0.362787886244013,1.396378673630662
2007-05-14,1_over_t,1629,4118,10.443022989683325,10.869012129291272,-6.242186734711487,0.9034664676896648,-2.073688277021376,0.36285325294940196,1.4225009215416005
2007-05-21,log_density,1629,4118,10.81785328446366,10.691196749077108,-6.517518661878911,0.9613471275919834,-2.700079516315831,0.3671160206707432,1.5607314243970192
2007-05-21,unweighted,1629,4118,10.33985828488192,10.805182771766624,-6.15194739322054,0.9052265079812728,-1.9364570034802346,0.3627524888023076,1.390383064160965
2007-05-21,1_over_t,1629,4118,10.402283890339914,10.821513650647084,-6.195796414609328,0.9035025522692133,-2.0468896118733753,0.3628169525646746,1.4162861432991953
2007-05-28,log_density,1629,4118,10.897977776031249,10.98223369608894,-6.564217391819415,0.9617574220673086,-2.872844475287512,0.3696901890504798,1.59675275655373
2007-05-28,unweighted,1629,4118,10.299794220688815,10.815995361862843,-6.106207501188606,0.9052448999691548,-1.9110735552774702,0.36271728875347936,1.384360616430034
2007-05-28,1_over_t,1629,4118,10.36152375878286,10.74846291807507,-6.149456049509119,0.903538966618125,-2.0200795264914717,0.362780838125353,1.4100413076590481
2007-06-04,log_density,1629,4118,10.911503547580303,11.073836496022778,-6.558857634495139,0.9618483545938886,-2.9375773822897173,0.3710319209560727,1.6100419689334975
2007-06-04,unweighted,1629,4118,10.25971417340768,10.712906643698677,-6.060519503488235,0.9052631827180299,-1.8856870154565595,0.36268229438899235,1.3783111159048116
2007-06-04,1_over_t,1629,4118,10.320742322986177,10.708379945526424,-6.103165771426531,0.9035757163113907,-1.9932585897670272,0.3627449179527437,1.4037661468766656
2007-06-11,log_density,1629,4118,10.908304110987295,11.122385925525833,-6.540509249814849,0.9617199159889749,-2.9743864040649797,0.372038393808353,1.617549911707629
2007-06-11,unweighted,1629,4118,10.219617935999764,10.63912003538452,-6.014883542016465,0.9052813518017614,-1.8602979704654707,0.36264751424152375,1.3722343454731252
2007-06-11,1_over_t,1629,4118,10.27993930588782,10.684491601506181,-6.056925712768509,0.9036128070510447,-1.9664273836269874,0.36270920061890755,1.3974603895062974
2007-06-18,log_density,1629,4118,10.879829799737887,11.113884485796248,-6.502513046297425,0.9615851958301104,-2.9686629614563445,0.3723714270360172,1.616384789774302
2007-06-18,unweighted,1629,4118,10.179505297668337,10.580973941832028,-5.969299759142904,0.905299402665793,-1.834907018660041,0.36261295709251684,1.3661300854045721
2007-06-18,1_over_t,1629,4118,10.23911442526551,10.599955760505562,-6.010736006325928,0.903650244669573,-1.9395865033482345,0.36267369495479995,1.3911237603323976
2007-06-25,log_density,1629,4118,10.859341621918347,11.042168186050098,-6.470815102008778,0.9613460164493104,-2.9760697180790534,0.37296064937977486,1.6178924244769337
2007-06-25,unweighted,1629,4118,10.139376043769412,10.59930350286075,-5.923768297703459,0.9053173306230994,-1.8095147705667065,0.3625786319800009,1.3599981133113754
2007-06-25,1_over_t,1629,4118,10.198267393609008,10.576981163068735,-5.96459678526579,0.9036880351334188,-1.912736557882737,0.36263841005871555,1.384755980299996
2007-07-02,log_density,1629,4118,10.844712289445717,10.97755783039105,-6.4437599783441195,0.9610077392435367,-2.992999974535778,0.3737669911762693,1.621333289349037
2007-07-02,unweighted,1629,4118,10.099229955720057,10.616417474921366,-5.878289300994192,0.9053351308499894,-1.7841218491512332,0.36254454820669324,1.3538382041084724
2007-07-02,1_over_t,1629,4118,10.157397917988018,10.546366833434057,-5.918508183122861,0.903726184546595,-1.8858781701910474,0.36260335530504545,1.3783567664432979
2007-07-09,log_density,1629,4118,10.836099032484901,10.975271910828525,-6.4214786186774075,0.9605399650172814,-3.019687760133511,0.37482348732482107,1.626742472435575
2007-07-09,unweighted,1629,4118,10.059066810903733,10.492772645450035,-5.832862912764357,0.9053527983817571,-1.7587288900952842,0.3625107153483919,1.3476501299732284
2007-07-09,1_over_t,1629,4118,10.116505699916592,10.557589958593638,-5.872470333791083,0.9037646991544018,-1.8590119775877119,0.36256854035336455,1.371925831813254
2007-07-16,log_density,1629,4118,10.825789365289083,10.968083364796694,-6.39792131954345,0.9600413014298661,-3.043403281627053,0.37588718940268717,1.631534176797163
2007-07-16,unweighted,1629,4118,10.01888638257278,10.438748798213823,-5.787489277209303,0.9053703281081741,-1.733336542079365,0.36247714326267255,1.3414336603043668
2007-07-16,1_over_t,1629,4118,10.075590435212186,10.4610930200061,-5.8264833715142075,0.9038035853472557,-1.8321386320934732,0.3625339751578592,1.3654628854027635
2007-07-23,log_density,1629,4118,10.813307305824374,10.934538958673429,-6.372779626496266,0.959512629297546,-3.063039051800013,0.3769412167490363,1.6354909463593372
2007-07-23,unweighted,1629,4118,9.978688439748213,10.391909792459643,-5.742168538962765,0.9053877147688162,-1.7079454670752519,0.36244384209790176,1.3351885616808297
2007-07-23,1_over_t,1629,4118,10.034651813851163,10.415442628705833,-5.780547430875942,0.9038428496646316,-1.805258800802275,0.36249966997711414,1.3589676320713082
2007-07-30,log_density,1629,4118,10.798539567810668,10.88665764081167,-6.346011749211375,0.9589597544144293,-3.078173191300034,0.37797890461023187,1.6385340800354866
2007-07-30,unweighted,1629,4118,9.938472747116283,10.365768363698244,-5.696900843088716,0.9054049529482173,-1.6825563406455601,0.36241082230258026,1.3289145978199401
2007-07-30,1_over_t,1629,4118,9.993689519819489,10.351598517103568,-5.734662646789828,0.9038824987991221,-1.7783731662575435,0.3624656353842723,1.3524397724675874
2007-08-06,log_density,1629,4118,10.783511641375618,10.873462971916695,-6.319123503406004,0.9583562117116726,-3.0925476445348954,0.37906447931993126,1.6414192338028315
2007-08-06,unweighted,1629,4118,9.8982390649219,10.29119465922396,-5.651686335072739,0.9054220370708438,-1.657169852251677,0.3623780946350293,1.3226115295351237
2007-08-06,1_over_t,1629,4118,9.952703230957917,10.310043335999696,-5.688829154488018,0.9039225396006184,-1.7514824268390896,0.3624318822775822,1.3458790029503422
2007-08-13,log_density,1629,4118,10.750732504710262,10.819680836173085,-6.278634722442674,0.9579841705327695,-3.07611070248348,0.3794950324368797,1.6381196928275867
2007-08-13,unweighted,1629,4118,9.857987148858777,10.257535493749842,-5.606525160812811,0.905438961395881,-1.63178670557061,0.36234567017343516,1.3162791146932635
2007-08-13,1_over_t,1629,4118,9.911692618803034,10.245414633035484,-5.643047089510102,0.9039629790806142,-1.7245872971634348,0.36239842189135324,1.3392850155079237
2007-08-20,log_density,1629,4118,10.700537079544771,10.798375366190726,-6.224822407696601,0.9578231654285364,-3.0296936812116746,0.3792411941379585,1.628765880847341
2007-08-20,unweighted,1629,4118,9.817716749956222,10.156828384472988,-5.561417466609676,0.905455720011824,-1.6064076188204104,0.36231356032626727,1.309917108171559
2007-08-20,1_over_t,1629,4118,9.870657348422666,10.216639183064402,-5.597316587690694,0.9040038244166388,-1.6976885084971145,0.3623652658073362,1.332657497676375
2007-08-27,log_density,1629,4118,10.647321196232626,10.799985793805133,-6.169154324034661,0.9576913698706533,-2.97649320073617,0.3789156448102038,1.617978581308799
2007-08-27,unweighted,1629,4118,9.77742761446238,10.1599310589081,-5.516363399156422,0.905472306830864,-1.581033325095698,0.3622817768430854,1.3035252618142177
2007-08-27,1_over_t,1629,4118,9.829597078245813,10.159930970017815,-5.551637785146755,0.9040450829568225,-1.6707868091811844,0.362332425966546,1.3259961324554594
2007-09-03,log_density,1629,4118,10.569624006662004,10.666188053726238,-6.093907709713211,0.9573401145108982,-2.8863657836387446,0.377524815187816,1.599537708909161
2007-09-03,unweighted,1629,4118,9.737119483723815,10.138114335525785,-5.471363105527799,0.9054887155830628,-1.5556645727113767,0.36225033182575234,1.2971033243884447
2007-09-03,1_over_t,1629,4118,9.78851145988693,10.120066862919373,-5.506010818264052,0.904086762224596,-1.6438829650698863,0.36229991468154815,1.3193005982232138
2007-09-10,log_density,1629,4118,10.482267300319648,10.600475957654716,-6.011427231578105,0.956681875668831,-2.7809031076492334,0.37582645143622473,1.5776854488855452
2007-09-10,unweighted,1629,4118,9.696792094061339,10.121254532465272,-5.426416733168597,0.905504939810303,-1.530302125557748,0.3622192377400713,1.2906510415404844
2007-09-10,1_over_t,1629,4118,9.747400137964645,10.063750956953461,-5.460435823682959,0.9041288699235328,-1.6169777599843385,0.3622677446492313,1.312570568649111
2007-09-17,log_density,1629,4118,10.401524086195915,10.523167394586949,-5.934394334468502,0.9562196107846965,-2.686480280079465,0.37445976399115816,1.5578606356092568
2007-09-17,unweighted,1629,4118,9.656445176641823,10.040675751001451,-5.381524429881448,0.9055209728600072,-1.5049467634651594,0.3621885074278644,1.2841681557511968
2007-09-17,1_over_t,1629,4118,9.706262749913947,10.00516974403871,-5.4149129382834955,0.9041714139423329,-1.5900719961790308,0.36223592896408463,1.3058057126051323
2007-09-24,log_density,1629,4118,10.325470210366117,10.489366816601553,-5.8609444208040635,0.9558042821883566,-2.601300789341319,0.3732896172443108,1.5397575566736552
2007-09-24,unweighted,1629,4118,9.61607845734599,9.969170228382339,-5.336686343814124,0.9055368078786147,-1.4795992825790605,0.36215815411951224,1.2776544062913309
2007-09-24,1_over_t,1629,4118,9.665098925792321,10.015143287545728,-5.36944229916957,0.9042144023599569,-1.5631664948247743,0.3622044811320067,1.2990056940755108
2007-10-01,log_density,1629,4118,10.253327839089833,10.42780254760246,-5.790711735897382,0.9554403546515322,-2.522784309384763,0.3722982606132943,1.5228799634893726
2007-10-01,unweighted,1629,4118,9.57569165663187,9.921932352821088,-5.291902623445826,0.9055524378048035,-1.4542604957466971,0.3621281914469764,1.2711095291767593
2007-10-01,1_over_t,1629,4118,9.623908288078962,9.96352852070447,-5.3240240436523,0.9042578434509116,-1.5362620965064386,0.36217341508466727,1.292170172064574
2007-10-08,log_density,1629,4118,10.194975489910199,10.376155733319159,-5.731443037387201,0.9552623360807305,-2.465468941172316,0.3717995315498869,1.5104406025558053
2007-10-08,unweighted,1629,4118,9.535284489393913,9.890778745432918,-5.247173417573025,0.9055678553624495,-1.4289312329145285,0.36209863345732374,1.264533257123387
2007-10-08,1_over_t,1629,4118,9.582690451467629,9.881216841654165,-5.278658309232762,0.9043017456906938,-1.5093596617382659,0.3621427451944517,1.2852988005032373
2007-10-15,log_density,1629,4118,10.141519312715067,10.32926277372168,-5.67619008827222,0.9550992686450647,-2.4154106646604605,0.3714758274182531,1.4994918551914391
2007-10-15,unweighted,1629,4118,9.49485666481768,9.849777835282282,-5.202498875294264,0.9055830530533069,-1.4036123415390254,0.3620694946267768,1.257925319502371
2007-10-15,1_over_t,1629,4118,9.541445022651578,9.918003454824357,-5.2333452335834325,0.9043461177613942,-1.4824600714945588,0.3621124862900097,1.2783912281534233
2007-10-22,log_density,1629,4118,10.086308144032019,10.271670114949302,-5.61958179210899,0.95491376578485,-2.3633155058040383,0.3710897291959037,1.4880120590526742
2007-10-22,unweighted,1629,4118,9.454407886229204,9.810366344862361,-5.157879145994283,0.9055980231494006,-1.37830468700695,0.362040789875313,1.2512854422945912
2007-10-22,1_over_t,1629,4118,9.5001716001016,9.805929925845641,-5.188084954529017,0.9043909685574694,-1.4555642277593748,0.36208265367244274,1.271447098511172
2007-10-29,log_density,1629,4118,10.033129632714344,10.201080052110164,-5.564474873067439,0.9547141856271796,-2.315246191357794,0.37075738453211726,1.4773402777225373
2007-10-29,unweighted,1629,4118,9.413937850940144,9.817304281629525,-5.113314379327195,0.9056127576851154,-1.3530091530717967,0.36201253458183813,1.2446133480460548
2007-10-29,1_over_t,1629,4118,9.458869773836001,9.754274417645284,-5.142877610026149,0.9044363071916838,-1.4286730540940877,0.36205326313215613,1.2644660497079805
2007-11-05,log_density,1629,4118,9.978247510275239,10.149334097126342,-5.5079886779855425,0.9544875037990015,-2.2655149056710635,0.3703618145345822,1.4662177787775317
2007-11-05,unweighted,1629,4118,9.373446250087335,9.72706603016637,-5.0688047251989286,0.9056272484489682,-1.327726642300965,0.3619847445999588,1.237908755822782
2007-11-05,1_over_t,1629,4118,9.417539125182389,9.75978096697689,-5.097723338142019,0.904482143001227,-1.4017874962240966,0.3620243309664095,1.2574477144105276
2007-11-12,log_density,1629,4118,9.924380994854157,10.087017122213517,-5.452299356349432,0.9542537677843494,-2.2178775215917748,0.36999612463573334,1.455483884106767
2007-11-12,unweighted,1629,4118,9.33293276846685,9.697925588896567,-5.02435033374842,0.90564148697505,-1.3024580765372735,0.36195743627438315,1.2311713811660612
2007-11-12,1_over_t,1629,4118,9.376179226531203,9.667968299347713,-5.052622277031974,0.9045284855540123,-1.374908522646269,0.36199587399759947,1.2503917197190249
2007-11-19,log_density,1629,4118,9.868742518285554,10.0169163999511,-5.395098986018429,0.9539841975651726,-2.1688596230530366,0.36956428919686113,1.4443556561517192
2007-11-19,unweighted,1629,4118,9.292397084362944,9.629722984731075,-4.979951355328136,0.9056554645341195,-1.277204397375444,0.36193062645797736,1.2244009360482087
2007-11-19,1_over_t,1629,4118,9.334789641080238,9.651644018677874,-5.007574564916065,0.9045753446551605,-1.3480371252563073,0.36196790959230823,1.2432976870638026
2007-11-26,log_density,1629,4118,9.81588374251464,9.977335766406886,-5.3398222391867485,0.9537405444522621,-2.125443660293405,0.36920111061310057,1.434427105982673
2007-11-26,unweighted,1629,4118,9.251838869370816,9.621633229918551,-4.935607940483333,0.9056691721243355,-1.2519665666526412,0.361904332529509,1.2175971288285448
2007-11-26,1_over_t,1629,4118,9.29336992256981,9.60741867485828,-4.962580340054165,0.9046227303536742,-1.321174319998307,0.36194045568115746,1.2361652321005359
2007-12-03,log_density,1629,4118,9.760706303156933,9.921536034435654,-5.28299957927495,0.9534464467959389,-2.078248476362496,0.3687894281823985,1.4235557590751167
2007-12-03,unweighted,1629,4118,9.211257788213354,9.529897648614812,-4.891320239930295,0.905682600461607,-1.2267455669542864,0.3618785724121083,1.2107596642098786
2007-12-03,1_over_t,1629,4118,9.2519196150085,9.563020726579456,-4.917639740720088,0.9046706529493068,-1.2943211475370182,0.3619135307795052,1.2289939646040715
2007-12-10,log_density,1629,4118,9.694559559099723,9.888098967800076,-5.217400627370441,0.9527518276339746,-2.017363850072946,0.3680622188439682,1.4094072056269042
2007-12-10,unweighted,1629,4118,9.170653498552019,9.591298431176284,-4.84708840453351,0.9056957399695462,-1.2015424021372327,0.36185336459248296,1.2038882431960294
2007-12-10,1_over_t,1629,4118,9.210438252388778,9.485011470409006,-4.872752905174293,0.9047191229996328,-1.2674786739539252,0.3618871540090293,1.2217834883609577
2007-12-17,log_density,1629,4118,9.626268744437812,9.796358822869532,-5.150199508091405,0.9518864151202514,-1.9542093674179681,0.367322230150279,1.3945795148166182
2007-12-17,unweighted,1629,4118,9.130025650790305,9.528750788108404,-4.802912585281495,0.9057085807690036,-1.1763580978666908,0.3618287281409195,1.196982563049381
2007-12-17,1_over_t,1629,4118,9.168925358392032,9.47524348681214,-4.827919971635225,0.9047681513273231,-1.2406479914678172,0.36186134512024004,1.2145334010606716
2007-12-24,log_density,1629,4118,9.561785186006377,9.761995343212341,-5.08613240854622,0.9511783288815973,-1.8965593847221185,0.36673053172848247,1.380905198125576
2007-12-24,unweighted,1629,4118,9.089373887871403,9.470698263283287,-4.758792933261444,0.9057211126671646,-1.1511937021741652,0.3618046827321109,1.1900423172504175
2007-12-24,1_over_t,1629,4118,9.127380446082586,9.443535728042788,-4.783141078249186,0.9048177490276313,-1.2138302191811818,0.36183612451596914,1.2072432941857087
2007-12-31,log_density,1629,4118,9.501381126719256,9.73242514435831,-5.02528813335663,0.9506305015780054,-1.8450884161186525,0.36627065264927416,1.3685810736077852
2007-12-31,unweighted,1629,4118,9.04869784506789,9.438785533244772,-4.714729599632589,0.9057333251461882,-1.1260502860298764,0.3617812486668489,1.1830671954574488
2007-12-31,1_over_t,1629,4118,9.085803017590102,9.392815871359854,-4.738416363058728,0.9048679274760951,-1.187026503852998,0.3618115132758837,1.1999127529004967
2008-01-07,log_density,1629,4118,9.443803373453887,9.681908985378744,-4.966787222443612,0.9501724298190579,-1.7975661603844793,0.3659030494761396,1.357103057936024
2008-01-07,unweighted,1629,4118,9.007997149764414,9.32395537054093,-4.6707227355980505,0.9057452073513635,-1.1009289439359535,0.36175844689462217,1.1760568834682321
2008-01-07,1_over_t,1629,4118,9.0441925637807,9.313975362701612,-4.693745963969675,0.9049186983364585,-1.1602380207018483,0.36178753318208035,1.1925413559400129
2008-01-14,log_density,1629,4118,9.388529974600063,9.620229591552002,-4.910281907064029,0.9497793345136769,-1.752964930479679,0.3656075019177412,1.3462415351276804
2008-01-14,unweighted,1629,4118,8.967271421232674,9.322113200158853,-4.62677249237544,0.9057567480787605,-1.075830794538423,0.36173629903716614,1.1690110631829567
2008-01-14,1_over_t,1629,4118,9.002548563914253,9.33658562249795,-4.6491300187160105,0.9049700735688204,-1.1334659742352806,0.3617642067458091,1.1851286754968036
2008-01-21,log_density,1629,4118,9.336233040758446,9.538490963113404,-4.856371658990822,0.949460360967614,-1.711782732822443,0.36538911943655966,1.3361342342654248
2008-01-21,unweighted,1629,4118,8.92652027039795,9.337342826046786,-4.582879021165646,0.9057679357623509,-1.0507569812589987,0.3617148274130088,1.1619294125688664
2008-01-21,1_over_t,1629,4118,8.960870485289675,9.23712822661384,-4.604568664823556,0.9050220654380127,-1.1067115991125602,0.3617415572353918,1.1776742771081712
2008-01-28,log_density,1629,4118,9.285470921649726,9.51951214438343,-4.803583739946494,0.9491594214815648,-1.6734126855139264,0.36520832769069617,1.326647821768884
2008-01-28,unweighted,1629,4118,8.885743299597774,9.226066912154707,-4.53904247312031,0.9057787584605723,-1.0257086729490905,0.36169405506306285,1.1548116056272242
2008-01-28,1_over_t,1629,4118,8.9191577828759,9.202764019758941,-4.5600620395715215,0.9050746865222149,-1.079976161038629,0.3617196087053927,1.1701777195427512
2008-02-04,log_density,1629,4118,9.237390164905495,9.4939093340307,-4.7530198283479805,0.9488956154449448,-1.6384543278901957,0.3650853471880974,1.3179454541876978
2008-02-04,unweighted,1629,4118,8.844940102331075,9.201628737253198,-4.4952629993073625,0.905789203842306,-1.000687064563813,0.3616740057773161,1.1476573123620213
2008-02-04,1_over_t,1629,4118,8.877409898928462,9.173216377622033,-4.5156102799522015,0.9051279497218082,-1.0532609576916663,0.36169838602710863,1.1626385546869593
2008-02-11,log_density,1629,4118,9.191630050043157,9.391556641229197,-4.704251957523068,0.9486493475232963,-1.6069239991305575,0.36500856826320804,1.3100468618406014
2008-02-11,unweighted,1629,4118,8.804110262998924,9.130527689361486,-4.451540750674969,0.9057992591722414,-0.9756933778612094,0.361654704122674,1.1404661987519507
2008-02-11,1_over_t,1629,4118,8.835626262591246,9.147800470183299,-4.471213522628821,0.9051818682684748,-1.0265673196864027,0.36167791492044893,1.1550563274317371
2008-02-18,log_density,1629,4118,9.142971365322063,9.39121180015192,-4.653124773222703,0.9483380057783374,-1.572537738306175,0.36488754644569615,1.3013781876693291
2008-02-18,unweighted,1629,4118,8.76325335663506,9.100692370851661,-4.4078758780135825,0.9058089112955932,-0.9507288621230356,0.36163617547201293,1.133237926724666
2008-02-18,1_over_t,1629,4118,8.793806289481985,9.06756929668322,-4.426871903890995,0.9052364557345458,-0.999896611573813,0.36165822198727726,1.1474305755596081
2008-02-25,log_density,1629,4118,9.091896946966594,9.330542254597304,-4.599911924969722,0.9479109683235559,-1.5363667013147846,0.36474024818935485,1.2921968187230002
2008-02-25,unweighted,1629,4118,8.722368948626617,9.066748913038396,-4.364268531915869,0.905818146622139,-0.925794794901786,0.36161844603450555,1.1259721541347396
2008-02-25,1_over_t,1629,4118,8.751949381261737,9.038858607428775,-4.382585559608313,0.9052917260426026,-0.9732502328804928,0.36163933474629656,1.139760829632823
2008-03-03,log_density,1629,4118,9.034519144944134,9.320590922357573,-4.541718343937027,0.9470169747983416,-1.4932069722188173,0.3645244729260247,1.2811554028240557
2008-03-03,unweighted,1629,4118,8.681456594424457,8.980943113884933,-4.32071886273479,0.9058269511095434,-0.9008924827931966,0.36160154288728236,1.1186685347452008
2008-03-03,1_over_t,1629,4118,8.710054925186515,8.963433284140804,-4.338354625181352,0.9053476934753351,-0.9466296191878252,0.3616212816695578,1.1320466128824853
2008-03-10,log_density,1629,4118,8.973272405807268,9.226632496859136,-4.480883548197935,0.9457928471686587,-1.4446279400638127,0.3642958427969129,1.2686126322678324
2008-03-10,unweighted,1629,4118,8.64051583924239,9.012909706106143,-4.277227020539438,0.9058353102459273,-0.8760232622354511,0.36158549400849943,1.1113267182131221
2008-03-10,1_over_t,1629,4118,8.668122293640913,8.999315371467834,-4.29417923549045,0.9054043726856608,-0.920036243253957,0.36160409222068274,1.1242874410993917
2008-03-17,log_density,1629,4118,8.906362252953453,9.201786332285124,-4.415755389402331,0.9437617444991183,-1.3896193171201516,0.3640674193036167,1.254258365237817
2008-03-17,unweighted,1629,4118,8.599546217745024,8.917511019523857,-4.233793155068528,0.9058432090316481,-0.8511885003371205,0.3615703283118838,1.1039463500799953
2008-03-17,1_over_t,1629,4118,8.626150843652635,8.905896895710578,-4.250059524841799,0.9054617787071066,-0.8934716161811076,0.36158779689489506,1.1164828225272108
2008-03-24,log_density,1629,4118,8.84053162860716,9.14902763692459,-4.351821825787428,0.9418609164570524,-1.3355702556123776,0.36391596612746124,1.2399926585518997
2008-03-24,unweighted,1629,4118,8.558547253723468,8.93591268504957,-4.190417415681603,0.9058506319602433,-0.8263895957336143,0.3615560756828338,1.0965270717669944
2008-03-24,1_over_t,1629,4118,8.584139916386714,8.886944888304555,-4.205995626910895,0.9055199269644575,-0.8669372886288127,0.36157242726095856,1.108632257758088
2008-03-31,log_density,1629,4118,8.772141933043423,9.114658142337852,-4.286947019512926,0.9398910406644446,-1.275755699645413,0.36377196249370175,1.2240114082004472
2008-03-31,unweighted,1629,4118,8.517518459758815,8.85238623232594,-4.147099951307621,0.9058575629984982,-0.8016279794758245,0.3615427670161572,1.0890685205764232
2008-03-31,1_over_t,1629,4118,8.542088836619012,8.861106342897962,-4.161987674683259,0.9055788332846723,-0.8404348520775904,0.36155801600513077,1.1007352396319305
2008-04-07,log_density,1629,4118,8.698613141823174,9.093243061798049,-4.219013144029153,0.9373845324867679,-1.2078916492949454,0.3636372829396124,1.2056229998748969
2008-04-07,unweighted,1629,4118,8.476459336871883,8.783087081309674,-4.103840910390896,0.9058639855655847,-0.7769051159487592,0.36153043425553183,1.0815703296989236
2008-04-07,1_over_t,1629,4118,8.499996912187067,8.796389344854951,-4.118035800392041,0.9056385139080696,-0.81396594014315,0.36154459697724395,1.09279125313938
2008-04-14,log_density,1629,4118,8.618141307081855,8.992939798985159,-4.146924601283831,0.9341838686092472,-1.1293623632146268,0.3635178695164775,1.1839883601639452
2008-04-14,unweighted,1629,4118,8.435369374159926,8.743801248102137,-4.060640440834332,0.9058698825112259,-0.7522225038259922,0.3615191104347828,1.0740321282284673
2008-04-14,1_over_t,1629,4118,8.457863433418302,8.751134081023075,-4.074140135452696,0.9056989854997837,-0.7875322299467853,0.3615322052390361,1.084799775330157
2008-04-21,log_density,1629,4118,8.540084192259572,8.917894790957046,-4.07787569578266,0.9321141022779457,-1.0514028584618664,0.3634064459066057,1.162112370531765
2008-04-21,unweighted,1629,4118,8.394248048418307,8.737511432107931,-4.017498689939561,0.9058752360928303,-0.7275816770575612,0.36150882972107184,1.0664535411847396
2008-04-21,1_over_t,1629,4118,8.415687672533004,8.718816435082044,-4.030300810394267,0.9057602651614898,-0.7611354435408422,0.36152087711485864,1.0767602752265004
2008-04-28,log_density,1629,4118,8.465379105887823,8.88949155461798,-4.011290503857741,0.9302234559744604,-0.9793628361703142,0.36337852934486264,1.1415248022443865
2008-04-28,unweighted,1629,4118,8.353094823747215,8.67069794550163,-3.9744158043440136,0.9058800279515383,-0.7029842058949887,0.3614996274601041,1.0588341895443976
2008-04-28,1_over_t,1629,4118,8.373468883022264,8.67877688272026,-3.9865179547872445,0.905822370443398,-0.734777349396956,0.3615106502449004,1.0686722137441165
2008-05-05,log_density,1629,4118,8.394373051712133,8.805256052341981,-3.9475792591552787,0.928703523842857,-0.9128789251577001,0.363397919971687,1.1221899817477927
2008-05-05,unweighted,1629,4118,8.311909151142778,8.638924802303094,-3.931391929954861,0.905884239087123,-0.678431697955139,0.3614915402234619,1.0511736902821547
2008-05-05,1_over_t,1629,4118,8.331206298998344,8.5801195879394,-3.942791697167925,0.905885319356513,-0.7084597639557506,0.36150156364107267,1.0605350436204126
2008-05-12,log_density,1629,4118,8.326944314946914,8.792372563837553,-3.8863536423699663,0.9273259445366748,-0.8525114233442133,0.3634740831826312,1.1043407386575443
2008-05-12,unweighted,1629,4118,8.270690468071203,8.613458044746018,-3.888427211879272,0.9058878498316776,-0.653925799323815,0.36148460585818154,1.0434716564224589
2008-05-12,1_over_t,1629,4118,8.28889913451652,8.583815309973943,-3.899122164958792,0.9059491303851572,-0.68218455324403,0.361493657745713,1.0523482093520806
2008-05-19,log_density,1629,4118,8.26004637969592,8.727295049571325,-3.826177225130067,0.926244566340375,-0.7919688246678964,0.36353736987371127,1.0861451592801596
2008-05-19,unweighted,1629,4118,8.229438198025344,8.567968509600114,-3.845521794351095,0.9058908398220238,-0.6294681957009032,0.3614788635387003,1.035727697102879
2008-05-19,1_over_t,1629,4118,8.246546582867397,8.50964716459892,-3.8555094843850917,0.9060138224997507,-0.6559536345636021,0.36148697449327466,1.0441111471436235
2008-05-26,log_density,1629,4118,8.193127160376022,8.665705573019743,-3.7666808722361975,0.9254248616468331,-0.7305765887801154,0.36358387639346024,1.0673775354632586
2008-05-26,unweighted,1629,4118,8.18815175006356,8.47388838726954,-3.802675820653843,0.9058931879707669,-0.6050606135912462,0.36147435382130283,1.0279414176511488
2008-05-26,1_over_t,1629,4118,8.204147815836835,8.46533606536469,-3.8119537803870145,0.9060794151698419,-0.6297689782525273,0.36148155737517956,1.0358232848674767
2008-06-02,log_density,1629,4118,8.127268240569066,8.590467935754619,-3.7083151298200034,0.9247689172342776,-0.6706719576951061,0.36363430466051533,1.048740977542438
2008-06-02,unweighted,1629,4118,8.14683051832848,8.482711482957491,-3.759889433039311,0.905894872435918,-0.5807048215398776,0.3614711187012109,1.0201124196761622
2008-06-02,1_over_t,1629,4118,8.161701982932861,8.444895898691223,-3.768455176527561,0.9061459283773805,-0.6036326095257285,0.3614774515080269,1.0274840420383924
2008-06-09,log_density,1629,4118,8.064797886870194,8.599194917159771,-3.652904811575241,0.9246044295913449,-0.6143943640746463,0.36363628588348573,1.0309259281658645
2008-06-09,unweighted,1629,4118,8.105473881546098,8.42988607091386,-3.717162772642215,0.9058958705890041,-0.5564026314166908,0.36146920167246455,1.0122403011753507
2008-06-09,1_over_t,1629,4118,8.119208210577526,8.372305564008867,-3.725013794895754,0.9062133826302228,-0.5775466103988001,0.36147470370536106,1.0190928298039401
2008-06-16,log_density,1629,4118,8.003176418101221,8.519906264577571,-3.598333753594702,0.9245055584753632,-0.5596343816444294,0.3636456926657805,1.0132906757262237
2008-06-16,unweighted,1629,4118,8.064081202503523,8.408361048109143,-3.6744959793900867,0.9058961589815737,-0.5321558997523843,0.36146864779075705,1.0043246566599713
2008-06-16,1_over_t,1629,4118,8.0766656012613,8.29268489130378,-3.6816297560048445,0.9062817989758536,-0.5515131216985258,0.3614733625532184,1.0106490509530184
2008-06-23,log_density,1629,4118,7.941479148908646,8.479441587935995,-3.5439505987043214,0.9243888088744208,-0.50532297310297,0.36367346119396954,0.9954913502537692
2008-06-23,unweighted,1629,4118,8.022651827503834,8.294788698314477,-3.631889191908377,0.9058957133100051,-0.507966529126082,0.3614695037393921,0.9963650772994956
2008-06-23,1_over_t,1629,4118,8.03407323265835,8.304707332796657,-3.6383031786853732,0.9063511990153138,-0.5255343451660444,0.3614734784896859,1.0021520999452094
2008-06-30,log_density,1629,4118,7.882639043403092,8.359750867282076,-3.491594443635564,0.9243733524375722,-0.45535363078292623,0.3636995514431126,0.9788291917565415
2008-06-30,unweighted,1629,4118,7.981185085798205,8.294196504640137,-3.589342547420668,0.9058945083785162,-0.48383646961113547,0.3614718178985471,0.9883611510884074
2008-06-30,1_over_t,1629,4118,7.991430156700621,8.266842467204697,-3.5950341799729637,0.9064216049173098,-0.49961254565792346,0.36147510388872556,0.993601362963812
2008-07-07,log_density,1629,4118,7.826520824160188,8.3347369757231,-3.441199590520267,0.9244673155556808,-0.4093009301917876,0.3637139366523844,0.963217834843323
2008-07-07,unweighted,1629,4118,7.93968028899242,8.263200561371557,-3.5468561816432786,0.9058925180602674,-0.4597677202779271,0.36147564041803676,0.9803124630363915
2008-07-07,1_over_t,1629,4118,7.948735398607531,8.215977176844923,-3.5518228749898966,0.9064930394324868,-0.4737500534500805,0.36147829314853075,0.9849962179955065
2008-07-14,log_density,1629,4118,7.773824528785414,8.155361197342291,-3.393333824930841,0.9247185427894489,-0.3675288064350055,0.36369010067628876,0.9488354182430645
2008-07-14,unweighted,1629,4118,7.898136730427918,8.222030372450442,-3.5044302286744204,0.9058897152564416,-0.43576233075989057,0.3614810232937843,0.9722185953854957
2008-07-14,1_over_t,1629,4118,7.905987955870247,8.141517824502492,-3.5086693768212145,0.9065655259078382,-0.4479492666521525,0.36148310278470747,0.9763360349407435
2008-07-21,log_density,1629,4118,7.721494463648983,8.083554088941053,-3.346283740642756,0.9250930525043697,-0.32548607926358275,0.36363261008860626,0.9341362627816399
2008-07-21,unweighted,1629,4118,7.856553684534815,8.156185685567198,-3.4620648208771385,0.9058860718531787,-0.41182240288367367,0.36148802044822237,0.9640791278563143
2008-07-21,1_over_t,1629,4118,7.863186797186137,8.116310625689346,-3.465573796383936,0.9066390883012208,-0.4222126537366113,0.36148959152858867,0.9676201757581688
2008-07-28,log_density,1629,4118,7.668409053238345,8.071710103076839,-3.2990366909539177,0.9254792006170103,-0.2826638747718304,0.3635862452404446,0.9189229068457481
2008-07-28,unweighted,1629,4118,7.814930406156176,8.140723660066264,-3.419760088756043,0.905881558676231,-0.3879500923680701,0.361496687814862,0.9558936379267019
2008-07-28,1_over_t,1629,4118,7.820330861342032,8.068914892081867,-3.422536242289812,0.9067137511959431,-0.39654275619192814,0.3614978204310173,0.958847994648405
2008-08-04,log_density,1629,4118,7.61627947524224,7.968840444497584,-3.252748930963756,0.9259090837313595,-0.24098177982342772,0.36352833339898755,0.9038687023943796
2008-08-04,unweighted,1629,4118,7.773266129841721,8.067855023594042,-3.3775161608272355,0.9058761454431983,-0.36414761059533074,0.3615070834272822,0.9476617011464583
2008-08-04,1_over_t,1629,4118,7.777419056042288,8.04369139958864,-3.379556820700844,0.9067895398153845,-0.3709421913055355,0.3615078529719568,0.9500188382817325
2008-08-11,log_density,1629,4118,7.565772102539101,7.926578182495138,-3.2075482866633873,0.9262987771902859,-0.2019398574304927,0.36347556031570133,0.8895369947313161
2008-08-11,unweighted,1629,4118,7.73156006910902,8.045544248168015,-3.335333163481118,0.9058698007131892,-0.3404172264575758,0.36151926751281377,0.9393828914914117
2008-08-11,1_over_t,1629,4118,7.7344502566788425,7.971435850400892,-3.33663563517738,0.9068664800375994,-0.34541365508531796,0.3615197551763159,0.941132046075672
2008-08-18,log_density,1629,4118,7.518234212955742,7.897220586254502,-3.1640818001263815,0.9266208123464785,-0.16748760313756605,0.36342203854428506,0.8766955152582518
2008-08-18,unweighted,1629,4118,7.689811415670845,7.955938222115471,-3.2932112208375943,0.9058624918337487,-0.31676126828400686,0.36153330259120714,0.9310567817616794
2008-08-18,1_over_t,1629,4118,7.691423305039407,7.950954627969891,-3.293772786518106,0.9069445984098556,-0.31995992532799655,0.36153359573640487,0.9321869505288831
2008-08-25,log_density,1629,4118,7.473560468092655,7.884302187982314,-3.1226875457565395,0.9268763594554061,-0.1362992041252813,0.36333331719607814,0.8649061740685859
2008-08-25,unweighted,1629,4118,7.648019338626279,7.9096606490345245,-3.2511504545931986,0.9058541848848713,-0.2931821258518248,0.361549253578598,0.9226829440283029
2008-08-25,1_over_t,1629,4118,7.648337007950753,7.874248498777419,-3.2509683725918403,0.9070239221630435,-0.29458386484464616,0.361549446141472,0.9231828776190564
2008-09-01,log_density,1629,4118,7.428615742507128,7.77519594577636,-3.081013882052789,0.9271208717445026,-0.10566978584030018,0.363275461223205,0.8531695895815571
2008-09-01,unweighted,1629,4118,7.606182983613878,7.839533203641388,-3.20915098385982,0.9058448446199173,-0.26968225248605626,0.3615671878971052,0.9142609501336656
2008-09-01,1_over_t,1629,4118,7.605190135852059,7.850506283514777,-3.208222488160437,0.9071044792258889,-0.2692884248509553,0.3615673808148045,0.9141191472722568
2008-09-08,log_density,1629,4118,7.382057548166077,7.725473745883104,-3.0388214033731136,0.9273702673783522,-0.07266661558839149,0.3632276471995219,0.8403399842784084
2008-09-08,unweighted,1629,4118,7.564301471924566,7.83911702377803,-3.167212924994202,0.9058344344032253,-0.24626416725361455,0.36158717559042003,0.9057903722516327
2008-09-08,1_over_t,1629,4118,7.5619814212948,7.792687402412768,-3.1655352246921966,0.9071862982388916,-0.2440766485354442,0.36158747725891777,0.9049950739139404
2008-09-15,log_density,1629,4118,7.3369739646627785,7.688165750109061,-2.9974180423504753,0.9275614354859272,-0.042262832181686916,0.3631892037006659,0.828345031127838
2008-09-15,unweighted,1629,4118,7.522373899572018,7.781518518282017,-3.125336391417965,0.9058229161442057,-0.2229304572562949,0.3616092894457744,0.8972707835136675
2008-09-15,1_over_t,1629,4118,7.518709557364606,7.747481647823266,-3.122906670165606,0.9072694085678998,-0.2189516748163045,0.3616098162093978,0.8958099671119245
2008-09-22,log_density,1629,4118,7.29329959222977,7.623958724932525,-2.957071475861536,0.9276682940256052,-0.013562562138431433,0.36314130702390324,0.8168605573865609
2008-09-22,unweighted,1629,4118,7.480399336317736,7.717663832295553,-3.0835214934272828,0.90581025022768,-0.19968378002814768,0.3616336051227021,0.8887017587080454
2008-09-22,1_over_t,1629,4118,7.475373196019372,7.680882732532536,-3.080336908862486,0.907353840317219,-0.19391674229806233,0.3616344817980071,0.8865631323228265
2008-09-29,log_density,1629,4118,7.24927667880072,7.526508443122175,-2.9165453695878507,0.9277571963252011,0.015025501590935186,0.36311474196905147,0.8052581690961892
2008-09-29,unweighted,1629,4118,7.438376824648508,7.676581321388049,-3.0417683379916816,0.9057963954402132,-0.17652686604394607,0.3616602012890398,0.8800828750604381
2008-09-29,1_over_t,1629,4118,7.431970946339208,7.640752550964708,-3.0378260211501154,0.9074396243421424,-0.16897519344356526,0.36166156172571684,0.8772538717562819
2008-10-06,log_density,1629,4118,7.53894928605938,7.650211506631024,-3.1036578240618624,0.9647038805623115,-0.284134266215722,0.36295376769831983,0.9194494630992479
2008-10-06,unweighted,1629,4118,7.396305378703373,7.627330694399255,-3.0000770285413774,0.9057813088921676,-0.15346252134484817,0.3616891597646493,0.8714137131047052
2008-10-06,1_over_t,1629,4118,7.388501372681905,7.600264848737799,-2.9953740832516624,0.9075267922607734,-0.14413047897410114,0.36169114744638003,0.8678814853717056
2008-10-13,log_density,1629,4118,7.315547002212537,7.39138750852522,-2.941450711350596,0.9635540635620256,-0.07007124208260662,0.36180646486104495,0.8393227451117469
2008-10-13,unweighted,1629,4118,7.354183983146555,7.567602561670949,-2.95844766474212,0.9057649459351844,-0.1304936302874693,0.3617205656733778,0.8626938576536328
2008-10-13,1_over_t,1629,4118,7.3449629927379405,7.557813275077507,-2.9529811670042743,0.9076153764649917,-0.11938616251377088,0.36172333436182347,0.8584452720252116
2008-10-20,log_density,1629,4118,7.319752723345767,7.475235172896465,-2.935273000874364,0.9634862053027801,-0.08313891355202996,0.3620259138394717,0.8444320832501545
2008-10-20,unweighted,1629,4118,7.3120115919837065,7.53196046677531,-2.9168803422569405,0.9057472600747755,-0.1076231584249756,0.3617545076038144,0.8539228988812709
2008-10-20,1_over_t,1629,4118,7.301354275478637,7.493901569668301,-2.9106473396039987,0.9077054101304022,-0.09474592549584715,0.3617582220291992,0.848944530786825
2008-10-27,log_density,1629,4118,7.290519017859002,7.441260730661947,-2.906648481254271,0.9633185254801045,-0.06331648573954585,0.36232787449262227,0.8366694657190031
2008-10-27,unweighted,1629,4118,7.26978712731773,7.486744281347816,-2.875375152494074,0.9057282028776832,-0.08485415552710363,0.36179107777944525,0.8451004335290029
2008-10-27,1_over_t,1629,4118,7.257673638989997,7.476756148610566,-2.8683726633369484,0.9077969272250761,-0.07021357234808301,0.361795914381512,0.8393785624500314
2008-11-03,log_density,1629,4118,7.247048478327717,7.387357824425774,-2.868017199125184,0.9630743552570042,-0.03113921700647504,0.36257305525514844,0.8239128917939008
2008-11-03,unweighted,1629,4118,7.227509478039816,7.442133643536115,-2.8339321823395935,0.9057077238736383,-0.06218975874736632,0.3618303722388569,0.8362260662492839
2008-11-03,1_over_t,1629,4118,7.213919448184584,7.423479333100014,-2.8261571952956444,0.9078899625168773,-0.04579303597758577,0.3618365199623154,0.8297466712596343
2008-11-10,log_density,1629,4118,7.204956967522851,7.353289391437112,-2.830431341544215,0.9627559465609611,-0.0006471853818323936,0.36286958327907276,0.811639426107339
2008-11-10,unweighted,1629,4118,7.185177498452854,7.4024114170461015,-2.792551513874468,0.9056857704511143,-0.0396331959479157,0.36187249102669006,0.8272994111032994
2008-11-10,1_over_t,1629,4118,7.1700900123832785,7.365182131411117,-2.784000987079841,0.9079845515791358,-0.02148838357670302,0.36188015217565866,0.8200481668871864
2008-11-17,log_density,1629,4118,7.165653924519342,7.315501392112063,-2.7952065191001596,0.9623497414471498,0.027765484733281,0.36326993173159794,0.8000334830554067
2008-11-17,unweighted,1629,4118,7.142790006821595,7.351072082029618,-2.7512332240743773,0.9056622877466439,-0.017187789189995417,0.3619175383961022,0.818320093229488
2008-11-17,1_over_t,1629,4118,7.126183582758017,7.312739169748291,-2.7419040844809572,0.908080730794402,0.0026961772266742567,0.3619269295524616,0.8102823666874539
2008-11-24,log_density,1629,4118,7.127915782032312,7.190977401509948,-2.7616815293036434,0.9618468627967558,0.05566236473715547,0.36380334296677064,0.7884720359013557
2008-11-24,unweighted,1629,4118,7.1003457838455635,7.318449102072691,-2.7099773844913733,0.9056372185272288,0.0051430415984198286,0.361965623023562,0.8092877507031868
2008-11-24,1_over_t,1629,4118,7.082198349625504,7.244998963085722,-2.69986652714884,0.9081785373559802,0.02675629184913131,0.3619769760346021,0.8004485982740975
2008-12-01,log_density,1629,4118,7.089158275835436,7.163069588514709,-2.7278340068399083,0.9612846778393482,0.08472278787209286,0.36443149684405146,0.7762452773027093
2008-12-01,unweighted,1629,4118,7.057843571049567,7.253029795075673,-2.668784060916178,0.9056105030653293,0.02735577476686435,0.362016858236864,0.8002020366095799
2008-12-01,1_over_t,1629,4118,7.038132439581618,7.225555146591299,-2.657888348240163,0.9082780092669045,0.05068745183475043,0.3620304212781151,0.7905462024582148
2008-12-08,log_density,1629,4118,7.048452104114668,7.085761140695297,-2.6930496451344355,0.9606839005104906,0.1156900051790335,0.36514518092439663,0.7630006586541591
2008-12-08,unweighted,1629,4118,7.015282069086251,7.226189652937435,-2.6276533130195725,0.9055820790058817,0.049446782886196305,0.3620713622573282,0.7910626213551509
2008-12-08,1_over_t,1629,4118,6.993983912465199,7.17553406069074,-2.6159695740470172,0.9083791853359741,0.07448498751023247,0.3620874009770332,0.7805745366002573
2008-12-15,log_density,1629,4118,7.006484381715407,7.02312282575585,-2.6574804351540804,0.9600397431700036,0.14717100772252656,0.36591310388302717,0.7492963620370829
2008-12-15,unweighted,1629,4118,6.972659935944808,7.178010081425989,-2.586585193971634,0.90555188122474,0.07141232847950807,0.36212925845723165,0.7818691952457333
2008-12-15,1_over_t,1629,4118,6.949750758138785,7.121447247252201,-2.574110223604692,0.9084821051704184,0.09814406018007271,0.3621480572095411,0.7705329784326276
2008-12-22,log_density,1629,4118,6.963422456911833,6.934120536416401,-2.621672389734756,0.95931996405661,0.17985735093288469,0.3667974286983931,0.7347969490199172
2008-12-22,unweighted,1629,4118,6.929975785059477,7.131828488443583,-2.5455797500369717,0.9055198416778844,0.0932485595254331,0.3621906756336071,0.7726214713633963
2008-12-22,1_over_t,1629,4118,6.905430893073018,7.076960033988152,-2.532310308277306,0.9085868091647108,0.12165965382574917,0.3622125388082733,0.7604209304192917
2008-12-29,log_density,1629,4118,6.915740508079664,6.904451588333487,-2.5830717689887384,0.9586599046403632,0.2161045549028019,0.36769394846286046,0.7183758376144863
2008-12-29,unweighted,1629,4118,6.887228183311137,7.06871011459754,-2.5046370201444526,0.9054858892406867,0.11495150471876414,0.36225574829964513,0.7633191887782815
2008-12-29,1_over_t,1629,4118,6.861022156720108,7.028660279192828,-2.4905698313199403,0.9086933384849815,0.14502656627007648,0.36228100175676026,0.7502378247285638
2009-01-05,log_density,1629,4118,6.857088492932248,6.798026939326036,-2.5360388025339526,0.9582898540232518,0.2578272226533844,0.3681860416520357,0.6989967497181178
2009-01-05,unweighted,1629,4118,6.844415648914354,7.035360209200639,-2.4637570354295284,0.9054499495364504,0.1365170684724133,0.36232461699504176,0.7539621161361221
2009-01-05,1_over_t,1629,4118,6.816522307660883,6.973500911795151,-2.448888787415713,0.9088017350484197,0.16823939976317714,0.3623536096142207,0.7399831289073537
2009-01-12,log_density,1629,4118,6.797465615951896,6.7394296963001565,-2.4890539837715977,0.9578800435017826,0.3001807557218328,0.36879071373989725,0.6787589771237281
2009-01-12,unweighted,1629,4118,6.801536649181946,6.973452988123393,-2.422939818746959,0.9054119447533779,0.15794102564226742,0.3623974286167558,0.7445500556681068
2009-01-12,1_over_t,1629,4118,6.771929019507873,6.9005679182920465,-2.4072671621864252,0.9089120414969705,0.19129255094457243,0.3624305339711159,0.7296563523578994
2009-01-19,log_density,1629,4118,6.726266215353596,6.67083735321188,-2.4341927696596923,0.9574802215290551,0.3491885213368213,0.3691220758036583,0.6545611846282705
2009-01-19,unweighted,1629,4118,6.7585895981583395,6.938278199456448,-2.38218538415195,0.9053717934490383,0.17921901595627077,0.3624743367717697,0.7350828476754709
2009-01-19,1_over_t,1629,4118,6.727239876546183,6.881394275810759,-2.365704931674956,0.9090243011645481,0.2141802001288139,0.36251195493811883,0.7192570537350612
2009-01-26,log_density,1629,4118,6.651313828907013,6.606280884717862,-2.3770490342962023,0.9569766476393433,0.39897420820527185,0.36944234630707323,0.6290268746073538
2009-01-26,unweighted,1629,4118,6.715572854112259,6.887835225056465,-2.3414937363472332,0.9053294103413203,0.2003465381266718,0.3625555021535954,0.7255603755486864
2009-01-26,1_over_t,1629,4118,6.682452369091374,6.826801744577058,-2.3242020617976813,0.9091385580368836,0.23689629985946514,0.36259806167142006,0.7087848493998851
2009-02-02,log_density,1629,4118,6.573682659624102,6.528887415329812,-2.318472393599083,0.9563330324111298,0.44862737776506445,0.3698171360111583,0.6024836213417303
2009-02-02,unweighted,1629,4118,6.672484716878573,6.810380732265841,-2.300864870093487,0.9052847060847626,0.22131894362264204,0.3626410929444238,0.7159825713893403
2009-02-02,1_over_t,1629,4118,6.637563888542652,6.764944484481678,-2.282758507765159,0.9092548567030162,0.25943456266868925,0.3626890529375883,0.6982394230879215
2009-02-09,log_density,1629,4118,6.503455488721947,6.447868549959617,-2.2638546506500656,0.9558025012570806,0.4893550754770597,0.37016730596807357,0.579805266568891
2009-02-09,unweighted,1629,4118,6.629323425037876,6.789962215749178,-2.260298769580168,0.9052375870310433,0.24213143007910054,0.36273128524499804,0.7063494223119942
2009-02-09,1_over_t,1629,4118,6.592571722106666,6.713240844880515,-2.241374213468756,0.9093732422973079,0.2817884479748397,0.36278513772153786,0.6876205369759406
2009-02-16,log_density,1629,4118,6.436392830600021,6.375660168928067,-2.2111958825041507,0.9552910580379723,0.5259089289571938,0.3705533727585634,0.5586676629117303
2009-02-16,unweighted,1629,4118,6.586087152922051,6.767255083673196,-2.2197954077539124,0.9051879549722978,0.262779034314668,0.36282626353448355,0.696660977514543
2009-02-16,1_over_t,1629,4118,6.547473047165477,6.674158932034211,-2.20004911083142,0.9094937604307147,0.30395114804358536,0.3628865358815263,0.6769280443609399
2009-02-23,log_density,1629,4118,6.38047180415778,6.325271148048998,-2.1642872862274136,0.9549671262887509,0.5517766033799831,0.3707776125664487,0.5432126903383856
2009-02-23,unweighted,1629,4118,6.54277400743234,6.696523056130202,-2.1793547456009397,0.9051357068657986,0.2832566249298637,0.362926221162829,0.6869173562179124
2009-02-23,1_over_t,1629,4118,6.502264925260024,6.624861964903004,-2.1587831191200757,0.9096164571098863,0.32591557292871787,0.36299347885552097,0.6661619042018735
2009-03-02,log_density,1629,4118,6.32537928126203,6.255615996503749,-2.119565498610897,0.9545189145561638,0.5784912778821986,0.37131408424162893,0.5267759377863196
2009-03-02,unweighted,1629,4118,6.499382024655513,6.664925232112481,-2.138976731379818,0.9050807345383884,0.3035588944538907,0.3630313608783508,0.6771187565904832
2009-03-02,1_over_t,1629,4118,6.456944295656805,6.577481085753998,-2.117576144217217,0.9097413786424762,0.3476743343024217,0.36310621042374197,0.6553221978156873
2009-03-09,log_density,1629,4118,6.2677499652648745,6.209830337629707,-2.0740350635240805,0.954003205017839,0.6066113939828479,0.37198113298204327,0.5089012698380606
2009-03-09,unweighted,1629,4118,6.455909166262534,6.625956471884267,-2.098661299800597,0.9050229243688938,0.32368035100524406,0.3631418953935464,0.6672654657895
2009-03-09,1_over_t,1629,4118,6.4115079684629634,6.501429834018528,-2.0764280778491635,0.9098685715268342,0.3692197280739071,0.3632249875327138,0.6444091480697548
2009-03-16,log_density,1629,4118,6.213923938135017,6.1828021807624545,-2.029889341897494,0.9535444653463551,0.629936487257555,0.3724621936905062,0.4935836662560511
2009-03-16,unweighted,1629,4118,6.412353315672376,6.5657901532353335,-2.0584083711459495,0.9049621569465667,0.34361530942875507,0.3632580479924379,0.6573578712708177
2009-03-16,1_over_t,1629,4118,6.365952617251631,6.452713084100484,-2.0353387967681056,0.9099980823240085,0.3905437156840842,0.3633500811867458,0.6334231414722229
2009-03-23,log_density,1629,4118,6.16386440246229,6.128696428008443,-1.9868253360001478,0.9531943639107765,0.6485698132687573,0.37269040662863784,0.4809967895886142
2009-03-23,unweighted,1629,4118,6.368712273962204,6.519076981230899,-2.018217850329363,0.9048983067033993,0.3633578818674602,0.3633800531830819,0.6473964735411167
2009-03-23,1_over_t,1629,4118,6.320274771155047,6.432297219367577,-1.9943081618850584,0.9101299575097108,0.41163790395298183,0.36348177741342985,0.6223647536314619
2009-03-30,log_density,1629,4118,6.109817076172482,6.089337221535349,-1.9428098799398996,0.9526868735940801,0.6704184641727469,0.37319254727107587,0.46580493206484724
2009-03-30,unweighted,1629,4118,6.324983755503477,6.480581938642493,-1.97808962588528,0.9048312415179304,0.3829019677240948,0.36350815739925507,0.6373819005525766
2009-03-30,1_over_t,1629,4118,6.274470806379026,6.378955603304306,-1.9533360173504015,0.9102642433035819,0.432493523341833,0.36362037831049304,0.6112347786398892
2009-04-06,log_density,1629,4118,6.046744474171457,6.040927339046899,-1.896041655399469,0.951923405204965,0.6989681373137684,0.3742405306445588,0.4451730643132002
2009-04-06,unweighted,1629,4118,6.2811653833009,6.4370773487313695,-1.938023568885097,0.9047608222879089,0.4022412429629819,0.36364261975573864,0.6273149239700166
2009-04-06,1_over_t,1629,4118,6.228536937087566,6.290167792302159,-1.9124221895787956,0.9104009854727334,0.45310140447686753,0.36376620318219055,0.6000342630365885
2009-04-13,log_density,1629,4118,5.987939477700322,5.979710401029983,-1.8508729985464896,0.9512250949234975,0.7225076837858071,0.3750886184811095,0.42741339337174755
2009-04-13,unweighted,1629,4118,6.2372546840099385,6.359654056542007,-1.8980195317729518,0.9046869024688974,0.42136914869743314,0.36378371286209393,0.6171964775759745
2009-04-13,1_over_t,1629,4118,6.182469205600898,6.262089221892381,-1.871566486214787,0.9105402291061332,0.4734519527641492,0.36391958977438765,0.5887645451217627
2009-04-20,log_density,1629,4118,5.922914145666264,5.894476216579136,-1.8038098349954068,0.9503370429254063,0.7492133047071418,0.37635010313549233,0.4063262615018016
2009-04-20,unweighted,1629,4118,6.193249082605049,6.348596477141591,-1.8580773471139018,0.9046093275755752,0.440278879003116,0.36393172370033977,0.6070276781195465
2009-04-20,1_over_t,1629,4118,6.136263471844264,6.213524367762397,-1.8307686950353101,0.9106820183559247,0.4935351209053267,0.36408089561856977,0.5774273005371907
2009-04-27,log_density,1629,4118,5.851062147604978,5.787174684430077,-1.753504311281267,0.9491934029802885,0.7773302841192596,0.37785222699822396,0.38287166202547684
2009-04-27,unweighted,1629,4118,6.149145896668841,6.285443302174965,-1.8181968262470252,0.9045279346421459,0.45896336789143255,0.36408695457253254,0.5968098489623495
2009-04-27,1_over_t,1629,4118,6.089915401978271,6.153175463944362,-1.7900285827850169,0.910826396141232,0.5133403791011562,0.36425049949625665,0.566024595195793
2009-05-04,log_density,1629,4118,5.778871175604298,5.714623170557161,-1.7024704271977686,0.9479179941564772,0.8023230617565233,0.3792787677154266,0.36074527291027647
2009-05-04,unweighted,1629,4118,6.104942330268613,6.222771636931593,-1.7783777578344864,0.9044425516378429,0.47741527537024553,0.36424972412490714,0.5865445469299753
2009-05-04,1_over_t,1629,4118,6.043420456133358,6.121560613219646,-1.7493458939401223,0.9109734038093791,0.5328566827055594,0.36442880303671227,0.5545589468438191
2009-05-11,log_density,1629,4118,5.714556093045795,5.640655206084631,-1.6542391712751363,0.9468863719554584,0.8205788779260245,0.38023674224036635,0.34368409175115167
2009-05-11,unweighted,1629,4118,6.060635467383943,6.146102105416986,-1.7386199062974763,0.9043529968330761,0.4956269725116881,0.3644203684559817,0.5762335928413113
2009-05-11,1_over_t,1629,4118,5.996773875163593,6.056209086982703,-1.7087203493962453,0.9111230807487325,0.5520724370620682,0.36461623246244834,0.5430333967802354
2009-05-18,log_density,1629,4118,6.03226478681544,6.049740418936574,-1.7135350184961877,0.9271146761857592,0.5103527808660533,0.3646728710340069,0.5677593463486713
2009-05-18,unweighted,1629,4118,6.016222264844438,6.153746465561096,-1.6989230101281074,0.9042590781112342,0.5135905254382345,0.364599242316868,0.5658791062624562
2009-05-18,1_over_t,1629,4118,5.949970666324098,5.9874715051327065,-1.6681516450754217,0.9112754639465528,0.5709754592237024,0.36481324049886266,0.5314515935425402
2009-05-25,log_density,1629,4118,5.9766391055934704,5.9936707897197365,-1.6686037725916005,0.9262504938233445,0.537697229436655,0.36485306594027617,0.5516782905993591
2009-05-25,unweighted,1629,4118,5.971699544732562,6.087930812060215,-1.6592867800657685,0.90416059222058,0.5312976781290925,0.3647867204129764,0.5554835451179683
2009-05-25,1_over_t,1629,4118,5.903005587766196,5.959213207898923,-1.6276394504471159,0.9114305874842843,0.5895529362184189,0.3650203084664635,0.5198178907089018
2009-06-01,log_density,1629,4118,5.922511339378247,5.931864718933333,-1.6248294947922037,0.9254368654080112,0.5633280546505033,0.3650581152194697,0.5361672604800363
2009-06-01,unweighted,1629,4118,5.927063986201948,6.0698354381018795,-1.6197108971248955,0.9040573239600004,0.5487398339371804,0.36498319881738234,0.5450497508927195
2009-06-01,1_over_t,1629,4118,5.855873131732125,5.91327595442732,-1.5871834069580517,0.9115884819616092,0.6077913794795533,0.36523794857654773,0.5081374613693265
2009-06-08,log_density,1629,4118,5.869816893985644,5.86236934402906,-1.58195727422068,0.924698214724365,0.5870641036195259,0.3652807417753637,0.5213915216755372
2009-06-08,unweighted,1629,4118,5.882312116654922,6.001313967739609,-1.5801950104595641,0.9039490452916176,0.5659080356963693,0.3651890965073377,0.5345810002722599
2009-06-08,1_over_t,1629,4118,5.808567506317055,5.847773374110809,-1.5467831263651692,0.9117491738393136,0.6256765750111424,0.3654667064539874,0.496416432294264
2009-06-15,log_density,1629,4118,5.818338458346218,5.857186788712753,-1.5399130255124152,0.9240045126112453,0.6092205468113902,0.36551948771889187,0.5072108164774731
2009-06-15,unweighted,1629,4118,5.83744030221844,5.931064170473977,-1.5407387350490305,0.9038355143723993,0.582792944282693,0.3654048570367994,0.5240810642040303
2009-06-15,1_over_t,1629,4118,5.761082615649589,5.803945493227786,-1.5064381889658776,0.9119126846895261,0.6431935288024235,0.3657071639139945,0.48466204138582014
2009-06-22,log_density,1629,4118,5.767694580901178,5.778722635483831,-1.4985370674405698,0.9233093984894016,0.6301878413481674,0.365774400501852,0.49341601213296943
2009-06-22,unweighted,1629,4118,5.792444737448136,5.915205019540583,-1.5013416491858025,0.9037164744959174,0.5993848154802675,0.36563095035942855,0.5135542755129064
2009-06-22,1_over_t,1629,4118,5.713412038325172,5.784187129032761,-1.4661481417195692,0.9120790303401654,0.6603264069385211,0.36595994202343357,0.47288282264537945
2009-06-29,log_density,1629,4118,5.717793813360973,5.719729579360484,-1.458010223529734,0.9225455197071355,0.650361036547161,0.36605154095017917,0.47976941451582544
2009-06-29,unweighted,1629,4118,5.747321434184363,5.802809961191883,-1.4620032917464316,0.9035916529342686,0.615673474982521,0.36586787481831634,0.5030056063800782
2009-06-29,1_over_t,1629,4118,5.665549003904897,5.697108752040846,-1.425912496254216,0.9122482198984196,0.6770584697808386,0.36622570448155906,0.4610888236318231
2009-07-06,log_density,1629,4118,5.667263000923528,5.672547502673085,-1.4171621645723338,0.9217546927374461,0.6700332073534608,0.36634218088418197,0.4660770985780502
2009-07-06,unweighted,1629,4118,5.702066209473006,5.769620517382496,-1.4227231592220764,0.9034607596688726,0.631648291340905,0.36611615932076136,0.4924407571900274
2009-07-06,1_over_t,1629,4118,5.617486367268836,5.654257956889385,-1.385730726751554,0.9124202546357294,0.6933719995026455,0.36650516136004285,0.4492918612179576
2009-07-13,log_density,1629,4118,5.615724590565084,5.628779540283222,-1.3756827012074908,0.9209181350413267,0.6892495341871067,0.36664399442264567,0.4523020334165947
2009-07-13,unweighted,1629,4118,5.656674672454572,5.7613050025335495,-1.383500702483603,0.9033234859973627,0.6472981466491357,0.3663763657187885,0.48186625847102005
2009-07-13,1_over_t,1629,4118,5.569216580586624,5.615408936245622,-1.345602267704572,0.9125951267139971,0.7092482201635988,0.3667990732479581,0.43750582236155955
2009-07-20,log_density,1625,4118,5.571527358374212,5.580376980098548,-1.337576769135875,0.919574745457195,0.7028382905875155,0.3672084116228832,0.4423021699357432
2009-07-20,unweighted,1625,4118,5.617319970733104,5.750667759039118,-1.3477420765386567,0.9022563461406343,0.6589829762857392,0.36692333146739603,0.4738170406458153
2009-07-20,1_over_t,1625,4118,5.529836642225067,5.616577540052726,-1.309991480511806,0.9116290915511158,0.719449685023308,0.36734746084250125,0.42976201412886716
2009-07-27,log_density,1618,4118,5.52480620579336,5.577860871271302,-1.2978249167689913,0.9172472299520469,0.7168838159266615,0.3682096485491199,0.43172280897810006
2009-07-27,unweighted,1618,4118,5.577286606412278,5.675568257098611,-1.3117183434541095,0.90018362131779,0.6708178807498306,0.36791035098405556,0.46552259432197596
2009-07-27,1_over_t,1618,4118,5.487719817159858,5.571008706386162,-1.2731494587161698,0.9092764615085148,0.730926118861031,0.36835197293411354,0.4208801248191593
2009-08-03,log_density,1611,4118,5.474726204667505,5.547464761719262,-1.2561399176911423,0.9142629197800409,0.7318552558984939,0.36926937371320195,0.4201528273900647
2009-08-03,unweighted,1611,4118,5.536345795441691,5.632222009931695,-1.275312272612805,0.8980076620559057,0.6829018162673985,0.36894584646556444,0.4568982801537328
2009-08-03,1_over_t,1611,4118,5.443775112399066,5.5409050145259755,-1.235548255837234,0.90676039039189,0.7430462641229771,0.3694145140920367,0.4112918598752141
2009-08-10,log_density,1604,4118,5.421741525642153,5.4940122981210395,-1.2129647929426761,0.9108598875653359,0.7475204291318615,0.3703844661784485,0.40769535904516574
2009-08-10,unweighted,1604,4118,5.494139381162936,5.576676877207518,-1.2383326774297962,0.8957179136417317,0.6953816132194144,0.3700169502137754,0.44781713069607076
2009-08-10,1_over_t,1604,4118,5.397330287062228,5.488828990511843,-1.1968700125612695,0.9040702637308152,0.7560352683062599,0.3705262874347341,0.40076166292458987
2009-08-17,log_density,1597,4118,5.367896531083591,5.4537374848452185,-1.1695393486024483,0.9072541667972348,0.7628658650311249,0.3715394224887422,0.3951115117114705
2009-08-17,unweighted,1597,4118,5.451706329512657,5.543839144907863,-1.2013533898308901,0.8933536694152053,0.7076429166418878,0.37110645395308645,0.4387119420219783
2009-08-17,1_over_t,1597,4118,5.350237344301133,5.488122724117165,-1.158026481197216,0.9012666167514316,0.768804982110687,0.37166247423337007,0.3901322761868851
2009-08-24,log_density,1590,4118,5.310010836610979,5.432879681777669,-1.1240559148161897,0.9030100904185799,0.779054347270767,0.37275527961941757,0.3813865529700138
2009-08-24,unweighted,1590,4118,5.407374791619501,5.531276360947733,-1.1634658937099582,0.8908483016172619,0.720516674378521,0.3722217261838267,0.42894399986934234
2009-08-24,1_over_t,1590,4118,5.29944353698061,5.461089295682152,-1.1175441682913252,0.8982518302159205,0.7827147440058307,0.3728470406389159,0.3782141518658878
2009-08-31,log_density,1583,4118,5.244965971193081,5.3908418858953375,-1.0745607045087422,0.8969575780687189,0.7966862241712005,0.374049172486252,0.36585251847935973
2009-08-31,unweighted,1583,4118,5.360626415713785,5.4837098101522965,-1.1243994141245808,0.888184487988848,0.7341443904493874,0.3733437201074541,0.41835557448651295
2009-08-31,1_over_t,1583,4118,5.243926777184257,5.431206452943973,-1.0749518725435847,0.8950092192231821,0.7978899285242648,0.37407062588567147,0.3647679092078715
2009-09-07,log_density,1576,4118,5.176838006674853,5.302755089283794,-1.0240203969062942,0.8912737874288561,0.8142440105852686,0.3753625806924822,0.3496987331171857
2009-09-07,unweighted,1576,4118,5.311017744175091,5.439027624690111,-1.0839272319168463,0.8853544280690211,0.7485768808213946,0.3744368267421226,0.40684150391831114
2009-09-07,1_over_t,1576,4118,5.182778916942958,5.356096461172932,-1.0298405034181564,0.8915469203147048,0.8142185772564491,0.3753099648084314,0.3497226723141905
2009-09-14,log_density,1569,4118,5.106700258345938,5.239192554611652,-0.9728600914237404,0.8857264006040133,0.8308285550056913,0.37669263068638864,0.3337230280331332
2009-09-14,unweighted,1569,4118,5.259660658722438,5.377004492481153,-1.0426668654953017,0.8823892945961412,0.7631231725147507,0.3755030528118589,0.39489709141659407
2009-09-14,1_over_t,1569,4118,5.117876735201927,5.282237666384361,-0.9831478843339235,0.8879068975681874,0.8303911210591997,0.3765648489046436,0.3341542105389771
2009-09-21,log_density,1562,4118,5.033792945068807,5.186793852494517,-0.9206059703078464,0.8801943962446594,0.8462776696022556,0.3780137003935481,0.3181201114109322
2009-09-21,unweighted,1562,4118,5.206148461884639,5.318376316533151,-1.000409023757133,0.8792810392731991,0.7778128709880867,0.3765124408521855,0.38245654258335904
2009-09-21,1_over_t,1562,4118,5.048396209852021,5.2130470192706495,-0.9345016537260553,0.8841001811448994,0.8461636414652454,0.37782022973834023,0.3182380770932737
2009-09-28,log_density,1555,4118,4.95907105468609,5.098252964377055,-0.8678266352465465,0.8749166961077278,0.8599870881546021,0.37930844201392105,0.3036034412941759
2009-09-28,unweighted,1555,4118,5.1507663456038895,5.256741819788379,-0.9573197547108294,0.8760350144997581,0.7923551994849867,0.37745979066050617,0.36972871076588015
2009-09-28,1_over_t,1555,4118,4.974735007589843,5.103006679749867,-0.884121307490931,0.8801440988276743,0.8607691625940451,0.3790800325639134,0.30275433035514654
2009-10-05,log_density,1548,4118,4.881188036569572,5.032941182223525,-0.8137552767399446,0.8696036592356498,0.8718452811394046,0.3805513315414815,0.2904624171792796
2009-10-05,unweighted,1548,4118,5.0930402577936515,5.2045647683459215,-0.913155715984832,0.8726462668878594,0.8067486623719712,0.37830293854891883,0.3566842234144304
2009-10-05,1_over_t,1548,4118,4.895925612832725,5.054590923029382,-0.8315716010488027,0.8760726876560417,0.8737253463341423,0.38032456233146983,0.28832396324882076
2009-10-12,log_density,1541,4118,4.809104814778932,4.97500553228574,-0.7628301146567469,0.8642820872375448,0.8800410569601166,0.3820234599358304,0.28102112064823864
2009-10-12,unweighted,1541,4118,5.039528651574716,5.138084170421248,-0.871445931032929,0.8692007891809327,0.8186328560518699,0.37937501647675004,0.34554288353003126
2009-10-12,1_over_t,1541,4118,4.823542187422623,4.978109639749773,-0.7824139125317553,0.8717491805373567,0.8824843128435618,0.38178767830975885,0.2781445586544868
2009-10-19,log_density,1534,4118,4.7412261802690745,4.921901009128453,-0.7142300507783446,0.858844443898201,0.8854883887684902,0.38367616589732223,0.2745664122042933
2009-10-19,unweighted,1534,4118,4.98926261955612,5.073734168702414,-0.8316477083425593,0.8656943972209548,0.8286180719525449,0.3806206856447212,0.33589625223094327
2009-10-19,1_over_t,1534,4118,4.756034635319003,4.914097093579261,-0.7358645088081842,0.8671796610457891,0.8881083960868541,0.3834148390214022,0.2714072194255851
2009-10-26,log_density,1527,4118,4.676088287724076,4.832690559678653,-0.6674618092340845,0.8536730821595777,0.8888355523827884,0.3853686064300863,0.2705238772047362
2009-10-26,unweighted,1527,4118,4.940418954331305,5.046726292000121,-0.7927752791672857,0.8621207731643973,0.8374402170577182,0.38191775001530953,0.32713664953016475
2009-10-26,1_over_t,1527,4118,4.690130649901836,4.841352744485853,-0.6903514188747747,0.8624335268844807,0.8914151289936165,0.3851128370892491,0.26736669394678425
2009-11-02,log_density,1520,4118,4.6248392709187245,4.811115142377496,-0.6279789387037097,0.8490393650217336,0.8899662210550384,0.387097001586775,0.2691445934995499
2009-11-02,unweighted,1520,4118,4.901380552302132,4.976926439262109,-0.7592772041055063,0.8588497946650895,0.8430024863450328,0.3833408745285569,0.3214911582748511
2009-11-02,1_over_t,1520,4118,4.6408797145642895,4.805778001312065,-0.6529914845830309,0.8578641088146801,0.8922760668694146,0.3867752643573688,0.26630464819892435
2009-11-09,log_density,1513,4118,4.580606170980733,4.785126095601733,-0.5919475822818869,0.8445201444518373,0.8900747586005566,0.3886638669776242,0.2690118183591803
2009-11-09,unweighted,1513,4118,4.868367165784208,4.956381508353047,-0.7290978887972415,0.8559032420460778,0.8467292009741972,0.38461026217753747,0.3176525578513621
2009-11-09,1_over_t,1513,4118,4.6017840731547,4.807177433975792,-0.6206222120719451,0.8537329352299922,0.892196231558334,0.3881799819103288,0.26640331047468835
2009-11-16,log_density,1506,4118,4.533921780723304,4.77144282091826,-0.5548998930554274,0.8398450637975015,0.8896068878545812,0.3903604796469645,0.2695837030170324
2009-11-16,unweighted,1506,4118,4.833227535762471,4.925188867794985,-0.6978892809207876,0.8527089364577214,0.8507896453052906,0.38599379337994016,0.3134166955713206
2009-11-16,1_over_t,1506,4118,4.558585031433084,4.790618445722044,-0.5864489703096248,0.8491606818847643,0.8916239728036779,0.38975323469617984,0.2671094539051787
2009-11-23,log_density,1499,4118,4.48878233314023,4.743435137500082,-0.5189063257101407,0.8354230524886922,0.8885101937724857,0.39204977459719714,0.2709194756445593
2009-11-23,unweighted,1499,4118,4.798422958944104,4.885813312594954,-0.6669630886677267,0.8494451746562766,0.8545445745626777,0.38740054470682606,0.3094479489621225
2009-11-23,1_over_t,1499,4118,4.515560260840528,4.757641428917027,-0.5525117137076558,0.8444201748660767,0.8904377947578158,0.3913571266015691,0.2685672353765167
2009-11-30,log_density,1492,4118,4.442842018402481,4.718599928173745,-0.4828467034869032,0.8311387335992779,0.8867325423584825,0.3937512579243563,0.2730707746608342
2009-11-30,unweighted,1492,4118,4.761818344808382,4.849499982045913,-0.6351932488362523,0.8459806837211085,0.8584510331301439,0.3888509407345449,0.30526428631947194
2009-11-30,1_over_t,1492,4118,4.46892955417087,4.7114929810735156,-0.5170328160470193,0.8393328465305538,0.888385107306666,0.3930592345287846,0.27107141267318735
2009-12-07,log_density,1485,4118,4.390110951685652,4.667996294781409,-0.44374191974650334,0.8266512683434953,0.8836664601907159,0.39551931152327807,0.27674202697959166
2009-12-07,unweighted,1485,4118,4.71899647541254,4.801065426809576,-0.6002721163185863,0.8420486013884624,0.8632683171247751,0.3903559434676964,0.3000248488235184
2009-12-07,1_over_t,1485,4118,4.41072978675059,4.677869946628522,-0.47630892429017596,0.8335554838839424,0.8843246734423387,0.39498012334902455,0.2759580155108605
2009-12-14,log_density,1478,4118,4.334407018158906,4.626860634890448,-0.40331367796377293,0.8220094428271043,0.8791372970672866,0.39730295893256645,0.28207772821578686
2009-12-14,unweighted,1478,4118,4.673598892211403,4.742150747951981,-0.5641429245420957,0.837863811549081,0.8680169845151393,0.39186073799508114,0.2947689058589601
2009-12-14,1_over_t,1478,4118,4.347143073530894,4.611543508611544,-0.4333028619753587,0.8273735264949074,0.8778369028391984,0.3970045569544025,0.2835911432535199
2009-12-21,log_density,1471,4118,4.281404103556464,4.576252926550297,-0.36436131764867,0.8173807964139049,0.8737176408860247,0.3991066830664438,0.2883327600713984
2009-12-21,unweighted,1471,4118,4.629710590786234,4.70140412900035,-0.5289546405118589,0.8336169890477122,0.8719269795287083,0.39341883553147816,0.29036981779994775
2009-12-21,1_over_t,1471,4118,4.285272161106702,4.5436509384855945,-0.39135995355781134,0.8209510153492067,0.8695756177767062,0.39909713883065984,0.2930232225228113
2009-12-28,log_density,1464,4118,4.22751502980726,4.436666920684266,-0.32516883119462625,0.8126393186574714,0.8669790097258547,0.40090921782390965,0.295925734592151
2009-12-28,unweighted,1464,4118,4.584605685717827,4.634951559531913,-0.49327921104882333,0.8291752870591698,0.8754230577718195,0.3949855478171009,0.28637920521087906
2009-12-28,1_over_t,1464,4118,4.220305336668527,4.493193611992382,-0.34823344264235045,0.814162340881676,0.8585768722669043,0.4012838570868911,0.3051285639026342
2010-01-04,log_density,1457,4118,4.1772721304617155,4.40722101112022,-0.2880450040032421,0.8078667522392884,0.8597736449615263,0.40271009248840883,0.3038347678516587
2010-01-04,unweighted,1457,4118,4.541439458434836,4.5984768723629195,-0.45876414025550283,0.8246951324296857,0.8780929566088898,0.3966081445188646,0.2832937839325514
2010-01-04,1_over_t,1457,4118,4.15771824064656,4.43977417544035,-0.3064852216656204,0.8071305386157626,0.8459435853872302,0.40353523624535825,0.318465608471103
2010-01-11,log_density,1450,4118,4.129111093659168,4.3523416634852765,-0.25232752214691523,0.802863064629714,0.8519769779679692,0.4044496987312165,0.3121672074206608
2010-01-11,unweighted,1450,4118,4.497984565063653,4.551885990283882,-0.4242454679503276,0.8200595508131481,0.8802310222932668,0.3982557421078533,0.28079852189547777
2010-01-11,1_over_t,1450,4118,4.093580960827133,4.3469391290655,-0.26428581072124974,0.7997356484286475,0.8306581533921493,0.4058817343938471,0.3338910606155428
2010-01-18,log_density,1443,4118,4.083723293142326,4.303259493184355,-0.21801907334002046,0.7978448492091508,0.8440215603667894,0.4062190731502097,0.32044605677981247
2010-01-18,unweighted,1443,4118,4.456744992143543,4.61714898282872,-0.3910197472105106,0.8154173752645049,0.8816560929945323,0.39994828965471263,0.2791229828383732
2010-01-18,1_over_t,1443,4118,4.032246679604513,4.25849142889736,-0.22365596979698493,0.7921145193359727,0.8141034603842308,0.40827533161421614,0.34983100592752625
2010-01-25,log_density,1436,4118,4.038226579868429,4.251042222832712,-0.18358553204869013,0.7927197905972441,0.8353281029928571,0.40800315752406513,0.3292550087508748
2010-01-25,unweighted,1436,4118,4.415092249182849,4.466256133747844,-0.3577213033739787,0.8106135322351424,0.8826017178427925,0.40166115689779713,0.2780055826472706
2010-01-25,1_over_t,1436,4118,3.9690781592366458,4.181062137945058,-0.18244877101673457,0.7840980253219103,0.7946670296202769,0.4107696067133966,0.3676647476492366
2010-02-01,log_density,1429,4118,3.9977575246663815,4.188324984387403,-0.15166176620171679,0.7875954873598214,0.8274743709424575,0.40975660732927827,0.33701517443895723
2010-02-01,unweighted,1429,4118,4.376715364172912,4.502237726151456,-0.326250164350287,0.8059023478270495,0.8829511542688004,0.4033993232214086,0.27759153198346115
2010-02-01,1_over_t,1429,4118,3.9104803888683977,4.093372536908741,-0.1436208209879702,0.7759580077042108,0.7750328015438163,0.41326046770669034,0.38484180778328264
2010-02-08,log_density,1422,4118,3.9752071288401396,4.229853521187575,-0.12851385005080318,0.7833149365705447,0.8249742222339722,0.4110891775937975,0.3394483126174895
2010-02-08,unweighted,1422,4118,4.351312565864285,4.499605326798899,-0.3015617323842623,0.8022398074635638,0.8827534784266912,0.4048689288378597,0.27782583583826626
2010-02-08,1_over_t,1422,4118,3.87352472546213,4.096274905476901,-0.11497033699336116,0.7691273567646297,0.7641488121458392,0.41513811097612374,0.3940412426537858
2010-02-15,log_density,1415,4118,3.9584362619896027,4.160889792067419,-0.10834139305819823,0.7794913115898877,0.8242369801546596,0.41217736578667935,0.34016247199866023
2010-02-15,unweighted,1415,4118,4.330455252049924,4.512773707075952,-0.2792712417935937,0.7990172950549969,0.8824325483269567,0.4061289478854192,0.2782058118955466
2010-02-15,1_over_t,1415,4118,3.843873627350068,4.109479322539595,-0.08980823752652883,0.7628892838100572,0.7563826985077786,0.41669644370268605,0.4004761988916849
2010-02-22,log_density,1408,4118,3.936844850050057,4.1424654817856785,-0.08595192561175548,0.7752759427549777,0.8218857197289776,0.4135019453221113,0.342430165870807
2010-02-22,unweighted,1408,4118,4.306226780461701,4.66982519802535,-0.25531378476296324,0.7953377736470424,0.8821059068518141,0.40758172679379956,0.27859201795764116
2010-02-22,1_over_t,1408,4118,3.8078464026150254,4.109818504278643,-0.06184679631386337,0.755765536250404,0.7450452714259539,0.4185749121179601,0.4096888850513656
2010-03-01,log_density,1401,4118,3.913629953085872,4.145519762988581,-0.06272467662579959,0.7707685567270814,0.8189961904198948,0.4149368982953727,0.3451965954891272
2010-03-01,unweighted,1401,4118,4.280411120208344,4.5406251261719675,-0.23061894118154905,0.7913886903911563,0.8817101843538471,0.40914111769083866,0.27905918628323906
2010-03-01,1_over_t,1401,4118,3.7683439629946873,4.075076659765979,-0.032453952064318066,0.7480311958354353,0.7312895120964341,0.42064507443383503,0.4205958224858141
2010-03-08,log_density,1394,4118,3.88690237539136,4.1306836349877,-0.037927280567241616,0.7659408682794713,0.8148094558173138,0.41651954418173504,0.3491660822208456
2010-03-08,unweighted,1394,4118,4.2521597888001,4.714406297684047,-0.20476481403705468,0.7870847449215419,0.8811920139731464,0.4108165176124699,0.2796697299468516
2010-03-08,1_over_t,1394,4118,3.72381874361253,4.0654021726873735,-0.0009473329294899009,0.7395468720578192,0.7139541041640589,0.4229515662815904,0.43395081316410894
2010-03-15,log_density,1387,4118,3.857271289871284,4.117138355280403,-0.011701075701381026,0.7609001448530119,0.8095166889275673,0.4182231604864806,0.3541205351354438
2010-03-15,unweighted,1387,4118,4.222117472873923,4.7428235565169246,-0.1780929409033062,0.7824879703785991,0.8804903480205571,0.41257596343849495,0.28049436241333014
2010-03-15,1_over_t,1387,4118,3.6752375613658703,4.053687191811376,0.032199659885220035,0.7303876127423852,0.6931486173477628,0.4254548675001821,0.4494554886615851
2010-03-22,log_density,1380,4118,3.8219303811388565,4.128278667674934,0.017197909341273226,0.7553189144436937,0.8019249682420259,0.42007428905751504,0.361108335300766
2010-03-22,unweighted,1380,4118,4.187601304604629,4.745281390116466,-0.1492597684639201,0.7773403332018813,0.8794288799707759,0.41444741588211786,0.2817372645836385
2010-03-22,1_over_t,1380,4118,3.617845948321917,4.011043559212044,0.06910940920233405,0.7201677912935857,0.6653520959581386,0.42828774095956096,0.46937148354204733
2010-03-29,log_density,1373,4118,3.7852223315540687,4.134574152168065,0.04689861250745414,0.7496518246622889,0.7935695808629958,0.42200319028637406,0.36864597223124806
2010-03-29,unweighted,1373,4118,4.152858794169962,4.73396561761685,-0.12042992091898257,0.7720346026034555,0.8780453972339592,0.4163544677915723,0.28334903899038444
2010-03-29,1_over_t,1373,4118,3.558760004709349,4.034292152034878,0.10651545160083363,0.7094166794263966,0.6343429728176353,0.431250755034072,0.49063622263597667
2010-04-05,log_density,1366,4118,3.742005958887378,4.088471868217529,0.0797114334878986,0.7434567124252272,0.7821925253102529,0.42403078006224226,0.3786683749778258
2010-04-05,unweighted,1366,4118,4.113371499956157,4.666807028330712,-0.08933815144340237,0.7661667484393255,0.875981422765187,0.41830522128697006,0.28573669585493777
2010-04-05,1_over_t,1366,4118,3.4900793809324036,3.904427501871675,0.14795478198728393,0.6975793918554715,0.5939673756960282,0.43452968606221754,0.5170149616272395
2010-04-12,log_density,1359,4118,3.6970877932957995,4.085129700277491,0.11306016962666615,0.7369294664356784,0.7692862063485495,0.4260881745507082,0.3897260414312446
2010-04-12,unweighted,1359,4118,4.072269083516196,4.70869345229746,-0.057580451785433986,0.7599905218440398,0.8732587980275043,0.4202880813327772,0.28885610897847047
2010-04-12,1_over_t,1359,4118,3.4169131646344804,3.765064365290451,0.19106846439114908,0.6849424077782382,0.5467078402150793,0.43803183808702745,0.5462755334488223
2010-04-19,log_density,1352,4118,3.6610480161518604,4.0305022487770685,0.14187452856790622,0.7307610729549054,0.7595616710818441,0.42810469585060174,0.39785470329380873
2010-04-19,unweighted,1352,4118,4.037963885882962,4.643234147323714,-0.029363303324137877,0.7542711599965165,0.8707569514505962,0.422295580698132,0.29169315828945475
2010-04-19,1_over_t,1352,4118,3.3536300571275635,3.7195861475054333,0.22940269305125424,0.672471876716016,0.5040894218293127,0.4414359821619015,0.571379075699344
2010-04-26,log_density,1345,4118,3.6340139356374825,4.198053480172582,0.16622771638165867,0.7252716520041711,0.7536146792814543,0.42993687133878267,0.40274491043559674
2010-04-26,unweighted,1345,4118,4.01079706450133,4.769099551210985,-0.004817504337817881,0.7492218809033169,0.8688386484803083,0.4241719438521725,0.2938499272982293
2010-04-26,1_over_t,1345,4118,3.300936376507759,3.715881806066365,0.2626999041389761,0.6606189071455549,0.4681898898685821,0.4445554276931009,0.5916991436418555
2010-05-03,log_density,1338,4118,3.6278392982289347,4.196514782183673,0.1805412539235875,0.7225297558798505,0.7572532748990752,0.4307236787887075,0.39975999943853446
2010-05-03,unweighted,1338,4118,4.000670094937719,4.664617456632904,0.011187315047749445,0.7465563609984236,0.8689709852205302,0.4250970975495102,0.29370164827052775
2010-05-03,1_over_t,1338,4118,3.2760109124765027,3.9291874269353357,0.2833847687177308,0.6525208668467255,0.4560419922884601,0.4461784411680301,0.5984189438073848
2010-05-10,log_density,1331,4118,3.6325922005610605,4.278125580430295,0.18945956121355853,0.7213785454236186,0.7655732345844246,0.4307434204974203,0.39284953523509847
2010-05-10,unweighted,1331,4118,3.9989522455574504,4.680318216461345,0.023022031545516925,0.7452927771696337,0.8700557448788919,0.42532031568681294,0.292483376732129
2010-05-10,1_over_t,1331,4118,3.2645819676320005,3.9224069827343735,0.29796522627727967,0.6467414641780747,0.4559705753361546,0.446846080578418,0.5984582261176894
2010-05-17,log_density,1324,4118,3.6589757969686096,4.386073086894804,0.18813939737088226,0.724843728861328,0.7825750181672804,0.4284302981155666,0.3783357381103721
2010-05-17,unweighted,1324,4118,4.0148225344278625,4.682664463446489,0.026209084657792536,0.747698475893658,0.8726790437357572,0.42328687793857067,0.2895160147271042
2010-05-17,1_over_t,1324,4118,3.282589097272088,4.085710453465232,0.29947166046777934,0.6478498728532731,0.48222397367994907,0.444686978122835,0.5838396896221658
2010-05-24,log_density,1317,4118,3.6841338222741213,4.372750610656794,0.18755881510916858,0.7280451591196451,0.7977180939656728,0.42627143258064376,0.3649229396208744
2010-05-24,unweighted,1317,4118,4.029807685928083,4.703330423815412,0.029936525640604325,0.7498808454658519,0.8745090291663979,0.42139041752526196,0.28742787601306435
2010-05-24,1_over_t,1317,4118,3.2989763643580963,4.173507675029723,0.3017901102190098,0.6484276652248914,0.5063333639719065,0.44270042699871415,0.5700848955357574
2010-05-31,log_density,1310,4118,3.7170846888273674,4.398173317871088,0.18341152354051665,0.7331676863124021,0.8141098514314605,0.42304664274152637,0.3498249923521723
2010-05-31,unweighted,1310,4118,4.051274541109578,4.761717385057965,0.030587044310057796,0.7535773885316233,0.8758775061156141,0.41844110377423666,0.28585638188654533
2010-05-31,1_over_t,1310,4118,3.326253318782165,4.17552524374382,0.29940283697251596,0.6518880766140456,0.5387203786617698,0.4394611967120491,0.5510674767545827
2010-06-07,log_density,1303,4118,3.768427959621277,4.387737354480584,0.1707900461004276,0.7436855397422275,0.8337372047179903,0.4166396568596687,0.3308416552036276
2010-06-07,unweighted,1303,4118,4.08841266166592,4.664187998628307,0.023707089764027,0.7614336919471723,0.8761700518082957,0.412329947965585,0.2855193141094789
2010-06-07,1_over_t,1303,4118,3.3802633626594476,4.154668416726917,0.2854238233189746,0.6636733851126553,0.5902666067144452,0.43258944664037785,0.5193657738269876
2010-06-14,log_density,1296,4118,3.8372117628470774,4.406451546507083,0.15011858645448511,0.7596445516002841,0.8531697702519558,0.40659475706104353,0.31090691769187984
2010-06-14,unweighted,1296,4118,4.140114383702376,4.611499392765786,0.009940629394258682,0.7735537093655546,0.8734396455228299,0.4026044618539001,0.2886499504787726
2010-06-14,1_over_t,1296,4118,3.4598906740802144,4.187464574551933,0.260540174606867,0.6844090437051853,0.6552053317993897,0.42166822262913806,0.47643418656273334
2010-06-21,log_density,1289,4118,3.8968556753839265,4.390125331481702,0.13395985064632301,0.7722931509934291,0.8652770840684761,0.39828164903303126,0.29781281597333353
2010-06-21,unweighted,1289,4118,4.184019557414805,4.672090581556391,0.0002309965353474634,0.7832706527828834,0.8679225570600408,0.3945886082950898,0.2948743334428842
2010-06-21,1_over_t,1289,4118,3.5274182834335965,4.23438083500411,0.24134922448061072,0.7004781149292097,0.7051459231143626,0.4126338388015555,0.4405814567719375
2010-06-28,log_density,1282,4118,3.958235526785716,4.4664174721898195,0.1172368903870176,0.785447106637853,0.8726062629065232,0.38934501403210936,0.28959875132388146
2010-06-28,unweighted,1282,4118,4.229607701429086,4.695022489476999,-0.010057897697154684,0.793449713276903,0.8592282318397723,0.3859329964476553,0.3044250800059627
2010-06-28,1_over_t,1282,4118,3.598754966872571,4.217994006355105,0.22085624535675666,0.7177228731602457,0.7509583012866676,0.40289135909611523,0.40491016637562405
2010-07-05,log_density,1275,4118,4.014549724695131,4.422113976752339,0.103086865257853,0.796885255417302,0.8747453304482826,0.381222472194045,0.2871571331117222
2010-07-05,unweighted,1275,4118,4.2709191709372005,4.6761242798894695,-0.018034952813275187,0.8024026998295646,0.8483056958082066,0.3780738164499217,0.31601469860171005
2010-07-05,1_over_t,1275,4118,3.663950755158066,4.20541479201996,0.20341055170781105,0.7326980624480568,0.78738611904273,0.39402929244638835,0.3741264848807622
2010-07-12,log_density,1268,4118,4.071435903654433,4.457129780028318,0.08892393049088704,0.8085152553254159,0.8722891398008038,0.37269776248615905,0.2899589785016366
2010-07-12,unweighted,1268,4118,4.313006830297817,4.667059669205543,-0.026158095380476854,0.8115616458105461,0.8344423225711182,0.369793068690825,0.3301393627280253
2010-07-12,1_over_t,1268,4118,3.7314401788500153,4.186999391643916,0.1853226155197729,0.7483090671246714,0.8187237109249993,0.3847045115727288,0.34545632378486385
2010-07-19,log_density,1261,4118,4.127517838099991,4.425645466412696,0.07534697087406506,0.8198274808074507,0.8652596544915745,0.36406990582954796,0.29783207989538724
2010-07-19,unweighted,1261,4118,4.3545256703756685,4.726170829932265,-0.03377479472421883,0.8205619005682049,0.8178919660370468,0.3613952143262065,0.34624794054277463
2010-07-19,1_over_t,1261,4118,3.7990526311466675,4.1978807816717145,0.1675490126644033,0.76383169184758,0.8437482262159359,0.3752548324725667,0.3207267061832994
2010-07-26,log_density,1254,4118,4.184734010494921,4.520412998556083,0.06143428617202288,0.8313504535712851,0.853424487276908,0.35491515630640247,0.3106371242690563
2010-07-26,unweighted,1254,4118,4.397042334219171,4.625033160850329,-0.04163643952630191,0.8298373645769592,0.7981450754616773,0.3524622087073149,0.36453759211914366
2010-07-26,1_over_t,1254,4118,3.869471078889209,4.168731283628312,0.14893932402993043,0.7801710008678509,0.862838307147513,0.3652265929232109,0.30049625530564306
2010-08-02,log_density,1247,4118,4.24179077536524,4.463826940381846,0.04780707263467046,0.8427305708973514,0.8368464801370781,0.34547218105615934,0.3277335255570726
2010-08-02,unweighted,1247,4118,4.43949889173377,4.653510065887424,-0.04923003488598882,0.8391026942662754,0.7754344248562883,0.3432295273399927,0.38449813437859165
2010-08-02,1_over_t,1247,4118,3.941032027251999,4.211403410347414,0.13023090203559048,0.7967706018825285,0.8750175039615872,0.35488121933827577,0.2868449728144087
2010-08-09,log_density,1240,4118,4.286924887361575,4.396035995488559,0.03994172150960476,0.850716555298487,0.8191194849430363,0.33835864641129415,0.34507900652787266
2010-08-09,unweighted,1240,4118,4.471566550401424,4.621976086427267,-0.05164589351196936,0.845724637820313,0.7543372278332073,0.3363070279536132,0.4021539328305205
2010-08-09,1_over_t,1240,4118,3.9964075131396664,4.159211168873981,0.1188419623738272,0.8082133810570136,0.8794348344568071,0.3470648509149437,0.28173030760538825
2010-08-16,log_density,1233,4118,4.335191921781213,4.436834603517413,0.03080595745407703,0.8594889018197589,0.7968516270867333,0.3303569633158604,0.3657036712471629
2010-08-16,unweighted,1233,4118,4.506505400313555,4.628800585924864,-0.05523019085993493,0.853056418813718,0.7297462732834614,0.3284870633839548,0.42180186124577984
2010-08-16,1_over_t,1233,4118,4.057563464180873,4.237763622825922,0.105301153396061,0.8212799105361351,0.8787045405157133,0.3382763789601375,0.2825822755510986
2010-08-23,log_density,1226,4118,4.387130358635928,4.403161639929091,0.020098831233574165,0.8692269097009102,0.7693101355572297,0.3211893904141424,0.38970583007445253
2010-08-23,unweighted,1226,4118,4.544906791555075,4.655525207776723,-0.06024025664746503,0.8612760173081208,0.7009283600596184,0.31949333454163603,0.443721285109558
2010-08-23,1_over_t,1226,4118,4.125713225458443,4.214946646383337,0.08914135773192752,0.8364096839408386,0.8712755049289407,0.32823103797964415,0.29110739940401353
2010-08-30,log_density,1219,4118,4.433147560002561,4.456143981040413,0.012274840484324272,0.8775222138165715,0.7403875996494179,0.31294139798700865,0.4134141739411533
2010-08-30,unweighted,1219,4118,4.578614320052393,4.718740160004156,-0.06281404820485599,0.8683717156322404,0.6720783799127837,0.3114002862976739,0.4646304534418362
2010-08-30,1_over_t,1219,4118,4.187381003664756,4.216105488913494,0.07612251346432297,0.8495240460687684,0.8580939246254946,0.3191751391277806,0.3056491135844051
2010-09-06,log_density,1212,4118,4.4730488879324,4.404435760163516,0.007467287510407049,0.8844541383698129,0.7110803008519015,0.3056798221341702,0.43612524158775445
2010-09-06,unweighted,1212,4118,4.607442226036492,4.731128479170351,-0.06289362692753839,0.8743602978044961,0.6438970533140005,0.30427255889379534,0.48418399530899353
2010-09-06,1_over_t,1212,4118,4.24214517728043,4.206611008821308,0.06637961166326814,0.8606300537531857,0.840680548309807,0.31117879079420896,0.32385980316876417
2010-09-13,log_density,1205,4118,4.501212184166747,4.554727898005069,0.008097706202173306,0.8891300906740308,0.6856240888598848,0.3003840762473625,0.4549328278987786
2010-09-13,unweighted,1205,4118,4.626971533068266,4.675760280362383,-0.05844236022535434,0.8784094240613224,0.619817065980216,0.2990851444798991,0.5002866972553448
2010-09-13,1_over_t,1205,4118,4.2825302816863315,4.128994103983688,0.06301787575988965,0.86805566833435,0.8229130324838682,0.305302918783602,0.34144121767794156
2010-09-20,log_density,1198,4118,4.522975233676654,4.508839781436633,0.011479119621535753,0.892712329942287,0.662501855732921,0.29602536419567954,0.4713660947934598
2010-09-20,unweighted,1198,4118,4.641534213649638,4.730048394665417,-0.05153645778654991,0.8815157699697724,0.5978120381824067,0.294832608975862,0.5145613707809031
2010-09-20,1_over_t,1198,4118,4.3155115700063575,4.159122886861102,0.06301544578946047,0.8737612003432216,0.8045970697167872,0.3004567302106967,0.35866432578851826
2010-09-27,log_density,1191,4118,4.545498695682948,4.484210931437243,0.014173774986817857,0.896927761188013,0.638096074318091,0.2911728257752879,0.48811178462345983
2010-09-27,unweighted,1191,4118,4.65799603337836,4.65468902973765,-0.04539319842837227,0.8850173018657506,0.5734674318262534,0.2900885146458616,0.5299058876238149
2010-09-27,1_over_t,1191,4118,4.35245051237789,4.191329680145298,0.061574839500847474,0.8803736231472208,0.781954643879519,0.2950854251502475,0.37887510248645206
2010-10-04,log_density,1184,4118,4.5619836738666,4.480697789849598,0.019392086582667913,0.9006048626998329,0.6167588642342166,0.2870439116280266,0.5022948268057751
2010-10-04,unweighted,1184,4118,4.670448953705763,4.605471985001124,-0.03726656252713465,0.8878080648583313,0.5509389916945867,0.28605747322141833,0.5437200142860523
2010-10-04,1_over_t,1184,4118,4.3836002807994054,4.129384263866638,0.06278738598305043,0.8857390461259055,0.7590355493631502,0.29050205689338193,0.3982897537681134
2010-10-11,log_density,1177,4118,4.5729501520395255,4.526593724159653,0.027246657237176376,0.903621539707355,0.5981778844275958,0.28359256871313043,0.51432728474056
2010-10-11,unweighted,1177,4118,4.6789556780364485,4.7976577558693805,-0.02720820287952239,0.8899550794878347,0.5304946101785887,0.28268026849111955,0.5559592202888723
2010-10-11,1_over_t,1177,4118,4.409030375877169,4.274813564347591,0.0665928655866494,0.889997672333333,0.7366208485048074,0.28664322769143297,0.41640251427427427
2010-10-18,log_density,1170,4118,4.575507781404346,4.448636854557704,0.03888467374636622,0.9054121202617333,0.5849681518596779,0.28128542879144125,0.5227130685436008
2010-10-18,unweighted,1170,4118,4.680336268188167,4.754807333593895,-0.013781304087417698,0.8910106105546576,0.5148789994411715,0.28043698219299346,0.5651291167507652
2010-10-18,1_over_t,1170,4118,4.423375402468928,4.279444850864969,0.07517785068546474,0.8923010584030739,0.7184498785325347,0.2840385487302325,0.4305271116776891
2010-10-25,log_density,1163,4118,4.5652989015855265,4.544997504906604,0.05660839034928082,0.9052880225402131,0.580111551280442,0.2806171587113984,0.5257625034196145
2010-10-25,unweighted,1163,4118,4.670145501424193,4.770244809959962,0.0050011162848956165,0.8904631948396502,0.507971474356874,0.27980892134488,0.5691382668749736
2010-10-25,1_over_t,1163,4118,4.4189809336824695,4.258476763666662,0.09162081883456581,0.8917078752182004,0.7100433359374545,0.28323877148977405,0.43690719157410496
2010-11-01,log_density,1156,4118,4.559469200996995,4.576373468615998,0.07219707066430894,0.9060138432765837,0.5723146970983793,0.2793024066617065,0.5306214587327568
2010-11-01,unweighted,1156,4118,4.665191066232022,4.75585919268692,0.02139696258194655,0.8905889826317669,0.496839073156886,0.2785232085562347,0.5755407789870758
2010-11-01,1_over_t,1156,4118,4.423361700566918,4.214814936719211,0.10447388537676532,0.8923462759714792,0.6962351175682739,0.28170043330939004,0.4471893255630283
2010-11-08,log_density,1149,4118,4.54991275488294,4.643807676896312,0.0892874487110828,0.9065810613823589,0.5673715968771924,0.27828534233436164,0.5336790570825883
2010-11-08,unweighted,1149,4118,4.658133156015288,4.761175983439953,0.03877950058785877,0.8904286720186108,0.4872006870265798,0.27751800397987736,0.5810270656901381
2010-11-08,1_over_t,1149,4118,4.424604551619489,4.249364177224953,0.11868985063193169,0.8925040783217864,0.6837844675665419,0.28047544585770084,0.45626194272105997
2010-11-15,log_density,1142,4118,4.5376666431969825,4.598710284609268,0.10710354125792088,0.9067299629193012,0.5650375727166743,0.27759346809704694,0.5351167161631025
2010-11-15,unweighted,1142,4118,4.648171122716061,4.84831536446751,0.05749751643170985,0.8899032814842012,0.47977968183274644,0.2768520161393965,0.5852161480410504
2010-11-15,1_over_t,1142,4118,4.421320284678508,4.335198688739894,0.13481440499108707,0.8920401899362589,0.6737626031380123,0.27963397336877144,0.46343573382706055
2010-11-22,log_density,1135,4118,4.515176412127071,4.60221227113626,0.12944105579240334,0.9058362284498325,0.570159303398508,0.27784027135820005,0.5319568574419243
2010-11-22,unweighted,1135,4118,4.629276451627807,4.820493829198515,0.0802537743134612,0.8883355029386685,0.4795757847964738,0.2771024609108982,0.5853308226743108
2010-11-22,1_over_t,1135,4118,4.403483312960381,4.396038974556976,0.15690294890792122,0.8897650916558061,0.672775747907054,0.2798400468639066,0.46413614193905817
2010-11-29,log_density,1128,4118,4.495595305520821,4.621790188248751,0.15020815807411964,0.9052622518512399,0.5735031051964701,0.27779010393548537,0.5298837276229275
2010-11-29,unweighted,1128,4118,4.613319571348262,4.716811925755337,0.10164808877955633,0.8870883599636104,0.47699561135169155,0.27704794125914656,0.586780013287451
2010-11-29,1_over_t,1128,4118,4.390286900229637,4.383240775770437,0.1770530407097741,0.8880266522744125,0.6688721006547165,0.27970410559421754,0.46689640830563145
2010-12-06,log_density,1121,4118,4.477371417713988,4.649262047923568,0.17018610516297536,0.9048629364432395,0.5760870186472764,0.2776489546181591,0.5282761499547717
2010-12-06,unweighted,1121,4118,4.5992480795613915,4.925759736515374,0.12217301597255423,0.8859842880915775,0.47286669798416325,0.27688381446500737,0.589091658260295
2010-12-06,1_over_t,1121,4118,4.380125861224613,4.390515482082204,0.19595046090100304,0.8864981863732166,0.6629926433078244,0.279434418159746,0.47102324137160356
2010-12-13,log_density,1114,4118,4.459409540987424,4.592227905290432,0.19000375202093375,0.9044784953336668,0.5784976150414846,0.2774795677704346,0.5267719778735136
2010-12-13,unweighted,1114,4118,4.585827269655524,4.953672862656504,0.14239090996827264,0.8849277601389692,0.4681810547483536,0.27667179436101236,0.5917040586587584
2010-12-13,1_over_t,1114,4118,4.3709956375816805,4.43395500378931,0.21442078125863281,0.8850351124790546,0.6563700157016914,0.2791112229370826,0.47562883098755226
2010-12-20,log_density,1107,4118,4.444083983791684,4.658485471182878,0.20861984807461406,0.9042014898027996,0.5790521425981645,0.2770903497906194,0.5264253538374877
2010-12-20,unweighted,1107,4118,4.574629835833627,4.751710560072013,0.16160625680565152,0.884125921572758,0.4616163708205371,0.2762298640968989,0.5953448057901525
2010-12-20,1_over_t,1107,4118,4.365484177861145,4.423119035254711,0.23142981110504163,0.8840094800311036,0.6472445461310953,0.2785323079218529,0.4819028719727933
2010-12-27,log_density,1100,4118,4.434173794380149,4.622960718945883,0.22479216653883421,0.9044949180846172,0.5758253960372235,0.2761409012785426,0.5284391405607844
2010-12-27,unweighted,1100,4118,4.568613046198102,4.901821760718889,0.17852435733714972,0.8839749840268419,0.4506185498473053,0.27521349578947757,0.6013947627810526
2010-12-27,1_over_t,1100,4118,4.368526016762785,4.434139761485403,0.24502842572822167,0.8841468407916958,0.6320576735964862,0.2773167847420494,0.49216703434934117
2011-01-03,log_density,1093,4118,4.427604952996048,4.657850184887003,0.23930345567566463,0.905121897733993,0.5704594207420566,0.27480722619798204,0.5317711172863407
2011-01-03,unweighted,1093,4118,4.5656693463648255,4.838928477350624,0.19410875188140803,0.8842595659508812,0.43680566205174265,0.2737950367929282,0.6089081487251937
2011-01-03,1_over_t,1093,4118,4.376810604926953,4.5307735249372065,0.2565933846547876,0.8851015916330345,0.6125973566197325,0.2756682826212494,0.505014602487891
2011-01-10,log_density,1086,4118,4.431509158462591,4.595923357055028,0.24867870439621229,0.9076272262206341,0.558227948513877,0.27183630592840274,0.539289251522377
2011-01-10,unweighted,1086,4118,4.573865265477002,4.845060669100363,0.20483172889702964,0.8862994022314571,0.4129222776455732,0.27068843207488363,0.6216850823571317
2011-01-10,1_over_t,1086,4118,4.4035970317496185,4.513004815291106,0.2608854625438661,0.8893576413454402,0.5783494135123197,0.27222076264357364,0.5268645770548713
2011-01-17,log_density,1079,4118,4.436925374624118,4.54113649210875,0.2572101459924758,0.910303655170201,0.5449261732500843,0.26858804871716685,0.5473480498758017
2011-01-17,unweighted,1079,4118,4.583651719037209,4.84031325794885,0.21495624270828087,0.8886354345044775,0.386840056137819,0.2672593227769343,0.6353448792440907
2011-01-17,1_over_t,1079,4118,4.433805165501766,4.474900644592871,0.2640225309080179,0.8942988998298205,0.5390258845378578,0.26845560902489213,0.55088496030575
2011-01-24,log_density,1072,4118,4.439489635826043,4.608110294090615,0.26700189332492386,0.9123161501096164,0.533528009595973,0.2658116372054642,0.5541603280801536
2011-01-24,unweighted,1072,4118,4.5904569243189774,4.84684073928724,0.22648877834522557,0.8905095604044369,0.3627018902876463,0.26426283445432347,0.647729924063116
2011-01-24,1_over_t,1072,4118,4.4600912989132055,4.506094057158737,0.2689299188694769,0.8985217087774485,0.500416632610694,0.26517436180210546,0.5734910327427701
2011-01-31,log_density,1065,4118,4.436956899018736,4.551871437766076,0.279221332950292,0.9133403291696605,0.5255700077838208,0.26383228315171925,0.5588673191419204
2011-01-31,unweighted,1065,4118,4.591861085591109,4.841429968937664,0.2404640416406015,0.8915788874114831,0.343026400126228,0.2620391709247939,0.6576526963771006
2011-01-31,1_over_t,1065,4118,4.478531736241009,4.496650124267834,0.2771315572548899,0.9013969190095554,0.4665881369230416,0.2627308018728903,0.5925895397315648
2011-02-07,log_density,1058,4118,4.435590395456713,4.5774460480555135,0.29114725634896216,0.9143615197134309,0.5162885120380487,0.26174814849210204,0.5643075319850717
2011-02-07,unweighted,1058,4118,4.5939011424310525,4.7441767397883154,0.25422927138784723,0.8927664914745898,0.3222750446778495,0.2596895798634923,0.6679583524860012
2011-02-07,1_over_t,1058,4118,4.498734247404748,4.5064056573834606,0.2848002796777279,0.9046057345689459,0.4294688480925998,0.2601799112865641,0.6128614824100772
2011-02-14,log_density,1051,4118,4.431397984988976,4.553591949914399,0.3044718498382662,0.9149876009706164,0.5088555687248999,0.2600321191488157,0.5686267130292666
2011-02-14,unweighted,1051,4118,4.593233301901854,4.7511164404205335,0.2692332076054327,0.8935862356416597,0.30371855153195293,0.2576847535891227,0.6770411383986366
2011-02-14,1_over_t,1051,4118,4.5153875521923466,4.501576196948193,0.29402902960718863,0.907271182140969,0.3940211768186467,0.25801454076680314,0.6316134502115177
2011-02-21,log_density,1044,4118,4.415834636282929,4.519598096927075,0.3223809045323141,0.9143945859672246,0.5108759473795979,0.25954738169382796,0.5674559523436066
2011-02-21,unweighted,1044,4118,4.582992398233055,4.7265352140722,0.2884091982793502,0.8931515917847843,0.2943881779340519,0.25683829330719143,0.6815623164558483
2011-02-21,1_over_t,1044,4118,4.517403705449066,4.502834064200783,0.30911480259057555,0.907791540661855,0.3718208277409696,0.2570726442527864,0.6430791255225363
2011-02-28,log_density,1037,4118,4.4021770238661,4.463049796809358,0.339520019096173,0.9139672285542437,0.511281716310267,0.25889280975561446,0.56722052764135
2011-02-28,unweighted,1037,4118,4.5745625736279,4.664491811549752,0.30681645772060295,0.8929370763213108,0.2831288889793593,0.2557902532073994,0.6869785637124227
2011-02-28,1_over_t,1037,4118,4.522787405516146,4.498715607190647,0.32296229386420294,0.9087817374272428,0.3455788101550197,0.25593702257871503,0.6563739289383373
2011-03-07,log_density,1030,4118,4.38725528601086,4.46095337666242,0.3572901801434944,0.9132847126252184,0.5125157671800025,0.2584145666256934,0.5665039374884283
2011-03-07,unweighted,1030,4118,4.564618862649178,4.665615780749768,0.32588725213406244,0.8925379562150193,0.2732680200266123,0.25489795928049436,0.6916872685393182
2011-03-07,1_over_t,1030,4118,4.526330216700075,4.448467345576519,0.3376151373970507,0.9095388942062633,0.3204951728813158,0.25497906824100286,0.6688348885159394
2011-03-14,log_density,1023,4118,4.3716954269433215,4.410539586823347,0.37521430920142546,0.9124151811759441,0.5144044581767293,0.25804462168219455,0.565405451454111
2011-03-14,unweighted,1023,4118,4.554026384198829,4.638615345582991,0.3452435413191375,0.8920593197550903,0.26396316305939604,0.2540664091991871,0.6961012621456625
2011-03-14,1_over_t,1023,4118,4.529395720718963,4.551196191491766,0.352534795924816,0.9102494191042974,0.29523889740384346,0.25410096856377207,0.6811513304264339
2011-03-21,log_density,1016,4118,4.356720177578951,4.369912626495845,0.3927227099577484,0.9115301459772,0.516059175611965,0.25764656309527084,0.5644412903718377
2011-03-21,unweighted,1016,4118,4.544166048959485,4.535530634559194,0.3642976775136561,0.8916735711555099,0.25379806739007893,0.253144573437297,0.7008915607660731
2011-03-21,1_over_t,1016,4118,4.534221931518804,4.432293823621919,0.3668616794524862,0.9112276032218393,0.26736397978667925,0.25315126847507796,0.6944912519248907
2011-03-28,log_density,1009,4118,4.334251731255888,4.294484697845384,0.4128346434853888,0.9099730794978772,0.5244019525455215,0.2579101751562325,0.5595548669469539
2011-03-28,unweighted,1009,4118,4.528708484525298,4.548542841517374,0.38572042894470104,0.8906334146655639,0.24936915792691206,0.25275345643507696,0.7029684736667999
2011-03-28,1_over_t,1009,4118,4.530758296344405,4.4273425434435865,0.3844511161684444,0.9111578606573133,0.24805213974684315,0.2527542725884102,0.7035848995207835
2011-04-04,log_density,1002,4118,4.30889115009627,4.29793273426141,0.4334623041994664,0.9083695400531953,0.5358739663417073,0.25840857079980883,0.5527650944666154
2011-04-04,unweighted,1002,4118,4.512614188895512,4.5333211277378584,0.4073918021625847,0.889504734690666,0.2455899360975855,0.2524183334921198,0.7047358792518675
2011-04-04,1_over_t,1002,4118,4.5267604342690415,4.320917955919509,0.402289509794481,0.9110218921763741,0.22897827390597414,0.25242838084880004,0.7124525643992204
2011-04-11,log_density,995,4118,4.279780818458313,4.197845298661278,0.45518330408391977,0.9066623361350602,0.5506116258083632,0.2592037172930387,0.5439181643738602
2011-04-11,unweighted,995,4118,4.4947245242680784,4.46738209591523,0.4297923616382974,0.8881668730013523,0.24368448064704384,0.2522238837675533,0.705625313282817
2011-04-11,1_over_t,995,4118,4.5204208970591555,4.316199846259423,0.42106217310743144,0.9106163255216125,0.21225407541249497,0.2522566768026519,0.720138000550948
2011-04-18,log_density,988,4118,4.249140562369798,4.1609708377875005,0.47772526116759606,0.9047859278124868,0.5657866721873868,0.2601260099266336,0.5346557241756057
2011-04-18,unweighted,988,4118,4.475467059383812,4.448835912865037,0.45273080919824527,0.8866597330120187,0.24322428159180842,0.2521344715820521,0.7058399583033196
2011-04-18,1_over_t,988,4118,4.512375830730969,4.346159555681771,0.44051040059088803,0.9100075038004999,0.19725660298047198,0.2522020534727276,0.7269608402658682
2011-04-25,log_density,981,4118,4.217655468140448,4.108061018392201,0.5004994971348794,0.9029285607156718,0.5812750875292291,0.2611129563184354,0.525033538243562
2011-04-25,unweighted,981,4118,4.456490747584773,4.411245194339795,0.4755151570288819,0.8851525693005824,0.2424840892844322,0.2520255078320917,0.7061850602965286
2011-04-25,1_over_t,981,4118,4.50523830548716,4.3198838977304295,0.45964043673640037,0.9094914178280523,0.18096830737013936,0.25214316181050767,0.7342991063360876
2011-05-02,log_density,974,4118,4.182210470039467,4.06836112029117,0.5248288167591773,0.9007152991988882,0.5991178709960987,0.26237357851719345,0.5137253469762164
2011-05-02,unweighted,974,4118,4.434321458144611,4.389982073087875,0.4995801430466963,0.8832970876684298,0.2451154188317295,0.2521265474723495,0.7049574807322643
2011-05-02,1_over_t,974,4118,4.493561900427403,4.279507069836674,0.4805021972070344,0.9084753383244933,0.16985720238847168,0.25229948213039743,0.7392631324697863
2011-05-09,log_density,967,4118,4.142234234197166,4.028154595095691,0.5505447431715391,0.8984339724827903,0.6199346199850847,0.26390467216622865,0.5002093460036077
2011-05-09,unweighted,967,4118,4.410552255636419,4.359097183462133,0.5242484185565259,0.8812459634562367,0.24944770084235024,0.25232523965084824,0.702931694843786
2011-05-09,1_over_t,967,4118,4.479783837478436,4.3429154252562965,0.5021519282202442,0.9072158984884036,0.16115954676958844,0.2525599844216692,0.7431257823221592
2011-05-16,log_density,960,4118,4.098225853271749,3.994604802745698,0.5778302785898115,0.8957873285006063,0.6424469496558727,0.2656556360122249,0.48516882800981587
2011-05-16,unweighted,960,4118,4.383687241478129,4.324950480678032,0.5501201028831455,0.8788660440240238,0.2570285789573775,0.2526825545631326,0.6993727398271806
2011-05-16,1_over_t,960,4118,4.461534245136522,4.322533061388327,0.5254568008754225,0.9054895847233312,0.15779144034570158,0.25297710996889716,0.7446161845251964
2011-05-23,log_density,953,4118,4.051156515791565,3.93248577342529,0.6060906918171498,0.8928806008629877,0.6659099369525896,0.2675970564242099,0.4689801112082034
2011-05-23,unweighted,953,4118,4.355116347701241,4.323057247898937,0.5766066316723663,0.8762760068559213,0.2663768938837311,0.25311967926678614,0.6949589410355953
2011-05-23,1_over_t,953,4118,4.440918858551991,4.274881271295991,0.5496032576212488,0.9034917295639209,0.15728661044035674,0.2534745216474025,0.7448393170261082
2011-05-30,log_density,946,4118,4.0004762967180305,3.8850957683849945,0.6358568126921985,0.889626625886029,0.6899006200595622,0.2696416689178206,0.45182795226282146
2011-05-30,unweighted,946,4118,4.32444022318805,4.293698346429547,0.6038575675010863,0.8734426432127611,0.27786503083223457,0.2536383347844981,0.6894961318723181
2011-05-30,1_over_t,946,4118,4.4172900596017035,4.253817587019132,0.5748139475376002,0.9011682910619634,0.16043916839911454,0.25405008894515096,0.7434448041662457
2011-06-06,log_density,939,4118,3.946914416594295,3.847907891840112,0.6667116967073926,0.8859947303086386,0.7137648142828497,0.2717880870040765,0.4340943721422068
2011-06-06,unweighted,939,4118,4.291953621068659,4.330644610763034,0.6317379655081021,0.8703849686478682,0.29113829891879184,0.25421862150305835,0.6831300697324938
2011-06-06,1_over_t,939,4118,4.39105534439476,4.183358680134273,0.6009159213974848,0.8985484905569477,0.16675660926971891,0.25468318347637325,0.7406424240025735
2011-06-13,log_density,932,4118,3.8910685363381967,3.7401542322714025,0.6982004489846946,0.8820051550284028,0.7370685999297982,0.27405087182878934,0.41604841615039545
2011-06-13,unweighted,932,4118,4.259686785374036,4.323972010630399,0.6594193265698932,0.8672535856644829,0.30410728116461083,0.2548008820174186,0.6768521180695484
2011-06-13,1_over_t,932,4118,4.365351483358222,4.2644183430885185,0.6267429553044724,0.8958779507937186,0.17247536889067372,0.2553238661223886,0.7380964401375522
2011-06-20,log_density,925,4118,3.8374580602485886,3.712686279142723,0.7293824707810828,0.8775324573719216,0.7566930583873023,0.27607550061349734,0.4002210212931672
2011-06-20,unweighted,925,4118,4.229822001838579,4.271250221756375,0.6860300362614407,0.864226722152453,0.3146169083379251,0.2553214452180286,0.6717216392661005
2011-06-20,1_over_t,925,4118,4.343587377167668,4.259979400057784,0.651055852802459,0.8934539987912689,0.17354815059009354,0.25592192039982387,0.7376178603390269
2011-06-27,log_density,918,4118,3.7813741636877958,3.591547046894185,0.7617233600336755,0.8720524511241861,0.7752801079725525,0.2780683215361525,0.384630221329115
2011-06-27,unweighted,918,4118,4.19992746994404,4.23016315611074,0.7125562380146445,0.8611154513759929,0.3251096683133017,0.2558462490514162,0.6665600016547197
2011-06-27,1_over_t,918,4118,4.322105486092434,4.240775401570859,0.6752147094689287,0.8909807743295284,0.17431332912799824,0.2565321041602005,0.7372763159055522
2011-07-04,log_density,911,4118,3.721124408110525,3.5912825641336283,0.795521711076015,0.8654631978305575,0.7934442788208804,0.280193978133704,0.3687578382194975
2011-07-04,unweighted,911,4118,4.16830094121049,4.2228098420280205,0.7396692863934656,0.8577671468435073,0.3372381017228705,0.25642844639078716,0.6605434837925959
2011-07-04,1_over_t,911,4118,4.298243530340443,4.166946943706064,0.7001784462213237,0.8882058287108624,0.17794332004469093,0.25719639110156145,0.7356538758266781
2011-07-11,log_density,904,4118,3.6615176110788603,3.4219767644278107,0.8282967312239429,0.8596211969240425,0.8095432556303552,0.28255823656850326,0.35409583968311026
2011-07-11,unweighted,904,4118,4.13490630594157,4.160598264848714,0.7673702355949105,0.8541767349871425,0.3509801908540997,0.2570570118057973,0.6536595674804413
2011-07-11,1_over_t,904,4118,4.271917495694509,4.167091938339189,0.725959653437124,0.8851214917354729,0.18452703983146967,0.2579018236573072,0.732702087035532
2011-07-18,log_density,897,4118,3.6018993601858353,3.3637872015096377,0.8609462922493198,0.8529365348329351,0.8232713947623919,0.28493237049378894,0.34109556373033745
2011-07-18,unweighted,897,4118,4.104849793176509,4.147535476755188,0.7936431850618262,0.8507622331697574,0.3614470485729928,0.2576144920190926,0.6483673014607176
2011-07-18,1_over_t,897,4118,4.250992481765129,4.191493835339855,0.7497250894796831,0.8824141578772056,0.18477682238575643,0.25856582023229746,0.732589863685058
2011-07-25,log_density,890,4118,3.5490656674658903,3.3076905281874023,0.8911297817166007,0.8467755673110031,0.8330306791499635,0.28707038833379395,0.3315438576685545
2011-07-25,unweighted,890,4118,4.078668014427549,4.127017502171867,0.8183049616837286,0.8476192496971479,0.3682181022648512,0.2580566609008403,0.6449205787798711
2011-07-25,1_over_t,890,4118,4.236455240082646,4.119029252896141,0.7711687238992809,0.8802697500799035,0.17748164612731998,0.25915469765452226,0.7358604215207127
2011-08-01,log_density,883,4118,3.4958195384864643,3.2906323683893888,0.9214829666632072,0.840487615828695,0.8410610853295846,0.28921598817077854,0.32347279981924243
2011-08-01,unweighted,883,4118,4.0506626434193205,4.108073937863125,0.8435946946466364,0.844214250956302,0.3766835879127247,0.2585654214007727,0.640585239173622
2011-08-01,1_over_t,883,4118,4.2196240740039155,4.141033540211424,0.7934131471123249,0.8778144846807645,0.17287580503197497,0.2598115065054732,0.7379178374451983
2011-08-08,log_density,876,4118,3.4533806907956612,3.23114562356524,0.9484955346503826,0.8353979274560555,0.8454483765317155,0.2907473065076078,0.318977045976964
2011-08-08,unweighted,876,4118,4.0287895806888,4.1145150511198665,0.8664245033544863,0.8413598896301662,0.37943884320895227,0.25885223319198947,0.6391678766599794
2011-08-08,1_over_t,876,4118,4.212721610086359,4.167105463482983,0.81212747454972,0.8764164898921544,0.15632578659710772,0.260314807989853,0.7452638121804599
2011-08-15,log_density,869,4118,3.413221692353154,3.208610975312581,0.9745399822471383,0.8303459904199388,0.8486863765785124,0.29218648133308467,0.3156179259976764
2011-08-15,unweighted,869,4118,4.009600520750643,4.194317557342945,0.8881673855774402,0.838745286384396,0.3797171190282329,0.2590231772952311,0.6390245508113632
2011-08-15,1_over_t,869,4118,4.210702119055941,4.189354616229588,0.8291644712286099,0.8755948871704308,0.13352246513034038,0.26075528926148744,0.7552683743264488
2011-08-22,log_density,862,4118,3.364588465632375,3.15275312858747,1.002436369585649,0.8238112326561418,0.8523129463663912,0.29424932693752964,0.31181274264354836
2011-08-22,unweighted,862,4118,3.9884562847259253,4.034538483305951,0.9106215005986577,0.8359263707293147,0.38181634748892435,0.2592092933187203,0.6379423063490055
2011-08-22,1_over_t,862,4118,4.20666541349711,4.275102621981889,0.8469838951956838,0.8746383340643072,0.11273489342433562,0.2612291016556685,0.7642744606492461
2011-08-29,log_density,855,4118,3.313222607424011,3.1049102569523743,1.0319862790380605,0.8170851673546231,0.854395090460028,0.29624347352983993,0.3096069174923284
2011-08-29,unweighted,855,4118,3.960213985605151,4.151775367943969,0.9357212680013719,0.8322141554303442,0.3904838762944981,0.25970606651939115,0.6334542369952039
2011-08-29,1_over_t,855,4118,4.192597008920835,4.200017284973448,0.8683427887653465,0.872360064031186,0.10420061174876005,0.261971732526994,0.7679413038428692
2011-09-05,log_density,848,4118,3.2658209287062174,3.0692047214622846,1.061069643469332,0.8114101065894194,0.8546454256042638,0.2977072992895637,0.3093406530009422
2011-09-05,unweighted,848,4118,3.928646637541676,4.134303706001816,0.9619893151607113,0.8280917961170968,0.40212872665317523,0.26027168852312654,0.6273739610299853
2011-09-05,1_over_t,848,4118,4.174225032196932,4.2539486643313165,0.8911937567253887,0.8695818818375195,0.10099693528862286,0.26277326675732554,0.769313284991598
2011-09-12,log_density,841,4118,3.2177677625980374,3.0368037737611537,1.0900187948312525,0.8054029653477888,0.8537615265280754,0.29926950940340713,0.3102797754979649
2011-09-12,unweighted,841,4118,3.8970618298029707,4.159115277211683,0.9881514752987349,0.8238476984917021,0.4136881813623593,0.2608450793485999,0.6212794237062024
2011-09-12,1_over_t,841,4118,4.156495741734569,4.345115512285886,0.9137937422756152,0.8667805092411834,0.09697868891351191,0.26360474405187045,0.7710306560867678
2011-09-19,log_density,834,4118,3.1551812042647582,2.858967029919995,1.1210002318849672,0.7961468415281199,0.8508358783747121,0.3023807502771462,0.3133681354747308
2011-09-19,unweighted,834,4118,3.8656811543382683,4.080407547802345,1.0141246846524474,0.8195045821720901,0.42496134118098894,0.2614180754604699,0.615277689253014
2011-09-19,1_over_t,834,4118,4.139811331477309,4.376327684690224,0.9360121583704063,0.8640082684961921,0.09162062209644262,0.26446329373933114,0.7733147238484587
2011-09-26,log_density,827,4118,3.0982774637258945,2.9779184126920697,1.1503598855953368,0.7875415416744846,0.845652019552649,0.3051220782972864,0.31876682864150285
2011-09-26,unweighted,827,4118,3.8342379465803207,4.172133739129155,1.0400107114674195,0.8150404706887471,0.4361809544581958,0.26199010461359096,0.6092457623098834
2011-09-26,1_over_t,827,4118,4.123859367643547,4.35240132943738,0.9579679426248174,0.8612465540564838,0.08528856027999787,0.26534902700968416,0.7760053248360796
2011-10-03,log_density,820,4118,3.0320755636442183,2.572855391937537,1.181562293817748,0.77668726707844,0.8362273273181763,0.3086281519821832,0.32835479620987135
2011-10-03,unweighted,820,4118,3.8001858653675082,4.227627153054492,1.0667508508334291,0.8102038238422001,0.4495221447568769,0.2625973034203808,0.6019945679148782
2011-10-03,1_over_t,820,4118,4.104818203251866,4.338860273248471,0.9809623727421425,0.8580878819672894,0.08284321540378026,0.26626852205666374,0.7770418998786782
2011-10-10,log_density,813,4118,2.953896222465275,2.5354589159423,1.215411722933177,0.7629089211435075,0.819683965326476,0.31303173423893765,0.3445401354953336
2011-10-10,unweighted,813,4118,3.763258791013578,4.195693329989032,1.0944240573964104,0.8049823780520889,0.4650878483149652,0.2632115258281988,0.5934223212364108
2011-10-10,1_over_t,813,4118,4.082317339309633,4.358225299858631,1.0051016536673272,0.8545238335775593,0.08478382273956442,0.26718944181509563,0.7762193950798865
2011-10-17,log_density,806,4118,2.8727605515286516,2.222105421638048,1.2505047128467257,0.7482270953032519,0.7966131045364034,0.317266449350204,0.3659183000470029
2011-10-17,unweighted,806,4118,3.7210940943038135,4.189788320362531,1.1238713135360934,0.7991639886746635,0.4846469093304496,0.2638182297433327,0.5824720473176928
2011-10-17,1_over_t,806,4118,4.052744431484435,4.326327593804592,1.0315694008030887,0.8502064892889507,0.09568967775863157,0.26806357941165604,0.7715807608766996
2011-10-24,log_density,799,4118,2.804718521518066,2.1938230952621893,1.28411506894329,0.7372766878595949,0.7746148810659521,0.31953961590904345,0.38519910130832874
2011-10-24,unweighted,799,4118,3.674303627550098,4.1691619746824955,1.1548278601344875,0.7928183911083432,0.5073498715940261,0.26436554054854666,0.5694976629619447
2011-10-24,1_over_t,799,4118,4.016948732525792,4.253233556287692,1.0600274917181847,0.8452547597311607,0.1143411362800657,0.268842117842923,0.7635823526864386
2011-10-31,log_density,792,4118,2.7166877482567626,2.0234426588931456,1.3226888261653562,0.7216534806793352,0.7384172553887491,0.3227251654750699,0.4149800246617606
2011-10-31,unweighted,792,4118,3.618105136443522,4.097352981720829,1.1889902845777551,0.7857130910192592,0.5363698972446764,0.26465058122209517,0.5524696934964524
2011-10-31,1_over_t,792,4118,3.967693734484323,4.2611660415034915,1.092835375175311,0.8392978188529678,0.1492773122822144,0.26925856251949165,0.7483704894143842
2011-11-07,log_density,785,4118,3.7105760548359425,4.15622190869092,1.1730781487133768,0.81520527472788,0.44144741900081574,0.2657046690299685,0.6063936956723711
2011-11-07,unweighted,785,4118,3.5578538388706487,4.027822422006693,1.2243505269947725,0.7781382171444171,0.5668737612397694,0.26478058314913416,0.5339860272945051
2011-11-07,1_over_t,785,4118,3.912766196856778,4.205596610672698,1.127305960377357,0.8328030245796904,0.19016918748423328,0.26947955432824644,0.7301629538710503
2011-11-14,log_density,778,4118,3.6442262976045225,4.09627555533838,1.20978065384293,0.8076640025120986,0.48346511622586497,0.2656281081704296,0.5831395190770353
2011-11-14,unweighted,778,4118,3.493478030703732,3.995747736331964,1.2608996971320439,0.7700925122644471,0.5983598891917558,0.2647168592676273,0.5142107896360538
2011-11-14,1_over_t,778,4118,3.8519752393073348,4.17289056130771,1.163455010694675,0.8257772193653407,0.2365916863099473,0.2694634913949415,0.7089263006383918
2011-11-21,log_density,771,4118,3.5756614257666417,4.068782127940534,1.2470537451898251,0.7997310324357657,0.5246184495875452,0.2654460015659727,0.5594274949322935
2011-11-21,unweighted,771,4118,3.4271898277771644,3.7964748436035904,1.2978140148804673,0.7616360363408996,0.6288695486293467,0.2645513587675058,0.4942946853484463
2011-11-21,1_over_t,771,4118,3.7885292248899027,4.1606677739121265,1.200183243252854,0.8183212699112175,0.2842822091417183,0.26932689786289443,0.6864257271260618
2011-11-28,log_density,764,4118,3.5057023632746716,3.9933857009883056,1.2845340958540483,0.7913751006395784,0.5640298157889599,0.26519264958427036,0.535736258852807
2011-11-28,unweighted,764,4118,3.3596849640662465,3.8249751478805223,1.3348301245190954,0.7527696884920178,0.6576843017350219,0.26431594620600585,0.47471838774511715
2011-11-28,1_over_t,764,4118,3.723449776552286,4.10876950826648,1.23713696230377,0.8104451545002984,0.3317693178982122,0.26910972359705,0.6632631243178785
2011-12-05,log_density,757,4118,3.431994100664472,3.885050008327667,1.322810858918041,0.782480999866453,0.6032508012384119,0.26473548696329935,0.5110703374765477
2011-12-05,unweighted,757,4118,3.288778226740184,3.6666169551023415,1.372705130798723,0.7434126310374993,0.6856516210010368,0.2638726460811573,0.4549129066060961
2011-12-05,1_over_t,757,4118,3.653475531474734,4.069943267103067,1.2753567813817295,0.8020385263390843,0.3819534244094931,0.26864852563271024,0.6378715733114189
2011-12-12,log_density,750,4118,3.357200807741254,3.879393244012711,1.361060282242823,0.7730759525179565,0.6397754386557619,0.26421110143040927,0.4869779606657026
2011-12-12,unweighted,750,4118,3.2168368994245786,3.4561986580085744,1.4105802289694394,0.7336002515258198,0.7111091982652135,0.2633584247995116,0.43610343067187285
2011-12-12,1_over_t,750,4118,3.582042557708613,3.9493143698757223,1.3136949991122902,0.7931588028161565,0.43082662958247364,0.26810612087977104,0.6121317872371885
2011-12-19,log_density,743,4118,3.2768925569055827,3.593380190443469,1.4007071189336036,0.7630725761640851,0.6757334899333366,0.263333415254003,0.4620337439698572
2011-12-19,unweighted,743,4118,3.139897864293363,3.3937929231032555,1.449823124583131,0.7232338973465082,0.7353110137097885,0.2624875257715214,0.41743665471826563
2011-12-19,1_over_t,743,4118,3.5032759373771443,3.886707933571188,1.3540182614239389,0.7836853074433304,0.48307977272889757,0.2671531337855221,0.583356994348338
2011-12-26,log_density,736,4118,3.189348923074525,3.471797430718169,1.4422440989224303,0.7524483915175348,0.7106846548255221,0.2619266731513397,0.4364237539199705
2011-12-26,unweighted,736,4118,3.056372518202534,3.291380307486861,1.4909384167621194,0.7123100377132978,0.7577220315699343,0.2610813495544178,0.39937383414852706
2011-12-26,1_over_t,736,4118,3.4146916522141293,3.656971982840872,1.3970528816287162,0.773650290191884,0.5390893340232028,0.26559353589374624,0.5508470464957437
2012-01-02,log_density,729,4118,3.0951386492126294,3.3261121584068434,1.4855180599982813,0.7413043899063586,0.7425047185694262,0.2599509263400542,0.4117250430019456
2012-01-02,unweighted,729,4118,2.9667221252740426,3.2649527370797102,1.5337097137898776,0.7008666964973201,0.7767477701265382,0.259100874232474,0.3833721396662273
2012-01-02,1_over_t,729,4118,3.3167832350426907,3.443239528797786,1.4425580926341555,0.7631526417737646,0.5961070876139704,0.2633936555069749,0.5156508786584464
2012-01-09,log_density,722,4118,2.9936511777733137,3.286510530273901,1.530884855259212,0.7298876750760876,0.7693573252633001,0.25726053732956333,0.38966596910314066
2012-01-09,unweighted,722,4118,2.8704069762103948,3.192628469995043,1.5782667893673463,0.6889621704974571,0.7909176599039467,0.25640979614413756,0.3710063322686341
2012-01-09,1_over_t,722,4118,3.2085723244115307,3.4408140882923135,1.4907604353410457,0.7523561861109057,0.6520400725754665,0.26041396408719436,0.47861605398002405
2012-01-16,log_density,715,4118,2.88832628332257,3.1676400174324986,1.5773861535470715,0.7181295472094167,0.7884118573897234,0.25411527101384074,0.37322292239920246
2012-01-16,unweighted,715,4118,2.770563717868833,3.0018994389279214,1.623484854828626,0.6765249313235042,0.7982249267235441,0.2532808525784209,0.36446548175044224
2012-01-16,1_over_t,715,4118,3.0944235795586676,3.2363181915933694,1.5402028459269415,0.7411763241335781,0.7015240378268803,0.2569581001107553,0.4432791725635579
2012-01-23,log_density,708,4118,2.783520883168277,3.0270354761880967,1.6232687582798881,0.7055978778409342,0.7983725778441071,0.2509489356694726,0.36433210654156606
2012-01-23,unweighted,708,4118,2.671071255914567,2.9577091919296095,1.6680209391100367,0.6633802820558096,0.7977206332761856,0.250133059249798,0.36492064911555133
2012-01-23,1_over_t,708,4118,2.97983288518148,3.2008400495028084,1.5891192878734661,0.7293064429435054,0.74046705728255,0.25347996135632755,0.4133509038015907
2012-01-30,log_density,701,4118,2.680966245772386,2.9571036765595977,1.6683065312892726,0.6919153524638535,0.7992478773672658,0.2479295120666568,0.36354043205425934
2012-01-30,unweighted,701,4118,2.5735693000868687,2.7954883837512625,1.7113261014426353,0.649423753499187,0.78955234956714,0.24715463626420514,0.3722156992171225
2012-01-30,1_over_t,701,4118,2.867167007478281,3.038369178700762,1.6367730416381663,0.716545496982118,0.7679251043701432,0.2501828363148975,0.39087395030988015
2012-02-06,log_density,694,4118,2.5803644628675393,2.8181372001643226,1.712705625410151,0.6766162298524089,0.791687347560465,0.24503711699004418,0.3703228161864418
2012-02-06,unweighted,694,4118,2.4779032172108546,2.7344863578889544,1.7534638395165691,0.6346194303771087,0.7740628807878294,0.24433247133876956,0.38567051659284984
2012-02-06,1_over_t,694,4118,2.7561749532980344,2.9395331886308185,1.6832509689861588,0.7028292997639887,0.7843439292440798,0.24705270445481795,0.37679357623129944
2012-02-13,log_density,687,4118,2.481573852752619,2.6904210796376447,1.7566605047306214,0.6583210442989214,0.7763073124460919,0.24225919878798657,0.38375013364936184
2012-02-13,unweighted,687,4118,2.384037401758816,2.548903502154033,1.79445466888341,0.6189471137332248,0.7515745637816585,0.24165761997443688,0.404408873800426
2012-02-13,1_over_t,687,4118,2.6467323750992495,2.8543208783379086,1.7285943299214601,0.6881100557471116,0.79005631641275,0.2440801503281126,0.37176975266003276
2012-02-20,log_density,680,4118,2.3876358445831856,2.609784009750614,1.7989956590370824,0.6366246158660499,0.754631707735212,0.2399237811953712,0.40191282637219516
2012-02-20,unweighted,680,4118,2.294864883103253,2.331092385723771,1.8333625670488343,0.6023693804765843,0.7235514393092078,0.23943786528500935,0.4266088028344279
2012-02-20,1_over_t,680,4118,2.543048335784577,2.6474284424818393,1.7715400163226493,0.6721472751530821,0.7857315248961724,0.2415943186790563,0.37557941874082257
2012-02-27,log_density,673,4118,2.2951727781748863,2.439075561013315,1.8402089609382486,0.6139653232778048,0.7264811872019525,0.23774575819752633,0.42434222323064535
2012-02-27,unweighted,673,4118,2.2073576729138225,2.3392915062844004,1.8712103033837244,0.584902584024392,0.6896028537320851,0.23735750365895525,0.4520448292982271
2012-02-27,1_over_t,673,4118,2.4407801203584953,2.6586445185193526,1.8134386569244665,0.655049749981325,0.7721448387314795,0.23925857062133332,0.38730408825775353
2012-03-05,log_density,666,4118,2.2063084182012185,2.455687831414828,1.8794110972686637,0.5915719177173208,0.6929493677786933,0.23590683400193854,0.44960138873665245
2012-03-05,unweighted,666,4118,2.1234666602717294,2.279868155462122,1.9073735456153769,0.5666210743249717,0.6510951327073452,0.23559333747176614,0.4792654919230758
2012-03-05,1_over_t,666,4118,2.342650627263548,2.4307381644901263,1.8534758139636844,0.6367640715044227,0.7503415205479682,0.2372613349728608,0.40541125987916976
2012-03-12,log_density,659,4118,2.1331186619212263,2.244029547840128,1.9127213173294626,0.5707562059847002,0.6612187979985458,0.23529575984495993,0.47226123482680443
2012-03-12,unweighted,659,4118,2.0545087603589285,2.191567204889516,1.9382441681033018,0.5484332629444637,0.6158771857595264,0.2350349761574522,0.5028722806297214
2012-03-12,1_over_t,659,4118,2.265001108491221,2.387123341623118,1.8868290146605018,0.6179412412117473,0.7276056412184062,0.23655760314266933,0.4234690753742671
2012-03-19,log_density,652,4118,2.058874274139476,2.2293721884560256,1.9457948789447734,0.5493590547812546,0.624413843209955,0.23464922916910438,0.4972530257612931
2012-03-19,unweighted,652,4118,1.9848348739898707,2.16710050801354,1.9689434437466335,0.5294247187247152,0.5761579612184747,0.23443320507054474,0.5282319441411593
2012-03-19,1_over_t,652,4118,2.185671137115598,2.233414649409763,1.9202137837922064,0.5979656064241952,0.6988687371421808,0.23580515474487065,0.4452465559136352
2012-03-26,log_density,645,4118,2.0090760989057017,2.160054092326476,1.9708926523786439,0.530494975616723,0.5993661803681933,0.23525239252931948,0.5135662196809772
2012-03-26,unweighted,645,4118,1.9384871695565944,2.139419918454248,1.9918412218321988,0.5130773091694789,0.5495596942067,0.2350721903319818,0.5445543960813819
2012-03-26,1_over_t,645,4118,2.1389744135123427,2.167251784550796,1.9435426712734354,0.5809436740427952,0.6812600199541408,0.2364179363954108,0.4580795632533423
2012-04-02,log_density,638,4118,1.9802202507203448,2.1251628393642967,1.9892567557865921,0.5155896225884089,0.5868915558370889,0.23632296741803865,0.521500443611723
2012-04-02,unweighted,638,4118,1.9124517583528078,2.11999518383028,2.008090540503322,0.5007405806421112,0.5367384034150453,0.236169582743207,0.5522500906704854
2012-04-02,1_over_t,638,4118,2.121184127075922,2.177873466275237,1.9581869294560756,0.5694143252993786,0.6770770084013003,0.23760231381872465,0.46107558892433137
2012-04-09,log_density,631,4118,1.9894949968059632,2.1554193732461737,1.9955810359557218,0.5128841494940077,0.5995434868582152,0.23665893134556762,0.5134525638980502
2012-04-09,unweighted,631,4118,1.9234410161549809,2.0926623997923777,2.012648430527464,0.49956728909447046,0.5512417346780266,0.23651955883579034,0.5435367038127602
2012-04-09,1_over_t,631,4118,2.1565680339994016,2.296891020435977,1.9573724506993821,0.5745529274761372,0.6983691880514951,0.2382797809054054,0.44561571443579334
2012-04-16,log_density,624,4118,1.9668314566797147,2.182902962496904,2.0114477774876867,0.5017127511976107,0.5908400164767456,0.2371935265979215,0.5190022280718283
2012-04-16,unweighted,624,4118,1.9048400378604358,2.1393943077082245,2.0265173087415067,0.49019611362609505,0.5439825322406333,0.23707221397815298,0.5479152464048002
2012-04-16,1_over_t,624,4118,2.1519625722575344,2.1953509690169994,1.9683872881494509,0.5684277142175682,0.7005015980266973,0.23901839116563067,0.44403775759851283
2012-04-23,log_density,617,4118,1.94398895378401,2.119531037792669,2.0270035224440193,0.48966538094591827,0.5815849477403675,0.23823583021992098,0.524839237514405
2012-04-23,unweighted,617,4118,1.8868529397793856,2.119839244491825,2.0401010468016336,0.47983460829228897,0.5370233691263109,0.23813221964449635,0.5520802119782203
2012-04-23,1_over_t,617,4118,2.148823059819248,2.3825597148884015,1.9789723300436142,0.560773313388985,0.7032130155312225,0.24027912500941312,0.44202320744820145
2012-04-30,log_density,610,4118,1.9381670163990028,2.1105151268764004,2.037106200768979,0.48273894207825263,0.5836374792752137,0.23914267807491857,0.5235503576816838
2012-04-30,unweighted,610,4118,1.886125609811448,2.0782637631166843,2.048352104574144,0.47427199665484665,0.5429295813000983,0.2390548923990208,0.5485474537927092
2012-04-30,1_over_t,610,4118,2.17125988217185,2.447264778578898,1.982369738103094,0.5604220697270335,0.71632701650225,0.24155196487376157,0.43214713113260633
2012-05-07,log_density,603,4118,1.9092850230891485,2.2786717077556844,2.0537638965708664,0.4697414634322995,0.5695025350430782,0.24026623803151181,0.532363099894661
2012-05-07,unweighted,603,4118,1.8639800466376137,2.1942308488971776,2.063131803565934,0.46252690208393876,0.5327916908917092,0.24019868280433332,0.5545975223055747
2012-05-07,1_over_t,603,4118,2.165147988091155,2.491593597137376,1.9940102657843706,0.5515745242641361,0.717552390222199,0.24293111197247144,0.4312127544588295
2012-05-14,log_density,596,4118,1.879343419487908,2.295539117692144,2.0703613295042707,0.45654109240353713,0.5538681445373265,0.24144692808433613,0.5419438139110755
2012-05-14,unweighted,596,4118,1.8415677170306048,2.3079759743787776,2.0778896648020235,0.45052245630019294,0.5221925473568445,0.24139945072778216,0.5608530755501017
2012-05-14,1_over_t,596,4118,2.159817065740454,2.4786820185101917,2.0054543071857953,0.5426444655772065,0.7190457142638935,0.24439074477951683,0.4300713148606755
2012-05-21,log_density,589,4118,1.8463567844329278,2.3822355447991583,2.0875277952328037,0.4425844212391882,0.5351583143181728,0.24263602800133832,0.5531910941462999
2012-05-21,unweighted,589,4118,1.816909366078272,2.3793431697038034,2.0932131022992966,0.4378379506350272,0.5095442558710097,0.2426069904966819,0.5682279064278716
2012-05-21,1_over_t,589,4118,2.1526048482774187,2.513832630823952,2.017449055272282,0.5330811071359411,0.7197927224948897,0.24586909240416177,0.4294991921687501
2012-05-28,log_density,582,4118,1.817870988436603,2.4081570969301183,2.1030942965931505,0.42973073564816067,0.5190639586062444,0.243862166647716,0.562686257155383
2012-05-28,unweighted,582,4118,1.797397960116106,2.393174901750669,2.1068964200131166,0.4264358804010693,0.5007116363485502,0.2438479117617519,0.5733216846497589
2012-05-28,1_over_t,582,4118,2.1539308023596697,2.6243240197894124,2.0271177435861834,0.5256735525358085,0.7236539925676441,0.24745274850182905,0.4265296666274727
2012-06-04,log_density,575,4118,1.7854282460792423,2.430073268992423,2.1195040323385688,0.41586129001731964,0.4990216783099193,0.24510096497748396,0.5742911355587795
2012-06-04,unweighted,575,4118,1.7747825943585114,2.3983489135057923,2.121408003649505,0.41414557032689403,0.48914305194694896,0.24509705299665505,0.5799256237834007
2012-06-04,1_over_t,575,4118,2.152590280395828,2.731990941536907,2.0376007643221072,0.5174235487983045,0.7264044837339048,0.24906154177003662,0.42440171866029247
2012-06-11,log_density,568,4118,1.736953849746008,2.4018881033721584,2.140236530252807,0.39802393312260154,0.464337696607519,0.2461555373988122,0.5938382781420251
2012-06-11,unweighted,568,4118,1.736953849746008,2.420722983441337,2.140236530252807,0.39802393312260154,0.464337696607519,0.2461555373988122,0.5938382781420251
2012-06-11,1_over_t,568,4118,2.131790666759082,2.7027390673961236,2.05341545372293,0.5042482646038708,0.7222306097510138,0.25039918293982977,0.42762672469588997
2012-06-18,log_density,561,4118,1.676841175690552,2.4018702863420103,2.163932589621726,0.37737902158445813,0.41667058480532526,0.246969669891346,0.6196972722398166
2012-06-18,unweighted,561,4118,1.6880509412355675,2.3891516354622517,2.162041035334478,0.3792387768513735,0.4284152520776957,0.24696528419557504,0.613427104972488
2012-06-18,1_over_t,561,4118,2.0969906489755985,2.7864316443907526,2.0729110958123482,0.48771833323616764,0.7125788037930464,0.2514306606560011,0.43499277369882944
2012-06-25,log_density,554,4118,1.6089303512634021,2.466640335408556,2.1894790284985874,0.35484644208267213,0.35763600260939,0.24753832266437714,0.6502992334307646
2012-06-25,unweighted,554,4118,1.631697055728453,2.393072517828614,2.1856829843233747,0.358743173293795,0.38322113115383316,0.24752050416740481,0.6372170521063069
2012-06-25,1_over_t,554,4118,2.053124567214095,2.825125785242058,2.094651054511817,0.4691182300962957,0.6983512765047775,0.2521761725145732,0.4456289450937401
2012-07-02,log_density,547,4118,1.5266997083166067,2.3373686472867945,2.2187110871164153,0.32916402831355573,0.27843000643252624,0.24747924415803715,0.6892263590943273
2012-07-02,unweighted,547,4118,1.561097893741252,2.3226163115694334,2.2130119112092475,0.33524996538828744,0.32035915157434347,0.24743937769635427,0.6689018278809681
2012-07-02,1_over_t,547,4118,1.9907457240890982,2.8490679873040214,2.121041959161901,0.4467488913095802,0.6737929046070048,0.2522016840330432,0.4634142109885569
2012-07-09,log_density,540,4118,1.4150805986899562,1.3607533813065373,2.255749775585005,0.2980654473943094,0.1569061820115829,0.24541340311250662,0.745007420489584
2012-07-09,unweighted,540,4118,1.4606337612151232,2.3121886910869165,2.2482688464508773,0.30645659190475116,0.21867996830256275,0.24534413097155014,0.7171947892585343
2012-07-09,1_over_t,540,4118,1.8880827842975683,2.694995213889907,2.1576010780992694,0.41792253085118314,0.6223044897154415,0.2500211315316693,0.49864739804526587
2012-07-16,log_density,533,4118,1.3136577111950654,0.7638047730953446,2.289228650662055,0.26807825477161074,0.0350116130954381,0.24416601824524087,0.797046555884373
2012-07-16,unweighted,533,4118,1.3704852012251125,0.9545586429367177,2.2799850109919566,0.2788650941635299,0.11913879253187798,0.2440595070895406,0.7615113632274264
2012-07-16,1_over_t,533,4118,1.7995956749029514,2.7524162712004525,2.189807981501817,0.39006596592587306,0.570143033264594,0.2487193534799788,0.5319669250407761
2012-07-23,log_density,526,4118,1.2017921190489527,0.34562840014984886,2.325116650418998,0.2360017875434981,-0.11339767791767108,0.24209690957642996,0.8561459402800141
2012-07-23,unweighted,526,4118,1.269290842331325,0.7559613244626178,2.3141463670888975,0.24920088954461872,-0.00419532661459221,0.24194962032207773,0.813077127142115
2012-07-23,1_over_t,526,4118,1.6964311101599927,2.5552428021083244,2.2252263635808083,0.35933858548265973,0.4980569008719614,0.24652908129473122,0.5748438507273895
2012-07-30,log_density,519,4118,1.086602533643249,0.15833930319195133,2.3613228986397727,0.20331107540856264,-0.2813089356768119,0.23970832226686276,0.9184374275317035
2012-07-30,unweighted,519,4118,1.1642946630422994,0.25044576947873054,2.3486588793521137,0.21884911620741587,-0.14460718992109522,0.2395177511377586,0.8680622713596372
2012-07-30,1_over_t,519,4118,1.5882085454819692,2.297521004898215,2.2612524444780733,0.327176299034699,0.40979695787907944,0.24399664478044325,0.6233376622541408
2012-08-06,log_density,512,4118,0.9707503060194514,0.07559453271188943,2.397068392254845,0.17085241819279706,-0.4657525408362828,0.23721766067021066,0.9823199718186826
2012-08-06,unweighted,512,4118,1.0582387046919668,0.28040065639657996,2.382739916526902,0.1885521339666233,-0.2993385618006299,0.23698211609594103,0.9248766388217757
2012-08-06,1_over_t,512,4118,1.478640970341956,2.2959341259464665,2.2968984626843625,0.29428437744088953,0.3071938958908432,0.24135728586311614,0.6753493695576303
2012-08-13,log_density,505,4118,0.8433973829728607,-0.16598966726218123,2.4352039057620787,0.13714947972153335,-0.6876374426736811,0.23358867215947346,1.054052450321551
2012-08-13,unweighted,505,4118,0.9398528507172007,-0.43759032212659577,2.419386695140755,0.15668540330348057,-0.4886614317640312,0.23330711247002847,0.9899667642665835
2012-08-13,1_over_t,505,4118,1.352391706806819,2.1462926812321044,2.3359799926286855,0.2584824536724566,0.17074700362120487,0.23751161235381704,0.7388668310078478
2012-08-20,log_density,498,4118,,,,,,,
2012-08-20,unweighted,498,4118,,,,,,,
2012-08-20,1_over_t,498,4118,,,,,,,
2012-08-27,log_density,491,4118,,,,,,,
2012-08-27,unweighted,491,4118,,,,,,,
2012-08-27,1_over_t,491,4118,,,,,,,
2012-09-03,log_density,484,4118,,,,,,,
2012-09-03,unweighted,484,4118,,,,,,,
2012-09-03,1_over_t,484,4118,,,,,,,
2012-09-10,log_density,477,4118,,,,,,,
2012-09-10,unweighted,477,4118,,,,,,,
2012-09-10,1_over_t,477,4118,,,,,,,
2012-09-17,log_density,470,4118,,,,,,,
2012-09-17,unweighted,470,4118,,,,,,,
2012-09-17,1_over_t,470,4118,,,,,,,
2012-09-24,log_density,463,4118,,,,,,,
2012-09-24,unweighted,463,4118,,,,,,,
2012-09-24,1_over_t,463,4118,,,,,,,
2012-10-01,log_density,456,4118,,,,,,,
2012-10-01,unweighted,456,4118,,,,,,,
2012-10-01,1_over_t,456,4118,,,,,,,
2012-10-08,log_density,449,4118,,,,,,,
2012-10-08,unweighted,449,4118,,,,,,,
2012-10-08,1_over_t,449,4118,,,,,,,
2012-10-15,log_density,442,4118,,,,,,,
2012-10-15,unweighted,442,4118,,,,,,,
2012-10-15,1_over_t,442,4118,,,,,,,
2012-10-22,log_density,435,4118,,,,,,,
2012-10-22,unweighted,435,4118,,,,,,,
2012-10-22,1_over_t,435,4118,,,,,,,
2012-10-29,log_density,428,4118,,,,,,,
2012-10-29,unweighted,428,4118,,,,,,,
2012-10-29,1_over_t,428,4118,,,,,,,
2012-11-05,log_density,421,4118,,,,,,,
2012-11-05,unweighted,421,4118,,,,,,,
2012-11-05,1_over_t,421,4118,,,,,,,
2012-11-12,log_density,414,4118,,,,,,,
2012-11-12,unweighted,414,4118,,,,,,,
2012-11-12,1_over_t,414,4118,,,,,,,
2012-11-19,log_density,407,4118,,,,,,,
2012-11-19,unweighted,407,4118,,,,,,,
2012-11-19,1_over_t,407,4118,,,,,,,
2012-11-26,log_density,400,4118,,,,,,,
2012-11-26,unweighted,400,4118,,,,,,,
2012-11-26,1_over_t,400,4118,,,,,,,
2012-12-03,log_density,393,4118,,,,,,,
2012-12-03,unweighted,393,4118,,,,,,,
2012-12-03,1_over_t,393,4118,,,,,,,
2012-12-10,log_density,386,4118,,,,,,,
2012-12-10,unweighted,386,4118,,,,,,,
2012-12-10,1_over_t,386,4118,,,,,,,
2012-12-17,log_density,379,4118,,,,,,,
2012-12-17,unweighted,379,4118,,,,,,,
2012-12-17,1_over_t,379,4118,,,,,,,
2012-12-24,log_density,372,4118,,,,,,,
2012-12-24,unweighted,372,4118,,,,,,,
2012-12-24,1_over_t,372,4118,,,,,,,
2012-12-31,log_density,365,4118,,,,,,,
2012-12-31,unweighted,365,4118,,,,,,,
2012-12-31,1_over_t,365,4118,,,,,,,
2013-01-07,log_density,358,4118,,,,,,,
2013-01-07,unweighted,358,4118,,,,,,,
2013-01-07,1_over_t,358,4118,,,,,,,
2013-01-14,log_density,351,4118,,,,,,,
2013-01-14,unweighted,351,4118,,,,,,,
2013-01-14,1_over_t,351,4118,,,,,,,
2013-01-21,log_density,344,4118,,,,,,,
2013-01-21,unweighted,344,4118,,,,,,,
2013-01-21,1_over_t,344,4118,,,,,,,
2013-01-28,log_density,337,4118,,,,,,,
2013-01-28,unweighted,337,4118,,,,,,,
2013-01-28,1_over_t,337,4118,,,,,,,
2013-02-04,log_density,330,4118,,,,,,,
2013-02-04,unweighted,330,4118,,,,,,,
2013-02-04,1_over_t,330,4118,,,,,,,
2013-02-11,log_density,323,4118,,,,,,,
2013-02-11,unweighted,323,4118,,,,,,,
2013-02-11,1_over_t,323,4118,,,,,,,
2013-02-18,log_density,316,4118,,,,,,,
2013-02-18,unweighted,316,4118,,,,,,,
2013-02-18,1_over_t,316,4118,,,,,,,
2013-02-25,log_density,309,4118,,,,,,,
2013-02-25,unweighted,309,4118,,,,,,,
2013-02-25,1_over_t,309,4118,,,,,,,
2013-03-04,log_density,302,4118,,,,,,,
2013-03-04,unweighted,302,4118,,,,,,,
2013-03-04,1_over_t,302,4118,,,,,,,
2013-03-11,log_density,295,4118,,,,,,,
2013-03-11,unweighted,295,4118,,,,,,,
2013-03-11,1_over_t,295,4118,,,,,,,
2013-03-18,log_density,288,4118,,,,,,,
2013-03-18,unweighted,288,4118,,,,,,,
2013-03-18,1_over_t,288,4118,,,,,,,
2013-03-25,log_density,281,4118,,,,,,,
2013-03-25,unweighted,281,4118,,,,,,,
2013-03-25,1_over_t,281,4118,,,,,,,
2013-04-01,log_density,274,4118,,,,,,,
2013-04-01,unweighted,274,4118,,,,,,,
2013-04-01,1_over_t,274,4118,,,,,,,
2013-04-08,log_density,267,4118,,,,,,,
2013-04-08,unweighted,267,4118,,,,,,,
2013-04-08,1_over_t,267,4118,,,,,,,
2013-04-15,log_density,260,4118,,,,,,,
2013-04-15,unweighted,260,4118,,,,,,,
2013-04-15,1_over_t,260,4118,,,,,,,
2013-04-22,log_density,253,4118,,,,,,,
2013-04-22,unweighted,253,4118,,,,,,,
2013-04-22,1_over_t,253,4118,,,,,,,
2013-04-29,log_density,246,4118,,,,,,,
2013-04-29,unweighted,246,4118,,,,,,,
2013-04-29,1_over_t,246,4118,,,,,,,
2013-05-06,log_density,239,4118,,,,,,,
2013-05-06,unweighted,239,4118,,,,,,,
2013-05-06,1_over_t,239,4118,,,,,,,
2013-05-13,log_density,232,4118,,,,,,,
2013-05-13,unweighted,232,4118,,,,,,,
2013-05-13,1_over_t,232,4118,,,,,,,
2013-05-20,log_density,225,4118,,,,,,,
2013-05-20,unweighted,225,4118,,,,,,,
2013-05-20,1_over_t,225,4118,,,,,,,
2013-05-27,log_density,218,4118,,,,,,,
2013-05-27,unweighted,218,4118,,,,,,,
2013-05-27,1_over_t,218,4118,,,,,,,
2013-06-03,log_density,211,4118,,,,,,,
2013-06-03,unweighted,211,4118,,,,,,,
2013-06-03,1_over_t,211,4118,,,,,,,
2013-06-10,log_density,204,4118,,,,,,,
2013-06-10,unweighted,204,4118,,,,,,,
2013-06-10,1_over_t,204,4118,,,,,,,
2013-06-17,log_density,197,4118,,,,,,,
2013-06-17,unweighted,197,4118,,,,,,,
2013-06-17,1_over_t,197,4118,,,,,,,
2013-06-24,log_density,190,4118,,,,,,,
2013-06-24,unweighted,190,4118,,,,,,,
2013-06-24,1_over_t,190,4118,,,,,,,
2013-07-01,log_density,183,4118,,,,,,,
2013-07-01,unweighted,183,4118,,,,,,,
2013-07-01,1_over_t,183,4118,,,,,,,
2013-07-08,log_density,176,4118,,,,,,,
2013-07-08,unweighted,176,4118,,,,,,,
2013-07-08,1_over_t,176,4118,,,,,,,
2013-07-15,log_density,169,4118,,,,,,,
2013-07-15,unweighted,169,4118,,,,,,,
2013-07-15,1_over_t,169,4118,,,,,,,
2013-07-22,log_density,162,4118,,,,,,,
2013-07-22,unweighted,162,4118,,,,,,,
2013-07-22,1_over_t,162,4118,,,,,,,
2013-07-29,log_density,155,4118,,,,,,,
2013-07-29,unweighted,155,4118,,,,,,,
2013-07-29,1_over_t,155,4118,,,,,,,
2013-08-05,log_density,148,4118,,,,,,,
2013-08-05,unweighted,148,4118,,,,,,,
2013-08-05,1_over_t,148,4118,,,,,,,
2013-08-12,log_density,141,4118,,,,,,,
2013-08-12,unweighted,141,4118,,,,,,,
2013-08-12,1_over_t,141,4118,,,,,,,
2013-08-19,log_density,134,4118,,,,,,,
2013-08-19,unweighted,134,4118,,,,,,,
2013-08-19,1_over_t,134,4118,,,,,,,
2013-08-26,log_density,127,4118,,,,,,,
2013-08-26,unweighted,127,4118,,,,,,,
2013-08-26,1_over_t,127,4118,,,,,,,
2013-09-02,log_density,120,4118,,,,,,,
2013-09-02,unweighted,120,4118,,,,,,,
2013-09-02,1_over_t,120,4118,,,,,,,
2013-09-09,log_density,113,4118,,,,,,,
2013-09-09,unweighted,113,4118,,,,,,,
2013-09-09,1_over_t,113,4118,,,,,,,
2013-09-16,log_density,106,4118,,,,,,,
2013-09-16,unweighted,106,4118,,,,,,,
2013-09-16,1_over_t,106,4118,,,,,,,
2013-09-23,log_density,99,4118,,,,,,,
2013-09-23,unweighted,99,4118,,,,,,,
2013-09-23,1_over_t,99,4118,,,,,,,
2013-09-30,log_density,92,4118,,,,,,,
2013-09-30,unweighted,92,4118,,,,,,,
2013-09-30,1_over_t,92,4118,,,,,,,
2013-10-07,log_density,85,4118,,,,,,,
2013-10-07,unweighted,85,4118,,,,,,,
2013-10-07,1_over_t,85,4118,,,,,,,
2013-10-14,log_density,78,4118,,,,,,,
2013-10-14,unweighted,78,4118,,,,,,,
2013-10-14,1_over_t,78,4118,,,,,,,
2013-10-21,log_density,71,4118,,,,,,,
2013-10-21,unweighted,71,4118,,,,,,,
2013-10-21,1_over_t,71,4118,,,,,,,
2013-10-28,log_density,64,4118,,,,,,,
2013-10-28,unweighted,64,4118,,,,,,,
2013-10-28,1_over_t,64,4118,,,,,,,
2013-11-04,log_density,57,4118,,,,,,,
2013-11-04,unweighted,57,4118,,,,,,,
2013-11-04,1_over_t,57,4118,,,,,,,
2013-11-11,log_density,50,4118,,,,,,,
2013-11-11,unweighted,50,4118,,,,,,,
2013-11-11,1_over_t,50,4118,,,,,,,
2013-11-18,log_density,43,4118,,,,,,,
2013-11-18,unweighted,43,4118,,,,,,,
2013-11-18,1_over_t,43,4118,,,,,,,
2013-11-25,log_density,36,4118,,,,,,,
2013-11-25,unweighted,36,4118,,,,,,,
2013-11-25,1_over_t,36,4118,,,,,,,
2013-12-02,log_density,29,4118,,,,,,,
2013-12-02,unweighted,29,4118,,,,,,,
2013-12-02,1_over_t,29,4118,,,,,,,
2013-12-09,log_density,22,4118,,,,,,,
2013-12-09,unweighted,22,4118,,,,,,,
2013-12-09,1_over_t,22,4118,,,,,,,
2013-12-16,log_density,15,4118,,,,,,,
2013-12-16,unweighted,15,4118,,,,,,,
2013-12-16,1_over_t,15,4118,,,,,,,
2013-12-23,log_density,8,4118,,,,,,,
2013-12-23,unweighted,8,4118,,,,,,,
2013-12-23,1_over_t,8,4118,,,,,,,
2013-12-30,log_density,1,4118,,,,,,,
2013-12-30,unweighted,1,4118,,,,,,,
2013-12-30,1_over_t,1,4118,,,,,,,
2014-01-06,log_density,0,4118,,,,,,,
2014-01-06,unweighted,0,4118,,,,,,,
2014-01-06,1_over_t,0,4118,,,,,,,
2014-01-13,log_density,0,4118,,,,,,,
2014-01-13,unweighted,0,4118,,,,,,,
2014-01-13,1_over_t,0,4118,,,,,,,
2014-01-20,log_density,0,4118,,,,,,,
2014-01-20,unweighted,0,4118,,,,,,,
2014-01-20,1_over_t,0,4118,,,,,,,
2014-01-27,log_density,0,4118,,,,,,,
2014-01-27,unweighted,0,4118,,,,,,,
2014-01-27,1_over_t,0,4118,,,,,,,
2014-02-03,log_density,0,4118,,,,,,,
2014-02-03,unweighted,0,4118,,,,,,,
2014-02-03,1_over_t,0,4118,,,,,,,
2014-02-10,log_density,0,4118,,,,,,,
2014-02-10,unweighted,0,4118,,,,,,,
2014-02-10,1_over_t,0,4118,,,,,,,
2014-02-17,log_density,0,4118,,,,,,,
2014-02-17,unweighted,0,4118,,,,,,,
2014-02-17,1_over_t,0,4118,,,,,,,
2014-02-24,log_density,0,4118,,,,,,,
2014-02-24,unweighted,0,4118,,,,,,,
2014-02-24,1_over_t,0,4118,,,,,,,
2014-03-03,log_density,0,4118,,,,,,,
2014-03-03,unweighted,0,4118,,,,,,,
2014-03-03,1_over_t,0,4118,,,,,,,
2014-03-10,log_density,0,4118,,,,,,,
2014-03-10,unweighted,0,4118,,,,,,,
2014-03-10,1_over_t,0,4118,,,,,,,
2014-03-17,log_density,0,4118,,,,,,,
2014-03-17,unweighted,0,4118,,,,,,,
2014-03-17,1_over_t,0,4118,,,,,,,
2014-03-24,log_density,0,4118,,,,,,,
2014-03-24,unweighted,0,4118,,,,,,,
2014-03-24,1_over_t,0,4118,,,,,,,
2014-03-31,log_density,0,4118,,,,,,,
2014-03-31,unweighted,0,4118,,,,,,,
2014-03-31,1_over_t,0,4118,,,,,,,
2014-04-07,log_density,0,4118,,,,,,,
2014-04-07,unweighted,0,4118,,,,,,,
2014-04-07,1_over_t,0,4118,,,,,,,
2014-04-14,log_density,0,4118,,,,,,,
2014-04-14,unweighted,0,4118,,,,,,,
2014-04-14,1_over_t,0,4118,,,,,,,
2014-04-21,log_density,0,4118,,,,,,,
2014-04-21,unweighted,0,4118,,,,,,,
2014-04-21,1_over_t,0,4118,,,,,,,
2014-04-28,log_density,0,4118,,,,,,,
2014-04-28,unweighted,0,4118,,,,,,,
2014-04-28,1_over_t,0,4118,,,,,,,
2014-05-05,log_density,0,4118,,,,,,,
2014-05-05,unweighted,0,4118,,,,,,,
2014-05-05,1_over_t,0,4118,,,,,,,
2014-05-12,log_density,0,4118,,,,,,,
2014-05-12,unweighted,0,4118,,,,,,,
2014-05-12,1_over_t,0,4118,,,,,,,
2014-05-19,log_density,0,4118,,,,,,,
2014-05-19,unweighted,0,4118,,,,,,,
2014-05-19,1_over_t,0,4118,,,,,,,
2014-05-26,log_density,0,4118,,,,,,,
2014-05-26,unweighted,0,4118,,,,,,,
2014-05-26,1_over_t,0,4118,,,,,,,
2014-06-02,log_density,0,4118,,,,,,,
2014-06-02,unweighted,0,4118,,,,,,,
2014-06-02,1_over_t,0,4118,,,,,,,
2014-06-09,log_density,0,4118,,,,,,,
2014-06-09,unweighted,0,4118,,,,,,,
2014-06-09,1_over_t,0,4118,,,,,,,
2014-06-16,log_density,0,4118,,,,,,,
2014-06-16,unweighted,0,4118,,,,,,,
2014-06-16,1_over_t,0,4118,,,,,,,
2014-06-23,log_density,0,4118,,,,,,,
2014-06-23,unweighted,0,4118,,,,,,,
2014-06-23,1_over_t,0,4118,,,,,,,
2014-06-30,log_density,0,4118,,,,,,,
2014-06-30,unweighted,0,4118,,,,,,,
2014-06-30,1_over_t,0,4118,,,,,,,
2014-07-07,log_density,0,4118,,,,,,,
2014-07-07,unweighted,0,4118,,,,,,,
2014-07-07,1_over_t,0,4118,,,,,,,
2014-07-14,log_density,0,4118,,,,,,,
2014-07-14,unweighted,0,4118,,,,,,,
2014-07-14,1_over_t,0,4118,,,,,,,
2014-07-21,log_density,0,4118,,,,,,,
2014-07-21,unweighted,0,4118,,,,,,,
2014-07-21,1_over_t,0,4118,,,,,,,
2014-07-28,log_density,0,4118,,,,,,,
2014-07-28,unweighted,0,4118,,,,,,,
2014-07-28,1_over_t,0,4118,,,,,,,
2014-08-04,log_density,0,4118,,,,,,,
2014-08-04,unweighted,0,4118,,,,,,,
2014-08-04,1_over_t,0,4118,,,,,,,
2014-08-11,log_density,0,4118,,,,,,,
2014-08-11,unweighted,0,4118,,,,,,,
2014-08-11,1_over_t,0,4118,,,,,,,
2014-08-18,log_density,0,4118,,,,,,,
2014-08-18,unweighted,0,4118,,,,,,,
2014-08-18,1_over_t,0,4118,,,,,,,
2014-08-25,log_density,0,4118,,,,,,,
2014-08-25,unweighted,0,4118,,,,,,,
2014-08-25,1_over_t,0,4118,,,,,,,
2014-09-01,log_density,0,4118,,,,,,,
2014-09-01,unweighted,0,4118,,,,,,,
2014-09-01,1_over_t,0,4118,,,,,,,
2014-09-08,log_density,0,4118,,,,,,,
2014-09-08,unweighted,0,4118,,,,,,,
2014-09-08,1_over_t,0,4118,,,,,,,
2014-09-15,log_density,0,4118,,,,,,,
2014-09-15,unweighted,0,4118,,,,,,,
2014-09-15,1_over_t,0,4118,,,,,,,
2014-09-22,log_density,0,4118,,,,,,,
2014-09-22,unweighted,0,4118,,,,,,,
2014-09-22,1_over_t,0,4118,,,,,,,
2014-09-29,log_density,0,4118,,,,,,,
2014-09-29,unweighted,0,4118,,,,,,,
2014-09-29,1_over_t,0,4118,,,,,,,
2014-10-06,log_density,0,4118,,,,,,,
2014-10-06,unweighted,0,4118,,,,,,,
2014-10-06,1_over_t,0,4118,,,,,,,
2014-10-13,log_density,0,4118,,,,,,,
2014-10-13,unweighted,0,4118,,,,,,,
2014-10-13,1_over_t,0,4118,,,,,,,
2014-10-20,log_density,0,4118,,,,,,,
2014-10-20,unweighted,0,4118,,,,,,,
2014-10-20,1_over_t,0,4118,,,,,,,
2014-10-27,log_density,0,4118,,,,,,,
2014-10-27,unweighted,0,4118,,,,,,,
2014-10-27,1_over_t,0,4118,,,,,,,
2014-11-03,log_density,0,4118,,,,,,,
2014-11-03,unweighted,0,4118,,,,,,,
2014-11-03,1_over_t,0,4118,,,,,,,
2014-11-10,log_density,0,4118,,,,,,,
2014-11-10,unweighted,0,4118,,,,,,,
2014-11-10,1_over_t,0,4118,,,,,,,
2014-11-17,log_density,0,4118,,,,,,,
2014-11-17,unweighted,0,4118,,,,,,,
2014-11-17,1_over_t,0,4118,,,,,,,
2014-11-24,log_density,0,4118,,,,,,,
2014-11-24,unweighted,0,4118,,,,,,,
2014-11-24,1_over_t,0,4118,,,,,,,
2014-12-01,log_density,0,4118,,,,,,,
2014-12-01,unweighted,0,4118,,,,,,,
2014-12-01,1_over_t,0,4118,,,,,,,
2014-12-08,log_density,0,4118,,,,,,,
2014-12-08,unweighted,0,4118,,,,,,,
2014-12-08,1_over_t,0,4118,,,,,,,
2014-12-15,log_density,0,4118,,,,,,,
2014-12-15,unweighted,0,4118,,,,,,,
2014-12-15,1_over_t,0,4118,,,,,,,
2014-12-22,log_density,0,4118,,,,,,,
2014-12-22,unweighted,0,4118,,,,,,,
2014-12-22,1_over_t,0,4118,,,,,,,
2014-12-29,log_density,0,4118,,,,,,,
2014-12-29,unweighted,0,4118,,,,,,,
2014-12-29,1_over_t,0,4118,,,,,,,
2015-01-05,log_density,0,4118,,,,,,,
2015-01-05,unweighted,0,4118,,,,,,,
2015-01-05,1_over_t,0,4118,,,,,,,
2015-01-12,log_density,0,4118,,,,,,,
2015-01-12,unweighted,0,4118,,,,,,,
2015-01-12,1_over_t,0,4118,,,,,,,
2015-01-19,log_density,0,4118,,,,,,,
2015-01-19,unweighted,0,4118,,,,,,,
2015-01-19,1_over_t,0,4118,,,,,,,
2015-01-26,log_density,0,4118,,,,,,,
2015-01-26,unweighted,0,4118,,,,,,,
2015-01-26,1_over_t,0,4118,,,,,,,
2015-02-02,log_density,0,4118,,,,,,,
2015-02-02,unweighted,0,4118,,,,,,,
2015-02-02,1_over_t,0,4118,,,,,,,
2015-02-09,log_density,0,4118,,,,,,,
2015-02-09,unweighted,0,4118,,,,,,,
2015-02-09,1_over_t,0,4118,,,,,,,
2015-02-16,log_density,0,4118,,,,,,,
2015-02-16,unweighted,0,4118,,,,,,,
2015-02-16,1_over_t,0,4118,,,,,,,
2015-02-23,log_density,0,4118,,,,,,,
2015-02-23,unweighted,0,4118,,,,,,,
2015-02-23,1_over_t,0,4118,,,,,,,
2015-03-02,log_density,0,4118,,,,,,,
2015-03-02,unweighted,0,4118,,,,,,,
2015-03-02,1_over_t,0,4118,,,,,,,
2015-03-09,log_density,0,4118,,,,,,,
2015-03-09,unweighted,0,4118,,,,,,,
2015-03-09,1_over_t,0,4118,,,,,,,
2015-03-16,log_density,0,4118,,,,,,,
2015-03-16,unweighted,0,4118,,,,,,,
2015-03-16,1_over_t,0,4118,,,,,,,
2015-03-23,log_density,0,4118,,,,,,,
2015-03-23,unweighted,0,4118,,,,,,,
2015-03-23,1_over_t,0,4118,,,,,,,
2015-03-30,log_density,0,4118,,,,,,,
2015-03-30,unweighted,0,4118,,,,,,,
2015-03-30,1_over_t,0,4118,,,,,,,
2015-04-06,log_density,0,4118,,,,,,,
2015-04-06,unweighted,0,4118,,,,,,,
2015-04-06,1_over_t,0,4118,,,,,,,
2015-04-13,log_density,0,4118,,,,,,,
2015-04-13,unweighted,0,4118,,,,,,,
2015-04-13,1_over_t,0,4118,,,,,,,
2015-04-20,log_density,0,4118,,,,,,,
2015-04-20,unweighted,0,4118,,,,,,,
2015-04-20,1_over_t,0,4118,,,,,,,
2015-04-27,log_density,0,4118,,,,,,,
2015-04-27,unweighted,0,4118,,,,,,,
2015-04-27,1_over_t,0,4118,,,,,,,
2015-05-04,log_density,0,4118,,,,,,,
2015-05-04,unweighted,0,4118,,,,,,,
2015-05-04,1_over_t,0,4118,,,,,,,
2015-05-11,log_density,0,4118,,,,,,,
2015-05-11,unweighted,0,4118,,,,,,,
2015-05-11,1_over_t,0,4118,,,,,,,
2015-05-18,log_density,0,4118,,,,,,,
2015-05-18,unweighted,0,4118,,,,,,,
2015-05-18,1_over_t,0,4118,,,,,,,
2015-05-25,log_density,0,4118,,,,,,,
2015-05-25,unweighted,0,4118,,,,,,,
2015-05-25,1_over_t,0,4118,,,,,,,
2015-06-01,log_density,0,4118,,,,,,,
2015-06-01,unweighted,0,4118,,,,,,,
2015-06-01,1_over_t,0,4118,,,,,,,
2015-06-08,log_density,0,4118,,,,,,,
2015-06-08,unweighted,0,4118,,,,,,,
2015-06-08,1_over_t,0,4118,,,,,,,
2015-06-15,log_density,0,4118,,,,,,,
2015-06-15,unweighted,0,4118,,,,,,,
2015-06-15,1_over_t,0,4118,,,,,,,
2015-06-22,log_density,0,4118,,,,,,,
2015-06-22,unweighted,0,4118,,,,,,,
2015-06-22,1_over_t,0,4118,,,,,,,
2015-06-29,log_density,0,4118,,,,,,,
2015-06-29,unweighted,0,4118,,,,,,,
2015-06-29,1_over_t,0,4118,,,,,,,
2015-07-06,log_density,0,4118,,,,,,,
2015-07-06,unweighted,0,4118,,,,,,,
2015-07-06,1_over_t,0,4118,,,,,,,
2015-07-13,log_density,0,4118,,,,,,,
2015-07-13,unweighted,0,4118,,,,,,,
2015-07-13,1_over_t,0,4118,,,,,,,
2015-07-20,log_density,0,4118,,,,,,,
2015-07-20,unweighted,0,4118,,,,,,,
2015-07-20,1_over_t,0,4118,,,,,,,
2015-07-27,log_density,0,4118,,,,,,,
2015-07-27,unweighted,0,4118,,,,,,,
2015-07-27,1_over_t,0,4118,,,,,,,
2015-08-03,log_density,0,4118,,,,,,,
2015-08-03,unweighted,0,4118,,,,,,,
2015-08-03,1_over_t,0,4118,,,,,,,
2015-08-10,log_density,0,4118,,,,,,,
2015-08-10,unweighted,0,4118,,,,,,,
2015-08-10,1_over_t,0,4118,,,,,,,
2015-08-17,log_density,0,4118,,,,,,,
2015-08-17,unweighted,0,4118,,,,,,,
2015-08-17,1_over_t,0,4118,,,,,,,
2015-08-24,log_density,0,4118,,,,,,,
2015-08-24,unweighted,0,4118,,,,,,,
2015-08-24,1_over_t,0,4118,,,,,,,
2015-08-31,log_density,0,4118,,,,,,,
2015-08-31,unweighted,0,4118,,,,,,,
2015-08-31,1_over_t,0,4118,,,,,,,
2015-09-07,log_density,0,4118,,,,,,,
2015-09-07,unweighted,0,4118,,,,,,,
2015-09-07,1_over_t,0,4118,,,,,,,
2015-09-14,log_density,0,4118,,,,,,,
2015-09-14,unweighted,0,4118,,,,,,,
2015-09-14,1_over_t,0,4118,,,,,,,
2015-09-21,log_density,0,4118,,,,,,,
2015-09-21,unweighted,0,4118,,,,,,,
2015-09-21,1_over_t,0,4118,,,,,,,
2015-09-28,log_density,0,4118,,,,,,,
2015-09-28,unweighted,0,4118,,,,,,,
2015-09-28,1_over_t,0,4118,,,,,,,
2015-10-05,log_density,0,4118,,,,,,,
2015-10-05,unweighted,0,4118,,,,,,,
2015-10-05,1_over_t,0,4118,,,,,,,
2015-10-12,log_density,0,4118,,,,,,,
2015-10-12,unweighted,0,4118,,,,,,,
2015-10-12,1_over_t,0,4118,,,,,,,
2015-10-19,log_density,0,4118,,,,,,,
2015-10-19,unweighted,0,4118,,,,,,,
2015-10-19,1_over_t,0,4118,,,,,,,
2015-10-26,log_density,0,4118,,,,,,,
2015-10-26,unweighted,0,4118,,,,,,,
2015-10-26,1_over_t,0,4118,,,,,,,
2015-11-02,log_density,0,4118,,,,,,,
2015-11-02,unweighted,0,4118,,,,,,,
2015-11-02,1_over_t,0,4118,,,,,,,
2015-11-09,log_density,0,4118,,,,,,,
2015-11-09,unweighted,0,4118,,,,,,,
2015-11-09,1_over_t,0,4118,,,,,,,
2015-11-16,log_density,0,4118,,,,,,,
2015-11-16,unweighted,0,4118,,,,,,,
2015-11-16,1_over_t,0,4118,,,,,,,
2015-11-23,log_density,0,4118,,,,,,,
2015-11-23,unweighted,0,4118,,,,,,,
2015-11-23,1_over_t,0,4118,,,,,,,
2015-11-30,log_density,0,4118,,,,,,,
2015-11-30,unweighted,0,4118,,,,,,,
2015-11-30,1_over_t,0,4118,,,,,,,
2015-12-07,log_density,0,4118,,,,,,,
2015-12-07,unweighted,0,4118,,,,,,,
2015-12-07,1_over_t,0,4118,,,,,,,
2015-12-14,log_density,0,4118,,,,,,,
2015-12-14,unweighted,0,4118,,,,,,,
2015-12-14,1_over_t,0,4118,,,,,,,
2015-12-21,log_density,0,4118,,,,,,,
2015-12-21,unweighted,0,4118,,,,,,,
2015-12-21,1_over_t,0,4118,,,,,,,
2015-12-28,log_density,0,4118,,,,,,,
2015-12-28,unweighted,0,4118,,,,,,,
2015-12-28,1_over_t,0,4118,,,,,,,
2016-01-04,log_density,0,4118,,,,,,,
2016-01-04,unweighted,0,4118,,,,,,,
2016-01-04,1_over_t,0,4118,,,,,,,
2016-01-11,log_density,0,4118,,,,,,,
2016-01-11,unweighted,0,4118,,,,,,,
2016-01-11,1_over_t,0,4118,,,,,,,
2016-01-18,log_density,0,4118,,,,,,,
2016-01-18,unweighted,0,4118,,,,,,,
2016-01-18,1_over_t,0,4118,,,,,,,
2016-01-25,log_density,0,4118,,,,,,,
2016-01-25,unweighted,0,4118,,,,,,,
2016-01-25,1_over_t,0,4118,,,,,,,
2016-02-01,log_density,0,4118,,,,,,,
2016-02-01,unweighted,0,4118,,,,,,,
2016-02-01,1_over_t,0,4118,,,,,,,
2016-02-08,log_density,0,4118,,,,,,,
2016-02-08,unweighted,0,4118,,,,,,,
2016-02-08,1_over_t,0,4118,,,,,,,
2016-02-15,log_density,0,4118,,,,,,,
2016-02-15,unweighted,0,4118,,,,,,,
2016-02-15,1_over_t,0,4118,,,,,,,
2016-02-22,log_density,0,4118,,,,,,,
2016-02-22,unweighted,0,4118,,,,,,,
2016-02-22,1_over_t,0,4118,,,,,,,
2016-02-29,log_density,0,4118,,,,,,,
2016-02-29,unweighted,0,4118,,,,,,,
2016-02-29,1_over_t,0,4118,,,,,,,
2016-03-07,log_density,0,4118,,,,,,,
2016-03-07,unweighted,0,4118,,,,,,,
2016-03-07,1_over_t,0,4118,,,,,,,
2016-03-14,log_density,0,4118,,,,,,,
2016-03-14,unweighted,0,4118,,,,,,,
2016-03-14,1_over_t,0,4118,,,,,,,
2016-03-21,log_density,0,4118,,,,,,,
2016-03-21,unweighted,0,4118,,,,,,,
2016-03-21,1_over_t,0,4118,,,,,,,
2016-03-28,log_density,0,4118,,,,,,,
2016-03-28,unweighted,0,4118,,,,,,,
2016-03-28,1_over_t,0,4118,,,,,,,
2016-04-04,log_density,0,4118,,,,,,,
2016-04-04,unweighted,0,4118,,,,,,,
2016-04-04,1_over_t,0,4118,,,,,,,
2016-04-11,log_density,0,4118,,,,,,,
2016-04-11,unweighted,0,4118,,,,,,,
2016-04-11,1_over_t,0,4118,,,,,,,
2016-04-18,log_density,0,4118,,,,,,,
2016-04-18,unweighted,0,4118,,,,,,,
2016-04-18,1_over_t,0,4118,,,,,,,
2016-04-25,log_density,0,4118,,,,,,,
2016-04-25,unweighted,0,4118,,,,,,,
2016-04-25,1_over_t,0,4118,,,,,,,
2016-05-02,log_density,0,4118,,,,,,,
2016-05-02,unweighted,0,4118,,,,,,,
2016-05-02,1_over_t,0,4118,,,,,,,
2016-05-09,log_density,0,4118,,,,,,,
2016-05-09,unweighted,0,4118,,,,,,,
2016-05-09,1_over_t,0,4118,,,,,,,
2016-05-16,log_density,0,4118,,,,,,,
2016-05-16,unweighted,0,4118,,,,,,,
2016-05-16,1_over_t,0,4118,,,,,,,
2016-05-23,log_density,0,4118,,,,,,,
2016-05-23,unweighted,0,4118,,,,,,,
2016-05-23,1_over_t,0,4118,,,,,,,
2016-05-30,log_density,0,4118,,,,,,,
2016-05-30,unweighted,0,4118,,,,,,,
2016-05-30,1_over_t,0,4118,,,,,,,
2016-06-06,log_density,0,4118,,,,,,,
2016-06-06,unweighted,0,4118,,,,,,,
2016-06-06,1_over_t,0,4118,,,,,,,
2016-06-13,log_density,0,4118,,,,,,,
2016-06-13,unweighted,0,4118,,,,,,,
2016-06-13,1_over_t,0,4118,,,,,,,
2016-06-20,log_density,0,4118,,,,,,,
2016-06-20,unweighted,0,4118,,,,,,,
2016-06-20,1_over_t,0,4118,,,,,,,
2016-06-27,log_density,0,4118,,,,,,,
2016-06-27,unweighted,0,4118,,,,,,,
2016-06-27,1_over_t,0,4118,,,,,,,
2016-07-04,log_density,0,4118,,,,,,,
2016-07-04,unweighted,0,4118,,,,,,,
2016-07-04,1_over_t,0,4118,,,,,,,
2016-07-11,log_density,0,4118,,,,,,,
2016-07-11,unweighted,0,4118,,,,,,,
2016-07-11,1_over_t,0,4118,,,,,,,
2016-07-18,log_density,0,4118,,,,,,,
2016-07-18,unweighted,0,4118,,,,,,,
2016-07-18,1_over_t,0,4118,,,,,,,
2016-07-25,log_density,0,4118,,,,,,,
2016-07-25,unweighted,0,4118,,,,,,,
2016-07-25,1_over_t,0,4118,,,,,,,
2016-08-01,log_density,0,4118,,,,,,,
2016-08-01,unweighted,0,4118,,,,,,,
2016-08-01,1_over_t,0,4118,,,,,,,
2016-08-08,log_density,0,4118,,,,,,,
2016-08-08,unweighted,0,4118,,,,,,,
2016-08-08,1_over_t,0,4118,,,,,,,
2016-08-15,log_density,0,4118,,,,,,,
2016-08-15,unweighted,0,4118,,,,,,,
2016-08-15,1_over_t,0,4118,,,,,,,
2016-08-22,log_density,0,4118,,,,,,,
2016-08-22,unweighted,0,4118,,,,,,,
2016-08-22,1_over_t,0,4118,,,,,,,
2016-08-29,log_density,0,4118,,,,,,,
2016-08-29,unweighted,0,4118,,,,,,,
2016-08-29,1_over_t,0,4118,,,,,,,
2016-09-05,log_density,0,4118,,,,,,,
2016-09-05,unweighted,0,4118,,,,,,,
2016-09-05,1_over_t,0,4118,,,,,,,
2016-09-12,log_density,0,4118,,,,,,,
2016-09-12,unweighted,0,4118,,,,,,,
2016-09-12,1_over_t,0,4118,,,,,,,
2016-09-19,log_density,0,4118,,,,,,,
2016-09-19,unweighted,0,4118,,,,,,,
2016-09-19,1_over_t,0,4118,,,,,,,
2016-09-26,log_density,0,4118,,,,,,,
2016-09-26,unweighted,0,4118,,,,,,,
2016-09-26,1_over_t,0,4118,,,,,,,
2016-10-03,log_density,0,4118,,,,,,,
2016-10-03,unweighted,0,4118,,,,,,,
2016-10-03,1_over_t,0,4118,,,,,,,
2016-10-10,log_density,0,4118,,,,,,,
2016-10-10,unweighted,0,4118,,,,,,,
2016-10-10,1_over_t,0,4118,,,,,,,
2016-10-17,log_density,0,4118,,,,,,,
2016-10-17,unweighted,0,4118,,,,,,,
2016-10-17,1_over_t,0,4118,,,,,,,
2016-10-24,log_density,0,4118,,,,,,,
2016-10-24,unweighted,0,4118,,,,,,,
2016-10-24,1_over_t,0,4118,,,,,,,
2016-10-31,log_density,0,4118,,,,,,,
2016-10-31,unweighted,0,4118,,,,,,,
2016-10-31,1_over_t,0,4118,,,,,,,
2016-11-07,log_density,0,4118,,,,,,,
2016-11-07,unweighted,0,4118,,,,,,,
2016-11-07,1_over_t,0,4118,,,,,,,
2016-11-14,log_density,0,4118,,,,,,,
2016-11-14,unweighted,0,4118,,,,,,,
2016-11-14,1_over_t,0,4118,,,,,,,
2016-11-21,log_density,0,4118,,,,,,,
2016-11-21,unweighted,0,4118,,,,,,,
2016-11-21,1_over_t,0,4118,,,,,,,
2016-11-28,log_density,0,4118,,,,,,,
2016-11-28,unweighted,0,4118,,,,,,,
2016-11-28,1_over_t,0,4118,,,,,,,
2016-12-05,log_density,0,4118,,,,,,,
2016-12-05,unweighted,0,4118,,,,,,,
2016-12-05,1_over_t,0,4118,,,,,,,
2016-12-12,log_density,0,4118,,,,,,,
2016-12-12,unweighted,0,4118,,,,,,,
2016-12-12,1_over_t,0,4118,,,,,,,
2016-12-19,log_density,0,4118,,,,,,,
2016-12-19,unweighted,0,4118,,,,,,,
2016-12-19,1_over_t,0,4118,,,,,,,
2016-12-26,log_density,0,4118,,,,,,,
2016-12-26,unweighted,0,4118,,,,,,,
2016-12-26,1_over_t,0,4118,,,,,,,
