t0_date,weighting,n_fit,n_holdout,beta_ols,beta_qr,alpha_ols,r2_fit,r2_holdout,sigma_fit,sigma_holdout
2007-01-01,log_density,1150,5747,7.688594513170344,7.560196292449229,-4.9080052701386165,0.9916189701837386,0.9498333676178263,0.20259752807355608,0.3446757051057264
2007-01-01,unweighted,5747,0,,,,,,,
2007-01-01,1_over_t,5747,0,,,,,,,
2007-01-08,log_density,1150,5747,7.671945940729884,7.543517553745975,-4.883996176798561,0.9916936614520048,0.9499442281662609,0.20159634686219394,0.3442946543024634
2007-01-08,unweighted,5747,0,,,,,,,
2007-01-08,1_over_t,5747,0,,,,,,,
2007-01-15,log_density,1150,5747,7.655283670158639,7.526823648931312,-4.8599848966157,0.9917593513919999,0.950055287235149,0.20062141269889427,0.3439124978089718
2007-01-15,unweighted,5747,0,,,,,,,
2007-01-15,1_over_t,5747,0,,,,,,,
2007-01-22,log_density,1150,5747,7.63390444988179,7.510114431356212,-4.830333235337321,0.9917457492137111,0.9501665432495368,0.20055622509112575,0.3435292373637102
2007-01-22,unweighted,5747,0,,,,,,,
2007-01-22,1_over_t,5747,0,,,,,,,
2007-01-29,log_density,1150,5747,7.617100780576749,7.493389752246523,-4.806179593274365,0.9918258581452507,0.9502779945710254,0.19958063582785648,0.3431448749211632
2007-01-29,unweighted,5747,0,,,,,,,
2007-01-29,1_over_t,5747,0,,,,,,,
2007-02-05,log_density,1150,5747,7.600170632836122,7.476649460661214,-4.781887699083743,0.9919042220865057,0.9503896394958942,0.19862166114235397,0.3427594126595959
2007-02-05,unweighted,5747,0,,,,,,,
2007-02-05,1_over_t,5747,0,,,,,,,
2007-02-12,log_density,1150,5747,7.5807474718575385,7.4598934034493025,-4.754626215922709,0.9919157973892724,0.950501476253164,0.19814764595803652,0.3423728529890783
2007-02-12,unweighted,5747,0,,,,,,,
2007-02-12,1_over_t,5747,0,,,,,,,
2007-02-19,log_density,1150,5747,7.5612744324479735,7.443121425205549,-4.727342884438169,0.9919458607502455,0.9506135030025985,0.19767988814426588,0.34198519855978804
2007-02-19,unweighted,5747,0,,,,,,,
2007-02-19,1_over_t,5747,0,,,,,,,
2007-02-26,log_density,1150,5747,7.541884211552574,7.426333368225677,-4.70011697686795,0.9919858472074828,0.9507257178326419,0.19718856601244983,0.3415964522706031
2007-02-26,unweighted,5747,0,,,,,,,
2007-02-26,1_over_t,5747,0,,,,,,,
2007-03-05,log_density,1150,5747,7.526908017051635,7.4095290724598915,-4.6779980944738355,0.9920718717120123,0.9508381187582902,0.19587686508915694,0.3412066172779955
2007-03-05,unweighted,5747,0,,,,,,,
2007-03-05,1_over_t,5747,0,,,,,,,
2007-03-12,log_density,1150,5747,7.508137903952846,7.392708375464816,-4.651133450136779,0.9920881246859243,0.9509507037188931,0.19531456893477328,0.34081569700523634
2007-03-12,unweighted,5747,0,,,,,,,
2007-03-12,1_over_t,5747,0,,,,,,,
2007-03-19,log_density,1150,5747,7.48836632338279,7.375871112355754,-4.623649690738215,0.9920960699692561,0.9510634705758855,0.19486413552027798,0.3404236951519244
2007-03-19,unweighted,5747,0,,,,,,,
2007-03-19,1_over_t,5747,0,,,,,,,
2007-03-26,log_density,1150,5747,7.46884666707113,7.359017115755629,-4.596323279045553,0.9920883388103653,0.9511764171104443,0.1943980288765949,0.3400306157038511
2007-03-26,unweighted,5747,0,,,,,,,
2007-03-26,1_over_t,5747,0,,,,,,,
2007-04-02,log_density,1150,5747,7.449424268248801,7.342146215744103,-4.569061935980091,0.9920676420718199,0.9512895410210692,0.193929836479626,0.3396364629432142
2007-04-02,unweighted,5747,0,,,,,,,
2007-04-02,1_over_t,5747,0,,,,,,,
2007-04-09,log_density,1150,5747,7.429795890822758,7.325258239805016,-4.541711811450625,0.9920947431221018,0.9514028399210832,0.1934202201934352,0.33924124145919266
2007-04-09,unweighted,5747,0,,,,,,,
2007-04-09,1_over_t,5747,0,,,,,,,
2007-04-16,log_density,1150,5747,7.411007472013836,7.308353012771621,-4.515474786275021,0.9920889430986642,0.9515163113360515,0.19268014270592745,0.33884495615889854
2007-04-16,unweighted,5747,0,,,,,,,
2007-04-16,1_over_t,5747,0,,,,,,,
2007-04-23,log_density,1150,5747,7.394343125237917,7.291430356771883,-4.4915535102690995,0.9921377266891729,0.9516299527011143,0.1915911208015797,0.3384476122787186
2007-04-23,unweighted,5747,0,,,,,,,
2007-04-23,1_over_t,5747,0,,,,,,,
2007-04-30,log_density,1150,5747,7.3745042707131105,7.274490091170867,-4.463903224706343,0.9921297553102556,0.9517437613582305,0.19114710883946082,0.33804921539606203
2007-04-30,unweighted,5747,0,,,,,,,
2007-04-30,1_over_t,5747,0,,,,,,,
2007-05-07,log_density,1150,5747,7.355979568615169,7.25753203251216,-4.437817080978899,0.9921538071144366,0.9518577345533302,0.1904196886941396,0.33764977144152813
2007-05-07,unweighted,5747,0,,,,,,,
2007-05-07,1_over_t,5747,0,,,,,,,
2007-05-14,log_density,1150,5747,7.337808428364291,7.240555994458031,-4.412161758271047,0.9921765695530284,0.9519718694333708,0.1896165539130204,0.33724928671151333
2007-05-14,unweighted,5747,0,,,,,,,
2007-05-14,1_over_t,5747,0,,,,,,,
2007-05-21,log_density,1150,5747,7.320005605477483,7.223561787727362,-4.387171367757727,0.9921875904514585,0.9520861630432933,0.18866275848230238,0.3368477678812715
2007-05-21,unweighted,5747,0,,,,,,,
2007-05-21,1_over_t,5747,0,,,,,,,
2007-05-28,log_density,1150,5747,7.3003338144658585,7.206549220032229,-4.359921644278359,0.9921910706934952,0.9522006123228773,0.1881102121110542,0.3364452220184476
2007-05-28,unweighted,5747,0,,,,,,,
2007-05-28,1_over_t,5747,0,,,,,,,
2007-06-04,log_density,1150,5747,7.28334310297106,7.189518096012525,-4.335819553384141,0.9922435210475413,0.9523152141034862,0.18697961253405532,0.3360416565971025
2007-06-04,unweighted,5747,0,,,,,,,
2007-06-04,1_over_t,5747,0,,,,,,,
2007-06-11,log_density,1150,5747,7.262910246240654,7.172468217169054,-4.307520567151823,0.9922319406578524,0.9524299651047031,0.18663543315736805,0.33563707951224797
2007-06-11,unweighted,5747,0,,,,,,,
2007-06-11,1_over_t,5747,0,,,,,,,
2007-06-18,log_density,1150,5747,7.245437379774955,7.155399381794452,-4.2830074588276545,0.9922903273679734,0.9525448619308506,0.1855414229401971,0.33523149909491307
2007-06-18,unweighted,5747,0,,,,,,,
2007-06-18,1_over_t,5747,0,,,,,,,
2007-06-25,log_density,1150,5747,7.225114755798785,7.138311384902451,-4.255094576062518,0.9923042512854773,0.9526599010673895,0.18506531425175402,0.3348249241277625
2007-06-25,unweighted,5747,0,,,,,,,
2007-06-25,1_over_t,5747,0,,,,,,,
2007-07-02,log_density,1150,5747,7.2087685450609555,7.121204018154745,-4.231720887699549,0.9923834704029842,0.9527750788771933,0.183787769216116,0.3344173638612891
2007-07-02,unweighted,5747,0,,,,,,,
2007-07-02,1_over_t,5747,0,,,,,,,
2007-07-09,log_density,1150,5747,7.192920493127502,7.104077069786228,-4.209040604337758,0.9924709233839171,0.9528903915966928,0.18232950802244793,0.33400882803060356
2007-07-09,unweighted,5747,0,,,,,,,
2007-07-09,1_over_t,5747,0,,,,,,,
2007-07-16,log_density,1150,5747,7.17627908210784,7.086930324527808,-4.185435095473167,0.9925426126373811,0.953005835331885,0.18101892581426954,0.3335993268728459
2007-07-16,unweighted,5747,0,,,,,,,
2007-07-16,1_over_t,5747,0,,,,,,,
2007-07-23,log_density,1150,5747,7.16061378123581,7.069763563526883,-4.162994483745905,0.9926361674726196,0.9531214060542018,0.1794907383549133,0.3331888711452429
2007-07-23,unweighted,5747,0,,,,,,,
2007-07-23,1_over_t,5747,0,,,,,,,
2007-07-30,log_density,1150,5747,7.141701041407714,7.052576564266131,-4.136734075043876,0.9926677857344784,0.9532370995962324,0.17870280207851608,0.33277747214383946
2007-07-30,unweighted,5747,0,,,,,,,
2007-07-30,1_over_t,5747,0,,,,,,,
2007-08-06,log_density,1150,5747,7.127465496720646,7.035369100479075,-4.116130263070261,0.9928067410114111,0.953352911647293,0.17679949643860443,0.3323651417229294
2007-08-06,unweighted,5747,0,,,,,,,
2007-08-06,1_over_t,5747,0,,,,,,,
2007-08-13,log_density,1150,5747,7.111224102541399,7.018140942063775,-4.0933436005910835,0.9928838156543269,0.953468837748839,0.17529033376660721,0.3319518923152161
2007-08-13,unweighted,5747,0,,,,,,,
2007-08-13,1_over_t,5747,0,,,,,,,
2007-08-20,log_density,1150,5747,7.095005785552502,7.000891854993728,-4.070397044251045,0.9929649678343774,0.9535848732897113,0.1737687618847991,0.33153773695273236
2007-08-20,unweighted,5747,0,,,,,,,
2007-08-20,1_over_t,5747,0,,,,,,,
2007-08-27,log_density,1150,5747,7.079583926718442,6.983621601226165,-4.048489483096034,0.9930632249094741,0.9537010135012115,0.17207448578145654,0.33112268928855104
2007-08-27,unweighted,5747,0,,,,,,,
2007-08-27,1_over_t,5747,0,,,,,,,
2007-09-03,log_density,1150,5747,7.063507164171057,6.966329938607707,-4.025955544636247,0.9931649811734224,0.9538172534519974,0.17046805716892008,0.3307067636193193
2007-09-03,unweighted,5747,0,,,,,,,
2007-09-03,1_over_t,5747,0,,,,,,,
2007-09-10,log_density,1150,5747,7.045933852229588,6.949016620776808,-4.001620350536072,0.9932600700331049,0.9539335880427933,0.16918747467243792,0.33028997490865075
2007-09-10,unweighted,5747,0,,,,,,,
2007-09-10,1_over_t,5747,0,,,,,,,
2007-09-17,log_density,1150,5747,7.033404849422652,6.931681397063874,-3.9829311729984624,0.9934155255167436,0.9540500120009046,0.16691010556392688,0.32987233881141265
2007-09-17,unweighted,5747,0,,,,,,,
2007-09-17,1_over_t,5747,0,,,,,,,
2007-09-24,log_density,1150,5747,7.01818640810658,6.914324012387656,-3.9610555439422015,0.9935265735500302,0.9541665198745312,0.1651905590545096,0.32945387169894375
2007-09-24,unweighted,5747,0,,,,,,,
2007-09-24,1_over_t,5747,0,,,,,,,
2007-10-01,log_density,1150,5747,7.00123899255766,6.896944207148782,-3.9371484546218767,0.9936145267122966,0.9542831060268689,0.1638553915817606,0.32903459068524465
2007-10-01,unweighted,5747,0,,,,,,,
2007-10-01,1_over_t,5747,0,,,,,,,
2007-10-08,log_density,1150,5747,6.984463041111326,6.87954171712041,-3.913449351143555,0.9937048939907841,0.9543997646299915,0.16244121334185682,0.32861451365417993
2007-10-08,unweighted,5747,0,,,,,,,
2007-10-08,1_over_t,5747,0,,,,,,,
2007-10-15,log_density,1150,5747,6.965505140104902,6.862116273334132,-3.887806096670026,0.9937525511493761,0.9545164896585021,0.16130706888976037,0.32819365928773714
2007-10-15,unweighted,5747,0,,,,,,,
2007-10-15,1_over_t,5747,0,,,,,,,
2007-10-22,log_density,1150,5747,6.94619777662421,6.844667601964263,-3.8613584875892712,0.9937984278395895,0.9546332748829459,0.1603980940752202,0.3277720470953869
2007-10-22,unweighted,5747,0,,,,,,,
2007-10-22,1_over_t,5747,0,,,,,,,
2007-10-29,log_density,1150,5747,6.929163681723935,6.827195424206609,-3.8375066516117897,0.9938848173256248,0.9547501138629727,0.15900193184497488,0.3273496974445915
2007-10-29,unweighted,5747,0,,,,,,,
2007-10-29,1_over_t,5747,0,,,,,,,
2007-11-05,log_density,1150,5747,6.910794734853219,6.809699456154474,-3.8128372875338243,0.9939637715086989,0.9548669999402379,0.15764647450089786,0.3269266315925139
2007-11-05,unweighted,5747,0,,,,,,,
2007-11-05,1_over_t,5747,0,,,,,,,
2007-11-12,log_density,1150,5747,6.892621913611201,6.7921794086705685,-3.788030786784404,0.9940393512043744,0.9549839262310316,0.15633653210380324,0.3265028717189759
2007-11-12,unweighted,5747,0,,,,,,,
2007-11-12,1_over_t,5747,0,,,,,,,
2007-11-19,log_density,1150,5747,6.8760187678574205,6.774634987254159,-3.7646959434951164,0.9941233578872569,0.9551008856186222,0.1547885481227154,0.3260784409607239
2007-11-19,unweighted,5747,0,,,,,,,
2007-11-19,1_over_t,5747,0,,,,,,,
2007-11-26,log_density,1150,5747,6.859095971299169,6.7570658919048645,-3.740998599087604,0.994224925330535,0.9552178707453034,0.1532998116765317,0.3256533634470575
2007-11-26,unweighted,5747,0,,,,,,,
2007-11-26,1_over_t,5747,0,,,,,,,
2007-12-03,log_density,1150,5747,6.841483506805311,6.739471816981182,-3.716732668767783,0.9943107806080338,0.9553348740041303,0.15189708528029555,0.3252276643368817
2007-12-03,unweighted,5747,0,,,,,,,
2007-12-03,1_over_t,5747,0,,,,,,,
2007-12-10,log_density,1150,5747,6.825182358136164,6.721852451054639,-3.6936780924515062,0.9944158548061675,0.95545188753033,0.15025194770170636,0.32480136985724734
2007-12-10,unweighted,5747,0,,,,,,,
2007-12-10,1_over_t,5747,0,,,,,,,
2007-12-17,log_density,1150,5747,6.8090103943895315,6.70420747675932,-3.670790983060982,0.9945176217448455,0.9555689031923723,0.14860225774349,0.3243745073434439
2007-12-17,unweighted,5747,0,,,,,,,
2007-12-17,1_over_t,5747,0,,,,,,,
2007-12-24,log_density,1150,5747,6.791007657726901,6.686536570635824,-3.646183925661049,0.994612798218529,0.9556859125826866,0.1471853466556842,0.323947105280717
2007-12-24,unweighted,5747,0,,,,,,,
2007-12-24,1_over_t,5747,0,,,,,,,
2007-12-31,log_density,1150,5747,6.77485670084355,6.668839402970919,-3.623471698855525,0.9947238530451922,0.9558029070080055,0.14548284846999449,0.3235191933476821
2007-12-31,unweighted,5747,0,,,,,,,
2007-12-31,1_over_t,5747,0,,,,,,,
2008-01-07,log_density,1150,5747,6.758023024187274,6.65111563763032,-3.5999996677401,0.9948059665164466,0.9559198774793193,0.14386342259645032,0.32309080246151245
2008-01-07,unweighted,5747,0,,,,,,,
2008-01-07,1_over_t,5747,0,,,,,,,
2008-01-14,log_density,1150,5747,6.738017595534878,6.633364931887127,-3.574102261355293,0.9948719502303163,0.9560368147014239,0.14255342510170999,0.3226619648249824
2008-01-14,unweighted,5747,0,,,,,,,
2008-01-14,1_over_t,5747,0,,,,,,,
2008-01-21,log_density,1150,5747,6.7241799220305865,6.615586936243688,-3.553457007664605,0.9949839952708565,0.9561537090620422,0.14048437477839354,0.32223271397544995
2008-01-21,unweighted,5747,0,,,,,,,
2008-01-21,1_over_t,5747,0,,,,,,,
2008-01-28,log_density,1150,5747,6.706618941369996,6.597781294247226,-3.529494590372046,0.9950908047257259,0.9562705506204979,0.13890326227359376,0.3218030848358703
2008-01-28,unweighted,5747,0,,,,,,,
2008-01-28,1_over_t,5747,0,,,,,,,
2008-02-04,log_density,1150,5747,6.690753274511351,6.579947642299335,-3.5070567804353203,0.9952080922328895,0.9563873290959215,0.13707934641518374,0.3213731137679322
2008-02-04,unweighted,5747,0,,,,,,,
2008-02-04,1_over_t,5747,0,,,,,,,
2008-02-11,log_density,1150,5747,6.673309095382983,6.56208560945841,-3.483464061797825,0.9953213666698301,0.9565040338549655,0.1353670835678231,0.32094283862741835
2008-02-11,unweighted,5747,0,,,,,,,
2008-02-11,1_over_t,5747,0,,,,,,,
2008-02-18,log_density,1150,5747,6.656455974673925,6.5441948172354865,-3.460313432141904,0.9954317156221956,0.9566206538990047,0.1336419442341971,0.3205122988218925
2008-02-18,unweighted,5747,0,,,,,,,
2008-02-18,1_over_t,5747,0,,,,,,,
2008-02-25,log_density,1150,5747,6.638159837560085,6.526274879382414,-3.435173005703689,0.9955124045278646,0.9567371778507971,0.13227992624762797,0.32008153537082495
2008-02-25,unweighted,5747,0,,,,,,,
2008-02-25,1_over_t,5747,0,,,,,,,
2008-03-03,log_density,1150,5747,6.619453100593667,6.508325401672322,-3.410482107752884,0.9956046562001682,0.9568535939405785,0.1307044287009654,0.3196505909682699
2008-03-03,unweighted,5747,0,,,,,,,
2008-03-03,1_over_t,5747,0,,,,,,,
2008-03-10,log_density,1150,5747,6.600662099589435,6.49034598167252,-3.3854956173337527,0.9956998859358075,0.9569698899915611,0.12918579228479304,0.31921951004821914
2008-03-10,unweighted,5747,0,,,,,,,
2008-03-10,1_over_t,5747,0,,,,,,,
2008-03-17,log_density,1150,5747,6.587559745389221,6.4723362085088505,-3.36649234684419,0.9958322667354286,0.9570860534048106,0.12667145639607413,0.31878833885275837
2008-03-17,unweighted,5747,0,,,,,,,
2008-03-17,1_over_t,5747,0,,,,,,,
2008-03-24,log_density,1150,5747,6.571355986738709,6.454295662620938,-3.3439067379830405,0.9959359856473358,0.957202071143465,0.12480881028099704,0.3183571255031635
2008-03-24,unweighted,5747,0,,,,,,,
2008-03-24,1_over_t,5747,0,,,,,,,
2008-03-31,log_density,1150,5747,6.5513212337532,6.436223915509294,-3.3171336468095944,0.9959916756130985,0.9573179297162662,0.12367374318497892,0.31792592007407827
2008-03-31,unweighted,5747,0,,,,,,,
2008-03-31,1_over_t,5747,0,,,,,,,
2008-04-07,log_density,1150,5747,6.531007882275809,6.418120529471741,-3.2906934750416923,0.9960488269402289,0.9574336151603662,0.12239393982467223,0.3174947746709256
2008-04-07,unweighted,5747,0,,,,,,,
2008-04-07,1_over_t,5747,0,,,,,,,
2008-04-14,log_density,1150,5747,6.511187103655047,6.39998505733075,-3.2640427766868285,0.9960960976188954,0.9575491130233732,0.12122417402034509,0.3170637435107097
2008-04-14,unweighted,5747,0,,,,,,,
2008-04-14,1_over_t,5747,0,,,,,,,
2008-04-21,log_density,1150,5747,6.49162228385844,6.3818170421499385,-3.2379133914085543,0.9961443550798597,0.9576644083445957,0.11990603183048655,0.31663288300638004
2008-04-21,unweighted,5747,0,,,,,,,
2008-04-21,1_over_t,5747,0,,,,,,,
2008-04-28,log_density,1150,5747,6.471857572774756,6.363616016939729,-3.211682420406703,0.9961995059868508,0.9577794856354432,0.11858981904187114,0.3162022518549313
2008-04-28,unweighted,5747,0,,,,,,,
2008-04-28,1_over_t,5747,0,,,,,,,
2008-05-05,log_density,1150,5747,6.453341896024977,6.345381504351751,-3.186430693505425,0.9962585209585754,0.957894328858942,0.11710379953543625,0.3157719111294293
2008-05-05,unweighted,5747,0,,,,,,,
2008-05-05,1_over_t,5747,0,,,,,,,
2008-05-12,log_density,1150,5747,6.432567109326559,6.327113016360789,-3.159234659817356,0.9962963919282014,0.9580089214083128,0.11595492151417795,0.31534192437516073
2008-05-12,unweighted,5747,0,,,,,,,
2008-05-12,1_over_t,5747,0,,,,,,,
2008-05-19,log_density,1150,5747,6.412466217639192,6.308810053934908,-3.1338536239375188,0.9963696616293685,0.9581232460845669,0.11429192593252278,0.3149123577101147
2008-05-19,unweighted,5747,0,,,,,,,
2008-05-19,1_over_t,5747,0,,,,,,,
2008-05-26,log_density,1150,5747,6.393336862048752,6.290472106691578,-3.1091281631800136,0.9964499089034785,0.9582372850730627,0.11254728177442279,0.3144832799300208
2008-05-26,unweighted,5747,0,,,,,,,
2008-05-26,1_over_t,5747,0,,,,,,,
2008-06-02,log_density,1150,5747,6.373061084593225,6.272098652540609,-3.0831709980818385,0.9965285570812895,0.9583510199189682,0.11104826842309092,0.3140547626181753
2008-06-02,unweighted,5747,0,,,,,,,
2008-06-02,1_over_t,5747,0,,,,,,,
2008-06-09,log_density,1150,5747,6.352438653912742,6.253689157312423,-3.0574813744101164,0.996602351269437,0.9584644315015697,0.10940238892233355,0.31362688026030666
2008-06-09,unweighted,5747,0,,,,,,,
2008-06-09,1_over_t,5747,0,,,,,,,
2008-06-16,log_density,1150,5747,6.332921283410073,6.23524307437088,-3.0326083230667322,0.9967006152524315,0.9585775000073606,0.10764485456562144,0.3131997103647419
2008-06-16,unweighted,5747,0,,,,,,,
2008-06-16,1_over_t,5747,0,,,,,,,
2008-06-23,log_density,1150,5747,6.311225904838068,6.216759844210242,-3.005321235376158,0.9967533819371838,0.9586902049018454,0.10636831681449574,0.3127733335881537
2008-06-23,unweighted,5747,0,,,,,,,
2008-06-23,1_over_t,5747,0,,,,,,,
2008-06-30,log_density,1150,5747,6.29167996356562,6.198238894035803,-2.9803858724444368,0.9968457738621141,0.9588025248999827,0.10465380866130056,0.3123478338671832
2008-06-30,unweighted,5747,0,,,,,,,
2008-06-30,1_over_t,5747,0,,,,,,,
2008-07-07,log_density,1150,5747,6.275732769087824,6.179679637325842,-2.9589133313434957,0.9969763446925078,0.9589144379351937,0.1023690191698384,0.3119232985562537
2008-07-07,unweighted,5747,0,,,,,,,
2008-07-07,1_over_t,5747,0,,,,,,,
2008-07-14,log_density,1150,5747,6.259268033235742,6.161081473375933,-2.9366214974131566,0.9970864841822878,0.959025921126851,0.10033466301200404,0.3114998185719065
2008-07-14,unweighted,5747,0,,,,,,,
2008-07-14,1_over_t,5747,0,,,,,,,
2008-07-21,log_density,1150,5747,6.238626871828309,6.14244378682326,-2.9111760256683894,0.9971694669446156,0.959136950746161,0.09865491733233923,0.31107748854401357
2008-07-21,unweighted,5747,0,,,,,,,
2008-07-21,1_over_t,5747,0,,,,,,,
2008-07-28,log_density,1150,5747,6.21904715081385,6.123765947150353,-2.8863732878396746,0.9972553355424418,0.9592475021803465,0.09688619734010298,0.31065640697424207
2008-07-28,unweighted,5747,0,,,,,,,
2008-07-28,1_over_t,5747,0,,,,,,,
2008-08-04,log_density,1150,5747,6.2011426463874635,6.10504730816738,-2.8634277599176947,0.9973474404346907,0.959357549895028,0.09486843689557437,0.31023667640216984
2008-08-04,unweighted,5747,0,,,,,,,
2008-08-04,1_over_t,5747,0,,,,,,,
2008-08-11,log_density,1150,5747,6.180923249201513,6.086287207471264,-2.837706092901797,0.997414078038245,0.9594670673946991,0.09331770663499264,0.30981840357947615
2008-08-11,unweighted,5747,0,,,,,,,
2008-08-11,1_over_t,5747,0,,,,,,,
2008-08-18,log_density,1150,5747,6.164431155722738,6.067484965880782,-2.8157738711624347,0.9975189579402901,0.9595760271811781,0.09115428604662759,0.30940169965265985
2008-08-18,unweighted,5747,0,,,,,,,
2008-08-18,1_over_t,5747,0,,,,,,,
2008-08-25,log_density,1150,5747,6.15039486722023,6.0486398868466456,-2.7963030572884033,0.9976448607789176,0.9596844007099171,0.08866142705626888,0.30898668035476395
2008-08-25,unweighted,5747,0,,,,,,,
2008-08-25,1_over_t,5747,0,,,,,,,
2008-09-01,log_density,1150,5747,6.130585982845272,6.029751255833973,-2.7707267775395223,0.9977210573382833,0.9597921583440348,0.08708254613430462,0.3085734662066208
2008-09-01,unweighted,5747,0,,,,,,,
2008-09-01,1_over_t,5747,0,,,,,,,
2008-09-08,log_density,1150,5747,6.107462301006478,6.010818339677448,-2.742907763935065,0.9977748711732953,0.9598992693059339,0.08576724849844738,0.30816218272816065
2008-09-08,unweighted,5747,0,,,,,,,
2008-09-08,1_over_t,5747,0,,,,,,,
2008-09-15,log_density,1150,5747,6.08718482065882,5.9918403859053395,-2.716478516142246,0.9978241400802192,0.9600057016263527,0.08444139232190466,0.30775296066036784
2008-09-15,unweighted,5747,0,,,,,,,
2008-09-15,1_over_t,5747,0,,,,,,,
2008-09-22,log_density,1150,5747,6.068084751533089,5.9728166220329975,-2.6918222712842557,0.9979057566639792,0.960111422090688,0.08278905138143751,0.3073459361985034
2008-09-22,unweighted,5747,0,,,,,,,
2008-09-22,1_over_t,5747,0,,,,,,,
2008-09-29,log_density,1150,5747,6.048196100611702,5.953746254822133,-2.666265864444129,0.9979697935521356,0.9602163961824185,0.08118356598508442,0.30694125123725774
2008-09-29,unweighted,5747,0,,,,,,,
2008-09-29,1_over_t,5747,0,,,,,,,
2008-10-06,log_density,1150,5747,6.032134270701732,5.934628469505102,-2.644338764918274,0.9980528830523022,0.9603205880234399,0.07902390328781074,0.30653905362854045
2008-10-06,unweighted,5747,0,,,,,,,
2008-10-06,1_over_t,5747,0,,,,,,,
2008-10-13,log_density,1150,5747,6.013552178553468,5.915462428971245,-2.6201182781787367,0.9981182542031547,0.9604239603111137,0.07731841992954296,0.30613949745266467
2008-10-13,unweighted,5747,0,,,,,,,
2008-10-13,1_over_t,5747,0,,,,,,,
2008-10-20,log_density,1150,5747,5.993191548844592,5.896247272913947,-2.5946600592238696,0.998170508732675,0.9605264742518125,0.07578413950142261,0.3057427433037352
2008-10-20,unweighted,5747,0,,,,,,,
2008-10-20,1_over_t,5747,0,,,,,,,
2008-10-27,log_density,1150,5747,5.976989187134819,5.876982116935032,-2.5726748569598783,0.9982471285854312,0.9606280894907324,0.07386571971257865,0.3053489585901064
2008-10-27,unweighted,5747,0,,,,,,,
2008-10-27,1_over_t,5747,0,,,,,,,
2008-11-03,log_density,1150,5747,5.960099923542231,5.8576660516049,-2.549878646638554,0.9983141319321471,0.9607287640377209,0.07191777131983168,0.30495831785083893
2008-11-03,unweighted,5747,0,,,,,,,
2008-11-03,1_over_t,5747,0,,,,,,,
2008-11-10,log_density,1150,5747,5.940509916139035,5.838298141474797,-2.524446516200058,0.9983569371671398,0.9608284541888509,0.07063017943411454,0.30457100308914953
2008-11-10,unweighted,5747,0,,,,,,,
2008-11-10,1_over_t,5747,0,,,,,,,
2008-11-17,log_density,1150,5747,5.924367633093773,5.8188774240387895,-2.5027511254598345,0.9984293577488991,0.9609271144434528,0.06848233841782495,0.3041872041239217
2008-11-17,unweighted,5747,0,,,,,,,
2008-11-17,1_over_t,5747,0,,,,,,,
2008-11-24,log_density,1150,5747,5.903903085690928,5.799402908642184,-2.4774834111303505,0.9984651136836377,0.961024697416288,0.06720366818929577,0.3038071189604231
2008-11-24,unweighted,5747,0,,,,,,,
2008-11-24,1_over_t,5747,0,,,,,,,
2008-12-01,log_density,1150,5747,5.8827295927661964,5.77987357533272,-2.4508517746943426,0.9984931930816616,0.9611211537445272,0.06601852843752798,0.3034309541814612
2008-12-01,unweighted,5747,0,,,,,,,
2008-12-01,1_over_t,5747,0,,,,,,,
2008-12-08,log_density,1150,5747,5.862633731766119,5.760288373650926,-2.425124538082412,0.9985315826996277,0.9612164319891638,0.06481239318776116,0.30305892536030127
2008-12-08,unweighted,5747,0,,,,,,,
2008-12-08,1_over_t,5747,0,,,,,,,
2008-12-15,log_density,1150,5747,5.844575807097087,5.740646221356243,-2.4017823798396307,0.998583142972207,0.9613104785304699,0.06316682408307242,0.3026912574967709
2008-12-15,unweighted,5747,0,,,,,,,
2008-12-15,1_over_t,5747,0,,,,,,,
2008-12-22,log_density,1150,5747,5.825566358537479,5.7209460030834425,-2.3773280498890026,0.9986121245925753,0.9614032374570586,0.061825106406115694,0.30232818547808754
2008-12-22,unweighted,5747,0,,,,,,,
2008-12-22,1_over_t,5747,0,,,,,,,
2008-12-29,log_density,1150,5747,5.805594050987594,5.701186568926153,-2.351881244209288,0.9986359940162922,0.9614946504480915,0.06054621265404412,0.30196995456606235
2008-12-29,unweighted,5747,0,,,,,,,
2008-12-29,1_over_t,5747,0,,,,,,,
2009-01-05,log_density,1150,5747,5.788723256303129,5.68136673294113,-2.3298263202490688,0.9986814528614995,0.9615846566481209,0.059188485313171946,0.30161682091246655
2009-01-05,unweighted,5747,0,,,,,,,
2009-01-05,1_over_t,5747,0,,,,,,,
2009-01-12,log_density,1150,5747,5.766530149713429,5.661485271568913,-2.3018936836306025,0.9986919351130682,0.9616731925340175,0.058539960059036056,0.3012690521044897
2009-01-12,unweighted,5747,0,,,,,,,
2009-01-12,1_over_t,5747,0,,,,,,,
2009-01-19,log_density,1150,5747,5.747378510088652,5.641540921964772,-2.2777306609592785,0.9987213494853313,0.9617601917733843,0.05748199957053887,0.30092692774237306
2009-01-19,unweighted,5747,0,,,,,,,
2009-01-19,1_over_t,5747,0,,,,,,,
2009-01-26,log_density,1150,5747,5.723419153769342,5.621532380232999,-2.2486563040282697,0.9987366909972702,0.9618455850738047,0.0566196640181467,0.30059074005147707
2009-01-26,unweighted,5747,0,,,,,,,
2009-01-26,1_over_t,5747,0,,,,,,,
2009-02-02,log_density,1150,5747,5.704183785264391,5.601458299558636,-2.223960222686088,0.9987547923877095,0.9619293000222134,0.055623420081517445,0.3002607945312245
2009-02-02,unweighted,5747,0,,,,,,,
2009-02-02,1_over_t,5747,0,,,,,,,
2009-02-09,log_density,1150,5747,5.675368020382519,5.581317288228731,-2.1923211402525675,0.9987631580908141,0.9620112609136149,0.055058365742521834,0.29993741064357277
2009-02-09,unweighted,5747,0,,,,,,,
2009-02-09,1_over_t,5747,0,,,,,,,
2009-02-16,log_density,1150,5747,5.649379832844295,5.561107907534524,-2.163451231243173,0.9987727242556427,0.9620913885683017,0.05438922966418269,0.29962092254389106
2009-02-16,unweighted,5747,0,,,,,,,
2009-02-16,1_over_t,5747,0,,,,,,,
2009-02-23,log_density,1150,5747,5.617298037047007,5.540828669547377,-2.12983590489268,0.9987754098668389,0.9621696001366464,0.05393298172437557,0.2993116798573708
2009-02-23,unweighted,5747,0,,,,,,,
2009-02-23,1_over_t,5747,0,,,,,,,
2009-03-02,log_density,1150,5747,5.590747205391388,5.520478034756762,-2.1001943113867405,0.9987929813519769,0.9622458088904526,0.05326604401656209,0.2990100485043718
2009-03-02,unweighted,5747,0,,,,,,,
2009-03-02,1_over_t,5747,0,,,,,,,
2009-03-09,log_density,1150,5747,5.568256203201642,5.500054409561364,-2.0742472625228103,0.9987871523241304,0.9623199239997537,0.05258929770998571,0.2987164115784118
2009-03-09,unweighted,5747,0,,,,,,,
2009-03-09,1_over_t,5747,0,,,,,,,
2009-03-16,log_density,1150,5747,5.539452797151,5.479556143601769,-2.0432494496376705,0.9987709666199028,0.9623918502938378,0.05226123794024623,0.2984311702808416
2009-03-16,unweighted,5747,0,,,,,,,
2009-03-16,1_over_t,5747,0,,,,,,,
2009-03-23,log_density,1150,5747,5.515828073519728,5.458981526921508,-2.016377359909228,0.99876979552096,0.962461488005161,0.05187440997356603,0.2981547449166215
2009-03-23,unweighted,5747,0,,,,,,,
2009-03-23,1_over_t,5747,0,,,,,,,
2009-03-30,log_density,1150,5747,5.4871150503136334,5.438328786943644,-1.9860108323682653,0.9987488101800052,0.9625287324946722,0.051691005110495916,0.2978875759560264
2009-03-30,unweighted,5747,0,,,,,,,
2009-03-30,1_over_t,5747,0,,,,,,,
2009-04-06,log_density,1150,5747,5.461880845197534,5.417596085247612,-1.9579202117476875,0.9987189193345904,0.9625934739569257,0.051475976105621435,0.29763012516756693
2009-04-06,unweighted,5747,0,,,,,,,
2009-04-06,1_over_t,5747,0,,,,,,,
2009-04-13,log_density,1150,5747,5.440075760658338,5.396781514130026,-1.932757010968139,0.9987013652251657,0.9626555971031903,0.05109524369674879,0.2973828768279204
2009-04-13,unweighted,5747,0,,,,,,,
2009-04-13,1_over_t,5747,0,,,,,,,
2009-04-20,log_density,1150,5747,5.423603440757013,5.375883092931774,-1.9114118894929,0.998674878181433,0.9627149808205755,0.050633496040832,0.2971463390152377
2009-04-20,unweighted,5747,0,,,,,,,
2009-04-20,1_over_t,5747,0,,,,,,,
2009-04-27,log_density,1150,5747,5.407159004818993,5.354898764110869,-1.890383514050285,0.9986363912716018,0.9627714978049862,0.05026633116626901,0.2969210449928215
2009-04-27,unweighted,5747,0,,,,,,,
2009-04-27,1_over_t,5747,0,,,,,,,
2009-05-04,log_density,1150,5747,5.382146138084825,5.333826389040402,-1.8616576282829018,0.9986162554464257,0.9628250141654802,0.0501035117348737,0.29670755469088445
2009-05-04,unweighted,5747,0,,,,,,,
2009-05-04,1_over_t,5747,0,,,,,,,
2009-05-11,log_density,1150,5747,5.365209907625978,5.312663743506743,-1.83950612689069,0.9985923048993116,0.9628753889973406,0.04950424814925149,0.29650645629488465
2009-05-11,unweighted,5747,0,,,,,,,
2009-05-11,1_over_t,5747,0,,,,,,,
2009-05-18,log_density,1150,5747,5.3402196643519915,5.291408512881591,-1.8104775826318473,0.9985553012333036,0.962922473920871,0.049262251614859545,0.29631836794983074
2009-05-18,unweighted,5747,0,,,,,,,
2009-05-18,1_over_t,5747,0,,,,,,,
2009-05-25,log_density,1150,5747,5.31719646983359,5.270058286939261,-1.7840466306639655,0.9985296047964834,0.962966112582591,0.04899599671988725,0.29614393959094637
2009-05-25,unweighted,5747,0,,,,,,,
2009-05-25,1_over_t,5747,0,,,,,,,
2009-06-01,log_density,1150,5747,5.29461000205518,5.248610554285732,-1.7574269838320262,0.9984924300043182,0.9630061401151202,0.04898152482149427,0.2959838549122143
2009-06-01,unweighted,5747,0,,,,,,,
2009-06-01,1_over_t,5747,0,,,,,,,
2009-06-08,log_density,1150,5747,5.269874743863248,5.227062696364127,-1.7292116784322005,0.9984617659433649,0.9630423825516141,0.049075200598098265,0.29583883348558904
2009-06-08,unweighted,5747,0,,,,,,,
2009-06-08,1_over_t,5747,0,,,,,,,
2009-06-15,log_density,1150,5747,5.247644169481369,5.205411980995964,-1.702549811194146,0.9983969967391335,0.9630746561901178,0.04897819683189645,0.2957096330451101
2009-06-15,unweighted,5747,0,,,,,,,
2009-06-15,1_over_t,5747,0,,,,,,,
2009-06-22,log_density,1150,5747,5.225335112035424,5.183655555414261,-1.6767490612952756,0.9983521327918213,0.9631027669026484,0.049217582671434085,0.2955970519517755
2009-06-22,unweighted,5747,0,,,,,,,
2009-06-22,1_over_t,5747,0,,,,,,,
2009-06-29,log_density,1150,5747,5.204322674978226,5.161790438737637,-1.6519639495894438,0.9983064924273523,0.9631265093831807,0.049472957374581454,0.29550193185688867
2009-06-29,unweighted,5747,0,,,,,,,
2009-06-29,1_over_t,5747,0,,,,,,,
2009-07-06,log_density,1150,5747,5.184402841470586,5.139813513830961,-1.6283631688988862,0.9982566308999097,0.9631456663279778,0.049864692868253783,0.2954251605837006
2009-07-06,unweighted,5747,0,,,,,,,
2009-07-06,1_over_t,5747,0,,,,,,,
2009-07-13,log_density,1150,5747,5.162585823936126,5.117721518488747,-1.6022100125318985,0.9981942971049065,0.9631600075408827,0.050236560762126674,0.2953676752495752
2009-07-13,unweighted,5747,0,,,,,,,
2009-07-13,1_over_t,5747,0,,,,,,,
2009-07-20,log_density,1149,5743,5.131051123816149,5.095904392450547,-1.56944247341313,0.9981638436252925,0.9629645902867385,0.05055134616778316,0.2954201475812594
2009-07-20,unweighted,5743,0,,,,,,,
2009-07-20,1_over_t,5743,0,,,,,,,
2009-07-27,log_density,1148,5736,5.110288134273738,5.073189727907521,-1.5451388093631095,0.9980643058058138,0.962587386317815,0.05101664283583282,0.2955732559126928
2009-07-27,unweighted,5736,0,,,,,,,
2009-07-27,1_over_t,5736,0,,,,,,,
2009-08-03,log_density,1146,5729,5.091861651823223,5.050378299178228,-1.5231972616462386,0.9979425588194395,0.9621971321121883,0.05133604895297655,0.2957527484749603
2009-08-03,unweighted,5729,0,,,,,,,
2009-08-03,1_over_t,5729,0,,,,,,,
2009-08-10,log_density,1145,5722,5.069754044193502,5.0273912014053055,-1.4982394286890468,0.9978539997809147,0.9617939157613424,0.05173703061161014,0.2959522771924506
2009-08-10,unweighted,5722,0,,,,,,,
2009-08-10,1_over_t,5722,0,,,,,,,
2009-08-17,log_density,1143,5715,5.052122216739036,5.004474608267588,-1.477035841955562,0.9977098022056439,0.9613794064369318,0.05202335071312601,0.29617834540081983
2009-08-17,unweighted,5715,0,,,,,,,
2009-08-17,1_over_t,5715,0,,,,,,,
2009-08-24,log_density,1142,5708,5.023791334318901,4.981245592604267,-1.4470848041503817,0.9976178422454425,0.960950517446755,0.05222939008483347,0.2964193837563257
2009-08-24,unweighted,5708,0,,,,,,,
2009-08-24,1_over_t,5708,0,,,,,,,
2009-08-31,log_density,1141,5701,5.001477583844341,4.957595426769279,-1.4222680035180488,0.9975259889850844,0.9605067703955057,0.05272434611944763,0.29666905659403897
2009-08-31,unweighted,5701,0,,,,,,,
2009-08-31,1_over_t,5701,0,,,,,,,
2009-09-07,log_density,1139,5694,4.9795492248519295,4.93343551733236,-1.3984273498244235,0.9974487890229021,0.9600487504410773,0.05327770945144176,0.29691789239584077
2009-09-07,unweighted,5694,0,,,,,,,
2009-09-07,1_over_t,5694,0,,,,,,,
2009-09-14,log_density,1138,5687,4.966607226967831,4.90903347538696,-1.3805591150079337,0.9972821273956755,0.9595763631814526,0.05372844639077936,0.2971805442432899
2009-09-14,unweighted,5687,0,,,,,,,
2009-09-14,1_over_t,5687,0,,,,,,,
2009-09-21,log_density,1136,5680,4.948843287681289,4.884306515698445,-1.3595791257681107,0.9971456853792869,0.9590898623826007,0.054184463370434637,0.29744936583265474
2009-09-21,unweighted,5680,0,,,,,,,
2009-09-21,1_over_t,5680,0,,,,,,,
2009-09-28,log_density,1135,5673,4.931549238447147,4.859330354977986,-1.3389772907111777,0.9969577574005568,0.9585886085287441,0.054551874191451404,0.2977296934698031
2009-09-28,unweighted,5673,0,,,,,,,
2009-09-28,1_over_t,5673,0,,,,,,,
2009-10-05,log_density,1134,5666,4.914377143787995,4.834008916235153,-1.3180452687933677,0.99669518044853,0.9580733388133181,0.054914789548777064,0.2980111770481496
2009-10-05,unweighted,5666,0,,,,,,,
2009-10-05,1_over_t,5666,0,,,,,,,
2009-10-12,log_density,1132,5659,4.891356941773054,4.809821857651002,-1.2930728455109914,0.9965533051960344,0.9575328734518291,0.05518399671452438,0.29842492571210755
2009-10-12,unweighted,5659,0,,,,,,,
2009-10-12,1_over_t,5659,0,,,,,,,
2009-10-19,log_density,1131,5652,4.869263825447934,4.786529751136524,-1.2685134470725572,0.9964899642950855,0.9569717767941964,0.055481415470306,0.2989381559611482
2009-10-19,unweighted,5652,0,,,,,,,
2009-10-19,1_over_t,5652,0,,,,,,,
2009-10-26,log_density,1129,5645,4.841241295677683,4.76371741851992,-1.2402943382524363,0.996358657416429,0.9563967829232053,0.055908066024467754,0.29949967484613543
2009-10-26,unweighted,5645,0,,,,,,,
2009-10-26,1_over_t,5645,0,,,,,,,
2009-11-02,log_density,1128,5638,4.818740793570633,4.743222294897263,-1.215788001807482,0.9962823656729424,0.9558370878969029,0.056179733406479686,0.3001214337999804
2009-11-02,unweighted,5638,0,,,,,,,
2009-11-02,1_over_t,5638,0,,,,,,,
2009-11-09,log_density,1127,5631,4.79485925628385,4.724170444600732,-1.1902304462899096,0.9961565171577885,0.9553092226866986,0.056569271497426105,0.3006944314425576
2009-11-09,unweighted,5631,0,,,,,,,
2009-11-09,1_over_t,5631,0,,,,,,,
2009-11-16,log_density,1125,5624,4.769484590351233,4.704749936129781,-1.164137171906141,0.9960296739049725,0.9547527146372798,0.056865933334280645,0.30131879307023396
2009-11-16,unweighted,5624,0,,,,,,,
2009-11-16,1_over_t,5624,0,,,,,,,
2009-11-23,log_density,1124,5617,4.74581627764308,4.685507152592702,-1.139031074175609,0.9959539584171818,0.9541869943573776,0.05716728462919246,0.30195962664453374
2009-11-23,unweighted,5617,0,,,,,,,
2009-11-23,1_over_t,5617,0,,,,,,,
2009-11-30,log_density,1122,5610,4.723390408437972,4.665978346902638,-1.1149444331763085,0.9958836854480051,0.9535993518994679,0.05732857614843454,0.302629965663359
2009-11-30,unweighted,5610,0,,,,,,,
2009-11-30,1_over_t,5610,0,,,,,,,
2009-12-07,log_density,1121,5603,4.698174912357452,4.645224238861782,-1.089285143365803,0.9957516770064668,0.9529641956831009,0.057660895490788455,0.3033528879748609
2009-12-07,unweighted,5603,0,,,,,,,
2009-12-07,1_over_t,5603,0,,,,,,,
2009-12-14,log_density,1120,5596,4.670395875013668,4.624057408825847,-1.0615184456240812,0.9955966105431115,0.9523027715389532,0.05799406689306316,0.3041044517322971
2009-12-14,unweighted,5596,0,,,,,,,
2009-12-14,1_over_t,5596,0,,,,,,,
2009-12-21,log_density,1118,5589,4.641268114604472,4.603361786101711,-1.0326344054737788,0.9953956508542007,0.9516315257116094,0.05829323287185591,0.30488581845822443
2009-12-21,unweighted,5589,0,,,,,,,
2009-12-21,1_over_t,5589,0,,,,,,,
2009-12-28,log_density,1117,5582,4.6156908268285015,4.582552152415061,-1.0063887873980768,0.9952906112139632,0.9509392679067353,0.05853718539759996,0.30569472910624973
2009-12-28,unweighted,5582,0,,,,,,,
2009-12-28,1_over_t,5582,0,,,,,,,
2010-01-04,log_density,1115,5575,4.589908569157899,4.562301340848641,-0.980403011554845,0.9951758482821949,0.9502404186493965,0.05865937151143927,0.306527773272546
2010-01-04,unweighted,5575,0,,,,,,,
2010-01-04,1_over_t,5575,0,,,,,,,
2010-01-11,log_density,1114,5568,4.565951093674428,4.542133193949678,-0.9553303002344933,0.9950637163728429,0.9495245892507388,0.05882058673379448,0.30738667921739754
2010-01-11,unweighted,5568,0,,,,,,,
2010-01-11,1_over_t,5568,0,,,,,,,
2010-01-18,log_density,1113,5561,4.54149218771283,4.522572655182833,-0.9300146405152176,0.9948972876227552,0.9488069152377818,0.05892938416430691,0.30825809945548294
2010-01-18,unweighted,5561,0,,,,,,,
2010-01-18,1_over_t,5561,0,,,,,,,
2010-01-25,log_density,1111,5554,4.511054248052542,4.5030641585533,-0.8999174880289971,0.9947769631919958,0.9480724820753518,0.058932791077940354,0.3091519420015228
2010-01-25,unweighted,5554,0,,,,,,,
2010-01-25,1_over_t,5554,0,,,,,,,
2010-02-01,log_density,1110,5547,4.4932384473949725,4.4843736379013635,-0.8797299078011847,0.9947202537153755,0.9473482683748488,0.059019458257551644,0.31003626454493916
2010-02-01,unweighted,5547,0,,,,,,,
2010-02-01,1_over_t,5547,0,,,,,,,
2010-02-08,log_density,1108,5540,4.475543282344802,4.468481241817183,-0.8594267521630741,0.9946711357764183,0.946743322972585,0.058981989411779547,0.3107156917174837
2010-02-08,unweighted,5540,0,,,,,,,
2010-02-08,1_over_t,5540,0,,,,,,,
2010-02-15,log_density,1107,5533,4.452330133406324,4.453594462697588,-0.8348608936075514,0.9946440555885527,0.946191055440674,0.05902929546622483,0.31128178938975914
2010-02-15,unweighted,5533,0,,,,,,,
2010-02-15,1_over_t,5533,0,,,,,,,
2010-02-22,log_density,1106,5526,4.435685303918479,4.4380756475664525,-0.8152556717318973,0.9945939331150367,0.9455861959309675,0.05908935185193449,0.31194394093428096
2010-02-22,unweighted,5526,0,,,,,,,
2010-02-22,1_over_t,5526,0,,,,,,,
2010-03-01,log_density,1104,5519,4.416406183627146,4.422307132660791,-0.7938061005174859,0.9945418370237915,0.9449513303344905,0.05906748858628147,0.31265678947635456
2010-03-01,unweighted,5519,0,,,,,,,
2010-03-01,1_over_t,5519,0,,,,,,,
2010-03-08,log_density,1103,5512,4.392305576352243,4.406125005461981,-0.7691945497047286,0.994523324966148,0.9442775270835406,0.05914020502234739,0.3134329125055105
2010-03-08,unweighted,5512,0,,,,,,,
2010-03-08,1_over_t,5512,0,,,,,,,
2010-03-15,log_density,1101,5505,4.371082036677652,4.389672626404122,-0.7464929419892581,0.9945036221735831,0.9435725629128501,0.05912522821386561,0.314256281407989
2010-03-15,unweighted,5505,0,,,,,,,
2010-03-15,1_over_t,5505,0,,,,,,,
2010-03-22,log_density,1100,5498,4.3475925705214955,4.372422798462855,-0.722420811278937,0.9944818451094717,0.9428088759447862,0.05921407060439531,0.31516691093121857
2010-03-22,unweighted,5498,0,,,,,,,
2010-03-22,1_over_t,5498,0,,,,,,,
2010-03-29,log_density,1099,5491,4.324259291460383,4.355243977957761,-0.6981006191457109,0.9944461102813155,0.9420303200398057,0.059293057980953266,0.3160951897192291
2010-03-29,unweighted,5491,0,,,,,,,
2010-03-29,1_over_t,5491,0,,,,,,,
2010-04-05,log_density,1097,5484,4.302371725639784,4.337244620371313,-0.6747239216298002,0.9944191611800797,0.9411942482309996,0.05930384928929962,0.3170974377295937
2010-04-05,unweighted,5484,0,,,,,,,
2010-04-05,1_over_t,5484,0,,,,,,,
2010-04-12,log_density,1096,5477,4.282206285199273,4.319067011607916,-0.6527932773265803,0.9944071613568854,0.9403283719813709,0.059369255185728526,0.31813655054980544
2010-04-12,unweighted,5477,0,,,,,,,
2010-04-12,1_over_t,5477,0,,,,,,,
2010-04-19,log_density,1094,5470,4.257013527065606,4.302364140360708,-0.6276472681776024,0.9943860704402152,0.9395144528807684,0.059403117953293574,0.31910333817499664
2010-04-19,unweighted,5470,0,,,,,,,
2010-04-19,1_over_t,5470,0,,,,,,,
2010-04-26,log_density,1093,5463,4.232068687215261,4.287168288244217,-0.602747376864766,0.9943669859972374,0.938778282115495,0.05949374310272752,0.3199353902697138
2010-04-26,unweighted,5463,0,,,,,,,
2010-04-26,1_over_t,5463,0,,,,,,,
2010-05-03,log_density,1092,5456,4.212062784894847,4.275358095780778,-0.5815471787513786,0.9943311587223098,0.938318541851581,0.05961319554421762,0.3202324419373819
2010-05-03,unweighted,5456,0,,,,,,,
2010-05-03,1_over_t,5456,0,,,,,,,
2010-05-10,log_density,1090,5449,4.198622017976987,4.265183598605022,-0.5647576334175,0.9942340480560445,0.938021619952721,0.05984287315159462,0.3201931073025265
2010-05-10,unweighted,5449,0,,,,,,,
2010-05-10,1_over_t,5449,0,,,,,,,
2010-05-17,log_density,1089,5442,4.182726363694281,4.258358917804322,-0.5463773849765481,0.9940679561985352,0.9381574439407442,0.060260198344946864,0.31921134663312806
2010-05-17,unweighted,5442,0,,,,,,,
2010-05-17,1_over_t,5442,0,,,,,,,
2010-05-24,log_density,1087,5435,4.169469366949464,4.2512787946232695,-0.5295385047096381,0.9939174526466735,0.9382577624488878,0.060655870101917427,0.3183092649873314
2010-05-24,unweighted,5435,0,,,,,,,
2010-05-24,1_over_t,5435,0,,,,,,,
2010-05-31,log_density,1086,5428,4.152152661994229,4.24534305465672,-0.5096440805109239,0.9938529141556578,0.9385295443750542,0.06089565159168751,0.3170229906684599
2010-05-31,unweighted,5428,0,,,,,,,
2010-05-31,1_over_t,5428,0,,,,,,,
2010-06-07,log_density,1085,5421,4.134979331926225,4.242248810089307,-0.4903175780877653,0.9936336775571075,0.9392870701548175,0.061619027052176915,0.3146119122700889
2010-06-07,unweighted,5421,0,,,,,,,
2010-06-07,1_over_t,5421,0,,,,,,,
2010-06-14,log_density,1083,5414,4.1275147695067815,4.2416964039949825,-0.47644073341450976,0.9930782587148831,0.9405339669055338,0.06386632501225836,0.31102338470260643
2010-06-14,unweighted,5414,0,,,,,,,
2010-06-14,1_over_t,5414,0,,,,,,,
2010-06-21,log_density,1082,5407,4.123950316982672,4.239462305496032,-0.4663492946632193,0.9928780987199731,0.9414676730281482,0.06561643146652654,0.30816303803230705
2010-06-21,unweighted,5407,0,,,,,,,
2010-06-21,1_over_t,5407,0,,,,,,,
2010-06-28,log_density,1080,5400,4.132565430980764,4.237338650118018,-0.4641899242359937,0.9926096356645386,0.9424326729881769,0.06758732408315218,0.305209972630917
2010-06-28,unweighted,5400,0,,,,,,,
2010-06-28,1_over_t,5400,0,,,,,,,
2010-07-05,log_density,1079,5393,4.151312151021948,4.234218649010249,-0.47001788385563614,0.9924901039027466,0.9432313433955681,0.06836302218963144,0.3026418602122802
2010-07-05,unweighted,5393,0,,,,,,,
2010-07-05,1_over_t,5393,0,,,,,,,
2010-07-12,log_density,1078,5386,4.155656260816805,4.231049224648747,-0.46598677821858203,0.9922735288781149,0.9440324400719127,0.0690734384143569,0.300055025562903
2010-07-12,unweighted,5386,0,,,,,,,
2010-07-12,1_over_t,5386,0,,,,,,,
2010-07-19,log_density,1076,5379,4.153398055627509,4.227580637491086,-0.45742632675747963,0.9919995860646174,0.9447936181431209,0.07021752778428221,0.29755241836545704
2010-07-19,unweighted,5379,0,,,,,,,
2010-07-19,1_over_t,5379,0,,,,,,,
2010-07-26,log_density,1075,5372,4.1509890562950105,4.22409857615358,-0.4482840966711805,0.9917617595992742,0.9455644733798387,0.07102800043383287,0.29501368182075105
2010-07-26,unweighted,5372,0,,,,,,,
2010-07-26,1_over_t,5372,0,,,,,,,
2010-08-02,log_density,1073,5365,4.152390686260411,4.220406642064452,-0.4401264052684475,0.9915348748134831,0.9463119908893166,0.07163708988798664,0.2925196461048314
2010-08-02,unweighted,5365,0,,,,,,,
2010-08-02,1_over_t,5365,0,,,,,,,
2010-08-09,log_density,1072,5358,4.161248796076915,4.214663170663694,-0.4341047876769437,0.9912695896937302,0.9467433723591123,0.07162021536528533,0.2907899259046819
2010-08-09,unweighted,5358,0,,,,,,,
2010-08-09,1_over_t,5358,0,,,,,,,
2010-08-16,log_density,1071,5351,4.1673262975527905,4.209274896640412,-0.4280298844598214,0.9909512089358753,0.9472358168430437,0.07178565432622686,0.28890821782842907
2010-08-16,unweighted,5351,0,,,,,,,
2010-08-16,1_over_t,5351,0,,,,,,,
2010-08-23,log_density,1069,5344,4.197265599742231,4.204327533843605,-0.43958984670221213,0.9904492994953243,0.9478069076867907,0.07157550290239607,0.28682775193343113
2010-08-23,unweighted,5344,0,,,,,,,
2010-08-23,1_over_t,5344,0,,,,,,,
2010-08-30,log_density,1068,5337,4.2233328352103925,4.198374636736789,-0.4499630282070477,0.9899471026055578,0.9482354347006708,0.07120337307544429,0.28509077296076113
2010-08-30,unweighted,5337,0,,,,,,,
2010-08-30,1_over_t,5337,0,,,,,,,
2010-09-06,log_density,1066,5330,4.287277431815255,4.191410029809865,-0.4894741522048207,0.9897621042514372,0.9485265845206238,0.07100214324259116,0.2836848381685348
2010-09-06,unweighted,5330,0,,,,,,,
2010-09-06,1_over_t,5330,0,,,,,,,
2010-09-13,log_density,1065,5323,4.299642778254793,4.182695626572314,-0.49179148929306393,0.989483062514939,0.9485956974405493,0.0717003989212205,0.28280680283885634
2010-09-13,unweighted,5323,0,,,,,,,
2010-09-13,1_over_t,5323,0,,,,,,,
2010-09-20,log_density,1064,5316,4.323789142760177,4.1730246671453655,-0.5026850272636239,0.9890320777171854,0.948553226095465,0.07287040892666095,0.2821879889843042
2010-09-20,unweighted,5316,0,,,,,,,
2010-09-20,1_over_t,5316,0,,,,,,,
2010-09-27,log_density,1062,5309,4.31470670305157,4.16359300776131,-0.48943609628520335,0.9888077566092515,0.9485404091890852,0.07335084603869096,0.2814994305106657
2010-09-27,unweighted,5309,0,,,,,,,
2010-09-27,1_over_t,5309,0,,,,,,,
2010-10-04,log_density,1061,5302,4.304221013777635,4.15339075695968,-0.47490029375683207,0.9885721396038535,0.9484423606157835,0.07400752717933351,0.28100381641386013
2010-10-04,unweighted,5302,0,,,,,,,
2010-10-04,1_over_t,5302,0,,,,,,,
2010-10-11,log_density,1059,5295,4.285374756624094,4.142447515870513,-0.4546450436866394,0.9883700681698304,0.948267997730803,0.07439283956560745,0.2806749187157637
2010-10-11,unweighted,5295,0,,,,,,,
2010-10-11,1_over_t,5295,0,,,,,,,
2010-10-18,log_density,1058,5288,4.270669288782415,4.1302528358655035,-0.4372481781716715,0.9881523016070237,0.9479747416489425,0.0749198315023843,0.28059614970644847
2010-10-18,unweighted,5288,0,,,,,,,
2010-10-18,1_over_t,5288,0,,,,,,,
2010-10-25,log_density,1057,5281,4.2523867736717875,4.116110850038583,-0.41730116859025657,0.987897631480023,0.947516863857094,0.07552229568327119,0.2808428478939958
2010-10-25,unweighted,5281,0,,,,,,,
2010-10-25,1_over_t,5281,0,,,,,,,
2010-11-01,log_density,1055,5274,4.218600809484485,4.1028528837988505,-0.38661980974171684,0.9878221690720819,0.9471183134645116,0.07557587089017732,0.2809698076201073
2010-11-01,unweighted,5274,0,,,,,,,
2010-11-01,1_over_t,5274,0,,,,,,,
2010-11-08,log_density,1054,5267,4.207997778251865,4.089247259413568,-0.37206748900814546,0.987519735758173,0.9466853442417228,0.07633024482235781,0.2811577360787716
2010-11-08,unweighted,5267,0,,,,,,,
2010-11-08,1_over_t,5267,0,,,,,,,
2010-11-15,log_density,1052,5260,4.214682174950212,4.075176011344217,-0.37005765910168975,0.9869871903062618,0.9462113902722491,0.07745649973418854,0.28141443306249364
2010-11-15,unweighted,5260,0,,,,,,,
2010-11-15,1_over_t,5260,0,,,,,,,
2010-11-22,log_density,1051,5253,4.248767270375538,4.059681364156368,-0.38904706299194913,0.9859525440817617,0.9456343214573246,0.08006676138794772,0.2818409671085568
2010-11-22,unweighted,5253,0,,,,,,,
2010-11-22,1_over_t,5253,0,,,,,,,
2010-11-29,log_density,1050,5246,4.254741560136594,4.044718009835057,-0.38723044418675556,0.98527810835328,0.9450829824031505,0.08128462539221006,0.2822151383691172
2010-11-29,unweighted,5246,0,,,,,,,
2010-11-29,1_over_t,5246,0,,,,,,,
2010-12-06,log_density,1048,5239,4.252939082489661,4.030101099356857,-0.37907537297417093,0.9847014698337645,0.9445393109504275,0.08245726740240981,0.28257517687650413
2010-12-06,unweighted,5239,0,,,,,,,
2010-12-06,1_over_t,5239,0,,,,,,,
2010-12-13,log_density,1047,5232,4.265420866575283,4.015627389695751,-0.38257466478415836,0.9839365628328588,0.9439948829066075,0.0832465421121444,0.2829303363842226
2010-12-13,unweighted,5232,0,,,,,,,
2010-12-13,1_over_t,5232,0,,,,,,,
2010-12-20,log_density,1045,5225,4.25928204852913,4.00154097830993,-0.37173401239120096,0.9835757432605868,0.9434689094964434,0.08331091623954034,0.28324715978206916
2010-12-20,unweighted,5225,0,,,,,,,
2010-12-20,1_over_t,5225,0,,,,,,,
2010-12-27,log_density,1044,5218,4.255425073832797,3.9882899654620267,-0.362693573610386,0.9831402131067452,0.942997583764092,0.08266433173012148,0.2834637530039899
2010-12-27,unweighted,5218,0,,,,,,,
2010-12-27,1_over_t,5218,0,,,,,,,
2011-01-03,log_density,1043,5211,4.24991698948034,3.9755229693848295,-0.3520562042145343,0.9827820131136706,0.9425601705816565,0.08241667157870732,0.2836132596277077
2011-01-03,unweighted,5211,0,,,,,,,
2011-01-03,1_over_t,5211,0,,,,,,,
2011-01-10,log_density,1041,5204,4.250770001788169,3.9644633051670604,-0.3469626464291764,0.9827722129208046,0.9422797477550205,0.08033260230300038,0.283464910773568
2011-01-10,unweighted,5204,0,,,,,,,
2011-01-10,1_over_t,5204,0,,,,,,,
2011-01-17,log_density,1040,5197,4.246439838451053,3.9535919237313504,-0.3380676410288217,0.9824479551164815,0.9420160026855021,0.08012567930637429,0.283281165662205
2011-01-17,unweighted,5197,0,,,,,,,
2011-01-17,1_over_t,5197,0,,,,,,,
2011-01-24,log_density,1038,5190,4.238715959020155,3.942209598547156,-0.3258761972038613,0.9822973492452886,0.9416975401650286,0.07942569181443752,0.28319675484263623
2011-01-24,unweighted,5190,0,,,,,,,
2011-01-24,1_over_t,5190,0,,,,,,,
2011-01-31,log_density,1037,5183,4.22984286536871,3.929967113297964,-0.3128324760162897,0.9820110882256814,0.9412938877781558,0.07914592736488353,0.28326207096071876
2011-01-31,unweighted,5183,0,,,,,,,
2011-01-31,1_over_t,5183,0,,,,,,,
2011-02-07,log_density,1036,5176,4.221094360915529,3.9177961524265865,-0.3003216800185555,0.9817714862964779,0.9408914463342705,0.07826887986139813,0.2833198813817837
2011-02-07,unweighted,5176,0,,,,,,,
2011-02-07,1_over_t,5176,0,,,,,,,
2011-02-14,log_density,1034,5169,4.213676483384731,3.9051976826902965,-0.2886663983121238,0.9815583127699741,0.9404456600519471,0.0781778956934325,0.2834469179246113
2011-02-14,unweighted,5169,0,,,,,,,
2011-02-14,1_over_t,5169,0,,,,,,,
2011-02-21,log_density,1033,5162,4.203021194195301,3.891177559957327,-0.2742497210682586,0.9813245631426141,0.9398780614084363,0.07808745911063897,0.2837653763156376
2011-02-21,unweighted,5162,0,,,,,,,
2011-02-21,1_over_t,5162,0,,,,,,,
2011-02-28,log_density,1031,5155,4.2020608226572165,3.8774495699217737,-0.2687440668790231,0.9810297890013804,0.9393226646247276,0.07809987628798902,0.28405870459486615
2011-02-28,unweighted,5155,0,,,,,,,
2011-02-28,1_over_t,5155,0,,,,,,,
2011-03-07,log_density,1030,5148,4.195771633831924,3.863521398970718,-0.25793219550897106,0.9808730923281849,0.9387430479491503,0.07719475301869627,0.2843818798406916
2011-03-07,unweighted,5148,0,,,,,,,
2011-03-07,1_over_t,5148,0,,,,,,,
2011-03-14,log_density,1029,5141,4.184403692755453,3.8495263983763683,-0.24280806043526582,0.9807160612664975,0.9381487710135905,0.07719568190801965,0.28471986677854366
2011-03-14,unweighted,5141,0,,,,,,,
2011-03-14,1_over_t,5141,0,,,,,,,
2011-03-21,log_density,1027,5134,4.178466231062686,3.8356644706235,-0.2321759664987013,0.9804882208420976,0.9375549823510372,0.07682218132318804,0.28504989493358096
2011-03-21,unweighted,5134,0,,,,,,,
2011-03-21,1_over_t,5134,0,,,,,,,
2011-03-28,log_density,1026,5127,4.170165834618331,3.8210386166010264,-0.21959699551428002,0.9804933051944408,0.9368962182325018,0.07625607414608668,0.28546339540011695
2011-03-28,unweighted,5127,0,,,,,,,
2011-03-28,1_over_t,5127,0,,,,,,,
2011-04-04,log_density,1024,5120,4.163187495472307,3.8063750925755455,-0.20837050293025783,0.9806701218889784,0.9362228457469268,0.07461582372322537,0.285889750430571
2011-04-04,unweighted,5120,0,,,,,,,
2011-04-04,1_over_t,5120,0,,,,,,,
2011-04-11,log_density,1023,5113,4.159547404703304,3.791515676063898,-0.200757310217071,0.9807152435939475,0.9355244390100488,0.0739027651114651,0.2863410468479562
2011-04-11,unweighted,5113,0,,,,,,,
2011-04-11,1_over_t,5113,0,,,,,,,
2011-04-18,log_density,1022,5106,4.154110422739137,3.7765304940488984,-0.19088566078258395,0.9814270050307382,0.9348047897896558,0.07101842970297366,0.28681214636727675
2011-04-18,unweighted,5106,0,,,,,,,
2011-04-18,1_over_t,5106,0,,,,,,,
2011-04-25,log_density,1020,5099,4.143212313691947,3.7616522112015396,-0.1763092063592353,0.9817483588107058,0.9340786853086483,0.06969858600324429,0.28728510540224156
2011-04-25,unweighted,5099,0,,,,,,,
2011-04-25,1_over_t,5099,0,,,,,,,
2011-05-02,log_density,1019,5092,4.132847237095717,3.7464086756924972,-0.16222377190960913,0.9819135791898216,0.9333159926917923,0.06902931642950084,0.2877933280463727
2011-05-02,unweighted,5092,0,,,,,,,
2011-05-02,1_over_t,5092,0,,,,,,,
2011-05-09,log_density,1017,5085,4.121972500814806,3.731032332001595,-0.14778740688016967,0.9815944147568023,0.9325304129540832,0.0691992346590675,0.2883208987626517
2011-05-09,unweighted,5085,0,,,,,,,
2011-05-09,1_over_t,5085,0,,,,,,,
2011-05-16,log_density,1016,5078,4.110385408775528,3.7153327183125677,-0.1328613937978247,0.9814849835932581,0.9317106159587021,0.06931268830006511,0.28887740892816444
2011-05-16,unweighted,5078,0,,,,,,,
2011-05-16,1_over_t,5078,0,,,,,,,
2011-05-23,log_density,1015,5071,4.0993665687157375,3.6995112474607863,-0.11819157675586212,0.9813726299835239,0.930867361321231,0.06943074470100295,0.28945210466341553
2011-05-23,unweighted,5071,0,,,,,,,
2011-05-23,1_over_t,5071,0,,,,,,,
2011-05-30,log_density,1013,5064,4.087688390054282,3.6835249228471643,-0.10337427578633651,0.9811169645412857,0.9299979509289157,0.06958698120511848,0.29004627079893525
2011-05-30,unweighted,5064,0,,,,,,,
2011-05-30,1_over_t,5064,0,,,,,,,
2011-06-06,log_density,1012,5057,4.077088914961038,3.6674243955124153,-0.08917489821698155,0.9810397923870842,0.9291044163731554,0.06969226542108706,0.29065786856965464
2011-06-06,unweighted,5057,0,,,,,,,
2011-06-06,1_over_t,5057,0,,,,,,,
2011-06-13,log_density,1010,5050,4.065554065485394,3.651480973503751,-0.07416759104464887,0.9806889817706815,0.9282006184806421,0.0698765137936709,0.29127689756655545
2011-06-13,unweighted,5050,0,,,,,,,
2011-06-13,1_over_t,5050,0,,,,,,,
2011-06-20,log_density,1009,5043,4.053399369901953,3.6359729432089707,-0.05842558183331903,0.9806147958746809,0.9273030116510507,0.06997244185511861,0.29189003641590744
2011-06-20,unweighted,5043,0,,,,,,,
2011-06-20,1_over_t,5043,0,,,,,,,
2011-06-27,log_density,1008,5036,4.039470403819649,3.6205786661899144,-0.04142678336468464,0.9800947019341781,0.926394402258989,0.0704218228840917,0.29250956637022185
2011-06-27,unweighted,5036,0,,,,,,,
2011-06-27,1_over_t,5036,0,,,,,,,
2011-07-04,log_density,1006,5029,4.025953376378325,3.6050878096020322,-0.025086779573740614,0.9793849599017045,0.9254615088293273,0.07091806056156914,0.29314645952925134
2011-07-04,unweighted,5029,0,,,,,,,
2011-07-04,1_over_t,5029,0,,,,,,,
2011-07-11,log_density,1005,5022,4.010346502118622,3.5895056931564038,-0.006094347263854161,0.978471933646379,0.9245042780596517,0.07168782114962553,0.29380000234917913
2011-07-11,unweighted,5022,0,,,,,,,
2011-07-11,1_over_t,5022,0,,,,,,,
2011-07-18,log_density,1003,5015,3.9939621101104734,3.574469754876202,0.01201432178258699,0.9776486896434136,0.9235618724854667,0.07200931491411873,0.2944398102998911
2011-07-18,unweighted,5015,0,,,,,,,
2011-07-18,1_over_t,5015,0,,,,,,,
2011-07-25,log_density,1002,5008,3.981547879009156,3.5600257441601646,0.027361079341361005,0.9768624655739889,0.9226422422313354,0.07240184286895575,0.2950552976351252
2011-07-25,unweighted,5008,0,,,,,,,
2011-07-25,1_over_t,5008,0,,,,,,,
2011-08-01,log_density,1001,5001,3.9679276141830826,3.5454688200793263,0.043580680889036216,0.9764055624941185,0.9216968887449954,0.07260273148472543,0.29568952683464084
2011-08-01,unweighted,5001,0,,,,,,,
2011-08-01,1_over_t,5001,0,,,,,,,
2011-08-08,log_density,999,4994,3.955942954546586,3.5317587180348,0.05877594176032375,0.9758937586776203,0.9207993372641737,0.07280660125385625,0.29627244268806774
2011-08-08,unweighted,4994,0,,,,,,,
2011-08-08,1_over_t,4994,0,,,,,,,
2011-08-15,log_density,998,4987,3.9431661055608345,3.518453953737141,0.07434911941837186,0.9752920340155546,0.9199199595312947,0.07309101233048192,0.29683048417052227
2011-08-15,unweighted,4987,0,,,,,,,
2011-08-15,1_over_t,4987,0,,,,,,,
2011-08-22,log_density,996,4980,3.931732394500557,3.504994243095399,0.08925879763098976,0.9747355909998917,0.9190174814258124,0.07330297355382032,0.2974003240484959
2011-08-22,unweighted,4980,0,,,,,,,
2011-08-22,1_over_t,4980,0,,,,,,,
2011-08-29,log_density,995,4973,3.919727185280479,3.4908033979444224,0.10441667076307226,0.9744006600301827,0.9180343853807511,0.07347832437282807,0.2980455831764371
2011-08-29,unweighted,4973,0,,,,,,,
2011-08-29,1_over_t,4973,0,,,,,,,
2011-09-05,log_density,994,4966,3.909347248067405,3.476347032807901,0.11822573833346439,0.9740360264170999,0.917013201251969,0.07367706300352317,0.29871772355494697
2011-09-05,unweighted,4966,0,,,,,,,
2011-09-05,1_over_t,4966,0,,,,,,,
2011-09-12,log_density,992,4959,3.897615787358376,3.462021601961723,0.133428010312997,0.9734257826901115,0.9159822145341756,0.07389483495553356,0.29939388987500953
2011-09-12,unweighted,4959,0,,,,,,,
2011-09-12,1_over_t,4959,0,,,,,,,
2011-09-19,log_density,991,4952,3.8844794695709908,3.4478519601795417,0.14958543357165865,0.9730687807069317,0.9149438882546864,0.07406385799556106,0.3000715327082157
2011-09-19,unweighted,4952,0,,,,,,,
2011-09-19,1_over_t,4952,0,,,,,,,
2011-09-26,log_density,989,4945,3.871614447864687,3.4338065020294684,0.1655754672555645,0.9724179337611951,0.9138963669241944,0.074276597384254,0.30075163818080725
2011-09-26,unweighted,4945,0,,,,,,,
2011-09-26,1_over_t,4945,0,,,,,,,
2011-10-03,log_density,988,4938,3.858944751329247,3.419607711059636,0.18091704418978338,0.971534090647628,0.9128170987847238,0.07455839144236594,0.30145252496091884
2011-10-03,unweighted,4938,0,,,,,,,
2011-10-03,1_over_t,4938,0,,,,,,,
2011-10-10,log_density,987,4931,3.847269949727462,3.4052393535696117,0.19567668685223794,0.9708544878153391,0.9117051356361103,0.07480472594940375,0.3021729928796825
2011-10-10,unweighted,4931,0,,,,,,,
2011-10-10,1_over_t,4931,0,,,,,,,
2011-10-17,log_density,985,4924,3.8367349377050175,3.390465248352375,0.20952232787770697,0.9695232618317872,0.9105411277188882,0.07515640761610426,0.3029263113813113
2011-10-17,unweighted,4924,0,,,,,,,
2011-10-17,1_over_t,4924,0,,,,,,,
2011-10-24,log_density,984,4917,3.8369657306197382,3.37537868639345,0.2170948664071659,0.9683396037041876,0.909332156591634,0.07559473261030285,0.3037047682838322
2011-10-24,unweighted,4917,0,,,,,,,
2011-10-24,1_over_t,4917,0,,,,,,,
2011-10-31,log_density,982,4910,3.8425597263321976,3.3595011714983767,0.22181402165631425,0.966903524889735,0.9080487080950262,0.07614113614186047,0.30451628138147896
2011-10-31,unweighted,4910,0,,,,,,,
2011-10-31,1_over_t,4910,0,,,,,,,
2011-11-07,log_density,981,4903,3.83556068399227,3.3434422449026426,0.23404066549889535,0.9662713253219058,0.9067269417616723,0.07644648010172521,0.30534608577161737
2011-11-07,unweighted,4903,0,,,,,,,
2011-11-07,1_over_t,4903,0,,,,,,,
2011-11-14,log_density,980,4896,3.8272803248498235,3.3272170104605854,0.24656311394707586,0.9651331247143795,0.9053670641543834,0.07684696538135102,0.3061932408232426
2011-11-14,unweighted,4896,0,,,,,,,
2011-11-14,1_over_t,4896,0,,,,,,,
2011-11-21,log_density,978,4889,3.8288394196387685,3.311073183466206,0.253102134227305,0.9638140270970817,0.9039820791542572,0.07737709843867473,0.30705581369581775
2011-11-21,unweighted,4889,0,,,,,,,
2011-11-21,1_over_t,4889,0,,,,,,,
2011-11-28,log_density,977,4882,3.819431734619883,3.2950903748520557,0.26657095396168984,0.9627408812804483,0.9025763447824516,0.07769547872327046,0.30793296665489184
2011-11-28,unweighted,4882,0,,,,,,,
2011-11-28,1_over_t,4882,0,,,,,,,
2011-12-05,log_density,975,4875,3.807107654311835,3.279058427210995,0.28189122997349614,0.9615470640607698,0.9011371887954929,0.0779616897622575,0.30882665289937905
2011-12-05,unweighted,4875,0,,,,,,,
2011-12-05,1_over_t,4875,0,,,,,,,
2011-12-12,log_density,974,4868,3.7930441257924628,3.263228010184448,0.29847374994947984,0.9608565175060819,0.8996790736639584,0.07816223270472913,0.3097345262666985
2011-12-12,unweighted,4868,0,,,,,,,
2011-12-12,1_over_t,4868,0,,,,,,,
2011-12-19,log_density,973,4861,3.782035656411068,3.247220436010502,0.3128018711704925,0.9596561437729387,0.8981786286918101,0.07846400830533376,0.3106600677405916
2011-12-19,unweighted,4861,0,,,,,,,
2011-12-19,1_over_t,4861,0,,,,,,,
2011-12-26,log_density,971,4854,3.7675406390384296,3.2309110803671626,0.3295854076472864,0.9587897271896134,0.8966273612616921,0.07866142724235597,0.31160350325788644
2011-12-26,unweighted,4854,0,,,,,,,
2011-12-26,1_over_t,4854,0,,,,,,,
2012-01-02,log_density,970,4847,3.7530199871769128,3.214379020316945,0.34647412079484496,0.9580290921018731,0.8950288162719909,0.07886298760255356,0.3125638678616989
2012-01-02,unweighted,4847,0,,,,,,,
2012-01-02,1_over_t,4847,0,,,,,,,
2012-01-09,log_density,968,4840,3.7376662343988016,3.1976064737498993,0.36378787394007617,0.957544718026456,0.8933810182007612,0.07903031845453704,0.31354029288438967
2012-01-09,unweighted,4840,0,,,,,,,
2012-01-09,1_over_t,4840,0,,,,,,,
2012-01-16,log_density,967,4833,3.7224733612146963,3.1809189800514246,0.38099258368665545,0.9572102014837875,0.8916996167495086,0.0791968556914727,0.3145369737705465
2012-01-16,unweighted,4833,0,,,,,,,
2012-01-16,1_over_t,4833,0,,,,,,,
2012-01-23,log_density,966,4826,3.7075503962858107,3.1646895171714235,0.3980318038769681,0.9568716706534752,0.8900060493180318,0.07937087084756195,0.3155556979822952
2012-01-23,unweighted,4826,0,,,,,,,
2012-01-23,1_over_t,4826,0,,,,,,,
2012-01-30,log_density,964,4819,3.691230073309626,3.1490613224895303,0.4157839538992931,0.9562267139666782,0.8883135527241899,0.07954879475752653,0.3165909327285236
2012-01-30,unweighted,4819,0,,,,,,,
2012-01-30,1_over_t,4819,0,,,,,,,
2012-02-06,log_density,963,4812,3.6721028055933544,3.1340097549406245,0.43497543924085136,0.9559830364480562,0.8866265293284822,0.07961922052587461,0.31763538889011284
2012-02-06,unweighted,4812,0,,,,,,,
2012-02-06,1_over_t,4812,0,,,,,,,
2012-02-13,log_density,961,4805,3.656915509198484,3.1195235619575667,0.45207334024577506,0.9552817711064745,0.8849507966591682,0.0798290866654122,0.3186810703197074
2012-02-13,unweighted,4805,0,,,,,,,
2012-02-13,1_over_t,4805,0,,,,,,,
2012-02-20,log_density,960,4798,3.641529649857972,3.105839725703664,0.4692503805747492,0.9549147921326472,0.8833146208686081,0.08000217176658696,0.31971096261232085
2012-02-20,unweighted,4798,0,,,,,,,
2012-02-20,1_over_t,4798,0,,,,,,,
2012-02-27,log_density,959,4791,3.607934469812747,3.0926750645129273,0.4957908355291636,0.9550695810330554,0.881699437473149,0.07971307790118104,0.32072828964709926
2012-02-27,unweighted,4791,0,,,,,,,
2012-02-27,1_over_t,4791,0,,,,,,,
2012-03-05,log_density,957,4784,3.5897348833181866,3.0801865995623334,0.5143164826034266,0.9545891040019459,0.8801295490849752,0.07982619375003697,0.32171489932945
2012-03-05,unweighted,4784,0,,,,,,,
2012-03-05,1_over_t,4784,0,,,,,,,
2012-03-12,log_density,956,4777,3.5758242561067703,3.0692891908054833,0.5306139762444957,0.954175187695723,0.8787349056743082,0.08003366453661664,0.32257397757578876
2012-03-12,unweighted,4777,0,,,,,,,
2012-03-12,1_over_t,4777,0,,,,,,,
2012-03-19,log_density,954,4770,3.5598745729782024,3.0586257844581777,0.5479301185885603,0.9534311282873542,0.8773501155452271,0.08023233346217859,0.3234199644181404
2012-03-19,unweighted,4770,0,,,,,,,
2012-03-19,1_over_t,4770,0,,,,,,,
2012-03-26,log_density,953,4763,3.536558385214846,3.050136224942245,0.5689401736766229,0.9535136940873092,0.8762901774280974,0.0801428351183828,0.3239896988050694
2012-03-26,unweighted,4763,0,,,,,,,
2012-03-26,1_over_t,4763,0,,,,,,,
2012-04-02,log_density,952,4756,3.51465089303602,3.043456337686228,0.5898802161982246,0.9531057482107244,0.8755553744125985,0.08020399027375313,0.32425546080723616
2012-04-02,unweighted,4756,0,,,,,,,
2012-04-02,1_over_t,4756,0,,,,,,,
2012-04-09,log_density,950,4749,3.4947295792743773,3.0397880982801673,0.6090610987927079,0.9532470614030932,0.875486811310157,0.07992713938020736,0.32384701693712203
2012-04-09,unweighted,4749,0,,,,,,,
2012-04-09,1_over_t,4749,0,,,,,,,
2012-04-16,log_density,949,4742,3.4734028884071506,3.033784697326399,0.6292987194553632,0.9529687937248548,0.8749205840110731,0.0799859087281911,0.3239265001716064
2012-04-16,unweighted,4742,0,,,,,,,
2012-04-16,1_over_t,4742,0,,,,,,,
2012-04-23,log_density,947,4735,3.4654758276399207,3.027929701589424,0.6410624496276967,0.9539999657771298,0.8743465994213955,0.0793283050887997,0.32402853457650277
2012-04-23,unweighted,4735,0,,,,,,,
2012-04-23,1_over_t,4735,0,,,,,,,
2012-04-30,log_density,946,4728,3.448187754666151,3.0234379676749796,0.6588324662495211,0.9542204282647774,0.8740653135154355,0.07915324039867709,0.32384160329140727
2012-04-30,unweighted,4728,0,,,,,,,
2012-04-30,1_over_t,4728,0,,,,,,,
2012-05-07,log_density,945,4721,3.4418594655150514,3.0173838422570713,0.6691334681176073,0.9542228882456877,0.873436675821269,0.07915031619677262,0.3239947274572536
2012-05-07,unweighted,4721,0,,,,,,,
2012-05-07,1_over_t,4721,0,,,,,,,
2012-05-14,log_density,943,4714,3.4325681301765485,3.011410361554147,0.6814413707922427,0.9546532152547834,0.8728154483752779,0.07879560265017518,0.3241402956421993
2012-05-14,unweighted,4714,0,,,,,,,
2012-05-14,1_over_t,4714,0,,,,,,,
2012-05-21,log_density,942,4707,3.4612127100455155,3.0053775818837147,0.6687398958433732,0.9544150518012479,0.8721747221931326,0.07930503360322964,0.3243025574075309
2012-05-21,unweighted,4707,0,,,,,,,
2012-05-21,1_over_t,4707,0,,,,,,,
2012-05-28,log_density,940,4700,3.4493543545827947,2.9998141746850226,0.6828295331385448,0.9548908316638536,0.8716283612833728,0.07891574523745551,0.3243733391351817
2012-05-28,unweighted,4700,0,,,,,,,
2012-05-28,1_over_t,4700,0,,,,,,,
2012-06-04,log_density,939,4693,3.4440491165428284,2.994123070000604,0.6926558740055953,0.9553432390845839,0.8710485500846588,0.07870034877856265,0.32447435161357374
2012-06-04,unweighted,4693,0,,,,,,,
2012-06-04,1_over_t,4693,0,,,,,,,
2012-06-11,log_density,938,4686,3.426520990575341,2.9875019399901133,0.7103779012955158,0.9555833507831024,0.8702666111962882,0.07849818453290042,0.3247604986875341
2012-06-11,unweighted,4686,0,,,,,,,
2012-06-11,1_over_t,4686,0,,,,,,,
2012-06-18,log_density,936,4679,3.412809517022623,2.980308234875988,0.725790309377949,0.955500347881393,0.8693580399109422,0.07842536165254886,0.32515811255157634
2012-06-18,unweighted,4679,0,,,,,,,
2012-06-18,1_over_t,4679,0,,,,,,,
2012-06-25,log_density,935,4672,3.411880045045109,2.972832704655551,0.7329354019329344,0.9565096672910874,0.8683829913981019,0.07799037926726955,0.3256101834795983
2012-06-25,unweighted,4672,0,,,,,,,
2012-06-25,1_over_t,4672,0,,,,,,,
2012-07-02,log_density,933,4665,3.3947151136573837,2.964677047491579,0.7503593824391146,0.955795776023415,0.8672654668736877,0.0781913791245945,0.3261788977973292
2012-07-02,unweighted,4665,0,,,,,,,
2012-07-02,1_over_t,4665,0,,,,,,,
2012-07-09,log_density,932,4658,3.3825611519224026,2.9549297485343944,0.7645921065766927,0.9558539372233508,0.8658546184538916,0.07813582469964053,0.3269716294977456
2012-07-09,unweighted,4658,0,,,,,,,
2012-07-09,1_over_t,4658,0,,,,,,,
2012-07-16,log_density,931,4651,3.3639410381909443,2.946233051326222,0.7829420270213632,0.9553608996877981,0.86460087848161,0.07828586818826522,0.3276418362320622
2012-07-16,unweighted,4651,0,,,,,,,
2012-07-16,1_over_t,4651,0,,,,,,,
2012-07-23,log_density,929,4644,3.341739743029393,2.9372276158770183,0.8032971590753277,0.9548991472651631,0.86327273431971,0.07833965492324889,0.32836554026937526
2012-07-23,unweighted,4644,0,,,,,,,
2012-07-23,1_over_t,4644,0,,,,,,,
2012-07-30,log_density,928,4637,3.329125947535374,2.9284020297028666,0.8177030908070293,0.9549263184583366,0.8619564577414596,0.07832142174043197,0.32907612681789905
2012-07-30,unweighted,4637,0,,,,,,,
2012-07-30,1_over_t,4637,0,,,,,,,
2012-08-06,log_density,926,4630,3.3244242518616716,2.9199310679223918,0.8279247918755459,0.9556714092605948,0.8606852299841787,0.07784680751951668,0.32974847416426684
2012-08-06,unweighted,4630,0,,,,,,,
2012-08-06,1_over_t,4630,0,,,,,,,
2012-08-13,log_density,925,4623,3.311765987003355,2.9111721897967424,0.8424644207395318,0.9562915745751318,0.8593422252234059,0.07745901981827182,0.33047118146882165
2012-08-13,unweighted,4623,0,,,,,,,
2012-08-13,1_over_t,4623,0,,,,,,,
2012-08-20,log_density,924,4616,3.3002657347351487,2.9026173024443787,0.8563004122232769,0.9562974278132497,0.8580164304576356,0.07744709794776869,0.33117737469077135
2012-08-20,unweighted,4616,0,,,,,,,
2012-08-20,1_over_t,4616,0,,,,,,,
2012-08-27,log_density,922,4609,3.2928874010129903,2.894536293737373,0.8674224644694917,0.9565267988744611,0.856760948571825,0.07723426564462754,0.33182711489369937
2012-08-27,unweighted,4609,0,,,,,,,
2012-08-27,1_over_t,4609,0,,,,,,,
2012-09-03,log_density,921,4602,3.2789777074997346,2.8871457952434305,0.8829184355357,0.9562792421636935,0.8556251567682245,0.07744081518248853,0.33238135521266426
2012-09-03,unweighted,4602,0,,,,,,,
2012-09-03,1_over_t,4602,0,,,,,,,
2012-09-10,log_density,919,4595,3.267718028459001,2.8794260258053486,0.8962552579288001,0.9565830815933047,0.854406482209394,0.07716286645380417,0.3329969100321462
2012-09-10,unweighted,4595,0,,,,,,,
2012-09-10,1_over_t,4595,0,,,,,,,
2012-09-17,log_density,918,4588,3.2699980716627337,2.871836437546297,0.901848418819597,0.9563792466555144,0.8531962202626328,0.07735605548886229,0.3336034806482794
2012-09-17,unweighted,4588,0,,,,,,,
2012-09-17,1_over_t,4588,0,,,,,,,
2012-09-24,log_density,917,4581,3.2750362900510197,2.8640523331323933,0.9051101853062278,0.9569657813740153,0.8519290947314376,0.07726698541374472,0.33425014459744945
2012-09-24,unweighted,4581,0,,,,,,,
2012-09-24,1_over_t,4581,0,,,,,,,
2012-10-01,log_density,915,4574,3.263921818496172,2.8562193370897013,0.918420245725379,0.9579816055051519,0.8506333667896455,0.07660343935969313,0.3349153604473135
2012-10-01,unweighted,4574,0,,,,,,,
2012-10-01,1_over_t,4574,0,,,,,,,
2012-10-08,log_density,914,4567,3.2526192777669536,2.8479657159647993,0.9317633225679813,0.9579247601640106,0.8492346901452529,0.07664455363574303,0.3356522360209108
2012-10-08,unweighted,4567,0,,,,,,,
2012-10-08,1_over_t,4567,0,,,,,,,
2012-10-15,log_density,912,4560,3.248117755571201,2.8399965506622116,0.9409127604492227,0.9590774201114234,0.8478713399539136,0.07585955633952482,0.33636121741473723
2012-10-15,unweighted,4560,0,,,,,,,
2012-10-15,1_over_t,4560,0,,,,,,,
2012-10-22,log_density,911,4553,3.2391642964738736,2.833232593105093,0.9528676279605293,0.959505282893927,0.8467441097295497,0.07558098672430717,0.3368926315938499
2012-10-22,unweighted,4553,0,,,,,,,
2012-10-22,1_over_t,4553,0,,,,,,,
2012-10-29,log_density,910,4546,3.228103737349514,2.8275331160370807,0.9660360407133197,0.9599836590638899,0.8458422268790062,0.07527185952986393,0.3372495278487771
2012-10-29,unweighted,4546,0,,,,,,,
2012-10-29,1_over_t,4546,0,,,,,,,
2012-11-05,log_density,908,4539,3.2258555116503658,2.822369036494251,0.9736288260335186,0.961058305755676,0.8450571962635808,0.07450417169459156,0.3375129966284888
2012-11-05,unweighted,4539,0,,,,,,,
2012-11-05,1_over_t,4539,0,,,,,,,
2012-11-12,log_density,907,4532,3.243372845910116,2.819829689901381,0.9703459306180022,0.9635683812260138,0.8449593283475223,0.07299167623865878,0.3372017947617399
2012-11-12,unweighted,4532,0,,,,,,,
2012-11-12,1_over_t,4532,0,,,,,,,
2012-11-19,log_density,905,4525,3.2419121797825454,2.819917668881197,0.9787408012749097,0.9647380166529415,0.8456614666850784,0.07200405887631023,0.33617472066833104
2012-11-19,unweighted,4525,0,,,,,,,
2012-11-19,1_over_t,4525,0,,,,,,,
2012-11-26,log_density,904,4518,3.2323890841308582,2.823034314309301,0.9912638158665033,0.9651966028764248,0.8474110028129189,0.07164480051623619,0.3341547622049639
2012-11-26,unweighted,4518,0,,,,,,,
2012-11-26,1_over_t,4518,0,,,,,,,
2012-12-03,log_density,903,4511,3.2266959735420073,2.8284709656371283,1.0005954471338043,0.9664893959989391,0.8500541425164592,0.07058758372420997,0.3312374458815079
2012-12-03,unweighted,4511,0,,,,,,,
2012-12-03,1_over_t,4511,0,,,,,,,
2012-12-10,log_density,901,4504,3.222262589320394,2.8331115582101725,1.0102762063708326,0.9672370340046886,0.852403175222797,0.06999066818488614,0.3285865862248046
2012-12-10,unweighted,4504,0,,,,,,,
2012-12-10,1_over_t,4504,0,,,,,,,
2012-12-17,log_density,900,4497,3.2164078969353795,2.8372704593726943,1.0192469194315734,0.968880169412895,0.8545763170379698,0.0690943072868712,0.32609118940354803
2012-12-17,unweighted,4497,0,,,,,,,
2012-12-17,1_over_t,4497,0,,,,,,,
2012-12-24,log_density,898,4490,3.218287318721707,2.839490135115312,1.0246761906121051,0.9715824013821901,0.8560518468457247,0.06723182639375128,0.32427626593571723
2012-12-24,unweighted,4490,0,,,,,,,
2012-12-24,1_over_t,4490,0,,,,,,,
2012-12-31,log_density,897,4483,3.210236815162844,2.8426191803397036,1.0361090269237252,0.9719287118022415,0.8578613074943249,0.0670049474942204,0.32211672410714454
2012-12-31,unweighted,4483,0,,,,,,,
2012-12-31,1_over_t,4483,0,,,,,,,
2013-01-07,log_density,896,4476,3.190820740091631,2.8467442815913104,1.0540311346300086,0.9725776471676594,0.8600526840187817,0.06675130941171742,0.31955084177353593
2013-01-07,unweighted,4476,0,,,,,,,
2013-01-07,1_over_t,4476,0,,,,,,,
2013-01-14,log_density,894,4469,3.1710194690214877,2.851015611276707,1.0723304551805342,0.9734876444845217,0.862310988323741,0.06635296044299736,0.31689354203505005
2013-01-14,unweighted,4469,0,,,,,,,
2013-01-14,1_over_t,4469,0,,,,,,,
2013-01-21,log_density,893,4462,3.1500338720714893,2.855190758142686,1.0911091795703598,0.9752280406758922,0.8645464132976722,0.06558423733032341,0.3142362520092516
2013-01-21,unweighted,4462,0,,,,,,,
2013-01-21,1_over_t,4462,0,,,,,,,
2013-01-28,log_density,891,4455,3.1363133072693685,2.859239628387037,1.1059506571012854,0.975656068063953,0.8667482252980168,0.06544256606870914,0.31159046791044864
2013-01-28,unweighted,4455,0,,,,,,,
2013-01-28,1_over_t,4455,0,,,,,,,
2013-02-04,log_density,890,4448,3.1272868705264614,2.86332148578919,1.1175738984690327,0.976044084625756,0.8689761631163541,0.0654607931812327,0.30889297841430785
2013-02-04,unweighted,4448,0,,,,,,,
2013-02-04,1_over_t,4448,0,,,,,,,
2013-02-11,log_density,889,4441,3.122706871734394,2.866679761035862,1.1266420532206105,0.9781680064685712,0.8709536087407446,0.0642311866268765,0.3064389675739167
2013-02-11,unweighted,4441,0,,,,,,,
2013-02-11,1_over_t,4441,0,,,,,,,
2013-02-18,log_density,887,4434,3.1191270110704394,2.8691416972727857,1.134971694259871,0.9822485502342189,0.8726246575496797,0.06125153957615251,0.30429344495217714
2013-02-18,unweighted,4434,0,,,,,,,
2013-02-18,1_over_t,4434,0,,,,,,,
2013-02-25,log_density,886,4427,3.1127047479645924,2.8708259621179817,1.144549685302799,0.9830481448791029,0.8740433185513299,0.06070365294577028,0.3024018847676527
2013-02-25,unweighted,4427,0,,,,,,,
2013-02-25,1_over_t,4427,0,,,,,,,
2013-03-04,log_density,884,4420,3.1078141095289595,2.872770152088123,1.153085344037187,0.9841168363051052,0.8755600266710448,0.05975193209334317,0.30039506452662446
2013-03-04,unweighted,4420,0,,,,,,,
2013-03-04,1_over_t,4420,0,,,,,,,
2013-03-11,log_density,883,4413,3.0984661793614308,2.875266529580651,1.1658425523829905,0.9855046656715555,0.8772776422303222,0.058531647437143855,0.29815859741063705
2013-03-11,unweighted,4413,0,,,,,,,
2013-03-11,1_over_t,4413,0,,,,,,,
2013-03-18,log_density,882,4406,3.097318926125098,2.877685285710343,1.1717426664989787,0.9868593192206011,0.878981095554235,0.05740268302617582,0.29592156422581595
2013-03-18,unweighted,4406,0,,,,,,,
2013-03-18,1_over_t,4406,0,,,,,,,
2013-03-25,log_density,880,4399,3.0995592647754577,2.8795168460119145,1.1758748691762833,0.9883435984637772,0.8804977906747113,0.05582038241407044,0.2938732561960159
2013-03-25,unweighted,4399,0,,,,,,,
2013-03-25,1_over_t,4399,0,,,,,,,
2013-04-01,log_density,879,4392,3.089783790416675,2.8803536847840623,1.1884505185936263,0.9888042149379489,0.8817020625082054,0.055062876602217314,0.2921526213183235
2013-04-01,unweighted,4392,0,,,,,,,
2013-04-01,1_over_t,4392,0,,,,,,,
2013-04-08,log_density,877,4385,3.0842822739408007,2.8804037365035295,1.1975149387201824,0.9892572721869655,0.8826663788591367,0.05433301231307308,0.29068450865719275
2013-04-08,unweighted,4385,0,,,,,,,
2013-04-08,1_over_t,4385,0,,,,,,,
2013-04-15,log_density,876,4378,3.074594721330861,2.880117577425595,1.2097198722240243,0.9897648469877824,0.8835377338222924,0.05340439679291396,0.28931083165057014
2013-04-15,unweighted,4378,0,,,,,,,
2013-04-15,1_over_t,4378,0,,,,,,,
2013-04-22,log_density,875,4371,3.0644767503698773,2.880819661967349,1.2225447439027803,0.990120644179996,0.8847236582006337,0.05272122429691544,0.28759090539008025
2013-04-22,unweighted,4371,0,,,,,,,
2013-04-22,1_over_t,4371,0,,,,,,,
2013-04-29,log_density,873,4364,3.0543966254510977,2.8809331116346364,1.2355624553091218,0.9903583225937465,0.8857363984672892,0.05213312136191155,0.2860524301659915
2013-04-29,unweighted,4364,0,,,,,,,
2013-04-29,1_over_t,4364,0,,,,,,,
2013-05-06,log_density,872,4357,3.041543962682262,2.8806847118360617,1.2503826696534688,0.9906376215522579,0.8866472710786656,0.05144379770163065,0.2846194333388125
2013-05-06,unweighted,4357,0,,,,,,,
2013-05-06,1_over_t,4357,0,,,,,,,
2013-05-13,log_density,870,4350,3.033319967329902,2.8804299144234236,1.261769263403906,0.9911042072778659,0.8875648254469276,0.05033185095377174,0.28317422157063743
2013-05-13,unweighted,4350,0,,,,,,,
2013-05-13,1_over_t,4350,0,,,,,,,
2013-05-20,log_density,869,4343,3.023295029920739,2.880233667232174,1.2743129377171236,0.9913990393266235,0.8885090990150736,0.04968031616271766,0.2816945651227331
2013-05-20,unweighted,4343,0,,,,,,,
2013-05-20,1_over_t,4343,0,,,,,,,
2013-05-27,log_density,868,4336,3.013961165529942,2.8812636865026082,1.2866975889617116,0.9916902596048853,0.8898471431013432,0.048991449658753274,0.27977012557837416
2013-05-27,unweighted,4336,0,,,,,,,
2013-05-27,1_over_t,4336,0,,,,,,,
2013-06-03,log_density,866,4329,3.0016337282050642,2.8832724184982133,1.3011061098813173,0.991809215104739,0.8915194073385089,0.04848535573097383,0.27745348870506625
2013-06-03,unweighted,4329,0,,,,,,,
2013-06-03,1_over_t,4329,0,,,,,,,
2013-06-10,log_density,865,4322,2.9974390719019297,2.8857037842614357,1.3091634942147081,0.9924367860859429,0.8933485655219592,0.04736965225351184,0.27493738692341924
2013-06-10,unweighted,4322,0,,,,,,,
2013-06-10,1_over_t,4322,0,,,,,,,
2013-06-17,log_density,863,4315,2.988885414330298,2.88751204879155,1.3209800238081186,0.9927432537087041,0.8949842657855659,0.04671707357579581,0.27262601662154806
2013-06-17,unweighted,4315,0,,,,,,,
2013-06-17,1_over_t,4315,0,,,,,,,
2013-06-24,log_density,862,4308,2.9785763600113384,2.8893176774813334,1.3338396779406239,0.9930565249795946,0.8966331875968214,0.04615860087331981,0.27028182237165904
2013-06-24,unweighted,4308,0,,,,,,,
2013-06-24,1_over_t,4308,0,,,,,,,
2013-07-01,log_density,861,4301,2.967620494986228,2.891138360251499,1.3471456442184504,0.9932206648970692,0.8983025046286279,0.045956846711338796,0.2678952486881453
2013-07-01,unweighted,4301,0,,,,,,,
2013-07-01,1_over_t,4301,0,,,,,,,
2013-07-08,log_density,859,4294,2.957818166149522,2.8933784908960747,1.3593147890616848,0.9935233303448788,0.9001269349325509,0.04532840781288638,0.2653037198025049
2013-07-08,unweighted,4294,0,,,,,,,
2013-07-08,1_over_t,4294,0,,,,,,,
2013-07-15,log_density,858,4287,2.9549284289515185,2.895495378022902,1.3671094125303966,0.9940979773181604,0.9019264942549777,0.044300600682166395,0.2627192789612503
2013-07-15,unweighted,4287,0,,,,,,,
2013-07-15,1_over_t,4287,0,,,,,,,
2013-07-22,log_density,856,4280,2.9462307642351853,2.897596351769954,1.3787287558612071,0.994391507296181,0.9037374846191742,0.04366302661078633,0.26009780077407596
2013-07-22,unweighted,4280,0,,,,,,,
2013-07-22,1_over_t,4280,0,,,,,,,
2013-07-29,log_density,855,4273,2.9354932501644555,2.899414083835363,1.391720615653881,0.9946002023278342,0.9054722570233376,0.043379205163376344,0.2575465520528969
2013-07-29,unweighted,4273,0,,,,,,,
2013-07-29,1_over_t,4273,0,,,,,,,
2013-08-05,log_density,854,4266,2.9254749130176094,2.9010548882955014,1.404259708408727,0.994825928022649,0.9071659738015321,0.043131617266905294,0.25502409277885235
2013-08-05,unweighted,4266,0,,,,,,,
2013-08-05,1_over_t,4266,0,,,,,,,
2013-08-12,log_density,852,4259,2.9120279605413266,2.9026891023096715,1.4192053698259564,0.9948712297732587,0.9088746399723052,0.04312694306874479,0.2524610378952123
2013-08-12,unweighted,4259,0,,,,,,,
2013-08-12,1_over_t,4259,0,,,,,,,
2013-08-19,log_density,851,4252,2.9021802381687536,2.9033080464278673,1.4316267417095965,0.9949999064387233,0.910281208181297,0.04311209639376902,0.2502556729195508
2013-08-19,unweighted,4252,0,,,,,,,
2013-08-19,1_over_t,4252,0,,,,,,,
2013-08-26,log_density,849,4245,2.889844408753163,2.9039302260143534,1.446024362607801,0.9951297425329835,0.9117034109093909,0.0432523311035159,0.2480152943241601
2013-08-26,unweighted,4245,0,,,,,,,
2013-08-26,1_over_t,4245,0,,,,,,,
2013-09-02,log_density,848,4238,2.879309468560219,2.904419091970714,1.45910467668568,0.9951985671159732,0.9131011721968124,0.04350798708552966,0.2457896839023045
2013-09-02,unweighted,4238,0,,,,,,,
2013-09-02,1_over_t,4238,0,,,,,,,
2013-09-09,log_density,847,4231,2.879386314399518,2.904588384058924,1.4660480697995766,0.9953767896561507,0.914418318979072,0.0432318581991461,0.2436512680881413
2013-09-09,unweighted,4231,0,,,,,,,
2013-09-09,1_over_t,4231,0,,,,,,,
2013-09-16,log_density,845,4224,2.8938782023346477,2.9046803851076484,1.4630866135071656,0.995687480328347,0.9157280866487186,0.04240194626334878,0.24150795567517624
2013-09-16,unweighted,4224,0,,,,,,,
2013-09-16,1_over_t,4224,0,,,,,,,
2013-09-23,log_density,844,4217,2.906201738223004,2.903791672695003,1.4613814020866585,0.9958681625120736,0.9167710684460004,0.041976974350640114,0.23969303544587678
2013-09-23,unweighted,4217,0,,,,,,,
2013-09-23,1_over_t,4217,0,,,,,,,
2013-09-30,log_density,842,4210,2.9226016947314264,2.9025548190024395,1.4567011239830236,0.9959916249572551,0.9177306066044197,0.04166007272605948,0.2379759452513288
2013-09-30,unweighted,4210,0,,,,,,,
2013-09-30,1_over_t,4210,0,,,,,,,
2013-10-07,log_density,841,4203,2.926624512811472,2.9002621330960596,1.4617813435171456,0.9960879857088845,0.9184229750070675,0.04148936046021629,0.2365910235425732
2013-10-07,unweighted,4203,0,,,,,,,
2013-10-07,1_over_t,4203,0,,,,,,,
2013-10-14,log_density,840,4196,2.9314685825624736,2.8982072621493753,1.4660573002455521,0.9961176825415133,0.9191861077569188,0.041558388603768745,0.2351126793301756
2013-10-14,unweighted,4196,0,,,,,,,
2013-10-14,1_over_t,4196,0,,,,,,,
2013-10-21,log_density,838,4189,2.943243521043314,2.89655390920154,1.4679558740421896,0.9960458341380117,0.9200668840419995,0.04210170130475712,0.23347855759503766
2013-10-21,unweighted,4189,0,,,,,,,
2013-10-21,1_over_t,4189,0,,,,,,,
2013-10-28,log_density,837,4182,2.9490103512894734,2.8943559485809587,1.4724789472941922,0.9959140294682496,0.9208173115830217,0.04286291321860731,0.2320053179452007
2013-10-28,unweighted,4182,0,,,,,,,
2013-10-28,1_over_t,4182,0,,,,,,,
2013-11-04,log_density,835,4175,2.957550938088552,2.8915279897145933,1.4737765173870585,0.9958953310957064,0.9214189237514249,0.04322777076128685,0.23071766747772396
2013-11-04,unweighted,4175,0,,,,,,,
2013-11-04,1_over_t,4175,0,,,,,,,
2013-11-11,log_density,834,4168,2.963615660190648,2.8889734326857854,1.4740911555822223,0.9958575597634954,0.9220995277806939,0.04335893513639652,0.2293256556612687
2013-11-11,unweighted,4168,0,,,,,,,
2013-11-11,1_over_t,4168,0,,,,,,,
2013-11-18,log_density,833,4161,2.969679996139959,2.887285476873233,1.473824121148347,0.9958963705217732,0.9230179645930556,0.04258817110439641,0.2276206831862817
2013-11-18,unweighted,4161,0,,,,,,,
2013-11-18,1_over_t,4161,0,,,,,,,
2013-11-25,log_density,831,4154,2.962085674552611,2.8850050182848794,1.4841965192581483,0.9959413361078916,0.9237948287112868,0.042301226009698586,0.22609311720184597
2013-11-25,unweighted,4154,0,,,,,,,
2013-11-25,1_over_t,4154,0,,,,,,,
2013-12-02,log_density,830,4147,2.9605881542441637,2.8828097631234177,1.4891712593910427,0.9959130452045609,0.9246063381958867,0.04234491957516957,0.2245146652952582
2013-12-02,unweighted,4147,0,,,,,,,
2013-12-02,1_over_t,4147,0,,,,,,,
2013-12-09,log_density,828,4140,2.9565484636276125,2.8804861211948944,1.496511739930348,0.9958957183285372,0.9253986924008832,0.04241456485010349,0.22295501502547366
2013-12-09,unweighted,4140,0,,,,,,,
2013-12-09,1_over_t,4140,0,,,,,,,
2013-12-16,log_density,827,4133,2.9480018559886005,2.877666551735407,1.50816723312413,0.9959368061756673,0.9260793751831747,0.04204213109939448,0.22153598962604604
2013-12-16,unweighted,4133,0,,,,,,,
2013-12-16,1_over_t,4133,0,,,,,,,
2013-12-23,log_density,826,4126,2.9392300490741263,2.874212341596621,1.5198188690179677,0.9959706085504945,0.926618099278808,0.041774524734123394,0.22029770857999467
2013-12-23,unweighted,4126,0,,,,,,,
2013-12-23,1_over_t,4126,0,,,,,,,
2013-12-30,log_density,824,4119,2.9317831569845723,2.8705833091519515,1.5300439273518265,0.9959568715526324,0.9271266332324077,0.041597424185863624,0.21909552542668453
2013-12-30,unweighted,4119,0,,,,,,,
2013-12-30,1_over_t,4119,0,,,,,,,
2014-01-06,log_density,823,4112,2.9214268499759726,2.8663013919996536,1.5430195026430766,0.9959468180961919,0.9274981951666442,0.041650242986606335,0.21806657659516318
2014-01-06,unweighted,4112,0,,,,,,,
2014-01-06,1_over_t,4112,0,,,,,,,
2014-01-13,log_density,821,4105,2.9109471214161857,2.8614312761657237,1.5559235181636524,0.9959599169835377,0.9277492113721046,0.04153304922076851,0.2171896382600725
2014-01-13,unweighted,4105,0,,,,,,,
2014-01-13,1_over_t,4105,0,,,,,,,
2014-01-20,log_density,820,4098,2.899925177725031,2.854269922973987,1.5692595009645558,0.9959348484543517,0.9275559416553107,0.04152155367359636,0.2168582986914058
2014-01-20,unweighted,4098,0,,,,,,,
2014-01-20,1_over_t,4098,0,,,,,,,
2014-01-27,log_density,819,4091,2.8898941235526863,2.8481966449869565,1.5818687579578246,0.9958931425266108,0.9275674939222743,0.04148850209881948,0.2162783355187227
2014-01-27,unweighted,4091,0,,,,,,,
2014-01-27,1_over_t,4091,0,,,,,,,
2014-02-03,log_density,817,4084,2.8789118129990925,2.841724183768437,1.594955667740102,0.9958746261180288,0.9275044581789208,0.04149730815292745,0.2157880962877199
2014-02-03,unweighted,4084,0,,,,,,,
2014-02-03,1_over_t,4084,0,,,,,,,
2014-02-10,log_density,816,4077,2.868380548847668,2.834775890985133,1.607742746458527,0.9958201753491263,0.9273546102935132,0.04157210062482659,0.21540019729362692
2014-02-10,unweighted,4077,0,,,,,,,
2014-02-10,1_over_t,4077,0,,,,,,,
2014-02-17,log_density,814,4070,2.859384786560412,2.828083470768573,1.6195391524250375,0.9957567562194303,0.9272527477565222,0.04160915979037355,0.21495400021348052
2014-02-17,unweighted,4070,0,,,,,,,
2014-02-17,1_over_t,4070,0,,,,,,,
2014-02-24,log_density,813,4063,2.853348607382962,2.821467522529534,1.628612107183642,0.9957031101485422,0.9271662817897854,0.041713003262192044,0.2144884221415641
2014-02-24,unweighted,4063,0,,,,,,,
2014-02-24,1_over_t,4063,0,,,,,,,
2014-03-03,log_density,812,4056,2.8447897081041447,2.815094137718554,1.6398411626193479,0.9956312795770338,0.9271282336819335,0.041830357746276754,0.21396405086213593
2014-03-03,unweighted,4056,0,,,,,,,
2014-03-03,1_over_t,4056,0,,,,,,,
2014-03-10,log_density,810,4049,2.836115753039241,2.8093622231121675,1.6515424676236208,0.9955181596216964,0.9272188360738608,0.04180534984838463,0.21328509267039125
2014-03-10,unweighted,4049,0,,,,,,,
2014-03-10,1_over_t,4049,0,,,,,,,
2014-03-17,log_density,809,4042,2.8263433779979934,2.8038698924502903,1.6640008679521507,0.9954517072542877,0.9273637640421605,0.04185630488997957,0.21253945543535618
2014-03-17,unweighted,4042,0,,,,,,,
2014-03-17,1_over_t,4042,0,,,,,,,
2014-03-24,log_density,807,4035,2.8196373786944875,2.797522194732039,1.6732921334481006,0.9953811195138915,0.9273453688800243,0.04188999341487674,0.21198724048648326
2014-03-24,unweighted,4035,0,,,,,,,
2014-03-24,1_over_t,4035,0,,,,,,,
2014-03-31,log_density,806,4028,2.8083639657707167,2.7905925890734786,1.686658137797945,0.9953474527585169,0.9272217270996027,0.04196635080450882,0.21155604509080844
2014-03-31,unweighted,4028,0,,,,,,,
2014-03-31,1_over_t,4028,0,,,,,,,
2014-04-07,log_density,805,4021,2.797715459346364,2.7836573916898812,1.699464821452299,0.9953047170755509,0.9270987793980726,0.04203972895734354,0.2111223529641315
2014-04-07,unweighted,4021,0,,,,,,,
2014-04-07,1_over_t,4021,0,,,,,,,
2014-04-14,log_density,803,4014,2.7870873051978435,2.776156462484097,1.7123683691675353,0.9952559616060721,0.9268784579735588,0.042118890895152424,0.21079622371758586
2014-04-14,unweighted,4014,0,,,,,,,
2014-04-14,1_over_t,4014,0,,,,,,,
2014-04-21,log_density,802,4007,2.775790011412596,2.7681123100068112,1.7257651979486006,0.9952074508653947,0.9265658412311758,0.04222117605487565,0.21056940324345672
2014-04-21,unweighted,4007,0,,,,,,,
2014-04-21,1_over_t,4007,0,,,,,,,
2014-04-28,log_density,800,4000,2.763987826716189,2.760043841478092,1.7394941348906912,0.995168557268455,0.9262478048979593,0.04230509452885911,0.2103453839973983
2014-04-28,unweighted,4000,0,,,,,,,
2014-04-28,1_over_t,4000,0,,,,,,,
2014-05-05,log_density,799,3993,2.752704976095224,2.7520358151712316,1.7529150910450895,0.995135309228846,0.9259371740554394,0.04244293079478943,0.21011087237623244
2014-05-05,unweighted,3993,0,,,,,,,
2014-05-05,1_over_t,3993,0,,,,,,,
2014-05-12,log_density,798,3986,2.7424695303632234,2.7440345333080667,1.7656338617490874,0.9950756360588247,0.9256258913811167,0.042634885797054635,0.20987425533639814
2014-05-12,unweighted,3986,0,,,,,,,
2014-05-12,1_over_t,3986,0,,,,,,,
2014-05-19,log_density,796,3979,2.731545547527624,2.735843743460509,1.7786894059510914,0.9950100667063022,0.9252822437651279,0.04278851060265381,0.20966859336912705
2014-05-19,unweighted,3979,0,,,,,,,
2014-05-19,1_over_t,3979,0,,,,,,,
2014-05-26,log_density,795,3972,2.72083496583582,2.727505136425773,1.7920343523793392,0.994905972184094,0.924912373062129,0.043063551259263234,0.20948698881720354
2014-05-26,unweighted,3972,0,,,,,,,
2014-05-26,1_over_t,3972,0,,,,,,,
2014-06-02,log_density,793,3965,2.712553110852596,2.7188830868673204,1.8026951715480308,0.9947364991145533,0.9244956600891765,0.04324111812062664,0.20934922878041395
2014-06-02,unweighted,3965,0,,,,,,,
2014-06-02,1_over_t,3965,0,,,,,,,
2014-06-09,log_density,792,3958,2.701925520888416,2.709888327403071,1.815621386108127,0.9946460268982643,0.9240182084855919,0.04344183692753193,0.2092677861488449
2014-06-09,unweighted,3958,0,,,,,,,
2014-06-09,1_over_t,3958,0,,,,,,,
2014-06-16,log_density,791,3951,2.6911222084784576,2.700953692648615,1.8287043343963632,0.9945309615505578,0.9235443723668677,0.04366843362739184,0.20917899979498228
2014-06-16,unweighted,3951,0,,,,,,,
2014-06-16,1_over_t,3951,0,,,,,,,
2014-06-23,log_density,789,3944,2.680227323656112,2.6923182158011594,1.8416398827478844,0.9944393584512794,0.9231111655757634,0.04384065296381108,0.2090471125994138
2014-06-23,unweighted,3944,0,,,,,,,
2014-06-23,1_over_t,3944,0,,,,,,,
2014-06-30,log_density,788,3937,2.668412535149667,2.6835837679970065,1.8554525839120863,0.9943721140593348,0.9226586500939797,0.044045835733848064,0.2089301578159756
2014-06-30,unweighted,3937,0,,,,,,,
2014-06-30,1_over_t,3937,0,,,,,,,
2014-07-07,log_density,786,3930,2.6569991554235415,2.6751129069481276,1.868656333937043,0.9943162592014635,0.9222428086102762,0.0442106024813167,0.20877443038230578
2014-07-07,unweighted,3930,0,,,,,,,
2014-07-07,1_over_t,3930,0,,,,,,,
2014-07-14,log_density,785,3923,2.646739802909959,2.6672062358977593,1.881142750997867,0.9942332604300419,0.9219163641628818,0.04443275171326001,0.2085281746789979
2014-07-14,unweighted,3923,0,,,,,,,
2014-07-14,1_over_t,3923,0,,,,,,,
2014-07-21,log_density,784,3916,2.634971547555537,2.6590024074248144,1.8946758320015746,0.9941428493754526,0.9215392859895541,0.04463686565066997,0.20832797670346678
2014-07-21,unweighted,3916,0,,,,,,,
2014-07-21,1_over_t,3916,0,,,,,,,
2014-07-28,log_density,782,3909,2.6281304014409024,2.650826194655733,1.9039122143394813,0.9940114193132784,0.9211642665793707,0.04480190498372904,0.20812254595368598
2014-07-28,unweighted,3909,0,,,,,,,
2014-07-28,1_over_t,3909,0,,,,,,,
2014-08-04,log_density,781,3902,2.6190050920411494,2.642478121710853,1.9153797655313127,0.9937505887732409,0.9207595463084756,0.045128380181334325,0.20794153356665565
2014-08-04,unweighted,3902,0,,,,,,,
2014-08-04,1_over_t,3902,0,,,,,,,
2014-08-11,log_density,779,3895,2.608070577920703,2.633650361488133,1.9284976729027008,0.9936350863492127,0.9202776680055986,0.04541345922560338,0.20782710734670945
2014-08-11,unweighted,3895,0,,,,,,,
2014-08-11,1_over_t,3895,0,,,,,,,
2014-08-18,log_density,778,3888,2.5962976903116015,2.6243580584794697,1.9421471898077378,0.9934433917829136,0.9197221696608422,0.04571441658892401,0.2077732096199277
2014-08-18,unweighted,3888,0,,,,,,,
2014-08-18,1_over_t,3888,0,,,,,,,
2014-08-25,log_density,777,3881,2.5844336455096872,2.6137794708011226,1.9556071640579233,0.9933484304518917,0.918990436927888,0.04589600813770494,0.2078554593976816
2014-08-25,unweighted,3881,0,,,,,,,
2014-08-25,1_over_t,3881,0,,,,,,,
2014-09-01,log_density,775,3874,2.572479216200449,2.603036458668432,1.9691883404221784,0.9932250828565867,0.9182268825204907,0.04612266722312883,0.20795657339247636
2014-09-01,unweighted,3874,0,,,,,,,
2014-09-01,1_over_t,3874,0,,,,,,,
2014-09-08,log_density,774,3867,2.5606703238762343,2.592335520373678,1.9827704131458344,0.9930517531744638,0.9174562340469793,0.046398738799613586,0.20805803318863275
2014-09-08,unweighted,3867,0,,,,,,,
2014-09-08,1_over_t,3867,0,,,,,,,
2014-09-15,log_density,772,3860,2.5488538248784067,2.581521233765095,1.9963608057613165,0.9929251308318792,0.9166603672825344,0.04668642176071188,0.2081719349380836
2014-09-15,unweighted,3860,0,,,,,,,
2014-09-15,1_over_t,3860,0,,,,,,,
2014-09-22,log_density,771,3853,2.537020726640961,2.5703289747955442,2.009837089373592,0.9927531829939762,0.9158082818414164,0.046959222314386796,0.20831787145699268
2014-09-22,unweighted,3853,0,,,,,,,
2014-09-22,1_over_t,3853,0,,,,,,,
2014-09-29,log_density,770,3846,2.5251027105917068,2.5590819426920084,2.023525875357869,0.9925495463653654,0.9149354051158354,0.04729318897579153,0.20847246953153478
2014-09-29,unweighted,3846,0,,,,,,,
2014-09-29,1_over_t,3846,0,,,,,,,
2014-10-06,log_density,768,3839,2.5141147352207582,2.547784900127462,2.036329764521586,0.9923244762363834,0.914041917204134,0.04759673590081973,0.20863524698986674
2014-10-06,unweighted,3839,0,,,,,,,
2014-10-06,1_over_t,3839,0,,,,,,,
2014-10-13,log_density,767,3832,2.5015953137842253,2.5365159857869473,2.0502860009193338,0.9921957583866682,0.9131358313483798,0.04784641130126916,0.20880147313543757
2014-10-13,unweighted,3832,0,,,,,,,
2014-10-13,1_over_t,3832,0,,,,,,,
2014-10-20,log_density,765,3825,2.4900801819323775,2.525568913166535,2.063562165565264,0.9919777418454674,0.9122502673474642,0.04819760241502246,0.20895199753007215
2014-10-20,unweighted,3825,0,,,,,,,
2014-10-20,1_over_t,3825,0,,,,,,,
2014-10-27,log_density,764,3818,2.4784186834890676,2.5149911372577574,2.077038620474031,0.9916611243604093,0.9113940428362792,0.04860016959868641,0.20908058627861176
2014-10-27,unweighted,3818,0,,,,,,,
2014-10-27,1_over_t,3818,0,,,,,,,
2014-11-03,log_density,763,3811,2.466986375413903,2.5054712177498764,2.090401508378955,0.9913138669987082,0.9106679342261885,0.0490246289692098,0.20911675630969134
2014-11-03,unweighted,3811,0,,,,,,,
2014-11-03,1_over_t,3811,0,,,,,,,
2014-11-10,log_density,761,3804,2.456063066411467,2.497225821208226,2.103056694975006,0.9910079900548611,0.9101329521262347,0.049385534513239515,0.2090054625530453
2014-11-10,unweighted,3804,0,,,,,,,
2014-11-10,1_over_t,3804,0,,,,,,,
2014-11-17,log_density,760,3797,2.4442625231226245,2.487478118818895,2.1164424596980567,0.9907359028365972,0.90935819006049,0.049752905944005,0.209066138679336
2014-11-17,unweighted,3797,0,,,,,,,
2014-11-17,1_over_t,3797,0,,,,,,,
2014-11-24,log_density,758,3790,2.431666757706086,2.477474382874413,2.1302876404033206,0.99053115702932,0.9085376736059985,0.05005213307762898,0.20915173583917152
2014-11-24,unweighted,3790,0,,,,,,,
2014-11-24,1_over_t,3790,0,,,,,,,
2014-12-01,log_density,757,3783,2.4202932056810837,2.467997684118528,2.1435093808691583,0.9901642129036001,0.9077799958589219,0.05053692101591464,0.20919150834273287
2014-12-01,unweighted,3783,0,,,,,,,
2014-12-01,1_over_t,3783,0,,,,,,,
2014-12-08,log_density,756,3776,2.4090953664965014,2.458848742888688,2.1565861483784623,0.9895308126200731,0.9070613519349188,0.0510478858662862,0.20920037560031374
2014-12-08,unweighted,3776,0,,,,,,,
2014-12-08,1_over_t,3776,0,,,,,,,
2014-12-15,log_density,754,3769,2.397543814905408,2.4507038495971396,2.16966731720753,0.9888180503994619,0.9064975992673867,0.05153759194308813,0.20909460194833396
2014-12-15,unweighted,3769,0,,,,,,,
2014-12-15,1_over_t,3769,0,,,,,,,
2014-12-22,log_density,753,3762,2.3866368840199144,2.4427704355245816,2.1821170324249035,0.9882535680028204,0.9059671457998564,0.05192641174812513,0.20895976845610365
2014-12-22,unweighted,3762,0,,,,,,,
2014-12-22,1_over_t,3762,0,,,,,,,
2014-12-29,log_density,751,3755,2.3753783005277853,2.434392413821079,2.1951687196219325,0.9873144344098107,0.9053567863518354,0.05254795545943083,0.20887850461942645
2014-12-29,unweighted,3755,0,,,,,,,
2014-12-29,1_over_t,3755,0,,,,,,,
2015-01-05,log_density,750,3748,2.3643156839795303,2.4257703346428268,2.20805569306728,0.9862656892029867,0.904699668746266,0.053116947372939725,0.2088258241628042
2015-01-05,unweighted,3748,0,,,,,,,
2015-01-05,1_over_t,3748,0,,,,,,,
2015-01-12,log_density,749,3741,2.3545272276572398,2.4172941941764323,2.219506014450637,0.9854701389224996,0.9040607676915468,0.053445344587418786,0.20875598662873246
2015-01-12,unweighted,3741,0,,,,,,,
2015-01-12,1_over_t,3741,0,,,,,,,
2015-01-19,log_density,747,3734,2.347666289882426,2.4077102067926557,2.228755472771084,0.9841886097256606,0.9032458979746958,0.05382374637623469,0.20879301920039547
2015-01-19,unweighted,3734,0,,,,,,,
2015-01-19,1_over_t,3734,0,,,,,,,
2015-01-26,log_density,746,3727,2.3385375951754668,2.3979366154270574,2.2397189567075486,0.9831102587427627,0.9023911063392558,0.05417356681527049,0.20884993995580475
2015-01-26,unweighted,3727,0,,,,,,,
2015-01-26,1_over_t,3727,0,,,,,,,
2015-02-02,log_density,744,3720,2.3434230030902263,2.3876315755668593,2.2389856431171182,0.9816396190263548,0.9014527582785119,0.05391921928582312,0.20894696889548078
2015-02-02,unweighted,3720,0,,,,,,,
2015-02-02,1_over_t,3720,0,,,,,,,
2015-02-09,log_density,743,3713,2.341141747017023,2.377080395868426,2.243883969839894,0.9805422818009598,0.9004687692194289,0.05381330554574529,0.20906206515687162
2015-02-09,unweighted,3713,0,,,,,,,
2015-02-09,1_over_t,3713,0,,,,,,,
2015-02-16,log_density,742,3706,2.3349248347180023,2.3666256281830953,2.252659932358206,0.9792167580479635,0.8994821692851777,0.054069884668846095,0.20917423172839889
2015-02-16,unweighted,3706,0,,,,,,,
2015-02-16,1_over_t,3706,0,,,,,,,
2015-02-23,log_density,740,3699,2.334241995101216,2.3567375821693592,2.2560704873120585,0.9784657997627498,0.8985572499098184,0.053826312740513686,0.20925164622798717
2015-02-23,unweighted,3699,0,,,,,,,
2015-02-23,1_over_t,3699,0,,,,,,,
2015-03-02,log_density,739,3692,2.32790995528698,2.3467228908134925,2.264528659971134,0.9768379435750868,0.8976021533563303,0.05390407679497772,0.20933956718988533
2015-03-02,unweighted,3692,0,,,,,,,
2015-03-02,1_over_t,3692,0,,,,,,,
2015-03-09,log_density,737,3685,2.3152763694619125,2.336245521381689,2.277830919402291,0.9767073029309394,0.8965728393924295,0.05407104538391392,0.2094567643037026
2015-03-09,unweighted,3685,0,,,,,,,
2015-03-09,1_over_t,3685,0,,,,,,,
2015-03-16,log_density,736,3678,2.3084264354619677,2.325598195471833,2.286452234797963,0.9763573574218154,0.8955058263015294,0.054040797751036915,0.20958615654946722
2015-03-16,unweighted,3678,0,,,,,,,
2015-03-16,1_over_t,3678,0,,,,,,,
2015-03-23,log_density,735,3671,2.3011931497541696,2.31474717293996,2.2953477941549636,0.9763617696880659,0.8943973743976255,0.05401311397175926,0.20972768260039973
2015-03-23,unweighted,3671,0,,,,,,,
2015-03-23,1_over_t,3671,0,,,,,,,
2015-03-30,log_density,733,3664,2.2972596522397346,2.3038050517230535,2.301275353164769,0.9763068230910686,0.8932602752154529,0.05380016229913177,0.20987619900738064
2015-03-30,unweighted,3664,0,,,,,,,
2015-03-30,1_over_t,3664,0,,,,,,,
2015-04-06,log_density,732,3657,2.28495942072108,2.2926629614891536,2.314553280915362,0.976019224058797,0.8920812933049366,0.05404921361617044,0.21003538231376537
2015-04-06,unweighted,3657,0,,,,,,,
2015-04-06,1_over_t,3657,0,,,,,,,
2015-04-13,log_density,730,3650,2.2742802116918597,2.2814014858074447,2.326135997663755,0.9759793406622772,0.8908692324827925,0.054140219894806316,0.21020179624756452
2015-04-13,unweighted,3650,0,,,,,,,
2015-04-13,1_over_t,3650,0,,,,,,,
2015-04-20,log_density,729,3643,2.267618779843019,2.2700699579929324,2.3345379331572076,0.9760065935911993,0.8896288829943079,0.05411328716537214,0.21037391950773476
2015-04-20,unweighted,3643,0,,,,,,,
2015-04-20,1_over_t,3643,0,,,,,,,
2015-04-27,log_density,728,3636,2.2732273191261783,2.258982216967987,2.332444982469795,0.97603130906308,0.8883957640663491,0.05351564124864207,0.2105425590959627
2015-04-27,unweighted,3636,0,,,,,,,
2015-04-27,1_over_t,3636,0,,,,,,,
2015-05-04,log_density,726,3629,2.26130277584738,2.2477094250670198,2.3448848695121285,0.9753951166642622,0.8871209683536998,0.05358965437354423,0.21071977177447754
2015-05-04,unweighted,3629,0,,,,,,,
2015-05-04,1_over_t,3629,0,,,,,,,
2015-05-11,log_density,725,3622,2.254682398584464,2.236315039315135,2.3532402566274584,0.9747494270215126,0.8858105462825736,0.053553927112755854,0.21090393857945677
2015-05-11,unweighted,3622,0,,,,,,,
2015-05-11,1_over_t,3622,0,,,,,,,
2015-05-18,log_density,723,3615,2.24645940327062,2.224727784511929,2.363039434518626,0.974638651103276,0.8844563178771692,0.05365600008926759,0.21109572904376142
2015-05-18,unweighted,3615,0,,,,,,,
2015-05-18,1_over_t,3615,0,,,,,,,
2015-05-25,log_density,722,3608,2.243282654806009,2.2127462623325704,2.3682287779760856,0.974539413856582,0.8830372631143016,0.053395573486382804,0.21129603657855728
2015-05-25,unweighted,3608,0,,,,,,,
2015-05-25,1_over_t,3608,0,,,,,,,
2015-06-01,log_density,721,3601,2.235006933801799,2.201426552026809,2.3780566609226312,0.9740295613015835,0.881666263753338,0.053471514542970444,0.2114895882571731
2015-06-01,unweighted,3601,0,,,,,,,
2015-06-01,1_over_t,3601,0,,,,,,,
2015-06-08,log_density,719,3594,2.2262492840474977,2.191077322697209,2.388135321214797,0.9739148172665143,0.880392738773691,0.05354987682413478,0.2116592649930525
2015-06-08,unweighted,3594,0,,,,,,,
2015-06-08,1_over_t,3594,0,,,,,,,
2015-06-15,log_density,718,3587,2.2224958228519256,2.181355219945649,2.394012847394265,0.973341708436781,0.8791947473294326,0.053355177567347825,0.2117978272742525
2015-06-15,unweighted,3587,0,,,,,,,
2015-06-15,1_over_t,3587,0,,,,,,,
2015-06-22,log_density,716,3580,2.2320205944002396,2.1729208283459527,2.3882326443352326,0.9734757877734469,0.8781949498307468,0.05252681152431136,0.2118511458214323
2015-06-22,unweighted,3580,0,,,,,,,
2015-06-22,1_over_t,3580,0,,,,,,,
2015-06-29,log_density,715,3573,2.222218064261142,2.1632521690157125,2.398799345743271,0.9734824457926756,0.8769749968178355,0.05249986432321084,0.21198944901696398
2015-06-29,unweighted,3573,0,,,,,,,
2015-06-29,1_over_t,3573,0,,,,,,,
2015-07-06,log_density,714,3566,2.215317099918252,2.1537148803689377,2.4073516447520973,0.9730089964611106,0.8757583702906154,0.052453722994195054,0.2121227251053601
2015-07-06,unweighted,3566,0,,,,,,,
2015-07-06,1_over_t,3566,0,,,,,,,
2015-07-13,log_density,712,3559,2.2123777904569124,2.143812096659472,2.413117611326669,0.9723310583093646,0.8744689618185952,0.052362742296571625,0.21227579583602396
2015-07-13,unweighted,3559,0,,,,,,,
2015-07-13,1_over_t,3559,0,,,,,,,
2015-07-20,log_density,711,3552,2.202100256258859,2.133926797042453,2.4239106351652993,0.9723736668088889,0.8731638140636333,0.05229817400906451,0.21242994864085224
2015-07-20,unweighted,3552,0,,,,,,,
2015-07-20,1_over_t,3552,0,,,,,,,
2015-07-27,log_density,709,3545,2.1949152731355355,2.123765420572723,2.432682228736496,0.9722866989456789,0.8717995232101039,0.0523171631067989,0.21259690117907698
2015-07-27,unweighted,3545,0,,,,,,,
2015-07-27,1_over_t,3545,0,,,,,,,
2015-08-03,log_density,708,3538,2.1841750444553156,2.1131403045523007,2.4444892940810874,0.9719901268564057,0.870351599829211,0.05250476307757048,0.21277914793738356
2015-08-03,unweighted,3538,0,,,,,,,
2015-08-03,1_over_t,3538,0,,,,,,,
2015-08-10,log_density,707,3531,2.1758428820956794,2.101431701325612,2.4543060750486703,0.9713502299497165,0.8687459061470024,0.05255180946001383,0.2129804501082497
2015-08-10,unweighted,3531,0,,,,,,,
2015-08-10,1_over_t,3531,0,,,,,,,
2015-08-17,log_density,705,3524,2.1665148621099775,2.0896077531825954,2.46462672373535,0.9711459769003773,0.8670998190455139,0.05261714038896835,0.21318497139099932
2015-08-17,unweighted,3524,0,,,,,,,
2015-08-17,1_over_t,3524,0,,,,,,,
2015-08-24,log_density,704,3517,2.158180692510072,2.0775307893440487,2.474421454977687,0.9705811708183795,0.8653970704288599,0.052647543232909134,0.21339242765361607
2015-08-24,unweighted,3517,0,,,,,,,
2015-08-24,1_over_t,3517,0,,,,,,,
2015-08-31,log_density,702,3510,2.144675578213665,2.065189351069804,2.4876261274253793,0.9703113410068627,0.8636369134495855,0.052717194644938556,0.2136005388660169
2015-08-31,unweighted,3510,0,,,,,,,
2015-08-31,1_over_t,3510,0,,,,,,,
2015-09-07,log_density,701,3503,2.135041211867744,2.0527977516417146,2.4980180862459846,0.9702149830517762,0.8618388262299554,0.05271577720878395,0.21381231129136802
2015-09-07,unweighted,3503,0,,,,,,,
2015-09-07,1_over_t,3503,0,,,,,,,
2015-09-14,log_density,700,3496,2.126620106136045,2.040629689888254,2.5077732060817652,0.9699543991330466,0.8600289465541437,0.052798502981221726,0.21403239086907944
2015-09-14,unweighted,3496,0,,,,,,,
2015-09-14,1_over_t,3496,0,,,,,,,
2015-09-21,log_density,698,3489,2.1181304054724563,2.028144334149037,2.5175400002553943,0.969817326629836,0.8581538506908379,0.05286537382743943,0.21425115491341137
2015-09-21,unweighted,3489,0,,,,,,,
2015-09-21,1_over_t,3489,0,,,,,,,
2015-09-28,log_density,697,3482,2.109514627106776,2.015320028120369,2.5273669114476007,0.9695650784207688,0.8562116511969396,0.052952970406841215,0.21446580116286146
2015-09-28,unweighted,3482,0,,,,,,,
2015-09-28,1_over_t,3482,0,,,,,,,
2015-10-05,log_density,695,3475,2.1009345954600462,2.0023638167631375,2.537162207913049,0.9694807533482191,0.8542196072541725,0.05301736850482004,0.21468138535297862
2015-10-05,unweighted,3475,0,,,,,,,
2015-10-05,1_over_t,3475,0,,,,,,,
2015-10-12,log_density,694,3468,2.0926209037145327,1.9893005952054765,2.5468114918156175,0.9692974494145902,0.8521785174569281,0.05311011437062145,0.21489860718174425
2015-10-12,unweighted,3468,0,,,,,,,
2015-10-12,1_over_t,3468,0,,,,,,,
2015-10-19,log_density,693,3461,2.084313518173431,1.976307891410879,2.5564488973304265,0.9690605017620173,0.8501018993051368,0.05321376599847996,0.21512416403287762
2015-10-19,unweighted,3461,0,,,,,,,
2015-10-19,1_over_t,3461,0,,,,,,,
2015-10-26,log_density,691,3454,2.075456334034129,1.9631350189621584,2.5663465693768046,0.9688040343594695,0.8479680094095062,0.0533041551244218,0.2153483178897911
2015-10-26,unweighted,3454,0,,,,,,,
2015-10-26,1_over_t,3454,0,,,,,,,
2015-11-02,log_density,690,3447,2.0645685683384727,1.9504443368144386,2.5777428400265023,0.9684158454618129,0.8458326920246191,0.05348087575357275,0.21559653821728003
2015-11-02,unweighted,3447,0,,,,,,,
2015-11-02,1_over_t,3447,0,,,,,,,
2015-11-09,log_density,688,3440,2.0584590694277125,1.937743762868155,2.5853936241367066,0.9681208162080689,0.8436540814916497,0.05328082296562442,0.21584982223226407
2015-11-09,unweighted,3440,0,,,,,,,
2015-11-09,1_over_t,3440,0,,,,,,,
2015-11-16,log_density,687,3433,2.049701556254803,1.9248132082505889,2.5952481517158645,0.9679457107442779,0.8414103890051587,0.05337949371603443,0.2161003541895152
2015-11-16,unweighted,3433,0,,,,,,,
2015-11-16,1_over_t,3433,0,,,,,,,
2015-11-23,log_density,686,3426,2.040233997941286,1.9120221945055411,2.605432642187992,0.9677019993566764,0.8391333193483813,0.05348394472503776,0.2163626716858727
2015-11-23,unweighted,3426,0,,,,,,,
2015-11-23,1_over_t,3426,0,,,,,,,
2015-11-30,log_density,684,3419,2.0283790809645126,1.8989641066185083,2.6169961423514607,0.9674263782081336,0.8367854785003226,0.053544313614294084,0.21661997893412208
2015-11-30,unweighted,3419,0,,,,,,,
2015-11-30,1_over_t,3419,0,,,,,,,
2015-12-07,log_density,683,3412,2.020151517200304,1.885907349266786,2.626288366350394,0.9673558408824089,0.8343888247081789,0.05355500553681109,0.2168838114432383
2015-12-07,unweighted,3412,0,,,,,,,
2015-12-07,1_over_t,3412,0,,,,,,,
2015-12-14,log_density,681,3405,2.01129997042014,1.872790140524837,2.63612903892961,0.9671390928348895,0.8319365700245441,0.05364174731408584,0.21715148109880836
2015-12-14,unweighted,3405,0,,,,,,,
2015-12-14,1_over_t,3405,0,,,,,,,
2015-12-21,log_density,680,3398,2.002443371542526,1.8595919766876683,2.645958597697927,0.966896709896756,0.8294255049532053,0.05372292126869497,0.21742193631388615
2015-12-21,unweighted,3398,0,,,,,,,
2015-12-21,1_over_t,3398,0,,,,,,,
2015-12-28,log_density,679,3391,1.9934464275849209,1.8472215396025617,2.655841308187874,0.9666382419812419,0.826945106358644,0.05379983751788224,0.21773300946543137
2015-12-28,unweighted,3391,0,,,,,,,
2015-12-28,1_over_t,3391,0,,,,,,,
2016-01-04,log_density,677,3384,1.9857232126951203,1.8356053881019674,2.664694951183037,0.9664910477070146,0.8245072799778103,0.05383479791997228,0.21807046431808852
2016-01-04,unweighted,3384,0,,,,,,,
2016-01-04,1_over_t,3384,0,,,,,,,
2016-01-11,log_density,676,3377,1.9758846040952562,1.823458545492319,2.6753503744861504,0.9660701281759686,0.8219640035639418,0.05403582398796862,0.2183943155777732
2016-01-11,unweighted,3377,0,,,,,,,
2016-01-11,1_over_t,3377,0,,,,,,,
2016-01-18,log_density,674,3370,1.9665815406675051,1.8098377208984695,2.6852886996334533,0.9658787785707089,0.8192132280785058,0.05408755950084548,0.2186624887291254
2016-01-18,unweighted,3370,0,,,,,,,
2016-01-18,1_over_t,3370,0,,,,,,,
2016-01-25,log_density,673,3363,1.9569918693574948,1.7968210441413452,2.6953392080172307,0.9656504884438297,0.816455643509922,0.05417907333925077,0.2189726615253758
2016-01-25,unweighted,3363,0,,,,,,,
2016-01-25,1_over_t,3363,0,,,,,,,
2016-02-01,log_density,672,3356,1.947695844179691,1.7836693894997933,2.7052438381714197,0.9652150098913502,0.8136261318017379,0.054291956103521076,0.2192832642685666
2016-02-01,unweighted,3356,0,,,,,,,
2016-02-01,1_over_t,3356,0,,,,,,,
2016-02-08,log_density,670,3349,1.9430513857982703,1.7711883255674006,2.7115353166392424,0.9650146701914539,0.810808169471837,0.053928973385159465,0.21963285510150837
2016-02-08,unweighted,3349,0,,,,,,,
2016-02-08,1_over_t,3349,0,,,,,,,
2016-02-15,log_density,669,3342,1.936245110554438,1.7584814160965807,2.7195820963618473,0.9649722172631846,0.807906966611672,0.053882712714773816,0.21997933019302732
2016-02-15,unweighted,3342,0,,,,,,,
2016-02-15,1_over_t,3342,0,,,,,,,
2016-02-22,log_density,667,3335,1.9284129878780334,1.7459036465647277,2.728404032078771,0.964665847281771,0.8049593355650841,0.05394569595145998,0.22033958398280987
2016-02-22,unweighted,3335,0,,,,,,,
2016-02-22,1_over_t,3335,0,,,,,,,
2016-02-29,log_density,666,3328,1.9153808778451094,1.7340586542522327,2.7410612202947107,0.9640659459908434,0.8020458331097865,0.05416122043997667,0.22073437902302703
2016-02-29,unweighted,3328,0,,,,,,,
2016-02-29,1_over_t,3328,0,,,,,,,
2016-03-07,log_density,665,3321,1.9055578501448451,1.7226943252910525,2.7511414675763035,0.9634601502601271,0.79914690983854,0.0542979396193281,0.221148298769179
2016-03-07,unweighted,3321,0,,,,,,,
2016-03-07,1_over_t,3321,0,,,,,,,
2016-03-14,log_density,663,3314,1.8971308678283378,1.710719235695482,2.7601918111345327,0.9631766804935699,0.7961012715416459,0.05433105509879856,0.22155235849691282
2016-03-14,unweighted,3314,0,,,,,,,
2016-03-14,1_over_t,3314,0,,,,,,,
2016-03-21,log_density,662,3307,1.8895321040963893,1.6977459042493672,2.7688413357911656,0.9628929664082366,0.7928757799516766,0.054395383609553906,0.22191381375609856
2016-03-21,unweighted,3307,0,,,,,,,
2016-03-21,1_over_t,3307,0,,,,,,,
2016-03-28,log_density,660,3300,1.8823393734235196,1.6836025039406644,2.777148574280062,0.962736255314391,0.789458400922378,0.05440620401644563,0.22221125057556385
2016-03-28,unweighted,3300,0,,,,,,,
2016-03-28,1_over_t,3300,0,,,,,,,
2016-04-04,log_density,659,3293,1.8745926193873856,1.6698602871268848,2.7857648113407265,0.9622791118084071,0.785995550765614,0.05448483311349321,0.2225492497445911
2016-04-04,unweighted,3293,0,,,,,,,
2016-04-04,1_over_t,3293,0,,,,,,,
2016-04-11,log_density,658,3286,1.8661999577120696,1.6567384118782174,2.7947465150395203,0.9618367477207769,0.7825194287558512,0.05454626101251249,0.22293736500275566
2016-04-11,unweighted,3286,0,,,,,,,
2016-04-11,1_over_t,3286,0,,,,,,,
2016-04-18,log_density,656,3279,1.8571482662008947,1.6434629283497226,2.8041472072216536,0.9612211226911213,0.7789493879337868,0.05468042020351411,0.22332540796013686
2016-04-18,unweighted,3279,0,,,,,,,
2016-04-18,1_over_t,3279,0,,,,,,,
2016-04-25,log_density,655,3272,1.848632239295199,1.6303485225397818,2.8134135732373693,0.960808341212568,0.7753190043096538,0.05478513100483027,0.22373309608212952
2016-04-25,unweighted,3272,0,,,,,,,
2016-04-25,1_over_t,3272,0,,,,,,,
2016-05-02,log_density,653,3265,1.8372801179924636,1.6177860325439042,2.8241460424944336,0.9604118242506351,0.7716825055108666,0.054843138619069455,0.22418013089019423
2016-05-02,unweighted,3265,0,,,,,,,
2016-05-02,1_over_t,3265,0,,,,,,,
2016-05-09,log_density,652,3258,1.8264111057778223,1.6064255625615076,2.834519979635772,0.959959871891418,0.7681639900097094,0.0548723964121048,0.22468180174904834
2016-05-09,unweighted,3258,0,,,,,,,
2016-05-09,1_over_t,3258,0,,,,,,,
2016-05-16,log_density,651,3251,1.8169706658910343,1.5959406535898946,2.8442666358490385,0.9593654068546706,0.7647477447589305,0.054998402952037416,0.22520887149738092
2016-05-16,unweighted,3251,0,,,,,,,
2016-05-16,1_over_t,3251,0,,,,,,,
2016-05-23,log_density,649,3244,1.8052139787804435,1.5864295701019662,2.8552062129514297,0.9589243403786977,0.7614947300230519,0.05500576415784317,0.2257426053132363
2016-05-23,unweighted,3244,0,,,,,,,
2016-05-23,1_over_t,3244,0,,,,,,,
2016-05-30,log_density,648,3237,1.792070535182404,1.5781787643299428,2.8681423554345713,0.9581194107230987,0.7585208538276055,0.05533221556084584,0.22625843054523018
2016-05-30,unweighted,3237,0,,,,,,,
2016-05-30,1_over_t,3237,0,,,,,,,
2016-06-06,log_density,646,3230,1.7841240249505859,1.570542005656257,2.876643096254071,0.9579074772952596,0.7556812536019948,0.05530200891790084,0.22675953406280236
2016-06-06,unweighted,3230,0,,,,,,,
2016-06-06,1_over_t,3230,0,,,,,,,
2016-06-13,log_density,645,3223,1.7774623076079479,1.5639114783965398,2.884347856745478,0.9578578637619469,0.753120785707542,0.05524318476592938,0.22721789149381416
2016-06-13,unweighted,3223,0,,,,,,,
2016-06-13,1_over_t,3223,0,,,,,,,
2016-06-20,log_density,644,3216,1.770181362410689,1.5562393105304397,2.892567821384013,0.9577587054222503,0.7501914899383983,0.055222676789136636,0.22773348796280554
2016-06-20,unweighted,3216,0,,,,,,,
2016-06-20,1_over_t,3216,0,,,,,,,
2016-06-27,log_density,642,3209,1.7593092805719763,1.5485869353984383,2.9027743646777644,0.9575807837724581,0.7472286351351426,0.05515875897397163,0.2282534588658107
2016-06-27,unweighted,3209,0,,,,,,,
2016-06-27,1_over_t,3209,0,,,,,,,
2016-07-04,log_density,641,3202,1.7492260300224416,1.5404565242637391,2.91265489408336,0.9575650170159895,0.7440744810997548,0.05510955796648473,0.22879857593205288
2016-07-04,unweighted,3202,0,,,,,,,
2016-07-04,1_over_t,3202,0,,,,,,,
2016-07-11,log_density,639,3195,1.7391214176693595,1.5321329915821464,2.9225002270339573,0.9572978198145614,0.7408176322665819,0.05509781628326816,0.2293551838722471
2016-07-11,unweighted,3195,0,,,,,,,
2016-07-11,1_over_t,3195,0,,,,,,,
2016-07-18,log_density,638,3188,1.728718360389614,1.5222343183685163,2.9324496711811605,0.9570863484574176,0.7370856793661236,0.055076835837979225,0.2299341435208571
2016-07-18,unweighted,3188,0,,,,,,,
2016-07-18,1_over_t,3188,0,,,,,,,
2016-07-25,log_density,637,3181,1.7191375167820837,1.5139366877391687,2.94206095284472,0.9570169606355483,0.7337311826688058,0.055061459860156335,0.2305053700849242
2016-07-25,unweighted,3181,0,,,,,,,
2016-07-25,1_over_t,3181,0,,,,,,,
2016-08-01,log_density,635,3174,1.7104568019612998,1.5056418585847546,2.9510868285566545,0.9566984131253221,0.7303233823959163,0.05512473662750776,0.2310863425937519
2016-08-01,unweighted,3174,0,,,,,,,
2016-08-01,1_over_t,3174,0,,,,,,,
2016-08-08,log_density,634,3167,1.7033614621797426,1.4984380577772458,2.959043419599155,0.9567435640802777,0.7272282972761747,0.055040040579285625,0.23163146182443853
2016-08-08,unweighted,3167,0,,,,,,,
2016-08-08,1_over_t,3167,0,,,,,,,
2016-08-15,log_density,632,3160,1.695589921974829,1.4932259303820377,2.967343578031887,0.9567571990103152,0.7248389581495229,0.05497187679272877,0.2320586009649131
2016-08-15,unweighted,3160,0,,,,,,,
2016-08-15,1_over_t,3160,0,,,,,,,
2016-08-22,log_density,631,3153,1.6884870323824543,1.4888888515330656,2.9752806676066825,0.956662633288043,0.7227814447907746,0.05493660747182947,0.23241992166443934
2016-08-22,unweighted,3153,0,,,,,,,
2016-08-22,1_over_t,3153,0,,,,,,,
2016-08-29,log_density,630,3146,1.6802004724225696,1.4848429294812937,2.983821906112823,0.9566163701343715,0.7208293265199777,0.05486891317815171,0.23275853581609462
2016-08-29,unweighted,3146,0,,,,,,,
2016-08-29,1_over_t,3146,0,,,,,,,
2016-09-05,log_density,628,3139,1.670471061549847,1.4813273470726582,2.9931975146455194,0.9567643123934155,0.7190999694840409,0.05474779427422305,0.23304551458481224
2016-09-05,unweighted,3139,0,,,,,,,
2016-09-05,1_over_t,3139,0,,,,,,,
2016-09-12,log_density,627,3132,1.6636173116475277,1.477289150174265,3.000858529443292,0.95710478854676,0.7171161831284916,0.054561961680870755,0.23339109480324022
2016-09-12,unweighted,3132,0,,,,,,,
2016-09-12,1_over_t,3132,0,,,,,,,
2016-09-19,log_density,625,3125,1.6576473525061814,1.4715652642373986,3.007779961579587,0.9572572179539091,0.7143996086079404,0.054407994704910916,0.23388256323979234
2016-09-19,unweighted,3125,0,,,,,,,
2016-09-19,1_over_t,3125,0,,,,,,,
2016-09-26,log_density,624,3118,1.6485715610296552,1.4657575996660699,3.017050591974183,0.9570688438463566,0.711614708170635,0.0544295074306808,0.23438769636325185
2016-09-26,unweighted,3118,0,,,,,,,
2016-09-26,1_over_t,3118,0,,,,,,,
2016-10-03,log_density,623,3111,1.6393179257507597,1.460931965856476,3.0260026025806326,0.9573660921861579,0.7092033746402864,0.05427838713095113,0.23482583224528292
2016-10-03,unweighted,3111,0,,,,,,,
2016-10-03,1_over_t,3111,0,,,,,,,
2016-10-10,log_density,621,3104,1.6326675350800883,1.4564687609903773,3.0334772464763944,0.9577268916989773,0.7069253854193739,0.05412784424024049,0.23523779685618812
2016-10-10,unweighted,3104,0,,,,,,,
2016-10-10,1_over_t,3104,0,,,,,,,
2016-10-17,log_density,620,3097,1.6260262187850287,1.4539315327202964,3.040934363164041,0.9580255212075077,0.705537551955228,0.05397862030754651,0.2354498784181923
2016-10-17,unweighted,3097,0,,,,,,,
2016-10-17,1_over_t,3097,0,,,,,,,
2016-10-24,log_density,618,3090,1.6160641230211468,1.4519483138746314,3.0502235364669303,0.958121288772393,0.7044165028236842,0.053857053817169896,0.23559772588711553
2016-10-24,unweighted,3090,0,,,,,,,
2016-10-24,1_over_t,3090,0,,,,,,,
2016-10-31,log_density,617,3083,1.6075639427207875,1.4500887593240726,3.058680083102786,0.9587758813928741,0.7033495673201009,0.053617872041677644,0.23573280822342801
2016-10-31,unweighted,3083,0,,,,,,,
2016-10-31,1_over_t,3083,0,,,,,,,
2016-11-07,log_density,616,3076,1.5994042145033802,1.450131948383467,3.067213012599346,0.9593260483006052,0.7033262257374768,0.05339065182654433,0.2355863801956355
2016-11-07,unweighted,3076,0,,,,,,,
2016-11-07,1_over_t,3076,0,,,,,,,
2016-11-14,log_density,614,3069,1.5994016212308395,1.4495705350196693,3.0706953795803003,0.959682616254187,0.7029596096428163,0.05324097508139272,0.23553491231458681
2016-11-14,unweighted,3069,0,,,,,,,
2016-11-14,1_over_t,3069,0,,,,,,,
2016-11-21,log_density,613,3062,1.594592277894975,1.4503832270304258,3.077203106731389,0.9610645861483316,0.70338654110641,0.052774877678905534,0.23525852889603904
2016-11-21,unweighted,3062,0,,,,,,,
2016-11-21,1_over_t,3062,0,,,,,,,
2016-11-28,log_density,611,3055,1.5955570711411795,1.4524688518676163,3.0792808461066628,0.9624590087329173,0.7046122066331926,0.05224091202234283,0.2347372516292391
2016-11-28,unweighted,3055,0,,,,,,,
2016-11-28,1_over_t,3055,0,,,,,,,
2016-12-05,log_density,610,3048,1.5870495723346494,1.4568194282665015,3.088087856177893,0.9627762045856861,0.7073659420661067,0.05216079402989922,0.23371619905724184
2016-12-05,unweighted,3048,0,,,,,,,
2016-12-05,1_over_t,3048,0,,,,,,,
2016-12-12,log_density,609,3041,1.5851331048518915,1.4647790735018082,3.0925201398206,0.9639526787576663,0.7128813693411828,0.051780846309662926,0.23169922356286737
2016-12-12,unweighted,3041,0,,,,,,,
2016-12-12,1_over_t,3041,0,,,,,,,
2016-12-19,log_density,607,3034,1.5784623954603632,1.4745767022585952,3.1000061788443247,0.964849652934849,0.7199464839987031,0.051426717144872125,0.22906290939748186
2016-12-19,unweighted,3034,0,,,,,,,
2016-12-19,1_over_t,3034,0,,,,,,,
2016-12-26,log_density,606,3027,1.5814189655015127,1.4826723169226044,3.1027501229628243,0.966335474687741,0.725599173924064,0.051298515088423514,0.2269300555775717
2016-12-26,unweighted,3027,0,,,,,,,
2016-12-26,1_over_t,3027,0,,,,,,,
